bank,init,regimen,seed,scope,parent,n_quartets,J3_count,J3_denominator,J3,J3_source_field,J4,atomic_correct_n,atomic_denominator,atomic_accuracy,atomic_source_field,AB_correct_n,AB_denominator,AB_accuracy,AB_source_field,full_repair,migration,baseline111_regression,paper_CCM,source_file
canonical224_159,pretrained,static,803,parent,3,1,1,1,1.0,predictions.npz logits/labels disaggregated; sums locked to result.json J,missing,1,1,1.0,atomic_joint,1,1,1.0,AB,missing,missing,missing,missing,artifacts/e1a933_review/vision_gpu_interpretation/cuda_matrix/pretrained_static_s803/predictions.npz
canonical224_159,pretrained,static,803,parent,21,3,1,3,0.3333333333333333,predictions.npz logits/labels disaggregated; sums locked to result.json J,missing,1,3,0.3333333333333333,atomic_joint,3,3,1.0,AB,missing,missing,missing,missing,artifacts/e1a933_review/vision_gpu_interpretation/cuda_matrix/pretrained_static_s803/predictions.npz
canonical224_159,pretrained,static,803,parent,32,4,4,4,1.0,predictions.npz logits/labels disaggregated; sums locked to result.json J,missing,4,4,1.0,atomic_joint,4,4,1.0,AB,missing,missing,missing,missing,artifacts/e1a933_review/vision_gpu_interpretation/cuda_matrix/pretrained_static_s803/predictions.npz
canonical224_159,pretrained,static,803,parent,37,4,2,4,0.5,predictions.npz logits/labels disaggregated; sums locked to result.json J,missing,2,4,0.5,atomic_joint,4,4,1.0,AB,missing,missing,missing,missing,artifacts/e1a933_review/vision_gpu_interpretation/cuda_matrix/pretrained_static_s803/predictions.npz
canonical224_159,pretrained,static,803,parent,45,3,0,3,0.0,predictions.npz logits/labels disaggregated; sums locked to result.json J,missing,0,3,0.0,atomic_joint,3,3,1.0,AB,missing,missing,missing,missing,artifacts/e1a933_review/vision_gpu_interpretation/cuda_matrix/pretrained_static_s803/predictions.npz
canonical224_159,pretrained,static,803,parent,63,1,0,1,0.0,predictions.npz logits/labels disaggregated; sums locked to result.json J,missing,0,1,0.0,atomic_joint,1,1,1.0,AB,missing,missing,missing,missing,artifacts/e1a933_review/vision_gpu_interpretation/cuda_matrix/pretrained_static_s803/predictions.npz
canonical224_159,pretrained,static,803,parent,64,4,0,4,0.0,predictions.npz logits/labels disaggregated; sums locked to result.json J,missing,0,4,0.0,atomic_joint,4,4,1.0,AB,missing,missing,missing,missing,artifacts/e1a933_review/vision_gpu_interpretation/cuda_matrix/pretrained_static_s803/predictions.npz
canonical224_159,pretrained,static,803,parent,72,4,3,4,0.75,predictions.npz logits/labels disaggregated; sums locked to result.json J,missing,4,4,1.0,atomic_joint,3,4,0.75,AB,missing,missing,missing,missing,artifacts/e1a933_review/vision_gpu_interpretation/cuda_matrix/pretrained_static_s803/predictions.npz
canonical224_159,pretrained,static,803,parent,86,1,1,1,1.0,predictions.npz logits/labels disaggregated; sums locked to result.json J,missing,1,1,1.0,atomic_joint,1,1,1.0,AB,missing,missing,missing,missing,artifacts/e1a933_review/vision_gpu_interpretation/cuda_matrix/pretrained_static_s803/predictions.npz
canonical224_159,pretrained,static,803,parent,92,1,0,1,0.0,predictions.npz logits/labels disaggregated; sums locked to result.json J,missing,0,1,0.0,atomic_joint,1,1,1.0,AB,missing,missing,missing,missing,artifacts/e1a933_review/vision_gpu_interpretation/cuda_matrix/pretrained_static_s803/predictions.npz
canonical224_159,pretrained,static,803,parent,94,2,0,2,0.0,predictions.npz logits/labels disaggregated; sums locked to result.json J,missing,2,2,1.0,atomic_joint,0,2,0.0,AB,missing,missing,missing,missing,artifacts/e1a933_review/vision_gpu_interpretation/cuda_matrix/pretrained_static_s803/predictions.npz
canonical224_159,pretrained,static,803,parent,105,1,0,1,0.0,predictions.npz logits/labels disaggregated; sums locked to result.json J,missing,0,1,0.0,atomic_joint,1,1,1.0,AB,missing,missing,missing,missing,artifacts/e1a933_review/vision_gpu_interpretation/cuda_matrix/pretrained_static_s803/predictions.npz
canonical224_159,pretrained,static,803,parent,107,3,2,3,0.6666666666666666,predictions.npz logits/labels disaggregated; sums locked to result.json J,missing,3,3,1.0,atomic_joint,2,3,0.6666666666666666,AB,missing,missing,missing,missing,artifacts/e1a933_review/vision_gpu_interpretation/cuda_matrix/pretrained_static_s803/predictions.npz
canonical224_159,pretrained,static,803,parent,114,1,0,1,0.0,predictions.npz logits/labels disaggregated; sums locked to result.json J,missing,0,1,0.0,atomic_joint,1,1,1.0,AB,missing,missing,missing,missing,artifacts/e1a933_review/vision_gpu_interpretation/cuda_matrix/pretrained_static_s803/predictions.npz
canonical224_159,pretrained,static,803,parent,128,1,0,1,0.0,predictions.npz logits/labels disaggregated; sums locked to result.json J,missing,0,1,0.0,atomic_joint,1,1,1.0,AB,missing,missing,missing,missing,artifacts/e1a933_review/vision_gpu_interpretation/cuda_matrix/pretrained_static_s803/predictions.npz
canonical224_159,pretrained,static,803,parent,140,4,0,4,0.0,predictions.npz logits/labels disaggregated; sums locked to result.json J,missing,0,4,0.0,atomic_joint,4,4,1.0,AB,missing,missing,missing,missing,artifacts/e1a933_review/vision_gpu_interpretation/cuda_matrix/pretrained_static_s803/predictions.npz
canonical224_159,pretrained,static,803,parent,146,2,2,2,1.0,predictions.npz logits/labels disaggregated; sums locked to result.json J,missing,2,2,1.0,atomic_joint,2,2,1.0,AB,missing,missing,missing,missing,artifacts/e1a933_review/vision_gpu_interpretation/cuda_matrix/pretrained_static_s803/predictions.npz
canonical224_159,pretrained,static,803,parent,165,2,0,2,0.0,predictions.npz logits/labels disaggregated; sums locked to result.json J,missing,2,2,1.0,atomic_joint,0,2,0.0,AB,missing,missing,missing,missing,artifacts/e1a933_review/vision_gpu_interpretation/cuda_matrix/pretrained_static_s803/predictions.npz
canonical224_159,pretrained,static,803,parent,181,3,3,3,1.0,predictions.npz logits/labels disaggregated; sums locked to result.json J,missing,3,3,1.0,atomic_joint,3,3,1.0,AB,missing,missing,missing,missing,artifacts/e1a933_review/vision_gpu_interpretation/cuda_matrix/pretrained_static_s803/predictions.npz
canonical224_159,pretrained,static,803,parent,183,1,0,1,0.0,predictions.npz logits/labels disaggregated; sums locked to result.json J,missing,1,1,1.0,atomic_joint,0,1,0.0,AB,missing,missing,missing,missing,artifacts/e1a933_review/vision_gpu_interpretation/cuda_matrix/pretrained_static_s803/predictions.npz
canonical224_159,pretrained,static,803,parent,185,2,1,2,0.5,predictions.npz logits/labels disaggregated; sums locked to result.json J,missing,2,2,1.0,atomic_joint,1,2,0.5,AB,missing,missing,missing,missing,artifacts/e1a933_review/vision_gpu_interpretation/cuda_matrix/pretrained_static_s803/predictions.npz
canonical224_159,pretrained,static,803,parent,203,2,1,2,0.5,predictions.npz logits/labels disaggregated; sums locked to result.json J,missing,2,2,1.0,atomic_joint,1,2,0.5,AB,missing,missing,missing,missing,artifacts/e1a933_review/vision_gpu_interpretation/cuda_matrix/pretrained_static_s803/predictions.npz
canonical224_159,pretrained,static,803,parent,209,1,1,1,1.0,predictions.npz logits/labels disaggregated; sums locked to result.json J,missing,1,1,1.0,atomic_joint,1,1,1.0,AB,missing,missing,missing,missing,artifacts/e1a933_review/vision_gpu_interpretation/cuda_matrix/pretrained_static_s803/predictions.npz
canonical224_159,pretrained,static,803,parent,211,1,1,1,1.0,predictions.npz logits/labels disaggregated; sums locked to result.json J,missing,1,1,1.0,atomic_joint,1,1,1.0,AB,missing,missing,missing,missing,artifacts/e1a933_review/vision_gpu_interpretation/cuda_matrix/pretrained_static_s803/predictions.npz
canonical224_159,pretrained,static,803,parent,215,3,1,3,0.3333333333333333,predictions.npz logits/labels disaggregated; sums locked to result.json J,missing,3,3,1.0,atomic_joint,1,3,0.3333333333333333,AB,missing,missing,missing,missing,artifacts/e1a933_review/vision_gpu_interpretation/cuda_matrix/pretrained_static_s803/predictions.npz
canonical224_159,pretrained,static,803,parent,216,4,0,4,0.0,predictions.npz logits/labels disaggregated; sums locked to result.json J,missing,4,4,1.0,atomic_joint,0,4,0.0,AB,missing,missing,missing,missing,artifacts/e1a933_review/vision_gpu_interpretation/cuda_matrix/pretrained_static_s803/predictions.npz
canonical224_159,pretrained,static,803,parent,228,4,3,4,0.75,predictions.npz logits/labels disaggregated; sums locked to result.json J,missing,4,4,1.0,atomic_joint,3,4,0.75,AB,missing,missing,missing,missing,artifacts/e1a933_review/vision_gpu_interpretation/cuda_matrix/pretrained_static_s803/predictions.npz
canonical224_159,pretrained,static,803,parent,239,3,0,3,0.0,predictions.npz logits/labels disaggregated; sums locked to result.json J,missing,0,3,0.0,atomic_joint,3,3,1.0,AB,missing,missing,missing,missing,artifacts/e1a933_review/vision_gpu_interpretation/cuda_matrix/pretrained_static_s803/predictions.npz
canonical224_159,pretrained,static,803,parent,245,1,0,1,0.0,predictions.npz logits/labels disaggregated; sums locked to result.json J,missing,0,1,0.0,atomic_joint,1,1,1.0,AB,missing,missing,missing,missing,artifacts/e1a933_review/vision_gpu_interpretation/cuda_matrix/pretrained_static_s803/predictions.npz
canonical224_159,pretrained,static,803,parent,252,1,1,1,1.0,predictions.npz logits/labels disaggregated; sums locked to result.json J,missing,1,1,1.0,atomic_joint,1,1,1.0,AB,missing,missing,missing,missing,artifacts/e1a933_review/vision_gpu_interpretation/cuda_matrix/pretrained_static_s803/predictions.npz
canonical224_159,pretrained,static,803,parent,272,1,0,1,0.0,predictions.npz logits/labels disaggregated; sums locked to result.json J,missing,0,1,0.0,atomic_joint,1,1,1.0,AB,missing,missing,missing,missing,artifacts/e1a933_review/vision_gpu_interpretation/cuda_matrix/pretrained_static_s803/predictions.npz
canonical224_159,pretrained,static,803,parent,290,1,1,1,1.0,predictions.npz logits/labels disaggregated; sums locked to result.json J,missing,1,1,1.0,atomic_joint,1,1,1.0,AB,missing,missing,missing,missing,artifacts/e1a933_review/vision_gpu_interpretation/cuda_matrix/pretrained_static_s803/predictions.npz
canonical224_159,pretrained,static,803,parent,300,2,1,2,0.5,predictions.npz logits/labels disaggregated; sums locked to result.json J,missing,2,2,1.0,atomic_joint,1,2,0.5,AB,missing,missing,missing,missing,artifacts/e1a933_review/vision_gpu_interpretation/cuda_matrix/pretrained_static_s803/predictions.npz
canonical224_159,pretrained,static,803,parent,303,1,1,1,1.0,predictions.npz logits/labels disaggregated; sums locked to result.json J,missing,1,1,1.0,atomic_joint,1,1,1.0,AB,missing,missing,missing,missing,artifacts/e1a933_review/vision_gpu_interpretation/cuda_matrix/pretrained_static_s803/predictions.npz
canonical224_159,pretrained,static,803,parent,310,2,2,2,1.0,predictions.npz logits/labels disaggregated; sums locked to result.json J,missing,2,2,1.0,atomic_joint,2,2,1.0,AB,missing,missing,missing,missing,artifacts/e1a933_review/vision_gpu_interpretation/cuda_matrix/pretrained_static_s803/predictions.npz
canonical224_159,pretrained,static,803,parent,314,1,1,1,1.0,predictions.npz logits/labels disaggregated; sums locked to result.json J,missing,1,1,1.0,atomic_joint,1,1,1.0,AB,missing,missing,missing,missing,artifacts/e1a933_review/vision_gpu_interpretation/cuda_matrix/pretrained_static_s803/predictions.npz
canonical224_159,pretrained,static,803,parent,317,1,1,1,1.0,predictions.npz logits/labels disaggregated; sums locked to result.json J,missing,1,1,1.0,atomic_joint,1,1,1.0,AB,missing,missing,missing,missing,artifacts/e1a933_review/vision_gpu_interpretation/cuda_matrix/pretrained_static_s803/predictions.npz
canonical224_159,pretrained,static,803,parent,321,2,2,2,1.0,predictions.npz logits/labels disaggregated; sums locked to result.json J,missing,2,2,1.0,atomic_joint,2,2,1.0,AB,missing,missing,missing,missing,artifacts/e1a933_review/vision_gpu_interpretation/cuda_matrix/pretrained_static_s803/predictions.npz
canonical224_159,pretrained,static,803,parent,325,1,0,1,0.0,predictions.npz logits/labels disaggregated; sums locked to result.json J,missing,1,1,1.0,atomic_joint,0,1,0.0,AB,missing,missing,missing,missing,artifacts/e1a933_review/vision_gpu_interpretation/cuda_matrix/pretrained_static_s803/predictions.npz
canonical224_159,pretrained,static,803,parent,329,1,1,1,1.0,predictions.npz logits/labels disaggregated; sums locked to result.json J,missing,1,1,1.0,atomic_joint,1,1,1.0,AB,missing,missing,missing,missing,artifacts/e1a933_review/vision_gpu_interpretation/cuda_matrix/pretrained_static_s803/predictions.npz
canonical224_159,pretrained,static,803,parent,336,4,4,4,1.0,predictions.npz logits/labels disaggregated; sums locked to result.json J,missing,4,4,1.0,atomic_joint,4,4,1.0,AB,missing,missing,missing,missing,artifacts/e1a933_review/vision_gpu_interpretation/cuda_matrix/pretrained_static_s803/predictions.npz
canonical224_159,pretrained,static,803,parent,345,3,0,3,0.0,predictions.npz logits/labels disaggregated; sums locked to result.json J,missing,3,3,1.0,atomic_joint,0,3,0.0,AB,missing,missing,missing,missing,artifacts/e1a933_review/vision_gpu_interpretation/cuda_matrix/pretrained_static_s803/predictions.npz
canonical224_159,pretrained,static,803,parent,350,1,1,1,1.0,predictions.npz logits/labels disaggregated; sums locked to result.json J,missing,1,1,1.0,atomic_joint,1,1,1.0,AB,missing,missing,missing,missing,artifacts/e1a933_review/vision_gpu_interpretation/cuda_matrix/pretrained_static_s803/predictions.npz
canonical224_159,pretrained,static,803,parent,353,2,1,2,0.5,predictions.npz logits/labels disaggregated; sums locked to result.json J,missing,2,2,1.0,atomic_joint,1,2,0.5,AB,missing,missing,missing,missing,artifacts/e1a933_review/vision_gpu_interpretation/cuda_matrix/pretrained_static_s803/predictions.npz
canonical224_159,pretrained,static,803,parent,356,1,0,1,0.0,predictions.npz logits/labels disaggregated; sums locked to result.json J,missing,1,1,1.0,atomic_joint,0,1,0.0,AB,missing,missing,missing,missing,artifacts/e1a933_review/vision_gpu_interpretation/cuda_matrix/pretrained_static_s803/predictions.npz
canonical224_159,pretrained,static,803,parent,363,1,1,1,1.0,predictions.npz logits/labels disaggregated; sums locked to result.json J,missing,1,1,1.0,atomic_joint,1,1,1.0,AB,missing,missing,missing,missing,artifacts/e1a933_review/vision_gpu_interpretation/cuda_matrix/pretrained_static_s803/predictions.npz
canonical224_159,pretrained,static,803,parent,364,2,2,2,1.0,predictions.npz logits/labels disaggregated; sums locked to result.json J,missing,2,2,1.0,atomic_joint,2,2,1.0,AB,missing,missing,missing,missing,artifacts/e1a933_review/vision_gpu_interpretation/cuda_matrix/pretrained_static_s803/predictions.npz
canonical224_159,pretrained,static,803,parent,369,4,4,4,1.0,predictions.npz logits/labels disaggregated; sums locked to result.json J,missing,4,4,1.0,atomic_joint,4,4,1.0,AB,missing,missing,missing,missing,artifacts/e1a933_review/vision_gpu_interpretation/cuda_matrix/pretrained_static_s803/predictions.npz
canonical224_159,pretrained,static,803,parent,371,1,1,1,1.0,predictions.npz logits/labels disaggregated; sums locked to result.json J,missing,1,1,1.0,atomic_joint,1,1,1.0,AB,missing,missing,missing,missing,artifacts/e1a933_review/vision_gpu_interpretation/cuda_matrix/pretrained_static_s803/predictions.npz
canonical224_159,pretrained,static,803,parent,377,1,0,1,0.0,predictions.npz logits/labels disaggregated; sums locked to result.json J,missing,1,1,1.0,atomic_joint,0,1,0.0,AB,missing,missing,missing,missing,artifacts/e1a933_review/vision_gpu_interpretation/cuda_matrix/pretrained_static_s803/predictions.npz
canonical224_159,pretrained,static,803,parent,378,3,1,3,0.3333333333333333,predictions.npz logits/labels disaggregated; sums locked to result.json J,missing,2,3,0.6666666666666666,atomic_joint,2,3,0.6666666666666666,AB,missing,missing,missing,missing,artifacts/e1a933_review/vision_gpu_interpretation/cuda_matrix/pretrained_static_s803/predictions.npz
canonical224_159,pretrained,static,803,parent,382,2,0,2,0.0,predictions.npz logits/labels disaggregated; sums locked to result.json J,missing,0,2,0.0,atomic_joint,2,2,1.0,AB,missing,missing,missing,missing,artifacts/e1a933_review/vision_gpu_interpretation/cuda_matrix/pretrained_static_s803/predictions.npz
canonical224_159,pretrained,static,803,parent,384,4,2,4,0.5,predictions.npz logits/labels disaggregated; sums locked to result.json J,missing,4,4,1.0,atomic_joint,2,4,0.5,AB,missing,missing,missing,missing,artifacts/e1a933_review/vision_gpu_interpretation/cuda_matrix/pretrained_static_s803/predictions.npz
canonical224_159,pretrained,static,803,parent,392,2,2,2,1.0,predictions.npz logits/labels disaggregated; sums locked to result.json J,missing,2,2,1.0,atomic_joint,2,2,1.0,AB,missing,missing,missing,missing,artifacts/e1a933_review/vision_gpu_interpretation/cuda_matrix/pretrained_static_s803/predictions.npz
canonical224_159,pretrained,static,803,parent,396,3,0,3,0.0,predictions.npz logits/labels disaggregated; sums locked to result.json J,missing,3,3,1.0,atomic_joint,0,3,0.0,AB,missing,missing,missing,missing,artifacts/e1a933_review/vision_gpu_interpretation/cuda_matrix/pretrained_static_s803/predictions.npz
canonical224_159,pretrained,static,803,parent,400,1,1,1,1.0,predictions.npz logits/labels disaggregated; sums locked to result.json J,missing,1,1,1.0,atomic_joint,1,1,1.0,AB,missing,missing,missing,missing,artifacts/e1a933_review/vision_gpu_interpretation/cuda_matrix/pretrained_static_s803/predictions.npz
canonical224_159,pretrained,static,803,parent,401,4,2,4,0.5,predictions.npz logits/labels disaggregated; sums locked to result.json J,missing,2,4,0.5,atomic_joint,4,4,1.0,AB,missing,missing,missing,missing,artifacts/e1a933_review/vision_gpu_interpretation/cuda_matrix/pretrained_static_s803/predictions.npz
canonical224_159,pretrained,static,803,parent,413,1,0,1,0.0,predictions.npz logits/labels disaggregated; sums locked to result.json J,missing,0,1,0.0,atomic_joint,1,1,1.0,AB,missing,missing,missing,missing,artifacts/e1a933_review/vision_gpu_interpretation/cuda_matrix/pretrained_static_s803/predictions.npz
canonical224_159,pretrained,static,803,parent,414,3,3,3,1.0,predictions.npz logits/labels disaggregated; sums locked to result.json J,missing,3,3,1.0,atomic_joint,3,3,1.0,AB,missing,missing,missing,missing,artifacts/e1a933_review/vision_gpu_interpretation/cuda_matrix/pretrained_static_s803/predictions.npz
canonical224_159,pretrained,static,803,parent,417,2,2,2,1.0,predictions.npz logits/labels disaggregated; sums locked to result.json J,missing,2,2,1.0,atomic_joint,2,2,1.0,AB,missing,missing,missing,missing,artifacts/e1a933_review/vision_gpu_interpretation/cuda_matrix/pretrained_static_s803/predictions.npz
canonical224_159,pretrained,static,803,parent,418,2,0,2,0.0,predictions.npz logits/labels disaggregated; sums locked to result.json J,missing,2,2,1.0,atomic_joint,0,2,0.0,AB,missing,missing,missing,missing,artifacts/e1a933_review/vision_gpu_interpretation/cuda_matrix/pretrained_static_s803/predictions.npz
canonical224_159,pretrained,static,803,parent,421,1,1,1,1.0,predictions.npz logits/labels disaggregated; sums locked to result.json J,missing,1,1,1.0,atomic_joint,1,1,1.0,AB,missing,missing,missing,missing,artifacts/e1a933_review/vision_gpu_interpretation/cuda_matrix/pretrained_static_s803/predictions.npz
canonical224_159,pretrained,static,803,parent,424,4,4,4,1.0,predictions.npz logits/labels disaggregated; sums locked to result.json J,missing,4,4,1.0,atomic_joint,4,4,1.0,AB,missing,missing,missing,missing,artifacts/e1a933_review/vision_gpu_interpretation/cuda_matrix/pretrained_static_s803/predictions.npz
canonical224_159,pretrained,static,803,parent,436,4,2,4,0.5,predictions.npz logits/labels disaggregated; sums locked to result.json J,missing,3,4,0.75,atomic_joint,3,4,0.75,AB,missing,missing,missing,missing,artifacts/e1a933_review/vision_gpu_interpretation/cuda_matrix/pretrained_static_s803/predictions.npz
canonical224_159,pretrained,static,803,parent,441,3,1,3,0.3333333333333333,predictions.npz logits/labels disaggregated; sums locked to result.json J,missing,3,3,1.0,atomic_joint,1,3,0.3333333333333333,AB,missing,missing,missing,missing,artifacts/e1a933_review/vision_gpu_interpretation/cuda_matrix/pretrained_static_s803/predictions.npz
canonical224_159,pretrained,static,803,parent,443,3,1,3,0.3333333333333333,predictions.npz logits/labels disaggregated; sums locked to result.json J,missing,3,3,1.0,atomic_joint,1,3,0.3333333333333333,AB,missing,missing,missing,missing,artifacts/e1a933_review/vision_gpu_interpretation/cuda_matrix/pretrained_static_s803/predictions.npz
canonical224_159,pretrained,static,803,parent,444,1,1,1,1.0,predictions.npz logits/labels disaggregated; sums locked to result.json J,missing,1,1,1.0,atomic_joint,1,1,1.0,AB,missing,missing,missing,missing,artifacts/e1a933_review/vision_gpu_interpretation/cuda_matrix/pretrained_static_s803/predictions.npz
canonical224_159,pretrained,static,803,parent,458,3,0,3,0.0,predictions.npz logits/labels disaggregated; sums locked to result.json J,missing,3,3,1.0,atomic_joint,0,3,0.0,AB,missing,missing,missing,missing,artifacts/e1a933_review/vision_gpu_interpretation/cuda_matrix/pretrained_static_s803/predictions.npz
canonical224_159,pretrained,static,803,parent,460,1,1,1,1.0,predictions.npz logits/labels disaggregated; sums locked to result.json J,missing,1,1,1.0,atomic_joint,1,1,1.0,AB,missing,missing,missing,missing,artifacts/e1a933_review/vision_gpu_interpretation/cuda_matrix/pretrained_static_s803/predictions.npz
canonical224_159,pretrained,static,803,parent,461,1,0,1,0.0,predictions.npz logits/labels disaggregated; sums locked to result.json J,missing,1,1,1.0,atomic_joint,0,1,0.0,AB,missing,missing,missing,missing,artifacts/e1a933_review/vision_gpu_interpretation/cuda_matrix/pretrained_static_s803/predictions.npz
canonical224_159,pretrained,static,803,parent,465,1,1,1,1.0,predictions.npz logits/labels disaggregated; sums locked to result.json J,missing,1,1,1.0,atomic_joint,1,1,1.0,AB,missing,missing,missing,missing,artifacts/e1a933_review/vision_gpu_interpretation/cuda_matrix/pretrained_static_s803/predictions.npz
canonical224_159,pretrained,static,803,parent,472,3,3,3,1.0,predictions.npz logits/labels disaggregated; sums locked to result.json J,missing,3,3,1.0,atomic_joint,3,3,1.0,AB,missing,missing,missing,missing,artifacts/e1a933_review/vision_gpu_interpretation/cuda_matrix/pretrained_static_s803/predictions.npz
canonical224_159,pretrained,static,803,parent,480,4,2,4,0.5,predictions.npz logits/labels disaggregated; sums locked to result.json J,missing,4,4,1.0,atomic_joint,2,4,0.5,AB,missing,missing,missing,missing,artifacts/e1a933_review/vision_gpu_interpretation/cuda_matrix/pretrained_static_s803/predictions.npz
canonical224_159,pretrained,static,803,parent,494,2,0,2,0.0,predictions.npz logits/labels disaggregated; sums locked to result.json J,missing,0,2,0.0,atomic_joint,2,2,1.0,AB,missing,missing,missing,missing,artifacts/e1a933_review/vision_gpu_interpretation/cuda_matrix/pretrained_static_s803/predictions.npz
canonical224_159,pretrained,static,805,parent,3,1,1,1,1.0,predictions.npz logits/labels disaggregated; sums locked to result.json J,missing,1,1,1.0,atomic_joint,1,1,1.0,AB,missing,missing,missing,missing,artifacts/e1a933_review/vision_gpu_interpretation/cuda_matrix/pretrained_static_s805/predictions.npz
canonical224_159,pretrained,static,805,parent,21,3,1,3,0.3333333333333333,predictions.npz logits/labels disaggregated; sums locked to result.json J,missing,1,3,0.3333333333333333,atomic_joint,3,3,1.0,AB,missing,missing,missing,missing,artifacts/e1a933_review/vision_gpu_interpretation/cuda_matrix/pretrained_static_s805/predictions.npz
canonical224_159,pretrained,static,805,parent,32,4,4,4,1.0,predictions.npz logits/labels disaggregated; sums locked to result.json J,missing,4,4,1.0,atomic_joint,4,4,1.0,AB,missing,missing,missing,missing,artifacts/e1a933_review/vision_gpu_interpretation/cuda_matrix/pretrained_static_s805/predictions.npz
canonical224_159,pretrained,static,805,parent,37,4,0,4,0.0,predictions.npz logits/labels disaggregated; sums locked to result.json J,missing,0,4,0.0,atomic_joint,4,4,1.0,AB,missing,missing,missing,missing,artifacts/e1a933_review/vision_gpu_interpretation/cuda_matrix/pretrained_static_s805/predictions.npz
canonical224_159,pretrained,static,805,parent,45,3,0,3,0.0,predictions.npz logits/labels disaggregated; sums locked to result.json J,missing,0,3,0.0,atomic_joint,3,3,1.0,AB,missing,missing,missing,missing,artifacts/e1a933_review/vision_gpu_interpretation/cuda_matrix/pretrained_static_s805/predictions.npz
canonical224_159,pretrained,static,805,parent,63,1,0,1,0.0,predictions.npz logits/labels disaggregated; sums locked to result.json J,missing,0,1,0.0,atomic_joint,1,1,1.0,AB,missing,missing,missing,missing,artifacts/e1a933_review/vision_gpu_interpretation/cuda_matrix/pretrained_static_s805/predictions.npz
canonical224_159,pretrained,static,805,parent,64,4,0,4,0.0,predictions.npz logits/labels disaggregated; sums locked to result.json J,missing,0,4,0.0,atomic_joint,4,4,1.0,AB,missing,missing,missing,missing,artifacts/e1a933_review/vision_gpu_interpretation/cuda_matrix/pretrained_static_s805/predictions.npz
canonical224_159,pretrained,static,805,parent,72,4,4,4,1.0,predictions.npz logits/labels disaggregated; sums locked to result.json J,missing,4,4,1.0,atomic_joint,4,4,1.0,AB,missing,missing,missing,missing,artifacts/e1a933_review/vision_gpu_interpretation/cuda_matrix/pretrained_static_s805/predictions.npz
canonical224_159,pretrained,static,805,parent,86,1,1,1,1.0,predictions.npz logits/labels disaggregated; sums locked to result.json J,missing,1,1,1.0,atomic_joint,1,1,1.0,AB,missing,missing,missing,missing,artifacts/e1a933_review/vision_gpu_interpretation/cuda_matrix/pretrained_static_s805/predictions.npz
canonical224_159,pretrained,static,805,parent,92,1,0,1,0.0,predictions.npz logits/labels disaggregated; sums locked to result.json J,missing,0,1,0.0,atomic_joint,1,1,1.0,AB,missing,missing,missing,missing,artifacts/e1a933_review/vision_gpu_interpretation/cuda_matrix/pretrained_static_s805/predictions.npz
canonical224_159,pretrained,static,805,parent,94,2,0,2,0.0,predictions.npz logits/labels disaggregated; sums locked to result.json J,missing,2,2,1.0,atomic_joint,0,2,0.0,AB,missing,missing,missing,missing,artifacts/e1a933_review/vision_gpu_interpretation/cuda_matrix/pretrained_static_s805/predictions.npz
canonical224_159,pretrained,static,805,parent,105,1,1,1,1.0,predictions.npz logits/labels disaggregated; sums locked to result.json J,missing,1,1,1.0,atomic_joint,1,1,1.0,AB,missing,missing,missing,missing,artifacts/e1a933_review/vision_gpu_interpretation/cuda_matrix/pretrained_static_s805/predictions.npz
canonical224_159,pretrained,static,805,parent,107,3,2,3,0.6666666666666666,predictions.npz logits/labels disaggregated; sums locked to result.json J,missing,3,3,1.0,atomic_joint,2,3,0.6666666666666666,AB,missing,missing,missing,missing,artifacts/e1a933_review/vision_gpu_interpretation/cuda_matrix/pretrained_static_s805/predictions.npz
canonical224_159,pretrained,static,805,parent,114,1,0,1,0.0,predictions.npz logits/labels disaggregated; sums locked to result.json J,missing,0,1,0.0,atomic_joint,1,1,1.0,AB,missing,missing,missing,missing,artifacts/e1a933_review/vision_gpu_interpretation/cuda_matrix/pretrained_static_s805/predictions.npz
canonical224_159,pretrained,static,805,parent,128,1,0,1,0.0,predictions.npz logits/labels disaggregated; sums locked to result.json J,missing,0,1,0.0,atomic_joint,1,1,1.0,AB,missing,missing,missing,missing,artifacts/e1a933_review/vision_gpu_interpretation/cuda_matrix/pretrained_static_s805/predictions.npz
canonical224_159,pretrained,static,805,parent,140,4,0,4,0.0,predictions.npz logits/labels disaggregated; sums locked to result.json J,missing,0,4,0.0,atomic_joint,3,4,0.75,AB,missing,missing,missing,missing,artifacts/e1a933_review/vision_gpu_interpretation/cuda_matrix/pretrained_static_s805/predictions.npz
canonical224_159,pretrained,static,805,parent,146,2,2,2,1.0,predictions.npz logits/labels disaggregated; sums locked to result.json J,missing,2,2,1.0,atomic_joint,2,2,1.0,AB,missing,missing,missing,missing,artifacts/e1a933_review/vision_gpu_interpretation/cuda_matrix/pretrained_static_s805/predictions.npz
canonical224_159,pretrained,static,805,parent,165,2,0,2,0.0,predictions.npz logits/labels disaggregated; sums locked to result.json J,missing,2,2,1.0,atomic_joint,0,2,0.0,AB,missing,missing,missing,missing,artifacts/e1a933_review/vision_gpu_interpretation/cuda_matrix/pretrained_static_s805/predictions.npz
canonical224_159,pretrained,static,805,parent,181,3,3,3,1.0,predictions.npz logits/labels disaggregated; sums locked to result.json J,missing,3,3,1.0,atomic_joint,3,3,1.0,AB,missing,missing,missing,missing,artifacts/e1a933_review/vision_gpu_interpretation/cuda_matrix/pretrained_static_s805/predictions.npz
canonical224_159,pretrained,static,805,parent,183,1,1,1,1.0,predictions.npz logits/labels disaggregated; sums locked to result.json J,missing,1,1,1.0,atomic_joint,1,1,1.0,AB,missing,missing,missing,missing,artifacts/e1a933_review/vision_gpu_interpretation/cuda_matrix/pretrained_static_s805/predictions.npz
canonical224_159,pretrained,static,805,parent,185,2,2,2,1.0,predictions.npz logits/labels disaggregated; sums locked to result.json J,missing,2,2,1.0,atomic_joint,2,2,1.0,AB,missing,missing,missing,missing,artifacts/e1a933_review/vision_gpu_interpretation/cuda_matrix/pretrained_static_s805/predictions.npz
canonical224_159,pretrained,static,805,parent,203,2,0,2,0.0,predictions.npz logits/labels disaggregated; sums locked to result.json J,missing,2,2,1.0,atomic_joint,0,2,0.0,AB,missing,missing,missing,missing,artifacts/e1a933_review/vision_gpu_interpretation/cuda_matrix/pretrained_static_s805/predictions.npz
canonical224_159,pretrained,static,805,parent,209,1,1,1,1.0,predictions.npz logits/labels disaggregated; sums locked to result.json J,missing,1,1,1.0,atomic_joint,1,1,1.0,AB,missing,missing,missing,missing,artifacts/e1a933_review/vision_gpu_interpretation/cuda_matrix/pretrained_static_s805/predictions.npz
canonical224_159,pretrained,static,805,parent,211,1,1,1,1.0,predictions.npz logits/labels disaggregated; sums locked to result.json J,missing,1,1,1.0,atomic_joint,1,1,1.0,AB,missing,missing,missing,missing,artifacts/e1a933_review/vision_gpu_interpretation/cuda_matrix/pretrained_static_s805/predictions.npz
canonical224_159,pretrained,static,805,parent,215,3,1,3,0.3333333333333333,predictions.npz logits/labels disaggregated; sums locked to result.json J,missing,3,3,1.0,atomic_joint,1,3,0.3333333333333333,AB,missing,missing,missing,missing,artifacts/e1a933_review/vision_gpu_interpretation/cuda_matrix/pretrained_static_s805/predictions.npz
canonical224_159,pretrained,static,805,parent,216,4,0,4,0.0,predictions.npz logits/labels disaggregated; sums locked to result.json J,missing,4,4,1.0,atomic_joint,0,4,0.0,AB,missing,missing,missing,missing,artifacts/e1a933_review/vision_gpu_interpretation/cuda_matrix/pretrained_static_s805/predictions.npz
canonical224_159,pretrained,static,805,parent,228,4,3,4,0.75,predictions.npz logits/labels disaggregated; sums locked to result.json J,missing,4,4,1.0,atomic_joint,3,4,0.75,AB,missing,missing,missing,missing,artifacts/e1a933_review/vision_gpu_interpretation/cuda_matrix/pretrained_static_s805/predictions.npz
canonical224_159,pretrained,static,805,parent,239,3,3,3,1.0,predictions.npz logits/labels disaggregated; sums locked to result.json J,missing,3,3,1.0,atomic_joint,3,3,1.0,AB,missing,missing,missing,missing,artifacts/e1a933_review/vision_gpu_interpretation/cuda_matrix/pretrained_static_s805/predictions.npz
canonical224_159,pretrained,static,805,parent,245,1,0,1,0.0,predictions.npz logits/labels disaggregated; sums locked to result.json J,missing,1,1,1.0,atomic_joint,0,1,0.0,AB,missing,missing,missing,missing,artifacts/e1a933_review/vision_gpu_interpretation/cuda_matrix/pretrained_static_s805/predictions.npz
canonical224_159,pretrained,static,805,parent,252,1,1,1,1.0,predictions.npz logits/labels disaggregated; sums locked to result.json J,missing,1,1,1.0,atomic_joint,1,1,1.0,AB,missing,missing,missing,missing,artifacts/e1a933_review/vision_gpu_interpretation/cuda_matrix/pretrained_static_s805/predictions.npz
canonical224_159,pretrained,static,805,parent,272,1,0,1,0.0,predictions.npz logits/labels disaggregated; sums locked to result.json J,missing,0,1,0.0,atomic_joint,1,1,1.0,AB,missing,missing,missing,missing,artifacts/e1a933_review/vision_gpu_interpretation/cuda_matrix/pretrained_static_s805/predictions.npz
canonical224_159,pretrained,static,805,parent,290,1,1,1,1.0,predictions.npz logits/labels disaggregated; sums locked to result.json J,missing,1,1,1.0,atomic_joint,1,1,1.0,AB,missing,missing,missing,missing,artifacts/e1a933_review/vision_gpu_interpretation/cuda_matrix/pretrained_static_s805/predictions.npz
canonical224_159,pretrained,static,805,parent,300,2,1,2,0.5,predictions.npz logits/labels disaggregated; sums locked to result.json J,missing,2,2,1.0,atomic_joint,1,2,0.5,AB,missing,missing,missing,missing,artifacts/e1a933_review/vision_gpu_interpretation/cuda_matrix/pretrained_static_s805/predictions.npz
canonical224_159,pretrained,static,805,parent,303,1,1,1,1.0,predictions.npz logits/labels disaggregated; sums locked to result.json J,missing,1,1,1.0,atomic_joint,1,1,1.0,AB,missing,missing,missing,missing,artifacts/e1a933_review/vision_gpu_interpretation/cuda_matrix/pretrained_static_s805/predictions.npz
canonical224_159,pretrained,static,805,parent,310,2,2,2,1.0,predictions.npz logits/labels disaggregated; sums locked to result.json J,missing,2,2,1.0,atomic_joint,2,2,1.0,AB,missing,missing,missing,missing,artifacts/e1a933_review/vision_gpu_interpretation/cuda_matrix/pretrained_static_s805/predictions.npz
canonical224_159,pretrained,static,805,parent,314,1,1,1,1.0,predictions.npz logits/labels disaggregated; sums locked to result.json J,missing,1,1,1.0,atomic_joint,1,1,1.0,AB,missing,missing,missing,missing,artifacts/e1a933_review/vision_gpu_interpretation/cuda_matrix/pretrained_static_s805/predictions.npz
canonical224_159,pretrained,static,805,parent,317,1,1,1,1.0,predictions.npz logits/labels disaggregated; sums locked to result.json J,missing,1,1,1.0,atomic_joint,1,1,1.0,AB,missing,missing,missing,missing,artifacts/e1a933_review/vision_gpu_interpretation/cuda_matrix/pretrained_static_s805/predictions.npz
canonical224_159,pretrained,static,805,parent,321,2,2,2,1.0,predictions.npz logits/labels disaggregated; sums locked to result.json J,missing,2,2,1.0,atomic_joint,2,2,1.0,AB,missing,missing,missing,missing,artifacts/e1a933_review/vision_gpu_interpretation/cuda_matrix/pretrained_static_s805/predictions.npz
canonical224_159,pretrained,static,805,parent,325,1,0,1,0.0,predictions.npz logits/labels disaggregated; sums locked to result.json J,missing,0,1,0.0,atomic_joint,0,1,0.0,AB,missing,missing,missing,missing,artifacts/e1a933_review/vision_gpu_interpretation/cuda_matrix/pretrained_static_s805/predictions.npz
canonical224_159,pretrained,static,805,parent,329,1,1,1,1.0,predictions.npz logits/labels disaggregated; sums locked to result.json J,missing,1,1,1.0,atomic_joint,1,1,1.0,AB,missing,missing,missing,missing,artifacts/e1a933_review/vision_gpu_interpretation/cuda_matrix/pretrained_static_s805/predictions.npz
canonical224_159,pretrained,static,805,parent,336,4,4,4,1.0,predictions.npz logits/labels disaggregated; sums locked to result.json J,missing,4,4,1.0,atomic_joint,4,4,1.0,AB,missing,missing,missing,missing,artifacts/e1a933_review/vision_gpu_interpretation/cuda_matrix/pretrained_static_s805/predictions.npz
canonical224_159,pretrained,static,805,parent,345,3,1,3,0.3333333333333333,predictions.npz logits/labels disaggregated; sums locked to result.json J,missing,3,3,1.0,atomic_joint,1,3,0.3333333333333333,AB,missing,missing,missing,missing,artifacts/e1a933_review/vision_gpu_interpretation/cuda_matrix/pretrained_static_s805/predictions.npz
canonical224_159,pretrained,static,805,parent,350,1,1,1,1.0,predictions.npz logits/labels disaggregated; sums locked to result.json J,missing,1,1,1.0,atomic_joint,1,1,1.0,AB,missing,missing,missing,missing,artifacts/e1a933_review/vision_gpu_interpretation/cuda_matrix/pretrained_static_s805/predictions.npz
canonical224_159,pretrained,static,805,parent,353,2,1,2,0.5,predictions.npz logits/labels disaggregated; sums locked to result.json J,missing,2,2,1.0,atomic_joint,1,2,0.5,AB,missing,missing,missing,missing,artifacts/e1a933_review/vision_gpu_interpretation/cuda_matrix/pretrained_static_s805/predictions.npz
canonical224_159,pretrained,static,805,parent,356,1,0,1,0.0,predictions.npz logits/labels disaggregated; sums locked to result.json J,missing,1,1,1.0,atomic_joint,0,1,0.0,AB,missing,missing,missing,missing,artifacts/e1a933_review/vision_gpu_interpretation/cuda_matrix/pretrained_static_s805/predictions.npz
canonical224_159,pretrained,static,805,parent,363,1,1,1,1.0,predictions.npz logits/labels disaggregated; sums locked to result.json J,missing,1,1,1.0,atomic_joint,1,1,1.0,AB,missing,missing,missing,missing,artifacts/e1a933_review/vision_gpu_interpretation/cuda_matrix/pretrained_static_s805/predictions.npz
canonical224_159,pretrained,static,805,parent,364,2,2,2,1.0,predictions.npz logits/labels disaggregated; sums locked to result.json J,missing,2,2,1.0,atomic_joint,2,2,1.0,AB,missing,missing,missing,missing,artifacts/e1a933_review/vision_gpu_interpretation/cuda_matrix/pretrained_static_s805/predictions.npz
canonical224_159,pretrained,static,805,parent,369,4,4,4,1.0,predictions.npz logits/labels disaggregated; sums locked to result.json J,missing,4,4,1.0,atomic_joint,4,4,1.0,AB,missing,missing,missing,missing,artifacts/e1a933_review/vision_gpu_interpretation/cuda_matrix/pretrained_static_s805/predictions.npz
canonical224_159,pretrained,static,805,parent,371,1,1,1,1.0,predictions.npz logits/labels disaggregated; sums locked to result.json J,missing,1,1,1.0,atomic_joint,1,1,1.0,AB,missing,missing,missing,missing,artifacts/e1a933_review/vision_gpu_interpretation/cuda_matrix/pretrained_static_s805/predictions.npz
canonical224_159,pretrained,static,805,parent,377,1,0,1,0.0,predictions.npz logits/labels disaggregated; sums locked to result.json J,missing,1,1,1.0,atomic_joint,0,1,0.0,AB,missing,missing,missing,missing,artifacts/e1a933_review/vision_gpu_interpretation/cuda_matrix/pretrained_static_s805/predictions.npz
canonical224_159,pretrained,static,805,parent,378,3,2,3,0.6666666666666666,predictions.npz logits/labels disaggregated; sums locked to result.json J,missing,3,3,1.0,atomic_joint,2,3,0.6666666666666666,AB,missing,missing,missing,missing,artifacts/e1a933_review/vision_gpu_interpretation/cuda_matrix/pretrained_static_s805/predictions.npz
canonical224_159,pretrained,static,805,parent,382,2,0,2,0.0,predictions.npz logits/labels disaggregated; sums locked to result.json J,missing,0,2,0.0,atomic_joint,2,2,1.0,AB,missing,missing,missing,missing,artifacts/e1a933_review/vision_gpu_interpretation/cuda_matrix/pretrained_static_s805/predictions.npz
canonical224_159,pretrained,static,805,parent,384,4,2,4,0.5,predictions.npz logits/labels disaggregated; sums locked to result.json J,missing,4,4,1.0,atomic_joint,2,4,0.5,AB,missing,missing,missing,missing,artifacts/e1a933_review/vision_gpu_interpretation/cuda_matrix/pretrained_static_s805/predictions.npz
canonical224_159,pretrained,static,805,parent,392,2,2,2,1.0,predictions.npz logits/labels disaggregated; sums locked to result.json J,missing,2,2,1.0,atomic_joint,2,2,1.0,AB,missing,missing,missing,missing,artifacts/e1a933_review/vision_gpu_interpretation/cuda_matrix/pretrained_static_s805/predictions.npz
canonical224_159,pretrained,static,805,parent,396,3,1,3,0.3333333333333333,predictions.npz logits/labels disaggregated; sums locked to result.json J,missing,3,3,1.0,atomic_joint,1,3,0.3333333333333333,AB,missing,missing,missing,missing,artifacts/e1a933_review/vision_gpu_interpretation/cuda_matrix/pretrained_static_s805/predictions.npz
canonical224_159,pretrained,static,805,parent,400,1,1,1,1.0,predictions.npz logits/labels disaggregated; sums locked to result.json J,missing,1,1,1.0,atomic_joint,1,1,1.0,AB,missing,missing,missing,missing,artifacts/e1a933_review/vision_gpu_interpretation/cuda_matrix/pretrained_static_s805/predictions.npz
canonical224_159,pretrained,static,805,parent,401,4,2,4,0.5,predictions.npz logits/labels disaggregated; sums locked to result.json J,missing,2,4,0.5,atomic_joint,4,4,1.0,AB,missing,missing,missing,missing,artifacts/e1a933_review/vision_gpu_interpretation/cuda_matrix/pretrained_static_s805/predictions.npz
canonical224_159,pretrained,static,805,parent,413,1,0,1,0.0,predictions.npz logits/labels disaggregated; sums locked to result.json J,missing,0,1,0.0,atomic_joint,1,1,1.0,AB,missing,missing,missing,missing,artifacts/e1a933_review/vision_gpu_interpretation/cuda_matrix/pretrained_static_s805/predictions.npz
canonical224_159,pretrained,static,805,parent,414,3,3,3,1.0,predictions.npz logits/labels disaggregated; sums locked to result.json J,missing,3,3,1.0,atomic_joint,3,3,1.0,AB,missing,missing,missing,missing,artifacts/e1a933_review/vision_gpu_interpretation/cuda_matrix/pretrained_static_s805/predictions.npz
canonical224_159,pretrained,static,805,parent,417,2,2,2,1.0,predictions.npz logits/labels disaggregated; sums locked to result.json J,missing,2,2,1.0,atomic_joint,2,2,1.0,AB,missing,missing,missing,missing,artifacts/e1a933_review/vision_gpu_interpretation/cuda_matrix/pretrained_static_s805/predictions.npz
canonical224_159,pretrained,static,805,parent,418,2,0,2,0.0,predictions.npz logits/labels disaggregated; sums locked to result.json J,missing,2,2,1.0,atomic_joint,0,2,0.0,AB,missing,missing,missing,missing,artifacts/e1a933_review/vision_gpu_interpretation/cuda_matrix/pretrained_static_s805/predictions.npz
canonical224_159,pretrained,static,805,parent,421,1,1,1,1.0,predictions.npz logits/labels disaggregated; sums locked to result.json J,missing,1,1,1.0,atomic_joint,1,1,1.0,AB,missing,missing,missing,missing,artifacts/e1a933_review/vision_gpu_interpretation/cuda_matrix/pretrained_static_s805/predictions.npz
canonical224_159,pretrained,static,805,parent,424,4,4,4,1.0,predictions.npz logits/labels disaggregated; sums locked to result.json J,missing,4,4,1.0,atomic_joint,4,4,1.0,AB,missing,missing,missing,missing,artifacts/e1a933_review/vision_gpu_interpretation/cuda_matrix/pretrained_static_s805/predictions.npz
canonical224_159,pretrained,static,805,parent,436,4,4,4,1.0,predictions.npz logits/labels disaggregated; sums locked to result.json J,missing,4,4,1.0,atomic_joint,4,4,1.0,AB,missing,missing,missing,missing,artifacts/e1a933_review/vision_gpu_interpretation/cuda_matrix/pretrained_static_s805/predictions.npz
canonical224_159,pretrained,static,805,parent,441,3,2,3,0.6666666666666666,predictions.npz logits/labels disaggregated; sums locked to result.json J,missing,3,3,1.0,atomic_joint,2,3,0.6666666666666666,AB,missing,missing,missing,missing,artifacts/e1a933_review/vision_gpu_interpretation/cuda_matrix/pretrained_static_s805/predictions.npz
canonical224_159,pretrained,static,805,parent,443,3,1,3,0.3333333333333333,predictions.npz logits/labels disaggregated; sums locked to result.json J,missing,3,3,1.0,atomic_joint,1,3,0.3333333333333333,AB,missing,missing,missing,missing,artifacts/e1a933_review/vision_gpu_interpretation/cuda_matrix/pretrained_static_s805/predictions.npz
canonical224_159,pretrained,static,805,parent,444,1,1,1,1.0,predictions.npz logits/labels disaggregated; sums locked to result.json J,missing,1,1,1.0,atomic_joint,1,1,1.0,AB,missing,missing,missing,missing,artifacts/e1a933_review/vision_gpu_interpretation/cuda_matrix/pretrained_static_s805/predictions.npz
canonical224_159,pretrained,static,805,parent,458,3,2,3,0.6666666666666666,predictions.npz logits/labels disaggregated; sums locked to result.json J,missing,3,3,1.0,atomic_joint,2,3,0.6666666666666666,AB,missing,missing,missing,missing,artifacts/e1a933_review/vision_gpu_interpretation/cuda_matrix/pretrained_static_s805/predictions.npz
canonical224_159,pretrained,static,805,parent,460,1,1,1,1.0,predictions.npz logits/labels disaggregated; sums locked to result.json J,missing,1,1,1.0,atomic_joint,1,1,1.0,AB,missing,missing,missing,missing,artifacts/e1a933_review/vision_gpu_interpretation/cuda_matrix/pretrained_static_s805/predictions.npz
canonical224_159,pretrained,static,805,parent,461,1,0,1,0.0,predictions.npz logits/labels disaggregated; sums locked to result.json J,missing,1,1,1.0,atomic_joint,0,1,0.0,AB,missing,missing,missing,missing,artifacts/e1a933_review/vision_gpu_interpretation/cuda_matrix/pretrained_static_s805/predictions.npz
canonical224_159,pretrained,static,805,parent,465,1,1,1,1.0,predictions.npz logits/labels disaggregated; sums locked to result.json J,missing,1,1,1.0,atomic_joint,1,1,1.0,AB,missing,missing,missing,missing,artifacts/e1a933_review/vision_gpu_interpretation/cuda_matrix/pretrained_static_s805/predictions.npz
canonical224_159,pretrained,static,805,parent,472,3,3,3,1.0,predictions.npz logits/labels disaggregated; sums locked to result.json J,missing,3,3,1.0,atomic_joint,3,3,1.0,AB,missing,missing,missing,missing,artifacts/e1a933_review/vision_gpu_interpretation/cuda_matrix/pretrained_static_s805/predictions.npz
canonical224_159,pretrained,static,805,parent,480,4,3,4,0.75,predictions.npz logits/labels disaggregated; sums locked to result.json J,missing,4,4,1.0,atomic_joint,3,4,0.75,AB,missing,missing,missing,missing,artifacts/e1a933_review/vision_gpu_interpretation/cuda_matrix/pretrained_static_s805/predictions.npz
canonical224_159,pretrained,static,805,parent,494,2,1,2,0.5,predictions.npz logits/labels disaggregated; sums locked to result.json J,missing,1,2,0.5,atomic_joint,2,2,1.0,AB,missing,missing,missing,missing,artifacts/e1a933_review/vision_gpu_interpretation/cuda_matrix/pretrained_static_s805/predictions.npz
canonical224_159,pretrained,static,806,parent,3,1,1,1,1.0,predictions.npz logits/labels disaggregated; sums locked to result.json J,missing,1,1,1.0,atomic_joint,1,1,1.0,AB,missing,missing,missing,missing,artifacts/e1a933_review/vision_gpu_interpretation/cuda_matrix/pretrained_static_s806/predictions.npz
canonical224_159,pretrained,static,806,parent,21,3,1,3,0.3333333333333333,predictions.npz logits/labels disaggregated; sums locked to result.json J,missing,1,3,0.3333333333333333,atomic_joint,3,3,1.0,AB,missing,missing,missing,missing,artifacts/e1a933_review/vision_gpu_interpretation/cuda_matrix/pretrained_static_s806/predictions.npz
canonical224_159,pretrained,static,806,parent,32,4,4,4,1.0,predictions.npz logits/labels disaggregated; sums locked to result.json J,missing,4,4,1.0,atomic_joint,4,4,1.0,AB,missing,missing,missing,missing,artifacts/e1a933_review/vision_gpu_interpretation/cuda_matrix/pretrained_static_s806/predictions.npz
canonical224_159,pretrained,static,806,parent,37,4,0,4,0.0,predictions.npz logits/labels disaggregated; sums locked to result.json J,missing,2,4,0.5,atomic_joint,2,4,0.5,AB,missing,missing,missing,missing,artifacts/e1a933_review/vision_gpu_interpretation/cuda_matrix/pretrained_static_s806/predictions.npz
canonical224_159,pretrained,static,806,parent,45,3,3,3,1.0,predictions.npz logits/labels disaggregated; sums locked to result.json J,missing,3,3,1.0,atomic_joint,3,3,1.0,AB,missing,missing,missing,missing,artifacts/e1a933_review/vision_gpu_interpretation/cuda_matrix/pretrained_static_s806/predictions.npz
canonical224_159,pretrained,static,806,parent,63,1,0,1,0.0,predictions.npz logits/labels disaggregated; sums locked to result.json J,missing,0,1,0.0,atomic_joint,1,1,1.0,AB,missing,missing,missing,missing,artifacts/e1a933_review/vision_gpu_interpretation/cuda_matrix/pretrained_static_s806/predictions.npz
canonical224_159,pretrained,static,806,parent,64,4,0,4,0.0,predictions.npz logits/labels disaggregated; sums locked to result.json J,missing,0,4,0.0,atomic_joint,4,4,1.0,AB,missing,missing,missing,missing,artifacts/e1a933_review/vision_gpu_interpretation/cuda_matrix/pretrained_static_s806/predictions.npz
canonical224_159,pretrained,static,806,parent,72,4,2,4,0.5,predictions.npz logits/labels disaggregated; sums locked to result.json J,missing,4,4,1.0,atomic_joint,2,4,0.5,AB,missing,missing,missing,missing,artifacts/e1a933_review/vision_gpu_interpretation/cuda_matrix/pretrained_static_s806/predictions.npz
canonical224_159,pretrained,static,806,parent,86,1,1,1,1.0,predictions.npz logits/labels disaggregated; sums locked to result.json J,missing,1,1,1.0,atomic_joint,1,1,1.0,AB,missing,missing,missing,missing,artifacts/e1a933_review/vision_gpu_interpretation/cuda_matrix/pretrained_static_s806/predictions.npz
canonical224_159,pretrained,static,806,parent,92,1,1,1,1.0,predictions.npz logits/labels disaggregated; sums locked to result.json J,missing,1,1,1.0,atomic_joint,1,1,1.0,AB,missing,missing,missing,missing,artifacts/e1a933_review/vision_gpu_interpretation/cuda_matrix/pretrained_static_s806/predictions.npz
canonical224_159,pretrained,static,806,parent,94,2,1,2,0.5,predictions.npz logits/labels disaggregated; sums locked to result.json J,missing,2,2,1.0,atomic_joint,1,2,0.5,AB,missing,missing,missing,missing,artifacts/e1a933_review/vision_gpu_interpretation/cuda_matrix/pretrained_static_s806/predictions.npz
canonical224_159,pretrained,static,806,parent,105,1,0,1,0.0,predictions.npz logits/labels disaggregated; sums locked to result.json J,missing,0,1,0.0,atomic_joint,1,1,1.0,AB,missing,missing,missing,missing,artifacts/e1a933_review/vision_gpu_interpretation/cuda_matrix/pretrained_static_s806/predictions.npz
canonical224_159,pretrained,static,806,parent,107,3,2,3,0.6666666666666666,predictions.npz logits/labels disaggregated; sums locked to result.json J,missing,3,3,1.0,atomic_joint,2,3,0.6666666666666666,AB,missing,missing,missing,missing,artifacts/e1a933_review/vision_gpu_interpretation/cuda_matrix/pretrained_static_s806/predictions.npz
canonical224_159,pretrained,static,806,parent,114,1,0,1,0.0,predictions.npz logits/labels disaggregated; sums locked to result.json J,missing,0,1,0.0,atomic_joint,1,1,1.0,AB,missing,missing,missing,missing,artifacts/e1a933_review/vision_gpu_interpretation/cuda_matrix/pretrained_static_s806/predictions.npz
canonical224_159,pretrained,static,806,parent,128,1,0,1,0.0,predictions.npz logits/labels disaggregated; sums locked to result.json J,missing,0,1,0.0,atomic_joint,1,1,1.0,AB,missing,missing,missing,missing,artifacts/e1a933_review/vision_gpu_interpretation/cuda_matrix/pretrained_static_s806/predictions.npz
canonical224_159,pretrained,static,806,parent,140,4,0,4,0.0,predictions.npz logits/labels disaggregated; sums locked to result.json J,missing,0,4,0.0,atomic_joint,4,4,1.0,AB,missing,missing,missing,missing,artifacts/e1a933_review/vision_gpu_interpretation/cuda_matrix/pretrained_static_s806/predictions.npz
canonical224_159,pretrained,static,806,parent,146,2,2,2,1.0,predictions.npz logits/labels disaggregated; sums locked to result.json J,missing,2,2,1.0,atomic_joint,2,2,1.0,AB,missing,missing,missing,missing,artifacts/e1a933_review/vision_gpu_interpretation/cuda_matrix/pretrained_static_s806/predictions.npz
canonical224_159,pretrained,static,806,parent,165,2,0,2,0.0,predictions.npz logits/labels disaggregated; sums locked to result.json J,missing,2,2,1.0,atomic_joint,0,2,0.0,AB,missing,missing,missing,missing,artifacts/e1a933_review/vision_gpu_interpretation/cuda_matrix/pretrained_static_s806/predictions.npz
canonical224_159,pretrained,static,806,parent,181,3,3,3,1.0,predictions.npz logits/labels disaggregated; sums locked to result.json J,missing,3,3,1.0,atomic_joint,3,3,1.0,AB,missing,missing,missing,missing,artifacts/e1a933_review/vision_gpu_interpretation/cuda_matrix/pretrained_static_s806/predictions.npz
canonical224_159,pretrained,static,806,parent,183,1,0,1,0.0,predictions.npz logits/labels disaggregated; sums locked to result.json J,missing,1,1,1.0,atomic_joint,0,1,0.0,AB,missing,missing,missing,missing,artifacts/e1a933_review/vision_gpu_interpretation/cuda_matrix/pretrained_static_s806/predictions.npz
canonical224_159,pretrained,static,806,parent,185,2,0,2,0.0,predictions.npz logits/labels disaggregated; sums locked to result.json J,missing,2,2,1.0,atomic_joint,0,2,0.0,AB,missing,missing,missing,missing,artifacts/e1a933_review/vision_gpu_interpretation/cuda_matrix/pretrained_static_s806/predictions.npz
canonical224_159,pretrained,static,806,parent,203,2,0,2,0.0,predictions.npz logits/labels disaggregated; sums locked to result.json J,missing,2,2,1.0,atomic_joint,0,2,0.0,AB,missing,missing,missing,missing,artifacts/e1a933_review/vision_gpu_interpretation/cuda_matrix/pretrained_static_s806/predictions.npz
canonical224_159,pretrained,static,806,parent,209,1,1,1,1.0,predictions.npz logits/labels disaggregated; sums locked to result.json J,missing,1,1,1.0,atomic_joint,1,1,1.0,AB,missing,missing,missing,missing,artifacts/e1a933_review/vision_gpu_interpretation/cuda_matrix/pretrained_static_s806/predictions.npz
canonical224_159,pretrained,static,806,parent,211,1,1,1,1.0,predictions.npz logits/labels disaggregated; sums locked to result.json J,missing,1,1,1.0,atomic_joint,1,1,1.0,AB,missing,missing,missing,missing,artifacts/e1a933_review/vision_gpu_interpretation/cuda_matrix/pretrained_static_s806/predictions.npz
canonical224_159,pretrained,static,806,parent,215,3,3,3,1.0,predictions.npz logits/labels disaggregated; sums locked to result.json J,missing,3,3,1.0,atomic_joint,3,3,1.0,AB,missing,missing,missing,missing,artifacts/e1a933_review/vision_gpu_interpretation/cuda_matrix/pretrained_static_s806/predictions.npz
canonical224_159,pretrained,static,806,parent,216,4,1,4,0.25,predictions.npz logits/labels disaggregated; sums locked to result.json J,missing,4,4,1.0,atomic_joint,1,4,0.25,AB,missing,missing,missing,missing,artifacts/e1a933_review/vision_gpu_interpretation/cuda_matrix/pretrained_static_s806/predictions.npz
canonical224_159,pretrained,static,806,parent,228,4,3,4,0.75,predictions.npz logits/labels disaggregated; sums locked to result.json J,missing,4,4,1.0,atomic_joint,3,4,0.75,AB,missing,missing,missing,missing,artifacts/e1a933_review/vision_gpu_interpretation/cuda_matrix/pretrained_static_s806/predictions.npz
canonical224_159,pretrained,static,806,parent,239,3,0,3,0.0,predictions.npz logits/labels disaggregated; sums locked to result.json J,missing,0,3,0.0,atomic_joint,3,3,1.0,AB,missing,missing,missing,missing,artifacts/e1a933_review/vision_gpu_interpretation/cuda_matrix/pretrained_static_s806/predictions.npz
canonical224_159,pretrained,static,806,parent,245,1,0,1,0.0,predictions.npz logits/labels disaggregated; sums locked to result.json J,missing,0,1,0.0,atomic_joint,1,1,1.0,AB,missing,missing,missing,missing,artifacts/e1a933_review/vision_gpu_interpretation/cuda_matrix/pretrained_static_s806/predictions.npz
canonical224_159,pretrained,static,806,parent,252,1,1,1,1.0,predictions.npz logits/labels disaggregated; sums locked to result.json J,missing,1,1,1.0,atomic_joint,1,1,1.0,AB,missing,missing,missing,missing,artifacts/e1a933_review/vision_gpu_interpretation/cuda_matrix/pretrained_static_s806/predictions.npz
canonical224_159,pretrained,static,806,parent,272,1,0,1,0.0,predictions.npz logits/labels disaggregated; sums locked to result.json J,missing,0,1,0.0,atomic_joint,1,1,1.0,AB,missing,missing,missing,missing,artifacts/e1a933_review/vision_gpu_interpretation/cuda_matrix/pretrained_static_s806/predictions.npz
canonical224_159,pretrained,static,806,parent,290,1,1,1,1.0,predictions.npz logits/labels disaggregated; sums locked to result.json J,missing,1,1,1.0,atomic_joint,1,1,1.0,AB,missing,missing,missing,missing,artifacts/e1a933_review/vision_gpu_interpretation/cuda_matrix/pretrained_static_s806/predictions.npz
canonical224_159,pretrained,static,806,parent,300,2,0,2,0.0,predictions.npz logits/labels disaggregated; sums locked to result.json J,missing,2,2,1.0,atomic_joint,0,2,0.0,AB,missing,missing,missing,missing,artifacts/e1a933_review/vision_gpu_interpretation/cuda_matrix/pretrained_static_s806/predictions.npz
canonical224_159,pretrained,static,806,parent,303,1,1,1,1.0,predictions.npz logits/labels disaggregated; sums locked to result.json J,missing,1,1,1.0,atomic_joint,1,1,1.0,AB,missing,missing,missing,missing,artifacts/e1a933_review/vision_gpu_interpretation/cuda_matrix/pretrained_static_s806/predictions.npz
canonical224_159,pretrained,static,806,parent,310,2,2,2,1.0,predictions.npz logits/labels disaggregated; sums locked to result.json J,missing,2,2,1.0,atomic_joint,2,2,1.0,AB,missing,missing,missing,missing,artifacts/e1a933_review/vision_gpu_interpretation/cuda_matrix/pretrained_static_s806/predictions.npz
canonical224_159,pretrained,static,806,parent,314,1,1,1,1.0,predictions.npz logits/labels disaggregated; sums locked to result.json J,missing,1,1,1.0,atomic_joint,1,1,1.0,AB,missing,missing,missing,missing,artifacts/e1a933_review/vision_gpu_interpretation/cuda_matrix/pretrained_static_s806/predictions.npz
canonical224_159,pretrained,static,806,parent,317,1,1,1,1.0,predictions.npz logits/labels disaggregated; sums locked to result.json J,missing,1,1,1.0,atomic_joint,1,1,1.0,AB,missing,missing,missing,missing,artifacts/e1a933_review/vision_gpu_interpretation/cuda_matrix/pretrained_static_s806/predictions.npz
canonical224_159,pretrained,static,806,parent,321,2,2,2,1.0,predictions.npz logits/labels disaggregated; sums locked to result.json J,missing,2,2,1.0,atomic_joint,2,2,1.0,AB,missing,missing,missing,missing,artifacts/e1a933_review/vision_gpu_interpretation/cuda_matrix/pretrained_static_s806/predictions.npz
canonical224_159,pretrained,static,806,parent,325,1,0,1,0.0,predictions.npz logits/labels disaggregated; sums locked to result.json J,missing,0,1,0.0,atomic_joint,0,1,0.0,AB,missing,missing,missing,missing,artifacts/e1a933_review/vision_gpu_interpretation/cuda_matrix/pretrained_static_s806/predictions.npz
canonical224_159,pretrained,static,806,parent,329,1,1,1,1.0,predictions.npz logits/labels disaggregated; sums locked to result.json J,missing,1,1,1.0,atomic_joint,1,1,1.0,AB,missing,missing,missing,missing,artifacts/e1a933_review/vision_gpu_interpretation/cuda_matrix/pretrained_static_s806/predictions.npz
canonical224_159,pretrained,static,806,parent,336,4,1,4,0.25,predictions.npz logits/labels disaggregated; sums locked to result.json J,missing,1,4,0.25,atomic_joint,4,4,1.0,AB,missing,missing,missing,missing,artifacts/e1a933_review/vision_gpu_interpretation/cuda_matrix/pretrained_static_s806/predictions.npz
canonical224_159,pretrained,static,806,parent,345,3,0,3,0.0,predictions.npz logits/labels disaggregated; sums locked to result.json J,missing,3,3,1.0,atomic_joint,0,3,0.0,AB,missing,missing,missing,missing,artifacts/e1a933_review/vision_gpu_interpretation/cuda_matrix/pretrained_static_s806/predictions.npz
canonical224_159,pretrained,static,806,parent,350,1,1,1,1.0,predictions.npz logits/labels disaggregated; sums locked to result.json J,missing,1,1,1.0,atomic_joint,1,1,1.0,AB,missing,missing,missing,missing,artifacts/e1a933_review/vision_gpu_interpretation/cuda_matrix/pretrained_static_s806/predictions.npz
canonical224_159,pretrained,static,806,parent,353,2,1,2,0.5,predictions.npz logits/labels disaggregated; sums locked to result.json J,missing,1,2,0.5,atomic_joint,1,2,0.5,AB,missing,missing,missing,missing,artifacts/e1a933_review/vision_gpu_interpretation/cuda_matrix/pretrained_static_s806/predictions.npz
canonical224_159,pretrained,static,806,parent,356,1,0,1,0.0,predictions.npz logits/labels disaggregated; sums locked to result.json J,missing,1,1,1.0,atomic_joint,0,1,0.0,AB,missing,missing,missing,missing,artifacts/e1a933_review/vision_gpu_interpretation/cuda_matrix/pretrained_static_s806/predictions.npz
canonical224_159,pretrained,static,806,parent,363,1,1,1,1.0,predictions.npz logits/labels disaggregated; sums locked to result.json J,missing,1,1,1.0,atomic_joint,1,1,1.0,AB,missing,missing,missing,missing,artifacts/e1a933_review/vision_gpu_interpretation/cuda_matrix/pretrained_static_s806/predictions.npz
canonical224_159,pretrained,static,806,parent,364,2,0,2,0.0,predictions.npz logits/labels disaggregated; sums locked to result.json J,missing,0,2,0.0,atomic_joint,2,2,1.0,AB,missing,missing,missing,missing,artifacts/e1a933_review/vision_gpu_interpretation/cuda_matrix/pretrained_static_s806/predictions.npz
canonical224_159,pretrained,static,806,parent,369,4,3,4,0.75,predictions.npz logits/labels disaggregated; sums locked to result.json J,missing,4,4,1.0,atomic_joint,3,4,0.75,AB,missing,missing,missing,missing,artifacts/e1a933_review/vision_gpu_interpretation/cuda_matrix/pretrained_static_s806/predictions.npz
canonical224_159,pretrained,static,806,parent,371,1,1,1,1.0,predictions.npz logits/labels disaggregated; sums locked to result.json J,missing,1,1,1.0,atomic_joint,1,1,1.0,AB,missing,missing,missing,missing,artifacts/e1a933_review/vision_gpu_interpretation/cuda_matrix/pretrained_static_s806/predictions.npz
canonical224_159,pretrained,static,806,parent,377,1,0,1,0.0,predictions.npz logits/labels disaggregated; sums locked to result.json J,missing,1,1,1.0,atomic_joint,0,1,0.0,AB,missing,missing,missing,missing,artifacts/e1a933_review/vision_gpu_interpretation/cuda_matrix/pretrained_static_s806/predictions.npz
canonical224_159,pretrained,static,806,parent,378,3,2,3,0.6666666666666666,predictions.npz logits/labels disaggregated; sums locked to result.json J,missing,3,3,1.0,atomic_joint,2,3,0.6666666666666666,AB,missing,missing,missing,missing,artifacts/e1a933_review/vision_gpu_interpretation/cuda_matrix/pretrained_static_s806/predictions.npz
canonical224_159,pretrained,static,806,parent,382,2,0,2,0.0,predictions.npz logits/labels disaggregated; sums locked to result.json J,missing,0,2,0.0,atomic_joint,2,2,1.0,AB,missing,missing,missing,missing,artifacts/e1a933_review/vision_gpu_interpretation/cuda_matrix/pretrained_static_s806/predictions.npz
canonical224_159,pretrained,static,806,parent,384,4,2,4,0.5,predictions.npz logits/labels disaggregated; sums locked to result.json J,missing,4,4,1.0,atomic_joint,2,4,0.5,AB,missing,missing,missing,missing,artifacts/e1a933_review/vision_gpu_interpretation/cuda_matrix/pretrained_static_s806/predictions.npz
canonical224_159,pretrained,static,806,parent,392,2,2,2,1.0,predictions.npz logits/labels disaggregated; sums locked to result.json J,missing,2,2,1.0,atomic_joint,2,2,1.0,AB,missing,missing,missing,missing,artifacts/e1a933_review/vision_gpu_interpretation/cuda_matrix/pretrained_static_s806/predictions.npz
canonical224_159,pretrained,static,806,parent,396,3,0,3,0.0,predictions.npz logits/labels disaggregated; sums locked to result.json J,missing,3,3,1.0,atomic_joint,0,3,0.0,AB,missing,missing,missing,missing,artifacts/e1a933_review/vision_gpu_interpretation/cuda_matrix/pretrained_static_s806/predictions.npz
canonical224_159,pretrained,static,806,parent,400,1,1,1,1.0,predictions.npz logits/labels disaggregated; sums locked to result.json J,missing,1,1,1.0,atomic_joint,1,1,1.0,AB,missing,missing,missing,missing,artifacts/e1a933_review/vision_gpu_interpretation/cuda_matrix/pretrained_static_s806/predictions.npz
canonical224_159,pretrained,static,806,parent,401,4,2,4,0.5,predictions.npz logits/labels disaggregated; sums locked to result.json J,missing,2,4,0.5,atomic_joint,3,4,0.75,AB,missing,missing,missing,missing,artifacts/e1a933_review/vision_gpu_interpretation/cuda_matrix/pretrained_static_s806/predictions.npz
canonical224_159,pretrained,static,806,parent,413,1,0,1,0.0,predictions.npz logits/labels disaggregated; sums locked to result.json J,missing,0,1,0.0,atomic_joint,1,1,1.0,AB,missing,missing,missing,missing,artifacts/e1a933_review/vision_gpu_interpretation/cuda_matrix/pretrained_static_s806/predictions.npz
canonical224_159,pretrained,static,806,parent,414,3,3,3,1.0,predictions.npz logits/labels disaggregated; sums locked to result.json J,missing,3,3,1.0,atomic_joint,3,3,1.0,AB,missing,missing,missing,missing,artifacts/e1a933_review/vision_gpu_interpretation/cuda_matrix/pretrained_static_s806/predictions.npz
canonical224_159,pretrained,static,806,parent,417,2,2,2,1.0,predictions.npz logits/labels disaggregated; sums locked to result.json J,missing,2,2,1.0,atomic_joint,2,2,1.0,AB,missing,missing,missing,missing,artifacts/e1a933_review/vision_gpu_interpretation/cuda_matrix/pretrained_static_s806/predictions.npz
canonical224_159,pretrained,static,806,parent,418,2,0,2,0.0,predictions.npz logits/labels disaggregated; sums locked to result.json J,missing,2,2,1.0,atomic_joint,0,2,0.0,AB,missing,missing,missing,missing,artifacts/e1a933_review/vision_gpu_interpretation/cuda_matrix/pretrained_static_s806/predictions.npz
canonical224_159,pretrained,static,806,parent,421,1,1,1,1.0,predictions.npz logits/labels disaggregated; sums locked to result.json J,missing,1,1,1.0,atomic_joint,1,1,1.0,AB,missing,missing,missing,missing,artifacts/e1a933_review/vision_gpu_interpretation/cuda_matrix/pretrained_static_s806/predictions.npz
canonical224_159,pretrained,static,806,parent,424,4,4,4,1.0,predictions.npz logits/labels disaggregated; sums locked to result.json J,missing,4,4,1.0,atomic_joint,4,4,1.0,AB,missing,missing,missing,missing,artifacts/e1a933_review/vision_gpu_interpretation/cuda_matrix/pretrained_static_s806/predictions.npz
canonical224_159,pretrained,static,806,parent,436,4,2,4,0.5,predictions.npz logits/labels disaggregated; sums locked to result.json J,missing,3,4,0.75,atomic_joint,3,4,0.75,AB,missing,missing,missing,missing,artifacts/e1a933_review/vision_gpu_interpretation/cuda_matrix/pretrained_static_s806/predictions.npz
canonical224_159,pretrained,static,806,parent,441,3,0,3,0.0,predictions.npz logits/labels disaggregated; sums locked to result.json J,missing,3,3,1.0,atomic_joint,0,3,0.0,AB,missing,missing,missing,missing,artifacts/e1a933_review/vision_gpu_interpretation/cuda_matrix/pretrained_static_s806/predictions.npz
canonical224_159,pretrained,static,806,parent,443,3,1,3,0.3333333333333333,predictions.npz logits/labels disaggregated; sums locked to result.json J,missing,3,3,1.0,atomic_joint,1,3,0.3333333333333333,AB,missing,missing,missing,missing,artifacts/e1a933_review/vision_gpu_interpretation/cuda_matrix/pretrained_static_s806/predictions.npz
canonical224_159,pretrained,static,806,parent,444,1,0,1,0.0,predictions.npz logits/labels disaggregated; sums locked to result.json J,missing,1,1,1.0,atomic_joint,0,1,0.0,AB,missing,missing,missing,missing,artifacts/e1a933_review/vision_gpu_interpretation/cuda_matrix/pretrained_static_s806/predictions.npz
canonical224_159,pretrained,static,806,parent,458,3,0,3,0.0,predictions.npz logits/labels disaggregated; sums locked to result.json J,missing,3,3,1.0,atomic_joint,0,3,0.0,AB,missing,missing,missing,missing,artifacts/e1a933_review/vision_gpu_interpretation/cuda_matrix/pretrained_static_s806/predictions.npz
canonical224_159,pretrained,static,806,parent,460,1,1,1,1.0,predictions.npz logits/labels disaggregated; sums locked to result.json J,missing,1,1,1.0,atomic_joint,1,1,1.0,AB,missing,missing,missing,missing,artifacts/e1a933_review/vision_gpu_interpretation/cuda_matrix/pretrained_static_s806/predictions.npz
canonical224_159,pretrained,static,806,parent,461,1,0,1,0.0,predictions.npz logits/labels disaggregated; sums locked to result.json J,missing,1,1,1.0,atomic_joint,0,1,0.0,AB,missing,missing,missing,missing,artifacts/e1a933_review/vision_gpu_interpretation/cuda_matrix/pretrained_static_s806/predictions.npz
canonical224_159,pretrained,static,806,parent,465,1,1,1,1.0,predictions.npz logits/labels disaggregated; sums locked to result.json J,missing,1,1,1.0,atomic_joint,1,1,1.0,AB,missing,missing,missing,missing,artifacts/e1a933_review/vision_gpu_interpretation/cuda_matrix/pretrained_static_s806/predictions.npz
canonical224_159,pretrained,static,806,parent,472,3,3,3,1.0,predictions.npz logits/labels disaggregated; sums locked to result.json J,missing,3,3,1.0,atomic_joint,3,3,1.0,AB,missing,missing,missing,missing,artifacts/e1a933_review/vision_gpu_interpretation/cuda_matrix/pretrained_static_s806/predictions.npz
canonical224_159,pretrained,static,806,parent,480,4,4,4,1.0,predictions.npz logits/labels disaggregated; sums locked to result.json J,missing,4,4,1.0,atomic_joint,4,4,1.0,AB,missing,missing,missing,missing,artifacts/e1a933_review/vision_gpu_interpretation/cuda_matrix/pretrained_static_s806/predictions.npz
canonical224_159,pretrained,static,806,parent,494,2,0,2,0.0,predictions.npz logits/labels disaggregated; sums locked to result.json J,missing,0,2,0.0,atomic_joint,2,2,1.0,AB,missing,missing,missing,missing,artifacts/e1a933_review/vision_gpu_interpretation/cuda_matrix/pretrained_static_s806/predictions.npz
canonical224_159,pretrained,flip,803,parent,3,1,1,1,1.0,predictions.npz logits/labels disaggregated; sums locked to result.json J,missing,1,1,1.0,atomic_joint,1,1,1.0,AB,missing,missing,missing,missing,artifacts/e1a933_review/vision_gpu_interpretation/cuda_matrix/pretrained_flip_s803/predictions.npz
canonical224_159,pretrained,flip,803,parent,21,3,1,3,0.3333333333333333,predictions.npz logits/labels disaggregated; sums locked to result.json J,missing,1,3,0.3333333333333333,atomic_joint,3,3,1.0,AB,missing,missing,missing,missing,artifacts/e1a933_review/vision_gpu_interpretation/cuda_matrix/pretrained_flip_s803/predictions.npz
canonical224_159,pretrained,flip,803,parent,32,4,4,4,1.0,predictions.npz logits/labels disaggregated; sums locked to result.json J,missing,4,4,1.0,atomic_joint,4,4,1.0,AB,missing,missing,missing,missing,artifacts/e1a933_review/vision_gpu_interpretation/cuda_matrix/pretrained_flip_s803/predictions.npz
canonical224_159,pretrained,flip,803,parent,37,4,0,4,0.0,predictions.npz logits/labels disaggregated; sums locked to result.json J,missing,0,4,0.0,atomic_joint,4,4,1.0,AB,missing,missing,missing,missing,artifacts/e1a933_review/vision_gpu_interpretation/cuda_matrix/pretrained_flip_s803/predictions.npz
canonical224_159,pretrained,flip,803,parent,45,3,0,3,0.0,predictions.npz logits/labels disaggregated; sums locked to result.json J,missing,0,3,0.0,atomic_joint,3,3,1.0,AB,missing,missing,missing,missing,artifacts/e1a933_review/vision_gpu_interpretation/cuda_matrix/pretrained_flip_s803/predictions.npz
canonical224_159,pretrained,flip,803,parent,63,1,0,1,0.0,predictions.npz logits/labels disaggregated; sums locked to result.json J,missing,0,1,0.0,atomic_joint,1,1,1.0,AB,missing,missing,missing,missing,artifacts/e1a933_review/vision_gpu_interpretation/cuda_matrix/pretrained_flip_s803/predictions.npz
canonical224_159,pretrained,flip,803,parent,64,4,0,4,0.0,predictions.npz logits/labels disaggregated; sums locked to result.json J,missing,0,4,0.0,atomic_joint,3,4,0.75,AB,missing,missing,missing,missing,artifacts/e1a933_review/vision_gpu_interpretation/cuda_matrix/pretrained_flip_s803/predictions.npz
canonical224_159,pretrained,flip,803,parent,72,4,3,4,0.75,predictions.npz logits/labels disaggregated; sums locked to result.json J,missing,4,4,1.0,atomic_joint,3,4,0.75,AB,missing,missing,missing,missing,artifacts/e1a933_review/vision_gpu_interpretation/cuda_matrix/pretrained_flip_s803/predictions.npz
canonical224_159,pretrained,flip,803,parent,86,1,1,1,1.0,predictions.npz logits/labels disaggregated; sums locked to result.json J,missing,1,1,1.0,atomic_joint,1,1,1.0,AB,missing,missing,missing,missing,artifacts/e1a933_review/vision_gpu_interpretation/cuda_matrix/pretrained_flip_s803/predictions.npz
canonical224_159,pretrained,flip,803,parent,92,1,0,1,0.0,predictions.npz logits/labels disaggregated; sums locked to result.json J,missing,0,1,0.0,atomic_joint,1,1,1.0,AB,missing,missing,missing,missing,artifacts/e1a933_review/vision_gpu_interpretation/cuda_matrix/pretrained_flip_s803/predictions.npz
canonical224_159,pretrained,flip,803,parent,94,2,2,2,1.0,predictions.npz logits/labels disaggregated; sums locked to result.json J,missing,2,2,1.0,atomic_joint,2,2,1.0,AB,missing,missing,missing,missing,artifacts/e1a933_review/vision_gpu_interpretation/cuda_matrix/pretrained_flip_s803/predictions.npz
canonical224_159,pretrained,flip,803,parent,105,1,1,1,1.0,predictions.npz logits/labels disaggregated; sums locked to result.json J,missing,1,1,1.0,atomic_joint,1,1,1.0,AB,missing,missing,missing,missing,artifacts/e1a933_review/vision_gpu_interpretation/cuda_matrix/pretrained_flip_s803/predictions.npz
canonical224_159,pretrained,flip,803,parent,107,3,2,3,0.6666666666666666,predictions.npz logits/labels disaggregated; sums locked to result.json J,missing,3,3,1.0,atomic_joint,2,3,0.6666666666666666,AB,missing,missing,missing,missing,artifacts/e1a933_review/vision_gpu_interpretation/cuda_matrix/pretrained_flip_s803/predictions.npz
canonical224_159,pretrained,flip,803,parent,114,1,0,1,0.0,predictions.npz logits/labels disaggregated; sums locked to result.json J,missing,0,1,0.0,atomic_joint,1,1,1.0,AB,missing,missing,missing,missing,artifacts/e1a933_review/vision_gpu_interpretation/cuda_matrix/pretrained_flip_s803/predictions.npz
canonical224_159,pretrained,flip,803,parent,128,1,0,1,0.0,predictions.npz logits/labels disaggregated; sums locked to result.json J,missing,0,1,0.0,atomic_joint,1,1,1.0,AB,missing,missing,missing,missing,artifacts/e1a933_review/vision_gpu_interpretation/cuda_matrix/pretrained_flip_s803/predictions.npz
canonical224_159,pretrained,flip,803,parent,140,4,0,4,0.0,predictions.npz logits/labels disaggregated; sums locked to result.json J,missing,0,4,0.0,atomic_joint,4,4,1.0,AB,missing,missing,missing,missing,artifacts/e1a933_review/vision_gpu_interpretation/cuda_matrix/pretrained_flip_s803/predictions.npz
canonical224_159,pretrained,flip,803,parent,146,2,1,2,0.5,predictions.npz logits/labels disaggregated; sums locked to result.json J,missing,2,2,1.0,atomic_joint,1,2,0.5,AB,missing,missing,missing,missing,artifacts/e1a933_review/vision_gpu_interpretation/cuda_matrix/pretrained_flip_s803/predictions.npz
canonical224_159,pretrained,flip,803,parent,165,2,2,2,1.0,predictions.npz logits/labels disaggregated; sums locked to result.json J,missing,2,2,1.0,atomic_joint,2,2,1.0,AB,missing,missing,missing,missing,artifacts/e1a933_review/vision_gpu_interpretation/cuda_matrix/pretrained_flip_s803/predictions.npz
canonical224_159,pretrained,flip,803,parent,181,3,2,3,0.6666666666666666,predictions.npz logits/labels disaggregated; sums locked to result.json J,missing,2,3,0.6666666666666666,atomic_joint,3,3,1.0,AB,missing,missing,missing,missing,artifacts/e1a933_review/vision_gpu_interpretation/cuda_matrix/pretrained_flip_s803/predictions.npz
canonical224_159,pretrained,flip,803,parent,183,1,0,1,0.0,predictions.npz logits/labels disaggregated; sums locked to result.json J,missing,1,1,1.0,atomic_joint,0,1,0.0,AB,missing,missing,missing,missing,artifacts/e1a933_review/vision_gpu_interpretation/cuda_matrix/pretrained_flip_s803/predictions.npz
canonical224_159,pretrained,flip,803,parent,185,2,2,2,1.0,predictions.npz logits/labels disaggregated; sums locked to result.json J,missing,2,2,1.0,atomic_joint,2,2,1.0,AB,missing,missing,missing,missing,artifacts/e1a933_review/vision_gpu_interpretation/cuda_matrix/pretrained_flip_s803/predictions.npz
canonical224_159,pretrained,flip,803,parent,203,2,0,2,0.0,predictions.npz logits/labels disaggregated; sums locked to result.json J,missing,0,2,0.0,atomic_joint,2,2,1.0,AB,missing,missing,missing,missing,artifacts/e1a933_review/vision_gpu_interpretation/cuda_matrix/pretrained_flip_s803/predictions.npz
canonical224_159,pretrained,flip,803,parent,209,1,1,1,1.0,predictions.npz logits/labels disaggregated; sums locked to result.json J,missing,1,1,1.0,atomic_joint,1,1,1.0,AB,missing,missing,missing,missing,artifacts/e1a933_review/vision_gpu_interpretation/cuda_matrix/pretrained_flip_s803/predictions.npz
canonical224_159,pretrained,flip,803,parent,211,1,1,1,1.0,predictions.npz logits/labels disaggregated; sums locked to result.json J,missing,1,1,1.0,atomic_joint,1,1,1.0,AB,missing,missing,missing,missing,artifacts/e1a933_review/vision_gpu_interpretation/cuda_matrix/pretrained_flip_s803/predictions.npz
canonical224_159,pretrained,flip,803,parent,215,3,2,3,0.6666666666666666,predictions.npz logits/labels disaggregated; sums locked to result.json J,missing,3,3,1.0,atomic_joint,2,3,0.6666666666666666,AB,missing,missing,missing,missing,artifacts/e1a933_review/vision_gpu_interpretation/cuda_matrix/pretrained_flip_s803/predictions.npz
canonical224_159,pretrained,flip,803,parent,216,4,4,4,1.0,predictions.npz logits/labels disaggregated; sums locked to result.json J,missing,4,4,1.0,atomic_joint,4,4,1.0,AB,missing,missing,missing,missing,artifacts/e1a933_review/vision_gpu_interpretation/cuda_matrix/pretrained_flip_s803/predictions.npz
canonical224_159,pretrained,flip,803,parent,228,4,3,4,0.75,predictions.npz logits/labels disaggregated; sums locked to result.json J,missing,4,4,1.0,atomic_joint,3,4,0.75,AB,missing,missing,missing,missing,artifacts/e1a933_review/vision_gpu_interpretation/cuda_matrix/pretrained_flip_s803/predictions.npz
canonical224_159,pretrained,flip,803,parent,239,3,3,3,1.0,predictions.npz logits/labels disaggregated; sums locked to result.json J,missing,3,3,1.0,atomic_joint,3,3,1.0,AB,missing,missing,missing,missing,artifacts/e1a933_review/vision_gpu_interpretation/cuda_matrix/pretrained_flip_s803/predictions.npz
canonical224_159,pretrained,flip,803,parent,245,1,1,1,1.0,predictions.npz logits/labels disaggregated; sums locked to result.json J,missing,1,1,1.0,atomic_joint,1,1,1.0,AB,missing,missing,missing,missing,artifacts/e1a933_review/vision_gpu_interpretation/cuda_matrix/pretrained_flip_s803/predictions.npz
canonical224_159,pretrained,flip,803,parent,252,1,1,1,1.0,predictions.npz logits/labels disaggregated; sums locked to result.json J,missing,1,1,1.0,atomic_joint,1,1,1.0,AB,missing,missing,missing,missing,artifacts/e1a933_review/vision_gpu_interpretation/cuda_matrix/pretrained_flip_s803/predictions.npz
canonical224_159,pretrained,flip,803,parent,272,1,0,1,0.0,predictions.npz logits/labels disaggregated; sums locked to result.json J,missing,0,1,0.0,atomic_joint,1,1,1.0,AB,missing,missing,missing,missing,artifacts/e1a933_review/vision_gpu_interpretation/cuda_matrix/pretrained_flip_s803/predictions.npz
canonical224_159,pretrained,flip,803,parent,290,1,0,1,0.0,predictions.npz logits/labels disaggregated; sums locked to result.json J,missing,0,1,0.0,atomic_joint,1,1,1.0,AB,missing,missing,missing,missing,artifacts/e1a933_review/vision_gpu_interpretation/cuda_matrix/pretrained_flip_s803/predictions.npz
canonical224_159,pretrained,flip,803,parent,300,2,1,2,0.5,predictions.npz logits/labels disaggregated; sums locked to result.json J,missing,2,2,1.0,atomic_joint,1,2,0.5,AB,missing,missing,missing,missing,artifacts/e1a933_review/vision_gpu_interpretation/cuda_matrix/pretrained_flip_s803/predictions.npz
canonical224_159,pretrained,flip,803,parent,303,1,1,1,1.0,predictions.npz logits/labels disaggregated; sums locked to result.json J,missing,1,1,1.0,atomic_joint,1,1,1.0,AB,missing,missing,missing,missing,artifacts/e1a933_review/vision_gpu_interpretation/cuda_matrix/pretrained_flip_s803/predictions.npz
canonical224_159,pretrained,flip,803,parent,310,2,2,2,1.0,predictions.npz logits/labels disaggregated; sums locked to result.json J,missing,2,2,1.0,atomic_joint,2,2,1.0,AB,missing,missing,missing,missing,artifacts/e1a933_review/vision_gpu_interpretation/cuda_matrix/pretrained_flip_s803/predictions.npz
canonical224_159,pretrained,flip,803,parent,314,1,1,1,1.0,predictions.npz logits/labels disaggregated; sums locked to result.json J,missing,1,1,1.0,atomic_joint,1,1,1.0,AB,missing,missing,missing,missing,artifacts/e1a933_review/vision_gpu_interpretation/cuda_matrix/pretrained_flip_s803/predictions.npz
canonical224_159,pretrained,flip,803,parent,317,1,1,1,1.0,predictions.npz logits/labels disaggregated; sums locked to result.json J,missing,1,1,1.0,atomic_joint,1,1,1.0,AB,missing,missing,missing,missing,artifacts/e1a933_review/vision_gpu_interpretation/cuda_matrix/pretrained_flip_s803/predictions.npz
canonical224_159,pretrained,flip,803,parent,321,2,2,2,1.0,predictions.npz logits/labels disaggregated; sums locked to result.json J,missing,2,2,1.0,atomic_joint,2,2,1.0,AB,missing,missing,missing,missing,artifacts/e1a933_review/vision_gpu_interpretation/cuda_matrix/pretrained_flip_s803/predictions.npz
canonical224_159,pretrained,flip,803,parent,325,1,0,1,0.0,predictions.npz logits/labels disaggregated; sums locked to result.json J,missing,0,1,0.0,atomic_joint,1,1,1.0,AB,missing,missing,missing,missing,artifacts/e1a933_review/vision_gpu_interpretation/cuda_matrix/pretrained_flip_s803/predictions.npz
canonical224_159,pretrained,flip,803,parent,329,1,1,1,1.0,predictions.npz logits/labels disaggregated; sums locked to result.json J,missing,1,1,1.0,atomic_joint,1,1,1.0,AB,missing,missing,missing,missing,artifacts/e1a933_review/vision_gpu_interpretation/cuda_matrix/pretrained_flip_s803/predictions.npz
canonical224_159,pretrained,flip,803,parent,336,4,4,4,1.0,predictions.npz logits/labels disaggregated; sums locked to result.json J,missing,4,4,1.0,atomic_joint,4,4,1.0,AB,missing,missing,missing,missing,artifacts/e1a933_review/vision_gpu_interpretation/cuda_matrix/pretrained_flip_s803/predictions.npz
canonical224_159,pretrained,flip,803,parent,345,3,2,3,0.6666666666666666,predictions.npz logits/labels disaggregated; sums locked to result.json J,missing,3,3,1.0,atomic_joint,2,3,0.6666666666666666,AB,missing,missing,missing,missing,artifacts/e1a933_review/vision_gpu_interpretation/cuda_matrix/pretrained_flip_s803/predictions.npz
canonical224_159,pretrained,flip,803,parent,350,1,1,1,1.0,predictions.npz logits/labels disaggregated; sums locked to result.json J,missing,1,1,1.0,atomic_joint,1,1,1.0,AB,missing,missing,missing,missing,artifacts/e1a933_review/vision_gpu_interpretation/cuda_matrix/pretrained_flip_s803/predictions.npz
canonical224_159,pretrained,flip,803,parent,353,2,1,2,0.5,predictions.npz logits/labels disaggregated; sums locked to result.json J,missing,2,2,1.0,atomic_joint,1,2,0.5,AB,missing,missing,missing,missing,artifacts/e1a933_review/vision_gpu_interpretation/cuda_matrix/pretrained_flip_s803/predictions.npz
canonical224_159,pretrained,flip,803,parent,356,1,1,1,1.0,predictions.npz logits/labels disaggregated; sums locked to result.json J,missing,1,1,1.0,atomic_joint,1,1,1.0,AB,missing,missing,missing,missing,artifacts/e1a933_review/vision_gpu_interpretation/cuda_matrix/pretrained_flip_s803/predictions.npz
canonical224_159,pretrained,flip,803,parent,363,1,1,1,1.0,predictions.npz logits/labels disaggregated; sums locked to result.json J,missing,1,1,1.0,atomic_joint,1,1,1.0,AB,missing,missing,missing,missing,artifacts/e1a933_review/vision_gpu_interpretation/cuda_matrix/pretrained_flip_s803/predictions.npz
canonical224_159,pretrained,flip,803,parent,364,2,2,2,1.0,predictions.npz logits/labels disaggregated; sums locked to result.json J,missing,2,2,1.0,atomic_joint,2,2,1.0,AB,missing,missing,missing,missing,artifacts/e1a933_review/vision_gpu_interpretation/cuda_matrix/pretrained_flip_s803/predictions.npz
canonical224_159,pretrained,flip,803,parent,369,4,4,4,1.0,predictions.npz logits/labels disaggregated; sums locked to result.json J,missing,4,4,1.0,atomic_joint,4,4,1.0,AB,missing,missing,missing,missing,artifacts/e1a933_review/vision_gpu_interpretation/cuda_matrix/pretrained_flip_s803/predictions.npz
canonical224_159,pretrained,flip,803,parent,371,1,1,1,1.0,predictions.npz logits/labels disaggregated; sums locked to result.json J,missing,1,1,1.0,atomic_joint,1,1,1.0,AB,missing,missing,missing,missing,artifacts/e1a933_review/vision_gpu_interpretation/cuda_matrix/pretrained_flip_s803/predictions.npz
canonical224_159,pretrained,flip,803,parent,377,1,0,1,0.0,predictions.npz logits/labels disaggregated; sums locked to result.json J,missing,1,1,1.0,atomic_joint,0,1,0.0,AB,missing,missing,missing,missing,artifacts/e1a933_review/vision_gpu_interpretation/cuda_matrix/pretrained_flip_s803/predictions.npz
canonical224_159,pretrained,flip,803,parent,378,3,2,3,0.6666666666666666,predictions.npz logits/labels disaggregated; sums locked to result.json J,missing,2,3,0.6666666666666666,atomic_joint,3,3,1.0,AB,missing,missing,missing,missing,artifacts/e1a933_review/vision_gpu_interpretation/cuda_matrix/pretrained_flip_s803/predictions.npz
canonical224_159,pretrained,flip,803,parent,382,2,0,2,0.0,predictions.npz logits/labels disaggregated; sums locked to result.json J,missing,0,2,0.0,atomic_joint,2,2,1.0,AB,missing,missing,missing,missing,artifacts/e1a933_review/vision_gpu_interpretation/cuda_matrix/pretrained_flip_s803/predictions.npz
canonical224_159,pretrained,flip,803,parent,384,4,2,4,0.5,predictions.npz logits/labels disaggregated; sums locked to result.json J,missing,2,4,0.5,atomic_joint,4,4,1.0,AB,missing,missing,missing,missing,artifacts/e1a933_review/vision_gpu_interpretation/cuda_matrix/pretrained_flip_s803/predictions.npz
canonical224_159,pretrained,flip,803,parent,392,2,2,2,1.0,predictions.npz logits/labels disaggregated; sums locked to result.json J,missing,2,2,1.0,atomic_joint,2,2,1.0,AB,missing,missing,missing,missing,artifacts/e1a933_review/vision_gpu_interpretation/cuda_matrix/pretrained_flip_s803/predictions.npz
canonical224_159,pretrained,flip,803,parent,396,3,0,3,0.0,predictions.npz logits/labels disaggregated; sums locked to result.json J,missing,0,3,0.0,atomic_joint,3,3,1.0,AB,missing,missing,missing,missing,artifacts/e1a933_review/vision_gpu_interpretation/cuda_matrix/pretrained_flip_s803/predictions.npz
canonical224_159,pretrained,flip,803,parent,400,1,1,1,1.0,predictions.npz logits/labels disaggregated; sums locked to result.json J,missing,1,1,1.0,atomic_joint,1,1,1.0,AB,missing,missing,missing,missing,artifacts/e1a933_review/vision_gpu_interpretation/cuda_matrix/pretrained_flip_s803/predictions.npz
canonical224_159,pretrained,flip,803,parent,401,4,2,4,0.5,predictions.npz logits/labels disaggregated; sums locked to result.json J,missing,2,4,0.5,atomic_joint,4,4,1.0,AB,missing,missing,missing,missing,artifacts/e1a933_review/vision_gpu_interpretation/cuda_matrix/pretrained_flip_s803/predictions.npz
canonical224_159,pretrained,flip,803,parent,413,1,0,1,0.0,predictions.npz logits/labels disaggregated; sums locked to result.json J,missing,0,1,0.0,atomic_joint,1,1,1.0,AB,missing,missing,missing,missing,artifacts/e1a933_review/vision_gpu_interpretation/cuda_matrix/pretrained_flip_s803/predictions.npz
canonical224_159,pretrained,flip,803,parent,414,3,3,3,1.0,predictions.npz logits/labels disaggregated; sums locked to result.json J,missing,3,3,1.0,atomic_joint,3,3,1.0,AB,missing,missing,missing,missing,artifacts/e1a933_review/vision_gpu_interpretation/cuda_matrix/pretrained_flip_s803/predictions.npz
canonical224_159,pretrained,flip,803,parent,417,2,2,2,1.0,predictions.npz logits/labels disaggregated; sums locked to result.json J,missing,2,2,1.0,atomic_joint,2,2,1.0,AB,missing,missing,missing,missing,artifacts/e1a933_review/vision_gpu_interpretation/cuda_matrix/pretrained_flip_s803/predictions.npz
canonical224_159,pretrained,flip,803,parent,418,2,0,2,0.0,predictions.npz logits/labels disaggregated; sums locked to result.json J,missing,2,2,1.0,atomic_joint,0,2,0.0,AB,missing,missing,missing,missing,artifacts/e1a933_review/vision_gpu_interpretation/cuda_matrix/pretrained_flip_s803/predictions.npz
canonical224_159,pretrained,flip,803,parent,421,1,1,1,1.0,predictions.npz logits/labels disaggregated; sums locked to result.json J,missing,1,1,1.0,atomic_joint,1,1,1.0,AB,missing,missing,missing,missing,artifacts/e1a933_review/vision_gpu_interpretation/cuda_matrix/pretrained_flip_s803/predictions.npz
canonical224_159,pretrained,flip,803,parent,424,4,4,4,1.0,predictions.npz logits/labels disaggregated; sums locked to result.json J,missing,4,4,1.0,atomic_joint,4,4,1.0,AB,missing,missing,missing,missing,artifacts/e1a933_review/vision_gpu_interpretation/cuda_matrix/pretrained_flip_s803/predictions.npz
canonical224_159,pretrained,flip,803,parent,436,4,4,4,1.0,predictions.npz logits/labels disaggregated; sums locked to result.json J,missing,4,4,1.0,atomic_joint,4,4,1.0,AB,missing,missing,missing,missing,artifacts/e1a933_review/vision_gpu_interpretation/cuda_matrix/pretrained_flip_s803/predictions.npz
canonical224_159,pretrained,flip,803,parent,441,3,2,3,0.6666666666666666,predictions.npz logits/labels disaggregated; sums locked to result.json J,missing,3,3,1.0,atomic_joint,2,3,0.6666666666666666,AB,missing,missing,missing,missing,artifacts/e1a933_review/vision_gpu_interpretation/cuda_matrix/pretrained_flip_s803/predictions.npz
canonical224_159,pretrained,flip,803,parent,443,3,2,3,0.6666666666666666,predictions.npz logits/labels disaggregated; sums locked to result.json J,missing,3,3,1.0,atomic_joint,2,3,0.6666666666666666,AB,missing,missing,missing,missing,artifacts/e1a933_review/vision_gpu_interpretation/cuda_matrix/pretrained_flip_s803/predictions.npz
canonical224_159,pretrained,flip,803,parent,444,1,1,1,1.0,predictions.npz logits/labels disaggregated; sums locked to result.json J,missing,1,1,1.0,atomic_joint,1,1,1.0,AB,missing,missing,missing,missing,artifacts/e1a933_review/vision_gpu_interpretation/cuda_matrix/pretrained_flip_s803/predictions.npz
canonical224_159,pretrained,flip,803,parent,458,3,0,3,0.0,predictions.npz logits/labels disaggregated; sums locked to result.json J,missing,0,3,0.0,atomic_joint,3,3,1.0,AB,missing,missing,missing,missing,artifacts/e1a933_review/vision_gpu_interpretation/cuda_matrix/pretrained_flip_s803/predictions.npz
canonical224_159,pretrained,flip,803,parent,460,1,1,1,1.0,predictions.npz logits/labels disaggregated; sums locked to result.json J,missing,1,1,1.0,atomic_joint,1,1,1.0,AB,missing,missing,missing,missing,artifacts/e1a933_review/vision_gpu_interpretation/cuda_matrix/pretrained_flip_s803/predictions.npz
canonical224_159,pretrained,flip,803,parent,461,1,0,1,0.0,predictions.npz logits/labels disaggregated; sums locked to result.json J,missing,1,1,1.0,atomic_joint,0,1,0.0,AB,missing,missing,missing,missing,artifacts/e1a933_review/vision_gpu_interpretation/cuda_matrix/pretrained_flip_s803/predictions.npz
canonical224_159,pretrained,flip,803,parent,465,1,1,1,1.0,predictions.npz logits/labels disaggregated; sums locked to result.json J,missing,1,1,1.0,atomic_joint,1,1,1.0,AB,missing,missing,missing,missing,artifacts/e1a933_review/vision_gpu_interpretation/cuda_matrix/pretrained_flip_s803/predictions.npz
canonical224_159,pretrained,flip,803,parent,472,3,3,3,1.0,predictions.npz logits/labels disaggregated; sums locked to result.json J,missing,3,3,1.0,atomic_joint,3,3,1.0,AB,missing,missing,missing,missing,artifacts/e1a933_review/vision_gpu_interpretation/cuda_matrix/pretrained_flip_s803/predictions.npz
canonical224_159,pretrained,flip,803,parent,480,4,3,4,0.75,predictions.npz logits/labels disaggregated; sums locked to result.json J,missing,4,4,1.0,atomic_joint,3,4,0.75,AB,missing,missing,missing,missing,artifacts/e1a933_review/vision_gpu_interpretation/cuda_matrix/pretrained_flip_s803/predictions.npz
canonical224_159,pretrained,flip,803,parent,494,2,2,2,1.0,predictions.npz logits/labels disaggregated; sums locked to result.json J,missing,2,2,1.0,atomic_joint,2,2,1.0,AB,missing,missing,missing,missing,artifacts/e1a933_review/vision_gpu_interpretation/cuda_matrix/pretrained_flip_s803/predictions.npz
canonical224_159,pretrained,flip,805,parent,3,1,1,1,1.0,predictions.npz logits/labels disaggregated; sums locked to result.json J,missing,1,1,1.0,atomic_joint,1,1,1.0,AB,missing,missing,missing,missing,artifacts/e1a933_review/vision_gpu_interpretation/cuda_matrix/pretrained_flip_s805/predictions.npz
canonical224_159,pretrained,flip,805,parent,21,3,1,3,0.3333333333333333,predictions.npz logits/labels disaggregated; sums locked to result.json J,missing,1,3,0.3333333333333333,atomic_joint,3,3,1.0,AB,missing,missing,missing,missing,artifacts/e1a933_review/vision_gpu_interpretation/cuda_matrix/pretrained_flip_s805/predictions.npz
canonical224_159,pretrained,flip,805,parent,32,4,4,4,1.0,predictions.npz logits/labels disaggregated; sums locked to result.json J,missing,4,4,1.0,atomic_joint,4,4,1.0,AB,missing,missing,missing,missing,artifacts/e1a933_review/vision_gpu_interpretation/cuda_matrix/pretrained_flip_s805/predictions.npz
canonical224_159,pretrained,flip,805,parent,37,4,0,4,0.0,predictions.npz logits/labels disaggregated; sums locked to result.json J,missing,0,4,0.0,atomic_joint,4,4,1.0,AB,missing,missing,missing,missing,artifacts/e1a933_review/vision_gpu_interpretation/cuda_matrix/pretrained_flip_s805/predictions.npz
canonical224_159,pretrained,flip,805,parent,45,3,1,3,0.3333333333333333,predictions.npz logits/labels disaggregated; sums locked to result.json J,missing,1,3,0.3333333333333333,atomic_joint,3,3,1.0,AB,missing,missing,missing,missing,artifacts/e1a933_review/vision_gpu_interpretation/cuda_matrix/pretrained_flip_s805/predictions.npz
canonical224_159,pretrained,flip,805,parent,63,1,0,1,0.0,predictions.npz logits/labels disaggregated; sums locked to result.json J,missing,0,1,0.0,atomic_joint,1,1,1.0,AB,missing,missing,missing,missing,artifacts/e1a933_review/vision_gpu_interpretation/cuda_matrix/pretrained_flip_s805/predictions.npz
canonical224_159,pretrained,flip,805,parent,64,4,0,4,0.0,predictions.npz logits/labels disaggregated; sums locked to result.json J,missing,0,4,0.0,atomic_joint,2,4,0.5,AB,missing,missing,missing,missing,artifacts/e1a933_review/vision_gpu_interpretation/cuda_matrix/pretrained_flip_s805/predictions.npz
canonical224_159,pretrained,flip,805,parent,72,4,4,4,1.0,predictions.npz logits/labels disaggregated; sums locked to result.json J,missing,4,4,1.0,atomic_joint,4,4,1.0,AB,missing,missing,missing,missing,artifacts/e1a933_review/vision_gpu_interpretation/cuda_matrix/pretrained_flip_s805/predictions.npz
canonical224_159,pretrained,flip,805,parent,86,1,1,1,1.0,predictions.npz logits/labels disaggregated; sums locked to result.json J,missing,1,1,1.0,atomic_joint,1,1,1.0,AB,missing,missing,missing,missing,artifacts/e1a933_review/vision_gpu_interpretation/cuda_matrix/pretrained_flip_s805/predictions.npz
canonical224_159,pretrained,flip,805,parent,92,1,0,1,0.0,predictions.npz logits/labels disaggregated; sums locked to result.json J,missing,0,1,0.0,atomic_joint,1,1,1.0,AB,missing,missing,missing,missing,artifacts/e1a933_review/vision_gpu_interpretation/cuda_matrix/pretrained_flip_s805/predictions.npz
canonical224_159,pretrained,flip,805,parent,94,2,2,2,1.0,predictions.npz logits/labels disaggregated; sums locked to result.json J,missing,2,2,1.0,atomic_joint,2,2,1.0,AB,missing,missing,missing,missing,artifacts/e1a933_review/vision_gpu_interpretation/cuda_matrix/pretrained_flip_s805/predictions.npz
canonical224_159,pretrained,flip,805,parent,105,1,1,1,1.0,predictions.npz logits/labels disaggregated; sums locked to result.json J,missing,1,1,1.0,atomic_joint,1,1,1.0,AB,missing,missing,missing,missing,artifacts/e1a933_review/vision_gpu_interpretation/cuda_matrix/pretrained_flip_s805/predictions.npz
canonical224_159,pretrained,flip,805,parent,107,3,2,3,0.6666666666666666,predictions.npz logits/labels disaggregated; sums locked to result.json J,missing,3,3,1.0,atomic_joint,2,3,0.6666666666666666,AB,missing,missing,missing,missing,artifacts/e1a933_review/vision_gpu_interpretation/cuda_matrix/pretrained_flip_s805/predictions.npz
canonical224_159,pretrained,flip,805,parent,114,1,0,1,0.0,predictions.npz logits/labels disaggregated; sums locked to result.json J,missing,0,1,0.0,atomic_joint,1,1,1.0,AB,missing,missing,missing,missing,artifacts/e1a933_review/vision_gpu_interpretation/cuda_matrix/pretrained_flip_s805/predictions.npz
canonical224_159,pretrained,flip,805,parent,128,1,0,1,0.0,predictions.npz logits/labels disaggregated; sums locked to result.json J,missing,0,1,0.0,atomic_joint,1,1,1.0,AB,missing,missing,missing,missing,artifacts/e1a933_review/vision_gpu_interpretation/cuda_matrix/pretrained_flip_s805/predictions.npz
canonical224_159,pretrained,flip,805,parent,140,4,0,4,0.0,predictions.npz logits/labels disaggregated; sums locked to result.json J,missing,0,4,0.0,atomic_joint,4,4,1.0,AB,missing,missing,missing,missing,artifacts/e1a933_review/vision_gpu_interpretation/cuda_matrix/pretrained_flip_s805/predictions.npz
canonical224_159,pretrained,flip,805,parent,146,2,2,2,1.0,predictions.npz logits/labels disaggregated; sums locked to result.json J,missing,2,2,1.0,atomic_joint,2,2,1.0,AB,missing,missing,missing,missing,artifacts/e1a933_review/vision_gpu_interpretation/cuda_matrix/pretrained_flip_s805/predictions.npz
canonical224_159,pretrained,flip,805,parent,165,2,1,2,0.5,predictions.npz logits/labels disaggregated; sums locked to result.json J,missing,1,2,0.5,atomic_joint,2,2,1.0,AB,missing,missing,missing,missing,artifacts/e1a933_review/vision_gpu_interpretation/cuda_matrix/pretrained_flip_s805/predictions.npz
canonical224_159,pretrained,flip,805,parent,181,3,2,3,0.6666666666666666,predictions.npz logits/labels disaggregated; sums locked to result.json J,missing,2,3,0.6666666666666666,atomic_joint,3,3,1.0,AB,missing,missing,missing,missing,artifacts/e1a933_review/vision_gpu_interpretation/cuda_matrix/pretrained_flip_s805/predictions.npz
canonical224_159,pretrained,flip,805,parent,183,1,1,1,1.0,predictions.npz logits/labels disaggregated; sums locked to result.json J,missing,1,1,1.0,atomic_joint,1,1,1.0,AB,missing,missing,missing,missing,artifacts/e1a933_review/vision_gpu_interpretation/cuda_matrix/pretrained_flip_s805/predictions.npz
canonical224_159,pretrained,flip,805,parent,185,2,2,2,1.0,predictions.npz logits/labels disaggregated; sums locked to result.json J,missing,2,2,1.0,atomic_joint,2,2,1.0,AB,missing,missing,missing,missing,artifacts/e1a933_review/vision_gpu_interpretation/cuda_matrix/pretrained_flip_s805/predictions.npz
canonical224_159,pretrained,flip,805,parent,203,2,0,2,0.0,predictions.npz logits/labels disaggregated; sums locked to result.json J,missing,0,2,0.0,atomic_joint,2,2,1.0,AB,missing,missing,missing,missing,artifacts/e1a933_review/vision_gpu_interpretation/cuda_matrix/pretrained_flip_s805/predictions.npz
canonical224_159,pretrained,flip,805,parent,209,1,1,1,1.0,predictions.npz logits/labels disaggregated; sums locked to result.json J,missing,1,1,1.0,atomic_joint,1,1,1.0,AB,missing,missing,missing,missing,artifacts/e1a933_review/vision_gpu_interpretation/cuda_matrix/pretrained_flip_s805/predictions.npz
canonical224_159,pretrained,flip,805,parent,211,1,1,1,1.0,predictions.npz logits/labels disaggregated; sums locked to result.json J,missing,1,1,1.0,atomic_joint,1,1,1.0,AB,missing,missing,missing,missing,artifacts/e1a933_review/vision_gpu_interpretation/cuda_matrix/pretrained_flip_s805/predictions.npz
canonical224_159,pretrained,flip,805,parent,215,3,3,3,1.0,predictions.npz logits/labels disaggregated; sums locked to result.json J,missing,3,3,1.0,atomic_joint,3,3,1.0,AB,missing,missing,missing,missing,artifacts/e1a933_review/vision_gpu_interpretation/cuda_matrix/pretrained_flip_s805/predictions.npz
canonical224_159,pretrained,flip,805,parent,216,4,4,4,1.0,predictions.npz logits/labels disaggregated; sums locked to result.json J,missing,4,4,1.0,atomic_joint,4,4,1.0,AB,missing,missing,missing,missing,artifacts/e1a933_review/vision_gpu_interpretation/cuda_matrix/pretrained_flip_s805/predictions.npz
canonical224_159,pretrained,flip,805,parent,228,4,3,4,0.75,predictions.npz logits/labels disaggregated; sums locked to result.json J,missing,4,4,1.0,atomic_joint,3,4,0.75,AB,missing,missing,missing,missing,artifacts/e1a933_review/vision_gpu_interpretation/cuda_matrix/pretrained_flip_s805/predictions.npz
canonical224_159,pretrained,flip,805,parent,239,3,3,3,1.0,predictions.npz logits/labels disaggregated; sums locked to result.json J,missing,3,3,1.0,atomic_joint,3,3,1.0,AB,missing,missing,missing,missing,artifacts/e1a933_review/vision_gpu_interpretation/cuda_matrix/pretrained_flip_s805/predictions.npz
canonical224_159,pretrained,flip,805,parent,245,1,1,1,1.0,predictions.npz logits/labels disaggregated; sums locked to result.json J,missing,1,1,1.0,atomic_joint,1,1,1.0,AB,missing,missing,missing,missing,artifacts/e1a933_review/vision_gpu_interpretation/cuda_matrix/pretrained_flip_s805/predictions.npz
canonical224_159,pretrained,flip,805,parent,252,1,1,1,1.0,predictions.npz logits/labels disaggregated; sums locked to result.json J,missing,1,1,1.0,atomic_joint,1,1,1.0,AB,missing,missing,missing,missing,artifacts/e1a933_review/vision_gpu_interpretation/cuda_matrix/pretrained_flip_s805/predictions.npz
canonical224_159,pretrained,flip,805,parent,272,1,0,1,0.0,predictions.npz logits/labels disaggregated; sums locked to result.json J,missing,0,1,0.0,atomic_joint,1,1,1.0,AB,missing,missing,missing,missing,artifacts/e1a933_review/vision_gpu_interpretation/cuda_matrix/pretrained_flip_s805/predictions.npz
canonical224_159,pretrained,flip,805,parent,290,1,0,1,0.0,predictions.npz logits/labels disaggregated; sums locked to result.json J,missing,0,1,0.0,atomic_joint,1,1,1.0,AB,missing,missing,missing,missing,artifacts/e1a933_review/vision_gpu_interpretation/cuda_matrix/pretrained_flip_s805/predictions.npz
canonical224_159,pretrained,flip,805,parent,300,2,2,2,1.0,predictions.npz logits/labels disaggregated; sums locked to result.json J,missing,2,2,1.0,atomic_joint,2,2,1.0,AB,missing,missing,missing,missing,artifacts/e1a933_review/vision_gpu_interpretation/cuda_matrix/pretrained_flip_s805/predictions.npz
canonical224_159,pretrained,flip,805,parent,303,1,1,1,1.0,predictions.npz logits/labels disaggregated; sums locked to result.json J,missing,1,1,1.0,atomic_joint,1,1,1.0,AB,missing,missing,missing,missing,artifacts/e1a933_review/vision_gpu_interpretation/cuda_matrix/pretrained_flip_s805/predictions.npz
canonical224_159,pretrained,flip,805,parent,310,2,2,2,1.0,predictions.npz logits/labels disaggregated; sums locked to result.json J,missing,2,2,1.0,atomic_joint,2,2,1.0,AB,missing,missing,missing,missing,artifacts/e1a933_review/vision_gpu_interpretation/cuda_matrix/pretrained_flip_s805/predictions.npz
canonical224_159,pretrained,flip,805,parent,314,1,1,1,1.0,predictions.npz logits/labels disaggregated; sums locked to result.json J,missing,1,1,1.0,atomic_joint,1,1,1.0,AB,missing,missing,missing,missing,artifacts/e1a933_review/vision_gpu_interpretation/cuda_matrix/pretrained_flip_s805/predictions.npz
canonical224_159,pretrained,flip,805,parent,317,1,1,1,1.0,predictions.npz logits/labels disaggregated; sums locked to result.json J,missing,1,1,1.0,atomic_joint,1,1,1.0,AB,missing,missing,missing,missing,artifacts/e1a933_review/vision_gpu_interpretation/cuda_matrix/pretrained_flip_s805/predictions.npz
canonical224_159,pretrained,flip,805,parent,321,2,2,2,1.0,predictions.npz logits/labels disaggregated; sums locked to result.json J,missing,2,2,1.0,atomic_joint,2,2,1.0,AB,missing,missing,missing,missing,artifacts/e1a933_review/vision_gpu_interpretation/cuda_matrix/pretrained_flip_s805/predictions.npz
canonical224_159,pretrained,flip,805,parent,325,1,0,1,0.0,predictions.npz logits/labels disaggregated; sums locked to result.json J,missing,0,1,0.0,atomic_joint,1,1,1.0,AB,missing,missing,missing,missing,artifacts/e1a933_review/vision_gpu_interpretation/cuda_matrix/pretrained_flip_s805/predictions.npz
canonical224_159,pretrained,flip,805,parent,329,1,1,1,1.0,predictions.npz logits/labels disaggregated; sums locked to result.json J,missing,1,1,1.0,atomic_joint,1,1,1.0,AB,missing,missing,missing,missing,artifacts/e1a933_review/vision_gpu_interpretation/cuda_matrix/pretrained_flip_s805/predictions.npz
canonical224_159,pretrained,flip,805,parent,336,4,4,4,1.0,predictions.npz logits/labels disaggregated; sums locked to result.json J,missing,4,4,1.0,atomic_joint,4,4,1.0,AB,missing,missing,missing,missing,artifacts/e1a933_review/vision_gpu_interpretation/cuda_matrix/pretrained_flip_s805/predictions.npz
canonical224_159,pretrained,flip,805,parent,345,3,1,3,0.3333333333333333,predictions.npz logits/labels disaggregated; sums locked to result.json J,missing,3,3,1.0,atomic_joint,1,3,0.3333333333333333,AB,missing,missing,missing,missing,artifacts/e1a933_review/vision_gpu_interpretation/cuda_matrix/pretrained_flip_s805/predictions.npz
canonical224_159,pretrained,flip,805,parent,350,1,1,1,1.0,predictions.npz logits/labels disaggregated; sums locked to result.json J,missing,1,1,1.0,atomic_joint,1,1,1.0,AB,missing,missing,missing,missing,artifacts/e1a933_review/vision_gpu_interpretation/cuda_matrix/pretrained_flip_s805/predictions.npz
canonical224_159,pretrained,flip,805,parent,353,2,1,2,0.5,predictions.npz logits/labels disaggregated; sums locked to result.json J,missing,1,2,0.5,atomic_joint,1,2,0.5,AB,missing,missing,missing,missing,artifacts/e1a933_review/vision_gpu_interpretation/cuda_matrix/pretrained_flip_s805/predictions.npz
canonical224_159,pretrained,flip,805,parent,356,1,0,1,0.0,predictions.npz logits/labels disaggregated; sums locked to result.json J,missing,1,1,1.0,atomic_joint,0,1,0.0,AB,missing,missing,missing,missing,artifacts/e1a933_review/vision_gpu_interpretation/cuda_matrix/pretrained_flip_s805/predictions.npz
canonical224_159,pretrained,flip,805,parent,363,1,1,1,1.0,predictions.npz logits/labels disaggregated; sums locked to result.json J,missing,1,1,1.0,atomic_joint,1,1,1.0,AB,missing,missing,missing,missing,artifacts/e1a933_review/vision_gpu_interpretation/cuda_matrix/pretrained_flip_s805/predictions.npz
canonical224_159,pretrained,flip,805,parent,364,2,2,2,1.0,predictions.npz logits/labels disaggregated; sums locked to result.json J,missing,2,2,1.0,atomic_joint,2,2,1.0,AB,missing,missing,missing,missing,artifacts/e1a933_review/vision_gpu_interpretation/cuda_matrix/pretrained_flip_s805/predictions.npz
canonical224_159,pretrained,flip,805,parent,369,4,4,4,1.0,predictions.npz logits/labels disaggregated; sums locked to result.json J,missing,4,4,1.0,atomic_joint,4,4,1.0,AB,missing,missing,missing,missing,artifacts/e1a933_review/vision_gpu_interpretation/cuda_matrix/pretrained_flip_s805/predictions.npz
canonical224_159,pretrained,flip,805,parent,371,1,1,1,1.0,predictions.npz logits/labels disaggregated; sums locked to result.json J,missing,1,1,1.0,atomic_joint,1,1,1.0,AB,missing,missing,missing,missing,artifacts/e1a933_review/vision_gpu_interpretation/cuda_matrix/pretrained_flip_s805/predictions.npz
canonical224_159,pretrained,flip,805,parent,377,1,0,1,0.0,predictions.npz logits/labels disaggregated; sums locked to result.json J,missing,1,1,1.0,atomic_joint,0,1,0.0,AB,missing,missing,missing,missing,artifacts/e1a933_review/vision_gpu_interpretation/cuda_matrix/pretrained_flip_s805/predictions.npz
canonical224_159,pretrained,flip,805,parent,378,3,2,3,0.6666666666666666,predictions.npz logits/labels disaggregated; sums locked to result.json J,missing,2,3,0.6666666666666666,atomic_joint,3,3,1.0,AB,missing,missing,missing,missing,artifacts/e1a933_review/vision_gpu_interpretation/cuda_matrix/pretrained_flip_s805/predictions.npz
canonical224_159,pretrained,flip,805,parent,382,2,0,2,0.0,predictions.npz logits/labels disaggregated; sums locked to result.json J,missing,0,2,0.0,atomic_joint,2,2,1.0,AB,missing,missing,missing,missing,artifacts/e1a933_review/vision_gpu_interpretation/cuda_matrix/pretrained_flip_s805/predictions.npz
canonical224_159,pretrained,flip,805,parent,384,4,2,4,0.5,predictions.npz logits/labels disaggregated; sums locked to result.json J,missing,2,4,0.5,atomic_joint,4,4,1.0,AB,missing,missing,missing,missing,artifacts/e1a933_review/vision_gpu_interpretation/cuda_matrix/pretrained_flip_s805/predictions.npz
canonical224_159,pretrained,flip,805,parent,392,2,2,2,1.0,predictions.npz logits/labels disaggregated; sums locked to result.json J,missing,2,2,1.0,atomic_joint,2,2,1.0,AB,missing,missing,missing,missing,artifacts/e1a933_review/vision_gpu_interpretation/cuda_matrix/pretrained_flip_s805/predictions.npz
canonical224_159,pretrained,flip,805,parent,396,3,2,3,0.6666666666666666,predictions.npz logits/labels disaggregated; sums locked to result.json J,missing,3,3,1.0,atomic_joint,2,3,0.6666666666666666,AB,missing,missing,missing,missing,artifacts/e1a933_review/vision_gpu_interpretation/cuda_matrix/pretrained_flip_s805/predictions.npz
canonical224_159,pretrained,flip,805,parent,400,1,1,1,1.0,predictions.npz logits/labels disaggregated; sums locked to result.json J,missing,1,1,1.0,atomic_joint,1,1,1.0,AB,missing,missing,missing,missing,artifacts/e1a933_review/vision_gpu_interpretation/cuda_matrix/pretrained_flip_s805/predictions.npz
canonical224_159,pretrained,flip,805,parent,401,4,3,4,0.75,predictions.npz logits/labels disaggregated; sums locked to result.json J,missing,3,4,0.75,atomic_joint,4,4,1.0,AB,missing,missing,missing,missing,artifacts/e1a933_review/vision_gpu_interpretation/cuda_matrix/pretrained_flip_s805/predictions.npz
canonical224_159,pretrained,flip,805,parent,413,1,0,1,0.0,predictions.npz logits/labels disaggregated; sums locked to result.json J,missing,0,1,0.0,atomic_joint,1,1,1.0,AB,missing,missing,missing,missing,artifacts/e1a933_review/vision_gpu_interpretation/cuda_matrix/pretrained_flip_s805/predictions.npz
canonical224_159,pretrained,flip,805,parent,414,3,3,3,1.0,predictions.npz logits/labels disaggregated; sums locked to result.json J,missing,3,3,1.0,atomic_joint,3,3,1.0,AB,missing,missing,missing,missing,artifacts/e1a933_review/vision_gpu_interpretation/cuda_matrix/pretrained_flip_s805/predictions.npz
canonical224_159,pretrained,flip,805,parent,417,2,2,2,1.0,predictions.npz logits/labels disaggregated; sums locked to result.json J,missing,2,2,1.0,atomic_joint,2,2,1.0,AB,missing,missing,missing,missing,artifacts/e1a933_review/vision_gpu_interpretation/cuda_matrix/pretrained_flip_s805/predictions.npz
canonical224_159,pretrained,flip,805,parent,418,2,0,2,0.0,predictions.npz logits/labels disaggregated; sums locked to result.json J,missing,2,2,1.0,atomic_joint,0,2,0.0,AB,missing,missing,missing,missing,artifacts/e1a933_review/vision_gpu_interpretation/cuda_matrix/pretrained_flip_s805/predictions.npz
canonical224_159,pretrained,flip,805,parent,421,1,1,1,1.0,predictions.npz logits/labels disaggregated; sums locked to result.json J,missing,1,1,1.0,atomic_joint,1,1,1.0,AB,missing,missing,missing,missing,artifacts/e1a933_review/vision_gpu_interpretation/cuda_matrix/pretrained_flip_s805/predictions.npz
canonical224_159,pretrained,flip,805,parent,424,4,4,4,1.0,predictions.npz logits/labels disaggregated; sums locked to result.json J,missing,4,4,1.0,atomic_joint,4,4,1.0,AB,missing,missing,missing,missing,artifacts/e1a933_review/vision_gpu_interpretation/cuda_matrix/pretrained_flip_s805/predictions.npz
canonical224_159,pretrained,flip,805,parent,436,4,4,4,1.0,predictions.npz logits/labels disaggregated; sums locked to result.json J,missing,4,4,1.0,atomic_joint,4,4,1.0,AB,missing,missing,missing,missing,artifacts/e1a933_review/vision_gpu_interpretation/cuda_matrix/pretrained_flip_s805/predictions.npz
canonical224_159,pretrained,flip,805,parent,441,3,1,3,0.3333333333333333,predictions.npz logits/labels disaggregated; sums locked to result.json J,missing,3,3,1.0,atomic_joint,1,3,0.3333333333333333,AB,missing,missing,missing,missing,artifacts/e1a933_review/vision_gpu_interpretation/cuda_matrix/pretrained_flip_s805/predictions.npz
canonical224_159,pretrained,flip,805,parent,443,3,3,3,1.0,predictions.npz logits/labels disaggregated; sums locked to result.json J,missing,3,3,1.0,atomic_joint,3,3,1.0,AB,missing,missing,missing,missing,artifacts/e1a933_review/vision_gpu_interpretation/cuda_matrix/pretrained_flip_s805/predictions.npz
canonical224_159,pretrained,flip,805,parent,444,1,1,1,1.0,predictions.npz logits/labels disaggregated; sums locked to result.json J,missing,1,1,1.0,atomic_joint,1,1,1.0,AB,missing,missing,missing,missing,artifacts/e1a933_review/vision_gpu_interpretation/cuda_matrix/pretrained_flip_s805/predictions.npz
canonical224_159,pretrained,flip,805,parent,458,3,3,3,1.0,predictions.npz logits/labels disaggregated; sums locked to result.json J,missing,3,3,1.0,atomic_joint,3,3,1.0,AB,missing,missing,missing,missing,artifacts/e1a933_review/vision_gpu_interpretation/cuda_matrix/pretrained_flip_s805/predictions.npz
canonical224_159,pretrained,flip,805,parent,460,1,1,1,1.0,predictions.npz logits/labels disaggregated; sums locked to result.json J,missing,1,1,1.0,atomic_joint,1,1,1.0,AB,missing,missing,missing,missing,artifacts/e1a933_review/vision_gpu_interpretation/cuda_matrix/pretrained_flip_s805/predictions.npz
canonical224_159,pretrained,flip,805,parent,461,1,0,1,0.0,predictions.npz logits/labels disaggregated; sums locked to result.json J,missing,1,1,1.0,atomic_joint,0,1,0.0,AB,missing,missing,missing,missing,artifacts/e1a933_review/vision_gpu_interpretation/cuda_matrix/pretrained_flip_s805/predictions.npz
canonical224_159,pretrained,flip,805,parent,465,1,1,1,1.0,predictions.npz logits/labels disaggregated; sums locked to result.json J,missing,1,1,1.0,atomic_joint,1,1,1.0,AB,missing,missing,missing,missing,artifacts/e1a933_review/vision_gpu_interpretation/cuda_matrix/pretrained_flip_s805/predictions.npz
canonical224_159,pretrained,flip,805,parent,472,3,3,3,1.0,predictions.npz logits/labels disaggregated; sums locked to result.json J,missing,3,3,1.0,atomic_joint,3,3,1.0,AB,missing,missing,missing,missing,artifacts/e1a933_review/vision_gpu_interpretation/cuda_matrix/pretrained_flip_s805/predictions.npz
canonical224_159,pretrained,flip,805,parent,480,4,4,4,1.0,predictions.npz logits/labels disaggregated; sums locked to result.json J,missing,4,4,1.0,atomic_joint,4,4,1.0,AB,missing,missing,missing,missing,artifacts/e1a933_review/vision_gpu_interpretation/cuda_matrix/pretrained_flip_s805/predictions.npz
canonical224_159,pretrained,flip,805,parent,494,2,1,2,0.5,predictions.npz logits/labels disaggregated; sums locked to result.json J,missing,1,2,0.5,atomic_joint,2,2,1.0,AB,missing,missing,missing,missing,artifacts/e1a933_review/vision_gpu_interpretation/cuda_matrix/pretrained_flip_s805/predictions.npz
canonical224_159,pretrained,flip,806,parent,3,1,1,1,1.0,predictions.npz logits/labels disaggregated; sums locked to result.json J,missing,1,1,1.0,atomic_joint,1,1,1.0,AB,missing,missing,missing,missing,artifacts/e1a933_review/vision_gpu_interpretation/cuda_matrix/pretrained_flip_s806/predictions.npz
canonical224_159,pretrained,flip,806,parent,21,3,1,3,0.3333333333333333,predictions.npz logits/labels disaggregated; sums locked to result.json J,missing,1,3,0.3333333333333333,atomic_joint,3,3,1.0,AB,missing,missing,missing,missing,artifacts/e1a933_review/vision_gpu_interpretation/cuda_matrix/pretrained_flip_s806/predictions.npz
canonical224_159,pretrained,flip,806,parent,32,4,4,4,1.0,predictions.npz logits/labels disaggregated; sums locked to result.json J,missing,4,4,1.0,atomic_joint,4,4,1.0,AB,missing,missing,missing,missing,artifacts/e1a933_review/vision_gpu_interpretation/cuda_matrix/pretrained_flip_s806/predictions.npz
canonical224_159,pretrained,flip,806,parent,37,4,0,4,0.0,predictions.npz logits/labels disaggregated; sums locked to result.json J,missing,0,4,0.0,atomic_joint,4,4,1.0,AB,missing,missing,missing,missing,artifacts/e1a933_review/vision_gpu_interpretation/cuda_matrix/pretrained_flip_s806/predictions.npz
canonical224_159,pretrained,flip,806,parent,45,3,1,3,0.3333333333333333,predictions.npz logits/labels disaggregated; sums locked to result.json J,missing,1,3,0.3333333333333333,atomic_joint,3,3,1.0,AB,missing,missing,missing,missing,artifacts/e1a933_review/vision_gpu_interpretation/cuda_matrix/pretrained_flip_s806/predictions.npz
canonical224_159,pretrained,flip,806,parent,63,1,0,1,0.0,predictions.npz logits/labels disaggregated; sums locked to result.json J,missing,0,1,0.0,atomic_joint,1,1,1.0,AB,missing,missing,missing,missing,artifacts/e1a933_review/vision_gpu_interpretation/cuda_matrix/pretrained_flip_s806/predictions.npz
canonical224_159,pretrained,flip,806,parent,64,4,0,4,0.0,predictions.npz logits/labels disaggregated; sums locked to result.json J,missing,0,4,0.0,atomic_joint,3,4,0.75,AB,missing,missing,missing,missing,artifacts/e1a933_review/vision_gpu_interpretation/cuda_matrix/pretrained_flip_s806/predictions.npz
canonical224_159,pretrained,flip,806,parent,72,4,4,4,1.0,predictions.npz logits/labels disaggregated; sums locked to result.json J,missing,4,4,1.0,atomic_joint,4,4,1.0,AB,missing,missing,missing,missing,artifacts/e1a933_review/vision_gpu_interpretation/cuda_matrix/pretrained_flip_s806/predictions.npz
canonical224_159,pretrained,flip,806,parent,86,1,1,1,1.0,predictions.npz logits/labels disaggregated; sums locked to result.json J,missing,1,1,1.0,atomic_joint,1,1,1.0,AB,missing,missing,missing,missing,artifacts/e1a933_review/vision_gpu_interpretation/cuda_matrix/pretrained_flip_s806/predictions.npz
canonical224_159,pretrained,flip,806,parent,92,1,0,1,0.0,predictions.npz logits/labels disaggregated; sums locked to result.json J,missing,0,1,0.0,atomic_joint,1,1,1.0,AB,missing,missing,missing,missing,artifacts/e1a933_review/vision_gpu_interpretation/cuda_matrix/pretrained_flip_s806/predictions.npz
canonical224_159,pretrained,flip,806,parent,94,2,2,2,1.0,predictions.npz logits/labels disaggregated; sums locked to result.json J,missing,2,2,1.0,atomic_joint,2,2,1.0,AB,missing,missing,missing,missing,artifacts/e1a933_review/vision_gpu_interpretation/cuda_matrix/pretrained_flip_s806/predictions.npz
canonical224_159,pretrained,flip,806,parent,105,1,1,1,1.0,predictions.npz logits/labels disaggregated; sums locked to result.json J,missing,1,1,1.0,atomic_joint,1,1,1.0,AB,missing,missing,missing,missing,artifacts/e1a933_review/vision_gpu_interpretation/cuda_matrix/pretrained_flip_s806/predictions.npz
canonical224_159,pretrained,flip,806,parent,107,3,2,3,0.6666666666666666,predictions.npz logits/labels disaggregated; sums locked to result.json J,missing,3,3,1.0,atomic_joint,2,3,0.6666666666666666,AB,missing,missing,missing,missing,artifacts/e1a933_review/vision_gpu_interpretation/cuda_matrix/pretrained_flip_s806/predictions.npz
canonical224_159,pretrained,flip,806,parent,114,1,0,1,0.0,predictions.npz logits/labels disaggregated; sums locked to result.json J,missing,0,1,0.0,atomic_joint,1,1,1.0,AB,missing,missing,missing,missing,artifacts/e1a933_review/vision_gpu_interpretation/cuda_matrix/pretrained_flip_s806/predictions.npz
canonical224_159,pretrained,flip,806,parent,128,1,0,1,0.0,predictions.npz logits/labels disaggregated; sums locked to result.json J,missing,0,1,0.0,atomic_joint,1,1,1.0,AB,missing,missing,missing,missing,artifacts/e1a933_review/vision_gpu_interpretation/cuda_matrix/pretrained_flip_s806/predictions.npz
canonical224_159,pretrained,flip,806,parent,140,4,0,4,0.0,predictions.npz logits/labels disaggregated; sums locked to result.json J,missing,0,4,0.0,atomic_joint,4,4,1.0,AB,missing,missing,missing,missing,artifacts/e1a933_review/vision_gpu_interpretation/cuda_matrix/pretrained_flip_s806/predictions.npz
canonical224_159,pretrained,flip,806,parent,146,2,2,2,1.0,predictions.npz logits/labels disaggregated; sums locked to result.json J,missing,2,2,1.0,atomic_joint,2,2,1.0,AB,missing,missing,missing,missing,artifacts/e1a933_review/vision_gpu_interpretation/cuda_matrix/pretrained_flip_s806/predictions.npz
canonical224_159,pretrained,flip,806,parent,165,2,1,2,0.5,predictions.npz logits/labels disaggregated; sums locked to result.json J,missing,1,2,0.5,atomic_joint,2,2,1.0,AB,missing,missing,missing,missing,artifacts/e1a933_review/vision_gpu_interpretation/cuda_matrix/pretrained_flip_s806/predictions.npz
canonical224_159,pretrained,flip,806,parent,181,3,2,3,0.6666666666666666,predictions.npz logits/labels disaggregated; sums locked to result.json J,missing,2,3,0.6666666666666666,atomic_joint,3,3,1.0,AB,missing,missing,missing,missing,artifacts/e1a933_review/vision_gpu_interpretation/cuda_matrix/pretrained_flip_s806/predictions.npz
canonical224_159,pretrained,flip,806,parent,183,1,1,1,1.0,predictions.npz logits/labels disaggregated; sums locked to result.json J,missing,1,1,1.0,atomic_joint,1,1,1.0,AB,missing,missing,missing,missing,artifacts/e1a933_review/vision_gpu_interpretation/cuda_matrix/pretrained_flip_s806/predictions.npz
canonical224_159,pretrained,flip,806,parent,185,2,2,2,1.0,predictions.npz logits/labels disaggregated; sums locked to result.json J,missing,2,2,1.0,atomic_joint,2,2,1.0,AB,missing,missing,missing,missing,artifacts/e1a933_review/vision_gpu_interpretation/cuda_matrix/pretrained_flip_s806/predictions.npz
canonical224_159,pretrained,flip,806,parent,203,2,1,2,0.5,predictions.npz logits/labels disaggregated; sums locked to result.json J,missing,2,2,1.0,atomic_joint,1,2,0.5,AB,missing,missing,missing,missing,artifacts/e1a933_review/vision_gpu_interpretation/cuda_matrix/pretrained_flip_s806/predictions.npz
canonical224_159,pretrained,flip,806,parent,209,1,1,1,1.0,predictions.npz logits/labels disaggregated; sums locked to result.json J,missing,1,1,1.0,atomic_joint,1,1,1.0,AB,missing,missing,missing,missing,artifacts/e1a933_review/vision_gpu_interpretation/cuda_matrix/pretrained_flip_s806/predictions.npz
canonical224_159,pretrained,flip,806,parent,211,1,1,1,1.0,predictions.npz logits/labels disaggregated; sums locked to result.json J,missing,1,1,1.0,atomic_joint,1,1,1.0,AB,missing,missing,missing,missing,artifacts/e1a933_review/vision_gpu_interpretation/cuda_matrix/pretrained_flip_s806/predictions.npz
canonical224_159,pretrained,flip,806,parent,215,3,3,3,1.0,predictions.npz logits/labels disaggregated; sums locked to result.json J,missing,3,3,1.0,atomic_joint,3,3,1.0,AB,missing,missing,missing,missing,artifacts/e1a933_review/vision_gpu_interpretation/cuda_matrix/pretrained_flip_s806/predictions.npz
canonical224_159,pretrained,flip,806,parent,216,4,4,4,1.0,predictions.npz logits/labels disaggregated; sums locked to result.json J,missing,4,4,1.0,atomic_joint,4,4,1.0,AB,missing,missing,missing,missing,artifacts/e1a933_review/vision_gpu_interpretation/cuda_matrix/pretrained_flip_s806/predictions.npz
canonical224_159,pretrained,flip,806,parent,228,4,3,4,0.75,predictions.npz logits/labels disaggregated; sums locked to result.json J,missing,4,4,1.0,atomic_joint,3,4,0.75,AB,missing,missing,missing,missing,artifacts/e1a933_review/vision_gpu_interpretation/cuda_matrix/pretrained_flip_s806/predictions.npz
canonical224_159,pretrained,flip,806,parent,239,3,3,3,1.0,predictions.npz logits/labels disaggregated; sums locked to result.json J,missing,3,3,1.0,atomic_joint,3,3,1.0,AB,missing,missing,missing,missing,artifacts/e1a933_review/vision_gpu_interpretation/cuda_matrix/pretrained_flip_s806/predictions.npz
canonical224_159,pretrained,flip,806,parent,245,1,1,1,1.0,predictions.npz logits/labels disaggregated; sums locked to result.json J,missing,1,1,1.0,atomic_joint,1,1,1.0,AB,missing,missing,missing,missing,artifacts/e1a933_review/vision_gpu_interpretation/cuda_matrix/pretrained_flip_s806/predictions.npz
canonical224_159,pretrained,flip,806,parent,252,1,1,1,1.0,predictions.npz logits/labels disaggregated; sums locked to result.json J,missing,1,1,1.0,atomic_joint,1,1,1.0,AB,missing,missing,missing,missing,artifacts/e1a933_review/vision_gpu_interpretation/cuda_matrix/pretrained_flip_s806/predictions.npz
canonical224_159,pretrained,flip,806,parent,272,1,0,1,0.0,predictions.npz logits/labels disaggregated; sums locked to result.json J,missing,0,1,0.0,atomic_joint,1,1,1.0,AB,missing,missing,missing,missing,artifacts/e1a933_review/vision_gpu_interpretation/cuda_matrix/pretrained_flip_s806/predictions.npz
canonical224_159,pretrained,flip,806,parent,290,1,0,1,0.0,predictions.npz logits/labels disaggregated; sums locked to result.json J,missing,0,1,0.0,atomic_joint,1,1,1.0,AB,missing,missing,missing,missing,artifacts/e1a933_review/vision_gpu_interpretation/cuda_matrix/pretrained_flip_s806/predictions.npz
canonical224_159,pretrained,flip,806,parent,300,2,2,2,1.0,predictions.npz logits/labels disaggregated; sums locked to result.json J,missing,2,2,1.0,atomic_joint,2,2,1.0,AB,missing,missing,missing,missing,artifacts/e1a933_review/vision_gpu_interpretation/cuda_matrix/pretrained_flip_s806/predictions.npz
canonical224_159,pretrained,flip,806,parent,303,1,1,1,1.0,predictions.npz logits/labels disaggregated; sums locked to result.json J,missing,1,1,1.0,atomic_joint,1,1,1.0,AB,missing,missing,missing,missing,artifacts/e1a933_review/vision_gpu_interpretation/cuda_matrix/pretrained_flip_s806/predictions.npz
canonical224_159,pretrained,flip,806,parent,310,2,2,2,1.0,predictions.npz logits/labels disaggregated; sums locked to result.json J,missing,2,2,1.0,atomic_joint,2,2,1.0,AB,missing,missing,missing,missing,artifacts/e1a933_review/vision_gpu_interpretation/cuda_matrix/pretrained_flip_s806/predictions.npz
canonical224_159,pretrained,flip,806,parent,314,1,1,1,1.0,predictions.npz logits/labels disaggregated; sums locked to result.json J,missing,1,1,1.0,atomic_joint,1,1,1.0,AB,missing,missing,missing,missing,artifacts/e1a933_review/vision_gpu_interpretation/cuda_matrix/pretrained_flip_s806/predictions.npz
canonical224_159,pretrained,flip,806,parent,317,1,1,1,1.0,predictions.npz logits/labels disaggregated; sums locked to result.json J,missing,1,1,1.0,atomic_joint,1,1,1.0,AB,missing,missing,missing,missing,artifacts/e1a933_review/vision_gpu_interpretation/cuda_matrix/pretrained_flip_s806/predictions.npz
canonical224_159,pretrained,flip,806,parent,321,2,2,2,1.0,predictions.npz logits/labels disaggregated; sums locked to result.json J,missing,2,2,1.0,atomic_joint,2,2,1.0,AB,missing,missing,missing,missing,artifacts/e1a933_review/vision_gpu_interpretation/cuda_matrix/pretrained_flip_s806/predictions.npz
canonical224_159,pretrained,flip,806,parent,325,1,0,1,0.0,predictions.npz logits/labels disaggregated; sums locked to result.json J,missing,0,1,0.0,atomic_joint,1,1,1.0,AB,missing,missing,missing,missing,artifacts/e1a933_review/vision_gpu_interpretation/cuda_matrix/pretrained_flip_s806/predictions.npz
canonical224_159,pretrained,flip,806,parent,329,1,1,1,1.0,predictions.npz logits/labels disaggregated; sums locked to result.json J,missing,1,1,1.0,atomic_joint,1,1,1.0,AB,missing,missing,missing,missing,artifacts/e1a933_review/vision_gpu_interpretation/cuda_matrix/pretrained_flip_s806/predictions.npz
canonical224_159,pretrained,flip,806,parent,336,4,4,4,1.0,predictions.npz logits/labels disaggregated; sums locked to result.json J,missing,4,4,1.0,atomic_joint,4,4,1.0,AB,missing,missing,missing,missing,artifacts/e1a933_review/vision_gpu_interpretation/cuda_matrix/pretrained_flip_s806/predictions.npz
canonical224_159,pretrained,flip,806,parent,345,3,2,3,0.6666666666666666,predictions.npz logits/labels disaggregated; sums locked to result.json J,missing,3,3,1.0,atomic_joint,2,3,0.6666666666666666,AB,missing,missing,missing,missing,artifacts/e1a933_review/vision_gpu_interpretation/cuda_matrix/pretrained_flip_s806/predictions.npz
canonical224_159,pretrained,flip,806,parent,350,1,1,1,1.0,predictions.npz logits/labels disaggregated; sums locked to result.json J,missing,1,1,1.0,atomic_joint,1,1,1.0,AB,missing,missing,missing,missing,artifacts/e1a933_review/vision_gpu_interpretation/cuda_matrix/pretrained_flip_s806/predictions.npz
canonical224_159,pretrained,flip,806,parent,353,2,1,2,0.5,predictions.npz logits/labels disaggregated; sums locked to result.json J,missing,1,2,0.5,atomic_joint,1,2,0.5,AB,missing,missing,missing,missing,artifacts/e1a933_review/vision_gpu_interpretation/cuda_matrix/pretrained_flip_s806/predictions.npz
canonical224_159,pretrained,flip,806,parent,356,1,0,1,0.0,predictions.npz logits/labels disaggregated; sums locked to result.json J,missing,1,1,1.0,atomic_joint,0,1,0.0,AB,missing,missing,missing,missing,artifacts/e1a933_review/vision_gpu_interpretation/cuda_matrix/pretrained_flip_s806/predictions.npz
canonical224_159,pretrained,flip,806,parent,363,1,1,1,1.0,predictions.npz logits/labels disaggregated; sums locked to result.json J,missing,1,1,1.0,atomic_joint,1,1,1.0,AB,missing,missing,missing,missing,artifacts/e1a933_review/vision_gpu_interpretation/cuda_matrix/pretrained_flip_s806/predictions.npz
canonical224_159,pretrained,flip,806,parent,364,2,2,2,1.0,predictions.npz logits/labels disaggregated; sums locked to result.json J,missing,2,2,1.0,atomic_joint,2,2,1.0,AB,missing,missing,missing,missing,artifacts/e1a933_review/vision_gpu_interpretation/cuda_matrix/pretrained_flip_s806/predictions.npz
canonical224_159,pretrained,flip,806,parent,369,4,4,4,1.0,predictions.npz logits/labels disaggregated; sums locked to result.json J,missing,4,4,1.0,atomic_joint,4,4,1.0,AB,missing,missing,missing,missing,artifacts/e1a933_review/vision_gpu_interpretation/cuda_matrix/pretrained_flip_s806/predictions.npz
canonical224_159,pretrained,flip,806,parent,371,1,1,1,1.0,predictions.npz logits/labels disaggregated; sums locked to result.json J,missing,1,1,1.0,atomic_joint,1,1,1.0,AB,missing,missing,missing,missing,artifacts/e1a933_review/vision_gpu_interpretation/cuda_matrix/pretrained_flip_s806/predictions.npz
canonical224_159,pretrained,flip,806,parent,377,1,0,1,0.0,predictions.npz logits/labels disaggregated; sums locked to result.json J,missing,1,1,1.0,atomic_joint,0,1,0.0,AB,missing,missing,missing,missing,artifacts/e1a933_review/vision_gpu_interpretation/cuda_matrix/pretrained_flip_s806/predictions.npz
canonical224_159,pretrained,flip,806,parent,378,3,2,3,0.6666666666666666,predictions.npz logits/labels disaggregated; sums locked to result.json J,missing,2,3,0.6666666666666666,atomic_joint,3,3,1.0,AB,missing,missing,missing,missing,artifacts/e1a933_review/vision_gpu_interpretation/cuda_matrix/pretrained_flip_s806/predictions.npz
canonical224_159,pretrained,flip,806,parent,382,2,0,2,0.0,predictions.npz logits/labels disaggregated; sums locked to result.json J,missing,0,2,0.0,atomic_joint,2,2,1.0,AB,missing,missing,missing,missing,artifacts/e1a933_review/vision_gpu_interpretation/cuda_matrix/pretrained_flip_s806/predictions.npz
canonical224_159,pretrained,flip,806,parent,384,4,2,4,0.5,predictions.npz logits/labels disaggregated; sums locked to result.json J,missing,2,4,0.5,atomic_joint,4,4,1.0,AB,missing,missing,missing,missing,artifacts/e1a933_review/vision_gpu_interpretation/cuda_matrix/pretrained_flip_s806/predictions.npz
canonical224_159,pretrained,flip,806,parent,392,2,2,2,1.0,predictions.npz logits/labels disaggregated; sums locked to result.json J,missing,2,2,1.0,atomic_joint,2,2,1.0,AB,missing,missing,missing,missing,artifacts/e1a933_review/vision_gpu_interpretation/cuda_matrix/pretrained_flip_s806/predictions.npz
canonical224_159,pretrained,flip,806,parent,396,3,3,3,1.0,predictions.npz logits/labels disaggregated; sums locked to result.json J,missing,3,3,1.0,atomic_joint,3,3,1.0,AB,missing,missing,missing,missing,artifacts/e1a933_review/vision_gpu_interpretation/cuda_matrix/pretrained_flip_s806/predictions.npz
canonical224_159,pretrained,flip,806,parent,400,1,1,1,1.0,predictions.npz logits/labels disaggregated; sums locked to result.json J,missing,1,1,1.0,atomic_joint,1,1,1.0,AB,missing,missing,missing,missing,artifacts/e1a933_review/vision_gpu_interpretation/cuda_matrix/pretrained_flip_s806/predictions.npz
canonical224_159,pretrained,flip,806,parent,401,4,2,4,0.5,predictions.npz logits/labels disaggregated; sums locked to result.json J,missing,2,4,0.5,atomic_joint,4,4,1.0,AB,missing,missing,missing,missing,artifacts/e1a933_review/vision_gpu_interpretation/cuda_matrix/pretrained_flip_s806/predictions.npz
canonical224_159,pretrained,flip,806,parent,413,1,0,1,0.0,predictions.npz logits/labels disaggregated; sums locked to result.json J,missing,0,1,0.0,atomic_joint,1,1,1.0,AB,missing,missing,missing,missing,artifacts/e1a933_review/vision_gpu_interpretation/cuda_matrix/pretrained_flip_s806/predictions.npz
canonical224_159,pretrained,flip,806,parent,414,3,3,3,1.0,predictions.npz logits/labels disaggregated; sums locked to result.json J,missing,3,3,1.0,atomic_joint,3,3,1.0,AB,missing,missing,missing,missing,artifacts/e1a933_review/vision_gpu_interpretation/cuda_matrix/pretrained_flip_s806/predictions.npz
canonical224_159,pretrained,flip,806,parent,417,2,2,2,1.0,predictions.npz logits/labels disaggregated; sums locked to result.json J,missing,2,2,1.0,atomic_joint,2,2,1.0,AB,missing,missing,missing,missing,artifacts/e1a933_review/vision_gpu_interpretation/cuda_matrix/pretrained_flip_s806/predictions.npz
canonical224_159,pretrained,flip,806,parent,418,2,0,2,0.0,predictions.npz logits/labels disaggregated; sums locked to result.json J,missing,2,2,1.0,atomic_joint,0,2,0.0,AB,missing,missing,missing,missing,artifacts/e1a933_review/vision_gpu_interpretation/cuda_matrix/pretrained_flip_s806/predictions.npz
canonical224_159,pretrained,flip,806,parent,421,1,1,1,1.0,predictions.npz logits/labels disaggregated; sums locked to result.json J,missing,1,1,1.0,atomic_joint,1,1,1.0,AB,missing,missing,missing,missing,artifacts/e1a933_review/vision_gpu_interpretation/cuda_matrix/pretrained_flip_s806/predictions.npz
canonical224_159,pretrained,flip,806,parent,424,4,4,4,1.0,predictions.npz logits/labels disaggregated; sums locked to result.json J,missing,4,4,1.0,atomic_joint,4,4,1.0,AB,missing,missing,missing,missing,artifacts/e1a933_review/vision_gpu_interpretation/cuda_matrix/pretrained_flip_s806/predictions.npz
canonical224_159,pretrained,flip,806,parent,436,4,3,4,0.75,predictions.npz logits/labels disaggregated; sums locked to result.json J,missing,4,4,1.0,atomic_joint,3,4,0.75,AB,missing,missing,missing,missing,artifacts/e1a933_review/vision_gpu_interpretation/cuda_matrix/pretrained_flip_s806/predictions.npz
canonical224_159,pretrained,flip,806,parent,441,3,2,3,0.6666666666666666,predictions.npz logits/labels disaggregated; sums locked to result.json J,missing,3,3,1.0,atomic_joint,2,3,0.6666666666666666,AB,missing,missing,missing,missing,artifacts/e1a933_review/vision_gpu_interpretation/cuda_matrix/pretrained_flip_s806/predictions.npz
canonical224_159,pretrained,flip,806,parent,443,3,3,3,1.0,predictions.npz logits/labels disaggregated; sums locked to result.json J,missing,3,3,1.0,atomic_joint,3,3,1.0,AB,missing,missing,missing,missing,artifacts/e1a933_review/vision_gpu_interpretation/cuda_matrix/pretrained_flip_s806/predictions.npz
canonical224_159,pretrained,flip,806,parent,444,1,1,1,1.0,predictions.npz logits/labels disaggregated; sums locked to result.json J,missing,1,1,1.0,atomic_joint,1,1,1.0,AB,missing,missing,missing,missing,artifacts/e1a933_review/vision_gpu_interpretation/cuda_matrix/pretrained_flip_s806/predictions.npz
canonical224_159,pretrained,flip,806,parent,458,3,2,3,0.6666666666666666,predictions.npz logits/labels disaggregated; sums locked to result.json J,missing,3,3,1.0,atomic_joint,2,3,0.6666666666666666,AB,missing,missing,missing,missing,artifacts/e1a933_review/vision_gpu_interpretation/cuda_matrix/pretrained_flip_s806/predictions.npz
canonical224_159,pretrained,flip,806,parent,460,1,1,1,1.0,predictions.npz logits/labels disaggregated; sums locked to result.json J,missing,1,1,1.0,atomic_joint,1,1,1.0,AB,missing,missing,missing,missing,artifacts/e1a933_review/vision_gpu_interpretation/cuda_matrix/pretrained_flip_s806/predictions.npz
canonical224_159,pretrained,flip,806,parent,461,1,0,1,0.0,predictions.npz logits/labels disaggregated; sums locked to result.json J,missing,1,1,1.0,atomic_joint,0,1,0.0,AB,missing,missing,missing,missing,artifacts/e1a933_review/vision_gpu_interpretation/cuda_matrix/pretrained_flip_s806/predictions.npz
canonical224_159,pretrained,flip,806,parent,465,1,1,1,1.0,predictions.npz logits/labels disaggregated; sums locked to result.json J,missing,1,1,1.0,atomic_joint,1,1,1.0,AB,missing,missing,missing,missing,artifacts/e1a933_review/vision_gpu_interpretation/cuda_matrix/pretrained_flip_s806/predictions.npz
canonical224_159,pretrained,flip,806,parent,472,3,3,3,1.0,predictions.npz logits/labels disaggregated; sums locked to result.json J,missing,3,3,1.0,atomic_joint,3,3,1.0,AB,missing,missing,missing,missing,artifacts/e1a933_review/vision_gpu_interpretation/cuda_matrix/pretrained_flip_s806/predictions.npz
canonical224_159,pretrained,flip,806,parent,480,4,4,4,1.0,predictions.npz logits/labels disaggregated; sums locked to result.json J,missing,4,4,1.0,atomic_joint,4,4,1.0,AB,missing,missing,missing,missing,artifacts/e1a933_review/vision_gpu_interpretation/cuda_matrix/pretrained_flip_s806/predictions.npz
canonical224_159,pretrained,flip,806,parent,494,2,2,2,1.0,predictions.npz logits/labels disaggregated; sums locked to result.json J,missing,2,2,1.0,atomic_joint,2,2,1.0,AB,missing,missing,missing,missing,artifacts/e1a933_review/vision_gpu_interpretation/cuda_matrix/pretrained_flip_s806/predictions.npz
canonical224_159,random,static,803,parent,3,1,1,1,1.0,predictions.npz logits/labels disaggregated; sums locked to result.json J,missing,1,1,1.0,atomic_joint,1,1,1.0,AB,missing,missing,missing,missing,artifacts/e1a933_review/vision_gpu_interpretation/cuda_matrix/random_static_s803/predictions.npz
canonical224_159,random,static,803,parent,21,3,1,3,0.3333333333333333,predictions.npz logits/labels disaggregated; sums locked to result.json J,missing,1,3,0.3333333333333333,atomic_joint,3,3,1.0,AB,missing,missing,missing,missing,artifacts/e1a933_review/vision_gpu_interpretation/cuda_matrix/random_static_s803/predictions.npz
canonical224_159,random,static,803,parent,32,4,4,4,1.0,predictions.npz logits/labels disaggregated; sums locked to result.json J,missing,4,4,1.0,atomic_joint,4,4,1.0,AB,missing,missing,missing,missing,artifacts/e1a933_review/vision_gpu_interpretation/cuda_matrix/random_static_s803/predictions.npz
canonical224_159,random,static,803,parent,37,4,2,4,0.5,predictions.npz logits/labels disaggregated; sums locked to result.json J,missing,2,4,0.5,atomic_joint,4,4,1.0,AB,missing,missing,missing,missing,artifacts/e1a933_review/vision_gpu_interpretation/cuda_matrix/random_static_s803/predictions.npz
canonical224_159,random,static,803,parent,45,3,3,3,1.0,predictions.npz logits/labels disaggregated; sums locked to result.json J,missing,3,3,1.0,atomic_joint,3,3,1.0,AB,missing,missing,missing,missing,artifacts/e1a933_review/vision_gpu_interpretation/cuda_matrix/random_static_s803/predictions.npz
canonical224_159,random,static,803,parent,63,1,1,1,1.0,predictions.npz logits/labels disaggregated; sums locked to result.json J,missing,1,1,1.0,atomic_joint,1,1,1.0,AB,missing,missing,missing,missing,artifacts/e1a933_review/vision_gpu_interpretation/cuda_matrix/random_static_s803/predictions.npz
canonical224_159,random,static,803,parent,64,4,0,4,0.0,predictions.npz logits/labels disaggregated; sums locked to result.json J,missing,0,4,0.0,atomic_joint,4,4,1.0,AB,missing,missing,missing,missing,artifacts/e1a933_review/vision_gpu_interpretation/cuda_matrix/random_static_s803/predictions.npz
canonical224_159,random,static,803,parent,72,4,1,4,0.25,predictions.npz logits/labels disaggregated; sums locked to result.json J,missing,4,4,1.0,atomic_joint,1,4,0.25,AB,missing,missing,missing,missing,artifacts/e1a933_review/vision_gpu_interpretation/cuda_matrix/random_static_s803/predictions.npz
canonical224_159,random,static,803,parent,86,1,1,1,1.0,predictions.npz logits/labels disaggregated; sums locked to result.json J,missing,1,1,1.0,atomic_joint,1,1,1.0,AB,missing,missing,missing,missing,artifacts/e1a933_review/vision_gpu_interpretation/cuda_matrix/random_static_s803/predictions.npz
canonical224_159,random,static,803,parent,92,1,0,1,0.0,predictions.npz logits/labels disaggregated; sums locked to result.json J,missing,0,1,0.0,atomic_joint,1,1,1.0,AB,missing,missing,missing,missing,artifacts/e1a933_review/vision_gpu_interpretation/cuda_matrix/random_static_s803/predictions.npz
canonical224_159,random,static,803,parent,94,2,1,2,0.5,predictions.npz logits/labels disaggregated; sums locked to result.json J,missing,2,2,1.0,atomic_joint,1,2,0.5,AB,missing,missing,missing,missing,artifacts/e1a933_review/vision_gpu_interpretation/cuda_matrix/random_static_s803/predictions.npz
canonical224_159,random,static,803,parent,105,1,0,1,0.0,predictions.npz logits/labels disaggregated; sums locked to result.json J,missing,0,1,0.0,atomic_joint,1,1,1.0,AB,missing,missing,missing,missing,artifacts/e1a933_review/vision_gpu_interpretation/cuda_matrix/random_static_s803/predictions.npz
canonical224_159,random,static,803,parent,107,3,0,3,0.0,predictions.npz logits/labels disaggregated; sums locked to result.json J,missing,3,3,1.0,atomic_joint,0,3,0.0,AB,missing,missing,missing,missing,artifacts/e1a933_review/vision_gpu_interpretation/cuda_matrix/random_static_s803/predictions.npz
canonical224_159,random,static,803,parent,114,1,0,1,0.0,predictions.npz logits/labels disaggregated; sums locked to result.json J,missing,0,1,0.0,atomic_joint,1,1,1.0,AB,missing,missing,missing,missing,artifacts/e1a933_review/vision_gpu_interpretation/cuda_matrix/random_static_s803/predictions.npz
canonical224_159,random,static,803,parent,128,1,0,1,0.0,predictions.npz logits/labels disaggregated; sums locked to result.json J,missing,0,1,0.0,atomic_joint,1,1,1.0,AB,missing,missing,missing,missing,artifacts/e1a933_review/vision_gpu_interpretation/cuda_matrix/random_static_s803/predictions.npz
canonical224_159,random,static,803,parent,140,4,0,4,0.0,predictions.npz logits/labels disaggregated; sums locked to result.json J,missing,0,4,0.0,atomic_joint,4,4,1.0,AB,missing,missing,missing,missing,artifacts/e1a933_review/vision_gpu_interpretation/cuda_matrix/random_static_s803/predictions.npz
canonical224_159,random,static,803,parent,146,2,2,2,1.0,predictions.npz logits/labels disaggregated; sums locked to result.json J,missing,2,2,1.0,atomic_joint,2,2,1.0,AB,missing,missing,missing,missing,artifacts/e1a933_review/vision_gpu_interpretation/cuda_matrix/random_static_s803/predictions.npz
canonical224_159,random,static,803,parent,165,2,0,2,0.0,predictions.npz logits/labels disaggregated; sums locked to result.json J,missing,2,2,1.0,atomic_joint,0,2,0.0,AB,missing,missing,missing,missing,artifacts/e1a933_review/vision_gpu_interpretation/cuda_matrix/random_static_s803/predictions.npz
canonical224_159,random,static,803,parent,181,3,2,3,0.6666666666666666,predictions.npz logits/labels disaggregated; sums locked to result.json J,missing,2,3,0.6666666666666666,atomic_joint,3,3,1.0,AB,missing,missing,missing,missing,artifacts/e1a933_review/vision_gpu_interpretation/cuda_matrix/random_static_s803/predictions.npz
canonical224_159,random,static,803,parent,183,1,0,1,0.0,predictions.npz logits/labels disaggregated; sums locked to result.json J,missing,1,1,1.0,atomic_joint,0,1,0.0,AB,missing,missing,missing,missing,artifacts/e1a933_review/vision_gpu_interpretation/cuda_matrix/random_static_s803/predictions.npz
canonical224_159,random,static,803,parent,185,2,2,2,1.0,predictions.npz logits/labels disaggregated; sums locked to result.json J,missing,2,2,1.0,atomic_joint,2,2,1.0,AB,missing,missing,missing,missing,artifacts/e1a933_review/vision_gpu_interpretation/cuda_matrix/random_static_s803/predictions.npz
canonical224_159,random,static,803,parent,203,2,0,2,0.0,predictions.npz logits/labels disaggregated; sums locked to result.json J,missing,2,2,1.0,atomic_joint,0,2,0.0,AB,missing,missing,missing,missing,artifacts/e1a933_review/vision_gpu_interpretation/cuda_matrix/random_static_s803/predictions.npz
canonical224_159,random,static,803,parent,209,1,1,1,1.0,predictions.npz logits/labels disaggregated; sums locked to result.json J,missing,1,1,1.0,atomic_joint,1,1,1.0,AB,missing,missing,missing,missing,artifacts/e1a933_review/vision_gpu_interpretation/cuda_matrix/random_static_s803/predictions.npz
canonical224_159,random,static,803,parent,211,1,1,1,1.0,predictions.npz logits/labels disaggregated; sums locked to result.json J,missing,1,1,1.0,atomic_joint,1,1,1.0,AB,missing,missing,missing,missing,artifacts/e1a933_review/vision_gpu_interpretation/cuda_matrix/random_static_s803/predictions.npz
canonical224_159,random,static,803,parent,215,3,1,3,0.3333333333333333,predictions.npz logits/labels disaggregated; sums locked to result.json J,missing,3,3,1.0,atomic_joint,1,3,0.3333333333333333,AB,missing,missing,missing,missing,artifacts/e1a933_review/vision_gpu_interpretation/cuda_matrix/random_static_s803/predictions.npz
canonical224_159,random,static,803,parent,216,4,0,4,0.0,predictions.npz logits/labels disaggregated; sums locked to result.json J,missing,4,4,1.0,atomic_joint,0,4,0.0,AB,missing,missing,missing,missing,artifacts/e1a933_review/vision_gpu_interpretation/cuda_matrix/random_static_s803/predictions.npz
canonical224_159,random,static,803,parent,228,4,0,4,0.0,predictions.npz logits/labels disaggregated; sums locked to result.json J,missing,4,4,1.0,atomic_joint,0,4,0.0,AB,missing,missing,missing,missing,artifacts/e1a933_review/vision_gpu_interpretation/cuda_matrix/random_static_s803/predictions.npz
canonical224_159,random,static,803,parent,239,3,0,3,0.0,predictions.npz logits/labels disaggregated; sums locked to result.json J,missing,0,3,0.0,atomic_joint,3,3,1.0,AB,missing,missing,missing,missing,artifacts/e1a933_review/vision_gpu_interpretation/cuda_matrix/random_static_s803/predictions.npz
canonical224_159,random,static,803,parent,245,1,0,1,0.0,predictions.npz logits/labels disaggregated; sums locked to result.json J,missing,0,1,0.0,atomic_joint,1,1,1.0,AB,missing,missing,missing,missing,artifacts/e1a933_review/vision_gpu_interpretation/cuda_matrix/random_static_s803/predictions.npz
canonical224_159,random,static,803,parent,252,1,1,1,1.0,predictions.npz logits/labels disaggregated; sums locked to result.json J,missing,1,1,1.0,atomic_joint,1,1,1.0,AB,missing,missing,missing,missing,artifacts/e1a933_review/vision_gpu_interpretation/cuda_matrix/random_static_s803/predictions.npz
canonical224_159,random,static,803,parent,272,1,0,1,0.0,predictions.npz logits/labels disaggregated; sums locked to result.json J,missing,0,1,0.0,atomic_joint,1,1,1.0,AB,missing,missing,missing,missing,artifacts/e1a933_review/vision_gpu_interpretation/cuda_matrix/random_static_s803/predictions.npz
canonical224_159,random,static,803,parent,290,1,1,1,1.0,predictions.npz logits/labels disaggregated; sums locked to result.json J,missing,1,1,1.0,atomic_joint,1,1,1.0,AB,missing,missing,missing,missing,artifacts/e1a933_review/vision_gpu_interpretation/cuda_matrix/random_static_s803/predictions.npz
canonical224_159,random,static,803,parent,300,2,1,2,0.5,predictions.npz logits/labels disaggregated; sums locked to result.json J,missing,2,2,1.0,atomic_joint,1,2,0.5,AB,missing,missing,missing,missing,artifacts/e1a933_review/vision_gpu_interpretation/cuda_matrix/random_static_s803/predictions.npz
canonical224_159,random,static,803,parent,303,1,1,1,1.0,predictions.npz logits/labels disaggregated; sums locked to result.json J,missing,1,1,1.0,atomic_joint,1,1,1.0,AB,missing,missing,missing,missing,artifacts/e1a933_review/vision_gpu_interpretation/cuda_matrix/random_static_s803/predictions.npz
canonical224_159,random,static,803,parent,310,2,2,2,1.0,predictions.npz logits/labels disaggregated; sums locked to result.json J,missing,2,2,1.0,atomic_joint,2,2,1.0,AB,missing,missing,missing,missing,artifacts/e1a933_review/vision_gpu_interpretation/cuda_matrix/random_static_s803/predictions.npz
canonical224_159,random,static,803,parent,314,1,0,1,0.0,predictions.npz logits/labels disaggregated; sums locked to result.json J,missing,0,1,0.0,atomic_joint,1,1,1.0,AB,missing,missing,missing,missing,artifacts/e1a933_review/vision_gpu_interpretation/cuda_matrix/random_static_s803/predictions.npz
canonical224_159,random,static,803,parent,317,1,1,1,1.0,predictions.npz logits/labels disaggregated; sums locked to result.json J,missing,1,1,1.0,atomic_joint,1,1,1.0,AB,missing,missing,missing,missing,artifacts/e1a933_review/vision_gpu_interpretation/cuda_matrix/random_static_s803/predictions.npz
canonical224_159,random,static,803,parent,321,2,0,2,0.0,predictions.npz logits/labels disaggregated; sums locked to result.json J,missing,0,2,0.0,atomic_joint,2,2,1.0,AB,missing,missing,missing,missing,artifacts/e1a933_review/vision_gpu_interpretation/cuda_matrix/random_static_s803/predictions.npz
canonical224_159,random,static,803,parent,325,1,0,1,0.0,predictions.npz logits/labels disaggregated; sums locked to result.json J,missing,1,1,1.0,atomic_joint,0,1,0.0,AB,missing,missing,missing,missing,artifacts/e1a933_review/vision_gpu_interpretation/cuda_matrix/random_static_s803/predictions.npz
canonical224_159,random,static,803,parent,329,1,1,1,1.0,predictions.npz logits/labels disaggregated; sums locked to result.json J,missing,1,1,1.0,atomic_joint,1,1,1.0,AB,missing,missing,missing,missing,artifacts/e1a933_review/vision_gpu_interpretation/cuda_matrix/random_static_s803/predictions.npz
canonical224_159,random,static,803,parent,336,4,4,4,1.0,predictions.npz logits/labels disaggregated; sums locked to result.json J,missing,4,4,1.0,atomic_joint,4,4,1.0,AB,missing,missing,missing,missing,artifacts/e1a933_review/vision_gpu_interpretation/cuda_matrix/random_static_s803/predictions.npz
canonical224_159,random,static,803,parent,345,3,0,3,0.0,predictions.npz logits/labels disaggregated; sums locked to result.json J,missing,3,3,1.0,atomic_joint,0,3,0.0,AB,missing,missing,missing,missing,artifacts/e1a933_review/vision_gpu_interpretation/cuda_matrix/random_static_s803/predictions.npz
canonical224_159,random,static,803,parent,350,1,1,1,1.0,predictions.npz logits/labels disaggregated; sums locked to result.json J,missing,1,1,1.0,atomic_joint,1,1,1.0,AB,missing,missing,missing,missing,artifacts/e1a933_review/vision_gpu_interpretation/cuda_matrix/random_static_s803/predictions.npz
canonical224_159,random,static,803,parent,353,2,0,2,0.0,predictions.npz logits/labels disaggregated; sums locked to result.json J,missing,1,2,0.5,atomic_joint,0,2,0.0,AB,missing,missing,missing,missing,artifacts/e1a933_review/vision_gpu_interpretation/cuda_matrix/random_static_s803/predictions.npz
canonical224_159,random,static,803,parent,356,1,0,1,0.0,predictions.npz logits/labels disaggregated; sums locked to result.json J,missing,1,1,1.0,atomic_joint,0,1,0.0,AB,missing,missing,missing,missing,artifacts/e1a933_review/vision_gpu_interpretation/cuda_matrix/random_static_s803/predictions.npz
canonical224_159,random,static,803,parent,363,1,1,1,1.0,predictions.npz logits/labels disaggregated; sums locked to result.json J,missing,1,1,1.0,atomic_joint,1,1,1.0,AB,missing,missing,missing,missing,artifacts/e1a933_review/vision_gpu_interpretation/cuda_matrix/random_static_s803/predictions.npz
canonical224_159,random,static,803,parent,364,2,0,2,0.0,predictions.npz logits/labels disaggregated; sums locked to result.json J,missing,2,2,1.0,atomic_joint,0,2,0.0,AB,missing,missing,missing,missing,artifacts/e1a933_review/vision_gpu_interpretation/cuda_matrix/random_static_s803/predictions.npz
canonical224_159,random,static,803,parent,369,4,2,4,0.5,predictions.npz logits/labels disaggregated; sums locked to result.json J,missing,2,4,0.5,atomic_joint,4,4,1.0,AB,missing,missing,missing,missing,artifacts/e1a933_review/vision_gpu_interpretation/cuda_matrix/random_static_s803/predictions.npz
canonical224_159,random,static,803,parent,371,1,0,1,0.0,predictions.npz logits/labels disaggregated; sums locked to result.json J,missing,0,1,0.0,atomic_joint,1,1,1.0,AB,missing,missing,missing,missing,artifacts/e1a933_review/vision_gpu_interpretation/cuda_matrix/random_static_s803/predictions.npz
canonical224_159,random,static,803,parent,377,1,0,1,0.0,predictions.npz logits/labels disaggregated; sums locked to result.json J,missing,1,1,1.0,atomic_joint,0,1,0.0,AB,missing,missing,missing,missing,artifacts/e1a933_review/vision_gpu_interpretation/cuda_matrix/random_static_s803/predictions.npz
canonical224_159,random,static,803,parent,378,3,2,3,0.6666666666666666,predictions.npz logits/labels disaggregated; sums locked to result.json J,missing,2,3,0.6666666666666666,atomic_joint,3,3,1.0,AB,missing,missing,missing,missing,artifacts/e1a933_review/vision_gpu_interpretation/cuda_matrix/random_static_s803/predictions.npz
canonical224_159,random,static,803,parent,382,2,0,2,0.0,predictions.npz logits/labels disaggregated; sums locked to result.json J,missing,0,2,0.0,atomic_joint,2,2,1.0,AB,missing,missing,missing,missing,artifacts/e1a933_review/vision_gpu_interpretation/cuda_matrix/random_static_s803/predictions.npz
canonical224_159,random,static,803,parent,384,4,0,4,0.0,predictions.npz logits/labels disaggregated; sums locked to result.json J,missing,4,4,1.0,atomic_joint,0,4,0.0,AB,missing,missing,missing,missing,artifacts/e1a933_review/vision_gpu_interpretation/cuda_matrix/random_static_s803/predictions.npz
canonical224_159,random,static,803,parent,392,2,2,2,1.0,predictions.npz logits/labels disaggregated; sums locked to result.json J,missing,2,2,1.0,atomic_joint,2,2,1.0,AB,missing,missing,missing,missing,artifacts/e1a933_review/vision_gpu_interpretation/cuda_matrix/random_static_s803/predictions.npz
canonical224_159,random,static,803,parent,396,3,0,3,0.0,predictions.npz logits/labels disaggregated; sums locked to result.json J,missing,3,3,1.0,atomic_joint,0,3,0.0,AB,missing,missing,missing,missing,artifacts/e1a933_review/vision_gpu_interpretation/cuda_matrix/random_static_s803/predictions.npz
canonical224_159,random,static,803,parent,400,1,1,1,1.0,predictions.npz logits/labels disaggregated; sums locked to result.json J,missing,1,1,1.0,atomic_joint,1,1,1.0,AB,missing,missing,missing,missing,artifacts/e1a933_review/vision_gpu_interpretation/cuda_matrix/random_static_s803/predictions.npz
canonical224_159,random,static,803,parent,401,4,2,4,0.5,predictions.npz logits/labels disaggregated; sums locked to result.json J,missing,2,4,0.5,atomic_joint,3,4,0.75,AB,missing,missing,missing,missing,artifacts/e1a933_review/vision_gpu_interpretation/cuda_matrix/random_static_s803/predictions.npz
canonical224_159,random,static,803,parent,413,1,0,1,0.0,predictions.npz logits/labels disaggregated; sums locked to result.json J,missing,0,1,0.0,atomic_joint,1,1,1.0,AB,missing,missing,missing,missing,artifacts/e1a933_review/vision_gpu_interpretation/cuda_matrix/random_static_s803/predictions.npz
canonical224_159,random,static,803,parent,414,3,3,3,1.0,predictions.npz logits/labels disaggregated; sums locked to result.json J,missing,3,3,1.0,atomic_joint,3,3,1.0,AB,missing,missing,missing,missing,artifacts/e1a933_review/vision_gpu_interpretation/cuda_matrix/random_static_s803/predictions.npz
canonical224_159,random,static,803,parent,417,2,2,2,1.0,predictions.npz logits/labels disaggregated; sums locked to result.json J,missing,2,2,1.0,atomic_joint,2,2,1.0,AB,missing,missing,missing,missing,artifacts/e1a933_review/vision_gpu_interpretation/cuda_matrix/random_static_s803/predictions.npz
canonical224_159,random,static,803,parent,418,2,0,2,0.0,predictions.npz logits/labels disaggregated; sums locked to result.json J,missing,2,2,1.0,atomic_joint,0,2,0.0,AB,missing,missing,missing,missing,artifacts/e1a933_review/vision_gpu_interpretation/cuda_matrix/random_static_s803/predictions.npz
canonical224_159,random,static,803,parent,421,1,1,1,1.0,predictions.npz logits/labels disaggregated; sums locked to result.json J,missing,1,1,1.0,atomic_joint,1,1,1.0,AB,missing,missing,missing,missing,artifacts/e1a933_review/vision_gpu_interpretation/cuda_matrix/random_static_s803/predictions.npz
canonical224_159,random,static,803,parent,424,4,4,4,1.0,predictions.npz logits/labels disaggregated; sums locked to result.json J,missing,4,4,1.0,atomic_joint,4,4,1.0,AB,missing,missing,missing,missing,artifacts/e1a933_review/vision_gpu_interpretation/cuda_matrix/random_static_s803/predictions.npz
canonical224_159,random,static,803,parent,436,4,1,4,0.25,predictions.npz logits/labels disaggregated; sums locked to result.json J,missing,1,4,0.25,atomic_joint,4,4,1.0,AB,missing,missing,missing,missing,artifacts/e1a933_review/vision_gpu_interpretation/cuda_matrix/random_static_s803/predictions.npz
canonical224_159,random,static,803,parent,441,3,0,3,0.0,predictions.npz logits/labels disaggregated; sums locked to result.json J,missing,3,3,1.0,atomic_joint,0,3,0.0,AB,missing,missing,missing,missing,artifacts/e1a933_review/vision_gpu_interpretation/cuda_matrix/random_static_s803/predictions.npz
canonical224_159,random,static,803,parent,443,3,1,3,0.3333333333333333,predictions.npz logits/labels disaggregated; sums locked to result.json J,missing,3,3,1.0,atomic_joint,1,3,0.3333333333333333,AB,missing,missing,missing,missing,artifacts/e1a933_review/vision_gpu_interpretation/cuda_matrix/random_static_s803/predictions.npz
canonical224_159,random,static,803,parent,444,1,0,1,0.0,predictions.npz logits/labels disaggregated; sums locked to result.json J,missing,1,1,1.0,atomic_joint,0,1,0.0,AB,missing,missing,missing,missing,artifacts/e1a933_review/vision_gpu_interpretation/cuda_matrix/random_static_s803/predictions.npz
canonical224_159,random,static,803,parent,458,3,1,3,0.3333333333333333,predictions.npz logits/labels disaggregated; sums locked to result.json J,missing,3,3,1.0,atomic_joint,1,3,0.3333333333333333,AB,missing,missing,missing,missing,artifacts/e1a933_review/vision_gpu_interpretation/cuda_matrix/random_static_s803/predictions.npz
canonical224_159,random,static,803,parent,460,1,1,1,1.0,predictions.npz logits/labels disaggregated; sums locked to result.json J,missing,1,1,1.0,atomic_joint,1,1,1.0,AB,missing,missing,missing,missing,artifacts/e1a933_review/vision_gpu_interpretation/cuda_matrix/random_static_s803/predictions.npz
canonical224_159,random,static,803,parent,461,1,0,1,0.0,predictions.npz logits/labels disaggregated; sums locked to result.json J,missing,1,1,1.0,atomic_joint,0,1,0.0,AB,missing,missing,missing,missing,artifacts/e1a933_review/vision_gpu_interpretation/cuda_matrix/random_static_s803/predictions.npz
canonical224_159,random,static,803,parent,465,1,1,1,1.0,predictions.npz logits/labels disaggregated; sums locked to result.json J,missing,1,1,1.0,atomic_joint,1,1,1.0,AB,missing,missing,missing,missing,artifacts/e1a933_review/vision_gpu_interpretation/cuda_matrix/random_static_s803/predictions.npz
canonical224_159,random,static,803,parent,472,3,3,3,1.0,predictions.npz logits/labels disaggregated; sums locked to result.json J,missing,3,3,1.0,atomic_joint,3,3,1.0,AB,missing,missing,missing,missing,artifacts/e1a933_review/vision_gpu_interpretation/cuda_matrix/random_static_s803/predictions.npz
canonical224_159,random,static,803,parent,480,4,3,4,0.75,predictions.npz logits/labels disaggregated; sums locked to result.json J,missing,4,4,1.0,atomic_joint,3,4,0.75,AB,missing,missing,missing,missing,artifacts/e1a933_review/vision_gpu_interpretation/cuda_matrix/random_static_s803/predictions.npz
canonical224_159,random,static,803,parent,494,2,0,2,0.0,predictions.npz logits/labels disaggregated; sums locked to result.json J,missing,0,2,0.0,atomic_joint,2,2,1.0,AB,missing,missing,missing,missing,artifacts/e1a933_review/vision_gpu_interpretation/cuda_matrix/random_static_s803/predictions.npz
canonical224_159,random,static,805,parent,3,1,1,1,1.0,predictions.npz logits/labels disaggregated; sums locked to result.json J,missing,1,1,1.0,atomic_joint,1,1,1.0,AB,missing,missing,missing,missing,artifacts/e1a933_review/vision_gpu_interpretation/cuda_matrix/random_static_s805/predictions.npz
canonical224_159,random,static,805,parent,21,3,1,3,0.3333333333333333,predictions.npz logits/labels disaggregated; sums locked to result.json J,missing,1,3,0.3333333333333333,atomic_joint,3,3,1.0,AB,missing,missing,missing,missing,artifacts/e1a933_review/vision_gpu_interpretation/cuda_matrix/random_static_s805/predictions.npz
canonical224_159,random,static,805,parent,32,4,4,4,1.0,predictions.npz logits/labels disaggregated; sums locked to result.json J,missing,4,4,1.0,atomic_joint,4,4,1.0,AB,missing,missing,missing,missing,artifacts/e1a933_review/vision_gpu_interpretation/cuda_matrix/random_static_s805/predictions.npz
canonical224_159,random,static,805,parent,37,4,2,4,0.5,predictions.npz logits/labels disaggregated; sums locked to result.json J,missing,2,4,0.5,atomic_joint,4,4,1.0,AB,missing,missing,missing,missing,artifacts/e1a933_review/vision_gpu_interpretation/cuda_matrix/random_static_s805/predictions.npz
canonical224_159,random,static,805,parent,45,3,2,3,0.6666666666666666,predictions.npz logits/labels disaggregated; sums locked to result.json J,missing,3,3,1.0,atomic_joint,2,3,0.6666666666666666,AB,missing,missing,missing,missing,artifacts/e1a933_review/vision_gpu_interpretation/cuda_matrix/random_static_s805/predictions.npz
canonical224_159,random,static,805,parent,63,1,1,1,1.0,predictions.npz logits/labels disaggregated; sums locked to result.json J,missing,1,1,1.0,atomic_joint,1,1,1.0,AB,missing,missing,missing,missing,artifacts/e1a933_review/vision_gpu_interpretation/cuda_matrix/random_static_s805/predictions.npz
canonical224_159,random,static,805,parent,64,4,0,4,0.0,predictions.npz logits/labels disaggregated; sums locked to result.json J,missing,0,4,0.0,atomic_joint,4,4,1.0,AB,missing,missing,missing,missing,artifacts/e1a933_review/vision_gpu_interpretation/cuda_matrix/random_static_s805/predictions.npz
canonical224_159,random,static,805,parent,72,4,2,4,0.5,predictions.npz logits/labels disaggregated; sums locked to result.json J,missing,4,4,1.0,atomic_joint,2,4,0.5,AB,missing,missing,missing,missing,artifacts/e1a933_review/vision_gpu_interpretation/cuda_matrix/random_static_s805/predictions.npz
canonical224_159,random,static,805,parent,86,1,1,1,1.0,predictions.npz logits/labels disaggregated; sums locked to result.json J,missing,1,1,1.0,atomic_joint,1,1,1.0,AB,missing,missing,missing,missing,artifacts/e1a933_review/vision_gpu_interpretation/cuda_matrix/random_static_s805/predictions.npz
canonical224_159,random,static,805,parent,92,1,0,1,0.0,predictions.npz logits/labels disaggregated; sums locked to result.json J,missing,0,1,0.0,atomic_joint,1,1,1.0,AB,missing,missing,missing,missing,artifacts/e1a933_review/vision_gpu_interpretation/cuda_matrix/random_static_s805/predictions.npz
canonical224_159,random,static,805,parent,94,2,1,2,0.5,predictions.npz logits/labels disaggregated; sums locked to result.json J,missing,1,2,0.5,atomic_joint,2,2,1.0,AB,missing,missing,missing,missing,artifacts/e1a933_review/vision_gpu_interpretation/cuda_matrix/random_static_s805/predictions.npz
canonical224_159,random,static,805,parent,105,1,0,1,0.0,predictions.npz logits/labels disaggregated; sums locked to result.json J,missing,0,1,0.0,atomic_joint,1,1,1.0,AB,missing,missing,missing,missing,artifacts/e1a933_review/vision_gpu_interpretation/cuda_matrix/random_static_s805/predictions.npz
canonical224_159,random,static,805,parent,107,3,2,3,0.6666666666666666,predictions.npz logits/labels disaggregated; sums locked to result.json J,missing,3,3,1.0,atomic_joint,2,3,0.6666666666666666,AB,missing,missing,missing,missing,artifacts/e1a933_review/vision_gpu_interpretation/cuda_matrix/random_static_s805/predictions.npz
canonical224_159,random,static,805,parent,114,1,0,1,0.0,predictions.npz logits/labels disaggregated; sums locked to result.json J,missing,0,1,0.0,atomic_joint,1,1,1.0,AB,missing,missing,missing,missing,artifacts/e1a933_review/vision_gpu_interpretation/cuda_matrix/random_static_s805/predictions.npz
canonical224_159,random,static,805,parent,128,1,0,1,0.0,predictions.npz logits/labels disaggregated; sums locked to result.json J,missing,0,1,0.0,atomic_joint,1,1,1.0,AB,missing,missing,missing,missing,artifacts/e1a933_review/vision_gpu_interpretation/cuda_matrix/random_static_s805/predictions.npz
canonical224_159,random,static,805,parent,140,4,0,4,0.0,predictions.npz logits/labels disaggregated; sums locked to result.json J,missing,0,4,0.0,atomic_joint,4,4,1.0,AB,missing,missing,missing,missing,artifacts/e1a933_review/vision_gpu_interpretation/cuda_matrix/random_static_s805/predictions.npz
canonical224_159,random,static,805,parent,146,2,2,2,1.0,predictions.npz logits/labels disaggregated; sums locked to result.json J,missing,2,2,1.0,atomic_joint,2,2,1.0,AB,missing,missing,missing,missing,artifacts/e1a933_review/vision_gpu_interpretation/cuda_matrix/random_static_s805/predictions.npz
canonical224_159,random,static,805,parent,165,2,0,2,0.0,predictions.npz logits/labels disaggregated; sums locked to result.json J,missing,2,2,1.0,atomic_joint,0,2,0.0,AB,missing,missing,missing,missing,artifacts/e1a933_review/vision_gpu_interpretation/cuda_matrix/random_static_s805/predictions.npz
canonical224_159,random,static,805,parent,181,3,1,3,0.3333333333333333,predictions.npz logits/labels disaggregated; sums locked to result.json J,missing,1,3,0.3333333333333333,atomic_joint,3,3,1.0,AB,missing,missing,missing,missing,artifacts/e1a933_review/vision_gpu_interpretation/cuda_matrix/random_static_s805/predictions.npz
canonical224_159,random,static,805,parent,183,1,1,1,1.0,predictions.npz logits/labels disaggregated; sums locked to result.json J,missing,1,1,1.0,atomic_joint,1,1,1.0,AB,missing,missing,missing,missing,artifacts/e1a933_review/vision_gpu_interpretation/cuda_matrix/random_static_s805/predictions.npz
canonical224_159,random,static,805,parent,185,2,1,2,0.5,predictions.npz logits/labels disaggregated; sums locked to result.json J,missing,2,2,1.0,atomic_joint,1,2,0.5,AB,missing,missing,missing,missing,artifacts/e1a933_review/vision_gpu_interpretation/cuda_matrix/random_static_s805/predictions.npz
canonical224_159,random,static,805,parent,203,2,0,2,0.0,predictions.npz logits/labels disaggregated; sums locked to result.json J,missing,0,2,0.0,atomic_joint,1,2,0.5,AB,missing,missing,missing,missing,artifacts/e1a933_review/vision_gpu_interpretation/cuda_matrix/random_static_s805/predictions.npz
canonical224_159,random,static,805,parent,209,1,1,1,1.0,predictions.npz logits/labels disaggregated; sums locked to result.json J,missing,1,1,1.0,atomic_joint,1,1,1.0,AB,missing,missing,missing,missing,artifacts/e1a933_review/vision_gpu_interpretation/cuda_matrix/random_static_s805/predictions.npz
canonical224_159,random,static,805,parent,211,1,1,1,1.0,predictions.npz logits/labels disaggregated; sums locked to result.json J,missing,1,1,1.0,atomic_joint,1,1,1.0,AB,missing,missing,missing,missing,artifacts/e1a933_review/vision_gpu_interpretation/cuda_matrix/random_static_s805/predictions.npz
canonical224_159,random,static,805,parent,215,3,1,3,0.3333333333333333,predictions.npz logits/labels disaggregated; sums locked to result.json J,missing,3,3,1.0,atomic_joint,1,3,0.3333333333333333,AB,missing,missing,missing,missing,artifacts/e1a933_review/vision_gpu_interpretation/cuda_matrix/random_static_s805/predictions.npz
canonical224_159,random,static,805,parent,216,4,0,4,0.0,predictions.npz logits/labels disaggregated; sums locked to result.json J,missing,4,4,1.0,atomic_joint,0,4,0.0,AB,missing,missing,missing,missing,artifacts/e1a933_review/vision_gpu_interpretation/cuda_matrix/random_static_s805/predictions.npz
canonical224_159,random,static,805,parent,228,4,3,4,0.75,predictions.npz logits/labels disaggregated; sums locked to result.json J,missing,4,4,1.0,atomic_joint,3,4,0.75,AB,missing,missing,missing,missing,artifacts/e1a933_review/vision_gpu_interpretation/cuda_matrix/random_static_s805/predictions.npz
canonical224_159,random,static,805,parent,239,3,0,3,0.0,predictions.npz logits/labels disaggregated; sums locked to result.json J,missing,0,3,0.0,atomic_joint,3,3,1.0,AB,missing,missing,missing,missing,artifacts/e1a933_review/vision_gpu_interpretation/cuda_matrix/random_static_s805/predictions.npz
canonical224_159,random,static,805,parent,245,1,0,1,0.0,predictions.npz logits/labels disaggregated; sums locked to result.json J,missing,0,1,0.0,atomic_joint,1,1,1.0,AB,missing,missing,missing,missing,artifacts/e1a933_review/vision_gpu_interpretation/cuda_matrix/random_static_s805/predictions.npz
canonical224_159,random,static,805,parent,252,1,1,1,1.0,predictions.npz logits/labels disaggregated; sums locked to result.json J,missing,1,1,1.0,atomic_joint,1,1,1.0,AB,missing,missing,missing,missing,artifacts/e1a933_review/vision_gpu_interpretation/cuda_matrix/random_static_s805/predictions.npz
canonical224_159,random,static,805,parent,272,1,0,1,0.0,predictions.npz logits/labels disaggregated; sums locked to result.json J,missing,0,1,0.0,atomic_joint,1,1,1.0,AB,missing,missing,missing,missing,artifacts/e1a933_review/vision_gpu_interpretation/cuda_matrix/random_static_s805/predictions.npz
canonical224_159,random,static,805,parent,290,1,1,1,1.0,predictions.npz logits/labels disaggregated; sums locked to result.json J,missing,1,1,1.0,atomic_joint,1,1,1.0,AB,missing,missing,missing,missing,artifacts/e1a933_review/vision_gpu_interpretation/cuda_matrix/random_static_s805/predictions.npz
canonical224_159,random,static,805,parent,300,2,1,2,0.5,predictions.npz logits/labels disaggregated; sums locked to result.json J,missing,2,2,1.0,atomic_joint,1,2,0.5,AB,missing,missing,missing,missing,artifacts/e1a933_review/vision_gpu_interpretation/cuda_matrix/random_static_s805/predictions.npz
canonical224_159,random,static,805,parent,303,1,1,1,1.0,predictions.npz logits/labels disaggregated; sums locked to result.json J,missing,1,1,1.0,atomic_joint,1,1,1.0,AB,missing,missing,missing,missing,artifacts/e1a933_review/vision_gpu_interpretation/cuda_matrix/random_static_s805/predictions.npz
canonical224_159,random,static,805,parent,310,2,2,2,1.0,predictions.npz logits/labels disaggregated; sums locked to result.json J,missing,2,2,1.0,atomic_joint,2,2,1.0,AB,missing,missing,missing,missing,artifacts/e1a933_review/vision_gpu_interpretation/cuda_matrix/random_static_s805/predictions.npz
canonical224_159,random,static,805,parent,314,1,0,1,0.0,predictions.npz logits/labels disaggregated; sums locked to result.json J,missing,0,1,0.0,atomic_joint,1,1,1.0,AB,missing,missing,missing,missing,artifacts/e1a933_review/vision_gpu_interpretation/cuda_matrix/random_static_s805/predictions.npz
canonical224_159,random,static,805,parent,317,1,1,1,1.0,predictions.npz logits/labels disaggregated; sums locked to result.json J,missing,1,1,1.0,atomic_joint,1,1,1.0,AB,missing,missing,missing,missing,artifacts/e1a933_review/vision_gpu_interpretation/cuda_matrix/random_static_s805/predictions.npz
canonical224_159,random,static,805,parent,321,2,0,2,0.0,predictions.npz logits/labels disaggregated; sums locked to result.json J,missing,0,2,0.0,atomic_joint,2,2,1.0,AB,missing,missing,missing,missing,artifacts/e1a933_review/vision_gpu_interpretation/cuda_matrix/random_static_s805/predictions.npz
canonical224_159,random,static,805,parent,325,1,0,1,0.0,predictions.npz logits/labels disaggregated; sums locked to result.json J,missing,1,1,1.0,atomic_joint,0,1,0.0,AB,missing,missing,missing,missing,artifacts/e1a933_review/vision_gpu_interpretation/cuda_matrix/random_static_s805/predictions.npz
canonical224_159,random,static,805,parent,329,1,1,1,1.0,predictions.npz logits/labels disaggregated; sums locked to result.json J,missing,1,1,1.0,atomic_joint,1,1,1.0,AB,missing,missing,missing,missing,artifacts/e1a933_review/vision_gpu_interpretation/cuda_matrix/random_static_s805/predictions.npz
canonical224_159,random,static,805,parent,336,4,4,4,1.0,predictions.npz logits/labels disaggregated; sums locked to result.json J,missing,4,4,1.0,atomic_joint,4,4,1.0,AB,missing,missing,missing,missing,artifacts/e1a933_review/vision_gpu_interpretation/cuda_matrix/random_static_s805/predictions.npz
canonical224_159,random,static,805,parent,345,3,2,3,0.6666666666666666,predictions.npz logits/labels disaggregated; sums locked to result.json J,missing,3,3,1.0,atomic_joint,2,3,0.6666666666666666,AB,missing,missing,missing,missing,artifacts/e1a933_review/vision_gpu_interpretation/cuda_matrix/random_static_s805/predictions.npz
canonical224_159,random,static,805,parent,350,1,1,1,1.0,predictions.npz logits/labels disaggregated; sums locked to result.json J,missing,1,1,1.0,atomic_joint,1,1,1.0,AB,missing,missing,missing,missing,artifacts/e1a933_review/vision_gpu_interpretation/cuda_matrix/random_static_s805/predictions.npz
canonical224_159,random,static,805,parent,353,2,0,2,0.0,predictions.npz logits/labels disaggregated; sums locked to result.json J,missing,1,2,0.5,atomic_joint,0,2,0.0,AB,missing,missing,missing,missing,artifacts/e1a933_review/vision_gpu_interpretation/cuda_matrix/random_static_s805/predictions.npz
canonical224_159,random,static,805,parent,356,1,1,1,1.0,predictions.npz logits/labels disaggregated; sums locked to result.json J,missing,1,1,1.0,atomic_joint,1,1,1.0,AB,missing,missing,missing,missing,artifacts/e1a933_review/vision_gpu_interpretation/cuda_matrix/random_static_s805/predictions.npz
canonical224_159,random,static,805,parent,363,1,1,1,1.0,predictions.npz logits/labels disaggregated; sums locked to result.json J,missing,1,1,1.0,atomic_joint,1,1,1.0,AB,missing,missing,missing,missing,artifacts/e1a933_review/vision_gpu_interpretation/cuda_matrix/random_static_s805/predictions.npz
canonical224_159,random,static,805,parent,364,2,0,2,0.0,predictions.npz logits/labels disaggregated; sums locked to result.json J,missing,2,2,1.0,atomic_joint,0,2,0.0,AB,missing,missing,missing,missing,artifacts/e1a933_review/vision_gpu_interpretation/cuda_matrix/random_static_s805/predictions.npz
canonical224_159,random,static,805,parent,369,4,0,4,0.0,predictions.npz logits/labels disaggregated; sums locked to result.json J,missing,0,4,0.0,atomic_joint,4,4,1.0,AB,missing,missing,missing,missing,artifacts/e1a933_review/vision_gpu_interpretation/cuda_matrix/random_static_s805/predictions.npz
canonical224_159,random,static,805,parent,371,1,0,1,0.0,predictions.npz logits/labels disaggregated; sums locked to result.json J,missing,0,1,0.0,atomic_joint,1,1,1.0,AB,missing,missing,missing,missing,artifacts/e1a933_review/vision_gpu_interpretation/cuda_matrix/random_static_s805/predictions.npz
canonical224_159,random,static,805,parent,377,1,0,1,0.0,predictions.npz logits/labels disaggregated; sums locked to result.json J,missing,1,1,1.0,atomic_joint,0,1,0.0,AB,missing,missing,missing,missing,artifacts/e1a933_review/vision_gpu_interpretation/cuda_matrix/random_static_s805/predictions.npz
canonical224_159,random,static,805,parent,378,3,2,3,0.6666666666666666,predictions.npz logits/labels disaggregated; sums locked to result.json J,missing,2,3,0.6666666666666666,atomic_joint,3,3,1.0,AB,missing,missing,missing,missing,artifacts/e1a933_review/vision_gpu_interpretation/cuda_matrix/random_static_s805/predictions.npz
canonical224_159,random,static,805,parent,382,2,0,2,0.0,predictions.npz logits/labels disaggregated; sums locked to result.json J,missing,0,2,0.0,atomic_joint,2,2,1.0,AB,missing,missing,missing,missing,artifacts/e1a933_review/vision_gpu_interpretation/cuda_matrix/random_static_s805/predictions.npz
canonical224_159,random,static,805,parent,384,4,2,4,0.5,predictions.npz logits/labels disaggregated; sums locked to result.json J,missing,4,4,1.0,atomic_joint,2,4,0.5,AB,missing,missing,missing,missing,artifacts/e1a933_review/vision_gpu_interpretation/cuda_matrix/random_static_s805/predictions.npz
canonical224_159,random,static,805,parent,392,2,2,2,1.0,predictions.npz logits/labels disaggregated; sums locked to result.json J,missing,2,2,1.0,atomic_joint,2,2,1.0,AB,missing,missing,missing,missing,artifacts/e1a933_review/vision_gpu_interpretation/cuda_matrix/random_static_s805/predictions.npz
canonical224_159,random,static,805,parent,396,3,1,3,0.3333333333333333,predictions.npz logits/labels disaggregated; sums locked to result.json J,missing,3,3,1.0,atomic_joint,1,3,0.3333333333333333,AB,missing,missing,missing,missing,artifacts/e1a933_review/vision_gpu_interpretation/cuda_matrix/random_static_s805/predictions.npz
canonical224_159,random,static,805,parent,400,1,1,1,1.0,predictions.npz logits/labels disaggregated; sums locked to result.json J,missing,1,1,1.0,atomic_joint,1,1,1.0,AB,missing,missing,missing,missing,artifacts/e1a933_review/vision_gpu_interpretation/cuda_matrix/random_static_s805/predictions.npz
canonical224_159,random,static,805,parent,401,4,2,4,0.5,predictions.npz logits/labels disaggregated; sums locked to result.json J,missing,2,4,0.5,atomic_joint,3,4,0.75,AB,missing,missing,missing,missing,artifacts/e1a933_review/vision_gpu_interpretation/cuda_matrix/random_static_s805/predictions.npz
canonical224_159,random,static,805,parent,413,1,0,1,0.0,predictions.npz logits/labels disaggregated; sums locked to result.json J,missing,0,1,0.0,atomic_joint,1,1,1.0,AB,missing,missing,missing,missing,artifacts/e1a933_review/vision_gpu_interpretation/cuda_matrix/random_static_s805/predictions.npz
canonical224_159,random,static,805,parent,414,3,3,3,1.0,predictions.npz logits/labels disaggregated; sums locked to result.json J,missing,3,3,1.0,atomic_joint,3,3,1.0,AB,missing,missing,missing,missing,artifacts/e1a933_review/vision_gpu_interpretation/cuda_matrix/random_static_s805/predictions.npz
canonical224_159,random,static,805,parent,417,2,2,2,1.0,predictions.npz logits/labels disaggregated; sums locked to result.json J,missing,2,2,1.0,atomic_joint,2,2,1.0,AB,missing,missing,missing,missing,artifacts/e1a933_review/vision_gpu_interpretation/cuda_matrix/random_static_s805/predictions.npz
canonical224_159,random,static,805,parent,418,2,0,2,0.0,predictions.npz logits/labels disaggregated; sums locked to result.json J,missing,2,2,1.0,atomic_joint,0,2,0.0,AB,missing,missing,missing,missing,artifacts/e1a933_review/vision_gpu_interpretation/cuda_matrix/random_static_s805/predictions.npz
canonical224_159,random,static,805,parent,421,1,1,1,1.0,predictions.npz logits/labels disaggregated; sums locked to result.json J,missing,1,1,1.0,atomic_joint,1,1,1.0,AB,missing,missing,missing,missing,artifacts/e1a933_review/vision_gpu_interpretation/cuda_matrix/random_static_s805/predictions.npz
canonical224_159,random,static,805,parent,424,4,4,4,1.0,predictions.npz logits/labels disaggregated; sums locked to result.json J,missing,4,4,1.0,atomic_joint,4,4,1.0,AB,missing,missing,missing,missing,artifacts/e1a933_review/vision_gpu_interpretation/cuda_matrix/random_static_s805/predictions.npz
canonical224_159,random,static,805,parent,436,4,0,4,0.0,predictions.npz logits/labels disaggregated; sums locked to result.json J,missing,0,4,0.0,atomic_joint,4,4,1.0,AB,missing,missing,missing,missing,artifacts/e1a933_review/vision_gpu_interpretation/cuda_matrix/random_static_s805/predictions.npz
canonical224_159,random,static,805,parent,441,3,1,3,0.3333333333333333,predictions.npz logits/labels disaggregated; sums locked to result.json J,missing,3,3,1.0,atomic_joint,1,3,0.3333333333333333,AB,missing,missing,missing,missing,artifacts/e1a933_review/vision_gpu_interpretation/cuda_matrix/random_static_s805/predictions.npz
canonical224_159,random,static,805,parent,443,3,1,3,0.3333333333333333,predictions.npz logits/labels disaggregated; sums locked to result.json J,missing,3,3,1.0,atomic_joint,1,3,0.3333333333333333,AB,missing,missing,missing,missing,artifacts/e1a933_review/vision_gpu_interpretation/cuda_matrix/random_static_s805/predictions.npz
canonical224_159,random,static,805,parent,444,1,1,1,1.0,predictions.npz logits/labels disaggregated; sums locked to result.json J,missing,1,1,1.0,atomic_joint,1,1,1.0,AB,missing,missing,missing,missing,artifacts/e1a933_review/vision_gpu_interpretation/cuda_matrix/random_static_s805/predictions.npz
canonical224_159,random,static,805,parent,458,3,1,3,0.3333333333333333,predictions.npz logits/labels disaggregated; sums locked to result.json J,missing,3,3,1.0,atomic_joint,1,3,0.3333333333333333,AB,missing,missing,missing,missing,artifacts/e1a933_review/vision_gpu_interpretation/cuda_matrix/random_static_s805/predictions.npz
canonical224_159,random,static,805,parent,460,1,1,1,1.0,predictions.npz logits/labels disaggregated; sums locked to result.json J,missing,1,1,1.0,atomic_joint,1,1,1.0,AB,missing,missing,missing,missing,artifacts/e1a933_review/vision_gpu_interpretation/cuda_matrix/random_static_s805/predictions.npz
canonical224_159,random,static,805,parent,461,1,0,1,0.0,predictions.npz logits/labels disaggregated; sums locked to result.json J,missing,0,1,0.0,atomic_joint,0,1,0.0,AB,missing,missing,missing,missing,artifacts/e1a933_review/vision_gpu_interpretation/cuda_matrix/random_static_s805/predictions.npz
canonical224_159,random,static,805,parent,465,1,1,1,1.0,predictions.npz logits/labels disaggregated; sums locked to result.json J,missing,1,1,1.0,atomic_joint,1,1,1.0,AB,missing,missing,missing,missing,artifacts/e1a933_review/vision_gpu_interpretation/cuda_matrix/random_static_s805/predictions.npz
canonical224_159,random,static,805,parent,472,3,3,3,1.0,predictions.npz logits/labels disaggregated; sums locked to result.json J,missing,3,3,1.0,atomic_joint,3,3,1.0,AB,missing,missing,missing,missing,artifacts/e1a933_review/vision_gpu_interpretation/cuda_matrix/random_static_s805/predictions.npz
canonical224_159,random,static,805,parent,480,4,3,4,0.75,predictions.npz logits/labels disaggregated; sums locked to result.json J,missing,4,4,1.0,atomic_joint,3,4,0.75,AB,missing,missing,missing,missing,artifacts/e1a933_review/vision_gpu_interpretation/cuda_matrix/random_static_s805/predictions.npz
canonical224_159,random,static,805,parent,494,2,0,2,0.0,predictions.npz logits/labels disaggregated; sums locked to result.json J,missing,0,2,0.0,atomic_joint,2,2,1.0,AB,missing,missing,missing,missing,artifacts/e1a933_review/vision_gpu_interpretation/cuda_matrix/random_static_s805/predictions.npz
canonical224_159,random,static,806,parent,3,1,0,1,0.0,predictions.npz logits/labels disaggregated; sums locked to result.json J,missing,0,1,0.0,atomic_joint,1,1,1.0,AB,missing,missing,missing,missing,artifacts/e1a933_review/vision_gpu_interpretation/cuda_matrix/random_static_s806/predictions.npz
canonical224_159,random,static,806,parent,21,3,1,3,0.3333333333333333,predictions.npz logits/labels disaggregated; sums locked to result.json J,missing,1,3,0.3333333333333333,atomic_joint,3,3,1.0,AB,missing,missing,missing,missing,artifacts/e1a933_review/vision_gpu_interpretation/cuda_matrix/random_static_s806/predictions.npz
canonical224_159,random,static,806,parent,32,4,4,4,1.0,predictions.npz logits/labels disaggregated; sums locked to result.json J,missing,4,4,1.0,atomic_joint,4,4,1.0,AB,missing,missing,missing,missing,artifacts/e1a933_review/vision_gpu_interpretation/cuda_matrix/random_static_s806/predictions.npz
canonical224_159,random,static,806,parent,37,4,2,4,0.5,predictions.npz logits/labels disaggregated; sums locked to result.json J,missing,2,4,0.5,atomic_joint,4,4,1.0,AB,missing,missing,missing,missing,artifacts/e1a933_review/vision_gpu_interpretation/cuda_matrix/random_static_s806/predictions.npz
canonical224_159,random,static,806,parent,45,3,3,3,1.0,predictions.npz logits/labels disaggregated; sums locked to result.json J,missing,3,3,1.0,atomic_joint,3,3,1.0,AB,missing,missing,missing,missing,artifacts/e1a933_review/vision_gpu_interpretation/cuda_matrix/random_static_s806/predictions.npz
canonical224_159,random,static,806,parent,63,1,0,1,0.0,predictions.npz logits/labels disaggregated; sums locked to result.json J,missing,0,1,0.0,atomic_joint,1,1,1.0,AB,missing,missing,missing,missing,artifacts/e1a933_review/vision_gpu_interpretation/cuda_matrix/random_static_s806/predictions.npz
canonical224_159,random,static,806,parent,64,4,0,4,0.0,predictions.npz logits/labels disaggregated; sums locked to result.json J,missing,0,4,0.0,atomic_joint,4,4,1.0,AB,missing,missing,missing,missing,artifacts/e1a933_review/vision_gpu_interpretation/cuda_matrix/random_static_s806/predictions.npz
canonical224_159,random,static,806,parent,72,4,3,4,0.75,predictions.npz logits/labels disaggregated; sums locked to result.json J,missing,4,4,1.0,atomic_joint,3,4,0.75,AB,missing,missing,missing,missing,artifacts/e1a933_review/vision_gpu_interpretation/cuda_matrix/random_static_s806/predictions.npz
canonical224_159,random,static,806,parent,86,1,1,1,1.0,predictions.npz logits/labels disaggregated; sums locked to result.json J,missing,1,1,1.0,atomic_joint,1,1,1.0,AB,missing,missing,missing,missing,artifacts/e1a933_review/vision_gpu_interpretation/cuda_matrix/random_static_s806/predictions.npz
canonical224_159,random,static,806,parent,92,1,0,1,0.0,predictions.npz logits/labels disaggregated; sums locked to result.json J,missing,0,1,0.0,atomic_joint,1,1,1.0,AB,missing,missing,missing,missing,artifacts/e1a933_review/vision_gpu_interpretation/cuda_matrix/random_static_s806/predictions.npz
canonical224_159,random,static,806,parent,94,2,1,2,0.5,predictions.npz logits/labels disaggregated; sums locked to result.json J,missing,1,2,0.5,atomic_joint,2,2,1.0,AB,missing,missing,missing,missing,artifacts/e1a933_review/vision_gpu_interpretation/cuda_matrix/random_static_s806/predictions.npz
canonical224_159,random,static,806,parent,105,1,0,1,0.0,predictions.npz logits/labels disaggregated; sums locked to result.json J,missing,0,1,0.0,atomic_joint,1,1,1.0,AB,missing,missing,missing,missing,artifacts/e1a933_review/vision_gpu_interpretation/cuda_matrix/random_static_s806/predictions.npz
canonical224_159,random,static,806,parent,107,3,2,3,0.6666666666666666,predictions.npz logits/labels disaggregated; sums locked to result.json J,missing,3,3,1.0,atomic_joint,2,3,0.6666666666666666,AB,missing,missing,missing,missing,artifacts/e1a933_review/vision_gpu_interpretation/cuda_matrix/random_static_s806/predictions.npz
canonical224_159,random,static,806,parent,114,1,0,1,0.0,predictions.npz logits/labels disaggregated; sums locked to result.json J,missing,0,1,0.0,atomic_joint,1,1,1.0,AB,missing,missing,missing,missing,artifacts/e1a933_review/vision_gpu_interpretation/cuda_matrix/random_static_s806/predictions.npz
canonical224_159,random,static,806,parent,128,1,0,1,0.0,predictions.npz logits/labels disaggregated; sums locked to result.json J,missing,0,1,0.0,atomic_joint,1,1,1.0,AB,missing,missing,missing,missing,artifacts/e1a933_review/vision_gpu_interpretation/cuda_matrix/random_static_s806/predictions.npz
canonical224_159,random,static,806,parent,140,4,0,4,0.0,predictions.npz logits/labels disaggregated; sums locked to result.json J,missing,0,4,0.0,atomic_joint,4,4,1.0,AB,missing,missing,missing,missing,artifacts/e1a933_review/vision_gpu_interpretation/cuda_matrix/random_static_s806/predictions.npz
canonical224_159,random,static,806,parent,146,2,2,2,1.0,predictions.npz logits/labels disaggregated; sums locked to result.json J,missing,2,2,1.0,atomic_joint,2,2,1.0,AB,missing,missing,missing,missing,artifacts/e1a933_review/vision_gpu_interpretation/cuda_matrix/random_static_s806/predictions.npz
canonical224_159,random,static,806,parent,165,2,2,2,1.0,predictions.npz logits/labels disaggregated; sums locked to result.json J,missing,2,2,1.0,atomic_joint,2,2,1.0,AB,missing,missing,missing,missing,artifacts/e1a933_review/vision_gpu_interpretation/cuda_matrix/random_static_s806/predictions.npz
canonical224_159,random,static,806,parent,181,3,2,3,0.6666666666666666,predictions.npz logits/labels disaggregated; sums locked to result.json J,missing,2,3,0.6666666666666666,atomic_joint,3,3,1.0,AB,missing,missing,missing,missing,artifacts/e1a933_review/vision_gpu_interpretation/cuda_matrix/random_static_s806/predictions.npz
canonical224_159,random,static,806,parent,183,1,1,1,1.0,predictions.npz logits/labels disaggregated; sums locked to result.json J,missing,1,1,1.0,atomic_joint,1,1,1.0,AB,missing,missing,missing,missing,artifacts/e1a933_review/vision_gpu_interpretation/cuda_matrix/random_static_s806/predictions.npz
canonical224_159,random,static,806,parent,185,2,2,2,1.0,predictions.npz logits/labels disaggregated; sums locked to result.json J,missing,2,2,1.0,atomic_joint,2,2,1.0,AB,missing,missing,missing,missing,artifacts/e1a933_review/vision_gpu_interpretation/cuda_matrix/random_static_s806/predictions.npz
canonical224_159,random,static,806,parent,203,2,0,2,0.0,predictions.npz logits/labels disaggregated; sums locked to result.json J,missing,0,2,0.0,atomic_joint,0,2,0.0,AB,missing,missing,missing,missing,artifacts/e1a933_review/vision_gpu_interpretation/cuda_matrix/random_static_s806/predictions.npz
canonical224_159,random,static,806,parent,209,1,1,1,1.0,predictions.npz logits/labels disaggregated; sums locked to result.json J,missing,1,1,1.0,atomic_joint,1,1,1.0,AB,missing,missing,missing,missing,artifacts/e1a933_review/vision_gpu_interpretation/cuda_matrix/random_static_s806/predictions.npz
canonical224_159,random,static,806,parent,211,1,1,1,1.0,predictions.npz logits/labels disaggregated; sums locked to result.json J,missing,1,1,1.0,atomic_joint,1,1,1.0,AB,missing,missing,missing,missing,artifacts/e1a933_review/vision_gpu_interpretation/cuda_matrix/random_static_s806/predictions.npz
canonical224_159,random,static,806,parent,215,3,1,3,0.3333333333333333,predictions.npz logits/labels disaggregated; sums locked to result.json J,missing,3,3,1.0,atomic_joint,1,3,0.3333333333333333,AB,missing,missing,missing,missing,artifacts/e1a933_review/vision_gpu_interpretation/cuda_matrix/random_static_s806/predictions.npz
canonical224_159,random,static,806,parent,216,4,2,4,0.5,predictions.npz logits/labels disaggregated; sums locked to result.json J,missing,4,4,1.0,atomic_joint,2,4,0.5,AB,missing,missing,missing,missing,artifacts/e1a933_review/vision_gpu_interpretation/cuda_matrix/random_static_s806/predictions.npz
canonical224_159,random,static,806,parent,228,4,3,4,0.75,predictions.npz logits/labels disaggregated; sums locked to result.json J,missing,4,4,1.0,atomic_joint,3,4,0.75,AB,missing,missing,missing,missing,artifacts/e1a933_review/vision_gpu_interpretation/cuda_matrix/random_static_s806/predictions.npz
canonical224_159,random,static,806,parent,239,3,0,3,0.0,predictions.npz logits/labels disaggregated; sums locked to result.json J,missing,0,3,0.0,atomic_joint,3,3,1.0,AB,missing,missing,missing,missing,artifacts/e1a933_review/vision_gpu_interpretation/cuda_matrix/random_static_s806/predictions.npz
canonical224_159,random,static,806,parent,245,1,0,1,0.0,predictions.npz logits/labels disaggregated; sums locked to result.json J,missing,0,1,0.0,atomic_joint,1,1,1.0,AB,missing,missing,missing,missing,artifacts/e1a933_review/vision_gpu_interpretation/cuda_matrix/random_static_s806/predictions.npz
canonical224_159,random,static,806,parent,252,1,1,1,1.0,predictions.npz logits/labels disaggregated; sums locked to result.json J,missing,1,1,1.0,atomic_joint,1,1,1.0,AB,missing,missing,missing,missing,artifacts/e1a933_review/vision_gpu_interpretation/cuda_matrix/random_static_s806/predictions.npz
canonical224_159,random,static,806,parent,272,1,0,1,0.0,predictions.npz logits/labels disaggregated; sums locked to result.json J,missing,0,1,0.0,atomic_joint,1,1,1.0,AB,missing,missing,missing,missing,artifacts/e1a933_review/vision_gpu_interpretation/cuda_matrix/random_static_s806/predictions.npz
canonical224_159,random,static,806,parent,290,1,1,1,1.0,predictions.npz logits/labels disaggregated; sums locked to result.json J,missing,1,1,1.0,atomic_joint,1,1,1.0,AB,missing,missing,missing,missing,artifacts/e1a933_review/vision_gpu_interpretation/cuda_matrix/random_static_s806/predictions.npz
canonical224_159,random,static,806,parent,300,2,1,2,0.5,predictions.npz logits/labels disaggregated; sums locked to result.json J,missing,2,2,1.0,atomic_joint,1,2,0.5,AB,missing,missing,missing,missing,artifacts/e1a933_review/vision_gpu_interpretation/cuda_matrix/random_static_s806/predictions.npz
canonical224_159,random,static,806,parent,303,1,1,1,1.0,predictions.npz logits/labels disaggregated; sums locked to result.json J,missing,1,1,1.0,atomic_joint,1,1,1.0,AB,missing,missing,missing,missing,artifacts/e1a933_review/vision_gpu_interpretation/cuda_matrix/random_static_s806/predictions.npz
canonical224_159,random,static,806,parent,310,2,2,2,1.0,predictions.npz logits/labels disaggregated; sums locked to result.json J,missing,2,2,1.0,atomic_joint,2,2,1.0,AB,missing,missing,missing,missing,artifacts/e1a933_review/vision_gpu_interpretation/cuda_matrix/random_static_s806/predictions.npz
canonical224_159,random,static,806,parent,314,1,0,1,0.0,predictions.npz logits/labels disaggregated; sums locked to result.json J,missing,0,1,0.0,atomic_joint,1,1,1.0,AB,missing,missing,missing,missing,artifacts/e1a933_review/vision_gpu_interpretation/cuda_matrix/random_static_s806/predictions.npz
canonical224_159,random,static,806,parent,317,1,1,1,1.0,predictions.npz logits/labels disaggregated; sums locked to result.json J,missing,1,1,1.0,atomic_joint,1,1,1.0,AB,missing,missing,missing,missing,artifacts/e1a933_review/vision_gpu_interpretation/cuda_matrix/random_static_s806/predictions.npz
canonical224_159,random,static,806,parent,321,2,0,2,0.0,predictions.npz logits/labels disaggregated; sums locked to result.json J,missing,0,2,0.0,atomic_joint,2,2,1.0,AB,missing,missing,missing,missing,artifacts/e1a933_review/vision_gpu_interpretation/cuda_matrix/random_static_s806/predictions.npz
canonical224_159,random,static,806,parent,325,1,0,1,0.0,predictions.npz logits/labels disaggregated; sums locked to result.json J,missing,1,1,1.0,atomic_joint,0,1,0.0,AB,missing,missing,missing,missing,artifacts/e1a933_review/vision_gpu_interpretation/cuda_matrix/random_static_s806/predictions.npz
canonical224_159,random,static,806,parent,329,1,1,1,1.0,predictions.npz logits/labels disaggregated; sums locked to result.json J,missing,1,1,1.0,atomic_joint,1,1,1.0,AB,missing,missing,missing,missing,artifacts/e1a933_review/vision_gpu_interpretation/cuda_matrix/random_static_s806/predictions.npz
canonical224_159,random,static,806,parent,336,4,4,4,1.0,predictions.npz logits/labels disaggregated; sums locked to result.json J,missing,4,4,1.0,atomic_joint,4,4,1.0,AB,missing,missing,missing,missing,artifacts/e1a933_review/vision_gpu_interpretation/cuda_matrix/random_static_s806/predictions.npz
canonical224_159,random,static,806,parent,345,3,0,3,0.0,predictions.npz logits/labels disaggregated; sums locked to result.json J,missing,3,3,1.0,atomic_joint,0,3,0.0,AB,missing,missing,missing,missing,artifacts/e1a933_review/vision_gpu_interpretation/cuda_matrix/random_static_s806/predictions.npz
canonical224_159,random,static,806,parent,350,1,1,1,1.0,predictions.npz logits/labels disaggregated; sums locked to result.json J,missing,1,1,1.0,atomic_joint,1,1,1.0,AB,missing,missing,missing,missing,artifacts/e1a933_review/vision_gpu_interpretation/cuda_matrix/random_static_s806/predictions.npz
canonical224_159,random,static,806,parent,353,2,0,2,0.0,predictions.npz logits/labels disaggregated; sums locked to result.json J,missing,1,2,0.5,atomic_joint,0,2,0.0,AB,missing,missing,missing,missing,artifacts/e1a933_review/vision_gpu_interpretation/cuda_matrix/random_static_s806/predictions.npz
canonical224_159,random,static,806,parent,356,1,0,1,0.0,predictions.npz logits/labels disaggregated; sums locked to result.json J,missing,1,1,1.0,atomic_joint,0,1,0.0,AB,missing,missing,missing,missing,artifacts/e1a933_review/vision_gpu_interpretation/cuda_matrix/random_static_s806/predictions.npz
canonical224_159,random,static,806,parent,363,1,1,1,1.0,predictions.npz logits/labels disaggregated; sums locked to result.json J,missing,1,1,1.0,atomic_joint,1,1,1.0,AB,missing,missing,missing,missing,artifacts/e1a933_review/vision_gpu_interpretation/cuda_matrix/random_static_s806/predictions.npz
canonical224_159,random,static,806,parent,364,2,0,2,0.0,predictions.npz logits/labels disaggregated; sums locked to result.json J,missing,2,2,1.0,atomic_joint,0,2,0.0,AB,missing,missing,missing,missing,artifacts/e1a933_review/vision_gpu_interpretation/cuda_matrix/random_static_s806/predictions.npz
canonical224_159,random,static,806,parent,369,4,2,4,0.5,predictions.npz logits/labels disaggregated; sums locked to result.json J,missing,2,4,0.5,atomic_joint,4,4,1.0,AB,missing,missing,missing,missing,artifacts/e1a933_review/vision_gpu_interpretation/cuda_matrix/random_static_s806/predictions.npz
canonical224_159,random,static,806,parent,371,1,0,1,0.0,predictions.npz logits/labels disaggregated; sums locked to result.json J,missing,0,1,0.0,atomic_joint,1,1,1.0,AB,missing,missing,missing,missing,artifacts/e1a933_review/vision_gpu_interpretation/cuda_matrix/random_static_s806/predictions.npz
canonical224_159,random,static,806,parent,377,1,0,1,0.0,predictions.npz logits/labels disaggregated; sums locked to result.json J,missing,1,1,1.0,atomic_joint,0,1,0.0,AB,missing,missing,missing,missing,artifacts/e1a933_review/vision_gpu_interpretation/cuda_matrix/random_static_s806/predictions.npz
canonical224_159,random,static,806,parent,378,3,2,3,0.6666666666666666,predictions.npz logits/labels disaggregated; sums locked to result.json J,missing,3,3,1.0,atomic_joint,2,3,0.6666666666666666,AB,missing,missing,missing,missing,artifacts/e1a933_review/vision_gpu_interpretation/cuda_matrix/random_static_s806/predictions.npz
canonical224_159,random,static,806,parent,382,2,0,2,0.0,predictions.npz logits/labels disaggregated; sums locked to result.json J,missing,0,2,0.0,atomic_joint,2,2,1.0,AB,missing,missing,missing,missing,artifacts/e1a933_review/vision_gpu_interpretation/cuda_matrix/random_static_s806/predictions.npz
canonical224_159,random,static,806,parent,384,4,2,4,0.5,predictions.npz logits/labels disaggregated; sums locked to result.json J,missing,4,4,1.0,atomic_joint,2,4,0.5,AB,missing,missing,missing,missing,artifacts/e1a933_review/vision_gpu_interpretation/cuda_matrix/random_static_s806/predictions.npz
canonical224_159,random,static,806,parent,392,2,2,2,1.0,predictions.npz logits/labels disaggregated; sums locked to result.json J,missing,2,2,1.0,atomic_joint,2,2,1.0,AB,missing,missing,missing,missing,artifacts/e1a933_review/vision_gpu_interpretation/cuda_matrix/random_static_s806/predictions.npz
canonical224_159,random,static,806,parent,396,3,2,3,0.6666666666666666,predictions.npz logits/labels disaggregated; sums locked to result.json J,missing,3,3,1.0,atomic_joint,2,3,0.6666666666666666,AB,missing,missing,missing,missing,artifacts/e1a933_review/vision_gpu_interpretation/cuda_matrix/random_static_s806/predictions.npz
canonical224_159,random,static,806,parent,400,1,1,1,1.0,predictions.npz logits/labels disaggregated; sums locked to result.json J,missing,1,1,1.0,atomic_joint,1,1,1.0,AB,missing,missing,missing,missing,artifacts/e1a933_review/vision_gpu_interpretation/cuda_matrix/random_static_s806/predictions.npz
canonical224_159,random,static,806,parent,401,4,0,4,0.0,predictions.npz logits/labels disaggregated; sums locked to result.json J,missing,2,4,0.5,atomic_joint,1,4,0.25,AB,missing,missing,missing,missing,artifacts/e1a933_review/vision_gpu_interpretation/cuda_matrix/random_static_s806/predictions.npz
canonical224_159,random,static,806,parent,413,1,0,1,0.0,predictions.npz logits/labels disaggregated; sums locked to result.json J,missing,0,1,0.0,atomic_joint,1,1,1.0,AB,missing,missing,missing,missing,artifacts/e1a933_review/vision_gpu_interpretation/cuda_matrix/random_static_s806/predictions.npz
canonical224_159,random,static,806,parent,414,3,3,3,1.0,predictions.npz logits/labels disaggregated; sums locked to result.json J,missing,3,3,1.0,atomic_joint,3,3,1.0,AB,missing,missing,missing,missing,artifacts/e1a933_review/vision_gpu_interpretation/cuda_matrix/random_static_s806/predictions.npz
canonical224_159,random,static,806,parent,417,2,2,2,1.0,predictions.npz logits/labels disaggregated; sums locked to result.json J,missing,2,2,1.0,atomic_joint,2,2,1.0,AB,missing,missing,missing,missing,artifacts/e1a933_review/vision_gpu_interpretation/cuda_matrix/random_static_s806/predictions.npz
canonical224_159,random,static,806,parent,418,2,0,2,0.0,predictions.npz logits/labels disaggregated; sums locked to result.json J,missing,2,2,1.0,atomic_joint,0,2,0.0,AB,missing,missing,missing,missing,artifacts/e1a933_review/vision_gpu_interpretation/cuda_matrix/random_static_s806/predictions.npz
canonical224_159,random,static,806,parent,421,1,1,1,1.0,predictions.npz logits/labels disaggregated; sums locked to result.json J,missing,1,1,1.0,atomic_joint,1,1,1.0,AB,missing,missing,missing,missing,artifacts/e1a933_review/vision_gpu_interpretation/cuda_matrix/random_static_s806/predictions.npz
canonical224_159,random,static,806,parent,424,4,4,4,1.0,predictions.npz logits/labels disaggregated; sums locked to result.json J,missing,4,4,1.0,atomic_joint,4,4,1.0,AB,missing,missing,missing,missing,artifacts/e1a933_review/vision_gpu_interpretation/cuda_matrix/random_static_s806/predictions.npz
canonical224_159,random,static,806,parent,436,4,0,4,0.0,predictions.npz logits/labels disaggregated; sums locked to result.json J,missing,0,4,0.0,atomic_joint,4,4,1.0,AB,missing,missing,missing,missing,artifacts/e1a933_review/vision_gpu_interpretation/cuda_matrix/random_static_s806/predictions.npz
canonical224_159,random,static,806,parent,441,3,0,3,0.0,predictions.npz logits/labels disaggregated; sums locked to result.json J,missing,3,3,1.0,atomic_joint,0,3,0.0,AB,missing,missing,missing,missing,artifacts/e1a933_review/vision_gpu_interpretation/cuda_matrix/random_static_s806/predictions.npz
canonical224_159,random,static,806,parent,443,3,1,3,0.3333333333333333,predictions.npz logits/labels disaggregated; sums locked to result.json J,missing,3,3,1.0,atomic_joint,1,3,0.3333333333333333,AB,missing,missing,missing,missing,artifacts/e1a933_review/vision_gpu_interpretation/cuda_matrix/random_static_s806/predictions.npz
canonical224_159,random,static,806,parent,444,1,1,1,1.0,predictions.npz logits/labels disaggregated; sums locked to result.json J,missing,1,1,1.0,atomic_joint,1,1,1.0,AB,missing,missing,missing,missing,artifacts/e1a933_review/vision_gpu_interpretation/cuda_matrix/random_static_s806/predictions.npz
canonical224_159,random,static,806,parent,458,3,1,3,0.3333333333333333,predictions.npz logits/labels disaggregated; sums locked to result.json J,missing,3,3,1.0,atomic_joint,1,3,0.3333333333333333,AB,missing,missing,missing,missing,artifacts/e1a933_review/vision_gpu_interpretation/cuda_matrix/random_static_s806/predictions.npz
canonical224_159,random,static,806,parent,460,1,1,1,1.0,predictions.npz logits/labels disaggregated; sums locked to result.json J,missing,1,1,1.0,atomic_joint,1,1,1.0,AB,missing,missing,missing,missing,artifacts/e1a933_review/vision_gpu_interpretation/cuda_matrix/random_static_s806/predictions.npz
canonical224_159,random,static,806,parent,461,1,0,1,0.0,predictions.npz logits/labels disaggregated; sums locked to result.json J,missing,1,1,1.0,atomic_joint,0,1,0.0,AB,missing,missing,missing,missing,artifacts/e1a933_review/vision_gpu_interpretation/cuda_matrix/random_static_s806/predictions.npz
canonical224_159,random,static,806,parent,465,1,1,1,1.0,predictions.npz logits/labels disaggregated; sums locked to result.json J,missing,1,1,1.0,atomic_joint,1,1,1.0,AB,missing,missing,missing,missing,artifacts/e1a933_review/vision_gpu_interpretation/cuda_matrix/random_static_s806/predictions.npz
canonical224_159,random,static,806,parent,472,3,0,3,0.0,predictions.npz logits/labels disaggregated; sums locked to result.json J,missing,0,3,0.0,atomic_joint,3,3,1.0,AB,missing,missing,missing,missing,artifacts/e1a933_review/vision_gpu_interpretation/cuda_matrix/random_static_s806/predictions.npz
canonical224_159,random,static,806,parent,480,4,3,4,0.75,predictions.npz logits/labels disaggregated; sums locked to result.json J,missing,4,4,1.0,atomic_joint,3,4,0.75,AB,missing,missing,missing,missing,artifacts/e1a933_review/vision_gpu_interpretation/cuda_matrix/random_static_s806/predictions.npz
canonical224_159,random,static,806,parent,494,2,0,2,0.0,predictions.npz logits/labels disaggregated; sums locked to result.json J,missing,0,2,0.0,atomic_joint,2,2,1.0,AB,missing,missing,missing,missing,artifacts/e1a933_review/vision_gpu_interpretation/cuda_matrix/random_static_s806/predictions.npz
canonical224_159,random,flip,803,parent,3,1,1,1,1.0,predictions.npz logits/labels disaggregated; sums locked to result.json J,missing,1,1,1.0,atomic_joint,1,1,1.0,AB,missing,missing,missing,missing,artifacts/e1a933_review/vision_gpu_interpretation/cuda_matrix/random_flip_s803/predictions.npz
canonical224_159,random,flip,803,parent,21,3,1,3,0.3333333333333333,predictions.npz logits/labels disaggregated; sums locked to result.json J,missing,1,3,0.3333333333333333,atomic_joint,3,3,1.0,AB,missing,missing,missing,missing,artifacts/e1a933_review/vision_gpu_interpretation/cuda_matrix/random_flip_s803/predictions.npz
canonical224_159,random,flip,803,parent,32,4,4,4,1.0,predictions.npz logits/labels disaggregated; sums locked to result.json J,missing,4,4,1.0,atomic_joint,4,4,1.0,AB,missing,missing,missing,missing,artifacts/e1a933_review/vision_gpu_interpretation/cuda_matrix/random_flip_s803/predictions.npz
canonical224_159,random,flip,803,parent,37,4,0,4,0.0,predictions.npz logits/labels disaggregated; sums locked to result.json J,missing,0,4,0.0,atomic_joint,4,4,1.0,AB,missing,missing,missing,missing,artifacts/e1a933_review/vision_gpu_interpretation/cuda_matrix/random_flip_s803/predictions.npz
canonical224_159,random,flip,803,parent,45,3,3,3,1.0,predictions.npz logits/labels disaggregated; sums locked to result.json J,missing,3,3,1.0,atomic_joint,3,3,1.0,AB,missing,missing,missing,missing,artifacts/e1a933_review/vision_gpu_interpretation/cuda_matrix/random_flip_s803/predictions.npz
canonical224_159,random,flip,803,parent,63,1,0,1,0.0,predictions.npz logits/labels disaggregated; sums locked to result.json J,missing,0,1,0.0,atomic_joint,1,1,1.0,AB,missing,missing,missing,missing,artifacts/e1a933_review/vision_gpu_interpretation/cuda_matrix/random_flip_s803/predictions.npz
canonical224_159,random,flip,803,parent,64,4,0,4,0.0,predictions.npz logits/labels disaggregated; sums locked to result.json J,missing,0,4,0.0,atomic_joint,4,4,1.0,AB,missing,missing,missing,missing,artifacts/e1a933_review/vision_gpu_interpretation/cuda_matrix/random_flip_s803/predictions.npz
canonical224_159,random,flip,803,parent,72,4,4,4,1.0,predictions.npz logits/labels disaggregated; sums locked to result.json J,missing,4,4,1.0,atomic_joint,4,4,1.0,AB,missing,missing,missing,missing,artifacts/e1a933_review/vision_gpu_interpretation/cuda_matrix/random_flip_s803/predictions.npz
canonical224_159,random,flip,803,parent,86,1,0,1,0.0,predictions.npz logits/labels disaggregated; sums locked to result.json J,missing,1,1,1.0,atomic_joint,0,1,0.0,AB,missing,missing,missing,missing,artifacts/e1a933_review/vision_gpu_interpretation/cuda_matrix/random_flip_s803/predictions.npz
canonical224_159,random,flip,803,parent,92,1,0,1,0.0,predictions.npz logits/labels disaggregated; sums locked to result.json J,missing,0,1,0.0,atomic_joint,1,1,1.0,AB,missing,missing,missing,missing,artifacts/e1a933_review/vision_gpu_interpretation/cuda_matrix/random_flip_s803/predictions.npz
canonical224_159,random,flip,803,parent,94,2,2,2,1.0,predictions.npz logits/labels disaggregated; sums locked to result.json J,missing,2,2,1.0,atomic_joint,2,2,1.0,AB,missing,missing,missing,missing,artifacts/e1a933_review/vision_gpu_interpretation/cuda_matrix/random_flip_s803/predictions.npz
canonical224_159,random,flip,803,parent,105,1,1,1,1.0,predictions.npz logits/labels disaggregated; sums locked to result.json J,missing,1,1,1.0,atomic_joint,1,1,1.0,AB,missing,missing,missing,missing,artifacts/e1a933_review/vision_gpu_interpretation/cuda_matrix/random_flip_s803/predictions.npz
canonical224_159,random,flip,803,parent,107,3,2,3,0.6666666666666666,predictions.npz logits/labels disaggregated; sums locked to result.json J,missing,3,3,1.0,atomic_joint,2,3,0.6666666666666666,AB,missing,missing,missing,missing,artifacts/e1a933_review/vision_gpu_interpretation/cuda_matrix/random_flip_s803/predictions.npz
canonical224_159,random,flip,803,parent,114,1,0,1,0.0,predictions.npz logits/labels disaggregated; sums locked to result.json J,missing,0,1,0.0,atomic_joint,1,1,1.0,AB,missing,missing,missing,missing,artifacts/e1a933_review/vision_gpu_interpretation/cuda_matrix/random_flip_s803/predictions.npz
canonical224_159,random,flip,803,parent,128,1,1,1,1.0,predictions.npz logits/labels disaggregated; sums locked to result.json J,missing,1,1,1.0,atomic_joint,1,1,1.0,AB,missing,missing,missing,missing,artifacts/e1a933_review/vision_gpu_interpretation/cuda_matrix/random_flip_s803/predictions.npz
canonical224_159,random,flip,803,parent,140,4,0,4,0.0,predictions.npz logits/labels disaggregated; sums locked to result.json J,missing,0,4,0.0,atomic_joint,4,4,1.0,AB,missing,missing,missing,missing,artifacts/e1a933_review/vision_gpu_interpretation/cuda_matrix/random_flip_s803/predictions.npz
canonical224_159,random,flip,803,parent,146,2,2,2,1.0,predictions.npz logits/labels disaggregated; sums locked to result.json J,missing,2,2,1.0,atomic_joint,2,2,1.0,AB,missing,missing,missing,missing,artifacts/e1a933_review/vision_gpu_interpretation/cuda_matrix/random_flip_s803/predictions.npz
canonical224_159,random,flip,803,parent,165,2,1,2,0.5,predictions.npz logits/labels disaggregated; sums locked to result.json J,missing,1,2,0.5,atomic_joint,2,2,1.0,AB,missing,missing,missing,missing,artifacts/e1a933_review/vision_gpu_interpretation/cuda_matrix/random_flip_s803/predictions.npz
canonical224_159,random,flip,803,parent,181,3,2,3,0.6666666666666666,predictions.npz logits/labels disaggregated; sums locked to result.json J,missing,2,3,0.6666666666666666,atomic_joint,3,3,1.0,AB,missing,missing,missing,missing,artifacts/e1a933_review/vision_gpu_interpretation/cuda_matrix/random_flip_s803/predictions.npz
canonical224_159,random,flip,803,parent,183,1,1,1,1.0,predictions.npz logits/labels disaggregated; sums locked to result.json J,missing,1,1,1.0,atomic_joint,1,1,1.0,AB,missing,missing,missing,missing,artifacts/e1a933_review/vision_gpu_interpretation/cuda_matrix/random_flip_s803/predictions.npz
canonical224_159,random,flip,803,parent,185,2,2,2,1.0,predictions.npz logits/labels disaggregated; sums locked to result.json J,missing,2,2,1.0,atomic_joint,2,2,1.0,AB,missing,missing,missing,missing,artifacts/e1a933_review/vision_gpu_interpretation/cuda_matrix/random_flip_s803/predictions.npz
canonical224_159,random,flip,803,parent,203,2,0,2,0.0,predictions.npz logits/labels disaggregated; sums locked to result.json J,missing,0,2,0.0,atomic_joint,2,2,1.0,AB,missing,missing,missing,missing,artifacts/e1a933_review/vision_gpu_interpretation/cuda_matrix/random_flip_s803/predictions.npz
canonical224_159,random,flip,803,parent,209,1,1,1,1.0,predictions.npz logits/labels disaggregated; sums locked to result.json J,missing,1,1,1.0,atomic_joint,1,1,1.0,AB,missing,missing,missing,missing,artifacts/e1a933_review/vision_gpu_interpretation/cuda_matrix/random_flip_s803/predictions.npz
canonical224_159,random,flip,803,parent,211,1,1,1,1.0,predictions.npz logits/labels disaggregated; sums locked to result.json J,missing,1,1,1.0,atomic_joint,1,1,1.0,AB,missing,missing,missing,missing,artifacts/e1a933_review/vision_gpu_interpretation/cuda_matrix/random_flip_s803/predictions.npz
canonical224_159,random,flip,803,parent,215,3,3,3,1.0,predictions.npz logits/labels disaggregated; sums locked to result.json J,missing,3,3,1.0,atomic_joint,3,3,1.0,AB,missing,missing,missing,missing,artifacts/e1a933_review/vision_gpu_interpretation/cuda_matrix/random_flip_s803/predictions.npz
canonical224_159,random,flip,803,parent,216,4,3,4,0.75,predictions.npz logits/labels disaggregated; sums locked to result.json J,missing,4,4,1.0,atomic_joint,3,4,0.75,AB,missing,missing,missing,missing,artifacts/e1a933_review/vision_gpu_interpretation/cuda_matrix/random_flip_s803/predictions.npz
canonical224_159,random,flip,803,parent,228,4,3,4,0.75,predictions.npz logits/labels disaggregated; sums locked to result.json J,missing,4,4,1.0,atomic_joint,3,4,0.75,AB,missing,missing,missing,missing,artifacts/e1a933_review/vision_gpu_interpretation/cuda_matrix/random_flip_s803/predictions.npz
canonical224_159,random,flip,803,parent,239,3,3,3,1.0,predictions.npz logits/labels disaggregated; sums locked to result.json J,missing,3,3,1.0,atomic_joint,3,3,1.0,AB,missing,missing,missing,missing,artifacts/e1a933_review/vision_gpu_interpretation/cuda_matrix/random_flip_s803/predictions.npz
canonical224_159,random,flip,803,parent,245,1,1,1,1.0,predictions.npz logits/labels disaggregated; sums locked to result.json J,missing,1,1,1.0,atomic_joint,1,1,1.0,AB,missing,missing,missing,missing,artifacts/e1a933_review/vision_gpu_interpretation/cuda_matrix/random_flip_s803/predictions.npz
canonical224_159,random,flip,803,parent,252,1,1,1,1.0,predictions.npz logits/labels disaggregated; sums locked to result.json J,missing,1,1,1.0,atomic_joint,1,1,1.0,AB,missing,missing,missing,missing,artifacts/e1a933_review/vision_gpu_interpretation/cuda_matrix/random_flip_s803/predictions.npz
canonical224_159,random,flip,803,parent,272,1,0,1,0.0,predictions.npz logits/labels disaggregated; sums locked to result.json J,missing,0,1,0.0,atomic_joint,1,1,1.0,AB,missing,missing,missing,missing,artifacts/e1a933_review/vision_gpu_interpretation/cuda_matrix/random_flip_s803/predictions.npz
canonical224_159,random,flip,803,parent,290,1,0,1,0.0,predictions.npz logits/labels disaggregated; sums locked to result.json J,missing,0,1,0.0,atomic_joint,1,1,1.0,AB,missing,missing,missing,missing,artifacts/e1a933_review/vision_gpu_interpretation/cuda_matrix/random_flip_s803/predictions.npz
canonical224_159,random,flip,803,parent,300,2,1,2,0.5,predictions.npz logits/labels disaggregated; sums locked to result.json J,missing,2,2,1.0,atomic_joint,1,2,0.5,AB,missing,missing,missing,missing,artifacts/e1a933_review/vision_gpu_interpretation/cuda_matrix/random_flip_s803/predictions.npz
canonical224_159,random,flip,803,parent,303,1,1,1,1.0,predictions.npz logits/labels disaggregated; sums locked to result.json J,missing,1,1,1.0,atomic_joint,1,1,1.0,AB,missing,missing,missing,missing,artifacts/e1a933_review/vision_gpu_interpretation/cuda_matrix/random_flip_s803/predictions.npz
canonical224_159,random,flip,803,parent,310,2,2,2,1.0,predictions.npz logits/labels disaggregated; sums locked to result.json J,missing,2,2,1.0,atomic_joint,2,2,1.0,AB,missing,missing,missing,missing,artifacts/e1a933_review/vision_gpu_interpretation/cuda_matrix/random_flip_s803/predictions.npz
canonical224_159,random,flip,803,parent,314,1,1,1,1.0,predictions.npz logits/labels disaggregated; sums locked to result.json J,missing,1,1,1.0,atomic_joint,1,1,1.0,AB,missing,missing,missing,missing,artifacts/e1a933_review/vision_gpu_interpretation/cuda_matrix/random_flip_s803/predictions.npz
canonical224_159,random,flip,803,parent,317,1,1,1,1.0,predictions.npz logits/labels disaggregated; sums locked to result.json J,missing,1,1,1.0,atomic_joint,1,1,1.0,AB,missing,missing,missing,missing,artifacts/e1a933_review/vision_gpu_interpretation/cuda_matrix/random_flip_s803/predictions.npz
canonical224_159,random,flip,803,parent,321,2,2,2,1.0,predictions.npz logits/labels disaggregated; sums locked to result.json J,missing,2,2,1.0,atomic_joint,2,2,1.0,AB,missing,missing,missing,missing,artifacts/e1a933_review/vision_gpu_interpretation/cuda_matrix/random_flip_s803/predictions.npz
canonical224_159,random,flip,803,parent,325,1,0,1,0.0,predictions.npz logits/labels disaggregated; sums locked to result.json J,missing,0,1,0.0,atomic_joint,1,1,1.0,AB,missing,missing,missing,missing,artifacts/e1a933_review/vision_gpu_interpretation/cuda_matrix/random_flip_s803/predictions.npz
canonical224_159,random,flip,803,parent,329,1,1,1,1.0,predictions.npz logits/labels disaggregated; sums locked to result.json J,missing,1,1,1.0,atomic_joint,1,1,1.0,AB,missing,missing,missing,missing,artifacts/e1a933_review/vision_gpu_interpretation/cuda_matrix/random_flip_s803/predictions.npz
canonical224_159,random,flip,803,parent,336,4,4,4,1.0,predictions.npz logits/labels disaggregated; sums locked to result.json J,missing,4,4,1.0,atomic_joint,4,4,1.0,AB,missing,missing,missing,missing,artifacts/e1a933_review/vision_gpu_interpretation/cuda_matrix/random_flip_s803/predictions.npz
canonical224_159,random,flip,803,parent,345,3,2,3,0.6666666666666666,predictions.npz logits/labels disaggregated; sums locked to result.json J,missing,3,3,1.0,atomic_joint,2,3,0.6666666666666666,AB,missing,missing,missing,missing,artifacts/e1a933_review/vision_gpu_interpretation/cuda_matrix/random_flip_s803/predictions.npz
canonical224_159,random,flip,803,parent,350,1,1,1,1.0,predictions.npz logits/labels disaggregated; sums locked to result.json J,missing,1,1,1.0,atomic_joint,1,1,1.0,AB,missing,missing,missing,missing,artifacts/e1a933_review/vision_gpu_interpretation/cuda_matrix/random_flip_s803/predictions.npz
canonical224_159,random,flip,803,parent,353,2,1,2,0.5,predictions.npz logits/labels disaggregated; sums locked to result.json J,missing,2,2,1.0,atomic_joint,1,2,0.5,AB,missing,missing,missing,missing,artifacts/e1a933_review/vision_gpu_interpretation/cuda_matrix/random_flip_s803/predictions.npz
canonical224_159,random,flip,803,parent,356,1,1,1,1.0,predictions.npz logits/labels disaggregated; sums locked to result.json J,missing,1,1,1.0,atomic_joint,1,1,1.0,AB,missing,missing,missing,missing,artifacts/e1a933_review/vision_gpu_interpretation/cuda_matrix/random_flip_s803/predictions.npz
canonical224_159,random,flip,803,parent,363,1,1,1,1.0,predictions.npz logits/labels disaggregated; sums locked to result.json J,missing,1,1,1.0,atomic_joint,1,1,1.0,AB,missing,missing,missing,missing,artifacts/e1a933_review/vision_gpu_interpretation/cuda_matrix/random_flip_s803/predictions.npz
canonical224_159,random,flip,803,parent,364,2,2,2,1.0,predictions.npz logits/labels disaggregated; sums locked to result.json J,missing,2,2,1.0,atomic_joint,2,2,1.0,AB,missing,missing,missing,missing,artifacts/e1a933_review/vision_gpu_interpretation/cuda_matrix/random_flip_s803/predictions.npz
canonical224_159,random,flip,803,parent,369,4,4,4,1.0,predictions.npz logits/labels disaggregated; sums locked to result.json J,missing,4,4,1.0,atomic_joint,4,4,1.0,AB,missing,missing,missing,missing,artifacts/e1a933_review/vision_gpu_interpretation/cuda_matrix/random_flip_s803/predictions.npz
canonical224_159,random,flip,803,parent,371,1,1,1,1.0,predictions.npz logits/labels disaggregated; sums locked to result.json J,missing,1,1,1.0,atomic_joint,1,1,1.0,AB,missing,missing,missing,missing,artifacts/e1a933_review/vision_gpu_interpretation/cuda_matrix/random_flip_s803/predictions.npz
canonical224_159,random,flip,803,parent,377,1,0,1,0.0,predictions.npz logits/labels disaggregated; sums locked to result.json J,missing,1,1,1.0,atomic_joint,0,1,0.0,AB,missing,missing,missing,missing,artifacts/e1a933_review/vision_gpu_interpretation/cuda_matrix/random_flip_s803/predictions.npz
canonical224_159,random,flip,803,parent,378,3,2,3,0.6666666666666666,predictions.npz logits/labels disaggregated; sums locked to result.json J,missing,2,3,0.6666666666666666,atomic_joint,3,3,1.0,AB,missing,missing,missing,missing,artifacts/e1a933_review/vision_gpu_interpretation/cuda_matrix/random_flip_s803/predictions.npz
canonical224_159,random,flip,803,parent,382,2,0,2,0.0,predictions.npz logits/labels disaggregated; sums locked to result.json J,missing,0,2,0.0,atomic_joint,2,2,1.0,AB,missing,missing,missing,missing,artifacts/e1a933_review/vision_gpu_interpretation/cuda_matrix/random_flip_s803/predictions.npz
canonical224_159,random,flip,803,parent,384,4,2,4,0.5,predictions.npz logits/labels disaggregated; sums locked to result.json J,missing,2,4,0.5,atomic_joint,4,4,1.0,AB,missing,missing,missing,missing,artifacts/e1a933_review/vision_gpu_interpretation/cuda_matrix/random_flip_s803/predictions.npz
canonical224_159,random,flip,803,parent,392,2,2,2,1.0,predictions.npz logits/labels disaggregated; sums locked to result.json J,missing,2,2,1.0,atomic_joint,2,2,1.0,AB,missing,missing,missing,missing,artifacts/e1a933_review/vision_gpu_interpretation/cuda_matrix/random_flip_s803/predictions.npz
canonical224_159,random,flip,803,parent,396,3,3,3,1.0,predictions.npz logits/labels disaggregated; sums locked to result.json J,missing,3,3,1.0,atomic_joint,3,3,1.0,AB,missing,missing,missing,missing,artifacts/e1a933_review/vision_gpu_interpretation/cuda_matrix/random_flip_s803/predictions.npz
canonical224_159,random,flip,803,parent,400,1,1,1,1.0,predictions.npz logits/labels disaggregated; sums locked to result.json J,missing,1,1,1.0,atomic_joint,1,1,1.0,AB,missing,missing,missing,missing,artifacts/e1a933_review/vision_gpu_interpretation/cuda_matrix/random_flip_s803/predictions.npz
canonical224_159,random,flip,803,parent,401,4,2,4,0.5,predictions.npz logits/labels disaggregated; sums locked to result.json J,missing,2,4,0.5,atomic_joint,4,4,1.0,AB,missing,missing,missing,missing,artifacts/e1a933_review/vision_gpu_interpretation/cuda_matrix/random_flip_s803/predictions.npz
canonical224_159,random,flip,803,parent,413,1,0,1,0.0,predictions.npz logits/labels disaggregated; sums locked to result.json J,missing,0,1,0.0,atomic_joint,1,1,1.0,AB,missing,missing,missing,missing,artifacts/e1a933_review/vision_gpu_interpretation/cuda_matrix/random_flip_s803/predictions.npz
canonical224_159,random,flip,803,parent,414,3,3,3,1.0,predictions.npz logits/labels disaggregated; sums locked to result.json J,missing,3,3,1.0,atomic_joint,3,3,1.0,AB,missing,missing,missing,missing,artifacts/e1a933_review/vision_gpu_interpretation/cuda_matrix/random_flip_s803/predictions.npz
canonical224_159,random,flip,803,parent,417,2,2,2,1.0,predictions.npz logits/labels disaggregated; sums locked to result.json J,missing,2,2,1.0,atomic_joint,2,2,1.0,AB,missing,missing,missing,missing,artifacts/e1a933_review/vision_gpu_interpretation/cuda_matrix/random_flip_s803/predictions.npz
canonical224_159,random,flip,803,parent,418,2,0,2,0.0,predictions.npz logits/labels disaggregated; sums locked to result.json J,missing,2,2,1.0,atomic_joint,0,2,0.0,AB,missing,missing,missing,missing,artifacts/e1a933_review/vision_gpu_interpretation/cuda_matrix/random_flip_s803/predictions.npz
canonical224_159,random,flip,803,parent,421,1,1,1,1.0,predictions.npz logits/labels disaggregated; sums locked to result.json J,missing,1,1,1.0,atomic_joint,1,1,1.0,AB,missing,missing,missing,missing,artifacts/e1a933_review/vision_gpu_interpretation/cuda_matrix/random_flip_s803/predictions.npz
canonical224_159,random,flip,803,parent,424,4,4,4,1.0,predictions.npz logits/labels disaggregated; sums locked to result.json J,missing,4,4,1.0,atomic_joint,4,4,1.0,AB,missing,missing,missing,missing,artifacts/e1a933_review/vision_gpu_interpretation/cuda_matrix/random_flip_s803/predictions.npz
canonical224_159,random,flip,803,parent,436,4,4,4,1.0,predictions.npz logits/labels disaggregated; sums locked to result.json J,missing,4,4,1.0,atomic_joint,4,4,1.0,AB,missing,missing,missing,missing,artifacts/e1a933_review/vision_gpu_interpretation/cuda_matrix/random_flip_s803/predictions.npz
canonical224_159,random,flip,803,parent,441,3,2,3,0.6666666666666666,predictions.npz logits/labels disaggregated; sums locked to result.json J,missing,3,3,1.0,atomic_joint,2,3,0.6666666666666666,AB,missing,missing,missing,missing,artifacts/e1a933_review/vision_gpu_interpretation/cuda_matrix/random_flip_s803/predictions.npz
canonical224_159,random,flip,803,parent,443,3,3,3,1.0,predictions.npz logits/labels disaggregated; sums locked to result.json J,missing,3,3,1.0,atomic_joint,3,3,1.0,AB,missing,missing,missing,missing,artifacts/e1a933_review/vision_gpu_interpretation/cuda_matrix/random_flip_s803/predictions.npz
canonical224_159,random,flip,803,parent,444,1,0,1,0.0,predictions.npz logits/labels disaggregated; sums locked to result.json J,missing,1,1,1.0,atomic_joint,0,1,0.0,AB,missing,missing,missing,missing,artifacts/e1a933_review/vision_gpu_interpretation/cuda_matrix/random_flip_s803/predictions.npz
canonical224_159,random,flip,803,parent,458,3,3,3,1.0,predictions.npz logits/labels disaggregated; sums locked to result.json J,missing,3,3,1.0,atomic_joint,3,3,1.0,AB,missing,missing,missing,missing,artifacts/e1a933_review/vision_gpu_interpretation/cuda_matrix/random_flip_s803/predictions.npz
canonical224_159,random,flip,803,parent,460,1,1,1,1.0,predictions.npz logits/labels disaggregated; sums locked to result.json J,missing,1,1,1.0,atomic_joint,1,1,1.0,AB,missing,missing,missing,missing,artifacts/e1a933_review/vision_gpu_interpretation/cuda_matrix/random_flip_s803/predictions.npz
canonical224_159,random,flip,803,parent,461,1,0,1,0.0,predictions.npz logits/labels disaggregated; sums locked to result.json J,missing,1,1,1.0,atomic_joint,0,1,0.0,AB,missing,missing,missing,missing,artifacts/e1a933_review/vision_gpu_interpretation/cuda_matrix/random_flip_s803/predictions.npz
canonical224_159,random,flip,803,parent,465,1,1,1,1.0,predictions.npz logits/labels disaggregated; sums locked to result.json J,missing,1,1,1.0,atomic_joint,1,1,1.0,AB,missing,missing,missing,missing,artifacts/e1a933_review/vision_gpu_interpretation/cuda_matrix/random_flip_s803/predictions.npz
canonical224_159,random,flip,803,parent,472,3,3,3,1.0,predictions.npz logits/labels disaggregated; sums locked to result.json J,missing,3,3,1.0,atomic_joint,3,3,1.0,AB,missing,missing,missing,missing,artifacts/e1a933_review/vision_gpu_interpretation/cuda_matrix/random_flip_s803/predictions.npz
canonical224_159,random,flip,803,parent,480,4,4,4,1.0,predictions.npz logits/labels disaggregated; sums locked to result.json J,missing,4,4,1.0,atomic_joint,4,4,1.0,AB,missing,missing,missing,missing,artifacts/e1a933_review/vision_gpu_interpretation/cuda_matrix/random_flip_s803/predictions.npz
canonical224_159,random,flip,803,parent,494,2,0,2,0.0,predictions.npz logits/labels disaggregated; sums locked to result.json J,missing,0,2,0.0,atomic_joint,2,2,1.0,AB,missing,missing,missing,missing,artifacts/e1a933_review/vision_gpu_interpretation/cuda_matrix/random_flip_s803/predictions.npz
canonical224_159,random,flip,805,parent,3,1,0,1,0.0,predictions.npz logits/labels disaggregated; sums locked to result.json J,missing,0,1,0.0,atomic_joint,1,1,1.0,AB,missing,missing,missing,missing,artifacts/e1a933_review/vision_gpu_interpretation/cuda_matrix/random_flip_s805/predictions.npz
canonical224_159,random,flip,805,parent,21,3,1,3,0.3333333333333333,predictions.npz logits/labels disaggregated; sums locked to result.json J,missing,1,3,0.3333333333333333,atomic_joint,3,3,1.0,AB,missing,missing,missing,missing,artifacts/e1a933_review/vision_gpu_interpretation/cuda_matrix/random_flip_s805/predictions.npz
canonical224_159,random,flip,805,parent,32,4,4,4,1.0,predictions.npz logits/labels disaggregated; sums locked to result.json J,missing,4,4,1.0,atomic_joint,4,4,1.0,AB,missing,missing,missing,missing,artifacts/e1a933_review/vision_gpu_interpretation/cuda_matrix/random_flip_s805/predictions.npz
canonical224_159,random,flip,805,parent,37,4,0,4,0.0,predictions.npz logits/labels disaggregated; sums locked to result.json J,missing,0,4,0.0,atomic_joint,4,4,1.0,AB,missing,missing,missing,missing,artifacts/e1a933_review/vision_gpu_interpretation/cuda_matrix/random_flip_s805/predictions.npz
canonical224_159,random,flip,805,parent,45,3,3,3,1.0,predictions.npz logits/labels disaggregated; sums locked to result.json J,missing,3,3,1.0,atomic_joint,3,3,1.0,AB,missing,missing,missing,missing,artifacts/e1a933_review/vision_gpu_interpretation/cuda_matrix/random_flip_s805/predictions.npz
canonical224_159,random,flip,805,parent,63,1,0,1,0.0,predictions.npz logits/labels disaggregated; sums locked to result.json J,missing,0,1,0.0,atomic_joint,1,1,1.0,AB,missing,missing,missing,missing,artifacts/e1a933_review/vision_gpu_interpretation/cuda_matrix/random_flip_s805/predictions.npz
canonical224_159,random,flip,805,parent,64,4,0,4,0.0,predictions.npz logits/labels disaggregated; sums locked to result.json J,missing,0,4,0.0,atomic_joint,4,4,1.0,AB,missing,missing,missing,missing,artifacts/e1a933_review/vision_gpu_interpretation/cuda_matrix/random_flip_s805/predictions.npz
canonical224_159,random,flip,805,parent,72,4,4,4,1.0,predictions.npz logits/labels disaggregated; sums locked to result.json J,missing,4,4,1.0,atomic_joint,4,4,1.0,AB,missing,missing,missing,missing,artifacts/e1a933_review/vision_gpu_interpretation/cuda_matrix/random_flip_s805/predictions.npz
canonical224_159,random,flip,805,parent,86,1,1,1,1.0,predictions.npz logits/labels disaggregated; sums locked to result.json J,missing,1,1,1.0,atomic_joint,1,1,1.0,AB,missing,missing,missing,missing,artifacts/e1a933_review/vision_gpu_interpretation/cuda_matrix/random_flip_s805/predictions.npz
canonical224_159,random,flip,805,parent,92,1,0,1,0.0,predictions.npz logits/labels disaggregated; sums locked to result.json J,missing,0,1,0.0,atomic_joint,1,1,1.0,AB,missing,missing,missing,missing,artifacts/e1a933_review/vision_gpu_interpretation/cuda_matrix/random_flip_s805/predictions.npz
canonical224_159,random,flip,805,parent,94,2,0,2,0.0,predictions.npz logits/labels disaggregated; sums locked to result.json J,missing,0,2,0.0,atomic_joint,2,2,1.0,AB,missing,missing,missing,missing,artifacts/e1a933_review/vision_gpu_interpretation/cuda_matrix/random_flip_s805/predictions.npz
canonical224_159,random,flip,805,parent,105,1,1,1,1.0,predictions.npz logits/labels disaggregated; sums locked to result.json J,missing,1,1,1.0,atomic_joint,1,1,1.0,AB,missing,missing,missing,missing,artifacts/e1a933_review/vision_gpu_interpretation/cuda_matrix/random_flip_s805/predictions.npz
canonical224_159,random,flip,805,parent,107,3,2,3,0.6666666666666666,predictions.npz logits/labels disaggregated; sums locked to result.json J,missing,3,3,1.0,atomic_joint,2,3,0.6666666666666666,AB,missing,missing,missing,missing,artifacts/e1a933_review/vision_gpu_interpretation/cuda_matrix/random_flip_s805/predictions.npz
canonical224_159,random,flip,805,parent,114,1,0,1,0.0,predictions.npz logits/labels disaggregated; sums locked to result.json J,missing,0,1,0.0,atomic_joint,1,1,1.0,AB,missing,missing,missing,missing,artifacts/e1a933_review/vision_gpu_interpretation/cuda_matrix/random_flip_s805/predictions.npz
canonical224_159,random,flip,805,parent,128,1,0,1,0.0,predictions.npz logits/labels disaggregated; sums locked to result.json J,missing,0,1,0.0,atomic_joint,1,1,1.0,AB,missing,missing,missing,missing,artifacts/e1a933_review/vision_gpu_interpretation/cuda_matrix/random_flip_s805/predictions.npz
canonical224_159,random,flip,805,parent,140,4,0,4,0.0,predictions.npz logits/labels disaggregated; sums locked to result.json J,missing,0,4,0.0,atomic_joint,4,4,1.0,AB,missing,missing,missing,missing,artifacts/e1a933_review/vision_gpu_interpretation/cuda_matrix/random_flip_s805/predictions.npz
canonical224_159,random,flip,805,parent,146,2,2,2,1.0,predictions.npz logits/labels disaggregated; sums locked to result.json J,missing,2,2,1.0,atomic_joint,2,2,1.0,AB,missing,missing,missing,missing,artifacts/e1a933_review/vision_gpu_interpretation/cuda_matrix/random_flip_s805/predictions.npz
canonical224_159,random,flip,805,parent,165,2,1,2,0.5,predictions.npz logits/labels disaggregated; sums locked to result.json J,missing,1,2,0.5,atomic_joint,2,2,1.0,AB,missing,missing,missing,missing,artifacts/e1a933_review/vision_gpu_interpretation/cuda_matrix/random_flip_s805/predictions.npz
canonical224_159,random,flip,805,parent,181,3,2,3,0.6666666666666666,predictions.npz logits/labels disaggregated; sums locked to result.json J,missing,2,3,0.6666666666666666,atomic_joint,3,3,1.0,AB,missing,missing,missing,missing,artifacts/e1a933_review/vision_gpu_interpretation/cuda_matrix/random_flip_s805/predictions.npz
canonical224_159,random,flip,805,parent,183,1,1,1,1.0,predictions.npz logits/labels disaggregated; sums locked to result.json J,missing,1,1,1.0,atomic_joint,1,1,1.0,AB,missing,missing,missing,missing,artifacts/e1a933_review/vision_gpu_interpretation/cuda_matrix/random_flip_s805/predictions.npz
canonical224_159,random,flip,805,parent,185,2,2,2,1.0,predictions.npz logits/labels disaggregated; sums locked to result.json J,missing,2,2,1.0,atomic_joint,2,2,1.0,AB,missing,missing,missing,missing,artifacts/e1a933_review/vision_gpu_interpretation/cuda_matrix/random_flip_s805/predictions.npz
canonical224_159,random,flip,805,parent,203,2,0,2,0.0,predictions.npz logits/labels disaggregated; sums locked to result.json J,missing,2,2,1.0,atomic_joint,0,2,0.0,AB,missing,missing,missing,missing,artifacts/e1a933_review/vision_gpu_interpretation/cuda_matrix/random_flip_s805/predictions.npz
canonical224_159,random,flip,805,parent,209,1,1,1,1.0,predictions.npz logits/labels disaggregated; sums locked to result.json J,missing,1,1,1.0,atomic_joint,1,1,1.0,AB,missing,missing,missing,missing,artifacts/e1a933_review/vision_gpu_interpretation/cuda_matrix/random_flip_s805/predictions.npz
canonical224_159,random,flip,805,parent,211,1,1,1,1.0,predictions.npz logits/labels disaggregated; sums locked to result.json J,missing,1,1,1.0,atomic_joint,1,1,1.0,AB,missing,missing,missing,missing,artifacts/e1a933_review/vision_gpu_interpretation/cuda_matrix/random_flip_s805/predictions.npz
canonical224_159,random,flip,805,parent,215,3,3,3,1.0,predictions.npz logits/labels disaggregated; sums locked to result.json J,missing,3,3,1.0,atomic_joint,3,3,1.0,AB,missing,missing,missing,missing,artifacts/e1a933_review/vision_gpu_interpretation/cuda_matrix/random_flip_s805/predictions.npz
canonical224_159,random,flip,805,parent,216,4,4,4,1.0,predictions.npz logits/labels disaggregated; sums locked to result.json J,missing,4,4,1.0,atomic_joint,4,4,1.0,AB,missing,missing,missing,missing,artifacts/e1a933_review/vision_gpu_interpretation/cuda_matrix/random_flip_s805/predictions.npz
canonical224_159,random,flip,805,parent,228,4,3,4,0.75,predictions.npz logits/labels disaggregated; sums locked to result.json J,missing,4,4,1.0,atomic_joint,3,4,0.75,AB,missing,missing,missing,missing,artifacts/e1a933_review/vision_gpu_interpretation/cuda_matrix/random_flip_s805/predictions.npz
canonical224_159,random,flip,805,parent,239,3,3,3,1.0,predictions.npz logits/labels disaggregated; sums locked to result.json J,missing,3,3,1.0,atomic_joint,3,3,1.0,AB,missing,missing,missing,missing,artifacts/e1a933_review/vision_gpu_interpretation/cuda_matrix/random_flip_s805/predictions.npz
canonical224_159,random,flip,805,parent,245,1,1,1,1.0,predictions.npz logits/labels disaggregated; sums locked to result.json J,missing,1,1,1.0,atomic_joint,1,1,1.0,AB,missing,missing,missing,missing,artifacts/e1a933_review/vision_gpu_interpretation/cuda_matrix/random_flip_s805/predictions.npz
canonical224_159,random,flip,805,parent,252,1,1,1,1.0,predictions.npz logits/labels disaggregated; sums locked to result.json J,missing,1,1,1.0,atomic_joint,1,1,1.0,AB,missing,missing,missing,missing,artifacts/e1a933_review/vision_gpu_interpretation/cuda_matrix/random_flip_s805/predictions.npz
canonical224_159,random,flip,805,parent,272,1,0,1,0.0,predictions.npz logits/labels disaggregated; sums locked to result.json J,missing,0,1,0.0,atomic_joint,1,1,1.0,AB,missing,missing,missing,missing,artifacts/e1a933_review/vision_gpu_interpretation/cuda_matrix/random_flip_s805/predictions.npz
canonical224_159,random,flip,805,parent,290,1,1,1,1.0,predictions.npz logits/labels disaggregated; sums locked to result.json J,missing,1,1,1.0,atomic_joint,1,1,1.0,AB,missing,missing,missing,missing,artifacts/e1a933_review/vision_gpu_interpretation/cuda_matrix/random_flip_s805/predictions.npz
canonical224_159,random,flip,805,parent,300,2,1,2,0.5,predictions.npz logits/labels disaggregated; sums locked to result.json J,missing,2,2,1.0,atomic_joint,1,2,0.5,AB,missing,missing,missing,missing,artifacts/e1a933_review/vision_gpu_interpretation/cuda_matrix/random_flip_s805/predictions.npz
canonical224_159,random,flip,805,parent,303,1,1,1,1.0,predictions.npz logits/labels disaggregated; sums locked to result.json J,missing,1,1,1.0,atomic_joint,1,1,1.0,AB,missing,missing,missing,missing,artifacts/e1a933_review/vision_gpu_interpretation/cuda_matrix/random_flip_s805/predictions.npz
canonical224_159,random,flip,805,parent,310,2,2,2,1.0,predictions.npz logits/labels disaggregated; sums locked to result.json J,missing,2,2,1.0,atomic_joint,2,2,1.0,AB,missing,missing,missing,missing,artifacts/e1a933_review/vision_gpu_interpretation/cuda_matrix/random_flip_s805/predictions.npz
canonical224_159,random,flip,805,parent,314,1,1,1,1.0,predictions.npz logits/labels disaggregated; sums locked to result.json J,missing,1,1,1.0,atomic_joint,1,1,1.0,AB,missing,missing,missing,missing,artifacts/e1a933_review/vision_gpu_interpretation/cuda_matrix/random_flip_s805/predictions.npz
canonical224_159,random,flip,805,parent,317,1,1,1,1.0,predictions.npz logits/labels disaggregated; sums locked to result.json J,missing,1,1,1.0,atomic_joint,1,1,1.0,AB,missing,missing,missing,missing,artifacts/e1a933_review/vision_gpu_interpretation/cuda_matrix/random_flip_s805/predictions.npz
canonical224_159,random,flip,805,parent,321,2,2,2,1.0,predictions.npz logits/labels disaggregated; sums locked to result.json J,missing,2,2,1.0,atomic_joint,2,2,1.0,AB,missing,missing,missing,missing,artifacts/e1a933_review/vision_gpu_interpretation/cuda_matrix/random_flip_s805/predictions.npz
canonical224_159,random,flip,805,parent,325,1,0,1,0.0,predictions.npz logits/labels disaggregated; sums locked to result.json J,missing,0,1,0.0,atomic_joint,1,1,1.0,AB,missing,missing,missing,missing,artifacts/e1a933_review/vision_gpu_interpretation/cuda_matrix/random_flip_s805/predictions.npz
canonical224_159,random,flip,805,parent,329,1,1,1,1.0,predictions.npz logits/labels disaggregated; sums locked to result.json J,missing,1,1,1.0,atomic_joint,1,1,1.0,AB,missing,missing,missing,missing,artifacts/e1a933_review/vision_gpu_interpretation/cuda_matrix/random_flip_s805/predictions.npz
canonical224_159,random,flip,805,parent,336,4,2,4,0.5,predictions.npz logits/labels disaggregated; sums locked to result.json J,missing,2,4,0.5,atomic_joint,4,4,1.0,AB,missing,missing,missing,missing,artifacts/e1a933_review/vision_gpu_interpretation/cuda_matrix/random_flip_s805/predictions.npz
canonical224_159,random,flip,805,parent,345,3,1,3,0.3333333333333333,predictions.npz logits/labels disaggregated; sums locked to result.json J,missing,3,3,1.0,atomic_joint,1,3,0.3333333333333333,AB,missing,missing,missing,missing,artifacts/e1a933_review/vision_gpu_interpretation/cuda_matrix/random_flip_s805/predictions.npz
canonical224_159,random,flip,805,parent,350,1,1,1,1.0,predictions.npz logits/labels disaggregated; sums locked to result.json J,missing,1,1,1.0,atomic_joint,1,1,1.0,AB,missing,missing,missing,missing,artifacts/e1a933_review/vision_gpu_interpretation/cuda_matrix/random_flip_s805/predictions.npz
canonical224_159,random,flip,805,parent,353,2,1,2,0.5,predictions.npz logits/labels disaggregated; sums locked to result.json J,missing,2,2,1.0,atomic_joint,1,2,0.5,AB,missing,missing,missing,missing,artifacts/e1a933_review/vision_gpu_interpretation/cuda_matrix/random_flip_s805/predictions.npz
canonical224_159,random,flip,805,parent,356,1,1,1,1.0,predictions.npz logits/labels disaggregated; sums locked to result.json J,missing,1,1,1.0,atomic_joint,1,1,1.0,AB,missing,missing,missing,missing,artifacts/e1a933_review/vision_gpu_interpretation/cuda_matrix/random_flip_s805/predictions.npz
canonical224_159,random,flip,805,parent,363,1,1,1,1.0,predictions.npz logits/labels disaggregated; sums locked to result.json J,missing,1,1,1.0,atomic_joint,1,1,1.0,AB,missing,missing,missing,missing,artifacts/e1a933_review/vision_gpu_interpretation/cuda_matrix/random_flip_s805/predictions.npz
canonical224_159,random,flip,805,parent,364,2,2,2,1.0,predictions.npz logits/labels disaggregated; sums locked to result.json J,missing,2,2,1.0,atomic_joint,2,2,1.0,AB,missing,missing,missing,missing,artifacts/e1a933_review/vision_gpu_interpretation/cuda_matrix/random_flip_s805/predictions.npz
canonical224_159,random,flip,805,parent,369,4,4,4,1.0,predictions.npz logits/labels disaggregated; sums locked to result.json J,missing,4,4,1.0,atomic_joint,4,4,1.0,AB,missing,missing,missing,missing,artifacts/e1a933_review/vision_gpu_interpretation/cuda_matrix/random_flip_s805/predictions.npz
canonical224_159,random,flip,805,parent,371,1,1,1,1.0,predictions.npz logits/labels disaggregated; sums locked to result.json J,missing,1,1,1.0,atomic_joint,1,1,1.0,AB,missing,missing,missing,missing,artifacts/e1a933_review/vision_gpu_interpretation/cuda_matrix/random_flip_s805/predictions.npz
canonical224_159,random,flip,805,parent,377,1,0,1,0.0,predictions.npz logits/labels disaggregated; sums locked to result.json J,missing,1,1,1.0,atomic_joint,0,1,0.0,AB,missing,missing,missing,missing,artifacts/e1a933_review/vision_gpu_interpretation/cuda_matrix/random_flip_s805/predictions.npz
canonical224_159,random,flip,805,parent,378,3,2,3,0.6666666666666666,predictions.npz logits/labels disaggregated; sums locked to result.json J,missing,2,3,0.6666666666666666,atomic_joint,3,3,1.0,AB,missing,missing,missing,missing,artifacts/e1a933_review/vision_gpu_interpretation/cuda_matrix/random_flip_s805/predictions.npz
canonical224_159,random,flip,805,parent,382,2,0,2,0.0,predictions.npz logits/labels disaggregated; sums locked to result.json J,missing,0,2,0.0,atomic_joint,2,2,1.0,AB,missing,missing,missing,missing,artifacts/e1a933_review/vision_gpu_interpretation/cuda_matrix/random_flip_s805/predictions.npz
canonical224_159,random,flip,805,parent,384,4,2,4,0.5,predictions.npz logits/labels disaggregated; sums locked to result.json J,missing,2,4,0.5,atomic_joint,4,4,1.0,AB,missing,missing,missing,missing,artifacts/e1a933_review/vision_gpu_interpretation/cuda_matrix/random_flip_s805/predictions.npz
canonical224_159,random,flip,805,parent,392,2,2,2,1.0,predictions.npz logits/labels disaggregated; sums locked to result.json J,missing,2,2,1.0,atomic_joint,2,2,1.0,AB,missing,missing,missing,missing,artifacts/e1a933_review/vision_gpu_interpretation/cuda_matrix/random_flip_s805/predictions.npz
canonical224_159,random,flip,805,parent,396,3,3,3,1.0,predictions.npz logits/labels disaggregated; sums locked to result.json J,missing,3,3,1.0,atomic_joint,3,3,1.0,AB,missing,missing,missing,missing,artifacts/e1a933_review/vision_gpu_interpretation/cuda_matrix/random_flip_s805/predictions.npz
canonical224_159,random,flip,805,parent,400,1,1,1,1.0,predictions.npz logits/labels disaggregated; sums locked to result.json J,missing,1,1,1.0,atomic_joint,1,1,1.0,AB,missing,missing,missing,missing,artifacts/e1a933_review/vision_gpu_interpretation/cuda_matrix/random_flip_s805/predictions.npz
canonical224_159,random,flip,805,parent,401,4,2,4,0.5,predictions.npz logits/labels disaggregated; sums locked to result.json J,missing,2,4,0.5,atomic_joint,4,4,1.0,AB,missing,missing,missing,missing,artifacts/e1a933_review/vision_gpu_interpretation/cuda_matrix/random_flip_s805/predictions.npz
canonical224_159,random,flip,805,parent,413,1,0,1,0.0,predictions.npz logits/labels disaggregated; sums locked to result.json J,missing,0,1,0.0,atomic_joint,1,1,1.0,AB,missing,missing,missing,missing,artifacts/e1a933_review/vision_gpu_interpretation/cuda_matrix/random_flip_s805/predictions.npz
canonical224_159,random,flip,805,parent,414,3,3,3,1.0,predictions.npz logits/labels disaggregated; sums locked to result.json J,missing,3,3,1.0,atomic_joint,3,3,1.0,AB,missing,missing,missing,missing,artifacts/e1a933_review/vision_gpu_interpretation/cuda_matrix/random_flip_s805/predictions.npz
canonical224_159,random,flip,805,parent,417,2,2,2,1.0,predictions.npz logits/labels disaggregated; sums locked to result.json J,missing,2,2,1.0,atomic_joint,2,2,1.0,AB,missing,missing,missing,missing,artifacts/e1a933_review/vision_gpu_interpretation/cuda_matrix/random_flip_s805/predictions.npz
canonical224_159,random,flip,805,parent,418,2,0,2,0.0,predictions.npz logits/labels disaggregated; sums locked to result.json J,missing,2,2,1.0,atomic_joint,0,2,0.0,AB,missing,missing,missing,missing,artifacts/e1a933_review/vision_gpu_interpretation/cuda_matrix/random_flip_s805/predictions.npz
canonical224_159,random,flip,805,parent,421,1,1,1,1.0,predictions.npz logits/labels disaggregated; sums locked to result.json J,missing,1,1,1.0,atomic_joint,1,1,1.0,AB,missing,missing,missing,missing,artifacts/e1a933_review/vision_gpu_interpretation/cuda_matrix/random_flip_s805/predictions.npz
canonical224_159,random,flip,805,parent,424,4,4,4,1.0,predictions.npz logits/labels disaggregated; sums locked to result.json J,missing,4,4,1.0,atomic_joint,4,4,1.0,AB,missing,missing,missing,missing,artifacts/e1a933_review/vision_gpu_interpretation/cuda_matrix/random_flip_s805/predictions.npz
canonical224_159,random,flip,805,parent,436,4,1,4,0.25,predictions.npz logits/labels disaggregated; sums locked to result.json J,missing,1,4,0.25,atomic_joint,4,4,1.0,AB,missing,missing,missing,missing,artifacts/e1a933_review/vision_gpu_interpretation/cuda_matrix/random_flip_s805/predictions.npz
canonical224_159,random,flip,805,parent,441,3,1,3,0.3333333333333333,predictions.npz logits/labels disaggregated; sums locked to result.json J,missing,3,3,1.0,atomic_joint,1,3,0.3333333333333333,AB,missing,missing,missing,missing,artifacts/e1a933_review/vision_gpu_interpretation/cuda_matrix/random_flip_s805/predictions.npz
canonical224_159,random,flip,805,parent,443,3,3,3,1.0,predictions.npz logits/labels disaggregated; sums locked to result.json J,missing,3,3,1.0,atomic_joint,3,3,1.0,AB,missing,missing,missing,missing,artifacts/e1a933_review/vision_gpu_interpretation/cuda_matrix/random_flip_s805/predictions.npz
canonical224_159,random,flip,805,parent,444,1,0,1,0.0,predictions.npz logits/labels disaggregated; sums locked to result.json J,missing,1,1,1.0,atomic_joint,0,1,0.0,AB,missing,missing,missing,missing,artifacts/e1a933_review/vision_gpu_interpretation/cuda_matrix/random_flip_s805/predictions.npz
canonical224_159,random,flip,805,parent,458,3,3,3,1.0,predictions.npz logits/labels disaggregated; sums locked to result.json J,missing,3,3,1.0,atomic_joint,3,3,1.0,AB,missing,missing,missing,missing,artifacts/e1a933_review/vision_gpu_interpretation/cuda_matrix/random_flip_s805/predictions.npz
canonical224_159,random,flip,805,parent,460,1,1,1,1.0,predictions.npz logits/labels disaggregated; sums locked to result.json J,missing,1,1,1.0,atomic_joint,1,1,1.0,AB,missing,missing,missing,missing,artifacts/e1a933_review/vision_gpu_interpretation/cuda_matrix/random_flip_s805/predictions.npz
canonical224_159,random,flip,805,parent,461,1,0,1,0.0,predictions.npz logits/labels disaggregated; sums locked to result.json J,missing,1,1,1.0,atomic_joint,0,1,0.0,AB,missing,missing,missing,missing,artifacts/e1a933_review/vision_gpu_interpretation/cuda_matrix/random_flip_s805/predictions.npz
canonical224_159,random,flip,805,parent,465,1,1,1,1.0,predictions.npz logits/labels disaggregated; sums locked to result.json J,missing,1,1,1.0,atomic_joint,1,1,1.0,AB,missing,missing,missing,missing,artifacts/e1a933_review/vision_gpu_interpretation/cuda_matrix/random_flip_s805/predictions.npz
canonical224_159,random,flip,805,parent,472,3,3,3,1.0,predictions.npz logits/labels disaggregated; sums locked to result.json J,missing,3,3,1.0,atomic_joint,3,3,1.0,AB,missing,missing,missing,missing,artifacts/e1a933_review/vision_gpu_interpretation/cuda_matrix/random_flip_s805/predictions.npz
canonical224_159,random,flip,805,parent,480,4,4,4,1.0,predictions.npz logits/labels disaggregated; sums locked to result.json J,missing,4,4,1.0,atomic_joint,4,4,1.0,AB,missing,missing,missing,missing,artifacts/e1a933_review/vision_gpu_interpretation/cuda_matrix/random_flip_s805/predictions.npz
canonical224_159,random,flip,805,parent,494,2,0,2,0.0,predictions.npz logits/labels disaggregated; sums locked to result.json J,missing,0,2,0.0,atomic_joint,2,2,1.0,AB,missing,missing,missing,missing,artifacts/e1a933_review/vision_gpu_interpretation/cuda_matrix/random_flip_s805/predictions.npz
canonical224_159,random,flip,806,parent,3,1,1,1,1.0,predictions.npz logits/labels disaggregated; sums locked to result.json J,missing,1,1,1.0,atomic_joint,1,1,1.0,AB,missing,missing,missing,missing,artifacts/e1a933_review/vision_gpu_interpretation/cuda_matrix/random_flip_s806/predictions.npz
canonical224_159,random,flip,806,parent,21,3,1,3,0.3333333333333333,predictions.npz logits/labels disaggregated; sums locked to result.json J,missing,1,3,0.3333333333333333,atomic_joint,3,3,1.0,AB,missing,missing,missing,missing,artifacts/e1a933_review/vision_gpu_interpretation/cuda_matrix/random_flip_s806/predictions.npz
canonical224_159,random,flip,806,parent,32,4,4,4,1.0,predictions.npz logits/labels disaggregated; sums locked to result.json J,missing,4,4,1.0,atomic_joint,4,4,1.0,AB,missing,missing,missing,missing,artifacts/e1a933_review/vision_gpu_interpretation/cuda_matrix/random_flip_s806/predictions.npz
canonical224_159,random,flip,806,parent,37,4,0,4,0.0,predictions.npz logits/labels disaggregated; sums locked to result.json J,missing,0,4,0.0,atomic_joint,4,4,1.0,AB,missing,missing,missing,missing,artifacts/e1a933_review/vision_gpu_interpretation/cuda_matrix/random_flip_s806/predictions.npz
canonical224_159,random,flip,806,parent,45,3,1,3,0.3333333333333333,predictions.npz logits/labels disaggregated; sums locked to result.json J,missing,1,3,0.3333333333333333,atomic_joint,3,3,1.0,AB,missing,missing,missing,missing,artifacts/e1a933_review/vision_gpu_interpretation/cuda_matrix/random_flip_s806/predictions.npz
canonical224_159,random,flip,806,parent,63,1,0,1,0.0,predictions.npz logits/labels disaggregated; sums locked to result.json J,missing,0,1,0.0,atomic_joint,1,1,1.0,AB,missing,missing,missing,missing,artifacts/e1a933_review/vision_gpu_interpretation/cuda_matrix/random_flip_s806/predictions.npz
canonical224_159,random,flip,806,parent,64,4,0,4,0.0,predictions.npz logits/labels disaggregated; sums locked to result.json J,missing,0,4,0.0,atomic_joint,3,4,0.75,AB,missing,missing,missing,missing,artifacts/e1a933_review/vision_gpu_interpretation/cuda_matrix/random_flip_s806/predictions.npz
canonical224_159,random,flip,806,parent,72,4,3,4,0.75,predictions.npz logits/labels disaggregated; sums locked to result.json J,missing,4,4,1.0,atomic_joint,3,4,0.75,AB,missing,missing,missing,missing,artifacts/e1a933_review/vision_gpu_interpretation/cuda_matrix/random_flip_s806/predictions.npz
canonical224_159,random,flip,806,parent,86,1,0,1,0.0,predictions.npz logits/labels disaggregated; sums locked to result.json J,missing,1,1,1.0,atomic_joint,0,1,0.0,AB,missing,missing,missing,missing,artifacts/e1a933_review/vision_gpu_interpretation/cuda_matrix/random_flip_s806/predictions.npz
canonical224_159,random,flip,806,parent,92,1,0,1,0.0,predictions.npz logits/labels disaggregated; sums locked to result.json J,missing,0,1,0.0,atomic_joint,1,1,1.0,AB,missing,missing,missing,missing,artifacts/e1a933_review/vision_gpu_interpretation/cuda_matrix/random_flip_s806/predictions.npz
canonical224_159,random,flip,806,parent,94,2,2,2,1.0,predictions.npz logits/labels disaggregated; sums locked to result.json J,missing,2,2,1.0,atomic_joint,2,2,1.0,AB,missing,missing,missing,missing,artifacts/e1a933_review/vision_gpu_interpretation/cuda_matrix/random_flip_s806/predictions.npz
canonical224_159,random,flip,806,parent,105,1,1,1,1.0,predictions.npz logits/labels disaggregated; sums locked to result.json J,missing,1,1,1.0,atomic_joint,1,1,1.0,AB,missing,missing,missing,missing,artifacts/e1a933_review/vision_gpu_interpretation/cuda_matrix/random_flip_s806/predictions.npz
canonical224_159,random,flip,806,parent,107,3,2,3,0.6666666666666666,predictions.npz logits/labels disaggregated; sums locked to result.json J,missing,3,3,1.0,atomic_joint,2,3,0.6666666666666666,AB,missing,missing,missing,missing,artifacts/e1a933_review/vision_gpu_interpretation/cuda_matrix/random_flip_s806/predictions.npz
canonical224_159,random,flip,806,parent,114,1,0,1,0.0,predictions.npz logits/labels disaggregated; sums locked to result.json J,missing,0,1,0.0,atomic_joint,1,1,1.0,AB,missing,missing,missing,missing,artifacts/e1a933_review/vision_gpu_interpretation/cuda_matrix/random_flip_s806/predictions.npz
canonical224_159,random,flip,806,parent,128,1,0,1,0.0,predictions.npz logits/labels disaggregated; sums locked to result.json J,missing,0,1,0.0,atomic_joint,1,1,1.0,AB,missing,missing,missing,missing,artifacts/e1a933_review/vision_gpu_interpretation/cuda_matrix/random_flip_s806/predictions.npz
canonical224_159,random,flip,806,parent,140,4,0,4,0.0,predictions.npz logits/labels disaggregated; sums locked to result.json J,missing,0,4,0.0,atomic_joint,4,4,1.0,AB,missing,missing,missing,missing,artifacts/e1a933_review/vision_gpu_interpretation/cuda_matrix/random_flip_s806/predictions.npz
canonical224_159,random,flip,806,parent,146,2,2,2,1.0,predictions.npz logits/labels disaggregated; sums locked to result.json J,missing,2,2,1.0,atomic_joint,2,2,1.0,AB,missing,missing,missing,missing,artifacts/e1a933_review/vision_gpu_interpretation/cuda_matrix/random_flip_s806/predictions.npz
canonical224_159,random,flip,806,parent,165,2,1,2,0.5,predictions.npz logits/labels disaggregated; sums locked to result.json J,missing,1,2,0.5,atomic_joint,2,2,1.0,AB,missing,missing,missing,missing,artifacts/e1a933_review/vision_gpu_interpretation/cuda_matrix/random_flip_s806/predictions.npz
canonical224_159,random,flip,806,parent,181,3,2,3,0.6666666666666666,predictions.npz logits/labels disaggregated; sums locked to result.json J,missing,2,3,0.6666666666666666,atomic_joint,3,3,1.0,AB,missing,missing,missing,missing,artifacts/e1a933_review/vision_gpu_interpretation/cuda_matrix/random_flip_s806/predictions.npz
canonical224_159,random,flip,806,parent,183,1,1,1,1.0,predictions.npz logits/labels disaggregated; sums locked to result.json J,missing,1,1,1.0,atomic_joint,1,1,1.0,AB,missing,missing,missing,missing,artifacts/e1a933_review/vision_gpu_interpretation/cuda_matrix/random_flip_s806/predictions.npz
canonical224_159,random,flip,806,parent,185,2,2,2,1.0,predictions.npz logits/labels disaggregated; sums locked to result.json J,missing,2,2,1.0,atomic_joint,2,2,1.0,AB,missing,missing,missing,missing,artifacts/e1a933_review/vision_gpu_interpretation/cuda_matrix/random_flip_s806/predictions.npz
canonical224_159,random,flip,806,parent,203,2,0,2,0.0,predictions.npz logits/labels disaggregated; sums locked to result.json J,missing,0,2,0.0,atomic_joint,2,2,1.0,AB,missing,missing,missing,missing,artifacts/e1a933_review/vision_gpu_interpretation/cuda_matrix/random_flip_s806/predictions.npz
canonical224_159,random,flip,806,parent,209,1,1,1,1.0,predictions.npz logits/labels disaggregated; sums locked to result.json J,missing,1,1,1.0,atomic_joint,1,1,1.0,AB,missing,missing,missing,missing,artifacts/e1a933_review/vision_gpu_interpretation/cuda_matrix/random_flip_s806/predictions.npz
canonical224_159,random,flip,806,parent,211,1,1,1,1.0,predictions.npz logits/labels disaggregated; sums locked to result.json J,missing,1,1,1.0,atomic_joint,1,1,1.0,AB,missing,missing,missing,missing,artifacts/e1a933_review/vision_gpu_interpretation/cuda_matrix/random_flip_s806/predictions.npz
canonical224_159,random,flip,806,parent,215,3,2,3,0.6666666666666666,predictions.npz logits/labels disaggregated; sums locked to result.json J,missing,3,3,1.0,atomic_joint,2,3,0.6666666666666666,AB,missing,missing,missing,missing,artifacts/e1a933_review/vision_gpu_interpretation/cuda_matrix/random_flip_s806/predictions.npz
canonical224_159,random,flip,806,parent,216,4,4,4,1.0,predictions.npz logits/labels disaggregated; sums locked to result.json J,missing,4,4,1.0,atomic_joint,4,4,1.0,AB,missing,missing,missing,missing,artifacts/e1a933_review/vision_gpu_interpretation/cuda_matrix/random_flip_s806/predictions.npz
canonical224_159,random,flip,806,parent,228,4,3,4,0.75,predictions.npz logits/labels disaggregated; sums locked to result.json J,missing,4,4,1.0,atomic_joint,3,4,0.75,AB,missing,missing,missing,missing,artifacts/e1a933_review/vision_gpu_interpretation/cuda_matrix/random_flip_s806/predictions.npz
canonical224_159,random,flip,806,parent,239,3,3,3,1.0,predictions.npz logits/labels disaggregated; sums locked to result.json J,missing,3,3,1.0,atomic_joint,3,3,1.0,AB,missing,missing,missing,missing,artifacts/e1a933_review/vision_gpu_interpretation/cuda_matrix/random_flip_s806/predictions.npz
canonical224_159,random,flip,806,parent,245,1,0,1,0.0,predictions.npz logits/labels disaggregated; sums locked to result.json J,missing,0,1,0.0,atomic_joint,1,1,1.0,AB,missing,missing,missing,missing,artifacts/e1a933_review/vision_gpu_interpretation/cuda_matrix/random_flip_s806/predictions.npz
canonical224_159,random,flip,806,parent,252,1,1,1,1.0,predictions.npz logits/labels disaggregated; sums locked to result.json J,missing,1,1,1.0,atomic_joint,1,1,1.0,AB,missing,missing,missing,missing,artifacts/e1a933_review/vision_gpu_interpretation/cuda_matrix/random_flip_s806/predictions.npz
canonical224_159,random,flip,806,parent,272,1,0,1,0.0,predictions.npz logits/labels disaggregated; sums locked to result.json J,missing,0,1,0.0,atomic_joint,1,1,1.0,AB,missing,missing,missing,missing,artifacts/e1a933_review/vision_gpu_interpretation/cuda_matrix/random_flip_s806/predictions.npz
canonical224_159,random,flip,806,parent,290,1,0,1,0.0,predictions.npz logits/labels disaggregated; sums locked to result.json J,missing,0,1,0.0,atomic_joint,1,1,1.0,AB,missing,missing,missing,missing,artifacts/e1a933_review/vision_gpu_interpretation/cuda_matrix/random_flip_s806/predictions.npz
canonical224_159,random,flip,806,parent,300,2,2,2,1.0,predictions.npz logits/labels disaggregated; sums locked to result.json J,missing,2,2,1.0,atomic_joint,2,2,1.0,AB,missing,missing,missing,missing,artifacts/e1a933_review/vision_gpu_interpretation/cuda_matrix/random_flip_s806/predictions.npz
canonical224_159,random,flip,806,parent,303,1,1,1,1.0,predictions.npz logits/labels disaggregated; sums locked to result.json J,missing,1,1,1.0,atomic_joint,1,1,1.0,AB,missing,missing,missing,missing,artifacts/e1a933_review/vision_gpu_interpretation/cuda_matrix/random_flip_s806/predictions.npz
canonical224_159,random,flip,806,parent,310,2,2,2,1.0,predictions.npz logits/labels disaggregated; sums locked to result.json J,missing,2,2,1.0,atomic_joint,2,2,1.0,AB,missing,missing,missing,missing,artifacts/e1a933_review/vision_gpu_interpretation/cuda_matrix/random_flip_s806/predictions.npz
canonical224_159,random,flip,806,parent,314,1,1,1,1.0,predictions.npz logits/labels disaggregated; sums locked to result.json J,missing,1,1,1.0,atomic_joint,1,1,1.0,AB,missing,missing,missing,missing,artifacts/e1a933_review/vision_gpu_interpretation/cuda_matrix/random_flip_s806/predictions.npz
canonical224_159,random,flip,806,parent,317,1,1,1,1.0,predictions.npz logits/labels disaggregated; sums locked to result.json J,missing,1,1,1.0,atomic_joint,1,1,1.0,AB,missing,missing,missing,missing,artifacts/e1a933_review/vision_gpu_interpretation/cuda_matrix/random_flip_s806/predictions.npz
canonical224_159,random,flip,806,parent,321,2,2,2,1.0,predictions.npz logits/labels disaggregated; sums locked to result.json J,missing,2,2,1.0,atomic_joint,2,2,1.0,AB,missing,missing,missing,missing,artifacts/e1a933_review/vision_gpu_interpretation/cuda_matrix/random_flip_s806/predictions.npz
canonical224_159,random,flip,806,parent,325,1,0,1,0.0,predictions.npz logits/labels disaggregated; sums locked to result.json J,missing,0,1,0.0,atomic_joint,1,1,1.0,AB,missing,missing,missing,missing,artifacts/e1a933_review/vision_gpu_interpretation/cuda_matrix/random_flip_s806/predictions.npz
canonical224_159,random,flip,806,parent,329,1,1,1,1.0,predictions.npz logits/labels disaggregated; sums locked to result.json J,missing,1,1,1.0,atomic_joint,1,1,1.0,AB,missing,missing,missing,missing,artifacts/e1a933_review/vision_gpu_interpretation/cuda_matrix/random_flip_s806/predictions.npz
canonical224_159,random,flip,806,parent,336,4,4,4,1.0,predictions.npz logits/labels disaggregated; sums locked to result.json J,missing,4,4,1.0,atomic_joint,4,4,1.0,AB,missing,missing,missing,missing,artifacts/e1a933_review/vision_gpu_interpretation/cuda_matrix/random_flip_s806/predictions.npz
canonical224_159,random,flip,806,parent,345,3,2,3,0.6666666666666666,predictions.npz logits/labels disaggregated; sums locked to result.json J,missing,3,3,1.0,atomic_joint,2,3,0.6666666666666666,AB,missing,missing,missing,missing,artifacts/e1a933_review/vision_gpu_interpretation/cuda_matrix/random_flip_s806/predictions.npz
canonical224_159,random,flip,806,parent,350,1,1,1,1.0,predictions.npz logits/labels disaggregated; sums locked to result.json J,missing,1,1,1.0,atomic_joint,1,1,1.0,AB,missing,missing,missing,missing,artifacts/e1a933_review/vision_gpu_interpretation/cuda_matrix/random_flip_s806/predictions.npz
canonical224_159,random,flip,806,parent,353,2,1,2,0.5,predictions.npz logits/labels disaggregated; sums locked to result.json J,missing,2,2,1.0,atomic_joint,1,2,0.5,AB,missing,missing,missing,missing,artifacts/e1a933_review/vision_gpu_interpretation/cuda_matrix/random_flip_s806/predictions.npz
canonical224_159,random,flip,806,parent,356,1,0,1,0.0,predictions.npz logits/labels disaggregated; sums locked to result.json J,missing,1,1,1.0,atomic_joint,0,1,0.0,AB,missing,missing,missing,missing,artifacts/e1a933_review/vision_gpu_interpretation/cuda_matrix/random_flip_s806/predictions.npz
canonical224_159,random,flip,806,parent,363,1,1,1,1.0,predictions.npz logits/labels disaggregated; sums locked to result.json J,missing,1,1,1.0,atomic_joint,1,1,1.0,AB,missing,missing,missing,missing,artifacts/e1a933_review/vision_gpu_interpretation/cuda_matrix/random_flip_s806/predictions.npz
canonical224_159,random,flip,806,parent,364,2,2,2,1.0,predictions.npz logits/labels disaggregated; sums locked to result.json J,missing,2,2,1.0,atomic_joint,2,2,1.0,AB,missing,missing,missing,missing,artifacts/e1a933_review/vision_gpu_interpretation/cuda_matrix/random_flip_s806/predictions.npz
canonical224_159,random,flip,806,parent,369,4,2,4,0.5,predictions.npz logits/labels disaggregated; sums locked to result.json J,missing,2,4,0.5,atomic_joint,4,4,1.0,AB,missing,missing,missing,missing,artifacts/e1a933_review/vision_gpu_interpretation/cuda_matrix/random_flip_s806/predictions.npz
canonical224_159,random,flip,806,parent,371,1,1,1,1.0,predictions.npz logits/labels disaggregated; sums locked to result.json J,missing,1,1,1.0,atomic_joint,1,1,1.0,AB,missing,missing,missing,missing,artifacts/e1a933_review/vision_gpu_interpretation/cuda_matrix/random_flip_s806/predictions.npz
canonical224_159,random,flip,806,parent,377,1,0,1,0.0,predictions.npz logits/labels disaggregated; sums locked to result.json J,missing,1,1,1.0,atomic_joint,0,1,0.0,AB,missing,missing,missing,missing,artifacts/e1a933_review/vision_gpu_interpretation/cuda_matrix/random_flip_s806/predictions.npz
canonical224_159,random,flip,806,parent,378,3,2,3,0.6666666666666666,predictions.npz logits/labels disaggregated; sums locked to result.json J,missing,2,3,0.6666666666666666,atomic_joint,3,3,1.0,AB,missing,missing,missing,missing,artifacts/e1a933_review/vision_gpu_interpretation/cuda_matrix/random_flip_s806/predictions.npz
canonical224_159,random,flip,806,parent,382,2,0,2,0.0,predictions.npz logits/labels disaggregated; sums locked to result.json J,missing,0,2,0.0,atomic_joint,2,2,1.0,AB,missing,missing,missing,missing,artifacts/e1a933_review/vision_gpu_interpretation/cuda_matrix/random_flip_s806/predictions.npz
canonical224_159,random,flip,806,parent,384,4,2,4,0.5,predictions.npz logits/labels disaggregated; sums locked to result.json J,missing,2,4,0.5,atomic_joint,4,4,1.0,AB,missing,missing,missing,missing,artifacts/e1a933_review/vision_gpu_interpretation/cuda_matrix/random_flip_s806/predictions.npz
canonical224_159,random,flip,806,parent,392,2,2,2,1.0,predictions.npz logits/labels disaggregated; sums locked to result.json J,missing,2,2,1.0,atomic_joint,2,2,1.0,AB,missing,missing,missing,missing,artifacts/e1a933_review/vision_gpu_interpretation/cuda_matrix/random_flip_s806/predictions.npz
canonical224_159,random,flip,806,parent,396,3,3,3,1.0,predictions.npz logits/labels disaggregated; sums locked to result.json J,missing,3,3,1.0,atomic_joint,3,3,1.0,AB,missing,missing,missing,missing,artifacts/e1a933_review/vision_gpu_interpretation/cuda_matrix/random_flip_s806/predictions.npz
canonical224_159,random,flip,806,parent,400,1,1,1,1.0,predictions.npz logits/labels disaggregated; sums locked to result.json J,missing,1,1,1.0,atomic_joint,1,1,1.0,AB,missing,missing,missing,missing,artifacts/e1a933_review/vision_gpu_interpretation/cuda_matrix/random_flip_s806/predictions.npz
canonical224_159,random,flip,806,parent,401,4,1,4,0.25,predictions.npz logits/labels disaggregated; sums locked to result.json J,missing,2,4,0.5,atomic_joint,3,4,0.75,AB,missing,missing,missing,missing,artifacts/e1a933_review/vision_gpu_interpretation/cuda_matrix/random_flip_s806/predictions.npz
canonical224_159,random,flip,806,parent,413,1,0,1,0.0,predictions.npz logits/labels disaggregated; sums locked to result.json J,missing,0,1,0.0,atomic_joint,1,1,1.0,AB,missing,missing,missing,missing,artifacts/e1a933_review/vision_gpu_interpretation/cuda_matrix/random_flip_s806/predictions.npz
canonical224_159,random,flip,806,parent,414,3,3,3,1.0,predictions.npz logits/labels disaggregated; sums locked to result.json J,missing,3,3,1.0,atomic_joint,3,3,1.0,AB,missing,missing,missing,missing,artifacts/e1a933_review/vision_gpu_interpretation/cuda_matrix/random_flip_s806/predictions.npz
canonical224_159,random,flip,806,parent,417,2,2,2,1.0,predictions.npz logits/labels disaggregated; sums locked to result.json J,missing,2,2,1.0,atomic_joint,2,2,1.0,AB,missing,missing,missing,missing,artifacts/e1a933_review/vision_gpu_interpretation/cuda_matrix/random_flip_s806/predictions.npz
canonical224_159,random,flip,806,parent,418,2,0,2,0.0,predictions.npz logits/labels disaggregated; sums locked to result.json J,missing,2,2,1.0,atomic_joint,0,2,0.0,AB,missing,missing,missing,missing,artifacts/e1a933_review/vision_gpu_interpretation/cuda_matrix/random_flip_s806/predictions.npz
canonical224_159,random,flip,806,parent,421,1,1,1,1.0,predictions.npz logits/labels disaggregated; sums locked to result.json J,missing,1,1,1.0,atomic_joint,1,1,1.0,AB,missing,missing,missing,missing,artifacts/e1a933_review/vision_gpu_interpretation/cuda_matrix/random_flip_s806/predictions.npz
canonical224_159,random,flip,806,parent,424,4,4,4,1.0,predictions.npz logits/labels disaggregated; sums locked to result.json J,missing,4,4,1.0,atomic_joint,4,4,1.0,AB,missing,missing,missing,missing,artifacts/e1a933_review/vision_gpu_interpretation/cuda_matrix/random_flip_s806/predictions.npz
canonical224_159,random,flip,806,parent,436,4,4,4,1.0,predictions.npz logits/labels disaggregated; sums locked to result.json J,missing,4,4,1.0,atomic_joint,4,4,1.0,AB,missing,missing,missing,missing,artifacts/e1a933_review/vision_gpu_interpretation/cuda_matrix/random_flip_s806/predictions.npz
canonical224_159,random,flip,806,parent,441,3,2,3,0.6666666666666666,predictions.npz logits/labels disaggregated; sums locked to result.json J,missing,3,3,1.0,atomic_joint,2,3,0.6666666666666666,AB,missing,missing,missing,missing,artifacts/e1a933_review/vision_gpu_interpretation/cuda_matrix/random_flip_s806/predictions.npz
canonical224_159,random,flip,806,parent,443,3,3,3,1.0,predictions.npz logits/labels disaggregated; sums locked to result.json J,missing,3,3,1.0,atomic_joint,3,3,1.0,AB,missing,missing,missing,missing,artifacts/e1a933_review/vision_gpu_interpretation/cuda_matrix/random_flip_s806/predictions.npz
canonical224_159,random,flip,806,parent,444,1,0,1,0.0,predictions.npz logits/labels disaggregated; sums locked to result.json J,missing,1,1,1.0,atomic_joint,0,1,0.0,AB,missing,missing,missing,missing,artifacts/e1a933_review/vision_gpu_interpretation/cuda_matrix/random_flip_s806/predictions.npz
canonical224_159,random,flip,806,parent,458,3,2,3,0.6666666666666666,predictions.npz logits/labels disaggregated; sums locked to result.json J,missing,3,3,1.0,atomic_joint,2,3,0.6666666666666666,AB,missing,missing,missing,missing,artifacts/e1a933_review/vision_gpu_interpretation/cuda_matrix/random_flip_s806/predictions.npz
canonical224_159,random,flip,806,parent,460,1,1,1,1.0,predictions.npz logits/labels disaggregated; sums locked to result.json J,missing,1,1,1.0,atomic_joint,1,1,1.0,AB,missing,missing,missing,missing,artifacts/e1a933_review/vision_gpu_interpretation/cuda_matrix/random_flip_s806/predictions.npz
canonical224_159,random,flip,806,parent,461,1,0,1,0.0,predictions.npz logits/labels disaggregated; sums locked to result.json J,missing,0,1,0.0,atomic_joint,0,1,0.0,AB,missing,missing,missing,missing,artifacts/e1a933_review/vision_gpu_interpretation/cuda_matrix/random_flip_s806/predictions.npz
canonical224_159,random,flip,806,parent,465,1,1,1,1.0,predictions.npz logits/labels disaggregated; sums locked to result.json J,missing,1,1,1.0,atomic_joint,1,1,1.0,AB,missing,missing,missing,missing,artifacts/e1a933_review/vision_gpu_interpretation/cuda_matrix/random_flip_s806/predictions.npz
canonical224_159,random,flip,806,parent,472,3,3,3,1.0,predictions.npz logits/labels disaggregated; sums locked to result.json J,missing,3,3,1.0,atomic_joint,3,3,1.0,AB,missing,missing,missing,missing,artifacts/e1a933_review/vision_gpu_interpretation/cuda_matrix/random_flip_s806/predictions.npz
canonical224_159,random,flip,806,parent,480,4,4,4,1.0,predictions.npz logits/labels disaggregated; sums locked to result.json J,missing,4,4,1.0,atomic_joint,4,4,1.0,AB,missing,missing,missing,missing,artifacts/e1a933_review/vision_gpu_interpretation/cuda_matrix/random_flip_s806/predictions.npz
canonical224_159,random,flip,806,parent,494,2,0,2,0.0,predictions.npz logits/labels disaggregated; sums locked to result.json J,missing,0,2,0.0,atomic_joint,2,2,1.0,AB,missing,missing,missing,missing,artifacts/e1a933_review/vision_gpu_interpretation/cuda_matrix/random_flip_s806/predictions.npz
