sample_id,frame,band_id,eigenvalue_min,eigenvalue_max,energy,energy_error,mode_purity,graph_degree_mean
sc_1886347_0000,10,0,-2.220446049250313e-16,0.24970280522542865,1.0000000000000002,2.220446049250313e-16,1.0,3.73246948603186
sc_1886347_0000,10,1,0.4494804368893792,0.801673706135386,1.0,0.0,1.0,3.73246948603186
sc_1886347_0000,10,2,0.9836750374591704,1.149717528276566,0.9999999999999998,2.220446049250313e-16,1.0,3.73246948603186
sc_1886347_0000,10,3,1.2121073179706752,1.2603124387654374,0.9999999999999999,1.1102230246251565e-16,1.0,3.73246948603186
sc_1886347_0000,10,4,1.2780788079626473,1.3455684110057573,0.9999999999999999,1.1102230246251565e-16,1.0,3.73246948603186
sc_1886347_0000,10,5,1.359346714715563,1.4895711700667325,1.0000000000000002,2.220446049250313e-16,1.0,3.73246948603186
sc_1886347_0001,42,0,8.881784197001252e-16,0.2185639289907877,1.0000000000000002,2.220446049250313e-16,1.0,3.7365477954947814
sc_1886347_0001,42,1,0.47302894195482814,0.8180944377437845,1.0,0.0,1.0,3.7365477954947814
sc_1886347_0001,42,2,0.9892523932261812,1.16608497192618,1.0,0.0,1.0,3.7365477954947814
sc_1886347_0001,42,3,1.1948029585826458,1.253604652849541,1.0000000000000002,2.220446049250313e-16,1.0,3.7365477954947814
sc_1886347_0001,42,4,1.2746607594717971,1.3501032600467968,1.0,0.0,1.0,3.7365477954947814
sc_1886347_0001,42,5,1.3817431666445712,1.4753671825205643,1.0,0.0,1.0,3.7365477954947814
sc_1886347_0002,75,0,0.0,0.270372494867648,1.0,0.0,1.0,3.9092808785242177
sc_1886347_0002,75,1,0.46778020418609745,0.9739159960067104,1.0,0.0,1.0,3.9092808785242177
sc_1886347_0002,75,2,1.055122419294487,1.1609748971202427,1.0,0.0,1.0000000000000002,3.9092808785242177
sc_1886347_0002,75,3,1.1714780183920277,1.2452596591816274,1.0,0.0,1.0,3.9092808785242177
sc_1886347_0002,75,4,1.2476417735653558,1.2952877437811228,0.9999999999999999,1.1102230246251565e-16,1.0,3.9092808785242177
sc_1886347_0002,75,5,1.3317805019606093,1.504865141194918,0.9999999999999999,1.1102230246251565e-16,1.0,3.9092808785242177
sc_1886347_0003,108,0,-4.440892098500626e-16,0.20491251681881928,1.0,0.0,1.0,3.597320405752491
sc_1886347_0003,108,1,0.44559527930582954,0.8672158433216993,0.9999999999999999,1.1102230246251565e-16,1.0,3.597320405752491
sc_1886347_0003,108,2,1.0249969341143255,1.1579060645342438,1.0,0.0,1.0,3.597320405752491
sc_1886347_0003,108,3,1.2117542726426425,1.2425241277971542,1.0,0.0,1.0,3.597320405752491
sc_1886347_0003,108,4,1.2930073705743093,1.329742620347117,0.9999999999999999,1.1102230246251565e-16,1.0,3.597320405752491
sc_1886347_0003,108,5,1.373683578219483,1.4866130662539594,1.0,0.0,1.0,3.597320405752491
sc_1886347_0004,140,0,0.0,0.23372606885784153,1.0,0.0,1.0,3.7333437514129186
sc_1886347_0004,140,1,0.5623391990808332,0.8644906480047045,1.0,0.0,1.0,3.7333437514129186
sc_1886347_0004,140,2,0.9484764545201626,1.1399054089492844,1.0,0.0,1.0000000000000002,3.7333437514129186
sc_1886347_0004,140,3,1.182390254315127,1.267393499889206,1.0,0.0,1.0,3.7333437514129186
sc_1886347_0004,140,4,1.2789069917240055,1.3269404505023796,0.9999999999999999,1.1102230246251565e-16,1.0,3.7333437514129186
sc_1886347_0004,140,5,1.3483052461230807,1.5027898447624077,1.0,0.0,1.0,3.7333437514129186
sc_1886347_0005,173,0,0.0,0.24345931092491635,1.0,0.0,1.0,3.8439344925077017
sc_1886347_0005,173,1,0.535536580751641,0.8049224541215082,0.9999999999999999,1.1102230246251565e-16,1.0,3.8439344925077017
sc_1886347_0005,173,2,0.9584034705181749,1.1732618328503779,0.9999999999999999,1.1102230246251565e-16,1.0,3.8439344925077017
sc_1886347_0005,173,3,1.200569008089394,1.2594780581707659,0.9999999999999998,2.220446049250313e-16,1.0,3.8439344925077017
sc_1886347_0005,173,4,1.268988887905889,1.3200267638810321,1.0,0.0,1.0,3.8439344925077017
sc_1886347_0005,173,5,1.3336308380529043,1.5532770636326771,1.0,0.0,1.0,3.8439344925077017
sc_1886347_0006,206,0,-2.220446049250313e-16,0.3365777091459816,0.9999999999999999,1.1102230246251565e-16,1.0,3.7771378141912244
sc_1886347_0006,206,1,0.40867241060211157,0.8081266645107108,1.0,0.0,1.0000000000000002,3.7771378141912244
sc_1886347_0006,206,2,0.9260771202502887,1.1147149012630337,1.0,0.0,1.0,3.7771378141912244
sc_1886347_0006,206,3,1.154785472522912,1.2714202908563104,1.0,0.0,1.0,3.7771378141912244
sc_1886347_0006,206,4,1.3026766178060263,1.3399563557642256,0.9999999999999999,1.1102230246251565e-16,1.0,3.7771378141912244
sc_1886347_0006,206,5,1.3798166680140003,1.5245241650435122,0.9999999999999999,1.1102230246251565e-16,1.0,3.7771378141912244
sc_1886347_0007,238,0,-2.220446049250313e-16,0.28200686636938843,1.0,0.0,1.0,3.86678570569754
sc_1886347_0007,238,1,0.608945213989388,0.8555867073264681,0.9999999999999999,1.1102230246251565e-16,1.0,3.86678570569754
sc_1886347_0007,238,2,0.8760661471920742,1.1642640874789794,1.0000000000000002,2.220446049250313e-16,1.0,3.86678570569754
sc_1886347_0007,238,3,1.193363787816649,1.228892730294774,1.0,0.0,1.0,3.86678570569754
sc_1886347_0007,238,4,1.2600126084991663,1.3350504143690336,0.9999999999999999,1.1102230246251565e-16,0.9999999999999999,3.86678570569754
sc_1886347_0007,238,5,1.3591730787896175,1.5120780139735062,0.9999999999999999,1.1102230246251565e-16,1.0,3.86678570569754
sc_1886347_0008,271,0,2.220446049250313e-16,0.22004642467746427,1.0,0.0,1.0,3.7424771875928373
sc_1886347_0008,271,1,0.49669092380588054,0.8600188912005304,0.9999999999999999,1.1102230246251565e-16,1.0,3.7424771875928373
sc_1886347_0008,271,2,1.0035910372863954,1.1869671255271563,1.0,0.0,1.0000000000000002,3.7424771875928373
sc_1886347_0008,271,3,1.2034452422677575,1.2291278356919242,1.0,0.0,1.0,3.7424771875928373
sc_1886347_0008,271,4,1.2902304311988217,1.3396385609552515,0.9999999999999999,1.1102230246251565e-16,1.0,3.7424771875928373
sc_1886347_0008,271,5,1.3596158703002923,1.5012446613641441,0.9999999999999999,1.1102230246251565e-16,1.0,3.7424771875928373
sc_1886347_0009,304,0,-4.440892098500626e-16,0.18367170482794104,1.0,0.0,1.0,3.7043201057645434
sc_1886347_0009,304,1,0.480841126136363,0.8579387937783145,1.0,0.0,1.0,3.7043201057645434
sc_1886347_0009,304,2,0.9468078964862434,1.1465999924222523,0.9999999999999999,1.1102230246251565e-16,1.0,3.7043201057645434
sc_1886347_0009,304,3,1.2071153113151771,1.2676157218748014,1.0,0.0,1.0,3.7043201057645434
sc_1886347_0009,304,4,1.2779123384191091,1.3384547416590429,1.0,0.0,1.0000000000000002,3.7043201057645434
sc_1886347_0009,304,5,1.383502842582339,1.55225940583551,0.9999999999999999,1.1102230246251565e-16,1.0,3.7043201057645434
sc_1886347_0010,336,0,2.220446049250313e-16,0.16895328139396004,1.0,0.0,1.0,4.145865879451574
sc_1886347_0010,336,1,0.6377700486635672,0.8240810821643771,1.0,0.0,1.0,4.145865879451574
sc_1886347_0010,336,2,0.9495675145330136,1.1724445343796108,0.9999999999999998,2.220446049250313e-16,1.0,4.145865879451574
sc_1886347_0010,336,3,1.2041409081236414,1.2602178366659407,1.0,0.0,1.0,4.145865879451574
sc_1886347_0010,336,4,1.2713401272373532,1.2993071980081203,1.0,0.0,1.0,4.145865879451574
sc_1886347_0010,336,5,1.3449901531599506,1.4358986821415316,0.9999999999999998,2.220446049250313e-16,1.0,4.145865879451574
sc_1886347_0011,369,0,4.440892098500626e-16,0.1898260138568313,1.0,0.0,1.0,3.9856617995288017
sc_1886347_0011,369,1,0.6817947482930817,0.778340098165703,1.0,0.0,1.0,3.9856617995288017
sc_1886347_0011,369,2,0.9775943037425577,1.159534392695292,1.0,0.0,0.9999999999999999,3.9856617995288017
sc_1886347_0011,369,3,1.1895588889885749,1.2423245554362916,0.9999999999999999,1.1102230246251565e-16,1.0,3.9856617995288017
sc_1886347_0011,369,4,1.2669953911927736,1.3257233496743634,1.0,0.0,1.0000000000000002,3.9856617995288017
sc_1886347_0011,369,5,1.3336085691116837,1.5611494557563022,1.0,0.0,1.0,3.9856617995288017
sc_1886347_0012,402,0,-2.220446049250313e-16,0.19842328338106419,1.0,0.0,1.0,3.794350028486561
sc_1886347_0012,402,1,0.6363311664604572,0.7611562529637401,0.9999999999999999,1.1102230246251565e-16,1.0,3.794350028486561
sc_1886347_0012,402,2,0.973258193376843,1.1375391837155173,1.0,0.0,1.0,3.794350028486561
sc_1886347_0012,402,3,1.177977707833366,1.2577108690980008,1.0,0.0,1.0,3.794350028486561
sc_1886347_0012,402,4,1.2784375094491944,1.3077919728969818,0.9999999999999998,2.220446049250313e-16,0.9999999999999999,3.794350028486561
sc_1886347_0012,402,5,1.3615740880961775,1.577541844653169,1.0,0.0,1.0,3.794350028486561
sc_1886347_0013,435,0,-4.440892098500626e-16,0.2414863670583136,1.0,0.0,1.0,3.733323902341425
sc_1886347_0013,435,1,0.6230520402923786,0.785581873053106,1.0,0.0,1.0000000000000002,3.733323902341425
sc_1886347_0013,435,2,0.9338831369665241,1.1200150856021935,0.9999999999999998,2.220446049250313e-16,1.0,3.733323902341425
sc_1886347_0013,435,3,1.186674243525857,1.2594909806857872,1.0,0.0,1.0,3.733323902341425
sc_1886347_0013,435,4,1.280789941412021,1.3477213313066725,0.9999999999999999,1.1102230246251565e-16,1.0000000000000002,3.733323902341425
sc_1886347_0013,435,5,1.394170732584215,1.522366398204852,0.9999999999999999,1.1102230246251565e-16,1.0,3.733323902341425
sc_1886347_0014,467,0,0.0,0.2532194089198738,0.9999999999999998,2.220446049250313e-16,1.0,3.8721942063707138
sc_1886347_0014,467,1,0.6286702147271479,0.763558904417385,1.0000000000000002,2.220446049250313e-16,1.0,3.8721942063707138
sc_1886347_0014,467,2,0.988463837914164,1.1260381369755867,0.9999999999999999,1.1102230246251565e-16,1.0000000000000002,3.8721942063707138
sc_1886347_0014,467,3,1.1692132108932292,1.2575705169335782,1.0,0.0,1.0,3.8721942063707138
sc_1886347_0014,467,4,1.2619213851741922,1.3282117832891633,0.9999999999999999,1.1102230246251565e-16,1.0,3.8721942063707138
sc_1886347_0014,467,5,1.3819681460114448,1.5218199870632874,0.9999999999999999,1.1102230246251565e-16,1.0,3.8721942063707138
sc_1886347_0015,500,0,2.220446049250313e-16,0.23387311553453216,0.9999999999999999,1.1102230246251565e-16,1.0,3.8054425049839358
sc_1886347_0015,500,1,0.5769889512845188,0.789390479708675,0.9999999999999999,1.1102230246251565e-16,1.0,3.8054425049839358
sc_1886347_0015,500,2,0.9139409817854155,1.16840210479404,1.0,0.0,1.0000000000000002,3.8054425049839358
sc_1886347_0015,500,3,1.2032672429917226,1.2402933152127593,0.9999999999999998,2.220446049250313e-16,1.0,3.8054425049839358
sc_1886347_0015,500,4,1.2491429740766757,1.3614684175947644,0.9999999999999997,3.3306690738754696e-16,1.0,3.8054425049839358
sc_1886347_0015,500,5,1.3670626965715325,1.5319132562050983,0.9999999999999999,1.1102230246251565e-16,1.0,3.8054425049839358
sc_1886347_0016,533,0,2.220446049250313e-16,0.23835541311421116,0.9999999999999999,1.1102230246251565e-16,1.0,3.831414743938783
sc_1886347_0016,533,1,0.6217234398326572,0.7286520533823979,1.0,0.0,1.0000000000000002,3.831414743938783
sc_1886347_0016,533,2,1.0014608830522167,1.127124871150138,0.9999999999999999,1.1102230246251565e-16,1.0,3.831414743938783
sc_1886347_0016,533,3,1.1684322215856033,1.2605513741022885,1.0,0.0,1.0,3.831414743938783
sc_1886347_0016,533,4,1.2716188655410865,1.3597615317912444,1.0,0.0,0.9999999999999999,3.831414743938783
sc_1886347_0016,533,5,1.3731270562813984,1.5359669590145872,0.9999999999999999,1.1102230246251565e-16,1.0,3.831414743938783
sc_1886347_0017,565,0,2.220446049250313e-16,0.2943633380128934,1.0,0.0,1.0,3.5937994020116903
sc_1886347_0017,565,1,0.5286406578856979,0.872963169970913,1.0,0.0,1.0,3.5937994020116903
sc_1886347_0017,565,2,0.9326884271679794,1.0991512136614572,1.0,0.0,0.9999999999999999,3.5937994020116903
sc_1886347_0017,565,3,1.1465586447746559,1.2507541655093215,1.0,0.0,1.0,3.5937994020116903
sc_1886347_0017,565,4,1.2660476054390926,1.3814797228971039,1.0,0.0,1.0,3.5937994020116903
sc_1886347_0017,565,5,1.407344594275862,1.5419232103161573,0.9999999999999999,1.1102230246251565e-16,1.0,3.5937994020116903
sc_1886347_0018,598,0,-2.220446049250313e-16,0.3228765739399897,1.0,0.0,1.0,3.946374345464659
sc_1886347_0018,598,1,0.5539548862100142,0.9043719077460943,1.0,0.0,1.0,3.946374345464659
sc_1886347_0018,598,2,0.9095739795027877,1.0915182959136667,1.0,0.0,1.0,3.946374345464659
sc_1886347_0018,598,3,1.1827074245129146,1.2190158240197873,1.0,0.0,1.0,3.946374345464659
sc_1886347_0018,598,4,1.245366379734437,1.3613506393488946,0.9999999999999999,1.1102230246251565e-16,1.0,3.946374345464659
sc_1886347_0018,598,5,1.3826339247553172,1.5451374910767304,0.9999999999999999,1.1102230246251565e-16,1.0,3.946374345464659
sc_1886347_0019,631,0,2.220446049250313e-16,0.3712828032480604,0.9999999999999998,2.220446049250313e-16,1.0,3.979573645506659
sc_1886347_0019,631,1,0.5152399709185694,0.9157747778510484,0.9999999999999997,3.3306690738754696e-16,1.0,3.979573645506659
sc_1886347_0019,631,2,0.9785094899286132,1.1453274477977693,1.0,0.0,1.0,3.979573645506659
sc_1886347_0019,631,3,1.1696309401266132,1.245457020371847,1.0,0.0,1.0,3.979573645506659
sc_1886347_0019,631,4,1.273635523517052,1.3274557984748618,0.9999999999999998,2.220446049250313e-16,1.0,3.979573645506659
sc_1886347_0019,631,5,1.3585166403017352,1.4869412730554294,0.9999999999999999,1.1102230246251565e-16,1.0,3.979573645506659
sc_1886347_0020,663,0,-4.440892098500626e-16,0.31603519028129656,0.9999999999999998,2.220446049250313e-16,1.0,3.789801205625936
sc_1886347_0020,663,1,0.5913703285926439,0.8921408855818124,1.0,0.0,1.0,3.789801205625936
sc_1886347_0020,663,2,0.96422973930737,1.1709389925583524,0.9999999999999999,1.1102230246251565e-16,1.0,3.789801205625936
sc_1886347_0020,663,3,1.2134108433965722,1.2457591432503796,1.0,0.0,1.0,3.789801205625936
sc_1886347_0020,663,4,1.2677871494444735,1.3154974760166007,1.0,0.0,1.0,3.789801205625936
sc_1886347_0020,663,5,1.3639658961549188,1.4959828852313222,0.9999999999999999,1.1102230246251565e-16,1.0,3.789801205625936
sc_1886347_0021,696,0,0.0,0.2649821041198479,1.0,0.0,1.0,3.8506311510526507
sc_1886347_0021,696,1,0.5608561418631293,0.9053348457304503,1.0,0.0,1.0,3.8506311510526507
sc_1886347_0021,696,2,0.9368162779166567,1.162653972240566,1.0,0.0,1.0,3.8506311510526507
sc_1886347_0021,696,3,1.2104161509521179,1.2468385616772564,1.0,0.0,1.0,3.8506311510526507
sc_1886347_0021,696,4,1.2588179839230764,1.2936257951776808,1.0,0.0,1.0,3.8506311510526507
sc_1886347_0021,696,5,1.3509123276715167,1.5277689747581669,0.9999999999999999,1.1102230246251565e-16,1.0,3.8506311510526507
sc_1886347_0022,729,0,4.440892098500626e-16,0.2749347327563678,1.0000000000000002,2.220446049250313e-16,1.0,3.847417312756728
sc_1886347_0022,729,1,0.5041194337796049,0.8969361008152948,0.9999999999999998,2.220446049250313e-16,1.0000000000000002,3.847417312756728
sc_1886347_0022,729,2,1.001175232029247,1.180709921854321,0.9999999999999997,3.3306690738754696e-16,1.0,3.847417312756728
sc_1886347_0022,729,3,1.2027440828545402,1.2566067660652684,1.0,0.0,1.0,3.847417312756728
sc_1886347_0022,729,4,1.2575804482180188,1.2955763058066485,0.9999999999999999,1.1102230246251565e-16,1.0,3.847417312756728
sc_1886347_0022,729,5,1.324246210889666,1.4618115600905346,1.0,0.0,1.0,3.847417312756728
sc_1886347_0023,762,0,1.1102230246251565e-15,0.3077990548914351,0.9999999999999999,1.1102230246251565e-16,1.0,3.7798782325874236
sc_1886347_0023,762,1,0.5499202331792669,0.7473746584066279,0.9999999999999999,1.1102230246251565e-16,1.0000000000000002,3.7798782325874236
sc_1886347_0023,762,2,0.9505682598751632,1.126447081779026,0.9999999999999998,2.220446049250313e-16,1.0,3.7798782325874236
sc_1886347_0023,762,3,1.1632335574906754,1.2626246504750638,1.0,0.0,1.0,3.7798782325874236
sc_1886347_0023,762,4,1.263488974569867,1.3730104097180402,0.9999999999999999,1.1102230246251565e-16,1.0000000000000002,3.7798782325874236
sc_1886347_0023,762,5,1.3863583458824416,1.4858624199387054,0.9999999999999999,1.1102230246251565e-16,1.0,3.7798782325874236
sc_1886347_0024,794,0,8.881784197001252e-16,0.25880647696901393,1.0,0.0,1.0,3.781731597230963
sc_1886347_0024,794,1,0.5058304702836423,0.9038959243727256,1.0,0.0,1.0,3.781731597230963
sc_1886347_0024,794,2,0.9481229669840876,1.1249964839040238,1.0,0.0,1.0000000000000002,3.781731597230963
sc_1886347_0024,794,3,1.1636255850194237,1.2302670200280408,1.0,0.0,1.0,3.781731597230963
sc_1886347_0024,794,4,1.2640431794659939,1.3619128264556912,1.0,0.0,1.0,3.781731597230963
sc_1886347_0024,794,5,1.4002669860284487,1.46755379547253,1.0,0.0,1.0,3.781731597230963
sc_1886347_0025,827,0,0.0,0.2846191108129281,1.0,0.0,1.0,4.039262324912409
sc_1886347_0025,827,1,0.5891533795702266,0.8036259972363621,1.0,0.0,1.0,4.039262324912409
sc_1886347_0025,827,2,0.9616184702686,1.154550000556514,0.9999999999999999,1.1102230246251565e-16,1.0,4.039262324912409
sc_1886347_0025,827,3,1.1606341917628247,1.2169436659638895,1.0,0.0,1.0,4.039262324912409
sc_1886347_0025,827,4,1.262684875809666,1.31415713876302,0.9999999999999999,1.1102230246251565e-16,1.0,4.039262324912409
sc_1886347_0025,827,5,1.3376629784350234,1.4588758261479933,0.9999999999999998,2.220446049250313e-16,1.0,4.039262324912409
sc_1886347_0026,860,0,2.220446049250313e-16,0.21605386352777134,1.0,0.0,1.0,3.678341421222273
sc_1886347_0026,860,1,0.5706000201096791,0.8268843119123763,1.0,0.0,1.0,3.678341421222273
sc_1886347_0026,860,2,0.9755882791058569,1.146941508633953,1.0,0.0,1.0,3.678341421222273
sc_1886347_0026,860,3,1.1878483989852449,1.23937800497922,1.0,0.0,1.0,3.678341421222273
sc_1886347_0026,860,4,1.2594930846029193,1.3386226621522068,1.0,0.0,1.0,3.678341421222273
sc_1886347_0026,860,5,1.3585673587938019,1.4867808110382952,0.9999999999999999,1.1102230246251565e-16,1.0,3.678341421222273
sc_1886347_0027,892,0,0.0,0.21606633605409997,0.9999999999999998,2.220446049250313e-16,1.0,3.8305356676019615
sc_1886347_0027,892,1,0.6205606340038694,0.8720966651736468,0.9999999999999998,2.220446049250313e-16,0.9999999999999999,3.8305356676019615
sc_1886347_0027,892,2,0.9731008683877246,1.1509586791366064,1.0000000000000002,2.220446049250313e-16,1.0,3.8305356676019615
sc_1886347_0027,892,3,1.169518274411128,1.2717300966255027,0.9999999999999999,1.1102230246251565e-16,1.0,3.8305356676019615
sc_1886347_0027,892,4,1.2773314529339346,1.3452014831598027,1.0,0.0,0.9999999999999999,3.8305356676019615
sc_1886347_0027,892,5,1.3573262303177624,1.4744770645009413,0.9999999999999999,1.1102230246251565e-16,1.0,3.8305356676019615
sc_1886347_0028,925,0,0.0,0.202114462484845,1.0,0.0,1.0,4.052180331329039
sc_1886347_0028,925,1,0.5785952101104918,0.8750692208034633,0.9999999999999999,1.1102230246251565e-16,1.0000000000000002,4.052180331329039
sc_1886347_0028,925,2,0.9756856665639044,1.1823122798815013,1.0000000000000002,2.220446049250313e-16,0.9999999999999999,4.052180331329039
sc_1886347_0028,925,3,1.1987212465408468,1.248857658346232,1.0,0.0,1.0,4.052180331329039
sc_1886347_0028,925,4,1.2636428286827193,1.3018310580898873,0.9999999999999999,1.1102230246251565e-16,1.0,4.052180331329039
sc_1886347_0028,925,5,1.334282273525106,1.459569467861432,0.9999999999999999,1.1102230246251565e-16,1.0,4.052180331329039
sc_1886347_0029,958,0,2.220446049250313e-16,0.2586690909803817,1.0,0.0,1.0,4.120951308291203
sc_1886347_0029,958,1,0.45758463804731964,0.9237141564847822,1.0,0.0,1.0,4.120951308291203
sc_1886347_0029,958,2,1.031226074619616,1.1754739021266785,1.0,0.0,1.0000000000000002,4.120951308291203
sc_1886347_0029,958,3,1.198458723850544,1.2371129755033055,1.0,0.0,1.0,4.120951308291203
sc_1886347_0029,958,4,1.2519329199107998,1.3166492904438756,1.0,0.0,1.0,4.120951308291203
sc_1886347_0029,958,5,1.3429264484403916,1.4366104179177872,0.9999999999999999,1.1102230246251565e-16,1.0,4.120951308291203
sc_1886347_0030,990,0,-2.220446049250313e-16,0.30560356913984466,1.0,0.0,1.0,4.025237326362366
sc_1886347_0030,990,1,0.37295750873746525,0.9067083058464294,1.0,0.0,1.0,4.025237326362366
sc_1886347_0030,990,2,1.054639633865012,1.1731170006387555,1.0,0.0,1.0,4.025237326362366
sc_1886347_0030,990,3,1.1927532575673647,1.2328876682956187,0.9999999999999998,2.220446049250313e-16,1.0,4.025237326362366
sc_1886347_0030,990,4,1.2651167135913912,1.29217861909795,1.0,0.0,1.0,4.025237326362366
sc_1886347_0030,990,5,1.352319255382874,1.499975776353794,1.0,0.0,1.0,4.025237326362366
sc_1886347_0031,1023,0,2.220446049250313e-16,0.35378293912221137,1.0,0.0,1.0,4.025423288131796
sc_1886347_0031,1023,1,0.3973293355816172,0.8888068531465741,0.9999999999999999,1.1102230246251565e-16,1.0,4.025423288131796
sc_1886347_0031,1023,2,1.062487872401351,1.1701737589884176,0.9999999999999999,1.1102230246251565e-16,1.0000000000000002,4.025423288131796
sc_1886347_0031,1023,3,1.217578690158172,1.267312078238465,1.0,0.0,1.0,4.025423288131796
sc_1886347_0031,1023,4,1.2783886218499267,1.287370328597577,0.9999999999999999,1.1102230246251565e-16,1.0,4.025423288131796
sc_1886347_0031,1023,5,1.3069991597697648,1.4967342975985904,1.0,0.0,1.0,4.025423288131796
sc_1886347_0032,1056,0,4.440892098500626e-16,0.3198028339450252,1.0,0.0,1.0,3.9344480483119613
sc_1886347_0032,1056,1,0.49404149943071807,0.8875851228377141,1.0,0.0,1.0,3.9344480483119613
sc_1886347_0032,1056,2,0.9874287310727321,1.0979849774014407,0.9999999999999999,1.1102230246251565e-16,1.0,3.9344480483119613
sc_1886347_0032,1056,3,1.1596092314575965,1.2238625010714097,1.0,0.0,1.0,3.9344480483119613
sc_1886347_0032,1056,4,1.2873847343586662,1.3370999200012883,1.0000000000000002,2.220446049250313e-16,1.0000000000000002,3.9344480483119613
sc_1886347_0032,1056,5,1.366265068630137,1.4952844699412846,0.9999999999999998,2.220446049250313e-16,1.0,3.9344480483119613
sc_1886347_0033,1088,0,4.440892098500626e-16,0.3700282608547292,1.0,0.0,1.0,4.140850016511003
sc_1886347_0033,1088,1,0.49174657778511843,0.9333518969043895,1.0000000000000002,2.220446049250313e-16,1.0,4.140850016511003
sc_1886347_0033,1088,2,0.9858179960087615,1.1266650586092455,1.0,0.0,0.9999999999999998,4.140850016511003
sc_1886347_0033,1088,3,1.148296513159755,1.2305899015304091,1.0,0.0,1.0,4.140850016511003
sc_1886347_0033,1088,4,1.2575821411483001,1.3216335899000748,0.9999999999999999,1.1102230246251565e-16,1.0,4.140850016511003
sc_1886347_0033,1088,5,1.3442730247290084,1.501010066766064,1.0000000000000002,2.220446049250313e-16,1.0,4.140850016511003
sc_1886347_0034,1121,0,0.0,0.4625146447813391,0.9999999999999999,1.1102230246251565e-16,1.0,3.9906503298685103
sc_1886347_0034,1121,1,0.5281404789231348,0.7394253124573118,0.9999999999999999,1.1102230246251565e-16,1.0,3.9906503298685103
sc_1886347_0034,1121,2,1.0372087086154207,1.1351898103658835,0.9999999999999998,2.220446049250313e-16,1.0000000000000002,3.9906503298685103
sc_1886347_0034,1121,3,1.1606589513626298,1.22133394314351,0.9999999999999999,1.1102230246251565e-16,1.0,3.9906503298685103
sc_1886347_0034,1121,4,1.2670389957720687,1.3057854692641186,0.9999999999999999,1.1102230246251565e-16,1.0,3.9906503298685103
sc_1886347_0034,1121,5,1.3662524822186866,1.518201334064571,1.0,0.0,1.0,3.9906503298685103
sc_1886347_0035,1154,0,-4.440892098500626e-16,0.41561875247742996,0.9999999999999999,1.1102230246251565e-16,1.0,3.8403272516787488
sc_1886347_0035,1154,1,0.5347468788437864,0.8890809400886186,1.0,0.0,1.0,3.8403272516787488
sc_1886347_0035,1154,2,0.9335362159464291,1.1623272344552296,1.0,0.0,0.9999999999999999,3.8403272516787488
sc_1886347_0035,1154,3,1.187373184652719,1.2330183533877996,1.0,0.0,1.0,3.8403272516787488
sc_1886347_0035,1154,4,1.2495898981102875,1.3115796017792263,0.9999999999999999,1.1102230246251565e-16,1.0,3.8403272516787488
sc_1886347_0035,1154,5,1.3541980153112476,1.4848557886538285,1.0,0.0,1.0,3.8403272516787488
sc_1886347_0036,1187,0,4.440892098500626e-16,0.34600071938345,1.0,0.0,1.0,3.7895631918355095
sc_1886347_0036,1187,1,0.5102669393757346,0.9154070082454382,1.0,0.0,1.0,3.7895631918355095
sc_1886347_0036,1187,2,0.9510512519327617,1.1403019600829682,1.0,0.0,1.0,3.7895631918355095
sc_1886347_0036,1187,3,1.1590449886339171,1.2079415602187158,1.0,0.0,1.0,3.7895631918355095
sc_1886347_0036,1187,4,1.2477144763325152,1.3398127198884389,0.9999999999999999,1.1102230246251565e-16,1.0,3.7895631918355095
sc_1886347_0036,1187,5,1.3454353452459367,1.5140926713850305,0.9999999999999998,2.220446049250313e-16,1.0,3.7895631918355095
sc_1886347_0037,1219,0,1.5543122344752192e-15,0.30158280291422157,0.9999999999999999,1.1102230246251565e-16,1.0,3.928786554315132
sc_1886347_0037,1219,1,0.3887155790524839,0.8969936582123148,0.9999999999999999,1.1102230246251565e-16,1.0,3.928786554315132
sc_1886347_0037,1219,2,1.014853868330648,1.1505718198346182,1.0,0.0,1.0,3.928786554315132
sc_1886347_0037,1219,3,1.1776455056056072,1.2176666100871176,1.0,0.0,1.0,3.928786554315132
sc_1886347_0037,1219,4,1.2778944533387404,1.3404570749571367,1.0,0.0,0.9999999999999999,3.928786554315132
sc_1886347_0037,1219,5,1.3528296108799134,1.4531596764730703,1.0,0.0,1.0,3.928786554315132
sc_1886347_0038,1252,0,0.0,0.34378678824159437,1.0,0.0,1.0,3.8059131214730777
sc_1886347_0038,1252,1,0.5780413724575173,0.8408790021035003,0.9999999999999998,2.220446049250313e-16,1.0,3.8059131214730777
sc_1886347_0038,1252,2,0.8976166200222228,1.1295542116709565,0.9999999999999998,2.220446049250313e-16,1.0,3.8059131214730777
sc_1886347_0038,1252,3,1.1637738382002283,1.2457361865716587,0.9999999999999999,1.1102230246251565e-16,1.0,3.8059131214730777
sc_1886347_0038,1252,4,1.2558821573059413,1.310322916494471,0.9999999999999999,1.1102230246251565e-16,0.9999999999999998,3.8059131214730777
sc_1886347_0038,1252,5,1.357193420569567,1.4755118866012011,1.0,0.0,1.0,3.8059131214730777
sc_1886347_0039,1285,0,0.0,0.23156064263036913,1.0000000000000002,2.220446049250313e-16,1.0,3.6866919472402615
sc_1886347_0039,1285,1,0.5141966581165279,0.9132484177255714,1.0,0.0,0.9999999999999999,3.6866919472402615
sc_1886347_0039,1285,2,0.9721569667889899,1.151259685429208,0.9999999999999999,1.1102230246251565e-16,1.0,3.6866919472402615
sc_1886347_0039,1285,3,1.1832178738605765,1.2449843734432444,1.0000000000000002,2.220446049250313e-16,1.0,3.6866919472402615
sc_1886347_0039,1285,4,1.2573102937866865,1.2932810510883077,1.0,0.0,1.0,3.6866919472402615
sc_1886347_0039,1285,5,1.3773911593913384,1.4769534698688014,1.0,0.0,1.0,3.6866919472402615
sc_1886347_0040,1317,0,-4.440892098500626e-16,0.20496128969967864,1.0000000000000002,2.220446049250313e-16,1.0,3.65218651849023
sc_1886347_0040,1317,1,0.5552031477795594,0.8921237901810434,1.0000000000000002,2.220446049250313e-16,1.0,3.65218651849023
sc_1886347_0040,1317,2,0.9399120748230776,1.1552671751975039,0.9999999999999998,2.220446049250313e-16,1.0,3.65218651849023
sc_1886347_0040,1317,3,1.1812595872557858,1.2399824697985227,1.0,0.0,1.0,3.65218651849023
sc_1886347_0040,1317,4,1.2491644623619462,1.3070623144639486,0.9999999999999999,1.1102230246251565e-16,1.0,3.65218651849023
sc_1886347_0040,1317,5,1.3615303972592787,1.4808890679877724,0.9999999999999997,3.3306690738754696e-16,1.0,3.65218651849023
sc_1886347_0041,1350,0,0.0,0.1946865321629203,0.9999999999999999,1.1102230246251565e-16,1.0,3.7642233607313074
sc_1886347_0041,1350,1,0.5609598652470091,0.897301796092895,0.9999999999999998,2.220446049250313e-16,1.0,3.7642233607313074
sc_1886347_0041,1350,2,1.0155194720728034,1.1708814977048887,1.0,0.0,0.9999999999999999,3.7642233607313074
sc_1886347_0041,1350,3,1.1958471238019561,1.2458329736092013,0.9999999999999999,1.1102230246251565e-16,1.0,3.7642233607313074
sc_1886347_0041,1350,4,1.2483561524632254,1.3212752602455828,1.0,0.0,1.0,3.7642233607313074
sc_1886347_0041,1350,5,1.348757410430792,1.4426671365807688,1.0,0.0,1.0,3.7642233607313074
sc_1886347_0042,1383,0,6.661338147750939e-16,0.281364909863711,0.9999999999999999,1.1102230246251565e-16,1.0,3.9208317052309902
sc_1886347_0042,1383,1,0.5604458766927586,0.845538962983044,0.9999999999999999,1.1102230246251565e-16,1.0000000000000002,3.9208317052309902
sc_1886347_0042,1383,2,0.9975418822076024,1.132287690717081,0.9999999999999999,1.1102230246251565e-16,1.0,3.9208317052309902
sc_1886347_0042,1383,3,1.1698670230118764,1.2159418267711095,1.0,0.0,1.0,3.9208317052309902
sc_1886347_0042,1383,4,1.232735686600908,1.3177854139442176,0.9999999999999999,1.1102230246251565e-16,1.0,3.9208317052309902
sc_1886347_0042,1383,5,1.3358128354220038,1.4612185087470058,0.9999999999999998,2.220446049250313e-16,1.0,3.9208317052309902
sc_1886347_0043,1415,0,-2.220446049250313e-16,0.3138495688307188,1.0,0.0,1.0,3.8022884784809485
sc_1886347_0043,1415,1,0.6182152539247789,0.8842592973543856,0.9999999999999998,2.220446049250313e-16,1.0,3.8022884784809485
sc_1886347_0043,1415,2,0.9903725353380086,1.1400965957713012,0.9999999999999999,1.1102230246251565e-16,1.0000000000000002,3.8022884784809485
sc_1886347_0043,1415,3,1.1944278559540704,1.2103555113981395,0.9999999999999999,1.1102230246251565e-16,1.0,3.8022884784809485
sc_1886347_0043,1415,4,1.2328671895179713,1.295607585720263,1.0,0.0,1.0,3.8022884784809485
sc_1886347_0043,1415,5,1.3829559561605393,1.4519348836829504,1.0,0.0,1.0,3.8022884784809485
sc_1886347_0044,1448,0,-4.440892098500626e-16,0.24762211939701673,1.0,0.0,1.0,4.078514675929924
sc_1886347_0044,1448,1,0.6543902100039883,0.8111027771968552,1.0,0.0,0.9999999999999999,4.078514675929924
sc_1886347_0044,1448,2,0.9988373961411336,1.2069463475049576,1.0,0.0,1.0,4.078514675929924
sc_1886347_0044,1448,3,1.2103638163362922,1.25797093765799,0.9999999999999999,1.1102230246251565e-16,1.0,4.078514675929924
sc_1886347_0044,1448,4,1.2822259913365872,1.2993254077676575,1.0,0.0,1.0,4.078514675929924
sc_1886347_0044,1448,5,1.3084692219126286,1.4465439735975938,0.9999999999999999,1.1102230246251565e-16,1.0,4.078514675929924
sc_1886347_0045,1481,0,4.440892098500626e-16,0.3422534671527333,0.9999999999999999,1.1102230246251565e-16,1.0,3.975524441154927
sc_1886347_0045,1481,1,0.5134625436398994,0.8149167144887471,1.0,0.0,1.0,3.975524441154927
sc_1886347_0045,1481,2,0.9846314601383118,1.1316845749569842,1.0,0.0,1.0,3.975524441154927
sc_1886347_0045,1481,3,1.19611115918881,1.2415353279674348,0.9999999999999999,1.1102230246251565e-16,1.0,3.975524441154927
sc_1886347_0045,1481,4,1.2558591859964827,1.3246505700811386,1.0,0.0,1.0000000000000002,3.975524441154927
sc_1886347_0045,1481,5,1.3994181337276035,1.515239039712403,1.0,0.0,1.0,3.975524441154927
sc_1886347_0046,1514,0,8.881784197001252e-16,0.23822818308283678,1.0,0.0,1.0,4.126443282559249
sc_1886347_0046,1514,1,0.5767047251003933,0.8722732888453285,1.0,0.0,1.0,4.126443282559249
sc_1886347_0046,1514,2,1.0175508837506755,1.1472409731499018,1.0,0.0,1.0,4.126443282559249
sc_1886347_0046,1514,3,1.1976014381341376,1.2563045340864332,0.9999999999999998,2.220446049250313e-16,1.0,4.126443282559249
sc_1886347_0046,1514,4,1.267658336826945,1.324005740330129,1.0,0.0,0.9999999999999998,4.126443282559249
sc_1886347_0046,1514,5,1.3532569661624576,1.497604352779157,0.9999999999999999,1.1102230246251565e-16,1.0,4.126443282559249
sc_1886347_0047,1546,0,2.220446049250313e-16,0.23516455779814294,1.0,0.0,1.0,3.9646457194072857
sc_1886347_0047,1546,1,0.5226170684398244,0.8479676476820082,0.9999999999999998,2.220446049250313e-16,1.0,3.9646457194072857
sc_1886347_0047,1546,2,1.0080392618093477,1.1686140962659322,1.0,0.0,1.0,3.9646457194072857
sc_1886347_0047,1546,3,1.213574169169358,1.227562448171689,1.0,0.0,1.0,3.9646457194072857
sc_1886347_0047,1546,4,1.247550675231014,1.3097660000240117,1.0000000000000002,2.220446049250313e-16,1.0,3.9646457194072857
sc_1886347_0047,1546,5,1.372271242474567,1.4924732270766168,1.0,0.0,1.0,3.9646457194072857
sc_1886347_0048,1579,0,-2.220446049250313e-16,0.25055963862509034,0.9999999999999999,1.1102230246251565e-16,1.0,4.181223132594455
sc_1886347_0048,1579,1,0.5453805422563576,0.8651212573890215,0.9999999999999998,2.220446049250313e-16,1.0,4.181223132594455
sc_1886347_0048,1579,2,1.0116056340034072,1.1586270808862158,0.9999999999999998,2.220446049250313e-16,1.0,4.181223132594455
sc_1886347_0048,1579,3,1.1790916238338434,1.2164319328746998,0.9999999999999999,1.1102230246251565e-16,1.0,4.181223132594455
sc_1886347_0048,1579,4,1.2737289826600975,1.337450235455801,0.9999999999999999,1.1102230246251565e-16,1.0,4.181223132594455
sc_1886347_0048,1579,5,1.3580503982731353,1.4588150803856559,1.0,0.0,1.0,4.181223132594455
sc_1886347_0049,1612,0,4.440892098500626e-16,0.2845375011677316,1.0,0.0,1.0,3.8977764051555317
sc_1886347_0049,1612,1,0.4649446726699238,0.8739016767206519,1.0,0.0,1.0,3.8977764051555317
sc_1886347_0049,1612,2,0.9492583915476643,1.1237458410943735,1.0,0.0,1.0,3.8977764051555317
sc_1886347_0049,1612,3,1.1460416519287837,1.2198516179738668,0.9999999999999998,2.220446049250313e-16,1.0,3.8977764051555317
sc_1886347_0049,1612,4,1.2592694339563857,1.32430050271756,1.0,0.0,1.0,3.8977764051555317
sc_1886347_0049,1612,5,1.352185120299171,1.5362192773137242,0.9999999999999997,3.3306690738754696e-16,1.0,3.8977764051555317
sc_1886347_0050,1644,0,0.0,0.29972931015841175,0.9999999999999999,1.1102230246251565e-16,1.0,4.035405200686705
sc_1886347_0050,1644,1,0.45917304754473776,0.911649057441357,0.9999999999999999,1.1102230246251565e-16,1.0,4.035405200686705
sc_1886347_0050,1644,2,1.0261082825886387,1.1225537989008083,1.0,0.0,1.0,4.035405200686705
sc_1886347_0050,1644,3,1.1997155898451577,1.2425283228365813,0.9999999999999998,2.220446049250313e-16,1.0,4.035405200686705
sc_1886347_0050,1644,4,1.2536797043304173,1.299543574791752,1.0,0.0,0.9999999999999998,4.035405200686705
sc_1886347_0050,1644,5,1.3161992111844896,1.4839757407084846,1.0,0.0,1.0,4.035405200686705
sc_1886347_0051,1677,0,-4.440892098500626e-16,0.22782361499586834,0.9999999999999999,1.1102230246251565e-16,1.0,3.9025619195034436
sc_1886347_0051,1677,1,0.5551315772766293,0.845979309759267,0.9999999999999998,2.220446049250313e-16,1.0,3.9025619195034436
sc_1886347_0051,1677,2,0.9666475448283993,1.116664305850116,0.9999999999999999,1.1102230246251565e-16,0.9999999999999999,3.9025619195034436
sc_1886347_0051,1677,3,1.1507700589604484,1.242675475157618,0.9999999999999999,1.1102230246251565e-16,1.0,3.9025619195034436
sc_1886347_0051,1677,4,1.2795258030676249,1.36240453593427,1.0,0.0,1.0000000000000002,3.9025619195034436
sc_1886347_0051,1677,5,1.385121161508329,1.5117684632492876,0.9999999999999999,1.1102230246251565e-16,1.0,3.9025619195034436
sc_1886347_0052,1710,0,4.440892098500626e-16,0.2675462768266641,0.9999999999999998,2.220446049250313e-16,1.0,3.9557982681999633
sc_1886347_0052,1710,1,0.4655209605270133,0.9947732298327986,1.0,0.0,1.0,3.9557982681999633
sc_1886347_0052,1710,2,1.0238340831871993,1.1339446280521064,0.9999999999999999,1.1102230246251565e-16,1.0000000000000002,3.9557982681999633
sc_1886347_0052,1710,3,1.1939306702743147,1.2430821121820599,0.9999999999999999,1.1102230246251565e-16,1.0,3.9557982681999633
sc_1886347_0052,1710,4,1.2528102193330621,1.3357961882610934,1.0,0.0,1.0,3.9557982681999633
sc_1886347_0052,1710,5,1.3537744695406384,1.4622755890388055,0.9999999999999999,1.1102230246251565e-16,1.0,3.9557982681999633
sc_1886347_0053,1742,0,8.881784197001252e-16,0.2757566210207836,0.9999999999999999,1.1102230246251565e-16,1.0,4.118577689944026
sc_1886347_0053,1742,1,0.5344226124666428,0.8755815653303638,1.0,0.0,1.0,4.118577689944026
sc_1886347_0053,1742,2,1.0291246375035166,1.173227174189674,0.9999999999999999,1.1102230246251565e-16,1.0,4.118577689944026
sc_1886347_0053,1742,3,1.176502816658098,1.2299820191589839,0.9999999999999999,1.1102230246251565e-16,1.0,4.118577689944026
sc_1886347_0053,1742,4,1.252399595375568,1.283622982912154,0.9999999999999998,2.220446049250313e-16,0.9999999999999999,4.118577689944026
sc_1886347_0053,1742,5,1.3283135126714125,1.4572260315378884,0.9999999999999998,2.220446049250313e-16,1.0,4.118577689944026
sc_1886347_0054,1775,0,0.0,0.35565785289646,0.9999999999999998,2.220446049250313e-16,1.0,4.382157681201873
sc_1886347_0054,1775,1,0.5989135521033653,0.8609814957733929,1.0,0.0,0.9999999999999999,4.382157681201873
sc_1886347_0054,1775,2,0.9815769682027409,1.1447482220871044,1.0000000000000002,2.220446049250313e-16,1.0,4.382157681201873
sc_1886347_0054,1775,3,1.1878696529024901,1.2286215014966833,0.9999999999999998,2.220446049250313e-16,1.0,4.382157681201873
sc_1886347_0054,1775,4,1.2635576711295897,1.2958191521194347,1.0,0.0,1.0,4.382157681201873
sc_1886347_0054,1775,5,1.3454800500939115,1.4618167725894256,0.9999999999999999,1.1102230246251565e-16,1.0,4.382157681201873
sc_1886347_0055,1808,0,-4.440892098500626e-16,0.5082401098259,0.9999999999999999,1.1102230246251565e-16,1.0,4.153750324560402
sc_1886347_0055,1808,1,0.6365313037445524,0.7984933374408869,1.0,0.0,1.0,4.153750324560402
sc_1886347_0055,1808,2,0.9001836723169439,1.1376984791463918,1.0,0.0,1.0000000000000002,4.153750324560402
sc_1886347_0055,1808,3,1.1654050019141302,1.2374848018579578,0.9999999999999999,1.1102230246251565e-16,1.0,4.153750324560402
sc_1886347_0055,1808,4,1.2613027834861668,1.3158748748078994,1.0,0.0,1.0,4.153750324560402
sc_1886347_0055,1808,5,1.3383148838601997,1.4800372762989313,1.0,0.0,1.0,4.153750324560402
sc_1886347_0056,1841,0,2.220446049250313e-16,0.5041963747572198,0.9999999999999999,1.1102230246251565e-16,1.0,4.127544639944325
sc_1886347_0056,1841,1,0.6314809556544126,0.8165159947804789,0.9999999999999999,1.1102230246251565e-16,1.0,4.127544639944325
sc_1886347_0056,1841,2,0.9216771977283666,1.1431143567832605,1.0,0.0,1.0,4.127544639944325
sc_1886347_0056,1841,3,1.162189888002459,1.207752914447341,1.0000000000000002,2.220446049250313e-16,1.0,4.127544639944325
sc_1886347_0056,1841,4,1.220616082020466,1.3214219763192259,0.9999999999999999,1.1102230246251565e-16,1.0,4.127544639944325
sc_1886347_0056,1841,5,1.3463640631200537,1.4479599963988732,1.0,0.0,1.0,4.127544639944325
sc_1886347_0057,1873,0,6.661338147750939e-16,0.3460460237791587,0.9999999999999998,2.220446049250313e-16,1.0,4.118441133762756
sc_1886347_0057,1873,1,0.5241598283107535,0.8886236975375269,1.0,0.0,1.0,4.118441133762756
sc_1886347_0057,1873,2,0.9307836242744307,1.1413763328563666,1.0,0.0,1.0,4.118441133762756
sc_1886347_0057,1873,3,1.1702405796291764,1.2341671688730533,0.9999999999999999,1.1102230246251565e-16,1.0,4.118441133762756
sc_1886347_0057,1873,4,1.2639125542799161,1.3189149086804202,1.0,0.0,1.0000000000000002,4.118441133762756
sc_1886347_0057,1873,5,1.3346338560657007,1.4534481697803088,0.9999999999999999,1.1102230246251565e-16,1.0,4.118441133762756
sc_1886347_0058,1906,0,-2.220446049250313e-16,0.3864063521708474,1.0000000000000002,2.220446049250313e-16,1.0,3.8575734939913873
sc_1886347_0058,1906,1,0.5211992719795038,0.9000344945189024,0.9999999999999999,1.1102230246251565e-16,1.0000000000000002,3.8575734939913873
sc_1886347_0058,1906,2,0.9589362664213986,1.1500313988622055,0.9999999999999999,1.1102230246251565e-16,1.0,3.8575734939913873
sc_1886347_0058,1906,3,1.1771575208230436,1.2212552166328183,1.0,0.0,1.0,3.8575734939913873
sc_1886347_0058,1906,4,1.2564270726768503,1.2992804090450893,0.9999999999999999,1.1102230246251565e-16,1.0,3.8575734939913873
sc_1886347_0058,1906,5,1.3561692338874063,1.441363624295951,1.0,0.0,1.0,3.8575734939913873
sc_1886347_0059,1939,0,4.440892098500626e-16,0.4077545432759002,0.9999999999999998,2.220446049250313e-16,1.0,3.8117943072017275
sc_1886347_0059,1939,1,0.5860140364945328,0.8445213112180395,1.0,0.0,0.9999999999999998,3.8117943072017275
sc_1886347_0059,1939,2,0.9575135500671198,1.1138252497508794,1.0,0.0,1.0,3.8117943072017275
sc_1886347_0059,1939,3,1.1501564276891132,1.2252643910274208,1.0,0.0,1.0,3.8117943072017275
sc_1886347_0059,1939,4,1.2408653350757102,1.323638941265513,1.0,0.0,0.9999999999999998,3.8117943072017275
sc_1886347_0059,1939,5,1.360160601501815,1.4994949399470021,1.0,0.0,1.0,3.8117943072017275
sc_1886347_0060,1971,0,4.440892098500626e-16,0.24633402961496165,1.0,0.0,1.0,3.7547401215623664
sc_1886347_0060,1971,1,0.6561373056701773,0.932051630449606,0.9999999999999999,1.1102230246251565e-16,1.0000000000000002,3.7547401215623664
sc_1886347_0060,1971,2,0.9539615516989358,1.1386040851872432,1.0,0.0,1.0,3.7547401215623664
sc_1886347_0060,1971,3,1.1593567137681533,1.2105672077287875,1.0,0.0,1.0,3.7547401215623664
sc_1886347_0060,1971,4,1.2446197496573699,1.328735124512376,0.9999999999999999,1.1102230246251565e-16,1.0,3.7547401215623664
sc_1886347_0060,1971,5,1.3554873341355445,1.4427711336678224,1.0,0.0,1.0,3.7547401215623664
sc_1886347_0061,2004,0,0.0,0.30747995693264496,1.0,0.0,1.0,3.813146893711565
sc_1886347_0061,2004,1,0.6206245638599921,0.9185310691380348,1.0,0.0,1.0,3.813146893711565
sc_1886347_0061,2004,2,0.985717110988712,1.1067597198665509,0.9999999999999999,1.1102230246251565e-16,1.0,3.813146893711565
sc_1886347_0061,2004,3,1.1712759025416588,1.2180650816244005,0.9999999999999999,1.1102230246251565e-16,1.0,3.813146893711565
sc_1886347_0061,2004,4,1.2273186294469294,1.3314177136238818,0.9999999999999999,1.1102230246251565e-16,1.0,3.813146893711565
sc_1886347_0061,2004,5,1.3664937978516012,1.472557889403793,0.9999999999999999,1.1102230246251565e-16,1.0,3.813146893711565
sc_1886347_0062,2037,0,4.440892098500626e-16,0.31435043301044185,1.0,0.0,1.0,3.7216424972515028
sc_1886347_0062,2037,1,0.5753566911544462,0.8289012714113595,1.0,0.0,1.0,3.7216424972515028
sc_1886347_0062,2037,2,0.9803466754594727,1.110920484116071,1.0,0.0,0.9999999999999999,3.7216424972515028
sc_1886347_0062,2037,3,1.1685134381322264,1.2227324358430163,0.9999999999999999,1.1102230246251565e-16,1.0,3.7216424972515028
sc_1886347_0062,2037,4,1.2531513581744071,1.331913186849501,1.0,0.0,1.0,3.7216424972515028
sc_1886347_0062,2037,5,1.378574490120213,1.4915836031891119,1.0,0.0,1.0,3.7216424972515028
sc_1886347_0063,2069,0,8.881784197001252e-16,0.27191073844931624,1.0,0.0,1.0,3.779634098484415
sc_1886347_0063,2069,1,0.5363397974550834,0.8857965488868971,0.9999999999999999,1.1102230246251565e-16,1.0,3.779634098484415
sc_1886347_0063,2069,2,0.9730515532381845,1.1347059483325375,1.0,0.0,1.0,3.779634098484415
sc_1886347_0063,2069,3,1.1665937152619583,1.2153932552032691,1.0,0.0,1.0,3.779634098484415
sc_1886347_0063,2069,4,1.244325849794291,1.3127726259448644,1.0,0.0,1.0,3.779634098484415
sc_1886347_0063,2069,5,1.368447612731531,1.4676820311891798,1.0,0.0,1.0,3.779634098484415
sc_1886347_0064,2102,0,2.220446049250313e-16,0.2650037404127856,1.0,0.0,1.0,3.8869800494997677
sc_1886347_0064,2102,1,0.6364464998197269,0.8512064498342947,1.0,0.0,1.0,3.8869800494997677
sc_1886347_0064,2102,2,0.9556515022599487,1.1338364489215085,0.9999999999999999,1.1102230246251565e-16,1.0,3.8869800494997677
sc_1886347_0064,2102,3,1.1574684913300795,1.2181716855739448,0.9999999999999999,1.1102230246251565e-16,1.0,3.8869800494997677
sc_1886347_0064,2102,4,1.261155128978301,1.3139127890647933,1.0,0.0,1.0,3.8869800494997677
sc_1886347_0064,2102,5,1.3341612310385687,1.4828961836790913,1.0,0.0,1.0,3.8869800494997677
sc_1886347_0065,2135,0,6.661338147750939e-16,0.260339539821943,1.0,0.0,1.0,3.7382730231206116
sc_1886347_0065,2135,1,0.461220814107727,0.896660015147528,1.0000000000000002,2.220446049250313e-16,1.0,3.7382730231206116
sc_1886347_0065,2135,2,0.9546639039843342,1.1628751298498874,0.9999999999999999,1.1102230246251565e-16,1.0,3.7382730231206116
sc_1886347_0065,2135,3,1.2070262610263338,1.2452638207814135,1.0,0.0,1.0,3.7382730231206116
sc_1886347_0065,2135,4,1.2595052778579863,1.3022192513071855,1.0,0.0,1.0,3.7382730231206116
sc_1886347_0065,2135,5,1.3169680033235056,1.487793739406785,1.0,0.0,1.0,3.7382730231206116
sc_1886347_0066,2167,0,4.440892098500626e-16,0.27196877347199044,0.9999999999999999,1.1102230246251565e-16,1.0,3.8554274157535686
sc_1886347_0066,2167,1,0.6382911549495485,0.8969561149514864,0.9999999999999999,1.1102230246251565e-16,1.0000000000000002,3.8554274157535686
sc_1886347_0066,2167,2,0.9481418521945554,1.090100034807793,0.9999999999999999,1.1102230246251565e-16,1.0,3.8554274157535686
sc_1886347_0066,2167,3,1.1692471987804993,1.240355128963651,1.0,0.0,1.0,3.8554274157535686
sc_1886347_0066,2167,4,1.2635085236185057,1.3362116646352489,1.0,0.0,1.0,3.8554274157535686
sc_1886347_0066,2167,5,1.3572191333348138,1.4948478692271057,0.9999999999999999,1.1102230246251565e-16,1.0,3.8554274157535686
sc_1886347_0067,2200,0,4.440892098500626e-16,0.3435733634340963,0.9999999999999999,1.1102230246251565e-16,1.0,3.841974879997185
sc_1886347_0067,2200,1,0.5884767862640544,0.8974719124021711,1.0,0.0,1.0,3.841974879997185
sc_1886347_0067,2200,2,0.9490243726008817,1.1251733468574867,1.0,0.0,0.9999999999999999,3.841974879997185
sc_1886347_0067,2200,3,1.162863259726019,1.2172205368709088,0.9999999999999999,1.1102230246251565e-16,1.0,3.841974879997185
sc_1886347_0067,2200,4,1.2243536041164562,1.2990936598481233,1.0,0.0,1.0,3.841974879997185
sc_1886347_0067,2200,5,1.3640573237425895,1.4769273581446452,1.0,0.0,1.0,3.841974879997185
sc_1886347_0068,2233,0,0.0,0.3046354287353954,1.0,0.0,1.0,3.8427776997912977
sc_1886347_0068,2233,1,0.6648762015955061,0.8478433469199579,1.0,0.0,1.0,3.8427776997912977
sc_1886347_0068,2233,2,0.9246632732979247,1.1129814002488276,1.0,0.0,1.0,3.8427776997912977
sc_1886347_0068,2233,3,1.1446942330217327,1.216582493702896,1.0,0.0,1.0,3.8427776997912977
sc_1886347_0068,2233,4,1.2369525972676043,1.3462659158067607,1.0,0.0,1.0,3.8427776997912977
sc_1886347_0068,2233,5,1.3782272965742355,1.4615320557310345,0.9999999999999999,1.1102230246251565e-16,1.0,3.8427776997912977
sc_1886347_0069,2266,0,1.3322676295501878e-15,0.2753315557033391,1.0,0.0,1.0,4.045574007626952
sc_1886347_0069,2266,1,0.67390752657511,0.9221637399458187,0.9999999999999999,1.1102230246251565e-16,1.0,4.045574007626952
sc_1886347_0069,2266,2,0.9705238069728264,1.1503405785091256,1.0,0.0,1.0,4.045574007626952
sc_1886347_0069,2266,3,1.1599918214581344,1.2220065394306083,0.9999999999999999,1.1102230246251565e-16,1.0,4.045574007626952
sc_1886347_0069,2266,4,1.2270152155694223,1.3087314718367744,1.0,0.0,1.0,4.045574007626952
sc_1886347_0069,2266,5,1.3330608819046827,1.4839699688784755,0.9999999999999999,1.1102230246251565e-16,1.0,4.045574007626952
sc_1886347_0070,2298,0,8.881784197001252e-16,0.25874558827587557,1.0,0.0,1.0,3.932496499138523
sc_1886347_0070,2298,1,0.5507716084162516,0.858352569617753,1.0000000000000002,2.220446049250313e-16,1.0,3.932496499138523
sc_1886347_0070,2298,2,1.007246159506891,1.1243279319046122,1.0,0.0,1.0,3.932496499138523
sc_1886347_0070,2298,3,1.1895768282589712,1.225778622789536,0.9999999999999999,1.1102230246251565e-16,1.0,3.932496499138523
sc_1886347_0070,2298,4,1.2619471392351633,1.3045974019262652,1.0,0.0,1.0,3.932496499138523
sc_1886347_0070,2298,5,1.3637130743135815,1.4807434396520829,1.0,0.0,1.0,3.932496499138523
sc_1886347_0071,2331,0,0.0,0.211588475093331,1.0,0.0,1.0,3.5055795361284914
sc_1886347_0071,2331,1,0.5404659593766579,0.7689135665674285,1.0,0.0,1.0,3.5055795361284914
sc_1886347_0071,2331,2,0.9562494086009286,1.1492478788925133,0.9999999999999997,3.3306690738754696e-16,1.0,3.5055795361284914
sc_1886347_0071,2331,3,1.2038831143247541,1.2257776325634469,1.0,0.0,1.0,3.5055795361284914
sc_1886347_0071,2331,4,1.236391049754332,1.3378206034115414,1.0000000000000002,2.220446049250313e-16,1.0,3.5055795361284914
sc_1886347_0071,2331,5,1.3983733756722725,1.5405352738228515,1.0,0.0,1.0,3.5055795361284914
sc_1886347_0072,2364,0,0.0,0.289947513374778,1.0000000000000002,2.220446049250313e-16,1.0,3.771183846120535
sc_1886347_0072,2364,1,0.6048171410527187,0.8070031654186759,1.0,0.0,1.0,3.771183846120535
sc_1886347_0072,2364,2,0.977271632786862,1.1102569883066982,1.0,0.0,1.0,3.771183846120535
sc_1886347_0072,2364,3,1.167494716145712,1.246036404572399,1.0,0.0,1.0,3.771183846120535
sc_1886347_0072,2364,4,1.268038123001746,1.3634601447246957,1.0,0.0,1.0000000000000002,3.771183846120535
sc_1886347_0072,2364,5,1.3796526015797905,1.4826422100431054,0.9999999999999998,2.220446049250313e-16,1.0,3.771183846120535
sc_1886347_0073,2396,0,6.661338147750939e-16,0.2982772456519973,0.9999999999999998,2.220446049250313e-16,1.0,3.924390891254178
sc_1886347_0073,2396,1,0.5593541853125369,0.9299071034556228,0.9999999999999997,3.3306690738754696e-16,1.0,3.924390891254178
sc_1886347_0073,2396,2,0.9795308031717975,1.1608441031519363,1.0,0.0,0.9999999999999998,3.924390891254178
sc_1886347_0073,2396,3,1.1778725932551757,1.25093337254808,0.9999999999999999,1.1102230246251565e-16,1.0,3.924390891254178
sc_1886347_0073,2396,4,1.2680590982061124,1.3342631572968566,1.0,0.0,1.0,3.924390891254178
sc_1886347_0073,2396,5,1.338348430794412,1.4462001707533385,1.0,0.0,1.0,3.924390891254178
sc_1886347_0074,2429,0,8.881784197001252e-16,0.23744874314414477,0.9999999999999998,2.220446049250313e-16,1.0,3.969629092392452
sc_1886347_0074,2429,1,0.5095673720569762,0.8973582708885454,0.9999999999999999,1.1102230246251565e-16,0.9999999999999999,3.969629092392452
sc_1886347_0074,2429,2,1.029414236192754,1.1234797149921685,1.0,0.0,1.0,3.969629092392452
sc_1886347_0074,2429,3,1.170806891436673,1.2542232636664696,0.9999999999999999,1.1102230246251565e-16,1.0,3.969629092392452
sc_1886347_0074,2429,4,1.2711630487539682,1.316877008799515,0.9999999999999997,3.3306690738754696e-16,1.0,3.969629092392452
sc_1886347_0074,2429,5,1.360028705453191,1.480486392320309,0.9999999999999999,1.1102230246251565e-16,1.0,3.969629092392452
sc_1886347_0075,2462,0,0.0,0.20770754525109258,1.0,0.0,1.0,3.737709170264482
sc_1886347_0075,2462,1,0.6055503826925495,0.8590388827790088,0.9999999999999998,2.220446049250313e-16,0.9999999999999999,3.737709170264482
sc_1886347_0075,2462,2,0.9807213964075273,1.1178707582929368,1.0,0.0,1.0,3.737709170264482
sc_1886347_0075,2462,3,1.2049270585506489,1.2193906150123888,1.0,0.0,1.0,3.737709170264482
sc_1886347_0075,2462,4,1.2723080242828553,1.3303667863988455,0.9999999999999998,2.220446049250313e-16,1.0,3.737709170264482
sc_1886347_0075,2462,5,1.338900216642089,1.4793105146666718,1.0000000000000002,2.220446049250313e-16,1.0,3.737709170264482
sc_1886347_0076,2494,0,-1.1102230246251565e-15,0.3140931511490115,1.0,0.0,1.0,3.6695690736092885
sc_1886347_0076,2494,1,0.5245280597138673,0.8473523670896433,1.0,0.0,1.0,3.6695690736092885
sc_1886347_0076,2494,2,0.9617110782606412,1.1334296281244405,1.0,0.0,1.0,3.6695690736092885
sc_1886347_0076,2494,3,1.1827128092092094,1.2466180577605122,0.9999999999999999,1.1102230246251565e-16,1.0,3.6695690736092885
sc_1886347_0076,2494,4,1.2759069226780912,1.3156520708781074,1.0,0.0,1.0,3.6695690736092885
sc_1886347_0076,2494,5,1.3636485209767562,1.5084044556008067,1.0000000000000002,2.220446049250313e-16,1.0,3.6695690736092885
sc_1886347_0077,2527,0,0.0,0.3558912914978234,0.9999999999999999,1.1102230246251565e-16,1.0,3.961636345810844
sc_1886347_0077,2527,1,0.6048602692164999,0.8594549024878485,0.9999999999999999,1.1102230246251565e-16,1.0,3.961636345810844
sc_1886347_0077,2527,2,1.0307444424897443,1.1661987945229948,0.9999999999999999,1.1102230246251565e-16,1.0,3.961636345810844
sc_1886347_0077,2527,3,1.1764534015337154,1.2359626925969227,1.0,0.0,1.0,3.961636345810844
sc_1886347_0077,2527,4,1.2467873377339453,1.2702812132337613,1.0,0.0,1.0,3.961636345810844
sc_1886347_0077,2527,5,1.3223194808876346,1.438495085221846,1.0,0.0,1.0,3.961636345810844
sc_1886347_0078,2560,0,0.0,0.3674388801274484,1.0,0.0,1.0,4.077387486207965
sc_1886347_0078,2560,1,0.6783087491517871,0.9110466537549462,0.9999999999999999,1.1102230246251565e-16,1.0,4.077387486207965
sc_1886347_0078,2560,2,0.9276808417055262,1.0981356735773729,0.9999999999999999,1.1102230246251565e-16,1.0,4.077387486207965
sc_1886347_0078,2560,3,1.134721738047413,1.2249749336590594,0.9999999999999999,1.1102230246251565e-16,1.0,4.077387486207965
sc_1886347_0078,2560,4,1.2417653751168134,1.294081370161479,1.0,0.0,1.0,4.077387486207965
sc_1886347_0078,2560,5,1.334495047202898,1.4608591699610316,0.9999999999999998,2.220446049250313e-16,1.0,4.077387486207965
sc_1886347_0079,2593,0,2.220446049250313e-16,0.3246674490359287,1.0,0.0,1.0,3.9176828649173663
sc_1886347_0079,2593,1,0.6037182827304836,0.8587034893706023,1.0,0.0,1.0,3.9176828649173663
sc_1886347_0079,2593,2,0.9152915625397435,1.1314612335743814,1.0,0.0,0.9999999999999999,3.9176828649173663
sc_1886347_0079,2593,3,1.1802510660418297,1.2108721943962966,1.0000000000000002,2.220446049250313e-16,1.0,3.9176828649173663
sc_1886347_0079,2593,4,1.2569081170095497,1.3122787265930873,1.0,0.0,1.0,3.9176828649173663
sc_1886347_0079,2593,5,1.3403324990830012,1.4723174121634985,1.0,0.0,1.0,3.9176828649173663
sc_1886347_0080,2625,0,0.0,0.15062610397613319,1.0,0.0,1.0,3.769040494664762
sc_1886347_0080,2625,1,0.46172191670359153,0.9194835055603138,1.0,0.0,1.0,3.769040494664762
sc_1886347_0080,2625,2,0.9777642219580558,1.1890555196073334,1.0,0.0,1.0,3.769040494664762
sc_1886347_0080,2625,3,1.2126953122840738,1.2374716264950025,1.0,0.0,1.0,3.769040494664762
sc_1886347_0080,2625,4,1.2813550678125436,1.3129640953975297,1.0,0.0,1.0,3.769040494664762
sc_1886347_0080,2625,5,1.3469421163473778,1.4878162982739482,0.9999999999999999,1.1102230246251565e-16,1.0,3.769040494664762
sc_1886347_0081,2658,0,2.220446049250313e-16,0.1658308144542322,0.9999999999999999,1.1102230246251565e-16,1.0,3.9465930177433117
sc_1886347_0081,2658,1,0.4979550278949534,0.8789877513460573,0.9999999999999998,2.220446049250313e-16,1.0000000000000002,3.9465930177433117
sc_1886347_0081,2658,2,1.0150060993373724,1.170252079025412,0.9999999999999999,1.1102230246251565e-16,1.0,3.9465930177433117
sc_1886347_0081,2658,3,1.1998458567799102,1.2461445788814576,0.9999999999999998,2.220446049250313e-16,1.0,3.9465930177433117
sc_1886347_0081,2658,4,1.2502527872064568,1.3211591468837056,1.0,0.0,0.9999999999999998,3.9465930177433117
sc_1886347_0081,2658,5,1.3408491390931387,1.4738108749341294,0.9999999999999998,2.220446049250313e-16,1.0,3.9465930177433117
sc_1886347_0082,2817,0,2.220446049250313e-16,0.31428793400250177,0.9999999999999999,1.1102230246251565e-16,1.0,3.7920721939749833
sc_1886347_0082,2817,1,0.46945203019388027,0.8209580945566738,1.0,0.0,1.0000000000000002,3.7920721939749833
sc_1886347_0082,2817,2,0.9205140209088257,1.1015688438622884,1.0,0.0,1.0,3.7920721939749833
sc_1886347_0082,2817,3,1.197987402782592,1.252955837325061,1.0,0.0,1.0,3.7920721939749833
sc_1886347_0082,2817,4,1.2942912424589086,1.3290797091162072,1.0,0.0,0.9999999999999999,3.7920721939749833
sc_1886347_0082,2817,5,1.4169027566574282,1.501096712880367,1.0,0.0,1.0,3.7920721939749833
sc_1886347_0083,2849,0,2.220446049250313e-16,0.32619584490310394,0.9999999999999998,2.220446049250313e-16,1.0,3.7852635529837597
sc_1886347_0083,2849,1,0.5100015226137415,0.870578109356243,0.9999999999999999,1.1102230246251565e-16,1.0,3.7852635529837597
sc_1886347_0083,2849,2,0.9943289537806286,1.143048100756346,1.0,0.0,1.0,3.7852635529837597
sc_1886347_0083,2849,3,1.1515952652641794,1.23491951613492,0.9999999999999999,1.1102230246251565e-16,1.0,3.7852635529837597
sc_1886347_0083,2849,4,1.272200784581238,1.3311830472151454,1.0,0.0,1.0,3.7852635529837597
sc_1886347_0083,2849,5,1.366231369753438,1.4785970366958774,1.0000000000000002,2.220446049250313e-16,1.0,3.7852635529837597
sc_1886347_0084,2882,0,6.661338147750939e-16,0.4116752483491455,0.9999999999999999,1.1102230246251565e-16,1.0,3.752202291889348
sc_1886347_0084,2882,1,0.5729680985953856,0.7964375780833753,1.0,0.0,1.0,3.752202291889348
sc_1886347_0084,2882,2,0.9007188196638687,1.1345126570345325,1.0000000000000002,2.220446049250313e-16,1.0,3.752202291889348
sc_1886347_0084,2882,3,1.1773625266928707,1.2458901696094904,0.9999999999999999,1.1102230246251565e-16,1.0,3.752202291889348
sc_1886347_0084,2882,4,1.2715496252761147,1.3531314616885388,1.0,0.0,1.0,3.752202291889348
sc_1886347_0084,2882,5,1.3778832999937718,1.5386543936973522,0.9999999999999998,2.220446049250313e-16,1.0,3.752202291889348
sc_1886347_0085,2915,0,-2.220446049250313e-16,0.29403380673421475,1.0,0.0,1.0,3.869411276370278
sc_1886347_0085,2915,1,0.5598520024260688,0.9176476810923432,0.9999999999999999,1.1102230246251565e-16,1.0000000000000002,3.869411276370278
sc_1886347_0085,2915,2,1.0198065122364368,1.1087358576601356,1.0,0.0,1.0000000000000002,3.869411276370278
sc_1886347_0085,2915,3,1.1293038232065242,1.259280307330794,0.9999999999999998,2.220446049250313e-16,1.0,3.869411276370278
sc_1886347_0085,2915,4,1.2643753220098926,1.327546779381416,0.9999999999999999,1.1102230246251565e-16,1.0,3.869411276370278
sc_1886347_0085,2915,5,1.365117557117531,1.4922736648917694,0.9999999999999999,1.1102230246251565e-16,1.0,3.869411276370278
sc_1886347_0086,2947,0,0.0,0.36039719537509485,1.0,0.0,1.0,3.971874046168228
sc_1886347_0086,2947,1,0.5905372914006213,0.8900391182097318,1.0,0.0,0.9999999999999999,3.971874046168228
sc_1886347_0086,2947,2,0.9754593374101921,1.1163317991282533,0.9999999999999999,1.1102230246251565e-16,0.9999999999999999,3.971874046168228
sc_1886347_0086,2947,3,1.16990430132666,1.2711737129080074,1.0,0.0,1.0,3.971874046168228
sc_1886347_0086,2947,4,1.2716425761297854,1.3076670299119328,1.0,0.0,1.0,3.971874046168228
sc_1886347_0086,2947,5,1.317252341682007,1.5161529471505837,0.9999999999999999,1.1102230246251565e-16,1.0,3.971874046168228
sc_1886347_0087,2980,0,-2.220446049250313e-16,0.28307732065104796,1.0,0.0,1.0,3.81188638962321
sc_1886347_0087,2980,1,0.5393231521201359,0.9188499139739664,1.0,0.0,1.0,3.81188638962321
sc_1886347_0087,2980,2,0.9580527899705644,1.1815335627903756,0.9999999999999999,1.1102230246251565e-16,1.0,3.81188638962321
sc_1886347_0087,2980,3,1.194889238367685,1.2262463086488007,0.9999999999999999,1.1102230246251565e-16,1.0,3.81188638962321
sc_1886347_0087,2980,4,1.2616701609504195,1.2979359863818871,1.0,0.0,1.0,3.81188638962321
sc_1886347_0087,2980,5,1.319281039705652,1.4808252963309956,1.0000000000000002,2.220446049250313e-16,1.0,3.81188638962321
sc_1886347_0088,3013,0,2.220446049250313e-16,0.23888770420660288,1.0000000000000002,2.220446049250313e-16,1.0,3.8603417462081495
sc_1886347_0088,3013,1,0.5718847004325054,0.9179839949061614,0.9999999999999999,1.1102230246251565e-16,1.0,3.8603417462081495
sc_1886347_0088,3013,2,0.9773156264387821,1.1617940654847716,1.0,0.0,1.0,3.8603417462081495
sc_1886347_0088,3013,3,1.1932449047718174,1.2320151773077554,1.0,0.0,1.0,3.8603417462081495
sc_1886347_0088,3013,4,1.2526678360090306,1.3134023040235423,0.9999999999999998,2.220446049250313e-16,1.0,3.8603417462081495
sc_1886347_0088,3013,5,1.3368581387254193,1.4969324806136721,0.9999999999999999,1.1102230246251565e-16,1.0,3.8603417462081495
sc_1886347_0089,3046,0,0.0,0.21316181440253756,1.0,0.0,1.0,3.894425312137991
sc_1886347_0089,3046,1,0.5903742262516049,0.9262612048191997,1.0,0.0,1.0,3.894425312137991
sc_1886347_0089,3046,2,0.9572659239413581,1.1084460074846674,0.9999999999999998,2.220446049250313e-16,1.0,3.894425312137991
sc_1886347_0089,3046,3,1.1888465124102003,1.2429456840928694,1.0,0.0,1.0,3.894425312137991
sc_1886347_0089,3046,4,1.2772511700550448,1.327608125878315,1.0,0.0,1.0,3.894425312137991
sc_1886347_0089,3046,5,1.3633694040865194,1.4613888064668004,0.9999999999999999,1.1102230246251565e-16,1.0,3.894425312137991
sc_1886347_0090,3078,0,-2.220446049250313e-16,0.3153554710698456,0.9999999999999998,2.220446049250313e-16,1.0,4.035941819758628
sc_1886347_0090,3078,1,0.5682404788950206,0.8350068050996766,0.9999999999999999,1.1102230246251565e-16,1.0,4.035941819758628
sc_1886347_0090,3078,2,0.9501721612701367,1.1069774625208064,1.0,0.0,1.0,4.035941819758628
sc_1886347_0090,3078,3,1.1519708497400796,1.2487109800902312,0.9999999999999998,2.220446049250313e-16,1.0,4.035941819758628
sc_1886347_0090,3078,4,1.272449211431377,1.351843660324923,1.0,0.0,1.0,4.035941819758628
sc_1886347_0090,3078,5,1.3795201895667062,1.4553605457960688,1.0,0.0,1.0,4.035941819758628
sc_1886347_0091,3111,0,2.220446049250313e-16,0.45080197699955304,1.0,0.0,1.0,4.120097754857695
sc_1886347_0091,3111,1,0.5611803357239106,0.8568610828978034,1.0,0.0,1.0000000000000002,4.120097754857695
sc_1886347_0091,3111,2,0.9442261560219457,1.1284643452340342,1.0000000000000002,2.220446049250313e-16,0.9999999999999998,4.120097754857695
sc_1886347_0091,3111,3,1.161090831246849,1.2345801747354124,1.0000000000000002,2.220446049250313e-16,1.0,4.120097754857695
sc_1886347_0091,3111,4,1.2367572166664664,1.3119316497268916,0.9999999999999999,1.1102230246251565e-16,1.0,4.120097754857695
sc_1886347_0091,3111,5,1.3626237816996176,1.4880180554373517,1.0,0.0,1.0,4.120097754857695
sc_1886347_0092,3144,0,8.881784197001252e-16,0.4250132623198959,1.0000000000000002,2.220446049250313e-16,1.0,3.804724035502668
sc_1886347_0092,3144,1,0.4671540961581466,0.8280248411632358,1.0000000000000002,2.220446049250313e-16,1.0,3.804724035502668
sc_1886347_0092,3144,2,0.9479763524299899,1.1054251899219198,1.0,0.0,1.0,3.804724035502668
sc_1886347_0092,3144,3,1.1634068010035432,1.2602870023729158,1.0,0.0,1.0,3.804724035502668
sc_1886347_0092,3144,4,1.2906762757469723,1.3583638678672676,1.0,0.0,0.9999999999999998,3.804724035502668
sc_1886347_0092,3144,5,1.3816862095938605,1.491046246029024,0.9999999999999999,1.1102230246251565e-16,1.0,3.804724035502668
sc_1886347_0093,3261,0,0.0,0.2905523121725748,0.9999999999999999,1.1102230246251565e-16,1.0,3.709036642632333
sc_1886347_0093,3261,1,0.6223629114720809,0.8490269016700086,0.9999999999999999,1.1102230246251565e-16,1.0,3.709036642632333
sc_1886347_0093,3261,2,0.9970031553039178,1.13356785106009,1.0,0.0,1.0,3.709036642632333
sc_1886347_0093,3261,3,1.1806661403456902,1.2041201775432284,1.0,0.0,1.0,3.709036642632333
sc_1886347_0093,3261,4,1.2564978146054866,1.308273959342012,1.0,0.0,0.9999999999999999,3.709036642632333
sc_1886347_0093,3261,5,1.3617326938188314,1.4954513459617682,0.9999999999999999,1.1102230246251565e-16,1.0,3.709036642632333
sc_1886347_0094,3294,0,-2.220446049250313e-16,0.23804321249664007,1.0,0.0,1.0,3.521285348676257
sc_1886347_0094,3294,1,0.5805633616972864,0.9268717582155859,1.0000000000000002,2.220446049250313e-16,1.0,3.521285348676257
sc_1886347_0094,3294,2,0.9711294933765209,1.1111846000068488,1.0,0.0,1.0,3.521285348676257
sc_1886347_0094,3294,3,1.1386482535007443,1.2464329978128328,0.9999999999999997,3.3306690738754696e-16,1.0,3.521285348676257
sc_1886347_0094,3294,4,1.2666320392946384,1.3353023072575283,1.0000000000000002,2.220446049250313e-16,1.0,3.521285348676257
sc_1886347_0094,3294,5,1.4177721081059396,1.5030072639957641,1.0,0.0,1.0,3.521285348676257
sc_1886347_0095,3403,0,4.440892098500626e-16,0.32733815869406135,0.9999999999999999,1.1102230246251565e-16,1.0,3.7093765928743188
sc_1886347_0095,3403,1,0.5407310508816976,0.8038720789172878,0.9999999999999997,3.3306690738754696e-16,1.0,3.7093765928743188
sc_1886347_0095,3403,2,0.9127334635781685,1.1469773532617749,0.9999999999999999,1.1102230246251565e-16,1.0,3.7093765928743188
sc_1886347_0095,3403,3,1.186113127471571,1.2206571094841987,1.0,0.0,1.0,3.7093765928743188
sc_1886347_0095,3403,4,1.2747708660209498,1.350380745415812,1.0,0.0,1.0,3.7093765928743188
sc_1886347_0095,3403,5,1.3826290432668493,1.5407462738809117,0.9999999999999999,1.1102230246251565e-16,1.0,3.7093765928743188
sc_1886347_0096,3435,0,6.661338147750939e-16,0.2919284297959217,1.0,0.0,1.0,3.7209344652017604
sc_1886347_0096,3435,1,0.5714662225119228,0.8473100015459145,1.0,0.0,1.0,3.7209344652017604
sc_1886347_0096,3435,2,0.8743086781742319,1.1274572006923147,1.0,0.0,1.0,3.7209344652017604
sc_1886347_0096,3435,3,1.1575396408657923,1.240847263791013,0.9999999999999999,1.1102230246251565e-16,1.0,3.7209344652017604
sc_1886347_0096,3435,4,1.2475440118092687,1.3741582479446608,0.9999999999999999,1.1102230246251565e-16,1.0,3.7209344652017604
sc_1886347_0096,3435,5,1.3817866755225552,1.514554728310777,1.0,0.0,1.0,3.7209344652017604
sc_1886347_0097,3468,0,2.220446049250313e-16,0.3127539067328391,1.0,0.0,1.0,3.6795825840372642
sc_1886347_0097,3468,1,0.4555695782005733,0.7385838641046206,0.9999999999999998,2.220446049250313e-16,1.0000000000000002,3.6795825840372642
sc_1886347_0097,3468,2,1.012056523265095,1.1389474242616737,0.9999999999999999,1.1102230246251565e-16,1.0,3.6795825840372642
sc_1886347_0097,3468,3,1.174874347943953,1.2510830703324891,1.0,0.0,1.0,3.6795825840372642
sc_1886347_0097,3468,4,1.268448511256096,1.3406679021049976,1.0,0.0,1.0,3.6795825840372642
sc_1886347_0097,3468,5,1.3856717292546856,1.4851866042075967,1.0,0.0,1.0,3.6795825840372642
sc_1886347_0098,3501,0,6.661338147750939e-16,0.3527311057655358,0.9999999999999999,1.1102230246251565e-16,1.0,3.8413243036695506
sc_1886347_0098,3501,1,0.5020881772531309,0.8381740611968093,1.0,0.0,1.0,3.8413243036695506
sc_1886347_0098,3501,2,0.9632122465352626,1.1474879928128956,0.9999999999999998,2.220446049250313e-16,1.0,3.8413243036695506
sc_1886347_0098,3501,3,1.1709916120599058,1.2457097654581077,1.0,0.0,1.0,3.8413243036695506
sc_1886347_0098,3501,4,1.24831347893728,1.3256952699413838,0.9999999999999999,1.1102230246251565e-16,1.0000000000000002,3.8413243036695506
sc_1886347_0098,3501,5,1.352610289292424,1.4935679208189547,1.0,0.0,1.0,3.8413243036695506
sc_1886347_0099,3533,0,4.440892098500626e-16,0.3909013750080279,1.0000000000000002,2.220446049250313e-16,1.0,3.9233713016854717
sc_1886347_0099,3533,1,0.5003604082779409,0.8873860468775535,1.0,0.0,0.9999999999999998,3.9233713016854717
sc_1886347_0099,3533,2,0.9456863253678195,1.1481443665858844,1.0,0.0,1.0,3.9233713016854717
sc_1886347_0099,3533,3,1.1749512184877444,1.2461821280594365,1.0,0.0,1.0,3.9233713016854717
sc_1886347_0099,3533,4,1.2532087048627754,1.3200065803982293,0.9999999999999998,2.220446049250313e-16,1.0,3.9233713016854717
sc_1886347_0099,3533,5,1.3433463124335678,1.4832243974834387,1.0000000000000002,2.220446049250313e-16,1.0,3.9233713016854717
sc_1886347_0100,3566,0,-2.220446049250313e-16,0.28178475395387736,1.0,0.0,1.0,3.728447850116063
sc_1886347_0100,3566,1,0.3899287727732852,0.8768574104480773,1.0,0.0,1.0,3.728447850116063
sc_1886347_0100,3566,2,0.9870805028677522,1.1884573786975494,0.9999999999999999,1.1102230246251565e-16,1.0000000000000002,3.728447850116063
sc_1886347_0100,3566,3,1.1959374360382673,1.2407413700480476,1.0000000000000002,2.220446049250313e-16,1.0,3.728447850116063
sc_1886347_0100,3566,4,1.2559981503630064,1.3159910724528248,0.9999999999999999,1.1102230246251565e-16,1.0,3.728447850116063
sc_1886347_0100,3566,5,1.3417546784885754,1.51027051245818,0.9999999999999998,2.220446049250313e-16,1.0,3.728447850116063
sc_1886347_0101,3599,0,0.0,0.327234561599532,1.0,0.0,1.0,3.8901737820097666
sc_1886347_0101,3599,1,0.40950030746995014,0.8634182958668644,0.9999999999999998,2.220446049250313e-16,1.0,3.8901737820097666
sc_1886347_0101,3599,2,0.9765473282389618,1.1435893691167047,1.0,0.0,1.0,3.8901737820097666
sc_1886347_0101,3599,3,1.1717487311101744,1.2190011619567707,1.0,0.0,1.0,3.8901737820097666
sc_1886347_0101,3599,4,1.244416427619298,1.3300777438471107,1.0,0.0,1.0000000000000002,3.8901737820097666
sc_1886347_0101,3599,5,1.3451467846432852,1.4929221351287882,1.0,0.0,1.0,3.8901737820097666
sc_1886347_0102,3632,0,2.220446049250313e-16,0.25785474148667076,0.9999999999999999,1.1102230246251565e-16,1.0,3.90934935654776
sc_1886347_0102,3632,1,0.4042144917750756,0.950037790954939,1.0,0.0,1.0,3.90934935654776
sc_1886347_0102,3632,2,0.9934991161085323,1.15419884842849,1.0,0.0,1.0,3.90934935654776
sc_1886347_0102,3632,3,1.1813583879736502,1.2395843571905472,0.9999999999999998,2.220446049250313e-16,1.0,3.90934935654776
sc_1886347_0102,3632,4,1.2671795251226854,1.3188772085428553,1.0,0.0,1.0,3.90934935654776
sc_1886347_0102,3632,5,1.3375518420850296,1.4464638344416945,1.0000000000000002,2.220446049250313e-16,1.0,3.90934935654776
sc_1886347_0103,3664,0,8.881784197001252e-16,0.3623950493854693,0.9999999999999999,1.1102230246251565e-16,1.0,3.716685122873181
sc_1886347_0103,3664,1,0.4075889765494187,0.8440444916010533,0.9999999999999999,1.1102230246251565e-16,1.0,3.716685122873181
sc_1886347_0103,3664,2,0.9046803324074618,1.1457423868628547,0.9999999999999999,1.1102230246251565e-16,1.0,3.716685122873181
sc_1886347_0103,3664,3,1.1666601793580538,1.279934311562753,1.0,0.0,1.0,3.716685122873181
sc_1886347_0103,3664,4,1.285785717421847,1.3661020719231016,0.9999999999999999,1.1102230246251565e-16,1.0,3.716685122873181
sc_1886347_0103,3664,5,1.380013455910927,1.5248489119629884,0.9999999999999999,1.1102230246251565e-16,1.0,3.716685122873181
sc_1886347_0104,3697,0,2.220446049250313e-16,0.32237884210401035,0.9999999999999999,1.1102230246251565e-16,1.0,3.8155901871733855
sc_1886347_0104,3697,1,0.5161440945572026,0.857057053310386,0.9999999999999999,1.1102230246251565e-16,1.0,3.8155901871733855
sc_1886347_0104,3697,2,0.8616121352007137,1.1337993168603258,0.9999999999999999,1.1102230246251565e-16,0.9999999999999999,3.8155901871733855
sc_1886347_0104,3697,3,1.143597832422262,1.263059028306113,1.0,0.0,1.0,3.8155901871733855
sc_1886347_0104,3697,4,1.2995489025107765,1.358145751217123,1.0,0.0,1.0,3.8155901871733855
sc_1886347_0104,3697,5,1.407678226271881,1.4899395658924288,1.0,0.0,1.0,3.8155901871733855
sc_1886347_0105,3730,0,-2.220446049250313e-16,0.2596508046745516,1.0000000000000002,2.220446049250313e-16,1.0,3.7229850349604066
sc_1886347_0105,3730,1,0.5425432952164297,0.8255813171020592,0.9999999999999999,1.1102230246251565e-16,1.0,3.7229850349604066
sc_1886347_0105,3730,2,0.8536852240714797,1.1397881764792133,1.0,0.0,1.0,3.7229850349604066
sc_1886347_0105,3730,3,1.1973117261041872,1.2532670602940492,0.9999999999999999,1.1102230246251565e-16,1.0,3.7229850349604066
sc_1886347_0105,3730,4,1.2977013703062188,1.324852443979285,1.0000000000000002,2.220446049250313e-16,1.0,3.7229850349604066
sc_1886347_0105,3730,5,1.364400414018359,1.5256445359718451,1.0,0.0,1.0,3.7229850349604066
sc_1886347_0106,3762,0,-2.220446049250313e-16,0.318193584842013,1.0,0.0,1.0,3.974578073233623
sc_1886347_0106,3762,1,0.5310474766501936,0.8371039396701413,0.9999999999999999,1.1102230246251565e-16,1.0,3.974578073233623
sc_1886347_0106,3762,2,0.9582270827966938,1.1112519216654415,1.0,0.0,1.0,3.974578073233623
sc_1886347_0106,3762,3,1.1895781515954684,1.216312847119795,0.9999999999999999,1.1102230246251565e-16,1.0,3.974578073233623
sc_1886347_0106,3762,4,1.248143310746736,1.3430509320176354,0.9999999999999998,2.220446049250313e-16,1.0,3.974578073233623
sc_1886347_0106,3762,5,1.4026212080860128,1.5272591584600077,0.9999999999999999,1.1102230246251565e-16,1.0,3.974578073233623
sc_1886347_0107,3795,0,-4.440892098500626e-16,0.34452328500931784,0.9999999999999998,2.220446049250313e-16,1.0,3.9346697608933683
sc_1886347_0107,3795,1,0.4303754799470172,0.8472049328274038,0.9999999999999999,1.1102230246251565e-16,1.0,3.9346697608933683
sc_1886347_0107,3795,2,0.9116390679943311,1.168766917815423,0.9999999999999999,1.1102230246251565e-16,1.0,3.9346697608933683
sc_1886347_0107,3795,3,1.2049413923483205,1.2331673976132556,0.9999999999999999,1.1102230246251565e-16,1.0,3.9346697608933683
sc_1886347_0107,3795,4,1.2561305655618367,1.3013328968879379,1.0,0.0,1.0,3.9346697608933683
sc_1886347_0107,3795,5,1.331555789071744,1.523686165974428,0.9999999999999999,1.1102230246251565e-16,1.0,3.9346697608933683
sc_1886347_0108,3828,0,8.881784197001252e-16,0.31604886369362606,1.0,0.0,1.0,3.9729143836612906
sc_1886347_0108,3828,1,0.5540245512696652,0.8576561729319802,1.0,0.0,0.9999999999999998,3.9729143836612906
sc_1886347_0108,3828,2,0.9296844178005732,1.1392126680382608,1.0,0.0,1.0,3.9729143836612906
sc_1886347_0108,3828,3,1.1601196393445847,1.220522813728548,0.9999999999999998,2.220446049250313e-16,1.0,3.9729143836612906
sc_1886347_0108,3828,4,1.2514181900748973,1.3061326464131826,0.9999999999999998,2.220446049250313e-16,1.0,3.9729143836612906
sc_1886347_0108,3828,5,1.3643135600065612,1.4958754976026705,1.0,0.0,1.0,3.9729143836612906
sc_1886347_0109,3860,0,6.661338147750939e-16,0.3315859806746615,1.0,0.0,1.0,4.164856323326783
sc_1886347_0109,3860,1,0.5312760953122112,0.8679899931284873,0.9999999999999999,1.1102230246251565e-16,1.0,4.164856323326783
sc_1886347_0109,3860,2,0.9865640130852695,1.1192136598892273,1.0,0.0,1.0,4.164856323326783
sc_1886347_0109,3860,3,1.1833691961276689,1.2536950467929961,1.0,0.0,1.0,4.164856323326783
sc_1886347_0109,3860,4,1.257719890098219,1.3053803067081347,0.9999999999999998,2.220446049250313e-16,1.0,4.164856323326783
sc_1886347_0109,3860,5,1.3297852591464643,1.4857856184623848,1.0,0.0,1.0,4.164856323326783
sc_1886347_0110,3893,0,1.5543122344752192e-15,0.2645241098670199,1.0,0.0,1.0,3.813691077479993
sc_1886347_0110,3893,1,0.4328570747765852,0.8057765231389362,1.0,0.0,1.0,3.813691077479993
sc_1886347_0110,3893,2,0.9629929976433177,1.1779589312717929,0.9999999999999999,1.1102230246251565e-16,1.0,3.813691077479993
sc_1886347_0110,3893,3,1.200244960780497,1.2531795633725087,1.0,0.0,1.0,3.813691077479993
sc_1886347_0110,3893,4,1.2678764596322127,1.346291090074156,0.9999999999999997,3.3306690738754696e-16,1.0,3.813691077479993
sc_1886347_0110,3893,5,1.380962429676374,1.4602810763072875,1.0,0.0,1.0,3.813691077479993
sc_1886347_0111,3926,0,0.0,0.2321151090934439,0.9999999999999998,2.220446049250313e-16,1.0,3.8940479038824747
sc_1886347_0111,3926,1,0.5142257751699343,0.8313827957926155,0.9999999999999999,1.1102230246251565e-16,1.0,3.8940479038824747
sc_1886347_0111,3926,2,1.0157692969972256,1.2048302698332316,0.9999999999999998,2.220446049250313e-16,1.0,3.8940479038824747
sc_1886347_0111,3926,3,1.21374890251801,1.242286489815352,0.9999999999999998,2.220446049250313e-16,1.0,3.8940479038824747
sc_1886347_0111,3926,4,1.2603028798936025,1.2969595389523974,1.0000000000000002,2.220446049250313e-16,1.0,3.8940479038824747
sc_1886347_0111,3926,5,1.316771249263738,1.4853736842676182,1.0,0.0,1.0,3.8940479038824747
sc_1886347_0112,3959,0,6.661338147750939e-16,0.2099196749255834,0.9999999999999999,1.1102230246251565e-16,1.0,3.7613790342508118
sc_1886347_0112,3959,1,0.4728060867583599,0.8445240131116788,1.0,0.0,0.9999999999999999,3.7613790342508118
sc_1886347_0112,3959,2,0.974882764651577,1.1723432352451568,1.0,0.0,1.0,3.7613790342508118
sc_1886347_0112,3959,3,1.2017506387163015,1.2318017323907318,0.9999999999999999,1.1102230246251565e-16,1.0,3.7613790342508118
sc_1886347_0112,3959,4,1.2765166292680092,1.322123053315936,0.9999999999999999,1.1102230246251565e-16,1.0000000000000002,3.7613790342508118
sc_1886347_0112,3959,5,1.388617928456505,1.4978247908118911,1.0,0.0,1.0,3.7613790342508118
sc_1886347_0113,3991,0,-8.881784197001252e-16,0.171358269517339,0.9999999999999999,1.1102230246251565e-16,1.0,3.6190294365797975
sc_1886347_0113,3991,1,0.48357958046870797,0.7491643206169752,0.9999999999999999,1.1102230246251565e-16,1.0,3.6190294365797975
sc_1886347_0113,3991,2,0.9434708732605079,1.1659145253136671,1.0,0.0,1.0,3.6190294365797975
sc_1886347_0113,3991,3,1.1861318946064785,1.2682150171362592,1.0,0.0,1.0,3.6190294365797975
sc_1886347_0113,3991,4,1.3155383737150588,1.3604559914127898,0.9999999999999999,1.1102230246251565e-16,1.0,3.6190294365797975
sc_1886347_0113,3991,5,1.4065771035529215,1.5371769995631654,0.9999999999999999,1.1102230246251565e-16,1.0,3.6190294365797975
sc_1886347_0114,4024,0,2.220446049250313e-16,0.25153466720760465,0.9999999999999999,1.1102230246251565e-16,1.0,3.821023424565614
sc_1886347_0114,4024,1,0.36358474714167865,0.87665829209913,1.0,0.0,1.0,3.821023424565614
sc_1886347_0114,4024,2,0.9952372430915155,1.1165852585514715,1.0,0.0,1.0,3.821023424565614
sc_1886347_0114,4024,3,1.175079981665552,1.26615440592876,1.0,0.0,1.0,3.821023424565614
sc_1886347_0114,4024,4,1.283356429054355,1.3321483300837589,0.9999999999999999,1.1102230246251565e-16,1.0,3.821023424565614
sc_1886347_0114,4024,5,1.3764192091624752,1.519704298695694,1.0,0.0,1.0,3.821023424565614
sc_1886347_0115,4057,0,6.661338147750939e-16,0.20993920670591226,0.9999999999999999,1.1102230246251565e-16,1.0,3.6145792385076057
sc_1886347_0115,4057,1,0.33473022624872595,0.8995720390186999,0.9999999999999999,1.1102230246251565e-16,1.0,3.6145792385076057
sc_1886347_0115,4057,2,0.9904698594668542,1.1632302547089168,1.0,0.0,1.0,3.6145792385076057
sc_1886347_0115,4057,3,1.2450030331914363,1.2702578253265249,1.0,0.0,1.0,3.6145792385076057
sc_1886347_0115,4057,4,1.2787526708080608,1.3174974146767817,1.0,0.0,1.0,3.6145792385076057
sc_1886347_0115,4057,5,1.3424813520845313,1.4964958807590851,1.0,0.0,1.0,3.6145792385076057
sc_1886347_0116,4089,0,2.220446049250313e-16,0.2786171532417916,1.0,0.0,1.0,3.72609817915961
sc_1886347_0116,4089,1,0.493367392045601,0.8742646960567493,0.9999999999999999,1.1102230246251565e-16,1.0,3.72609817915961
sc_1886347_0116,4089,2,0.9808250621043676,1.1280506243790245,0.9999999999999998,2.220446049250313e-16,0.9999999999999999,3.72609817915961
sc_1886347_0116,4089,3,1.189300207411497,1.2611451188313318,1.0,0.0,1.0,3.72609817915961
sc_1886347_0116,4089,4,1.280405986795424,1.313548318945081,0.9999999999999997,3.3306690738754696e-16,1.0,3.72609817915961
sc_1886347_0116,4089,5,1.3543737717187199,1.5124024575312611,0.9999999999999999,1.1102230246251565e-16,1.0,3.72609817915961
sc_1886347_0117,4122,0,4.440892098500626e-16,0.28489564655325994,1.0000000000000002,2.220446049250313e-16,1.0,3.8546935775328444
sc_1886347_0117,4122,1,0.6348057535927456,0.8317974139519456,1.0,0.0,0.9999999999999999,3.8546935775328444
sc_1886347_0117,4122,2,0.9816844697653817,1.080183919013315,1.0,0.0,1.0,3.8546935775328444
sc_1886347_0117,4122,3,1.169356524253766,1.236118351366662,0.9999999999999999,1.1102230246251565e-16,1.0,3.8546935775328444
sc_1886347_0117,4122,4,1.2403259198050098,1.3116910618196784,0.9999999999999999,1.1102230246251565e-16,1.0000000000000002,3.8546935775328444
sc_1886347_0117,4122,5,1.3607685503494804,1.5285659986891604,1.0,0.0,1.0,3.8546935775328444
sc_1886347_0118,4155,0,8.881784197001252e-16,0.31441783972072646,0.9999999999999999,1.1102230246251565e-16,1.0,4.071491396844393
sc_1886347_0118,4155,1,0.5811650265481145,0.8298260478842512,1.0,0.0,1.0,4.071491396844393
sc_1886347_0118,4155,2,0.9590638013795889,1.096886244414014,0.9999999999999999,1.1102230246251565e-16,1.0000000000000002,4.071491396844393
sc_1886347_0118,4155,3,1.1297236327355686,1.2345572462056027,1.0,0.0,1.0,4.071491396844393
sc_1886347_0118,4155,4,1.2427443222029904,1.3095423233887056,1.0,0.0,1.0,4.071491396844393
sc_1886347_0118,4155,5,1.397318292491046,1.5051987211257303,0.9999999999999999,1.1102230246251565e-16,1.0,4.071491396844393
sc_1886347_0119,4187,0,0.0,0.16222974308366478,1.0,0.0,1.0,3.8363196207240633
sc_1886347_0119,4187,1,0.5292166323954514,0.9335435512185629,1.0,0.0,1.0,3.8363196207240633
sc_1886347_0119,4187,2,0.9884021544990429,1.1810563444131401,0.9999999999999998,2.220446049250313e-16,1.0,3.8363196207240633
sc_1886347_0119,4187,3,1.190729711769923,1.217932556218028,0.9999999999999998,2.220446049250313e-16,1.0,3.8363196207240633
sc_1886347_0119,4187,4,1.2448933452313007,1.290009151308016,1.0000000000000002,2.220446049250313e-16,1.0,3.8363196207240633
sc_1886347_0119,4187,5,1.367096759217801,1.4669240379804311,1.0,0.0,1.0,3.8363196207240633
sc_1886347_0120,4220,0,4.440892098500626e-16,0.25898121208327374,0.9999999999999999,1.1102230246251565e-16,1.0,4.058420915353328
sc_1886347_0120,4220,1,0.5892749576715236,0.8165527418384549,0.9999999999999999,1.1102230246251565e-16,1.0,4.058420915353328
sc_1886347_0120,4220,2,0.9938386958360279,1.1261601886982329,1.0000000000000002,2.220446049250313e-16,1.0,4.058420915353328
sc_1886347_0120,4220,3,1.177948470003553,1.2377967545802697,1.0,0.0,1.0,4.058420915353328
sc_1886347_0120,4220,4,1.274298190137179,1.3113558499719455,1.0,0.0,0.9999999999999999,4.058420915353328
sc_1886347_0120,4220,5,1.3217134263516472,1.5331215499876185,1.0000000000000002,2.220446049250313e-16,1.0,4.058420915353328
sc_1886347_0121,4253,0,-4.440892098500626e-16,0.2064017674447176,1.0,0.0,1.0,4.0585049229233
sc_1886347_0121,4253,1,0.6121160070443659,0.9376894906692952,1.0,0.0,1.0,4.0585049229233
sc_1886347_0121,4253,2,1.0323507801343648,1.14644750044655,1.0,0.0,1.0,4.0585049229233
sc_1886347_0121,4253,3,1.1791903285446612,1.2143064581744454,1.0000000000000002,2.220446049250313e-16,1.0,4.0585049229233
sc_1886347_0121,4253,4,1.2442363246608321,1.3287571326436132,1.0,0.0,1.0,4.0585049229233
sc_1886347_0121,4253,5,1.3383683083138278,1.4873378050999755,1.0,0.0,1.0,4.0585049229233
sc_1886347_0122,4285,0,-6.661338147750939e-16,0.16614058169441082,0.9999999999999999,1.1102230246251565e-16,1.0,4.045533591052868
sc_1886347_0122,4285,1,0.5858221258923595,0.8976060230619899,1.0,0.0,1.0,4.045533591052868
sc_1886347_0122,4285,2,0.9856829519549782,1.1530921555292426,1.0000000000000002,2.220446049250313e-16,1.0,4.045533591052868
sc_1886347_0122,4285,3,1.1716700787863283,1.2372417173607508,1.0,0.0,1.0,4.045533591052868
sc_1886347_0122,4285,4,1.2761152929992725,1.312005815839445,0.9999999999999999,1.1102230246251565e-16,1.0,4.045533591052868
sc_1886347_0122,4285,5,1.3466344749975638,1.5150771653086614,1.0,0.0,1.0,4.045533591052868
sc_1886347_0123,4392,0,2.220446049250313e-16,0.1996200694747854,0.9999999999999998,2.220446049250313e-16,1.0,3.8089846302138755
sc_1886347_0123,4392,1,0.5262790618531733,0.8950727159214251,1.0,0.0,1.0,3.8089846302138755
sc_1886347_0123,4392,2,0.9927301257125298,1.1383354100709184,1.0,0.0,1.0,3.8089846302138755
sc_1886347_0123,4392,3,1.1586182854115439,1.2280780942992446,0.9999999999999998,2.220446049250313e-16,1.0,3.8089846302138755
sc_1886347_0123,4392,4,1.2774863889313846,1.371049605056987,1.0,0.0,1.0,3.8089846302138755
sc_1886347_0123,4392,5,1.3781024828891562,1.4916797427734332,1.0,0.0,1.0,3.8089846302138755
sc_1886347_0124,4425,0,0.0,0.2100399772457735,1.0000000000000002,2.220446049250313e-16,1.0,3.7702894377272727
sc_1886347_0124,4425,1,0.5712313768910181,0.9052026139555339,1.0000000000000002,2.220446049250313e-16,1.0,3.7702894377272727
sc_1886347_0124,4425,2,0.9286755309673953,1.1222477224682137,1.0,0.0,0.9999999999999998,3.7702894377272727
sc_1886347_0124,4425,3,1.1754712153579567,1.246798037666089,0.9999999999999998,2.220446049250313e-16,1.0,3.7702894377272727
sc_1886347_0124,4425,4,1.2551051586326032,1.3285868656111315,0.9999999999999999,1.1102230246251565e-16,1.0,3.7702894377272727
sc_1886347_0124,4425,5,1.3763884647263036,1.499661629835179,0.9999999999999999,1.1102230246251565e-16,1.0,3.7702894377272727
sc_1886347_0125,4458,0,-4.440892098500626e-16,0.16953027059452142,1.0,0.0,1.0,3.704733417377361
sc_1886347_0125,4458,1,0.5872958260978685,0.8626700979176878,0.9999999999999999,1.1102230246251565e-16,1.0,3.704733417377361
sc_1886347_0125,4458,2,1.021479728794128,1.160432132556083,0.9999999999999999,1.1102230246251565e-16,1.0,3.704733417377361
sc_1886347_0125,4458,3,1.2130409372157889,1.2251378947248597,0.9999999999999999,1.1102230246251565e-16,1.0,3.704733417377361
sc_1886347_0125,4458,4,1.240036079257083,1.3022118725271339,1.0,0.0,0.9999999999999999,3.704733417377361
sc_1886347_0125,4458,5,1.3190099972388951,1.499094644292476,1.0,0.0,1.0,3.704733417377361
sc_1886347_0126,4490,0,6.661338147750939e-16,0.38530591359791444,0.9999999999999999,1.1102230246251565e-16,1.0,3.713715034396696
sc_1886347_0126,4490,1,0.5363701470106514,0.7706016510144147,0.9999999999999999,1.1102230246251565e-16,1.0000000000000002,3.713715034396696
sc_1886347_0126,4490,2,0.998058795990705,1.1188166189816413,1.0,0.0,1.0,3.713715034396696
sc_1886347_0126,4490,3,1.1748044618107314,1.2148693337194254,0.9999999999999999,1.1102230246251565e-16,1.0,3.713715034396696
sc_1886347_0126,4490,4,1.2509901286053586,1.3152269767287397,1.0,0.0,0.9999999999999998,3.713715034396696
sc_1886347_0126,4490,5,1.3422648872244558,1.5081554419997925,0.9999999999999997,3.3306690738754696e-16,1.0,3.713715034396696
sc_1886347_0127,4523,0,0.0,0.3632685928861332,1.0,0.0,1.0,4.090546510934652
sc_1886347_0127,4523,1,0.6647933849187277,0.8316825969845294,1.0000000000000002,2.220446049250313e-16,1.0,4.090546510934652
sc_1886347_0127,4523,2,0.9529621307726913,1.1511403452997053,1.0,0.0,1.0,4.090546510934652
sc_1886347_0127,4523,3,1.1710256609566527,1.2074960744272687,0.9999999999999999,1.1102230246251565e-16,1.0,4.090546510934652
sc_1886347_0127,4523,4,1.2319621953109208,1.3104669073926947,0.9999999999999999,1.1102230246251565e-16,1.0,4.090546510934652
sc_1886347_0127,4523,5,1.3456003998111552,1.480103307441566,1.0,0.0,1.0,4.090546510934652
sc_1886347_0128,4556,0,0.0,0.15923915741877392,1.0,0.0,1.0,3.983407291662517
sc_1886347_0128,4556,1,0.6451514675596939,0.8878170456725033,1.0,0.0,1.0,3.983407291662517
sc_1886347_0128,4556,2,0.9614378927963512,1.183382582883317,0.9999999999999998,2.220446049250313e-16,1.0,3.983407291662517
sc_1886347_0128,4556,3,1.2143951339207733,1.232972903558643,1.0,0.0,1.0,3.983407291662517
sc_1886347_0128,4556,4,1.2714807307737805,1.2983099728058447,0.9999999999999999,1.1102230246251565e-16,1.0,3.983407291662517
sc_1886347_0128,4556,5,1.330449544652401,1.4614036229101417,1.0,0.0,1.0,3.983407291662517
sc_1886347_0129,4588,0,2.220446049250313e-16,0.17271698645944888,1.0,0.0,1.0,3.7472990926514407
sc_1886347_0129,4588,1,0.6121280884636118,0.7716106699651825,0.9999999999999998,2.220446049250313e-16,1.0,3.7472990926514407
sc_1886347_0129,4588,2,0.9914330035347582,1.1611288574013308,1.0,0.0,1.0000000000000002,3.7472990926514407
sc_1886347_0129,4588,3,1.173457453850743,1.2495835734062841,0.9999999999999999,1.1102230246251565e-16,1.0,3.7472990926514407
sc_1886347_0129,4588,4,1.278359008075586,1.3146155456791364,1.0,0.0,1.0,3.7472990926514407
sc_1886347_0129,4588,5,1.3279105137838,1.552394350614456,0.9999999999999999,1.1102230246251565e-16,1.0,3.7472990926514407
sc_1886347_0130,4621,0,0.0,0.22871563844600384,1.0,0.0,1.0,4.019411871319779
sc_1886347_0130,4621,1,0.5154737462979262,0.8543491789337013,0.9999999999999998,2.220446049250313e-16,1.0,4.019411871319779
sc_1886347_0130,4621,2,1.014057571211492,1.15448098909037,1.0,0.0,1.0,4.019411871319779
sc_1886347_0130,4621,3,1.195699377389501,1.2511146888073859,0.9999999999999999,1.1102230246251565e-16,1.0,4.019411871319779
sc_1886347_0130,4621,4,1.2569214467061056,1.3229730377995108,1.0000000000000002,2.220446049250313e-16,1.0000000000000002,4.019411871319779
sc_1886347_0130,4621,5,1.3345245819088825,1.4877352506305659,0.9999999999999999,1.1102230246251565e-16,1.0,4.019411871319779
sc_1886347_0131,4654,0,0.0,0.34952457235840617,0.9999999999999998,2.220446049250313e-16,1.0,3.978058363759969
sc_1886347_0131,4654,1,0.5441345120057406,0.9415719708991109,1.0,0.0,1.0,3.978058363759969
sc_1886347_0131,4654,2,0.9560634820366604,1.1335900247822306,1.0,0.0,1.0,3.978058363759969
sc_1886347_0131,4654,3,1.156753856268523,1.2166696656670961,0.9999999999999999,1.1102230246251565e-16,1.0,3.978058363759969
sc_1886347_0131,4654,4,1.2660041551842411,1.3084346757435672,0.9999999999999999,1.1102230246251565e-16,1.0,3.978058363759969
sc_1886347_0131,4654,5,1.3613283863747454,1.4817784190730436,1.0,0.0,1.0,3.978058363759969
sc_1886347_0132,4686,0,-4.440892098500626e-16,0.3424511223535014,0.9999999999999998,2.220446049250313e-16,1.0,3.9061218845441785
sc_1886347_0132,4686,1,0.507891746474319,0.8549801150149716,1.0,0.0,1.0,3.9061218845441785
sc_1886347_0132,4686,2,0.9652675603570425,1.1446996475638982,1.0,0.0,1.0,3.9061218845441785
sc_1886347_0132,4686,3,1.1790099717731768,1.2576233010574185,0.9999999999999999,1.1102230246251565e-16,1.0,3.9061218845441785
sc_1886347_0132,4686,4,1.287652969903017,1.325927238195124,1.0,0.0,1.0,3.9061218845441785
sc_1886347_0132,4686,5,1.3442370851772187,1.4849283997026164,1.0,0.0,1.0,3.9061218845441785
sc_1886347_0133,4719,0,-6.661338147750939e-16,0.2691684985506759,1.0,0.0,1.0,3.7851666781233453
sc_1886347_0133,4719,1,0.45195587479847243,0.8779321543960836,1.0,0.0,1.0,3.7851666781233453
sc_1886347_0133,4719,2,0.9651309472786448,1.142381221378413,1.0,0.0,1.0,3.7851666781233453
sc_1886347_0133,4719,3,1.192295860829254,1.2873283378180027,0.9999999999999999,1.1102230246251565e-16,1.0,3.7851666781233453
sc_1886347_0133,4719,4,1.295677059957983,1.3330914435331123,1.0000000000000002,2.220446049250313e-16,0.9999999999999999,3.7851666781233453
sc_1886347_0133,4719,5,1.3669379953732583,1.4906470591659,0.9999999999999998,2.220446049250313e-16,1.0,3.7851666781233453
sc_1886347_0134,4752,0,2.220446049250313e-16,0.2601940250237371,0.9999999999999999,1.1102230246251565e-16,1.0,3.8400200769535937
sc_1886347_0134,4752,1,0.476293871751055,0.8542453921894849,1.0,0.0,1.0,3.8400200769535937
sc_1886347_0134,4752,2,0.9955527170791794,1.1544940801894539,1.0,0.0,1.0,3.8400200769535937
sc_1886347_0134,4752,3,1.1785694463883005,1.2543760365357366,1.0,0.0,1.0,3.8400200769535937
sc_1886347_0134,4752,4,1.3065780092369474,1.3524499079087189,1.0,0.0,0.9999999999999999,3.8400200769535937
sc_1886347_0134,4752,5,1.3666784556508633,1.4786597473495464,0.9999999999999999,1.1102230246251565e-16,1.0,3.8400200769535937
sc_1886347_0135,4785,0,-4.440892098500626e-16,0.19258841719989928,1.0,0.0,1.0,3.7440360123764806
sc_1886347_0135,4785,1,0.5641768432213461,0.871848361520463,0.9999999999999998,2.220446049250313e-16,1.0,3.7440360123764806
sc_1886347_0135,4785,2,0.9636789155004323,1.1184842242253379,1.0000000000000002,2.220446049250313e-16,1.0,3.7440360123764806
sc_1886347_0135,4785,3,1.217346996342674,1.2459626235175079,0.9999999999999999,1.1102230246251565e-16,1.0,3.7440360123764806
sc_1886347_0135,4785,4,1.2635543882396671,1.3443694220982254,1.0,0.0,1.0,3.7440360123764806
sc_1886347_0135,4785,5,1.370824397469279,1.5196653247975926,0.9999999999999998,2.220446049250313e-16,1.0,3.7440360123764806
sc_1886347_0136,4817,0,6.661338147750939e-16,0.23854451333865878,1.0,0.0,1.0,3.8680831280395096
sc_1886347_0136,4817,1,0.5209982759760575,0.9572436526835055,1.0,0.0,1.0,3.8680831280395096
sc_1886347_0136,4817,2,0.9731476227364904,1.1410641832670905,1.0,0.0,1.0,3.8680831280395096
sc_1886347_0136,4817,3,1.1909041560026135,1.2329050537050636,0.9999999999999999,1.1102230246251565e-16,1.0,3.8680831280395096
sc_1886347_0136,4817,4,1.2914984609246654,1.344678888173492,0.9999999999999998,2.220446049250313e-16,1.0,3.8680831280395096
sc_1886347_0136,4817,5,1.360787699008959,1.4685847185205012,1.0,0.0,1.0,3.8680831280395096
sc_1886347_0137,4850,0,2.220446049250313e-16,0.2788881899383451,1.0,0.0,1.0,3.865453343703803
sc_1886347_0137,4850,1,0.41965833187676616,0.8447902329904808,0.9999999999999998,2.220446049250313e-16,1.0,3.865453343703803
sc_1886347_0137,4850,2,0.9807052694748728,1.1469900123092998,1.0,0.0,1.0,3.865453343703803
sc_1886347_0137,4850,3,1.2196085637491183,1.2432884414266083,1.0,0.0,1.0,3.865453343703803
sc_1886347_0137,4850,4,1.2742949775991887,1.3318647788944564,1.0,0.0,0.9999999999999999,3.865453343703803
sc_1886347_0137,4850,5,1.3660229774005783,1.5321378576855837,1.0,0.0,1.0,3.865453343703803
sc_1886347_0138,4883,0,4.440892098500626e-16,0.30673807950509047,0.9999999999999998,2.220446049250313e-16,1.0,3.8783671775226636
sc_1886347_0138,4883,1,0.49545272737994317,0.796392294116688,1.0,0.0,1.0,3.8783671775226636
sc_1886347_0138,4883,2,0.9988071415774182,1.114828690687494,0.9999999999999997,3.3306690738754696e-16,1.0,3.8783671775226636
sc_1886347_0138,4883,3,1.182602219950726,1.266919677517246,1.0,0.0,1.0,3.8783671775226636
sc_1886347_0138,4883,4,1.2865104223648818,1.3219767861264438,0.9999999999999999,1.1102230246251565e-16,1.0,3.8783671775226636
sc_1886347_0138,4883,5,1.3784901071771256,1.5044960480063627,1.0,0.0,1.0,3.8783671775226636
sc_1886347_0139,5022,0,6.661338147750939e-16,0.36790529779504055,0.9999999999999998,2.220446049250313e-16,1.0,3.7697011835355774
sc_1886347_0139,5022,1,0.5135662737676916,0.8464748564815553,1.0,0.0,1.0,3.7697011835355774
sc_1886347_0139,5022,2,0.9512579199873687,1.1527193632494406,1.0,0.0,1.0,3.7697011835355774
sc_1886347_0139,5022,3,1.2062966516335822,1.2580445426096398,0.9999999999999998,2.220446049250313e-16,1.0,3.7697011835355774
sc_1886347_0139,5022,4,1.2669114862747408,1.3180995830119935,0.9999999999999999,1.1102230246251565e-16,1.0,3.7697011835355774
sc_1886347_0139,5022,5,1.3859172004724751,1.5136699324746283,0.9999999999999999,1.1102230246251565e-16,1.0,3.7697011835355774
sc_1886347_0140,5055,0,-4.440892098500626e-16,0.3593223124010183,0.9999999999999999,1.1102230246251565e-16,1.0,3.8606189456798257
sc_1886347_0140,5055,1,0.6029090982337045,0.8641073242142024,1.0,0.0,1.0,3.8606189456798257
sc_1886347_0140,5055,2,0.954745263781521,1.172646117340574,1.0,0.0,1.0,3.8606189456798257
sc_1886347_0140,5055,3,1.1906345150452728,1.2116585776942768,1.0,0.0,1.0,3.8606189456798257
sc_1886347_0140,5055,4,1.2478068882570317,1.357487817284975,1.0,0.0,1.0,3.8606189456798257
sc_1886347_0140,5055,5,1.3614719449084152,1.4584078926995523,0.9999999999999999,1.1102230246251565e-16,1.0,3.8606189456798257
sc_1886347_0141,5088,0,4.440892098500626e-16,0.4322136189171515,1.0,0.0,1.0,3.9213732015889766
sc_1886347_0141,5088,1,0.5651136134601388,0.7935667113095578,1.0,0.0,1.0,3.9213732015889766
sc_1886347_0141,5088,2,0.9328449414780833,1.112105878514057,0.9999999999999999,1.1102230246251565e-16,1.0000000000000002,3.9213732015889766
sc_1886347_0141,5088,3,1.119917444424723,1.2416974267148875,1.0,0.0,1.0,3.9213732015889766
sc_1886347_0141,5088,4,1.2421945478300835,1.350138180070731,1.0,0.0,1.0,3.9213732015889766
sc_1886347_0141,5088,5,1.377535731644309,1.508241859395906,1.0,0.0,1.0,3.9213732015889766
sc_1886347_0142,5120,0,-6.661338147750939e-16,0.38625421000757476,1.0,0.0,1.0,3.777963055313556
sc_1886347_0142,5120,1,0.5209665267638821,0.821051784156513,1.0,0.0,1.0,3.777963055313556
sc_1886347_0142,5120,2,0.9073525434074959,1.1181360986352848,0.9999999999999998,2.220446049250313e-16,1.0,3.777963055313556
sc_1886347_0142,5120,3,1.1631369404098943,1.2087100958273047,0.9999999999999999,1.1102230246251565e-16,1.0,3.777963055313556
sc_1886347_0142,5120,4,1.2543871531806217,1.339006133489137,0.9999999999999999,1.1102230246251565e-16,1.0,3.777963055313556
sc_1886347_0142,5120,5,1.4226813514245675,1.5240266138918201,1.0,0.0,1.0,3.777963055313556
sc_1886347_0143,5153,0,0.0,0.33337089109495377,1.0,0.0,1.0,3.996107822927138
sc_1886347_0143,5153,1,0.5008939977401534,0.8641096168549134,1.0,0.0,0.9999999999999999,3.996107822927138
sc_1886347_0143,5153,2,0.8972246096352606,1.1393904121052914,1.0,0.0,1.0,3.996107822927138
sc_1886347_0143,5153,3,1.161748400812583,1.2657393217503738,1.0,0.0,1.0,3.996107822927138
sc_1886347_0143,5153,4,1.2893463629638362,1.3134625217256661,1.0000000000000002,2.220446049250313e-16,1.0,3.996107822927138
sc_1886347_0143,5153,5,1.352241160783753,1.4484898750701312,0.9999999999999999,1.1102230246251565e-16,1.0,3.996107822927138
sc_1886347_0144,5186,0,0.0,0.27472887126118417,1.0,0.0,1.0,3.9941358761769465
sc_1886347_0144,5186,1,0.5278757661124452,0.772431287429803,0.9999999999999999,1.1102230246251565e-16,1.0,3.9941358761769465
sc_1886347_0144,5186,2,0.9094892366854076,1.1632158853230172,1.0,0.0,1.0,3.9941358761769465
sc_1886347_0144,5186,3,1.1845217808019188,1.2174211624769915,0.9999999999999999,1.1102230246251565e-16,1.0,3.9941358761769465
sc_1886347_0144,5186,4,1.3002117470471042,1.3424250626843635,0.9999999999999999,1.1102230246251565e-16,1.0,3.9941358761769465
sc_1886347_0144,5186,5,1.3810973758104423,1.4392692916050256,0.9999999999999999,1.1102230246251565e-16,1.0,3.9941358761769465
sc_1886347_0145,5219,0,2.220446049250313e-16,0.2730359066333632,1.0,0.0,1.0,3.6481942483899
sc_1886347_0145,5219,1,0.5008570396107346,0.7619821511954213,0.9999999999999999,1.1102230246251565e-16,1.0,3.6481942483899
sc_1886347_0145,5219,2,0.8920009526762268,1.1947806962122756,0.9999999999999998,2.220446049250313e-16,1.0000000000000002,3.6481942483899
sc_1886347_0145,5219,3,1.2115637085833226,1.274353944644667,0.9999999999999999,1.1102230246251565e-16,1.0,3.6481942483899
sc_1886347_0145,5219,4,1.3080930350152067,1.3478310958626765,1.0,0.0,1.0,3.6481942483899
sc_1886347_0145,5219,5,1.3531216578425995,1.5185386672538532,0.9999999999999999,1.1102230246251565e-16,1.0,3.6481942483899
sc_1886347_0146,5251,0,-4.440892098500626e-16,0.1718602669428413,1.0000000000000002,2.220446049250313e-16,1.0,3.9466893117413333
sc_1886347_0146,5251,1,0.5177928333654193,0.8678790748727924,1.0,0.0,1.0,3.9466893117413333
sc_1886347_0146,5251,2,1.0049469942261609,1.1529496662314038,1.0,0.0,1.0,3.9466893117413333
sc_1886347_0146,5251,3,1.2211895491682057,1.2468728641800286,1.0,0.0,1.0,3.9466893117413333
sc_1886347_0146,5251,4,1.2538773474975686,1.3125728595743709,1.0,0.0,1.0,3.9466893117413333
sc_1886347_0146,5251,5,1.370712111524208,1.4706879575958647,0.9999999999999999,1.1102230246251565e-16,1.0,3.9466893117413333
sc_1886347_0147,5284,0,6.661338147750939e-16,0.23619965156899259,1.0,0.0,1.0,4.182645375647658
sc_1886347_0147,5284,1,0.6476610139751136,0.9062823749313624,0.9999999999999998,2.220446049250313e-16,1.0000000000000002,4.182645375647658
sc_1886347_0147,5284,2,1.0086952148378059,1.1625397062688296,1.0,0.0,1.0000000000000002,4.182645375647658
sc_1886347_0147,5284,3,1.198269172397978,1.2343825662501016,0.9999999999999998,2.220446049250313e-16,1.0,4.182645375647658
sc_1886347_0147,5284,4,1.2788348273049408,1.3004569744744343,1.0,0.0,0.9999999999999998,4.182645375647658
sc_1886347_0147,5284,5,1.3223125885143439,1.4124139277031462,1.0,0.0,1.0,4.182645375647658
sc_1886347_0148,5317,0,6.661338147750939e-16,0.26309495444495545,0.9999999999999999,1.1102230246251565e-16,1.0,4.024002068778223
sc_1886347_0148,5317,1,0.6214226763115029,0.9035456082324671,1.0,0.0,1.0,4.024002068778223
sc_1886347_0148,5317,2,0.9939387818670201,1.0969194939881521,1.0,0.0,1.0,4.024002068778223
sc_1886347_0148,5317,3,1.1751914170647266,1.2195004377814043,1.0,0.0,1.0,4.024002068778223
sc_1886347_0148,5317,4,1.245518819923263,1.316005469006397,1.0,0.0,1.0,4.024002068778223
sc_1886347_0148,5317,5,1.3803329126674484,1.4441608860973931,1.0,0.0,1.0,4.024002068778223
sc_1886347_0149,5349,0,-4.440892098500626e-16,0.2200078354663979,1.0000000000000002,2.220446049250313e-16,1.0,4.149280933827344
sc_1886347_0149,5349,1,0.5990723387474155,0.8772020510674675,0.9999999999999999,1.1102230246251565e-16,1.0,4.149280933827344
sc_1886347_0149,5349,2,1.0251635628869706,1.1125650254240513,0.9999999999999999,1.1102230246251565e-16,0.9999999999999999,4.149280933827344
sc_1886347_0149,5349,3,1.1664828851088231,1.224166693869945,0.9999999999999998,2.220446049250313e-16,1.0,4.149280933827344
sc_1886347_0149,5349,4,1.2532016106801596,1.3189538494640543,0.9999999999999999,1.1102230246251565e-16,1.0,4.149280933827344
sc_1886347_0149,5349,5,1.3353216995536947,1.4663320392234367,1.0,0.0,1.0,4.149280933827344
sc_1886347_0150,5382,0,0.0,0.23102206364188094,0.9999999999999999,1.1102230246251565e-16,1.0,3.7824481933923075
sc_1886347_0150,5382,1,0.5080965982578324,0.9508704530220333,0.9999999999999999,1.1102230246251565e-16,1.0,3.7824481933923075
sc_1886347_0150,5382,2,0.9765683017253469,1.1216001782405398,1.0,0.0,1.0,3.7824481933923075
sc_1886347_0150,5382,3,1.168700508776651,1.2401819752052419,0.9999999999999999,1.1102230246251565e-16,1.0,3.7824481933923075
sc_1886347_0150,5382,4,1.2696002217457392,1.347479166855755,0.9999999999999999,1.1102230246251565e-16,1.0,3.7824481933923075
sc_1886347_0150,5382,5,1.3667113958316717,1.4798789331581172,1.0,0.0,1.0,3.7824481933923075
sc_1886347_0151,5415,0,4.440892098500626e-16,0.21951246091628152,1.0,0.0,1.0,4.078996453327133
sc_1886347_0151,5415,1,0.6244408371166013,0.8562491091029346,1.0,0.0,0.9999999999999999,4.078996453327133
sc_1886347_0151,5415,2,0.9941283905685054,1.154116883628141,1.0,0.0,0.9999999999999999,4.078996453327133
sc_1886347_0151,5415,3,1.1823724391987749,1.2400828988555792,1.0,0.0,1.0,4.078996453327133
sc_1886347_0151,5415,4,1.2895205078566325,1.3213161996937477,1.0,0.0,1.0,4.078996453327133
sc_1886347_0151,5415,5,1.3288799594938128,1.4687901200659825,0.9999999999999998,2.220446049250313e-16,1.0,4.078996453327133
sc_1886347_0152,5447,0,2.220446049250313e-16,0.2278503652792756,1.0,0.0,1.0,3.9229932567730623
sc_1886347_0152,5447,1,0.626840690915831,0.9277954013695834,1.0,0.0,0.9999999999999999,3.9229932567730623
sc_1886347_0152,5447,2,0.9671091942992524,1.1539398589009824,0.9999999999999999,1.1102230246251565e-16,1.0,3.9229932567730623
sc_1886347_0152,5447,3,1.1825222506106035,1.218602869517984,0.9999999999999999,1.1102230246251565e-16,1.0,3.9229932567730623
sc_1886347_0152,5447,4,1.227826458425875,1.312195181187356,1.0,0.0,1.0,3.9229932567730623
sc_1886347_0152,5447,5,1.345894073303549,1.5090758746933217,1.0,0.0,1.0,3.9229932567730623
sc_1886347_0153,5480,0,6.661338147750939e-16,0.2203167530539918,1.0,0.0,1.0,3.7725134285503223
sc_1886347_0153,5480,1,0.46888449827422196,0.8801697811973723,1.0,0.0,1.0,3.7725134285503223
sc_1886347_0153,5480,2,0.9807156941975991,1.1587655774856045,1.0000000000000002,2.220446049250313e-16,1.0,3.7725134285503223
sc_1886347_0153,5480,3,1.2046190600360849,1.2505612748756576,1.0000000000000002,2.220446049250313e-16,1.0,3.7725134285503223
sc_1886347_0153,5480,4,1.2723228828374198,1.3310814092448056,1.0,0.0,1.0,3.7725134285503223
sc_1886347_0153,5480,5,1.3722938099787458,1.5046652017566275,1.0,0.0,1.0,3.7725134285503223
sc_1886347_0154,5513,0,1.1102230246251565e-15,0.3209782277480737,1.0,0.0,1.0,4.050250767164998
sc_1886347_0154,5513,1,0.36052397138753633,0.9035562196679799,1.0,0.0,0.9999999999999999,4.050250767164998
sc_1886347_0154,5513,2,1.0548604999546936,1.2254656655964684,0.9999999999999997,3.3306690738754696e-16,1.0,4.050250767164998
sc_1886347_0154,5513,3,1.2428751329636007,1.258357983164277,1.0000000000000002,2.220446049250313e-16,1.0,4.050250767164998
sc_1886347_0154,5513,4,1.2608269255685505,1.2916990087302163,1.0,0.0,1.0,4.050250767164998
sc_1886347_0154,5513,5,1.339782560950847,1.525832965524544,0.9999999999999999,1.1102230246251565e-16,1.0,4.050250767164998
sc_1886347_0155,5545,0,-2.220446049250313e-16,0.35336824928096955,1.0,0.0,1.0,4.190802459361952
sc_1886347_0155,5545,1,0.5356031322152892,0.8263390127890009,1.0,0.0,1.0,4.190802459361952
sc_1886347_0155,5545,2,0.9924453362995024,1.1681044758387005,1.0,0.0,1.0,4.190802459361952
sc_1886347_0155,5545,3,1.2052554478356987,1.2254127904721226,0.9999999999999999,1.1102230246251565e-16,1.0,4.190802459361952
sc_1886347_0155,5545,4,1.2484483479325492,1.303622026891801,1.0,0.0,1.0,4.190802459361952
sc_1886347_0155,5545,5,1.3454739545331653,1.4534802480239073,1.0,0.0,1.0,4.190802459361952
sc_1886347_0156,5578,0,6.661338147750939e-16,0.3437868975656124,0.9999999999999999,1.1102230246251565e-16,1.0,4.217274982066948
sc_1886347_0156,5578,1,0.608327210912131,0.8003578585498341,0.9999999999999998,2.220446049250313e-16,1.0000000000000002,4.217274982066948
sc_1886347_0156,5578,2,0.9515070833298186,1.1452599878737408,1.0,0.0,1.0,4.217274982066948
sc_1886347_0156,5578,3,1.1578198996140272,1.2316992591777596,1.0,0.0,1.0,4.217274982066948
sc_1886347_0156,5578,4,1.234426721419148,1.322049605151865,0.9999999999999999,1.1102230246251565e-16,1.0,4.217274982066948
sc_1886347_0156,5578,5,1.3544606177411458,1.5299978219081067,0.9999999999999999,1.1102230246251565e-16,1.0,4.217274982066948
sc_1886347_0157,5768,0,4.440892098500626e-16,0.28244181341145325,1.0,0.0,1.0,4.0675439813819265
sc_1886347_0157,5768,1,0.5433034713438357,0.7733797392528361,0.9999999999999998,2.220446049250313e-16,1.0,4.0675439813819265
sc_1886347_0157,5768,2,0.9822374314785549,1.1295862337586877,1.0,0.0,1.0,4.0675439813819265
sc_1886347_0157,5768,3,1.160162742536902,1.25625418369882,1.0000000000000002,2.220446049250313e-16,1.0,4.0675439813819265
sc_1886347_0157,5768,4,1.2740273207407735,1.329515762521712,1.0,0.0,1.0,4.0675439813819265
sc_1886347_0157,5768,5,1.3750134035630301,1.5208230697651064,0.9999999999999999,1.1102230246251565e-16,1.0,4.0675439813819265
sc_1886347_0158,5801,0,-6.661338147750939e-16,0.12244445235212464,0.9999999999999999,1.1102230246251565e-16,1.0,3.6018728589600206
sc_1886347_0158,5801,1,0.45893909212321904,0.9250974889215094,0.9999999999999999,1.1102230246251565e-16,1.0,3.6018728589600206
sc_1886347_0158,5801,2,0.9727855344688114,1.1609790034789835,1.0,0.0,1.0,3.6018728589600206
sc_1886347_0158,5801,3,1.2061046198998886,1.2477849260478415,0.9999999999999999,1.1102230246251565e-16,1.0,3.6018728589600206
sc_1886347_0158,5801,4,1.2636376293814517,1.3249313668650176,1.0,0.0,1.0,3.6018728589600206
sc_1886347_0158,5801,5,1.3736835828158185,1.4976435436157602,1.0,0.0,1.0,3.6018728589600206
sc_1886347_0159,5833,0,0.0,0.27739911374138093,0.9999999999999999,1.1102230246251565e-16,1.0,3.627552153402429
sc_1886347_0159,5833,1,0.3817552774458757,0.8807633059221478,0.9999999999999998,2.220446049250313e-16,1.0,3.627552153402429
sc_1886347_0159,5833,2,0.9742119689413165,1.174545605842213,1.0,0.0,1.0,3.627552153402429
sc_1886347_0159,5833,3,1.1999259082830065,1.2518354598511559,1.0000000000000002,2.220446049250313e-16,1.0,3.627552153402429
sc_1886347_0159,5833,4,1.2805552430051041,1.307470558544988,1.0,0.0,1.0,3.627552153402429
sc_1886347_0159,5833,5,1.3616504672850755,1.5243867293484152,1.0000000000000002,2.220446049250313e-16,1.0,3.627552153402429
sc_1886347_0160,5866,0,6.661338147750939e-16,0.31995405725924986,0.9999999999999999,1.1102230246251565e-16,1.0,3.7203205290119046
sc_1886347_0160,5866,1,0.45534780165383015,0.9033541739605699,0.9999999999999998,2.220446049250313e-16,1.0,3.7203205290119046
sc_1886347_0160,5866,2,0.9517936105375517,1.1314900064720688,1.0,0.0,1.0,3.7203205290119046
sc_1886347_0160,5866,3,1.1713193492593073,1.2445034379963276,1.0,0.0,1.0,3.7203205290119046
sc_1886347_0160,5866,4,1.2704609530433622,1.3465735614182142,1.0000000000000002,2.220446049250313e-16,0.9999999999999999,3.7203205290119046
sc_1886347_0160,5866,5,1.3882635570412967,1.5198773697701247,1.0,0.0,1.0,3.7203205290119046
sc_1886347_0161,5899,0,8.881784197001252e-16,0.3323467775998954,1.0,0.0,1.0,3.6842102252688145
sc_1886347_0161,5899,1,0.5015066159718624,0.8891842697945054,0.9999999999999999,1.1102230246251565e-16,1.0,3.6842102252688145
sc_1886347_0161,5899,2,0.9230706333237392,1.1510107333304886,1.0,0.0,0.9999999999999999,3.6842102252688145
sc_1886347_0161,5899,3,1.180664353558591,1.238365959686078,0.9999999999999999,1.1102230246251565e-16,1.0,3.6842102252688145
sc_1886347_0161,5899,4,1.251668667201241,1.3338576410278777,1.0,0.0,0.9999999999999999,3.6842102252688145
sc_1886347_0161,5899,5,1.3733652756698802,1.5290870261271028,0.9999999999999999,1.1102230246251565e-16,1.0,3.6842102252688145
sc_1886347_0162,5931,0,2.220446049250313e-16,0.33179781043456047,1.0,0.0,1.0,3.9273577807664113
sc_1886347_0162,5931,1,0.5592077900762097,0.9061428449359952,0.9999999999999999,1.1102230246251565e-16,1.0,3.9273577807664113
sc_1886347_0162,5931,2,0.9547000280533573,1.1637745190962179,1.0,0.0,1.0,3.9273577807664113
sc_1886347_0162,5931,3,1.1821954994912067,1.219777531893125,0.9999999999999999,1.1102230246251565e-16,1.0,3.9273577807664113
sc_1886347_0162,5931,4,1.2239350133222429,1.2889035212978257,1.0,0.0,0.9999999999999999,3.9273577807664113
sc_1886347_0162,5931,5,1.3488683615947787,1.497312970692884,1.0,0.0,1.0,3.9273577807664113
sc_1886347_0163,5964,0,6.661338147750939e-16,0.3013910565558795,1.0,0.0,1.0,3.9292940545624653
sc_1886347_0163,5964,1,0.5683436895963305,0.9056547984479533,1.0,0.0,1.0,3.9292940545624653
sc_1886347_0163,5964,2,0.961666619361725,1.1551409472111345,1.0,0.0,1.0000000000000002,3.9292940545624653
sc_1886347_0163,5964,3,1.1731588018723882,1.2530865962262325,0.9999999999999999,1.1102230246251565e-16,1.0,3.9292940545624653
sc_1886347_0163,5964,4,1.2705788411326182,1.2946939203011307,0.9999999999999998,2.220446049250313e-16,1.0,3.9292940545624653
sc_1886347_0163,5964,5,1.3458805546836332,1.5130874943985413,1.0,0.0,1.0,3.9292940545624653
sc_1886347_0164,5997,0,2.220446049250313e-16,0.418322625300922,0.9999999999999998,2.220446049250313e-16,1.0,4.002648964437921
sc_1886347_0164,5997,1,0.4848536687771583,0.8982473793089135,0.9999999999999998,2.220446049250313e-16,1.0,4.002648964437921
sc_1886347_0164,5997,2,0.9357381678333752,1.1282918361762515,0.9999999999999998,2.220446049250313e-16,1.0,4.002648964437921
sc_1886347_0164,5997,3,1.1954752737228687,1.2440297277835803,1.0,0.0,1.0,4.002648964437921
sc_1886347_0164,5997,4,1.2709716339443284,1.3079605715853027,1.0,0.0,1.0,4.002648964437921
sc_1886347_0164,5997,5,1.3466190619741867,1.4709643467582307,1.0,0.0,1.0,4.002648964437921
sc_1886347_0165,6029,0,6.661338147750939e-16,0.3971534804796084,1.0,0.0,1.0,3.918971153183776
sc_1886347_0165,6029,1,0.46077772260437744,0.8202060374177729,1.0,0.0,1.0,3.918971153183776
sc_1886347_0165,6029,2,0.9809902311944889,1.1434022751577666,1.0000000000000002,2.220446049250313e-16,1.0,3.918971153183776
sc_1886347_0165,6029,3,1.1528017263136812,1.2365137409985758,1.0,0.0,1.0,3.918971153183776
sc_1886347_0165,6029,4,1.2452623827590905,1.3192623039453106,1.0,0.0,1.0,3.918971153183776
sc_1886347_0165,6029,5,1.3689310168174826,1.5122212790538947,0.9999999999999999,1.1102230246251565e-16,1.0,3.918971153183776
sc_1886347_0166,6062,0,6.661338147750939e-16,0.43255354211474284,1.0,0.0,1.0,3.910509355083806
sc_1886347_0166,6062,1,0.5186534958037938,0.8857503661228067,1.0,0.0,1.0,3.910509355083806
sc_1886347_0166,6062,2,0.9120766088857543,1.1356098580574874,0.9999999999999998,2.220446049250313e-16,1.0,3.910509355083806
sc_1886347_0166,6062,3,1.1685468592286754,1.24820654380585,1.0,0.0,1.0,3.910509355083806
sc_1886347_0166,6062,4,1.2612592814990622,1.3252554106192402,0.9999999999999998,2.220446049250313e-16,1.0,3.910509355083806
sc_1886347_0166,6062,5,1.333866951983797,1.4983825731661486,1.0,0.0,1.0,3.910509355083806
sc_1886347_0167,6095,0,-4.440892098500626e-16,0.40111542637122244,0.9999999999999999,1.1102230246251565e-16,1.0,4.19747594543775
sc_1886347_0167,6095,1,0.5723437799883084,0.8975494317182924,1.0000000000000002,2.220446049250313e-16,1.0,4.19747594543775
sc_1886347_0167,6095,2,0.928709414806444,1.1401056441194641,1.0,0.0,1.0,4.19747594543775
sc_1886347_0167,6095,3,1.162465531597215,1.258411221640031,1.0000000000000002,2.220446049250313e-16,1.0,4.19747594543775
sc_1886347_0167,6095,4,1.2635344963320416,1.3013634664586025,0.9999999999999999,1.1102230246251565e-16,1.0,4.19747594543775
sc_1886347_0167,6095,5,1.3403261556852315,1.5019588760173612,1.0,0.0,1.0,4.19747594543775
sc_1886347_0168,6128,0,6.661338147750939e-16,0.3328511127924709,0.9999999999999999,1.1102230246251565e-16,1.0,4.000887164799366
sc_1886347_0168,6128,1,0.5665184512771761,0.9340368393952038,1.0,0.0,1.0,4.000887164799366
sc_1886347_0168,6128,2,0.9922868557017995,1.0969604498652084,1.0,0.0,1.0,4.000887164799366
sc_1886347_0168,6128,3,1.1827272100500976,1.2226112910277742,1.0,0.0,1.0,4.000887164799366
sc_1886347_0168,6128,4,1.2400046879509792,1.332877227124884,1.0000000000000002,2.220446049250313e-16,1.0,4.000887164799366
sc_1886347_0168,6128,5,1.3672237150290552,1.4721243941093416,1.0,0.0,1.0,4.000887164799366
sc_1886347_0169,6160,0,1.1102230246251565e-15,0.4330537699906558,1.0,0.0,1.0,3.9976481214807293
sc_1886347_0169,6160,1,0.6123857533368875,0.8039546021114771,1.0000000000000002,2.220446049250313e-16,1.0,3.9976481214807293
sc_1886347_0169,6160,2,0.9451640246391971,1.1506323747967386,1.0000000000000002,2.220446049250313e-16,1.0,3.9976481214807293
sc_1886347_0169,6160,3,1.1894071828801052,1.2308387944846144,0.9999999999999999,1.1102230246251565e-16,1.0,3.9976481214807293
sc_1886347_0169,6160,4,1.2561636950926989,1.3057940674328414,1.0,0.0,1.0,3.9976481214807293
sc_1886347_0169,6160,5,1.3397364154726612,1.5301869194679063,0.9999999999999999,1.1102230246251565e-16,1.0,3.9976481214807293
sc_1886347_0170,6193,0,8.881784197001252e-16,0.45129039314264774,1.0,0.0,1.0,4.1336304713135
sc_1886347_0170,6193,1,0.5508372268850315,0.8760836884788266,1.0,0.0,0.9999999999999998,4.1336304713135
sc_1886347_0170,6193,2,0.9893192096682677,1.1457489388436937,0.9999999999999999,1.1102230246251565e-16,1.0000000000000002,4.1336304713135
sc_1886347_0170,6193,3,1.1757555975210667,1.191962236957962,1.0,0.0,1.0,4.1336304713135
sc_1886347_0170,6193,4,1.2706437028056006,1.3334295696324345,1.0,0.0,1.0,4.1336304713135
sc_1886347_0170,6193,5,1.3532193041433116,1.5173154890174205,0.9999999999999999,1.1102230246251565e-16,1.0,4.1336304713135
sc_1886347_0171,6226,0,2.220446049250313e-16,0.3938594770611228,1.0,0.0,1.0,3.733169207030418
sc_1886347_0171,6226,1,0.5079451107010116,0.8447186711741254,0.9999999999999998,2.220446049250313e-16,1.0,3.733169207030418
sc_1886347_0171,6226,2,0.898577918689269,1.124653364038568,1.0000000000000002,2.220446049250313e-16,1.0,3.733169207030418
sc_1886347_0171,6226,3,1.215436233408856,1.2679099395303308,1.0,0.0,1.0,3.733169207030418
sc_1886347_0171,6226,4,1.3005309520486392,1.3332833437393603,1.0,0.0,1.0000000000000002,3.733169207030418
sc_1886347_0171,6226,5,1.3394409776844527,1.5182500958634506,1.0,0.0,1.0,3.733169207030418
sc_1886347_0172,6258,0,6.661338147750939e-16,0.2878873474877781,1.0,0.0,1.0,3.8158378849669488
sc_1886347_0172,6258,1,0.5104120185751622,0.8169568432080646,1.0,0.0,0.9999999999999999,3.8158378849669488
sc_1886347_0172,6258,2,0.9837125240585002,1.121786622808094,1.0,0.0,0.9999999999999999,3.8158378849669488
sc_1886347_0172,6258,3,1.159920470767004,1.2537459782714908,0.9999999999999997,3.3306690738754696e-16,1.0,3.8158378849669488
sc_1886347_0172,6258,4,1.2956317130169663,1.3517867675370905,0.9999999999999999,1.1102230246251565e-16,1.0,3.8158378849669488
sc_1886347_0172,6258,5,1.3682035846608789,1.5111535623884906,1.0,0.0,1.0,3.8158378849669488
sc_1886347_0173,6291,0,-2.220446049250313e-16,0.2788030848110663,0.9999999999999998,2.220446049250313e-16,1.0,3.7651006028488503
sc_1886347_0173,6291,1,0.5851345060465931,0.8481768962049121,1.0,0.0,1.0,3.7651006028488503
sc_1886347_0173,6291,2,0.919403920156434,1.1270636164552692,0.9999999999999999,1.1102230246251565e-16,1.0,3.7651006028488503
sc_1886347_0173,6291,3,1.1430313238564935,1.2580303776614863,1.0,0.0,1.0,3.7651006028488503
sc_1886347_0173,6291,4,1.2724358792399317,1.3325845828596887,0.9999999999999999,1.1102230246251565e-16,1.0,3.7651006028488503
sc_1886347_0173,6291,5,1.3690224293421744,1.452960720916224,1.0,0.0,1.0,3.7651006028488503
sc_1886347_0174,6324,0,0.0,0.2975347678117317,0.9999999999999999,1.1102230246251565e-16,1.0,3.9738928125999378
sc_1886347_0174,6324,1,0.5780258499911626,0.9002566006443194,0.9999999999999999,1.1102230246251565e-16,1.0,3.9738928125999378
sc_1886347_0174,6324,2,0.9442887778956084,1.150378243690895,0.9999999999999998,2.220446049250313e-16,1.0,3.9738928125999378
sc_1886347_0174,6324,3,1.1922998000026928,1.249312185298915,1.0,0.0,1.0,3.9738928125999378
sc_1886347_0174,6324,4,1.2720305045685205,1.3145949950698945,1.0,0.0,0.9999999999999999,3.9738928125999378
sc_1886347_0174,6324,5,1.3294274038063605,1.464587362065367,1.0,0.0,1.0,3.9738928125999378
sc_1886347_0175,6356,0,2.220446049250313e-16,0.3636422485138249,1.0,0.0,1.0,3.966213468217957
sc_1886347_0175,6356,1,0.5974421469485914,0.8919051912790991,0.9999999999999999,1.1102230246251565e-16,0.9999999999999998,3.966213468217957
sc_1886347_0175,6356,2,0.9927313483092605,1.1222701706579077,1.0,0.0,1.0,3.966213468217957
sc_1886347_0175,6356,3,1.1715349386478275,1.2338624123495383,1.0,0.0,1.0,3.966213468217957
sc_1886347_0175,6356,4,1.2849133024591006,1.336407555994496,1.0000000000000002,2.220446049250313e-16,1.0,3.966213468217957
sc_1886347_0175,6356,5,1.3442019348044236,1.4869193391955446,0.9999999999999999,1.1102230246251565e-16,1.0,3.966213468217957
sc_1886347_0176,6389,0,2.220446049250313e-16,0.3632508621495061,1.0,0.0,1.0,3.8852861307399045
sc_1886347_0176,6389,1,0.5005821425269081,0.8529625909120824,1.0,0.0,0.9999999999999999,3.8852861307399045
sc_1886347_0176,6389,2,1.0074078050446897,1.1149669408050087,1.0,0.0,1.0000000000000002,3.8852861307399045
sc_1886347_0176,6389,3,1.1956950364365624,1.228260230643864,0.9999999999999999,1.1102230246251565e-16,1.0,3.8852861307399045
sc_1886347_0176,6389,4,1.264361373588261,1.3384054602060618,0.9999999999999999,1.1102230246251565e-16,1.0,3.8852861307399045
sc_1886347_0176,6389,5,1.3698598828456718,1.506351240930357,0.9999999999999997,3.3306690738754696e-16,1.0,3.8852861307399045
sc_1886347_0177,6422,0,6.661338147750939e-16,0.3014709702293432,0.9999999999999998,2.220446049250313e-16,1.0,3.8524626022326602
sc_1886347_0177,6422,1,0.5361252677808646,0.8622405406490257,1.0,0.0,1.0,3.8524626022326602
sc_1886347_0177,6422,2,0.9262486919661477,1.1272970422616488,1.0,0.0,1.0,3.8524626022326602
sc_1886347_0177,6422,3,1.1498284728951622,1.2252927830918827,0.9999999999999999,1.1102230246251565e-16,1.0,3.8524626022326602
sc_1886347_0177,6422,4,1.261160645267523,1.3435562385351585,1.0,0.0,1.0,3.8524626022326602
sc_1886347_0177,6422,5,1.3920262749198211,1.5113703462927657,1.0,0.0,1.0,3.8524626022326602
sc_1886347_0178,6455,0,6.661338147750939e-16,0.21053078204810083,0.9999999999999999,1.1102230246251565e-16,1.0,3.6138250719982894
sc_1886347_0178,6455,1,0.41326320363698454,0.9057649627041852,1.0000000000000002,2.220446049250313e-16,1.0,3.6138250719982894
sc_1886347_0178,6455,2,0.9813621270645805,1.1592513682592414,1.0,0.0,1.0000000000000002,3.6138250719982894
sc_1886347_0178,6455,3,1.181449958136214,1.2395242241673108,1.0,0.0,1.0,3.6138250719982894
sc_1886347_0178,6455,4,1.2962659502692813,1.3318384779306354,1.0,0.0,1.0,3.6138250719982894
sc_1886347_0178,6455,5,1.3660265407264278,1.535049298277495,0.9999999999999997,3.3306690738754696e-16,1.0,3.6138250719982894
sc_1886347_0179,6487,0,6.661338147750939e-16,0.3001083484868301,0.9999999999999998,2.220446049250313e-16,1.0,3.635699944474678
sc_1886347_0179,6487,1,0.4565669514478681,0.8273455947148585,1.0,0.0,1.0,3.635699944474678
sc_1886347_0179,6487,2,0.9248128840076751,1.1275443222849577,0.9999999999999999,1.1102230246251565e-16,1.0,3.635699944474678
sc_1886347_0179,6487,3,1.230719638482531,1.2598184565807342,1.0,0.0,1.0,3.635699944474678
sc_1886347_0179,6487,4,1.3034623544099786,1.3499186786859638,0.9999999999999998,2.220446049250313e-16,1.0,3.635699944474678
sc_1886347_0179,6487,5,1.3864515047595922,1.5331032644819667,1.0000000000000002,2.220446049250313e-16,1.0,3.635699944474678
sc_1886347_0180,6520,0,6.661338147750939e-16,0.26454002666561593,0.9999999999999999,1.1102230246251565e-16,1.0,3.819044079354851
sc_1886347_0180,6520,1,0.5341556402122233,0.8012367621824026,1.0,0.0,1.0,3.819044079354851
sc_1886347_0180,6520,2,0.9224458289903928,1.1221453560936705,0.9999999999999999,1.1102230246251565e-16,1.0,3.819044079354851
sc_1886347_0180,6520,3,1.180934488301714,1.2240281356757454,1.0,0.0,1.0,3.819044079354851
sc_1886347_0180,6520,4,1.2702860513591483,1.3398393991391107,0.9999999999999997,3.3306690738754696e-16,1.0,3.819044079354851
sc_1886347_0180,6520,5,1.3868323089270014,1.5334687416230586,1.0,0.0,1.0,3.819044079354851
sc_1886347_0181,6553,0,1.1102230246251565e-15,0.3002570454025375,0.9999999999999999,1.1102230246251565e-16,1.0,3.851674344697006
sc_1886347_0181,6553,1,0.5857298099446873,0.8348040862153233,0.9999999999999999,1.1102230246251565e-16,0.9999999999999998,3.851674344697006
sc_1886347_0181,6553,2,0.9248127207528107,1.150216491345493,1.0,0.0,1.0,3.851674344697006
sc_1886347_0181,6553,3,1.1617956903672872,1.1996860020302034,0.9999999999999998,2.220446049250313e-16,1.0,3.851674344697006
sc_1886347_0181,6553,4,1.2669776494892764,1.343859539636061,0.9999999999999999,1.1102230246251565e-16,1.0,3.851674344697006
sc_1886347_0181,6553,5,1.3517343084197257,1.5323186885635507,1.0000000000000002,2.220446049250313e-16,1.0,3.851674344697006
sc_1886347_0182,6585,0,4.440892098500626e-16,0.35260470591585813,0.9999999999999999,1.1102230246251565e-16,1.0,3.991347945497303
sc_1886347_0182,6585,1,0.589106623426862,0.8270286764616301,1.0,0.0,0.9999999999999999,3.991347945497303
sc_1886347_0182,6585,2,0.9430469399709516,1.143219494910432,1.0,0.0,1.0,3.991347945497303
sc_1886347_0182,6585,3,1.1852018578058057,1.2076917926706032,1.0,0.0,1.0,3.991347945497303
sc_1886347_0182,6585,4,1.22812884241837,1.3082368928443,1.0,0.0,0.9999999999999999,3.991347945497303
sc_1886347_0182,6585,5,1.3547135458385688,1.4817743238501435,1.0,0.0,1.0,3.991347945497303
sc_1886347_0183,6618,0,2.220446049250313e-16,0.26075617245942606,0.9999999999999999,1.1102230246251565e-16,1.0,3.7698073047615304
sc_1886347_0183,6618,1,0.5051135980587496,0.8327726380839457,1.0,0.0,1.0000000000000002,3.7698073047615304
sc_1886347_0183,6618,2,0.9136527970759559,1.139358742846978,0.9999999999999999,1.1102230246251565e-16,1.0,3.7698073047615304
sc_1886347_0183,6618,3,1.1731094933721757,1.240069910854353,0.9999999999999998,2.220446049250313e-16,1.0,3.7698073047615304
sc_1886347_0183,6618,4,1.288244211673981,1.3286874986349253,1.0000000000000002,2.220446049250313e-16,1.0,3.7698073047615304
sc_1886347_0183,6618,5,1.3509358159171079,1.5380364739030938,1.0000000000000002,2.220446049250313e-16,1.0,3.7698073047615304
sc_1886347_0184,6651,0,6.661338147750939e-16,0.25572231898411024,1.0,0.0,1.0,3.787384419325653
sc_1886347_0184,6651,1,0.4396814190600553,0.8687613753451398,1.0,0.0,1.0,3.787384419325653
sc_1886347_0184,6651,2,1.0110528968634716,1.1436915283965439,1.0,0.0,1.0000000000000002,3.787384419325653
sc_1886347_0184,6651,3,1.1844541159632012,1.2372610255115855,0.9999999999999998,2.220446049250313e-16,1.0,3.787384419325653
sc_1886347_0184,6651,4,1.2795273386187975,1.3006859931197225,1.0,0.0,1.0,3.787384419325653
sc_1886347_0184,6651,5,1.3795959002509708,1.4743470097763918,0.9999999999999998,2.220446049250313e-16,1.0,3.787384419325653
sc_1886347_0185,6683,0,2.220446049250313e-16,0.2747166775751393,0.9999999999999999,1.1102230246251565e-16,1.0,3.8503630745078916
sc_1886347_0185,6683,1,0.5645794592598471,0.8542580480616718,0.9999999999999998,2.220446049250313e-16,0.9999999999999999,3.8503630745078916
sc_1886347_0185,6683,2,0.9558759925104178,1.1145938111826246,0.9999999999999999,1.1102230246251565e-16,1.0,3.8503630745078916
sc_1886347_0185,6683,3,1.1365654333316253,1.2217971904246387,1.0,0.0,1.0,3.8503630745078916
sc_1886347_0185,6683,4,1.2831838843568981,1.3311438216149931,0.9999999999999999,1.1102230246251565e-16,1.0,3.8503630745078916
sc_1886347_0185,6683,5,1.368076276888644,1.5128150911380283,1.0,0.0,1.0,3.8503630745078916
sc_1886347_0186,6716,0,4.440892098500626e-16,0.2888684545294884,0.9999999999999998,2.220446049250313e-16,1.0,3.829114690298236
sc_1886347_0186,6716,1,0.6500661110844476,0.8024225120560862,1.0,0.0,1.0,3.829114690298236
sc_1886347_0186,6716,2,0.8710169930365544,1.1365741924752142,1.0,0.0,1.0000000000000002,3.829114690298236
sc_1886347_0186,6716,3,1.1761605706229967,1.2187477233657613,0.9999999999999999,1.1102230246251565e-16,1.0,3.829114690298236
sc_1886347_0186,6716,4,1.2407012926315186,1.335698584010836,0.9999999999999998,2.220446049250313e-16,0.9999999999999999,3.829114690298236
sc_1886347_0186,6716,5,1.3837708349149178,1.533313938926869,1.0,0.0,1.0,3.829114690298236
sc_1886347_0187,6749,0,1.1102230246251565e-15,0.31208724618116057,1.0000000000000002,2.220446049250313e-16,1.0,3.813697854746219
sc_1886347_0187,6749,1,0.4477426238399531,0.9091443257108422,1.0,0.0,1.0,3.813697854746219
sc_1886347_0187,6749,2,0.936347619149636,1.1199200822610855,0.9999999999999998,2.220446049250313e-16,1.0,3.813697854746219
sc_1886347_0187,6749,3,1.1848936416631755,1.2296494760092196,1.0000000000000002,2.220446049250313e-16,1.0,3.813697854746219
sc_1886347_0187,6749,4,1.257744376120017,1.3234262391263323,1.0,0.0,1.0,3.813697854746219
sc_1886347_0187,6749,5,1.382131556386833,1.4751393853562003,1.0,0.0,1.0,3.813697854746219
sc_1886347_0188,6781,0,2.220446049250313e-16,0.2668377352177871,1.0,0.0,1.0,3.5720214379958906
sc_1886347_0188,6781,1,0.44161541129651916,0.7661382496448278,1.0,0.0,1.0,3.5720214379958906
sc_1886347_0188,6781,2,0.9462468636894422,1.1126223648520162,1.0,0.0,1.0,3.5720214379958906
sc_1886347_0188,6781,3,1.1575496120471809,1.2678689047249394,1.0,0.0,1.0,3.5720214379958906
sc_1886347_0188,6781,4,1.278683957852221,1.3440115393321908,1.0,0.0,1.0,3.5720214379958906
sc_1886347_0188,6781,5,1.389807268784705,1.5481231189063998,1.0,0.0,1.0,3.5720214379958906
sc_1886347_0189,6814,0,8.881784197001252e-16,0.2604272439888464,1.0,0.0,1.0,3.643878618155231
sc_1886347_0189,6814,1,0.40826286409669543,0.8881440531279087,1.0,0.0,1.0,3.643878618155231
sc_1886347_0189,6814,2,0.9356074851385495,1.1737240244252154,1.0,0.0,1.0,3.643878618155231
sc_1886347_0189,6814,3,1.1991510507503127,1.2571725076436975,0.9999999999999999,1.1102230246251565e-16,1.0,3.643878618155231
sc_1886347_0189,6814,4,1.259568813158758,1.3394923825931284,1.0,0.0,1.0,3.643878618155231
sc_1886347_0189,6814,5,1.3729236246504721,1.483076776044719,0.9999999999999999,1.1102230246251565e-16,1.0,3.643878618155231
sc_1886347_0190,6847,0,2.220446049250313e-16,0.3627566233136039,1.0000000000000002,2.220446049250313e-16,1.0,3.9966281666612518
sc_1886347_0190,6847,1,0.5464125568827727,0.8737152179523955,0.9999999999999998,2.220446049250313e-16,1.0,3.9966281666612518
sc_1886347_0190,6847,2,0.983607819283236,1.104355862903774,1.0,0.0,1.0,3.9966281666612518
sc_1886347_0190,6847,3,1.125016412995791,1.2609649356940513,1.0,0.0,1.0,3.9966281666612518
sc_1886347_0190,6847,4,1.2772614956053874,1.3005560850078481,0.9999999999999999,1.1102230246251565e-16,1.0000000000000002,3.9966281666612518
sc_1886347_0190,6847,5,1.3312145936713848,1.4788578947508315,1.0,0.0,1.0,3.9966281666612518
sc_1886347_0191,6880,0,6.661338147750939e-16,0.27897206264362717,1.0000000000000002,2.220446049250313e-16,1.0,3.8141421262926394
sc_1886347_0191,6880,1,0.6204494900790112,0.8779685860435468,1.0,0.0,1.0,3.8141421262926394
sc_1886347_0191,6880,2,0.9396894530497797,1.1093735830600813,1.0,0.0,1.0,3.8141421262926394
sc_1886347_0191,6880,3,1.1522803931384156,1.219381978458167,0.9999999999999999,1.1102230246251565e-16,1.0,3.8141421262926394
sc_1886347_0191,6880,4,1.2486577492117807,1.330186920128086,0.9999999999999999,1.1102230246251565e-16,0.9999999999999999,3.8141421262926394
sc_1886347_0191,6880,5,1.36444979279579,1.4959082464730284,0.9999999999999999,1.1102230246251565e-16,1.0,3.8141421262926394
sc_1886347_0192,6912,0,0.0,0.19681940671143505,1.0,0.0,1.0,3.669622202218472
sc_1886347_0192,6912,1,0.5638516008129438,0.8462372258083092,1.0,0.0,1.0,3.669622202218472
sc_1886347_0192,6912,2,0.9616177766834785,1.1273012979267596,1.0,0.0,1.0000000000000002,3.669622202218472
sc_1886347_0192,6912,3,1.159238190324326,1.2455080565321084,0.9999999999999999,1.1102230246251565e-16,1.0,3.669622202218472
sc_1886347_0192,6912,4,1.2642798391867598,1.3161241070574727,1.0,0.0,1.0,3.669622202218472
sc_1886347_0192,6912,5,1.3579897097046312,1.530312459360523,0.9999999999999999,1.1102230246251565e-16,1.0,3.669622202218472
sc_1886347_0193,6945,0,1.1102230246251565e-15,0.25773448618454453,1.0000000000000002,2.220446049250313e-16,1.0,3.863854155014265
sc_1886347_0193,6945,1,0.5028787477238417,0.8753343514710173,0.9999999999999999,1.1102230246251565e-16,1.0,3.863854155014265
sc_1886347_0193,6945,2,0.9694529023428962,1.1298101600110817,0.9999999999999998,2.220446049250313e-16,1.0,3.863854155014265
sc_1886347_0193,6945,3,1.164379434086431,1.2460423974512194,1.0,0.0,1.0,3.863854155014265
sc_1886347_0193,6945,4,1.2678041232454071,1.3360967743606105,1.0,0.0,1.0,3.863854155014265
sc_1886347_0193,6945,5,1.3603594074116196,1.5271192720823186,0.9999999999999998,2.220446049250313e-16,1.0,3.863854155014265
sc_1886347_0194,6978,0,2.220446049250313e-16,0.26921702942209924,1.0,0.0,1.0,3.7424573378480788
sc_1886347_0194,6978,1,0.5039730568085383,0.7462511870729845,0.9999999999999999,1.1102230246251565e-16,1.0,3.7424573378480788
sc_1886347_0194,6978,2,1.0136958678769217,1.1630165988122636,1.0,0.0,1.0000000000000002,3.7424573378480788
sc_1886347_0194,6978,3,1.189392990126572,1.2701840431117453,1.0,0.0,1.0,3.7424573378480788
sc_1886347_0194,6978,4,1.279225161972407,1.3239096693728487,0.9999999999999999,1.1102230246251565e-16,1.0,3.7424573378480788
sc_1886347_0194,6978,5,1.358352776993019,1.519670536836119,1.0,0.0,1.0,3.7424573378480788
sc_1886347_0195,7010,0,2.220446049250313e-16,0.2911506357522904,0.9999999999999999,1.1102230246251565e-16,1.0,4.054870478156722
sc_1886347_0195,7010,1,0.5886245915770927,0.9169165378361611,0.9999999999999999,1.1102230246251565e-16,1.0000000000000002,4.054870478156722
sc_1886347_0195,7010,2,0.9716149645864155,1.1300762034846341,1.0,0.0,1.0,4.054870478156722
sc_1886347_0195,7010,3,1.1664757069889524,1.2285303985949991,1.0,0.0,1.0,4.054870478156722
sc_1886347_0195,7010,4,1.2778621515272883,1.3356635435558613,1.0,0.0,1.0000000000000002,4.054870478156722
sc_1886347_0195,7010,5,1.3584254627354968,1.4733527200072392,1.0,0.0,1.0,4.054870478156722
sc_1886347_0196,7043,0,0.0,0.24271737220699063,1.0,0.0,1.0,3.9591483684454625
sc_1886347_0196,7043,1,0.4995393153610198,0.9155778388152712,0.9999999999999999,1.1102230246251565e-16,1.0,3.9591483684454625
sc_1886347_0196,7043,2,1.0386203648900443,1.1525671017073447,1.0,0.0,1.0,3.9591483684454625
sc_1886347_0196,7043,3,1.183927043615877,1.2428358049813728,1.0,0.0,1.0,3.9591483684454625
sc_1886347_0196,7043,4,1.274790097735279,1.328383236588627,1.0,0.0,0.9999999999999999,3.9591483684454625
sc_1886347_0196,7043,5,1.3502097541684464,1.4449294717996417,1.0,0.0,1.0,3.9591483684454625
sc_1886347_0197,7076,0,4.440892098500626e-16,0.24563133453134323,0.9999999999999999,1.1102230246251565e-16,1.0,3.78956106166477
sc_1886347_0197,7076,1,0.5173853210703155,0.8580535011076581,0.9999999999999999,1.1102230246251565e-16,1.0,3.78956106166477
sc_1886347_0197,7076,2,0.9997648942103949,1.1709799138931807,1.0,0.0,1.0,3.78956106166477
sc_1886347_0197,7076,3,1.1898842471802176,1.2469411907152619,0.9999999999999999,1.1102230246251565e-16,1.0,3.78956106166477
sc_1886347_0197,7076,4,1.2622290320256324,1.3180716528441774,1.0,0.0,1.0,3.78956106166477
sc_1886347_0197,7076,5,1.3515164676439508,1.5116494893380383,0.9999999999999999,1.1102230246251565e-16,1.0,3.78956106166477
sc_1886347_0198,7108,0,0.0,0.2281920170248759,0.9999999999999999,1.1102230246251565e-16,1.0,4.050459055339774
sc_1886347_0198,7108,1,0.578445402022542,0.8034296367429682,0.9999999999999999,1.1102230246251565e-16,1.0,4.050459055339774
sc_1886347_0198,7108,2,1.0028489597888968,1.1499591045639286,1.0000000000000002,2.220446049250313e-16,1.0,4.050459055339774
sc_1886347_0198,7108,3,1.1815887008349317,1.2557747719364214,1.0,0.0,1.0,4.050459055339774
sc_1886347_0198,7108,4,1.2762897803286934,1.287566896813133,1.0,0.0,1.0,4.050459055339774
sc_1886347_0198,7108,5,1.3337736991835718,1.4535302232156209,0.9999999999999999,1.1102230246251565e-16,1.0,4.050459055339774
sc_1886347_0199,7141,0,0.0,0.2670374971635805,1.0000000000000002,2.220446049250313e-16,1.0,3.874602107115969
sc_1886347_0199,7141,1,0.6262619055376067,0.7689871727777035,1.0,0.0,1.0,3.874602107115969
sc_1886347_0199,7141,2,0.9634280948617694,1.1467578918885786,0.9999999999999998,2.220446049250313e-16,1.0,3.874602107115969
sc_1886347_0199,7141,3,1.1814815922479565,1.2588749137762765,0.9999999999999999,1.1102230246251565e-16,1.0,3.874602107115969
sc_1886347_0199,7141,4,1.2639995023952861,1.3232258701909099,0.9999999999999999,1.1102230246251565e-16,1.0000000000000002,3.874602107115969
sc_1886347_0199,7141,5,1.3820378803449087,1.521210240258735,1.0000000000000002,2.220446049250313e-16,1.0,3.874602107115969
sc_1886347_0200,7174,0,0.0,0.3456331670883086,1.0000000000000002,2.220446049250313e-16,1.0,3.738279842728894
sc_1886347_0200,7174,1,0.4837782037673326,0.8749442012200064,0.9999999999999999,1.1102230246251565e-16,0.9999999999999999,3.738279842728894
sc_1886347_0200,7174,2,0.9605596499611825,1.1212630221654156,1.0,0.0,1.0,3.738279842728894
sc_1886347_0200,7174,3,1.1621139229232667,1.2311712212218149,0.9999999999999999,1.1102230246251565e-16,1.0,3.738279842728894
sc_1886347_0200,7174,4,1.2897444637968865,1.357917282152962,1.0,0.0,1.0,3.738279842728894
sc_1886347_0200,7174,5,1.390147761057555,1.5042554213106223,1.0,0.0,1.0,3.738279842728894
sc_1886347_0201,7207,0,6.661338147750939e-16,0.253804115225166,0.9999999999999999,1.1102230246251565e-16,1.0,3.7849164163633957
sc_1886347_0201,7207,1,0.5066496654009752,0.8736805413909806,1.0,0.0,1.0,3.7849164163633957
sc_1886347_0201,7207,2,0.9381346114381692,1.1802902624269218,1.0,0.0,1.0,3.7849164163633957
sc_1886347_0201,7207,3,1.2119313286861781,1.2615117527899604,0.9999999999999999,1.1102230246251565e-16,1.0,3.7849164163633957
sc_1886347_0201,7207,4,1.2684748938707158,1.3220856984304994,1.0,0.0,1.0,3.7849164163633957
sc_1886347_0201,7207,5,1.3525035750835435,1.4669429290930462,0.9999999999999999,1.1102230246251565e-16,1.0,3.7849164163633957
sc_1886347_0202,7239,0,-2.220446049250313e-16,0.3135834748649471,1.0,0.0,1.0,3.8974631976308323
sc_1886347_0202,7239,1,0.5574201812347519,0.7685685403247352,0.9999999999999999,1.1102230246251565e-16,1.0,3.8974631976308323
sc_1886347_0202,7239,2,1.0214334335497708,1.1544586863233817,0.9999999999999999,1.1102230246251565e-16,1.0,3.8974631976308323
sc_1886347_0202,7239,3,1.1818125536535988,1.2096881971765918,1.0,0.0,1.0,3.8974631976308323
sc_1886347_0202,7239,4,1.2907781577557693,1.3576186370919159,0.9999999999999998,2.220446049250313e-16,1.0,3.8974631976308323
sc_1886347_0202,7239,5,1.3653965263319385,1.4654411642889102,0.9999999999999999,1.1102230246251565e-16,1.0,3.8974631976308323
sc_1886347_0203,7272,0,2.220446049250313e-16,0.20548383628882627,1.0,0.0,1.0,3.789040866369381
sc_1886347_0203,7272,1,0.5926379686776163,0.9145919030524512,0.9999999999999999,1.1102230246251565e-16,1.0,3.789040866369381
sc_1886347_0203,7272,2,0.9891658649399385,1.1733886084706424,1.0000000000000002,2.220446049250313e-16,1.0,3.789040866369381
sc_1886347_0203,7272,3,1.2025133648719106,1.2675427401326265,0.9999999999999999,1.1102230246251565e-16,1.0,3.789040866369381
sc_1886347_0203,7272,4,1.2716835132782902,1.2879864115724153,0.9999999999999999,1.1102230246251565e-16,1.0,3.789040866369381
sc_1886347_0203,7272,5,1.3589055119793645,1.4762450787961368,0.9999999999999999,1.1102230246251565e-16,1.0,3.789040866369381
sc_1886347_0204,7305,0,2.220446049250313e-16,0.3300558855604798,1.0,0.0,1.0,3.6534794566393907
sc_1886347_0204,7305,1,0.5756261570001147,0.8070452076142762,1.0,0.0,1.0,3.6534794566393907
sc_1886347_0204,7305,2,0.8696611366489669,1.1373772597512402,1.0000000000000002,2.220446049250313e-16,1.0,3.6534794566393907
sc_1886347_0204,7305,3,1.1780945262269737,1.2357290295913517,0.9999999999999999,1.1102230246251565e-16,1.0,3.6534794566393907
sc_1886347_0204,7305,4,1.2612886918284718,1.3413085846162633,1.0,0.0,1.0,3.6534794566393907
sc_1886347_0204,7305,5,1.4200725852189864,1.52471075612602,1.0,0.0,1.0,3.6534794566393907
sc_1886347_0205,7337,0,6.661338147750939e-16,0.3925880768037837,0.9999999999999999,1.1102230246251565e-16,1.0,3.860506710406279
sc_1886347_0205,7337,1,0.5719311254485442,0.8203931508947978,0.9999999999999999,1.1102230246251565e-16,1.0,3.860506710406279
sc_1886347_0205,7337,2,0.928644905557654,1.1500129411214397,1.0,0.0,1.0,3.860506710406279
sc_1886347_0205,7337,3,1.1808299378130716,1.226947231914545,1.0,0.0,1.0,3.860506710406279
sc_1886347_0205,7337,4,1.31525684360036,1.3535753914328537,0.9999999999999998,2.220446049250313e-16,1.0000000000000002,3.860506710406279
sc_1886347_0205,7337,5,1.3640049666432421,1.4267395433226027,1.0,0.0,1.0,3.860506710406279
sc_1886347_0206,7370,0,6.661338147750939e-16,0.3684044575745158,1.0,0.0,1.0,3.9590877681650154
sc_1886347_0206,7370,1,0.6135619309897682,0.8700135374884755,1.0,0.0,1.0,3.9590877681650154
sc_1886347_0206,7370,2,0.9823266920203372,1.1483276069211146,0.9999999999999999,1.1102230246251565e-16,0.9999999999999999,3.9590877681650154
sc_1886347_0206,7370,3,1.1746266112837982,1.2110589597370869,1.0,0.0,1.0,3.9590877681650154
sc_1886347_0206,7370,4,1.2544049347771273,1.3037639169779518,0.9999999999999999,1.1102230246251565e-16,1.0,3.9590877681650154
sc_1886347_0206,7370,5,1.3195226853152704,1.4835991404073672,0.9999999999999999,1.1102230246251565e-16,1.0,3.9590877681650154
sc_1886347_0207,7403,0,2.220446049250313e-16,0.29349216307103454,1.0,0.0,1.0,3.9045749153985114
sc_1886347_0207,7403,1,0.6456323811820902,0.910440568421826,1.0000000000000002,2.220446049250313e-16,1.0000000000000002,3.9045749153985114
sc_1886347_0207,7403,2,0.9281878457548011,1.1371514796427689,0.9999999999999999,1.1102230246251565e-16,1.0,3.9045749153985114
sc_1886347_0207,7403,3,1.185293322303919,1.2117512481785662,1.0,0.0,1.0,3.9045749153985114
sc_1886347_0207,7403,4,1.242169830516927,1.3126057274287388,0.9999999999999999,1.1102230246251565e-16,1.0,3.9045749153985114
sc_1886347_0207,7403,5,1.3268813479109045,1.4385847025007312,1.0,0.0,1.0,3.9045749153985114
sc_1886347_0208,7435,0,4.440892098500626e-16,0.24914772546396202,0.9999999999999999,1.1102230246251565e-16,1.0,3.7265721433810213
sc_1886347_0208,7435,1,0.5131772927479163,0.926658937946179,0.9999999999999998,2.220446049250313e-16,1.0,3.7265721433810213
sc_1886347_0208,7435,2,1.0147263025006108,1.1697737881957222,1.0,0.0,0.9999999999999999,3.7265721433810213
sc_1886347_0208,7435,3,1.2214170010014678,1.2503178234167018,0.9999999999999999,1.1102230246251565e-16,1.0,3.7265721433810213
sc_1886347_0208,7435,4,1.2680084915260919,1.314747769777805,0.9999999999999999,1.1102230246251565e-16,0.9999999999999999,3.7265721433810213
sc_1886347_0208,7435,5,1.3622929338556446,1.4464920242372008,0.9999999999999999,1.1102230246251565e-16,1.0,3.7265721433810213
sc_1886347_0209,7468,0,-4.440892098500626e-16,0.17748337161438443,0.9999999999999998,2.220446049250313e-16,1.0,3.8993614861744694
sc_1886347_0209,7468,1,0.6097894648226301,0.9314241254625406,0.9999999999999999,1.1102230246251565e-16,1.0,3.8993614861744694
sc_1886347_0209,7468,2,0.9856831350427517,1.1622951877334056,0.9999999999999999,1.1102230246251565e-16,1.0,3.8993614861744694
sc_1886347_0209,7468,3,1.2047727247276023,1.2354589475747502,0.9999999999999998,2.220446049250313e-16,1.0,3.8993614861744694
sc_1886347_0209,7468,4,1.245992545718827,1.2850800267649745,0.9999999999999999,1.1102230246251565e-16,1.0,3.8993614861744694
sc_1886347_0209,7468,5,1.3213487801819872,1.4260799012744312,0.9999999999999998,2.220446049250313e-16,1.0,3.8993614861744694
sc_1886347_0210,7501,0,2.220446049250313e-16,0.4327413535527984,1.0,0.0,1.0,3.7464117392723595
sc_1886347_0210,7501,1,0.5097583706097885,0.8500904064101731,0.9999999999999999,1.1102230246251565e-16,1.0,3.7464117392723595
sc_1886347_0210,7501,2,0.9488180861874809,1.122085005526338,0.9999999999999999,1.1102230246251565e-16,1.0,3.7464117392723595
sc_1886347_0210,7501,3,1.1787216780727165,1.2311514254523728,0.9999999999999999,1.1102230246251565e-16,1.0,3.7464117392723595
sc_1886347_0210,7501,4,1.280022931228985,1.3412272241662586,0.9999999999999999,1.1102230246251565e-16,1.0,3.7464117392723595
sc_1886347_0210,7501,5,1.3823971873991834,1.508244897351935,1.0,0.0,1.0,3.7464117392723595
sc_1886347_0211,7534,0,8.881784197001252e-16,0.3086513317051076,0.9999999999999998,2.220446049250313e-16,1.0,3.799821237815357
sc_1886347_0211,7534,1,0.4806020826152344,0.9076873358371735,1.0,0.0,1.0,3.799821237815357
sc_1886347_0211,7534,2,0.994013075772691,1.1719599562305514,0.9999999999999998,2.220446049250313e-16,1.0,3.799821237815357
sc_1886347_0211,7534,3,1.190717046037835,1.2439184062742135,1.0,0.0,1.0,3.799821237815357
sc_1886347_0211,7534,4,1.2466087012179872,1.3131494498408203,1.0,0.0,0.9999999999999999,3.799821237815357
sc_1886347_0211,7534,5,1.3604780140629964,1.5352815399394475,1.0000000000000002,2.220446049250313e-16,1.0,3.799821237815357
sc_1886347_0212,7566,0,6.661338147750939e-16,0.26126521602586616,1.0,0.0,1.0,3.927387837564349
sc_1886347_0212,7566,1,0.3777173300602539,0.9196023229912448,0.9999999999999998,2.220446049250313e-16,1.0000000000000002,3.927387837564349
sc_1886347_0212,7566,2,0.993754672504258,1.152384482438507,0.9999999999999998,2.220446049250313e-16,1.0000000000000002,3.927387837564349
sc_1886347_0212,7566,3,1.1958958996170361,1.2333951367024818,1.0000000000000002,2.220446049250313e-16,1.0,3.927387837564349
sc_1886347_0212,7566,4,1.2727010567142394,1.325195824502602,0.9999999999999999,1.1102230246251565e-16,1.0,3.927387837564349
sc_1886347_0212,7566,5,1.3486653028479942,1.4988108793578852,0.9999999999999999,1.1102230246251565e-16,1.0,3.927387837564349
sc_1886347_0213,7599,0,2.220446049250313e-16,0.28542885154244413,1.0,0.0,1.0,3.8551126640057967
sc_1886347_0213,7599,1,0.38843303947217644,0.9059646269870688,1.0,0.0,1.0,3.8551126640057967
sc_1886347_0213,7599,2,0.9480010941340828,1.1313424690951486,0.9999999999999998,2.220446049250313e-16,1.0,3.8551126640057967
sc_1886347_0213,7599,3,1.171732806376393,1.256947029343395,0.9999999999999998,2.220446049250313e-16,1.0,3.8551126640057967
sc_1886347_0213,7599,4,1.2645275856278555,1.3258978674166517,0.9999999999999998,2.220446049250313e-16,1.0,3.8551126640057967
sc_1886347_0213,7599,5,1.377762155864772,1.514267674294805,1.0,0.0,1.0,3.8551126640057967
sc_1886347_0214,7632,0,4.440892098500626e-16,0.29935165727782054,1.0,0.0,1.0,4.184319691800381
sc_1886347_0214,7632,1,0.49721496814605914,0.9200500218049651,1.0000000000000002,2.220446049250313e-16,1.0,4.184319691800381
sc_1886347_0214,7632,2,0.9962856581756001,1.1704438710962985,1.0,0.0,0.9999999999999999,4.184319691800381
sc_1886347_0214,7632,3,1.1992369555354156,1.2173418036986903,1.0000000000000002,2.220446049250313e-16,1.0,4.184319691800381
sc_1886347_0214,7632,4,1.2622743499611575,1.3009991773146004,1.0,0.0,0.9999999999999999,4.184319691800381
sc_1886347_0214,7632,5,1.3176475538618484,1.4740201939081148,0.9999999999999999,1.1102230246251565e-16,1.0,4.184319691800381
sc_1886347_0215,7925,0,4.440892098500626e-16,0.471837324078189,0.9999999999999999,1.1102230246251565e-16,1.0,3.7962239757675653
sc_1886347_0215,7925,1,0.5501778499799895,0.8947849771248525,0.9999999999999999,1.1102230246251565e-16,1.0,3.7962239757675653
sc_1886347_0215,7925,2,0.9724036218557246,1.1031728525594513,0.9999999999999999,1.1102230246251565e-16,1.0,3.7962239757675653
sc_1886347_0215,7925,3,1.144302905204314,1.2249014137737797,1.0,0.0,1.0,3.7962239757675653
sc_1886347_0215,7925,4,1.225540903045149,1.3173961827931582,0.9999999999999999,1.1102230246251565e-16,1.0,3.7962239757675653
sc_1886347_0215,7925,5,1.3284280910736497,1.503961943208054,1.0,0.0,1.0,3.7962239757675653
sc_1886347_0216,7958,0,8.881784197001252e-16,0.33990439809234885,0.9999999999999998,2.220446049250313e-16,1.0,3.784820588741558
sc_1886347_0216,7958,1,0.5741925980431811,0.9353180401773344,1.0,0.0,1.0,3.784820588741558
sc_1886347_0216,7958,2,0.9879257021635104,1.1257706312033464,1.0,0.0,1.0,3.784820588741558
sc_1886347_0216,7958,3,1.1629385269921186,1.1895692915146292,0.9999999999999999,1.1102230246251565e-16,1.0,3.784820588741558
sc_1886347_0216,7958,4,1.2524395922012435,1.275404391372731,0.9999999999999998,2.220446049250313e-16,1.0000000000000002,3.784820588741558
sc_1886347_0216,7958,5,1.3390981688321655,1.465119524582628,1.0,0.0,1.0,3.784820588741558
sc_1886347_0217,7991,0,-4.440892098500626e-16,0.4338685175928616,0.9999999999999999,1.1102230246251565e-16,1.0,4.0919867492377895
sc_1886347_0217,7991,1,0.5580176495456011,0.918251566260373,0.9999999999999998,2.220446049250313e-16,1.0,4.0919867492377895
sc_1886347_0217,7991,2,0.9463266585735797,1.1457560338272355,0.9999999999999999,1.1102230246251565e-16,1.0,4.0919867492377895
sc_1886347_0217,7991,3,1.1499530889261615,1.1962120991936702,0.9999999999999998,2.220446049250313e-16,1.0,4.0919867492377895
sc_1886347_0217,7991,4,1.2068889698475413,1.2506445293007666,1.0,0.0,1.0,4.0919867492377895
sc_1886347_0217,7991,5,1.3364415359735742,1.5375598866781401,0.9999999999999999,1.1102230246251565e-16,1.0,4.0919867492377895
sc_1886347_0218,8023,0,4.440892098500626e-16,0.33012213290243486,0.9999999999999997,3.3306690738754696e-16,1.0,3.84331253129981
sc_1886347_0218,8023,1,0.6291823077274735,0.8626549363245913,1.0,0.0,1.0,3.84331253129981
sc_1886347_0218,8023,2,0.9504459858157531,1.1242238934432498,1.0,0.0,1.0,3.84331253129981
sc_1886347_0218,8023,3,1.1601689424173922,1.2003041787697402,0.9999999999999999,1.1102230246251565e-16,1.0,3.84331253129981
sc_1886347_0218,8023,4,1.244859357823731,1.308793554424477,1.0,0.0,1.0,3.84331253129981
sc_1886347_0218,8023,5,1.334846926409928,1.4961633181943275,0.9999999999999999,1.1102230246251565e-16,1.0,3.84331253129981
sc_1886347_0219,8056,0,8.881784197001252e-16,0.34536829052646056,0.9999999999999999,1.1102230246251565e-16,1.0,3.765170451053108
sc_1886347_0219,8056,1,0.43145955898291066,0.8628768256593339,0.9999999999999999,1.1102230246251565e-16,1.0,3.765170451053108
sc_1886347_0219,8056,2,0.9707430218719921,1.1102756874165935,0.9999999999999999,1.1102230246251565e-16,1.0,3.765170451053108
sc_1886347_0219,8056,3,1.1626102901601008,1.2483833768057226,1.0,0.0,1.0,3.765170451053108
sc_1886347_0219,8056,4,1.277878322606049,1.3413260069343742,1.0,0.0,0.9999999999999999,3.765170451053108
sc_1886347_0219,8056,5,1.383122488969755,1.4726436847425133,1.0,0.0,1.0,3.765170451053108
sc_1886347_0220,8089,0,6.661338147750939e-16,0.34713519336195264,1.0,0.0,1.0,3.899765650318018
sc_1886347_0220,8089,1,0.3962737620539811,0.9387742003898971,1.0,0.0,0.9999999999999999,3.899765650318018
sc_1886347_0220,8089,2,0.9939478293020416,1.1909916220056922,1.0,0.0,1.0,3.899765650318018
sc_1886347_0220,8089,3,1.2246935109273949,1.2741963339884108,1.0,0.0,1.0,3.899765650318018
sc_1886347_0220,8089,4,1.2870216842004742,1.3128054970503475,0.9999999999999998,2.220446049250313e-16,1.0000000000000002,3.899765650318018
sc_1886347_0220,8089,5,1.324902571084457,1.4433996402739,1.0,0.0,1.0,3.899765650318018
sc_1886347_0221,8121,0,6.661338147750939e-16,0.3385511881203176,0.9999999999999998,2.220446049250313e-16,1.0,3.7494184094627996
sc_1886347_0221,8121,1,0.49181417699481966,0.9020316596487594,1.0000000000000002,2.220446049250313e-16,0.9999999999999999,3.7494184094627996
sc_1886347_0221,8121,2,0.9515358163478015,1.1190550608799423,0.9999999999999999,1.1102230246251565e-16,1.0,3.7494184094627996
sc_1886347_0221,8121,3,1.1553850996895405,1.253149765838822,1.0,0.0,1.0,3.7494184094627996
sc_1886347_0221,8121,4,1.287626092776686,1.3363685788404498,1.0,0.0,1.0,3.7494184094627996
sc_1886347_0221,8121,5,1.3489104060778985,1.4966773311643702,1.0000000000000002,2.220446049250313e-16,1.0,3.7494184094627996
sc_1886347_0222,8291,0,4.440892098500626e-16,0.27544232679839276,1.0,0.0,1.0,3.9233265758091846
sc_1886347_0222,8291,1,0.5971482121810315,0.773335909507262,1.0000000000000002,2.220446049250313e-16,1.0,3.9233265758091846
sc_1886347_0222,8291,2,1.018981116079745,1.098275859127096,0.9999999999999999,1.1102230246251565e-16,1.0,3.9233265758091846
sc_1886347_0222,8291,3,1.163910501288767,1.2146528741160012,0.9999999999999997,3.3306690738754696e-16,1.0,3.9233265758091846
sc_1886347_0222,8291,4,1.2387228558506749,1.33460555650692,1.0,0.0,1.0000000000000002,3.9233265758091846
sc_1886347_0222,8291,5,1.3607474600086045,1.568516880992444,1.0,0.0,1.0,3.9233265758091846
sc_1886347_0223,8324,0,2.220446049250313e-16,0.24154698538357966,1.0,0.0,1.0,3.8197949700587266
sc_1886347_0223,8324,1,0.6050738315239357,0.8631197590832038,1.0,0.0,1.0,3.8197949700587266
sc_1886347_0223,8324,2,0.9394842164527184,1.1457243898631084,0.9999999999999998,2.220446049250313e-16,1.0,3.8197949700587266
sc_1886347_0223,8324,3,1.1725654255345188,1.2324228970000257,0.9999999999999999,1.1102230246251565e-16,1.0,3.8197949700587266
sc_1886347_0223,8324,4,1.265560659546738,1.3315244930987071,1.0,0.0,1.0,3.8197949700587266
sc_1886347_0223,8324,5,1.3591324638655753,1.4815306706805587,0.9999999999999999,1.1102230246251565e-16,1.0,3.8197949700587266
sc_1886347_0224,8357,0,-6.661338147750939e-16,0.2179360125700447,1.0,0.0,1.0,3.8555115149349914
sc_1886347_0224,8357,1,0.55958594587236,0.9274667677743557,1.0,0.0,1.0,3.8555115149349914
sc_1886347_0224,8357,2,0.9891140914621566,1.165306957025773,0.9999999999999999,1.1102230246251565e-16,1.0,3.8555115149349914
sc_1886347_0224,8357,3,1.1826517973288997,1.2642465433326442,1.0,0.0,1.0,3.8555115149349914
sc_1886347_0224,8357,4,1.2722755907954455,1.290148363844014,1.0,0.0,1.0,3.8555115149349914
sc_1886347_0224,8357,5,1.2915475477353038,1.470974834742746,1.0,0.0,1.0,3.8555115149349914
sc_1886347_0225,8389,0,2.220446049250313e-16,0.2821270980191706,1.0,0.0,1.0,3.805095211769791
sc_1886347_0225,8389,1,0.5414752400926672,0.8510348660693682,0.9999999999999998,2.220446049250313e-16,1.0,3.805095211769791
sc_1886347_0225,8389,2,0.9324590998342766,1.1267898180215488,1.0000000000000002,2.220446049250313e-16,1.0,3.805095211769791
sc_1886347_0225,8389,3,1.1531621252588218,1.229616534426625,1.0,0.0,1.0,3.805095211769791
sc_1886347_0225,8389,4,1.2505860619553772,1.3517155399605127,1.0,0.0,1.0,3.805095211769791
sc_1886347_0225,8389,5,1.3612266110160969,1.5249709079174092,1.0,0.0,1.0,3.805095211769791
sc_1886347_0226,8422,0,8.881784197001252e-16,0.3091656300709935,0.9999999999999997,3.3306690738754696e-16,1.0,3.970545063258885
sc_1886347_0226,8422,1,0.5161703770544495,0.8863750679539251,1.0,0.0,1.0,3.970545063258885
sc_1886347_0226,8422,2,0.9923053479253251,1.1613820671702988,1.0,0.0,1.0,3.970545063258885
sc_1886347_0226,8422,3,1.1654173154923004,1.2768752977373696,1.0,0.0,1.0,3.970545063258885
sc_1886347_0226,8422,4,1.2926631562003426,1.3378344822264017,1.0,0.0,1.0,3.970545063258885
sc_1886347_0226,8422,5,1.3848183300611667,1.5113616408391268,1.0,0.0,1.0,3.970545063258885
sc_1886347_0227,8455,0,8.881784197001252e-16,0.3889302889559274,0.9999999999999998,2.220446049250313e-16,1.0,4.087718650382237
sc_1886347_0227,8455,1,0.5231682641209809,0.814378046741973,0.9999999999999998,2.220446049250313e-16,1.0,4.087718650382237
sc_1886347_0227,8455,2,0.9514786378190543,1.1571115803593564,0.9999999999999999,1.1102230246251565e-16,1.0,4.087718650382237
sc_1886347_0227,8455,3,1.2142885513326713,1.2420776157895923,0.9999999999999996,4.440892098500626e-16,1.0,4.087718650382237
sc_1886347_0227,8455,4,1.2453643492844284,1.3115846743549069,1.0,0.0,1.0,4.087718650382237
sc_1886347_0227,8455,5,1.3345668894483929,1.5327408082937477,1.0,0.0,1.0,4.087718650382237
sc_1886347_0228,8487,0,2.220446049250313e-16,0.32084356627057864,1.0000000000000002,2.220446049250313e-16,1.0,3.897840960181464
sc_1886347_0228,8487,1,0.4531455878590276,0.8392061371863475,0.9999999999999999,1.1102230246251565e-16,1.0,3.897840960181464
sc_1886347_0228,8487,2,0.9589094458619537,1.098386965125903,0.9999999999999999,1.1102230246251565e-16,1.0,3.897840960181464
sc_1886347_0228,8487,3,1.159880432981446,1.2194740084889135,0.9999999999999999,1.1102230246251565e-16,1.0,3.897840960181464
sc_1886347_0228,8487,4,1.2401073425894467,1.3418457581093155,1.0,0.0,1.0,3.897840960181464
sc_1886347_0228,8487,5,1.4075912843760618,1.47692065909811,0.9999999999999999,1.1102230246251565e-16,1.0,3.897840960181464
sc_1886347_0229,8520,0,0.0,0.2909676789504143,0.9999999999999999,1.1102230246251565e-16,1.0,3.8393566118009756
sc_1886347_0229,8520,1,0.4916550965182427,0.8931108445912282,1.0,0.0,1.0,3.8393566118009756
sc_1886347_0229,8520,2,0.9656594648377006,1.1719683621557484,1.0,0.0,1.0,3.8393566118009756
sc_1886347_0229,8520,3,1.1965867922534552,1.241522162360107,0.9999999999999998,2.220446049250313e-16,1.0,3.8393566118009756
sc_1886347_0229,8520,4,1.2507695491745094,1.2830599562618552,0.9999999999999999,1.1102230246251565e-16,1.0,3.8393566118009756
sc_1886347_0229,8520,5,1.368628642850667,1.4811052338150932,0.9999999999999998,2.220446049250313e-16,1.0,3.8393566118009756
sc_1886347_0230,8553,0,2.220446049250313e-16,0.2898629303045521,0.9999999999999999,1.1102230246251565e-16,1.0,4.121728135845542
sc_1886347_0230,8553,1,0.5167438645835535,0.870818079312331,1.0,0.0,1.0,4.121728135845542
sc_1886347_0230,8553,2,0.9389164107235193,1.1506763237625517,0.9999999999999998,2.220446049250313e-16,1.0,4.121728135845542
sc_1886347_0230,8553,3,1.1758547984022476,1.2650739540516702,0.9999999999999999,1.1102230246251565e-16,1.0,4.121728135845542
sc_1886347_0230,8553,4,1.271690614507916,1.309011786894171,1.0000000000000002,2.220446049250313e-16,1.0,4.121728135845542
sc_1886347_0230,8553,5,1.3566128169387022,1.433856064258786,0.9999999999999998,2.220446049250313e-16,1.0,4.121728135845542
sc_1886347_0231,8585,0,4.440892098500626e-16,0.2599219957956833,0.9999999999999999,1.1102230246251565e-16,1.0,4.245777003910755
sc_1886347_0231,8585,1,0.5388994957404998,0.9063254059090176,1.0,0.0,1.0,4.245777003910755
sc_1886347_0231,8585,2,1.008886478728202,1.1336393793047312,1.0000000000000002,2.220446049250313e-16,1.0,4.245777003910755
sc_1886347_0231,8585,3,1.1817394405815618,1.2241490941800501,1.0,0.0,1.0,4.245777003910755
sc_1886347_0231,8585,4,1.2378324113305958,1.3186459421569698,1.0,0.0,1.0,4.245777003910755
sc_1886347_0231,8585,5,1.3306073909119729,1.5198812354650004,1.0,0.0,1.0,4.245777003910755
sc_1886347_0232,8618,0,8.881784197001252e-16,0.2375981925402153,1.0,0.0,1.0,4.250430391214829
sc_1886347_0232,8618,1,0.5198760295738047,0.9587835026826015,1.0000000000000002,2.220446049250313e-16,1.0000000000000002,4.250430391214829
sc_1886347_0232,8618,2,1.0341855148494337,1.142494177545187,1.0,0.0,1.0,4.250430391214829
sc_1886347_0232,8618,3,1.1636234601590822,1.2543309499632407,0.9999999999999999,1.1102230246251565e-16,1.0,4.250430391214829
sc_1886347_0232,8618,4,1.2804464911450306,1.3351052319133665,0.9999999999999999,1.1102230246251565e-16,1.0,4.250430391214829
sc_1886347_0232,8618,5,1.3480567462939614,1.4120805919913109,0.9999999999999999,1.1102230246251565e-16,1.0,4.250430391214829
sc_1886347_0233,8651,0,4.440892098500626e-16,0.31389529105482583,0.9999999999999998,2.220446049250313e-16,1.0,4.081031413132024
sc_1886347_0233,8651,1,0.50828417674157,0.9200846495034579,1.0,0.0,1.0,4.081031413132024
sc_1886347_0233,8651,2,1.0400003099342277,1.154058924079233,1.0,0.0,1.0,4.081031413132024
sc_1886347_0233,8651,3,1.1798076909499775,1.239494503802909,0.9999999999999999,1.1102230246251565e-16,1.0,4.081031413132024
sc_1886347_0233,8651,4,1.263298031405762,1.2945445091962917,1.0,0.0,1.0,4.081031413132024
sc_1886347_0233,8651,5,1.316600503427216,1.4709522433957025,1.0,0.0,1.0,4.081031413132024
sc_1886347_0234,8684,0,2.220446049250313e-16,0.2986109382435316,1.0,0.0,1.0,3.882565501031462
sc_1886347_0234,8684,1,0.451065020572063,0.8995053091580543,1.0,0.0,1.0,3.882565501031462
sc_1886347_0234,8684,2,1.0016781046613485,1.1562660684235273,0.9999999999999998,2.220446049250313e-16,1.0,3.882565501031462
sc_1886347_0234,8684,3,1.1849611139057736,1.239131352157783,1.0,0.0,1.0,3.882565501031462
sc_1886347_0234,8684,4,1.2441933249883572,1.3039223751980369,0.9999999999999998,2.220446049250313e-16,1.0,3.882565501031462
sc_1886347_0234,8684,5,1.32819294044111,1.4856305140182275,0.9999999999999999,1.1102230246251565e-16,1.0,3.882565501031462
sc_1886347_0235,8716,0,-4.440892098500626e-16,0.2982607470526617,1.0,0.0,1.0,3.8797458262523654
sc_1886347_0235,8716,1,0.5011889167360355,0.9361855622836203,1.0,0.0,1.0000000000000002,3.8797458262523654
sc_1886347_0235,8716,2,1.0341759918831175,1.1181763549847052,1.0,0.0,1.0,3.8797458262523654
sc_1886347_0235,8716,3,1.148905277145544,1.2368269460186525,0.9999999999999999,1.1102230246251565e-16,1.0,3.8797458262523654
sc_1886347_0235,8716,4,1.2520028513985915,1.3074637903875896,0.9999999999999998,2.220446049250313e-16,1.0,3.8797458262523654
sc_1886347_0235,8716,5,1.3492796808554652,1.440096558423814,0.9999999999999999,1.1102230246251565e-16,1.0,3.8797458262523654
sc_1886347_0236,8749,0,0.0,0.410702274257037,1.0,0.0,1.0,4.037919287024724
sc_1886347_0236,8749,1,0.4962710040687426,0.892839886143576,1.0,0.0,1.0,4.037919287024724
sc_1886347_0236,8749,2,0.9882227086225148,1.1453661622662603,0.9999999999999999,1.1102230246251565e-16,0.9999999999999999,4.037919287024724
sc_1886347_0236,8749,3,1.1763202219086186,1.2179668625976219,1.0,0.0,1.0,4.037919287024724
sc_1886347_0236,8749,4,1.2556299305680307,1.3161433572134247,1.0,0.0,1.0000000000000002,4.037919287024724
sc_1886347_0236,8749,5,1.3494690348656686,1.497256596241447,0.9999999999999999,1.1102230246251565e-16,1.0,4.037919287024724
sc_1886347_0237,8782,0,4.440892098500626e-16,0.37330233081310515,1.0,0.0,1.0,3.864918431344017
sc_1886347_0237,8782,1,0.5101172082823958,0.9117477941312728,1.0,0.0,1.0,3.864918431344017
sc_1886347_0237,8782,2,0.9413744525677002,1.1585106526408906,1.0,0.0,1.0,3.864918431344017
sc_1886347_0237,8782,3,1.1829075570109886,1.2257331662168318,1.0,0.0,1.0,3.864918431344017
sc_1886347_0237,8782,4,1.2513960844648473,1.293511773913322,1.0,0.0,0.9999999999999999,3.864918431344017
sc_1886347_0237,8782,5,1.3810144446977266,1.4632565654735517,1.0000000000000002,2.220446049250313e-16,1.0,3.864918431344017
sc_1886347_0238,8814,0,4.440892098500626e-16,0.36068132121965824,1.0000000000000002,2.220446049250313e-16,1.0,4.279791813346804
sc_1886347_0238,8814,1,0.6299979446353653,0.8506387940067812,1.0,0.0,1.0,4.279791813346804
sc_1886347_0238,8814,2,0.9773066719558843,1.1218577034778219,0.9999999999999999,1.1102230246251565e-16,1.0000000000000002,4.279791813346804
sc_1886347_0238,8814,3,1.1538670915515385,1.2108151184429647,1.0,0.0,1.0,4.279791813346804
sc_1886347_0238,8814,4,1.2697369214564742,1.3324188926431664,1.0,0.0,1.0,4.279791813346804
sc_1886347_0238,8814,5,1.348933572275528,1.4567147756314114,1.0000000000000002,2.220446049250313e-16,1.0,4.279791813346804
sc_1886347_0239,8847,0,0.0,0.3003764674164868,0.9999999999999998,2.220446049250313e-16,1.0,4.032213307877852
sc_1886347_0239,8847,1,0.5326974017980272,0.9031645335309484,0.9999999999999999,1.1102230246251565e-16,0.9999999999999999,4.032213307877852
sc_1886347_0239,8847,2,0.9534922618680075,1.141397814821354,1.0,0.0,1.0000000000000002,4.032213307877852
sc_1886347_0239,8847,3,1.1810745086332606,1.236591195186939,1.0,0.0,1.0,4.032213307877852
sc_1886347_0239,8847,4,1.285813119136742,1.3543189350522382,1.0000000000000002,2.220446049250313e-16,1.0,4.032213307877852
sc_1886347_0239,8847,5,1.3680306760690406,1.4631491776337309,1.0,0.0,1.0,4.032213307877852
sc_1886347_0240,8880,0,4.440892098500626e-16,0.2414789653063767,0.9999999999999999,1.1102230246251565e-16,1.0,4.170822163846152
sc_1886347_0240,8880,1,0.6010867148521587,0.8922506955623527,0.9999999999999999,1.1102230246251565e-16,1.0000000000000002,4.170822163846152
sc_1886347_0240,8880,2,0.9876857912976815,1.1159262086047703,1.0000000000000002,2.220446049250313e-16,1.0,4.170822163846152
sc_1886347_0240,8880,3,1.1669473113036752,1.2253109601821361,0.9999999999999999,1.1102230246251565e-16,1.0,4.170822163846152
sc_1886347_0240,8880,4,1.2358601241601284,1.338257538746205,1.0,0.0,0.9999999999999999,4.170822163846152
sc_1886347_0240,8880,5,1.3883507696641404,1.4910062733527525,0.9999999999999999,1.1102230246251565e-16,1.0,4.170822163846152
sc_1886347_0241,8912,0,4.440892098500626e-16,0.2714874569464911,0.9999999999999999,1.1102230246251565e-16,1.0,4.032152848593464
sc_1886347_0241,8912,1,0.5682172029006598,0.9022403975782703,1.0000000000000002,2.220446049250313e-16,1.0,4.032152848593464
sc_1886347_0241,8912,2,0.9148702585809738,1.1349947576423811,1.0,0.0,1.0,4.032152848593464
sc_1886347_0241,8912,3,1.1708007812163843,1.239644726244179,1.0000000000000002,2.220446049250313e-16,1.0,4.032152848593464
sc_1886347_0241,8912,4,1.2948050071506239,1.338277681044837,1.0,0.0,1.0,4.032152848593464
sc_1886347_0241,8912,5,1.3725870926688848,1.4882345817020481,0.9999999999999999,1.1102230246251565e-16,1.0,4.032152848593464
sc_1886347_0242,8945,0,4.440892098500626e-16,0.24130690215999673,1.0,0.0,1.0,3.753799951918002
sc_1886347_0242,8945,1,0.42927095119230785,0.79628531786106,1.0,0.0,1.0,3.753799951918002
sc_1886347_0242,8945,2,0.9274907439648761,1.1526578259496958,1.0000000000000002,2.220446049250313e-16,1.0000000000000002,3.753799951918002
sc_1886347_0242,8945,3,1.2011265778548832,1.2341161491490253,1.0000000000000002,2.220446049250313e-16,1.0,3.753799951918002
sc_1886347_0242,8945,4,1.2909746079640991,1.3448907201674885,1.0,0.0,1.0000000000000002,3.753799951918002
sc_1886347_0242,8945,5,1.3730218410466088,1.5313969161192371,1.0000000000000002,2.220446049250313e-16,1.0,3.753799951918002
sc_1886347_0243,8978,0,4.440892098500626e-16,0.25799511259696617,0.9999999999999999,1.1102230246251565e-16,1.0,3.7946525422691217
sc_1886347_0243,8978,1,0.5359216302415828,0.8220533496468788,0.9999999999999999,1.1102230246251565e-16,1.0000000000000002,3.7946525422691217
sc_1886347_0243,8978,2,0.9489850127506079,1.123522611229054,0.9999999999999999,1.1102230246251565e-16,1.0,3.7946525422691217
sc_1886347_0243,8978,3,1.1623383724941014,1.225650529914327,0.9999999999999998,2.220446049250313e-16,1.0,3.7946525422691217
sc_1886347_0243,8978,4,1.2685421161360109,1.385154492160473,1.0,0.0,1.0000000000000002,3.7946525422691217
sc_1886347_0243,8978,5,1.4007508574208531,1.4723538840072463,0.9999999999999999,1.1102230246251565e-16,1.0,3.7946525422691217
sc_1886347_0244,9010,0,2.220446049250313e-16,0.2927938201678051,0.9999999999999999,1.1102230246251565e-16,1.0,3.695456090327126
sc_1886347_0244,9010,1,0.4030114310452475,0.8020109893062747,1.0,0.0,1.0,3.695456090327126
sc_1886347_0244,9010,2,0.9495347418430944,1.1382744306443802,1.0000000000000002,2.220446049250313e-16,1.0,3.695456090327126
sc_1886347_0244,9010,3,1.1690924565117873,1.2476973961925202,1.0,0.0,1.0,3.695456090327126
sc_1886347_0244,9010,4,1.2722346263850035,1.3559221786310376,0.9999999999999999,1.1102230246251565e-16,1.0,3.695456090327126
sc_1886347_0244,9010,5,1.3828928061159416,1.539875900208008,0.9999999999999998,2.220446049250313e-16,1.0,3.695456090327126
sc_1886347_0245,9043,0,6.661338147750939e-16,0.28415730769887504,1.0,0.0,1.0,3.656551846335647
sc_1886347_0245,9043,1,0.4466543219469701,0.8471663937135016,0.9999999999999999,1.1102230246251565e-16,1.0000000000000002,3.656551846335647
sc_1886347_0245,9043,2,0.8703807912032635,1.1154013735003745,0.9999999999999998,2.220446049250313e-16,0.9999999999999999,3.656551846335647
sc_1886347_0245,9043,3,1.1832697988819407,1.2474093729267397,1.0000000000000002,2.220446049250313e-16,1.0,3.656551846335647
sc_1886347_0245,9043,4,1.309778536721916,1.352866437608764,1.0000000000000002,2.220446049250313e-16,1.0,3.656551846335647
sc_1886347_0245,9043,5,1.4073792355776225,1.4978040136487603,1.0,0.0,1.0,3.656551846335647
sc_1886347_0246,9076,0,-4.440892098500626e-16,0.36077128522550983,1.0,0.0,1.0,3.999468063938866
sc_1886347_0246,9076,1,0.4602550885390285,0.8870750994301473,1.0,0.0,1.0,3.999468063938866
sc_1886347_0246,9076,2,0.9298300317653755,1.1402189354829655,1.0,0.0,1.0,3.999468063938866
sc_1886347_0246,9076,3,1.182010239069791,1.2328826287284351,1.0000000000000002,2.220446049250313e-16,1.0,3.999468063938866
sc_1886347_0246,9076,4,1.270770913583689,1.3189218431787852,1.0,0.0,1.0,3.999468063938866
sc_1886347_0246,9076,5,1.363476780147169,1.4575924577503376,1.0,0.0,1.0,3.999468063938866
sc_1886347_0247,9109,0,2.220446049250313e-16,0.28821864342663517,0.9999999999999999,1.1102230246251565e-16,1.0,3.933751978047636
sc_1886347_0247,9109,1,0.39437835781065345,0.8994299619279156,1.0,0.0,1.0,3.933751978047636
sc_1886347_0247,9109,2,0.9595263901260531,1.1478317681880492,0.9999999999999999,1.1102230246251565e-16,0.9999999999999998,3.933751978047636
sc_1886347_0247,9109,3,1.176736430130372,1.2236618769267125,1.0,0.0,1.0,3.933751978047636
sc_1886347_0247,9109,4,1.2401524231155083,1.2954687798534283,0.9999999999999999,1.1102230246251565e-16,1.0,3.933751978047636
sc_1886347_0247,9109,5,1.3354533270335385,1.5472142604271628,1.0,0.0,1.0,3.933751978047636
sc_1886347_0248,9141,0,-1.1102230246251565e-15,0.36056932240588435,1.0,0.0,1.0,3.8520941346411535
sc_1886347_0248,9141,1,0.43700206332649505,0.8439711201318402,1.0,0.0,1.0,3.8520941346411535
sc_1886347_0248,9141,2,0.985063419679276,1.1491714890253149,1.0000000000000002,2.220446049250313e-16,1.0,3.8520941346411535
sc_1886347_0248,9141,3,1.1831926015138985,1.2385742393339878,1.0,0.0,1.0,3.8520941346411535
sc_1886347_0248,9141,4,1.2796271341280925,1.3275008765687986,1.0,0.0,1.0,3.8520941346411535
sc_1886347_0248,9141,5,1.360551656039882,1.4567239721404646,0.9999999999999997,3.3306690738754696e-16,1.0,3.8520941346411535
sc_1886347_0249,9174,0,-2.220446049250313e-16,0.296273173942019,1.0000000000000002,2.220446049250313e-16,1.0,3.7812936230292338
sc_1886347_0249,9174,1,0.5061201189461212,0.822687558941442,0.9999999999999999,1.1102230246251565e-16,0.9999999999999999,3.7812936230292338
sc_1886347_0249,9174,2,0.9817876146039984,1.1548976913331341,1.0000000000000002,2.220446049250313e-16,1.0,3.7812936230292338
sc_1886347_0249,9174,3,1.166100458419499,1.2495408124422827,1.0000000000000002,2.220446049250313e-16,1.0,3.7812936230292338
sc_1886347_0249,9174,4,1.281228821585405,1.331880588294519,0.9999999999999999,1.1102230246251565e-16,1.0,3.7812936230292338
sc_1886347_0249,9174,5,1.3429953861605184,1.4990142878725201,0.9999999999999999,1.1102230246251565e-16,1.0,3.7812936230292338
sc_1886347_0250,9207,0,2.220446049250313e-16,0.2677493821089958,1.0,0.0,1.0,3.9806917851324912
sc_1886347_0250,9207,1,0.5256093880953393,0.8573712248207953,0.9999999999999999,1.1102230246251565e-16,0.9999999999999998,3.9806917851324912
sc_1886347_0250,9207,2,0.9273334136897241,1.1752289670161127,0.9999999999999999,1.1102230246251565e-16,1.0,3.9806917851324912
sc_1886347_0250,9207,3,1.1939224126930075,1.2435980122499652,0.9999999999999998,2.220446049250313e-16,1.0,3.9806917851324912
sc_1886347_0250,9207,4,1.294264269098831,1.3349954961350816,1.0,0.0,1.0000000000000002,3.9806917851324912
sc_1886347_0250,9207,5,1.3634861580326703,1.494158731973348,0.9999999999999999,1.1102230246251565e-16,1.0,3.9806917851324912
sc_1886347_0251,9239,0,0.0,0.28603083965140996,1.0,0.0,1.0,3.987381071722902
sc_1886347_0251,9239,1,0.5062120822281431,0.8126897595961047,1.0,0.0,1.0,3.987381071722902
sc_1886347_0251,9239,2,0.9352111607204262,1.1437716763669064,1.0,0.0,1.0,3.987381071722902
sc_1886347_0251,9239,3,1.184917013813097,1.2385203742315887,1.0,0.0,1.0,3.987381071722902
sc_1886347_0251,9239,4,1.2450837041791158,1.3368718454429511,1.0,0.0,1.0000000000000002,3.987381071722902
sc_1886347_0251,9239,5,1.3572226312246662,1.5182638546235099,1.0,0.0,1.0,3.987381071722902
sc_1886347_0252,9272,0,-4.440892098500626e-16,0.26686068266557417,1.0000000000000002,2.220446049250313e-16,1.0,3.967674471126126
sc_1886347_0252,9272,1,0.4992719267089236,0.8910529527921989,1.0,0.0,1.0,3.967674471126126
sc_1886347_0252,9272,2,0.9944107499580043,1.1271553712427063,0.9999999999999999,1.1102230246251565e-16,0.9999999999999999,3.967674471126126
sc_1886347_0252,9272,3,1.154250395716529,1.2550361984886713,1.0,0.0,1.0,3.967674471126126
sc_1886347_0252,9272,4,1.3014887539610018,1.351598552546612,0.9999999999999998,2.220446049250313e-16,1.0,3.967674471126126
sc_1886347_0252,9272,5,1.3711408013723339,1.4735464906068831,1.0,0.0,1.0,3.967674471126126
sc_1886347_0253,9305,0,6.661338147750939e-16,0.3403186239703022,1.0,0.0,1.0,3.808443212868853
sc_1886347_0253,9305,1,0.47463627930561425,0.8401377260999918,1.0,0.0,1.0,3.808443212868853
sc_1886347_0253,9305,2,1.0024249902786646,1.1158456167790463,1.0,0.0,0.9999999999999999,3.808443212868853
sc_1886347_0253,9305,3,1.1561089623503116,1.2232855675817849,0.9999999999999998,2.220446049250313e-16,1.0,3.808443212868853
sc_1886347_0253,9305,4,1.281296974444257,1.3723807390198308,0.9999999999999999,1.1102230246251565e-16,1.0,3.808443212868853
sc_1886347_0253,9305,5,1.3962161897428957,1.5308938731341826,1.0,0.0,1.0,3.808443212868853
sc_1886347_0254,9337,0,-8.881784197001252e-16,0.3473371987382248,0.9999999999999998,2.220446049250313e-16,1.0,3.7904762490858936
sc_1886347_0254,9337,1,0.5673392497979279,0.845295555820104,0.9999999999999999,1.1102230246251565e-16,1.0,3.7904762490858936
sc_1886347_0254,9337,2,0.9579431041247347,1.1297410283423455,1.0,0.0,1.0000000000000002,3.7904762490858936
sc_1886347_0254,9337,3,1.1807624304687707,1.2471542729916991,1.0000000000000002,2.220446049250313e-16,1.0,3.7904762490858936
sc_1886347_0254,9337,4,1.2775913719281133,1.3186660665519068,1.0000000000000002,2.220446049250313e-16,1.0000000000000002,3.7904762490858936
sc_1886347_0254,9337,5,1.3368210612263602,1.5040641801714212,1.0,0.0,1.0,3.7904762490858936
sc_1886347_0255,9370,0,0.0,0.24869765406433353,0.9999999999999998,2.220446049250313e-16,1.0,3.670056276298373
sc_1886347_0255,9370,1,0.5410332016045597,0.8386345965450537,1.0,0.0,1.0,3.670056276298373
sc_1886347_0255,9370,2,0.9014222366747968,1.1510053931534323,0.9999999999999998,2.220446049250313e-16,1.0,3.670056276298373
sc_1886347_0255,9370,3,1.189495648743606,1.263375741373357,1.0000000000000002,2.220446049250313e-16,1.0,3.670056276298373
sc_1886347_0255,9370,4,1.2828466979203648,1.3118905038670041,0.9999999999999998,2.220446049250313e-16,1.0000000000000002,3.670056276298373
sc_1886347_0255,9370,5,1.3501698096453576,1.5223606399793257,0.9999999999999997,3.3306690738754696e-16,1.0,3.670056276298373
sc_1886347_0256,9403,0,-4.440892098500626e-16,0.3399163689655087,1.0,0.0,1.0,3.9393834474501306
sc_1886347_0256,9403,1,0.5609192565387302,0.8584148994175705,0.9999999999999998,2.220446049250313e-16,1.0,3.9393834474501306
sc_1886347_0256,9403,2,0.874439324581989,1.1459404293693254,0.9999999999999998,2.220446049250313e-16,1.0000000000000002,3.9393834474501306
sc_1886347_0256,9403,3,1.194821138469798,1.2320815775471015,0.9999999999999998,2.220446049250313e-16,1.0,3.9393834474501306
sc_1886347_0256,9403,4,1.2842658131460025,1.329443985504193,0.9999999999999999,1.1102230246251565e-16,1.0,3.9393834474501306
sc_1886347_0256,9403,5,1.3732894293515552,1.4971192902780335,1.0,0.0,1.0,3.9393834474501306
sc_1886347_0257,9436,0,8.881784197001252e-16,0.3615457361610668,1.0,0.0,1.0,4.3828989955892625
sc_1886347_0257,9436,1,0.6545729433848334,0.8570754104947022,1.0,0.0,1.0,4.3828989955892625
sc_1886347_0257,9436,2,0.9666917223799458,1.1425415124779552,0.9999999999999997,3.3306690738754696e-16,1.0000000000000002,4.3828989955892625
sc_1886347_0257,9436,3,1.1490983068366614,1.2058238277261315,1.0,0.0,1.0,4.3828989955892625
sc_1886347_0257,9436,4,1.2715663606132859,1.309253729120143,1.0,0.0,1.0,4.3828989955892625
sc_1886347_0257,9436,5,1.3518178599430355,1.4816538553737149,1.0,0.0,1.0,4.3828989955892625
sc_1886347_0258,9468,0,6.661338147750939e-16,0.36042450703426065,1.0000000000000002,2.220446049250313e-16,1.0,4.139858750090951
sc_1886347_0258,9468,1,0.559530536090811,0.8594557013798307,1.0,0.0,1.0,4.139858750090951
sc_1886347_0258,9468,2,0.9202734560251798,1.18561029226123,0.9999999999999999,1.1102230246251565e-16,1.0,4.139858750090951
sc_1886347_0258,9468,3,1.2124029570519064,1.2200069326123009,1.0,0.0,1.0,4.139858750090951
sc_1886347_0258,9468,4,1.239363572068509,1.2941688783565588,1.0,0.0,1.0,4.139858750090951
sc_1886347_0258,9468,5,1.3459709792108914,1.528392862450432,1.0,0.0,1.0,4.139858750090951
sc_1886347_0259,9501,0,6.661338147750939e-16,0.37458206581399,1.0,0.0,1.0,4.0891003258524865
sc_1886347_0259,9501,1,0.6066579193129598,0.8777269656210398,0.9999999999999999,1.1102230246251565e-16,1.0,4.0891003258524865
sc_1886347_0259,9501,2,0.9090547691395354,1.1555767242655546,1.0,0.0,1.0,4.0891003258524865
sc_1886347_0259,9501,3,1.1902849216465599,1.2318538838252635,0.9999999999999998,2.220446049250313e-16,1.0,4.0891003258524865
sc_1886347_0259,9501,4,1.2555834762822884,1.3047675500410552,0.9999999999999999,1.1102230246251565e-16,1.0,4.0891003258524865
sc_1886347_0259,9501,5,1.3487446536903887,1.5145357461239315,1.0,0.0,1.0,4.0891003258524865
sc_1886347_0260,9534,0,2.220446049250313e-16,0.3653471321632422,0.9999999999999998,2.220446049250313e-16,1.0,4.094124942709154
sc_1886347_0260,9534,1,0.6000836292232634,0.814975176944673,0.9999999999999999,1.1102230246251565e-16,1.0,4.094124942709154
sc_1886347_0260,9534,2,0.9355805629516962,1.1352010361818796,1.0,0.0,0.9999999999999999,4.094124942709154
sc_1886347_0260,9534,3,1.186718509157621,1.2372692537885897,0.9999999999999999,1.1102230246251565e-16,1.0,4.094124942709154
sc_1886347_0260,9534,4,1.23801576564953,1.3278837141530067,1.0,0.0,1.0000000000000002,4.094124942709154
sc_1886347_0260,9534,5,1.3477240347601038,1.4899455175479286,1.0,0.0,1.0,4.094124942709154
sc_1886347_0261,9566,0,6.661338147750939e-16,0.3689617407741306,1.0,0.0,1.0,3.9265208588552163
sc_1886347_0261,9566,1,0.5233925240644515,0.9543277056922672,1.0,0.0,1.0,3.9265208588552163
sc_1886347_0261,9566,2,1.0262144090118563,1.1481896305525099,1.0,0.0,1.0,3.9265208588552163
sc_1886347_0261,9566,3,1.184793115802378,1.228957894810997,1.0,0.0,1.0,3.9265208588552163
sc_1886347_0261,9566,4,1.2616285667633989,1.2963494210675912,0.9999999999999998,2.220446049250313e-16,1.0,3.9265208588552163
sc_1886347_0261,9566,5,1.3176438051505064,1.4401623481358734,0.9999999999999999,1.1102230246251565e-16,1.0,3.9265208588552163
sc_1886347_0262,9599,0,0.0,0.313636253405454,0.9999999999999998,2.220446049250313e-16,1.0,3.9345967500225
sc_1886347_0262,9599,1,0.5325476601003903,0.8430173867199982,0.9999999999999999,1.1102230246251565e-16,1.0,3.9345967500225
sc_1886347_0262,9599,2,0.9953386111165693,1.1476324998614986,1.0000000000000002,2.220446049250313e-16,1.0,3.9345967500225
sc_1886347_0262,9599,3,1.197404842141013,1.232445782645094,1.0,0.0,1.0,3.9345967500225
sc_1886347_0262,9599,4,1.2426143113821952,1.311698367668743,0.9999999999999999,1.1102230246251565e-16,1.0,3.9345967500225
sc_1886347_0262,9599,5,1.335754189788266,1.4777850547080302,0.9999999999999999,1.1102230246251565e-16,1.0,3.9345967500225
sc_1886347_0263,9632,0,0.0,0.35406486110413726,0.9999999999999998,2.220446049250313e-16,1.0,3.9202602405713307
sc_1886347_0263,9632,1,0.5124745239175083,0.8786185266534672,0.9999999999999999,1.1102230246251565e-16,1.0,3.9202602405713307
sc_1886347_0263,9632,2,1.004875898249125,1.1338157771598727,1.0,0.0,1.0000000000000002,3.9202602405713307
sc_1886347_0263,9632,3,1.1634280646694881,1.2308724182994721,1.0,0.0,1.0,3.9202602405713307
sc_1886347_0263,9632,4,1.2494972792068109,1.3051857540604639,1.0,0.0,1.0,3.9202602405713307
sc_1886347_0263,9632,5,1.3330764633670962,1.463896493317688,1.0,0.0,1.0,3.9202602405713307
sc_1886347_0264,9664,0,-6.661338147750939e-16,0.45529720840011656,0.9999999999999999,1.1102230246251565e-16,1.0,3.9544702735502852
sc_1886347_0264,9664,1,0.4757501984675897,0.8735661807355941,0.9999999999999998,2.220446049250313e-16,1.0,3.9544702735502852
sc_1886347_0264,9664,2,0.9523471171885075,1.1502671618920675,0.9999999999999998,2.220446049250313e-16,1.0,3.9544702735502852
sc_1886347_0264,9664,3,1.1736854268049182,1.2480548970377432,1.0,0.0,1.0,3.9544702735502852
sc_1886347_0264,9664,4,1.2903435420102087,1.3163325385254112,1.0,0.0,1.0,3.9544702735502852
sc_1886347_0264,9664,5,1.3442797612096842,1.450914674990988,0.9999999999999999,1.1102230246251565e-16,1.0,3.9544702735502852
sc_1886347_0265,9697,0,2.220446049250313e-16,0.25666594858365244,1.0,0.0,1.0,3.905000818808972
sc_1886347_0265,9697,1,0.566750339354687,0.8247226148718914,0.9999999999999999,1.1102230246251565e-16,1.0,3.905000818808972
sc_1886347_0265,9697,2,1.0166602631494321,1.1221274140624444,1.0,0.0,1.0,3.905000818808972
sc_1886347_0265,9697,3,1.1354721070456766,1.2475731263944485,0.9999999999999999,1.1102230246251565e-16,1.0,3.905000818808972
sc_1886347_0265,9697,4,1.275423762143707,1.3091953148256368,0.9999999999999999,1.1102230246251565e-16,0.9999999999999999,3.905000818808972
sc_1886347_0265,9697,5,1.3701521145983446,1.4732449300266033,1.0,0.0,1.0,3.905000818808972
sc_1886347_0266,9730,0,2.220446049250313e-16,0.31383493575067156,1.0,0.0,1.0,3.594035591601306
sc_1886347_0266,9730,1,0.5482770347608512,0.7467451289158795,1.0,0.0,1.0,3.594035591601306
sc_1886347_0266,9730,2,0.9413032484908284,1.0941971066049958,0.9999999999999999,1.1102230246251565e-16,1.0,3.594035591601306
sc_1886347_0266,9730,3,1.1566243976345545,1.2148765812458795,0.9999999999999999,1.1102230246251565e-16,1.0,3.594035591601306
sc_1886347_0266,9730,4,1.273298410748405,1.3888168668603802,0.9999999999999999,1.1102230246251565e-16,1.0,3.594035591601306
sc_1886347_0266,9730,5,1.4132687208000028,1.5582213644058136,0.9999999999999996,4.440892098500626e-16,1.0,3.594035591601306
sc_1886347_0267,9763,0,4.440892098500626e-16,0.25861783365688074,0.9999999999999999,1.1102230246251565e-16,1.0,3.7859462086842997
sc_1886347_0267,9763,1,0.5446221143445172,0.8780142311262875,0.9999999999999999,1.1102230246251565e-16,0.9999999999999999,3.7859462086842997
sc_1886347_0267,9763,2,0.9785304000250113,1.120973617389189,1.0,0.0,1.0,3.7859462086842997
sc_1886347_0267,9763,3,1.1442294419733732,1.210526552709581,1.0,0.0,1.0,3.7859462086842997
sc_1886347_0267,9763,4,1.2666188125445859,1.3229377548180767,1.0,0.0,0.9999999999999999,3.7859462086842997
sc_1886347_0267,9763,5,1.3763244361408795,1.4828544206492176,1.0,0.0,1.0,3.7859462086842997
sc_1886347_0268,9795,0,4.440892098500626e-16,0.22590001922050718,1.0,0.0,1.0,3.811673583797467
sc_1886347_0268,9795,1,0.4678891933723064,0.9212102377459802,0.9999999999999999,1.1102230246251565e-16,1.0000000000000002,3.811673583797467
sc_1886347_0268,9795,2,0.9543540461463509,1.1111580908841079,1.0,0.0,1.0,3.811673583797467
sc_1886347_0268,9795,3,1.2222804001984289,1.2316297017253572,1.0,0.0,1.0,3.811673583797467
sc_1886347_0268,9795,4,1.2538620407806575,1.3187301245613592,0.9999999999999999,1.1102230246251565e-16,1.0,3.811673583797467
sc_1886347_0268,9795,5,1.3486924358297006,1.5505469362642315,1.0,0.0,1.0,3.811673583797467
sc_1886347_0269,9828,0,-2.220446049250313e-16,0.2615687293400548,0.9999999999999999,1.1102230246251565e-16,1.0,3.806927793852195
sc_1886347_0269,9828,1,0.5172310044796568,0.8521599777483715,1.0,0.0,1.0,3.806927793852195
sc_1886347_0269,9828,2,0.9172193146783946,1.171133874572813,1.0,0.0,0.9999999999999999,3.806927793852195
sc_1886347_0269,9828,3,1.1885971879095323,1.2276896628378393,1.0000000000000002,2.220446049250313e-16,1.0,3.806927793852195
sc_1886347_0269,9828,4,1.2667978659747108,1.349405332667644,1.0000000000000002,2.220446049250313e-16,1.0,3.806927793852195
sc_1886347_0269,9828,5,1.3785528619791416,1.473263845015771,1.0,0.0,1.0,3.806927793852195
sc_1886347_0270,9861,0,-4.440892098500626e-16,0.2530210805502364,1.0,0.0,1.0,3.716631582619138
sc_1886347_0270,9861,1,0.4750362184316186,0.9162564462208056,0.9999999999999999,1.1102230246251565e-16,1.0,3.716631582619138
sc_1886347_0270,9861,2,0.9569893885463837,1.1526426625825628,0.9999999999999998,2.220446049250313e-16,1.0,3.716631582619138
sc_1886347_0270,9861,3,1.1957249084104267,1.2117459571131453,1.0,0.0,1.0,3.716631582619138
sc_1886347_0270,9861,4,1.2520016512472039,1.335424112104206,1.0000000000000002,2.220446049250313e-16,1.0,3.716631582619138
sc_1886347_0270,9861,5,1.380567826294935,1.532032052443032,1.0,0.0,1.0,3.716631582619138
sc_1886347_0271,9893,0,4.440892098500626e-16,0.17181819261227682,1.0,0.0,1.0,3.7850209630022453
sc_1886347_0271,9893,1,0.5290583437263257,0.9245861692338068,1.0,0.0,1.0,3.7850209630022453
sc_1886347_0271,9893,2,0.9409562327495435,1.1688167554657236,0.9999999999999999,1.1102230246251565e-16,1.0,3.7850209630022453
sc_1886347_0271,9893,3,1.183275607306804,1.2344837385106957,0.9999999999999999,1.1102230246251565e-16,1.0,3.7850209630022453
sc_1886347_0271,9893,4,1.2465527448485645,1.2867455614784702,0.9999999999999998,2.220446049250313e-16,1.0,3.7850209630022453
sc_1886347_0271,9893,5,1.3571015715725407,1.5241091389347903,1.0,0.0,1.0,3.7850209630022453
sc_1886347_0272,9926,0,0.0,0.225848478950625,1.0,0.0,1.0,4.246225392516012
sc_1886347_0272,9926,1,0.5569827967766035,0.9098422602662413,0.9999999999999999,1.1102230246251565e-16,1.0,4.246225392516012
sc_1886347_0272,9926,2,1.0075488023061896,1.1524937984555472,0.9999999999999999,1.1102230246251565e-16,1.0,4.246225392516012
sc_1886347_0272,9926,3,1.1924419025821948,1.2357522894927822,1.0,0.0,1.0,4.246225392516012
sc_1886347_0272,9926,4,1.2411743597932268,1.301905398645357,0.9999999999999999,1.1102230246251565e-16,1.0,4.246225392516012
sc_1886347_0272,9926,5,1.34130473702246,1.4442189143089657,0.9999999999999999,1.1102230246251565e-16,1.0,4.246225392516012
sc_1886347_0273,9959,0,6.661338147750939e-16,0.2803464865863474,0.9999999999999999,1.1102230246251565e-16,1.0,4.152598456960985
sc_1886347_0273,9959,1,0.556522055275521,0.9123921596276796,1.0,0.0,1.0,4.152598456960985
sc_1886347_0273,9959,2,0.9984260778087382,1.1523659132112023,0.9999999999999999,1.1102230246251565e-16,0.9999999999999999,4.152598456960985
sc_1886347_0273,9959,3,1.167791925156531,1.2290147068042128,1.0,0.0,1.0,4.152598456960985
sc_1886347_0273,9959,4,1.2451880736499916,1.3304517464095202,0.9999999999999999,1.1102230246251565e-16,1.0,4.152598456960985
sc_1886347_0273,9959,5,1.3563063487496283,1.45001765362088,1.0,0.0,1.0,4.152598456960985
sc_1886347_0274,9991,0,-2.220446049250313e-16,0.3689139611415835,1.0,0.0,1.0,4.008853636801997
sc_1886347_0274,9991,1,0.5852143075854541,0.8085560915971829,0.9999999999999999,1.1102230246251565e-16,1.0,4.008853636801997
sc_1886347_0274,9991,2,0.9276493560044334,1.1232962508303532,0.9999999999999999,1.1102230246251565e-16,1.0000000000000002,4.008853636801997
sc_1886347_0274,9991,3,1.1330998647951844,1.2143281046682488,1.0,0.0,1.0,4.008853636801997
sc_1886347_0274,9991,4,1.2314696022590406,1.3575706376368728,0.9999999999999999,1.1102230246251565e-16,1.0000000000000002,4.008853636801997
sc_1886347_0274,9991,5,1.3735750813919096,1.488808638666662,0.9999999999999999,1.1102230246251565e-16,1.0,4.008853636801997
sc_1886347_0275,10024,0,0.0,0.43568054208311824,1.0,0.0,1.0,3.932313951364846
sc_1886347_0275,10024,1,0.5932892990954047,0.7413331846203334,1.0,0.0,1.0,3.932313951364846
sc_1886347_0275,10024,2,0.8760767025644796,1.1320295907993627,1.0,0.0,0.9999999999999999,3.932313951364846
sc_1886347_0275,10024,3,1.182159729459112,1.237203057157108,1.0,0.0,1.0,3.932313951364846
sc_1886347_0275,10024,4,1.2781352372697439,1.3279366354499944,1.0,0.0,1.0,3.932313951364846
sc_1886347_0275,10024,5,1.3525447826587427,1.49727524204141,0.9999999999999998,2.220446049250313e-16,1.0,3.932313951364846
sc_1886347_0276,10057,0,-2.220446049250313e-16,0.37459100851676475,1.0,0.0,1.0,3.7400860098854567
sc_1886347_0276,10057,1,0.4767136495826181,0.798110654494891,0.9999999999999998,2.220446049250313e-16,0.9999999999999999,3.7400860098854567
sc_1886347_0276,10057,2,0.920670824239017,1.1080150611771993,0.9999999999999999,1.1102230246251565e-16,1.0,3.7400860098854567
sc_1886347_0276,10057,3,1.1780382789242407,1.2366592862574128,0.9999999999999999,1.1102230246251565e-16,1.0,3.7400860098854567
sc_1886347_0276,10057,4,1.276716446880737,1.3650136552554788,1.0,0.0,0.9999999999999999,3.7400860098854567
sc_1886347_0276,10057,5,1.377275760643316,1.506838246827586,0.9999999999999998,2.220446049250313e-16,1.0,3.7400860098854567
sc_1886347_0277,10089,0,6.661338147750939e-16,0.3239103372057186,0.9999999999999998,2.220446049250313e-16,1.0,3.737532334894462
sc_1886347_0277,10089,1,0.40893414174796194,0.8099331125532907,1.0,0.0,1.0,3.737532334894462
sc_1886347_0277,10089,2,0.9843299785554599,1.1243783865353318,1.0,0.0,0.9999999999999998,3.737532334894462
sc_1886347_0277,10089,3,1.1443270630111562,1.2664648592774992,1.0,0.0,1.0,3.737532334894462
sc_1886347_0277,10089,4,1.28375247325725,1.3337767519687296,1.0,0.0,1.0,3.737532334894462
sc_1886347_0277,10089,5,1.3911121084095046,1.546929857660857,1.0,0.0,1.0,3.737532334894462
sc_1886347_0278,10122,0,-4.440892098500626e-16,0.18710837805627167,1.0,0.0,1.0,3.7472154507178685
sc_1886347_0278,10122,1,0.44320150505706346,0.864474282830433,1.0,0.0,1.0,3.7472154507178685
sc_1886347_0278,10122,2,0.9726405023035717,1.1246972278325627,1.0,0.0,1.0000000000000002,3.7472154507178685
sc_1886347_0278,10122,3,1.210943946060563,1.2609380922191125,1.0,0.0,1.0,3.7472154507178685
sc_1886347_0278,10122,4,1.2803687823049175,1.3413431855954125,0.9999999999999999,1.1102230246251565e-16,1.0,3.7472154507178685
sc_1886347_0278,10122,5,1.3730036333669693,1.5124054870685204,1.0,0.0,1.0,3.7472154507178685
sc_1886347_0279,10155,0,0.0,0.18980062628351835,1.0,0.0,1.0,3.728401320232474
sc_1886347_0279,10155,1,0.47921426131386036,0.845445084820241,1.0,0.0,0.9999999999999999,3.728401320232474
sc_1886347_0279,10155,2,0.9420570438890926,1.1653624203769262,0.9999999999999999,1.1102230246251565e-16,1.0,3.728401320232474
sc_1886347_0279,10155,3,1.2185335122785057,1.244399519107824,0.9999999999999999,1.1102230246251565e-16,1.0,3.728401320232474
sc_1886347_0279,10155,4,1.2778955220562993,1.3520902661567558,1.0,0.0,1.0,3.728401320232474
sc_1886347_0279,10155,5,1.4142520667669363,1.5148376297333055,0.9999999999999999,1.1102230246251565e-16,1.0,3.728401320232474
sc_1886347_0280,10188,0,4.440892098500626e-16,0.2504815563316256,1.0,0.0,1.0,3.6544519585297266
sc_1886347_0280,10188,1,0.36455205091743115,0.8728182979332635,1.0,0.0,1.0,3.6544519585297266
sc_1886347_0280,10188,2,0.8908204475993707,1.2019382768729083,1.0000000000000002,2.220446049250313e-16,1.0,3.6544519585297266
sc_1886347_0280,10188,3,1.230292486752433,1.2726876752113512,1.0,0.0,1.0,3.6544519585297266
sc_1886347_0280,10188,4,1.2852886119135523,1.3145826050849143,0.9999999999999999,1.1102230246251565e-16,1.0,3.6544519585297266
sc_1886347_0280,10188,5,1.356863550146408,1.5186275999686227,0.9999999999999998,2.220446049250313e-16,1.0,3.6544519585297266
sc_1886347_0281,10220,0,4.440892098500626e-16,0.26762261041099045,0.9999999999999999,1.1102230246251565e-16,1.0,3.7144697668982163
sc_1886347_0281,10220,1,0.33754425348675543,0.8486551235738589,0.9999999999999998,2.220446049250313e-16,0.9999999999999999,3.7144697668982163
sc_1886347_0281,10220,2,0.9346828952607055,1.1855629452148722,0.9999999999999999,1.1102230246251565e-16,1.0,3.7144697668982163
sc_1886347_0281,10220,3,1.2114506747658633,1.2776012431202792,0.9999999999999998,2.220446049250313e-16,1.0,3.7144697668982163
sc_1886347_0281,10220,4,1.2859286629616402,1.3362999036066776,0.9999999999999999,1.1102230246251565e-16,1.0000000000000002,3.7144697668982163
sc_1886347_0281,10220,5,1.3606767949450698,1.5094984095472324,1.0,0.0,1.0,3.7144697668982163
sc_1886347_0282,10253,0,6.661338147750939e-16,0.14288588051855755,1.0,0.0,1.0,3.860507132512363
sc_1886347_0282,10253,1,0.42355565806986606,0.9931897191314004,0.9999999999999999,1.1102230246251565e-16,1.0000000000000002,3.860507132512363
sc_1886347_0282,10253,2,1.0643649668377408,1.2168519749881386,0.9999999999999999,1.1102230246251565e-16,1.0,3.860507132512363
sc_1886347_0282,10253,3,1.226095072998857,1.2491449957294332,1.0,0.0,1.0,3.860507132512363
sc_1886347_0282,10253,4,1.2642195699382093,1.2801154820719136,0.9999999999999998,2.220446049250313e-16,1.0,3.860507132512363
sc_1886347_0282,10253,5,1.3011891091567547,1.4614556839014297,1.0000000000000002,2.220446049250313e-16,1.0,3.860507132512363
sc_1886347_0283,10286,0,2.220446049250313e-16,0.2817572630948142,0.9999999999999999,1.1102230246251565e-16,1.0,3.857104698673905
sc_1886347_0283,10286,1,0.49015024573461075,0.8429304597498063,1.0,0.0,1.0,3.857104698673905
sc_1886347_0283,10286,2,1.000334961949806,1.1795132620909803,1.0,0.0,1.0,3.857104698673905
sc_1886347_0283,10286,3,1.1994289054803784,1.2275599172587088,1.0,0.0,1.0,3.857104698673905
sc_1886347_0283,10286,4,1.269256370767811,1.3019663215643602,1.0,0.0,1.0,3.857104698673905
sc_1886347_0283,10286,5,1.35401225585566,1.5064166930099603,0.9999999999999998,2.220446049250313e-16,1.0,3.857104698673905
sc_1886347_0284,10318,0,-8.881784197001252e-16,0.18044696301032315,0.9999999999999998,2.220446049250313e-16,1.0,3.9334685860080056
sc_1886347_0284,10318,1,0.5163304679749777,0.8524833307994384,1.0,0.0,1.0000000000000002,3.9334685860080056
sc_1886347_0284,10318,2,1.0223815788315844,1.1903595305920591,0.9999999999999998,2.220446049250313e-16,1.0,3.9334685860080056
sc_1886347_0284,10318,3,1.2124815284217838,1.2416263456981924,1.0000000000000002,2.220446049250313e-16,1.0,3.9334685860080056
sc_1886347_0284,10318,4,1.256275695851206,1.309571796019039,0.9999999999999999,1.1102230246251565e-16,1.0000000000000002,3.9334685860080056
sc_1886347_0284,10318,5,1.3514044086162305,1.4392400418732414,0.9999999999999999,1.1102230246251565e-16,1.0,3.9334685860080056
sc_1886347_0285,10351,0,-8.881784197001252e-16,0.14267088795445515,1.0,0.0,1.0,4.00903316830331
sc_1886347_0285,10351,1,0.6198477746841172,0.9251344065747844,0.9999999999999999,1.1102230246251565e-16,1.0000000000000002,4.00903316830331
sc_1886347_0285,10351,2,0.9938239229647164,1.1637926596463144,0.9999999999999998,2.220446049250313e-16,1.0,4.00903316830331
sc_1886347_0285,10351,3,1.2184849346922852,1.2365068095077825,1.0,0.0,1.0,4.00903316830331
sc_1886347_0285,10351,4,1.2521265689828822,1.2768143394641558,1.0,0.0,1.0,4.00903316830331
sc_1886347_0285,10351,5,1.2907477186596001,1.4952398856791076,1.0,0.0,1.0,4.00903316830331
sc_1886347_0286,10384,0,2.220446049250313e-16,0.16562659576874106,1.0,0.0,1.0,3.946430928268319
sc_1886347_0286,10384,1,0.5407049167453424,0.9007653917937812,1.0,0.0,1.0,3.946430928268319
sc_1886347_0286,10384,2,0.9235919996554673,1.1817779450590489,1.0,0.0,0.9999999999999999,3.946430928268319
sc_1886347_0286,10384,3,1.206140925341528,1.2269989765879843,0.9999999999999999,1.1102230246251565e-16,1.0,3.946430928268319
sc_1886347_0286,10384,4,1.262430495253938,1.3128890785463145,0.9999999999999998,2.220446049250313e-16,1.0,3.946430928268319
sc_1886347_0286,10384,5,1.3191151406243553,1.5329398713898315,1.0,0.0,1.0,3.946430928268319
sc_1886347_0287,10416,0,2.220446049250313e-16,0.245423758966552,1.0,0.0,1.0,4.1025929189807835
sc_1886347_0287,10416,1,0.6162114626741765,0.870645106569634,0.9999999999999999,1.1102230246251565e-16,1.0000000000000002,4.1025929189807835
sc_1886347_0287,10416,2,0.9717341338344971,1.1034964946507586,1.0000000000000002,2.220446049250313e-16,1.0,4.1025929189807835
sc_1886347_0287,10416,3,1.1713662684530854,1.2759904593684008,1.0000000000000002,2.220446049250313e-16,1.0,4.1025929189807835
sc_1886347_0287,10416,4,1.2932680628258155,1.3255317326715879,1.0,0.0,1.0,4.1025929189807835
sc_1886347_0287,10416,5,1.3509868925857553,1.4662268106846543,1.0,0.0,1.0,4.1025929189807835
sc_1886347_0288,10449,0,2.220446049250313e-16,0.1700316301771867,1.0,0.0,1.0,3.8069893439246902
sc_1886347_0288,10449,1,0.526683423883761,0.8457935478059257,0.9999999999999999,1.1102230246251565e-16,0.9999999999999998,3.8069893439246902
sc_1886347_0288,10449,2,1.0024129048081796,1.1282656578729195,0.9999999999999999,1.1102230246251565e-16,1.0,3.8069893439246902
sc_1886347_0288,10449,3,1.1975296640828332,1.2530883456470268,0.9999999999999999,1.1102230246251565e-16,1.0,3.8069893439246902
sc_1886347_0288,10449,4,1.2756866609958086,1.3225242407370872,0.9999999999999999,1.1102230246251565e-16,1.0,3.8069893439246902
sc_1886347_0288,10449,5,1.3844230327394946,1.5051612949657172,1.0,0.0,1.0,3.8069893439246902
sc_1886347_0289,10482,0,6.661338147750939e-16,0.18808756580832164,1.0,0.0,1.0,3.7977684052510865
sc_1886347_0289,10482,1,0.466064909706996,0.8419377872293553,0.9999999999999999,1.1102230246251565e-16,0.9999999999999999,3.7977684052510865
sc_1886347_0289,10482,2,0.9425776815910764,1.1628741893371468,0.9999999999999999,1.1102230246251565e-16,1.0,3.7977684052510865
sc_1886347_0289,10482,3,1.178998552458325,1.2646734218778162,1.0,0.0,1.0,3.7977684052510865
sc_1886347_0289,10482,4,1.2772000449780485,1.2978158298657434,1.0,0.0,1.0,3.7977684052510865
sc_1886347_0289,10482,5,1.3883011034986956,1.537883134900152,0.9999999999999997,3.3306690738754696e-16,1.0,3.7977684052510865
sc_1886347_0290,10515,0,0.0,0.17748541059704848,0.9999999999999999,1.1102230246251565e-16,1.0,3.6578313220357224
sc_1886347_0290,10515,1,0.5617609189933798,0.7703038843631436,0.9999999999999998,2.220446049250313e-16,1.0000000000000002,3.6578313220357224
sc_1886347_0290,10515,2,0.9468664510231982,1.1551836078395572,0.9999999999999999,1.1102230246251565e-16,1.0,3.6578313220357224
sc_1886347_0290,10515,3,1.1898622921815791,1.258577652077112,1.0,0.0,1.0,3.6578313220357224
sc_1886347_0290,10515,4,1.2694677271838104,1.3753154418974913,1.0,0.0,1.0,3.6578313220357224
sc_1886347_0290,10515,5,1.3995576149955622,1.4965959829679105,0.9999999999999999,1.1102230246251565e-16,1.0,3.6578313220357224
sc_1886347_0291,10547,0,-6.661338147750939e-16,0.21203410442551385,1.0,0.0,1.0,3.8653240252962617
sc_1886347_0291,10547,1,0.6502080802074058,0.8275963901970464,1.0,0.0,1.0,3.8653240252962617
sc_1886347_0291,10547,2,0.9510136769848135,1.1598475360617775,0.9999999999999999,1.1102230246251565e-16,1.0,3.8653240252962617
sc_1886347_0291,10547,3,1.1819542423698781,1.232695762395778,0.9999999999999999,1.1102230246251565e-16,1.0,3.8653240252962617
sc_1886347_0291,10547,4,1.248352006471629,1.3220182867727912,1.0,0.0,1.0,3.8653240252962617
sc_1886347_0291,10547,5,1.3861490034663353,1.532812768082115,1.0,0.0,1.0,3.8653240252962617
sc_1886347_0292,10580,0,-6.661338147750939e-16,0.26717005198644195,1.0,0.0,1.0,3.7578277719517468
sc_1886347_0292,10580,1,0.5713621803258401,0.8680238858230243,0.9999999999999998,2.220446049250313e-16,1.0,3.7578277719517468
sc_1886347_0292,10580,2,0.9734722938765681,1.1400258489952155,1.0,0.0,0.9999999999999999,3.7578277719517468
sc_1886347_0292,10580,3,1.151169583846893,1.2587983595616232,0.9999999999999999,1.1102230246251565e-16,1.0,3.7578277719517468
sc_1886347_0292,10580,4,1.2650607245261498,1.3196192161339775,1.0,0.0,1.0,3.7578277719517468
sc_1886347_0292,10580,5,1.3689850540548443,1.49581780691588,0.9999999999999999,1.1102230246251565e-16,1.0,3.7578277719517468
sc_1886347_0293,10613,0,0.0,0.2391620128979346,1.0,0.0,1.0,3.9008408534677015
sc_1886347_0293,10613,1,0.5830783067681301,0.9045375711514845,1.0000000000000002,2.220446049250313e-16,1.0,3.9008408534677015
sc_1886347_0293,10613,2,0.9927520707930518,1.12514992096829,1.0,0.0,1.0000000000000002,3.9008408534677015
sc_1886347_0293,10613,3,1.1455626544954307,1.2396506191196144,1.0,0.0,1.0,3.9008408534677015
sc_1886347_0293,10613,4,1.2864175034440979,1.3261538423115329,1.0,0.0,1.0,3.9008408534677015
sc_1886347_0293,10613,5,1.3875572713407462,1.4890044257155648,0.9999999999999999,1.1102230246251565e-16,1.0,3.9008408534677015
sc_1886347_0294,10645,0,4.440892098500626e-16,0.2934867645412731,0.9999999999999999,1.1102230246251565e-16,1.0,3.750017587856186
sc_1886347_0294,10645,1,0.6229723491618802,0.7978789214796328,0.9999999999999999,1.1102230246251565e-16,1.0,3.750017587856186
sc_1886347_0294,10645,2,0.8924195980340485,1.1236598608650208,0.9999999999999999,1.1102230246251565e-16,1.0,3.750017587856186
sc_1886347_0294,10645,3,1.169702837820035,1.2235358768304345,0.9999999999999998,2.220446049250313e-16,1.0,3.750017587856186
sc_1886347_0294,10645,4,1.254821540198817,1.3449596657207912,0.9999999999999999,1.1102230246251565e-16,1.0,3.750017587856186
sc_1886347_0294,10645,5,1.380108113907085,1.5277216917840475,1.0,0.0,1.0,3.750017587856186
sc_1886347_0295,10678,0,4.440892098500626e-16,0.3657237591848861,1.0,0.0,1.0,3.8540442540346973
sc_1886347_0295,10678,1,0.5530153289470441,0.7681711250330505,0.9999999999999999,1.1102230246251565e-16,0.9999999999999998,3.8540442540346973
sc_1886347_0295,10678,2,1.0008572905426165,1.1282390467467425,0.9999999999999998,2.220446049250313e-16,1.0,3.8540442540346973
sc_1886347_0295,10678,3,1.167606042563515,1.2429439754022662,0.9999999999999999,1.1102230246251565e-16,1.0,3.8540442540346973
sc_1886347_0295,10678,4,1.2490598844795642,1.3145454785673605,0.9999999999999999,1.1102230246251565e-16,1.0,3.8540442540346973
sc_1886347_0295,10678,5,1.374373668509805,1.4822694456356325,0.9999999999999998,2.220446049250313e-16,1.0,3.8540442540346973
sc_1886347_0296,10711,0,2.220446049250313e-16,0.2753435048591024,1.0,0.0,1.0,3.7732618244012643
sc_1886347_0296,10711,1,0.5336467688140774,0.8215230040858196,1.0,0.0,1.0,3.7732618244012643
sc_1886347_0296,10711,2,0.955998166123,1.1778645651029098,0.9999999999999999,1.1102230246251565e-16,1.0,3.7732618244012643
sc_1886347_0296,10711,3,1.2148571349191046,1.2510506755838189,0.9999999999999999,1.1102230246251565e-16,1.0,3.7732618244012643
sc_1886347_0296,10711,4,1.260414505999004,1.2980192857067177,1.0,0.0,1.0,3.7732618244012643
sc_1886347_0296,10711,5,1.3689336098522296,1.512350411579819,0.9999999999999999,1.1102230246251565e-16,1.0,3.7732618244012643
sc_1886347_0297,10743,0,0.0,0.2237160118964212,1.0,0.0,1.0,3.9747903763851653
sc_1886347_0297,10743,1,0.5821535525155457,0.8032916263270629,1.0,0.0,0.9999999999999999,3.9747903763851653
sc_1886347_0297,10743,2,1.0363655691197309,1.1439264432527543,1.0,0.0,1.0,3.9747903763851653
sc_1886347_0297,10743,3,1.1596143227531173,1.2636836923811803,0.9999999999999999,1.1102230246251565e-16,1.0,3.9747903763851653
sc_1886347_0297,10743,4,1.2700601080232257,1.3351550411471065,0.9999999999999998,2.220446049250313e-16,1.0,3.9747903763851653
sc_1886347_0297,10743,5,1.3565163310279935,1.4614782658711227,1.0,0.0,1.0,3.9747903763851653
sc_1886347_0298,10776,0,4.440892098500626e-16,0.22475168428187975,0.9999999999999999,1.1102230246251565e-16,1.0,3.8920103904551837
sc_1886347_0298,10776,1,0.5093953243673567,0.8067433642921337,0.9999999999999999,1.1102230246251565e-16,1.0000000000000002,3.8920103904551837
sc_1886347_0298,10776,2,1.0025621691540785,1.1507019826339409,1.0000000000000002,2.220446049250313e-16,1.0,3.8920103904551837
sc_1886347_0298,10776,3,1.2121008001506393,1.267690278268613,0.9999999999999999,1.1102230246251565e-16,1.0,3.8920103904551837
sc_1886347_0298,10776,4,1.28247373893432,1.304580812387175,1.0000000000000002,2.220446049250313e-16,1.0,3.8920103904551837
sc_1886347_0298,10776,5,1.346517661655278,1.474986082096454,0.9999999999999999,1.1102230246251565e-16,1.0,3.8920103904551837
sc_1886347_0299,10809,0,4.440892098500626e-16,0.3352625407218821,0.9999999999999999,1.1102230246251565e-16,1.0,4.163950480638368
sc_1886347_0299,10809,1,0.6076130260035246,0.8413114725271839,1.0,0.0,1.0000000000000002,4.163950480638368
sc_1886347_0299,10809,2,0.9909041641784455,1.1180092064746616,1.0,0.0,1.0000000000000002,4.163950480638368
sc_1886347_0299,10809,3,1.1369550385609943,1.2291432570776004,1.0,0.0,1.0,4.163950480638368
sc_1886347_0299,10809,4,1.254660859418745,1.3122286351643475,1.0,0.0,1.0,4.163950480638368
sc_1886347_0299,10809,5,1.3530018604623022,1.4672361819025088,1.0,0.0,1.0,4.163950480638368
sc_1886347_0300,10842,0,4.440892098500626e-16,0.23965262769496398,1.0,0.0,1.0,3.889203028850131
sc_1886347_0300,10842,1,0.5931339249837048,0.8611041703880398,0.9999999999999998,2.220446049250313e-16,1.0,3.889203028850131
sc_1886347_0300,10842,2,0.9612670633319225,1.116270978695975,1.0000000000000002,2.220446049250313e-16,1.0,3.889203028850131
sc_1886347_0300,10842,3,1.1588469443024099,1.244029156416815,0.9999999999999999,1.1102230246251565e-16,1.0,3.889203028850131
sc_1886347_0300,10842,4,1.2624067518207696,1.314843053639849,1.0,0.0,1.0,3.889203028850131
sc_1886347_0300,10842,5,1.3399528011673925,1.4602295573652369,0.9999999999999999,1.1102230246251565e-16,1.0,3.889203028850131
sc_1886347_0301,10874,0,0.0,0.24664686418554171,0.9999999999999999,1.1102230246251565e-16,1.0,3.8689012088191044
sc_1886347_0301,10874,1,0.6283552903798404,0.8187246475147465,0.9999999999999999,1.1102230246251565e-16,1.0,3.8689012088191044
sc_1886347_0301,10874,2,0.963497178817253,1.1257727148187553,1.0,0.0,1.0,3.8689012088191044
sc_1886347_0301,10874,3,1.159593316809966,1.248734272583534,1.0,0.0,1.0,3.8689012088191044
sc_1886347_0301,10874,4,1.2572211068663988,1.3104282438155848,1.0,0.0,1.0,3.8689012088191044
sc_1886347_0301,10874,5,1.3763596316575193,1.5211062920373672,1.0,0.0,1.0,3.8689012088191044
sc_1886347_0302,10907,0,-4.440892098500626e-16,0.34927163278964946,0.9999999999999999,1.1102230246251565e-16,1.0,3.9706682456190365
sc_1886347_0302,10907,1,0.6351632319839006,0.8229115288558527,1.0,0.0,1.0,3.9706682456190365
sc_1886347_0302,10907,2,0.965962542183141,1.1154932497971575,0.9999999999999997,3.3306690738754696e-16,1.0,3.9706682456190365
sc_1886347_0302,10907,3,1.1667599591357483,1.2610914011569547,1.0,0.0,1.0,3.9706682456190365
sc_1886347_0302,10907,4,1.2884266298424243,1.3290337019351022,1.0,0.0,1.0,3.9706682456190365
sc_1886347_0302,10907,5,1.343972879113978,1.4793957096399484,0.9999999999999999,1.1102230246251565e-16,1.0,3.9706682456190365
sc_1886347_0303,11091,0,2.220446049250313e-16,0.24029389898774434,1.0,0.0,1.0,3.732450223891481
sc_1886347_0303,11091,1,0.5013915136615206,0.7922184233983541,1.0,0.0,1.0,3.732450223891481
sc_1886347_0303,11091,2,0.9900093737757328,1.1749484906266288,1.0000000000000002,2.220446049250313e-16,1.0,3.732450223891481
sc_1886347_0303,11091,3,1.1927759711398167,1.2458671805383714,1.0,0.0,1.0,3.732450223891481
sc_1886347_0303,11091,4,1.2570109417062516,1.3642593831079135,0.9999999999999999,1.1102230246251565e-16,1.0,3.732450223891481
sc_1886347_0303,11091,5,1.391165582141667,1.535066868570286,1.0,0.0,1.0,3.732450223891481
sc_1886347_0304,11123,0,-4.440892098500626e-16,0.2621586594640266,1.0000000000000002,2.220446049250313e-16,1.0,3.6974862489373317
sc_1886347_0304,11123,1,0.504157536577136,0.8824432408692916,0.9999999999999999,1.1102230246251565e-16,1.0000000000000002,3.6974862489373317
sc_1886347_0304,11123,2,0.9413953890779201,1.1848856998737363,0.9999999999999999,1.1102230246251565e-16,1.0,3.6974862489373317
sc_1886347_0304,11123,3,1.2163658722085129,1.248420522972086,1.0,0.0,1.0,3.6974862489373317
sc_1886347_0304,11123,4,1.2559287858711148,1.3551464909431796,1.0,0.0,1.0,3.6974862489373317
sc_1886347_0304,11123,5,1.3651774295167887,1.5559161834601205,0.9999999999999999,1.1102230246251565e-16,1.0,3.6974862489373317
sc_1886347_0305,11156,0,-4.440892098500626e-16,0.37371281664196077,0.9999999999999999,1.1102230246251565e-16,1.0,4.106115821806661
sc_1886347_0305,11156,1,0.5019682024095262,0.8935762606483549,1.0,0.0,0.9999999999999999,4.106115821806661
sc_1886347_0305,11156,2,0.9441917489310878,1.1285516051434563,1.0,0.0,1.0,4.106115821806661
sc_1886347_0305,11156,3,1.1498893463751236,1.225413643134007,1.0,0.0,1.0,4.106115821806661
sc_1886347_0305,11156,4,1.2595233544193265,1.3513021200578617,0.9999999999999998,2.220446049250313e-16,1.0,4.106115821806661
sc_1886347_0305,11156,5,1.400445907861639,1.4746032668643518,1.0,0.0,1.0,4.106115821806661
sc_1886347_0306,11613,0,2.220446049250313e-16,0.3623561153171131,0.9999999999999999,1.1102230246251565e-16,1.0,3.9744211796626177
sc_1886347_0306,11613,1,0.4802867309106589,0.8277474742948867,1.0,0.0,1.0,3.9744211796626177
sc_1886347_0306,11613,2,1.0068698453032106,1.1395636112565584,1.0,0.0,1.0,3.9744211796626177
sc_1886347_0306,11613,3,1.1659192621187497,1.2247202246423454,1.0,0.0,1.0,3.9744211796626177
sc_1886347_0306,11613,4,1.231977024163091,1.3185937840845239,0.9999999999999999,1.1102230246251565e-16,1.0,3.9744211796626177
sc_1886347_0306,11613,5,1.3540229425609533,1.5140480029531438,1.0000000000000002,2.220446049250313e-16,1.0,3.9744211796626177
sc_1886347_0307,11645,0,0.0,0.27241766365139597,0.9999999999999998,2.220446049250313e-16,1.0,3.682020765707925
sc_1886347_0307,11645,1,0.5458898882032628,0.7577185724937492,0.9999999999999999,1.1102230246251565e-16,1.0,3.682020765707925
sc_1886347_0307,11645,2,0.95619632515282,1.131458775685607,0.9999999999999999,1.1102230246251565e-16,1.0,3.682020765707925
sc_1886347_0307,11645,3,1.2011307330240804,1.2459795387695787,0.9999999999999998,2.220446049250313e-16,1.0,3.682020765707925
sc_1886347_0307,11645,4,1.2613955497429232,1.3637626160206757,1.0,0.0,1.0,3.682020765707925
sc_1886347_0307,11645,5,1.3758750509689501,1.536997615657341,1.0,0.0,1.0,3.682020765707925
sc_1886347_0308,11678,0,0.0,0.19566247401238712,1.0,0.0,1.0,3.6199271361688155
sc_1886347_0308,11678,1,0.4034478858819608,0.8560274889312779,0.9999999999999998,2.220446049250313e-16,1.0,3.6199271361688155
sc_1886347_0308,11678,2,0.9709303753087556,1.2130982018581404,0.9999999999999998,2.220446049250313e-16,0.9999999999999999,3.6199271361688155
sc_1886347_0308,11678,3,1.2225872812957115,1.2373069730719188,1.0,0.0,1.0,3.6199271361688155
sc_1886347_0308,11678,4,1.2642352304346614,1.3209150302707053,1.0,0.0,1.0,3.6199271361688155
sc_1886347_0308,11678,5,1.3582748069367958,1.5055190654795712,0.9999999999999999,1.1102230246251565e-16,1.0,3.6199271361688155
sc_1886347_0309,11711,0,6.661338147750939e-16,0.2891026439511779,1.0,0.0,1.0,3.7880150555208396
sc_1886347_0309,11711,1,0.469351867457269,0.8497816635916094,1.0,0.0,0.9999999999999999,3.7880150555208396
sc_1886347_0309,11711,2,0.8672844925063526,1.1864786001161787,1.0,0.0,0.9999999999999999,3.7880150555208396
sc_1886347_0309,11711,3,1.222616783437761,1.2549882344167158,0.9999999999999999,1.1102230246251565e-16,1.0,3.7880150555208396
sc_1886347_0309,11711,4,1.2730349852164067,1.332058609008798,1.0,0.0,1.0000000000000002,3.7880150555208396
sc_1886347_0309,11711,5,1.360063055167163,1.50510523958731,0.9999999999999999,1.1102230246251565e-16,1.0,3.7880150555208396
sc_1886347_0310,11743,0,0.0,0.2475330679480594,1.0,0.0,1.0,3.585760025150072
sc_1886347_0310,11743,1,0.49204023178068534,0.8371671296121233,1.0,0.0,1.0,3.585760025150072
sc_1886347_0310,11743,2,0.9637113904994634,1.148076253855423,1.0000000000000002,2.220446049250313e-16,1.0,3.585760025150072
sc_1886347_0310,11743,3,1.1806659702988813,1.2575332435163586,0.9999999999999998,2.220446049250313e-16,1.0,3.585760025150072
sc_1886347_0310,11743,4,1.286127483638833,1.355633113190261,1.0,0.0,1.0,3.585760025150072
sc_1886347_0310,11743,5,1.4200752164238188,1.4950196464833687,1.0,0.0,1.0,3.585760025150072
sc_1886347_0311,11776,0,2.220446049250313e-16,0.25099856671945164,1.0,0.0,1.0,3.817811274358091
sc_1886347_0311,11776,1,0.6055037964641174,0.8879624872577734,1.0000000000000002,2.220446049250313e-16,1.0,3.817811274358091
sc_1886347_0311,11776,2,0.961592672081903,1.1440182273545565,1.0,0.0,0.9999999999999999,3.817811274358091
sc_1886347_0311,11776,3,1.1852080451562368,1.2285336167503134,1.0,0.0,1.0,3.817811274358091
sc_1886347_0311,11776,4,1.2518651689049332,1.338101687420905,1.0,0.0,1.0,3.817811274358091
sc_1886347_0311,11776,5,1.4061192791220571,1.4931100355163716,1.0,0.0,1.0,3.817811274358091
sc_1886347_0312,11809,0,2.220446049250313e-16,0.36050364772544885,0.9999999999999998,2.220446049250313e-16,1.0,3.919606588302724
sc_1886347_0312,11809,1,0.5642372420282359,0.8139463166495041,1.0,0.0,1.0000000000000002,3.919606588302724
sc_1886347_0312,11809,2,0.9157276561469925,1.1141853365382137,1.0,0.0,0.9999999999999999,3.919606588302724
sc_1886347_0312,11809,3,1.1745316149482552,1.247340573244649,1.0,0.0,1.0,3.919606588302724
sc_1886347_0312,11809,4,1.265462648675677,1.3402961475511934,0.9999999999999997,3.3306690738754696e-16,1.0000000000000002,3.919606588302724
sc_1886347_0312,11809,5,1.37764077561179,1.511085498015847,1.0,0.0,1.0,3.919606588302724
sc_1886347_0313,11842,0,0.0,0.2611593608520373,1.0,0.0,1.0,3.8026752265393897
sc_1886347_0313,11842,1,0.427311597925925,0.8962833548066657,1.0000000000000002,2.220446049250313e-16,1.0,3.8026752265393897
sc_1886347_0313,11842,2,0.9494022903815222,1.1663929121639856,1.0,0.0,1.0,3.8026752265393897
sc_1886347_0313,11842,3,1.2218060431491395,1.2548028150860104,1.0000000000000002,2.220446049250313e-16,1.0,3.8026752265393897
sc_1886347_0313,11842,4,1.2624052507179717,1.3039426917889139,1.0,0.0,1.0,3.8026752265393897
sc_1886347_0313,11842,5,1.372280964596522,1.5155460922515407,1.0,0.0,1.0,3.8026752265393897
sc_1886347_0314,11874,0,-4.440892098500626e-16,0.24249263915525177,0.9999999999999999,1.1102230246251565e-16,1.0,3.8903444935684703
sc_1886347_0314,11874,1,0.5109422218113564,0.8401964506555476,1.0,0.0,0.9999999999999998,3.8903444935684703
sc_1886347_0314,11874,2,0.9588637842962092,1.1632018461466336,0.9999999999999998,2.220446049250313e-16,1.0000000000000002,3.8903444935684703
sc_1886347_0314,11874,3,1.2008437975284112,1.252459448931453,0.9999999999999999,1.1102230246251565e-16,1.0,3.8903444935684703
sc_1886347_0314,11874,4,1.2604736043756144,1.3027384255059058,0.9999999999999999,1.1102230246251565e-16,1.0,3.8903444935684703
sc_1886347_0314,11874,5,1.3367058028494923,1.5183843332750124,1.0,0.0,1.0,3.8903444935684703
sc_1886347_0315,11907,0,-2.220446049250313e-16,0.30293843536371523,0.9999999999999999,1.1102230246251565e-16,1.0,3.9293943971063237
sc_1886347_0315,11907,1,0.4033799351775771,0.9199374143947344,1.0000000000000002,2.220446049250313e-16,1.0,3.9293943971063237
sc_1886347_0315,11907,2,0.9772937356979573,1.156512512800508,1.0,0.0,1.0,3.9293943971063237
sc_1886347_0315,11907,3,1.1935484724865586,1.265602932953093,1.0000000000000002,2.220446049250313e-16,1.0,3.9293943971063237
sc_1886347_0315,11907,4,1.2902913787098713,1.3153718944641055,1.0,0.0,1.0,3.9293943971063237
sc_1886347_0315,11907,5,1.3619502905870093,1.4985710298992463,1.0000000000000002,2.220446049250313e-16,1.0,3.9293943971063237
sc_1886347_0316,11940,0,2.220446049250313e-16,0.4000078603266335,0.9999999999999999,1.1102230246251565e-16,1.0,3.9745499477781285
sc_1886347_0316,11940,1,0.4298436796485787,0.9219313791730629,1.0,0.0,1.0000000000000002,3.9745499477781285
sc_1886347_0316,11940,2,0.9659002911324635,1.1505621323414885,1.0,0.0,1.0,3.9745499477781285
sc_1886347_0316,11940,3,1.1752289338479338,1.2522760981732408,0.9999999999999999,1.1102230246251565e-16,1.0,3.9745499477781285
sc_1886347_0316,11940,4,1.2652248790021114,1.345998496281189,1.0,0.0,1.0,3.9745499477781285
sc_1886347_0316,11940,5,1.3652755593499486,1.4577475760378,1.0,0.0,1.0,3.9745499477781285
sc_1886347_0317,11972,0,0.0,0.3396951274731692,1.0000000000000002,2.220446049250313e-16,1.0,3.9637407875076205
sc_1886347_0317,11972,1,0.4293380414179635,0.8899195266215887,1.0,0.0,0.9999999999999999,3.9637407875076205
sc_1886347_0317,11972,2,1.0226805041127034,1.1987252709229845,1.0000000000000002,2.220446049250313e-16,1.0,3.9637407875076205
sc_1886347_0317,11972,3,1.2089136619208105,1.2346012696092363,0.9999999999999997,3.3306690738754696e-16,1.0,3.9637407875076205
sc_1886347_0317,11972,4,1.2392998418320853,1.2779631787224663,1.0000000000000002,2.220446049250313e-16,1.0,3.9637407875076205
sc_1886347_0317,11972,5,1.2942374516692297,1.52230864869822,0.9999999999999999,1.1102230246251565e-16,1.0,3.9637407875076205
sc_1886347_0318,12005,0,-6.661338147750939e-16,0.33767471450274367,0.9999999999999999,1.1102230246251565e-16,1.0,4.10310495269143
sc_1886347_0318,12005,1,0.5929339296239176,0.82162229431836,0.9999999999999999,1.1102230246251565e-16,1.0,4.10310495269143
sc_1886347_0318,12005,2,0.9346876549996431,1.1825850060339453,0.9999999999999999,1.1102230246251565e-16,1.0000000000000002,4.10310495269143
sc_1886347_0318,12005,3,1.1927276014919823,1.234415694775802,1.0000000000000002,2.220446049250313e-16,1.0,4.10310495269143
sc_1886347_0318,12005,4,1.267501632323924,1.2987084634214043,0.9999999999999998,2.220446049250313e-16,1.0,4.10310495269143
sc_1886347_0318,12005,5,1.3338526074645278,1.4508879548470626,1.0,0.0,1.0,4.10310495269143
sc_1886347_0319,12038,0,0.0,0.2013519082775299,0.9999999999999999,1.1102230246251565e-16,1.0,3.7976587541502704
sc_1886347_0319,12038,1,0.41349971556657916,0.9132406692815463,1.0,0.0,1.0,3.7976587541502704
sc_1886347_0319,12038,2,0.9887988601133457,1.2050454985207002,0.9999999999999998,2.220446049250313e-16,1.0000000000000002,3.7976587541502704
sc_1886347_0319,12038,3,1.2068087221491801,1.2586982170747936,0.9999999999999999,1.1102230246251565e-16,1.0,3.7976587541502704
sc_1886347_0319,12038,4,1.2741786353819329,1.3336659089208929,1.0,0.0,1.0,3.7976587541502704
sc_1886347_0319,12038,5,1.3406774869350953,1.4737874466614627,0.9999999999999999,1.1102230246251565e-16,1.0,3.7976587541502704
sc_1886347_0320,12070,0,-2.220446049250313e-16,0.23998443414912574,0.9999999999999999,1.1102230246251565e-16,1.0,4.033464666659491
sc_1886347_0320,12070,1,0.5461776835577459,0.8994999138985758,1.0,0.0,1.0,4.033464666659491
sc_1886347_0320,12070,2,0.9987917647592843,1.2035771703360054,1.0,0.0,0.9999999999999999,4.033464666659491
sc_1886347_0320,12070,3,1.206876737292033,1.2310332121141423,1.0,0.0,1.0,4.033464666659491
sc_1886347_0320,12070,4,1.2568200070219446,1.311367807753852,0.9999999999999999,1.1102230246251565e-16,1.0,4.033464666659491
sc_1886347_0320,12070,5,1.3314984757110402,1.4654148374258371,1.0,0.0,1.0,4.033464666659491
sc_1886347_0321,12103,0,2.220446049250313e-16,0.22334721828803228,1.0,0.0,1.0,3.7916783129926395
sc_1886347_0321,12103,1,0.5638544151291566,0.8687731704944296,1.0,0.0,0.9999999999999999,3.7916783129926395
sc_1886347_0321,12103,2,0.9807099062652563,1.1669906507618404,0.9999999999999999,1.1102230246251565e-16,1.0,3.7916783129926395
sc_1886347_0321,12103,3,1.212326916242404,1.231687219185372,1.0,0.0,1.0,3.7916783129926395
sc_1886347_0321,12103,4,1.2662860399368683,1.3166363241855699,1.0,0.0,1.0,3.7916783129926395
sc_1886347_0321,12103,5,1.343013778713437,1.5136651525623293,0.9999999999999999,1.1102230246251565e-16,1.0,3.7916783129926395
sc_1886347_0322,12136,0,-4.440892098500626e-16,0.23685735867671864,0.9999999999999999,1.1102230246251565e-16,1.0,3.908659191636535
sc_1886347_0322,12136,1,0.6029280643096449,0.821610807014907,1.0,0.0,1.0,3.908659191636535
sc_1886347_0322,12136,2,0.9545758219581701,1.1878596113078144,0.9999999999999999,1.1102230246251565e-16,1.0,3.908659191636535
sc_1886347_0322,12136,3,1.2067853505606934,1.254031488646625,0.9999999999999999,1.1102230246251565e-16,1.0,3.908659191636535
sc_1886347_0322,12136,4,1.2704165305465132,1.3227244704435328,1.0,0.0,1.0,3.908659191636535
sc_1886347_0322,12136,5,1.3498942868379993,1.4572180532022794,0.9999999999999999,1.1102230246251565e-16,1.0,3.908659191636535
sc_1886347_0323,12169,0,6.661338147750939e-16,0.2085604217447281,0.9999999999999999,1.1102230246251565e-16,1.0,3.8283502298350514
sc_1886347_0323,12169,1,0.4584717226665631,0.8852715332079403,0.9999999999999998,2.220446049250313e-16,1.0,3.8283502298350514
sc_1886347_0323,12169,2,0.9766316680633741,1.1509489998529,0.9999999999999999,1.1102230246251565e-16,1.0,3.8283502298350514
sc_1886347_0323,12169,3,1.202508612155466,1.2420258044421095,1.0,0.0,1.0,3.8283502298350514
sc_1886347_0323,12169,4,1.276695475893781,1.313626385388356,0.9999999999999999,1.1102230246251565e-16,1.0000000000000002,3.8283502298350514
sc_1886347_0323,12169,5,1.3488634699147204,1.483717035707317,0.9999999999999998,2.220446049250313e-16,1.0,3.8283502298350514
sc_1886347_0324,12201,0,8.881784197001252e-16,0.24522878389622393,0.9999999999999998,2.220446049250313e-16,1.0,4.021446568368155
sc_1886347_0324,12201,1,0.5631246769230016,0.929431896918914,0.9999999999999999,1.1102230246251565e-16,1.0,4.021446568368155
sc_1886347_0324,12201,2,0.9743889854128214,1.0970498355589082,0.9999999999999999,1.1102230246251565e-16,1.0,4.021446568368155
sc_1886347_0324,12201,3,1.1707844497845548,1.2220242723092907,0.9999999999999998,2.220446049250313e-16,1.0,4.021446568368155
sc_1886347_0324,12201,4,1.2609539306355377,1.308719669844443,1.0,0.0,1.0,4.021446568368155
sc_1886347_0324,12201,5,1.3515145971000804,1.4796627252949146,1.0,0.0,1.0,4.021446568368155
sc_1886347_0325,12234,0,0.0,0.2542436797221883,1.0,0.0,1.0,4.087629328897519
sc_1886347_0325,12234,1,0.511343872856112,0.8251481388474972,0.9999999999999999,1.1102230246251565e-16,1.0000000000000002,4.087629328897519
sc_1886347_0325,12234,2,1.0096348619855278,1.1553307617593753,0.9999999999999998,2.220446049250313e-16,1.0,4.087629328897519
sc_1886347_0325,12234,3,1.187928101423035,1.236932075619369,1.0,0.0,1.0,4.087629328897519
sc_1886347_0325,12234,4,1.2892401177897244,1.3299365809856587,0.9999999999999998,2.220446049250313e-16,0.9999999999999999,4.087629328897519
sc_1886347_0325,12234,5,1.350203625405318,1.4782215774261294,0.9999999999999999,1.1102230246251565e-16,1.0,4.087629328897519
sc_1886347_0326,12388,0,2.220446049250313e-16,0.31376436185061096,0.9999999999999999,1.1102230246251565e-16,1.0,3.9209924280342987
sc_1886347_0326,12388,1,0.45702978323739063,0.7886668238943149,0.9999999999999999,1.1102230246251565e-16,1.0,3.9209924280342987
sc_1886347_0326,12388,2,0.9639724400285198,1.1611331762696893,1.0,0.0,1.0000000000000002,3.9209924280342987
sc_1886347_0326,12388,3,1.2175874216370683,1.2294145966133474,0.9999999999999999,1.1102230246251565e-16,1.0,3.9209924280342987
sc_1886347_0326,12388,4,1.2768577494200388,1.3297281360269069,0.9999999999999997,3.3306690738754696e-16,1.0,3.9209924280342987
sc_1886347_0326,12388,5,1.4013246514185593,1.4925917016633163,0.9999999999999997,3.3306690738754696e-16,1.0,3.9209924280342987
sc_1886347_0327,12420,0,1.1102230246251565e-15,0.24172704095936393,0.9999999999999999,1.1102230246251565e-16,1.0,3.9996010630747576
sc_1886347_0327,12420,1,0.5493030234134559,0.8230769378481505,0.9999999999999999,1.1102230246251565e-16,1.0,3.9996010630747576
sc_1886347_0327,12420,2,0.9585911263142681,1.129532042945526,0.9999999999999999,1.1102230246251565e-16,1.0,3.9996010630747576
sc_1886347_0327,12420,3,1.1778641717710823,1.242449361331746,0.9999999999999999,1.1102230246251565e-16,1.0,3.9996010630747576
sc_1886347_0327,12420,4,1.2633062355685962,1.3336860259623415,0.9999999999999999,1.1102230246251565e-16,1.0,3.9996010630747576
sc_1886347_0327,12420,5,1.3913694412179671,1.4954722531880753,1.0,0.0,1.0,3.9996010630747576
sc_1886347_0328,12453,0,4.440892098500626e-16,0.20798289133409642,0.9999999999999999,1.1102230246251565e-16,1.0,4.0868149290310924
sc_1886347_0328,12453,1,0.5596015254048385,0.8718150606509131,0.9999999999999999,1.1102230246251565e-16,1.0,4.0868149290310924
sc_1886347_0328,12453,2,0.9371270450048691,1.1418448861994344,0.9999999999999998,2.220446049250313e-16,1.0,4.0868149290310924
sc_1886347_0328,12453,3,1.1746137403728667,1.218854894489911,1.0,0.0,1.0,4.0868149290310924
sc_1886347_0328,12453,4,1.24397267950382,1.3541512043167843,1.0,0.0,1.0,4.0868149290310924
sc_1886347_0328,12453,5,1.3782300889202508,1.4690041675286183,1.0000000000000002,2.220446049250313e-16,1.0,4.0868149290310924
sc_1886347_0329,12486,0,6.661338147750939e-16,0.19004634539384813,1.0,0.0,1.0,4.111674295864191
sc_1886347_0329,12486,1,0.5563983757189148,0.9236395599796788,1.0,0.0,1.0,4.111674295864191
sc_1886347_0329,12486,2,0.9466899216038117,1.1508338995092504,1.0000000000000002,2.220446049250313e-16,1.0,4.111674295864191
sc_1886347_0329,12486,3,1.1803648675740983,1.240645827639021,0.9999999999999998,2.220446049250313e-16,1.0,4.111674295864191
sc_1886347_0329,12486,4,1.2541908991593433,1.3378229527928025,1.0,0.0,0.9999999999999998,4.111674295864191
sc_1886347_0329,12486,5,1.370720063325123,1.5028136896102298,0.9999999999999998,2.220446049250313e-16,1.0,4.111674295864191
sc_1886347_0330,12518,0,0.0,0.3583848990789178,0.9999999999999999,1.1102230246251565e-16,1.0,4.084773031329933
sc_1886347_0330,12518,1,0.4576180746411347,0.780101318843972,0.9999999999999998,2.220446049250313e-16,1.0,4.084773031329933
sc_1886347_0330,12518,2,0.9681977254680211,1.1415535557975054,0.9999999999999999,1.1102230246251565e-16,1.0000000000000002,4.084773031329933
sc_1886347_0330,12518,3,1.1682506835090278,1.1900305452499187,1.0,0.0,1.0,4.084773031329933
sc_1886347_0330,12518,4,1.2277087546362098,1.3615303318951608,1.0,0.0,1.0,4.084773031329933
sc_1886347_0330,12518,5,1.3685805483650553,1.528494219496597,0.9999999999999998,2.220446049250313e-16,1.0,4.084773031329933
sc_1886347_0331,12551,0,4.440892098500626e-16,0.34428284780900986,0.9999999999999999,1.1102230246251565e-16,1.0,3.857540903959174
sc_1886347_0331,12551,1,0.4170155296687512,0.8976215716500229,1.0,0.0,1.0,3.857540903959174
sc_1886347_0331,12551,2,0.9511215850510908,1.126397200407921,1.0,0.0,1.0,3.857540903959174
sc_1886347_0331,12551,3,1.1692847590549487,1.2420702966344057,1.0,0.0,1.0,3.857540903959174
sc_1886347_0331,12551,4,1.2499580535488315,1.3449669765186285,1.0,0.0,0.9999999999999999,3.857540903959174
sc_1886347_0331,12551,5,1.3585655815067714,1.5068845054253197,0.9999999999999998,2.220446049250313e-16,1.0,3.857540903959174
sc_1886347_0332,12584,0,-2.220446049250313e-16,0.3617568326131666,1.0,0.0,1.0,3.917209208492987
sc_1886347_0332,12584,1,0.5506039730257756,0.8343058033725786,0.9999999999999998,2.220446049250313e-16,1.0,3.917209208492987
sc_1886347_0332,12584,2,0.9315842053382396,1.0989657558914763,1.0,0.0,1.0,3.917209208492987
sc_1886347_0332,12584,3,1.141829291398857,1.2356242097130505,1.0,0.0,1.0,3.917209208492987
sc_1886347_0332,12584,4,1.2589898352869047,1.33069146459787,1.0,0.0,1.0,3.917209208492987
sc_1886347_0332,12584,5,1.3517950650413062,1.4949500286992201,1.0,0.0,1.0,3.917209208492987
sc_1886347_0333,12617,0,-6.661338147750939e-16,0.33182226792629343,1.0,0.0,1.0,3.947879120462061
sc_1886347_0333,12617,1,0.5171083893668581,0.9002622055689534,1.0,0.0,1.0000000000000002,3.947879120462061
sc_1886347_0333,12617,2,0.9508355370022028,1.1205753452947913,0.9999999999999999,1.1102230246251565e-16,1.0000000000000002,3.947879120462061
sc_1886347_0333,12617,3,1.164137060903611,1.2619976601977005,1.0,0.0,1.0,3.947879120462061
sc_1886347_0333,12617,4,1.2778324210463912,1.331819815491432,1.0,0.0,1.0000000000000002,3.947879120462061
sc_1886347_0333,12617,5,1.3603982564952855,1.4992394296005287,0.9999999999999999,1.1102230246251565e-16,1.0,3.947879120462061
sc_1886347_0334,12649,0,-2.220446049250313e-16,0.38611518101048725,1.0,0.0,1.0,3.944179408486062
sc_1886347_0334,12649,1,0.606297613699021,0.8797082754950443,1.0,0.0,1.0,3.944179408486062
sc_1886347_0334,12649,2,0.9270824617120549,1.1196957988522636,1.0,0.0,1.0000000000000002,3.944179408486062
sc_1886347_0334,12649,3,1.1632045727008347,1.2393201754693322,1.0,0.0,1.0,3.944179408486062
sc_1886347_0334,12649,4,1.2674057313293814,1.3164069550190904,1.0,0.0,1.0,3.944179408486062
sc_1886347_0334,12649,5,1.3871633795869571,1.4871842628009269,1.0,0.0,1.0,3.944179408486062
sc_1886347_0335,12682,0,-2.220446049250313e-16,0.418203747729196,1.0,0.0,1.0,3.783440192830922
sc_1886347_0335,12682,1,0.5101581220944484,0.8472053476441102,1.0,0.0,1.0000000000000002,3.783440192830922
sc_1886347_0335,12682,2,0.8619275927200902,1.164622155328238,0.9999999999999999,1.1102230246251565e-16,1.0,3.783440192830922
sc_1886347_0335,12682,3,1.1683828722599938,1.219140265917872,1.0,0.0,1.0,3.783440192830922
sc_1886347_0335,12682,4,1.235779471160829,1.3326843525710637,1.0,0.0,1.0,3.783440192830922
sc_1886347_0335,12682,5,1.3630626909132346,1.5143339094944381,1.0000000000000002,2.220446049250313e-16,1.0,3.783440192830922
sc_1886347_0336,12715,0,8.881784197001252e-16,0.31488510690662186,0.9999999999999999,1.1102230246251565e-16,1.0,3.8627772421660316
sc_1886347_0336,12715,1,0.5116094888120435,0.813147252158963,1.0000000000000002,2.220446049250313e-16,1.0,3.8627772421660316
sc_1886347_0336,12715,2,0.944534786566166,1.1718329109673489,0.9999999999999999,1.1102230246251565e-16,1.0,3.8627772421660316
sc_1886347_0336,12715,3,1.1941107797371908,1.2274819117780122,1.0,0.0,1.0,3.8627772421660316
sc_1886347_0336,12715,4,1.279618681179833,1.3060461123342137,0.9999999999999999,1.1102230246251565e-16,1.0,3.8627772421660316
sc_1886347_0336,12715,5,1.3622613455359163,1.5182706402815092,1.0,0.0,1.0,3.8627772421660316
sc_1886347_0337,12747,0,1.1102230246251565e-15,0.31902224966073534,0.9999999999999998,2.220446049250313e-16,1.0,4.19684507257478
sc_1886347_0337,12747,1,0.5028351248607851,0.8195718054022108,1.0,0.0,1.0,4.19684507257478
sc_1886347_0337,12747,2,0.9606002781351234,1.141024448027546,1.0,0.0,1.0000000000000002,4.19684507257478
sc_1886347_0337,12747,3,1.1756375135781636,1.2506624160440964,1.0,0.0,1.0,4.19684507257478
sc_1886347_0337,12747,4,1.2706922243457295,1.3208159109020197,0.9999999999999999,1.1102230246251565e-16,1.0,4.19684507257478
sc_1886347_0337,12747,5,1.3297665858552377,1.4687247535900105,0.9999999999999999,1.1102230246251565e-16,1.0,4.19684507257478
sc_1886347_0338,12780,0,2.220446049250313e-16,0.14878544160702334,1.0,0.0,1.0,3.8972465724673255
sc_1886347_0338,12780,1,0.5163030835723996,0.9150029570814096,0.9999999999999999,1.1102230246251565e-16,1.0,3.8972465724673255
sc_1886347_0338,12780,2,1.0005360410885071,1.1834913813827868,1.0,0.0,1.0000000000000002,3.8972465724673255
sc_1886347_0338,12780,3,1.2385182841573141,1.250015865062069,0.9999999999999997,3.3306690738754696e-16,1.0,3.8972465724673255
sc_1886347_0338,12780,4,1.2695415100573162,1.3257790277933654,0.9999999999999999,1.1102230246251565e-16,1.0,3.8972465724673255
sc_1886347_0338,12780,5,1.3379810386994542,1.4708181561247304,0.9999999999999999,1.1102230246251565e-16,1.0,3.8972465724673255
sc_1886347_0339,12813,0,-2.220446049250313e-16,0.21132887157100266,1.0,0.0,1.0,4.082601724267516
sc_1886347_0339,12813,1,0.5016510246058067,0.9721428439488353,0.9999999999999999,1.1102230246251565e-16,1.0,4.082601724267516
sc_1886347_0339,12813,2,1.0648409887644634,1.1756863309144596,1.0,0.0,1.0000000000000002,4.082601724267516
sc_1886347_0339,12813,3,1.1918076800108635,1.2450752354891979,1.0,0.0,1.0,4.082601724267516
sc_1886347_0339,12813,4,1.2652756677986068,1.322553479304085,0.9999999999999999,1.1102230246251565e-16,1.0,4.082601724267516
sc_1886347_0339,12813,5,1.3251878730028308,1.3914360280196187,1.0,0.0,1.0,4.082601724267516
sc_1886347_0340,12845,0,4.440892098500626e-16,0.20112200265022873,1.0,0.0,1.0,4.013789820085475
sc_1886347_0340,12845,1,0.5864444875990924,0.8852706480344469,0.9999999999999998,2.220446049250313e-16,1.0,4.013789820085475
sc_1886347_0340,12845,2,1.0379581552840516,1.1297433528568201,1.0000000000000002,2.220446049250313e-16,1.0,4.013789820085475
sc_1886347_0340,12845,3,1.1702448048275442,1.2375198422389648,0.9999999999999998,2.220446049250313e-16,1.0,4.013789820085475
sc_1886347_0340,12845,4,1.262891021603786,1.3177984232712268,1.0,0.0,1.0,4.013789820085475
sc_1886347_0340,12845,5,1.336031958490009,1.4557498373683302,1.0,0.0,1.0,4.013789820085475
sc_1886347_0341,12878,0,-2.220446049250313e-16,0.23818242182002525,1.0,0.0,1.0,3.8745733751778735
sc_1886347_0341,12878,1,0.5681224865033228,0.9290487590430824,1.0,0.0,1.0,3.8745733751778735
sc_1886347_0341,12878,2,0.9887221378440936,1.1148531430076243,0.9999999999999999,1.1102230246251565e-16,1.0,3.8745733751778735
sc_1886347_0341,12878,3,1.154049664339188,1.2473944741889573,0.9999999999999999,1.1102230246251565e-16,1.0,3.8745733751778735
sc_1886347_0341,12878,4,1.2898350520882362,1.328239483272645,1.0,0.0,1.0,3.8745733751778735
sc_1886347_0341,12878,5,1.3434459574415851,1.4515646408660534,0.9999999999999998,2.220446049250313e-16,1.0,3.8745733751778735
sc_1886347_0342,12911,0,4.440892098500626e-16,0.22608347319826283,1.0,0.0,1.0,3.8669097724730426
sc_1886347_0342,12911,1,0.5367738478338605,0.8746234934332774,0.9999999999999999,1.1102230246251565e-16,1.0,3.8669097724730426
sc_1886347_0342,12911,2,0.9940660301437048,1.1383371303397407,0.9999999999999999,1.1102230246251565e-16,0.9999999999999998,3.8669097724730426
sc_1886347_0342,12911,3,1.1789856228274627,1.2286656399716565,0.9999999999999998,2.220446049250313e-16,1.0,3.8669097724730426
sc_1886347_0342,12911,4,1.288085705555613,1.3283453757417818,1.0000000000000002,2.220446049250313e-16,1.0,3.8669097724730426
sc_1886347_0342,12911,5,1.343545950790778,1.474528138804523,0.9999999999999999,1.1102230246251565e-16,1.0,3.8669097724730426
sc_1886347_0343,13083,0,4.440892098500626e-16,0.17068752118416497,1.0,0.0,1.0,3.79578279663884
sc_1886347_0343,13083,1,0.50053549894969,0.8975194570301714,1.0,0.0,1.0,3.79578279663884
sc_1886347_0343,13083,2,0.9893059635943392,1.189733751461892,1.0,0.0,1.0,3.79578279663884
sc_1886347_0343,13083,3,1.2226810075135461,1.2584227169798965,1.0,0.0,1.0,3.79578279663884
sc_1886347_0343,13083,4,1.2795631655203694,1.2881867082869267,1.0,0.0,1.0,3.79578279663884
sc_1886347_0343,13083,5,1.3470269323534754,1.5106107943646687,0.9999999999999998,2.220446049250313e-16,1.0,3.79578279663884
sc_1886347_0344,13116,0,0.0,0.2649126118490852,0.9999999999999999,1.1102230246251565e-16,1.0,3.6578706635719804
sc_1886347_0344,13116,1,0.4265627396369105,0.8209473225692638,0.9999999999999999,1.1102230246251565e-16,0.9999999999999999,3.6578706635719804
sc_1886347_0344,13116,2,0.897288668574638,1.1604491142791742,1.0,0.0,1.0,3.6578706635719804
sc_1886347_0344,13116,3,1.2184756850582583,1.2654286368532546,1.0,0.0,1.0,3.6578706635719804
sc_1886347_0344,13116,4,1.2787026462006297,1.3425943498213428,1.0,0.0,1.0,3.6578706635719804
sc_1886347_0344,13116,5,1.3544653160087257,1.5546586534885387,0.9999999999999999,1.1102230246251565e-16,1.0,3.6578706635719804
sc_1886347_0345,13149,0,2.220446049250313e-16,0.20739665870278312,1.0000000000000002,2.220446049250313e-16,1.0,3.947756360165968
sc_1886347_0345,13149,1,0.4738321030015169,0.8589837942858732,0.9999999999999999,1.1102230246251565e-16,1.0,3.947756360165968
sc_1886347_0345,13149,2,0.9211796835813612,1.1768927631505752,1.0,0.0,1.0,3.947756360165968
sc_1886347_0345,13149,3,1.2078629290127085,1.2558571864169934,0.9999999999999999,1.1102230246251565e-16,1.0,3.947756360165968
sc_1886347_0345,13149,4,1.2890844102243157,1.3357861975355632,0.9999999999999999,1.1102230246251565e-16,1.0,3.947756360165968
sc_1886347_0345,13149,5,1.37664775824944,1.4814951557797815,1.0,0.0,1.0,3.947756360165968
sc_1886347_0346,13182,0,6.661338147750939e-16,0.25963255856920076,1.0,0.0,1.0,4.077508491252152
sc_1886347_0346,13182,1,0.5382109315492543,0.852013812405208,0.9999999999999999,1.1102230246251565e-16,1.0,4.077508491252152
sc_1886347_0346,13182,2,0.9786889428950335,1.1544682255472736,1.0,0.0,1.0000000000000002,4.077508491252152
sc_1886347_0346,13182,3,1.1668032397432484,1.2158885698770252,1.0,0.0,1.0,4.077508491252152
sc_1886347_0346,13182,4,1.2602390462792012,1.3496763174208424,0.9999999999999999,1.1102230246251565e-16,1.0,4.077508491252152
sc_1886347_0346,13182,5,1.3577958769058973,1.4821456671785225,1.0,0.0,1.0,4.077508491252152
sc_1886347_0347,13214,0,-2.220446049250313e-16,0.3191336954677624,1.0,0.0,1.0,3.98984974656688
sc_1886347_0347,13214,1,0.560706100737001,0.9369575648631947,0.9999999999999999,1.1102230246251565e-16,1.0,3.98984974656688
sc_1886347_0347,13214,2,0.9574812938121438,1.124587300049727,0.9999999999999999,1.1102230246251565e-16,1.0,3.98984974656688
sc_1886347_0347,13214,3,1.133164818787667,1.23097044567748,1.0000000000000002,2.220446049250313e-16,1.0,3.98984974656688
sc_1886347_0347,13214,4,1.2595855257162143,1.3140387171907617,1.0,0.0,0.9999999999999999,3.98984974656688
sc_1886347_0347,13214,5,1.3533787623597175,1.4453505844846917,1.0,0.0,1.0,3.98984974656688
sc_1886347_0348,13247,0,-2.220446049250313e-16,0.3625571944643886,1.0000000000000002,2.220446049250313e-16,1.0,4.125709954652825
sc_1886347_0348,13247,1,0.47085531511717527,0.9303651582263415,1.0,0.0,1.0,4.125709954652825
sc_1886347_0348,13247,2,0.9937625957897461,1.1439331836557391,0.9999999999999999,1.1102230246251565e-16,1.0,4.125709954652825
sc_1886347_0348,13247,3,1.1689412578605962,1.220580783377974,1.0,0.0,1.0,4.125709954652825
sc_1886347_0348,13247,4,1.2349136529431077,1.3188007326266191,1.0,0.0,0.9999999999999999,4.125709954652825
sc_1886347_0348,13247,5,1.3422728366348253,1.4758911752833532,1.0,0.0,1.0,4.125709954652825
sc_1886347_0349,13280,0,4.440892098500626e-16,0.25719215242821036,1.0,0.0,1.0,4.202349770394912
sc_1886347_0349,13280,1,0.5189380603399179,0.8959760835851607,0.9999999999999999,1.1102230246251565e-16,1.0,4.202349770394912
sc_1886347_0349,13280,2,1.0412079394596492,1.15423062627249,0.9999999999999999,1.1102230246251565e-16,1.0,4.202349770394912
sc_1886347_0349,13280,3,1.2043060743853786,1.260420729906256,0.9999999999999999,1.1102230246251565e-16,1.0,4.202349770394912
sc_1886347_0349,13280,4,1.2628286213186628,1.302049095780549,0.9999999999999999,1.1102230246251565e-16,1.0000000000000002,4.202349770394912
sc_1886347_0349,13280,5,1.332635995218507,1.445794243075794,0.9999999999999999,1.1102230246251565e-16,1.0,4.202349770394912
sc_1886347_0350,13312,0,6.661338147750939e-16,0.14472878561343805,1.0,0.0,1.0,3.9543920332174407
sc_1886347_0350,13312,1,0.5856647869130177,0.8489975504436101,0.9999999999999999,1.1102230246251565e-16,1.0,3.9543920332174407
sc_1886347_0350,13312,2,1.0012462336410695,1.1740553106855793,1.0,0.0,0.9999999999999999,3.9543920332174407
sc_1886347_0350,13312,3,1.218299030688598,1.2584616030738371,1.0,0.0,1.0,3.9543920332174407
sc_1886347_0350,13312,4,1.273751928139228,1.3073972038796464,1.0,0.0,1.0,3.9543920332174407
sc_1886347_0350,13312,5,1.360625486994168,1.4813826863529536,1.0,0.0,1.0,3.9543920332174407
sc_1886347_0351,13345,0,-2.220446049250313e-16,0.12125575306617309,0.9999999999999999,1.1102230246251565e-16,1.0,3.9242762684632537
sc_1886347_0351,13345,1,0.6246267486670355,0.8684553507168576,0.9999999999999999,1.1102230246251565e-16,1.0,3.9242762684632537
sc_1886347_0351,13345,2,1.0310946566596666,1.1507520011268928,0.9999999999999998,2.220446049250313e-16,1.0,3.9242762684632537
sc_1886347_0351,13345,3,1.195166934775773,1.2434163113762617,1.0,0.0,1.0,3.9242762684632537
sc_1886347_0351,13345,4,1.252993437378954,1.2829429470209535,1.0,0.0,1.0,3.9242762684632537
sc_1886347_0351,13345,5,1.352723707871236,1.512754361306448,0.9999999999999999,1.1102230246251565e-16,1.0,3.9242762684632537
sc_1886347_0352,13378,0,4.440892098500626e-16,0.2386625508981559,1.0,0.0,1.0,4.001618340784435
sc_1886347_0352,13378,1,0.6349989795746046,0.9314916395624041,1.0,0.0,1.0,4.001618340784435
sc_1886347_0352,13378,2,0.9707638581379948,1.1796422748852782,1.0,0.0,1.0,4.001618340784435
sc_1886347_0352,13378,3,1.196481653431758,1.2250285029588515,0.9999999999999998,2.220446049250313e-16,1.0,4.001618340784435
sc_1886347_0352,13378,4,1.2606495332680299,1.2817991113189482,1.0,0.0,1.0,4.001618340784435
sc_1886347_0352,13378,5,1.303632774357105,1.480187346105789,1.0,0.0,1.0,4.001618340784435
sc_1886347_0353,13410,0,2.220446049250313e-16,0.24946041286168463,1.0,0.0,1.0,4.028198871532989
sc_1886347_0353,13410,1,0.6260381410655029,0.9360009902333462,1.0,0.0,1.0000000000000002,4.028198871532989
sc_1886347_0353,13410,2,0.9827422584451109,1.1244752111597784,1.0,0.0,1.0,4.028198871532989
sc_1886347_0353,13410,3,1.1774787581502124,1.2378547828588662,0.9999999999999999,1.1102230246251565e-16,1.0,4.028198871532989
sc_1886347_0353,13410,4,1.2764187252038548,1.3325406533875954,0.9999999999999999,1.1102230246251565e-16,1.0,4.028198871532989
sc_1886347_0353,13410,5,1.3559820858501996,1.4826100396181703,0.9999999999999999,1.1102230246251565e-16,1.0,4.028198871532989
sc_1886347_0354,13830,0,0.0,0.12655453691067997,0.9999999999999998,2.220446049250313e-16,1.0,3.874769437308899
sc_1886347_0354,13830,1,0.5671949965314105,0.9904953358272138,0.9999999999999999,1.1102230246251565e-16,1.0,3.874769437308899
sc_1886347_0354,13830,2,1.0102851617246782,1.1418201776383268,0.9999999999999999,1.1102230246251565e-16,1.0,3.874769437308899
sc_1886347_0354,13830,3,1.1771555075746278,1.2079720450978044,1.0000000000000002,2.220446049250313e-16,1.0,3.874769437308899
sc_1886347_0354,13830,4,1.2174054902383706,1.2974277999868762,0.9999999999999999,1.1102230246251565e-16,0.9999999999999999,3.874769437308899
sc_1886347_0354,13830,5,1.3653119482526788,1.728263192452157,0.9999999999999999,1.1102230246251565e-16,1.0,3.874769437308899
sc_1886347_0355,13863,0,0.0,0.08266229253074875,0.9999999999999999,1.1102230246251565e-16,1.0,3.745439607474297
sc_1886347_0355,13863,1,0.6003266406780516,0.9982656166371726,1.0,0.0,1.0000000000000002,3.745439607474297
sc_1886347_0355,13863,2,1.0174993653098048,1.139693658998439,1.0,0.0,1.0,3.745439607474297
sc_1886347_0355,13863,3,1.1578015377057387,1.2110973596405314,1.0,0.0,1.0,3.745439607474297
sc_1886347_0355,13863,4,1.2518293530212858,1.2907333810790085,1.0000000000000002,2.220446049250313e-16,1.0,3.745439607474297
sc_1886347_0355,13863,5,1.365275467880479,1.6859372353646327,0.9999999999999999,1.1102230246251565e-16,1.0,3.745439607474297
sc_1886347_0356,13896,0,-2.220446049250313e-16,0.08219329500717554,1.0,0.0,1.0,3.7447870376729275
sc_1886347_0356,13896,1,0.6834231192709583,0.8883470272126563,0.9999999999999999,1.1102230246251565e-16,1.0,3.7447870376729275
sc_1886347_0356,13896,2,0.9737128813543691,1.1427427330587017,1.0,0.0,1.0,3.7447870376729275
sc_1886347_0356,13896,3,1.1820754764942099,1.2221703852663963,0.9999999999999999,1.1102230246251565e-16,1.0,3.7447870376729275
sc_1886347_0356,13896,4,1.2657194060601182,1.3322387632966317,0.9999999999999999,1.1102230246251565e-16,1.0,3.7447870376729275
sc_1886347_0356,13896,5,1.3391348379836874,1.6303928663200715,1.0,0.0,1.0,3.7447870376729275
sc_1886347_0357,13928,0,0.0,0.10978887572865581,1.0,0.0,1.0,3.8548635405192364
sc_1886347_0357,13928,1,0.5209030033110397,0.9939472090129838,1.0,0.0,1.0,3.8548635405192364
sc_1886347_0357,13928,2,1.0000002152336138,1.1559425205792073,0.9999999999999999,1.1102230246251565e-16,0.9999999999999999,3.8548635405192364
sc_1886347_0357,13928,3,1.1897643728363516,1.249035821544584,1.0000000000000002,2.220446049250313e-16,1.0,3.8548635405192364
sc_1886347_0357,13928,4,1.2857913458883115,1.3242083971716205,0.9999999999999999,1.1102230246251565e-16,1.0,3.8548635405192364
sc_1886347_0357,13928,5,1.3912561490088307,1.5075530434835183,1.0,0.0,1.0,3.8548635405192364
sc_1886347_0358,13961,0,0.0,0.25259202229690136,1.0,0.0,1.0,3.7865474451884635
sc_1886347_0358,13961,1,0.4751786291853177,0.830800870475035,0.9999999999999999,1.1102230246251565e-16,1.0,3.7865474451884635
sc_1886347_0358,13961,2,0.9297763264404961,1.1381033820799207,0.9999999999999999,1.1102230246251565e-16,1.0,3.7865474451884635
sc_1886347_0358,13961,3,1.1455398335434182,1.2707731065638166,1.0,0.0,1.0,3.7865474451884635
sc_1886347_0358,13961,4,1.3067192936096441,1.3775713226147748,1.0,0.0,1.0,3.7865474451884635
sc_1886347_0358,13961,5,1.3930046796277817,1.5033922563173376,0.9999999999999999,1.1102230246251565e-16,1.0,3.7865474451884635
sc_1886347_0359,14244,0,2.220446049250313e-16,0.2767802244499371,1.0,0.0,1.0,4.404636983062476
sc_1886347_0359,14244,1,0.5184433914866164,0.9209484194232237,0.9999999999999999,1.1102230246251565e-16,1.0,4.404636983062476
sc_1886347_0359,14244,2,1.0031227371706692,1.1517300361780867,0.9999999999999999,1.1102230246251565e-16,1.0,4.404636983062476
sc_1886347_0359,14244,3,1.188157541370368,1.2213080088682204,0.9999999999999999,1.1102230246251565e-16,1.0,4.404636983062476
sc_1886347_0359,14244,4,1.2903900111606486,1.3268979078733014,1.0,0.0,1.0,4.404636983062476
sc_1886347_0359,14244,5,1.3852140490775786,1.4669035362281468,0.9999999999999999,1.1102230246251565e-16,1.0,4.404636983062476
sc_1886347_0360,14276,0,2.220446049250313e-16,0.28736727365521575,0.9999999999999999,1.1102230246251565e-16,1.0,4.284002448601554
sc_1886347_0360,14276,1,0.5230086566336895,0.8646292743130616,1.0,0.0,1.0,4.284002448601554
sc_1886347_0360,14276,2,1.0062659416553705,1.144325199215206,0.9999999999999999,1.1102230246251565e-16,1.0,4.284002448601554
sc_1886347_0360,14276,3,1.1733631905149362,1.2507590776887318,0.9999999999999999,1.1102230246251565e-16,1.0,4.284002448601554
sc_1886347_0360,14276,4,1.262077238920342,1.351112079736669,0.9999999999999998,2.220446049250313e-16,1.0,4.284002448601554
sc_1886347_0360,14276,5,1.3779281202797684,1.46697715542522,1.0,0.0,1.0,4.284002448601554
sc_1886347_0361,14309,0,2.220446049250313e-16,0.3890732131327683,1.0,0.0,1.0,4.116127144478994
sc_1886347_0361,14309,1,0.5109362138014037,0.8286459372995344,0.9999999999999999,1.1102230246251565e-16,1.0,4.116127144478994
sc_1886347_0361,14309,2,0.9959107399031301,1.0967004794627049,0.9999999999999998,2.220446049250313e-16,1.0,4.116127144478994
sc_1886347_0361,14309,3,1.164647028730548,1.2179932284815473,1.0000000000000002,2.220446049250313e-16,1.0,4.116127144478994
sc_1886347_0361,14309,4,1.2507274847471577,1.3233528799919578,0.9999999999999999,1.1102230246251565e-16,1.0,4.116127144478994
sc_1886347_0361,14309,5,1.3577923664753104,1.5112949740115604,1.0,0.0,1.0,4.116127144478994
sc_1886347_0362,14342,0,6.661338147750939e-16,0.30804172661551443,0.9999999999999999,1.1102230246251565e-16,1.0,3.9993005713080185
sc_1886347_0362,14342,1,0.5324572615295129,0.9328478347318514,0.9999999999999999,1.1102230246251565e-16,1.0000000000000002,3.9993005713080185
sc_1886347_0362,14342,2,0.9915551205677459,1.154571628907155,1.0,0.0,1.0,3.9993005713080185
sc_1886347_0362,14342,3,1.1665688896534667,1.19618464964998,0.9999999999999999,1.1102230246251565e-16,1.0,3.9993005713080185
sc_1886347_0362,14342,4,1.2427930853270885,1.3133912943254695,1.0,0.0,0.9999999999999999,3.9993005713080185
sc_1886347_0362,14342,5,1.3473116723628142,1.4886810327560345,1.0,0.0,1.0,3.9993005713080185
sc_1886347_0363,14374,0,4.440892098500626e-16,0.29088539780167166,0.9999999999999999,1.1102230246251565e-16,1.0,3.854225803813571
sc_1886347_0363,14374,1,0.409658025695413,0.8468526891290545,1.0,0.0,1.0000000000000002,3.854225803813571
sc_1886347_0363,14374,2,0.9775439561095701,1.1778859382729627,1.0000000000000002,2.220446049250313e-16,1.0,3.854225803813571
sc_1886347_0363,14374,3,1.195529659935068,1.2437997854501022,1.0,0.0,1.0,3.854225803813571
sc_1886347_0363,14374,4,1.2846149264607634,1.3099806660401823,1.0000000000000002,2.220446049250313e-16,1.0,3.854225803813571
sc_1886347_0363,14374,5,1.3549330508839086,1.4956227259673573,0.9999999999999999,1.1102230246251565e-16,1.0,3.854225803813571
sc_1886347_0364,14407,0,6.661338147750939e-16,0.24151916711738197,1.0000000000000002,2.220446049250313e-16,1.0,3.8523602320863723
sc_1886347_0364,14407,1,0.6324061303318753,0.9382533077907292,0.9999999999999999,1.1102230246251565e-16,1.0,3.8523602320863723
sc_1886347_0364,14407,2,0.9459292401625515,1.137707970419295,0.9999999999999999,1.1102230246251565e-16,1.0,3.8523602320863723
sc_1886347_0364,14407,3,1.1929129626901587,1.2242815011583874,0.9999999999999999,1.1102230246251565e-16,1.0,3.8523602320863723
sc_1886347_0364,14407,4,1.2587334879070942,1.3105797180309684,1.0,0.0,1.0,3.8523602320863723
sc_1886347_0364,14407,5,1.3600405197054015,1.4777809385462406,1.0000000000000002,2.220446049250313e-16,1.0,3.8523602320863723
sc_1886347_0365,14440,0,4.440892098500626e-16,0.2832662546395135,1.0,0.0,1.0,3.7764253901202807
sc_1886347_0365,14440,1,0.5260427541938085,0.8727953419180539,0.9999999999999999,1.1102230246251565e-16,1.0,3.7764253901202807
sc_1886347_0365,14440,2,0.934609971455254,1.1197197651238273,1.0,0.0,1.0,3.7764253901202807
sc_1886347_0365,14440,3,1.1762406365715379,1.2547272469715485,1.0,0.0,1.0,3.7764253901202807
sc_1886347_0365,14440,4,1.284356003246822,1.3526366717716336,1.0,0.0,1.0,3.7764253901202807
sc_1886347_0365,14440,5,1.3548300331619176,1.5040139767345893,1.0,0.0,1.0,3.7764253901202807
sc_1886347_0366,14472,0,4.440892098500626e-16,0.21476435608795952,1.0,0.0,1.0,3.773168326975724
sc_1886347_0366,14472,1,0.5872767132680395,0.8331486509635314,0.9999999999999999,1.1102230246251565e-16,0.9999999999999999,3.773168326975724
sc_1886347_0366,14472,2,0.9580749281056933,1.1413604375860382,0.9999999999999999,1.1102230246251565e-16,1.0,3.773168326975724
sc_1886347_0366,14472,3,1.1883488103997593,1.266259440170887,0.9999999999999999,1.1102230246251565e-16,1.0,3.773168326975724
sc_1886347_0366,14472,4,1.2823416267340944,1.3224360430816497,1.0,0.0,0.9999999999999999,3.773168326975724
sc_1886347_0366,14472,5,1.3597871674864468,1.512122199985885,0.9999999999999999,1.1102230246251565e-16,1.0,3.773168326975724
sc_1886347_0367,14505,0,0.0,0.32436088748384173,0.9999999999999998,2.220446049250313e-16,1.0,3.9890133484646038
sc_1886347_0367,14505,1,0.4743797662989958,0.8828017201796562,1.0,0.0,1.0000000000000002,3.9890133484646038
sc_1886347_0367,14505,2,0.9840525940641918,1.146682170236197,0.9999999999999998,2.220446049250313e-16,0.9999999999999998,3.9890133484646038
sc_1886347_0367,14505,3,1.1927855039462978,1.2392853970668822,1.0000000000000002,2.220446049250313e-16,1.0,3.9890133484646038
sc_1886347_0367,14505,4,1.259721050438086,1.292707690764743,1.0,0.0,1.0,3.9890133484646038
sc_1886347_0367,14505,5,1.3320067202321724,1.4599540901738444,1.0,0.0,1.0,3.9890133484646038
sc_1886347_0368,14538,0,2.220446049250313e-16,0.20682583452218872,0.9999999999999999,1.1102230246251565e-16,1.0,3.5657507197705067
sc_1886347_0368,14538,1,0.3645003604734014,0.8375112885056674,1.0,0.0,1.0,3.5657507197705067
sc_1886347_0368,14538,2,0.898660275620229,1.1411462310674176,1.0,0.0,0.9999999999999999,3.5657507197705067
sc_1886347_0368,14538,3,1.2217523720759509,1.263426064450571,0.9999999999999998,2.220446049250313e-16,1.0,3.5657507197705067
sc_1886347_0368,14538,4,1.2839241667962913,1.3523018769842914,1.0,0.0,1.0,3.5657507197705067
sc_1886347_0368,14538,5,1.3750482536630444,1.5451475510716608,1.0,0.0,1.0,3.5657507197705067
sc_1886347_0369,14571,0,2.220446049250313e-16,0.2390168313062897,1.0,0.0,1.0,3.759219483762847
sc_1886347_0369,14571,1,0.36599887127235187,0.846393141845829,1.0,0.0,1.0,3.759219483762847
sc_1886347_0369,14571,2,0.9999246345790531,1.1425823573838159,0.9999999999999999,1.1102230246251565e-16,0.9999999999999999,3.759219483762847
sc_1886347_0369,14571,3,1.1800032808462402,1.2678441899337374,1.0,0.0,1.0,3.759219483762847
sc_1886347_0369,14571,4,1.2824690786259156,1.3620888467989967,0.9999999999999999,1.1102230246251565e-16,1.0,3.759219483762847
sc_1886347_0369,14571,5,1.3780288460434316,1.5237402854841442,1.0,0.0,1.0,3.759219483762847
sc_1886347_0370,14603,0,6.661338147750939e-16,0.3019564121885838,1.0,0.0,1.0,3.769957043489105
sc_1886347_0370,14603,1,0.39063420812653926,0.8302400541258362,0.9999999999999999,1.1102230246251565e-16,1.0,3.769957043489105
sc_1886347_0370,14603,2,0.9201254401631138,1.1537192170560548,1.0,0.0,1.0000000000000002,3.769957043489105
sc_1886347_0370,14603,3,1.1889943626372261,1.244905383108219,1.0,0.0,1.0,3.769957043489105
sc_1886347_0370,14603,4,1.2964620656285535,1.3542477126927543,0.9999999999999999,1.1102230246251565e-16,1.0,3.769957043489105
sc_1886347_0370,14603,5,1.3975707438292655,1.4971762106617343,1.0000000000000002,2.220446049250313e-16,1.0,3.769957043489105
sc_1886347_0371,14636,0,0.0,0.40013807110237676,0.9999999999999999,1.1102230246251565e-16,1.0,3.9054876276856105
sc_1886347_0371,14636,1,0.5216214682638233,0.8020023486510562,0.9999999999999999,1.1102230246251565e-16,1.0,3.9054876276856105
sc_1886347_0371,14636,2,0.9570938176471336,1.17062038133691,0.9999999999999996,4.440892098500626e-16,1.0,3.9054876276856105
sc_1886347_0371,14636,3,1.2057917661854227,1.249909259705961,0.9999999999999999,1.1102230246251565e-16,1.0,3.9054876276856105
sc_1886347_0371,14636,4,1.2669328830018076,1.3142882940373877,1.0,0.0,1.0,3.9054876276856105
sc_1886347_0371,14636,5,1.3596966855401742,1.4796412472618934,1.0,0.0,1.0,3.9054876276856105
sc_1886347_0372,14669,0,-2.220446049250313e-16,0.4239539142634716,1.0000000000000002,2.220446049250313e-16,1.0,3.7229143533915066
sc_1886347_0372,14669,1,0.46198056752797934,0.8619850982818802,0.9999999999999999,1.1102230246251565e-16,1.0,3.7229143533915066
sc_1886347_0372,14669,2,0.9213403145425382,1.179788460347871,1.0,0.0,1.0,3.7229143533915066
sc_1886347_0372,14669,3,1.21723379039131,1.2480706963287713,0.9999999999999999,1.1102230246251565e-16,1.0,3.7229143533915066
sc_1886347_0372,14669,4,1.2584688261239334,1.3270940618917044,1.0,0.0,1.0,3.7229143533915066
sc_1886347_0372,14669,5,1.3568074559973788,1.5431888899552244,1.0,0.0,1.0,3.7229143533915066
sc_1886347_0373,14701,0,6.661338147750939e-16,0.26179089964332647,1.0,0.0,1.0,3.9261948939493854
sc_1886347_0373,14701,1,0.49351357583986777,0.921984610902439,1.0000000000000002,2.220446049250313e-16,0.9999999999999999,3.9261948939493854
sc_1886347_0373,14701,2,1.0037795473557132,1.1550505761403238,1.0000000000000002,2.220446049250313e-16,1.0,3.9261948939493854
sc_1886347_0373,14701,3,1.2138151012331817,1.2440760829807385,0.9999999999999999,1.1102230246251565e-16,1.0,3.9261948939493854
sc_1886347_0373,14701,4,1.248668179697884,1.2623554403766772,1.0,0.0,1.0000000000000002,3.9261948939493854
sc_1886347_0373,14701,5,1.3016802231810776,1.4747728697835782,0.9999999999999999,1.1102230246251565e-16,1.0,3.9261948939493854
sc_1886347_0374,14734,0,2.220446049250313e-16,0.3665389637249077,1.0,0.0,1.0,3.8762914271480056
sc_1886347_0374,14734,1,0.6801023680806765,0.8296435714770799,0.9999999999999999,1.1102230246251565e-16,1.0000000000000002,3.8762914271480056
sc_1886347_0374,14734,2,0.9152353894329049,1.1483418599897777,1.0,0.0,1.0,3.8762914271480056
sc_1886347_0374,14734,3,1.200819263075823,1.2414483811726327,1.0,0.0,1.0,3.8762914271480056
sc_1886347_0374,14734,4,1.2715403065731277,1.3318541212679553,0.9999999999999999,1.1102230246251565e-16,0.9999999999999999,3.8762914271480056
sc_1886347_0374,14734,5,1.33377664926806,1.4719512972773785,0.9999999999999999,1.1102230246251565e-16,1.0,3.8762914271480056
sc_1886347_0375,14767,0,-2.220446049250313e-16,0.19087000101418972,1.0000000000000002,2.220446049250313e-16,1.0,3.9964731916307863
sc_1886347_0375,14767,1,0.6920927253479212,0.9039534774610914,1.0,0.0,1.0,3.9964731916307863
sc_1886347_0375,14767,2,0.9888458630300189,1.1542949061561816,1.0,0.0,1.0,3.9964731916307863
sc_1886347_0375,14767,3,1.179843153762144,1.2408945283480735,0.9999999999999998,2.220446049250313e-16,1.0,3.9964731916307863
sc_1886347_0375,14767,4,1.2543574470681935,1.3150677671841047,1.0,0.0,1.0000000000000002,3.9964731916307863
sc_1886347_0375,14767,5,1.3556327301421027,1.440564128710414,1.0,0.0,1.0,3.9964731916307863
sc_1886347_0376,14799,0,4.440892098500626e-16,0.3826361384600243,0.9999999999999999,1.1102230246251565e-16,1.0,3.9720806646038063
sc_1886347_0376,14799,1,0.4837228427032021,0.9369306371581853,0.9999999999999999,1.1102230246251565e-16,1.0,3.9720806646038063
sc_1886347_0376,14799,2,0.9998148270541496,1.1416805794700091,0.9999999999999998,2.220446049250313e-16,1.0,3.9720806646038063
sc_1886347_0376,14799,3,1.1804250813631525,1.21774283866012,1.0,0.0,1.0,3.9720806646038063
sc_1886347_0376,14799,4,1.257758515448788,1.283948907707014,1.0,0.0,1.0,3.9720806646038063
sc_1886347_0376,14799,5,1.3043285307286365,1.4567713929474306,1.0,0.0,1.0,3.9720806646038063
sc_1886347_0377,14832,0,4.440892098500626e-16,0.25328279890554883,1.0,0.0,1.0,3.942162537077799
sc_1886347_0377,14832,1,0.5296570718335505,0.9006980564766884,0.9999999999999999,1.1102230246251565e-16,1.0000000000000002,3.942162537077799
sc_1886347_0377,14832,2,1.0029133670021133,1.1515793407224888,1.0,0.0,1.0,3.942162537077799
sc_1886347_0377,14832,3,1.195426399874262,1.2629833955420875,1.0,0.0,1.0,3.942162537077799
sc_1886347_0377,14832,4,1.2872858195380068,1.3149092458196383,1.0,0.0,1.0,3.942162537077799
sc_1886347_0377,14832,5,1.3243799819444582,1.437527677956011,1.0,0.0,1.0,3.942162537077799
sc_1886347_0378,14865,0,2.220446049250313e-16,0.21405943665277727,0.9999999999999998,2.220446049250313e-16,1.0,3.866870167317218
sc_1886347_0378,14865,1,0.419721555711146,0.8527771893735823,1.0,0.0,1.0,3.866870167317218
sc_1886347_0378,14865,2,0.9850857110784496,1.1985204291389944,1.0,0.0,1.0,3.866870167317218
sc_1886347_0378,14865,3,1.20018673968236,1.2606688154250538,0.9999999999999999,1.1102230246251565e-16,1.0,3.866870167317218
sc_1886347_0378,14865,4,1.266720922218324,1.3296927416140947,0.9999999999999999,1.1102230246251565e-16,1.0,3.866870167317218
sc_1886347_0378,14865,5,1.3549320407439502,1.4819008302450485,1.0000000000000002,2.220446049250313e-16,1.0,3.866870167317218
sc_1886347_0379,14898,0,-4.440892098500626e-16,0.18373758163711185,0.9999999999999999,1.1102230246251565e-16,1.0,3.979545704424143
sc_1886347_0379,14898,1,0.4493829999033139,0.8443138082055618,0.9999999999999999,1.1102230246251565e-16,1.0,3.979545704424143
sc_1886347_0379,14898,2,1.0789582190208136,1.1756226168805435,0.9999999999999999,1.1102230246251565e-16,1.0,3.979545704424143
sc_1886347_0379,14898,3,1.1849601997134904,1.2583945026644219,0.9999999999999999,1.1102230246251565e-16,1.0,3.979545704424143
sc_1886347_0379,14898,4,1.2825723696426627,1.2985144819388164,1.0,0.0,1.0,3.979545704424143
sc_1886347_0379,14898,5,1.3256023711529248,1.4772595809967202,1.0,0.0,1.0,3.979545704424143
sc_1886347_0380,14930,0,8.881784197001252e-16,0.3222836508927329,1.0,0.0,1.0,3.846914171487171
sc_1886347_0380,14930,1,0.47443774485523393,0.8201489811651657,1.0,0.0,1.0000000000000002,3.846914171487171
sc_1886347_0380,14930,2,1.0093377144573914,1.1394983909882963,0.9999999999999999,1.1102230246251565e-16,1.0,3.846914171487171
sc_1886347_0380,14930,3,1.1689776592174446,1.2356605683530946,0.9999999999999999,1.1102230246251565e-16,1.0,3.846914171487171
sc_1886347_0380,14930,4,1.2634408050984012,1.339602228200603,1.0,0.0,1.0,3.846914171487171
sc_1886347_0380,14930,5,1.3967472743779874,1.4867813023282015,1.0000000000000002,2.220446049250313e-16,1.0,3.846914171487171
sc_1886347_0381,15147,0,0.0,0.33943233282843055,1.0,0.0,1.0,4.046503855288096
sc_1886347_0381,15147,1,0.6033871414661114,0.7775084287052175,0.9999999999999999,1.1102230246251565e-16,1.0,4.046503855288096
sc_1886347_0381,15147,2,1.012165619080211,1.1521853739670493,1.0,0.0,1.0,4.046503855288096
sc_1886347_0381,15147,3,1.1598662283753984,1.2702732285291674,0.9999999999999999,1.1102230246251565e-16,1.0,4.046503855288096
sc_1886347_0381,15147,4,1.2724433921847411,1.3229537196767591,1.0,0.0,1.0,4.046503855288096
sc_1886347_0381,15147,5,1.3280536496873772,1.4893834768424459,0.9999999999999999,1.1102230246251565e-16,1.0,4.046503855288096
sc_1886347_0382,15180,0,1.1102230246251565e-15,0.25792774042883226,1.0000000000000002,2.220446049250313e-16,1.0,3.8369931948189575
sc_1886347_0382,15180,1,0.516175309158809,0.8089691299683175,1.0,0.0,1.0000000000000002,3.8369931948189575
sc_1886347_0382,15180,2,0.9950030113225616,1.1642608953127542,1.0,0.0,0.9999999999999999,3.8369931948189575
sc_1886347_0382,15180,3,1.1870177318970212,1.2624651442557697,0.9999999999999999,1.1102230246251565e-16,1.0,3.8369931948189575
sc_1886347_0382,15180,4,1.2731144074089478,1.3226627238624904,1.0000000000000002,2.220446049250313e-16,1.0,3.8369931948189575
sc_1886347_0382,15180,5,1.3415322621721049,1.5383620207469821,0.9999999999999999,1.1102230246251565e-16,1.0,3.8369931948189575
sc_1886347_0383,15212,0,1.1102230246251565e-15,0.19754071512327176,1.0,0.0,1.0,3.8052287879222817
sc_1886347_0383,15212,1,0.49668469716381036,0.9118388077091516,1.0,0.0,1.0,3.8052287879222817
sc_1886347_0383,15212,2,1.0016225367172886,1.1477657901287337,0.9999999999999999,1.1102230246251565e-16,0.9999999999999999,3.8052287879222817
sc_1886347_0383,15212,3,1.1909156424596752,1.2408082947589323,0.9999999999999999,1.1102230246251565e-16,1.0,3.8052287879222817
sc_1886347_0383,15212,4,1.2801468543210346,1.33329741652435,0.9999999999999998,2.220446049250313e-16,1.0,3.8052287879222817
sc_1886347_0383,15212,5,1.3630467526693537,1.507667626790334,1.0,0.0,1.0,3.8052287879222817
sc_1886347_0384,15245,0,2.220446049250313e-16,0.2570531763605475,0.9999999999999998,2.220446049250313e-16,1.0,4.287800864485249
sc_1886347_0384,15245,1,0.6447628221489177,0.9261856983981014,1.0,0.0,1.0,4.287800864485249
sc_1886347_0384,15245,2,1.0420342682895598,1.1408348458017432,0.9999999999999998,2.220446049250313e-16,1.0,4.287800864485249
sc_1886347_0384,15245,3,1.1819632199556422,1.2314117496288834,1.0,0.0,1.0,4.287800864485249
sc_1886347_0384,15245,4,1.29545433432504,1.3118032330009022,1.0,0.0,0.9999999999999998,4.287800864485249
sc_1886347_0384,15245,5,1.3218859099208218,1.447931566945206,1.0,0.0,1.0,4.287800864485249
sc_1886347_0385,15278,0,2.220446049250313e-16,0.2946331584591364,1.0,0.0,1.0,4.214797363300625
sc_1886347_0385,15278,1,0.5336398364537236,0.943870391363442,0.9999999999999999,1.1102230246251565e-16,1.0000000000000002,4.214797363300625
sc_1886347_0385,15278,2,0.9981782690941768,1.175537214985,0.9999999999999998,2.220446049250313e-16,1.0,4.214797363300625
sc_1886347_0385,15278,3,1.199351248877228,1.2455665573772559,0.9999999999999999,1.1102230246251565e-16,1.0,4.214797363300625
sc_1886347_0385,15278,4,1.2526024485734022,1.332337791473622,0.9999999999999998,2.220446049250313e-16,1.0,4.214797363300625
sc_1886347_0385,15278,5,1.3340063464157328,1.426441647766416,0.9999999999999999,1.1102230246251565e-16,1.0,4.214797363300625
sc_1886347_0386,15310,0,4.440892098500626e-16,0.21117128043002986,0.9999999999999999,1.1102230246251565e-16,1.0,3.9216592764731013
sc_1886347_0386,15310,1,0.5141726745834463,0.9322206710867265,0.9999999999999999,1.1102230246251565e-16,1.0,3.9216592764731013
sc_1886347_0386,15310,2,1.0437420237552935,1.1737160143602172,1.0,0.0,1.0,3.9216592764731013
sc_1886347_0386,15310,3,1.1952594835629746,1.2541739934515925,1.0,0.0,1.0,3.9216592764731013
sc_1886347_0386,15310,4,1.2743967788557684,1.3441669803917788,0.9999999999999999,1.1102230246251565e-16,1.0,3.9216592764731013
sc_1886347_0386,15310,5,1.3470624232966955,1.4504068062713145,1.0,0.0,1.0,3.9216592764731013
sc_1886347_0387,15494,0,0.0,0.17274787643343403,0.9999999999999998,2.220446049250313e-16,1.0,3.7400415000132172
sc_1886347_0387,15494,1,0.5731520941987611,0.8612755234294215,1.0,0.0,0.9999999999999999,3.7400415000132172
sc_1886347_0387,15494,2,0.9451657865708164,1.1281664619828218,1.0,0.0,1.0,3.7400415000132172
sc_1886347_0387,15494,3,1.1838166117002595,1.2404869808547079,1.0,0.0,1.0,3.7400415000132172
sc_1886347_0387,15494,4,1.2705983565651269,1.346940161725721,1.0,0.0,1.0000000000000002,3.7400415000132172
sc_1886347_0387,15494,5,1.362082287217283,1.5141436121152019,1.0,0.0,1.0,3.7400415000132172
sc_1886347_0388,15527,0,0.0,0.2685960934742133,0.9999999999999998,2.220446049250313e-16,1.0,3.7314874889486007
sc_1886347_0388,15527,1,0.480940188600012,0.7411497735642517,1.0,0.0,1.0,3.7314874889486007
sc_1886347_0388,15527,2,0.9964162403693723,1.1493564568168193,0.9999999999999999,1.1102230246251565e-16,1.0,3.7314874889486007
sc_1886347_0388,15527,3,1.2124325468966297,1.2488152289345726,1.0000000000000002,2.220446049250313e-16,1.0,3.7314874889486007
sc_1886347_0388,15527,4,1.3022359495753288,1.3395414682035471,1.0,0.0,1.0,3.7314874889486007
sc_1886347_0388,15527,5,1.3754581407212905,1.5225712424878635,1.0000000000000002,2.220446049250313e-16,1.0,3.7314874889486007
sc_1886347_0389,15560,0,4.440892098500626e-16,0.38155451444388366,1.0,0.0,1.0,4.064274273030438
sc_1886347_0389,15560,1,0.4870729535448003,0.8360506302921787,1.0,0.0,1.0,4.064274273030438
sc_1886347_0389,15560,2,0.9034107391665576,1.1293956593537327,1.0000000000000002,2.220446049250313e-16,1.0,4.064274273030438
sc_1886347_0389,15560,3,1.2145925151251178,1.2501849478094496,1.0,0.0,1.0,4.064274273030438
sc_1886347_0389,15560,4,1.256946009664614,1.3044429754907028,1.0,0.0,1.0,4.064274273030438
sc_1886347_0389,15560,5,1.34183095741165,1.4829823630322136,0.9999999999999999,1.1102230246251565e-16,1.0,4.064274273030438
sc_1886347_0390,15592,0,8.881784197001252e-16,0.24458878625392844,1.0,0.0,1.0,3.8989351810107267
sc_1886347_0390,15592,1,0.4525196654437844,0.9340196889974729,1.0000000000000002,2.220446049250313e-16,1.0000000000000002,3.8989351810107267
sc_1886347_0390,15592,2,1.0185308994299225,1.142381741586461,1.0,0.0,1.0000000000000002,3.8989351810107267
sc_1886347_0390,15592,3,1.2186944134121078,1.2628262618901596,0.9999999999999998,2.220446049250313e-16,1.0,3.8989351810107267
sc_1886347_0390,15592,4,1.2659284219252522,1.3219905649550432,0.9999999999999998,2.220446049250313e-16,1.0,3.8989351810107267
sc_1886347_0390,15592,5,1.3610943157332696,1.4687255529178513,1.0,0.0,1.0,3.8989351810107267
sc_1886347_0391,15625,0,2.220446049250313e-16,0.20773326545214288,1.0,0.0,1.0,3.7265062912133544
sc_1886347_0391,15625,1,0.4362550385641777,0.8872342029971347,1.0,0.0,1.0000000000000002,3.7265062912133544
sc_1886347_0391,15625,2,1.0345452319469277,1.1548406216020377,0.9999999999999999,1.1102230246251565e-16,1.0,3.7265062912133544
sc_1886347_0391,15625,3,1.2244811523141559,1.2383118996980829,1.0,0.0,1.0,3.7265062912133544
sc_1886347_0391,15625,4,1.2627726804103612,1.3251951697973816,1.0,0.0,1.0,3.7265062912133544
sc_1886347_0391,15625,5,1.3552962575508847,1.4779387706286555,1.0,0.0,1.0,3.7265062912133544
sc_1886347_0392,15658,0,6.661338147750939e-16,0.23334899575883172,0.9999999999999999,1.1102230246251565e-16,1.0,3.6675059925634534
sc_1886347_0392,15658,1,0.4289119534186705,0.8949973785692187,1.0,0.0,0.9999999999999999,3.6675059925634534
sc_1886347_0392,15658,2,0.9704924036501722,1.1877684320323154,0.9999999999999999,1.1102230246251565e-16,1.0,3.6675059925634534
sc_1886347_0392,15658,3,1.2025075081213492,1.254490745177093,0.9999999999999998,2.220446049250313e-16,1.0,3.6675059925634534
sc_1886347_0392,15658,4,1.2655239340806983,1.3160800088198483,0.9999999999999998,2.220446049250313e-16,0.9999999999999998,3.6675059925634534
sc_1886347_0392,15658,5,1.334769398645965,1.5291083656291067,0.9999999999999999,1.1102230246251565e-16,1.0,3.6675059925634534
sc_1886347_0393,15690,0,4.440892098500626e-16,0.2993832531114733,0.9999999999999998,2.220446049250313e-16,1.0,3.9583703425970738
sc_1886347_0393,15690,1,0.5768707863422627,0.8419287222106604,1.0,0.0,1.0,3.9583703425970738
sc_1886347_0393,15690,2,1.0135230867401244,1.1468507153846867,1.0,0.0,1.0,3.9583703425970738
sc_1886347_0393,15690,3,1.168541483678454,1.2144350612220538,0.9999999999999999,1.1102230246251565e-16,1.0,3.9583703425970738
sc_1886347_0393,15690,4,1.2296435882273664,1.313444043984096,1.0,0.0,1.0,3.9583703425970738
sc_1886347_0393,15690,5,1.3521168593617805,1.5037893859712694,0.9999999999999999,1.1102230246251565e-16,1.0,3.9583703425970738
sc_1886347_0394,15723,0,0.0,0.2822803777167109,0.9999999999999998,2.220446049250313e-16,1.0,3.626793686443473
sc_1886347_0394,15723,1,0.34972988756412104,0.847696824272088,1.0,0.0,1.0,3.626793686443473
sc_1886347_0394,15723,2,0.9866368641569432,1.107679895450114,0.9999999999999998,2.220446049250313e-16,1.0,3.626793686443473
sc_1886347_0394,15723,3,1.2073070334467089,1.2493845278245965,0.9999999999999998,2.220446049250313e-16,1.0,3.626793686443473
sc_1886347_0394,15723,4,1.3016942841582653,1.3685421409633534,0.9999999999999999,1.1102230246251565e-16,1.0,3.626793686443473
sc_1886347_0394,15723,5,1.386609761023643,1.4798121658700898,1.0,0.0,1.0,3.626793686443473
sc_1886347_0395,15756,0,0.0,0.3782738956365972,0.9999999999999999,1.1102230246251565e-16,1.0,3.9127009204068193
sc_1886347_0395,15756,1,0.5032177823654977,0.8343040253451003,1.0,0.0,1.0,3.9127009204068193
sc_1886347_0395,15756,2,0.8753474587315162,1.1407954990462326,0.9999999999999999,1.1102230246251565e-16,1.0,3.9127009204068193
sc_1886347_0395,15756,3,1.1668498070496451,1.2791010467475377,1.0,0.0,1.0,3.9127009204068193
sc_1886347_0395,15756,4,1.3056912942662366,1.3443640545779396,0.9999999999999999,1.1102230246251565e-16,1.0000000000000002,3.9127009204068193
sc_1886347_0395,15756,5,1.3626842969122308,1.4806066635562103,1.0,0.0,1.0,3.9127009204068193
sc_1886347_0396,15788,0,4.440892098500626e-16,0.42050039478267665,1.0,0.0,1.0,4.046293534249855
sc_1886347_0396,15788,1,0.5548385327245139,0.8768486259721173,1.0,0.0,1.0,4.046293534249855
sc_1886347_0396,15788,2,0.8893244327763832,1.1547997137409831,1.0,0.0,1.0,4.046293534249855
sc_1886347_0396,15788,3,1.1793132978461869,1.2262446519776367,1.0,0.0,1.0,4.046293534249855
sc_1886347_0396,15788,4,1.2879403617983098,1.3176802578112754,1.0,0.0,1.0,4.046293534249855
sc_1886347_0396,15788,5,1.3375885022068597,1.4862415145019219,1.0000000000000002,2.220446049250313e-16,1.0,4.046293534249855
sc_1886347_0397,15821,0,2.220446049250313e-16,0.42772783274190207,1.0000000000000002,2.220446049250313e-16,1.0,3.9330803182562883
sc_1886347_0397,15821,1,0.5702198794072213,0.7745222387528053,0.9999999999999998,2.220446049250313e-16,0.9999999999999999,3.9330803182562883
sc_1886347_0397,15821,2,0.8999205833258836,1.1444152148601945,1.0,0.0,0.9999999999999999,3.9330803182562883
sc_1886347_0397,15821,3,1.1610994971143809,1.228567475682047,0.9999999999999999,1.1102230246251565e-16,1.0,3.9330803182562883
sc_1886347_0397,15821,4,1.2420158252710567,1.349485633417495,1.0,0.0,1.0000000000000002,3.9330803182562883
sc_1886347_0397,15821,5,1.3774183187198732,1.4996933749093277,1.0,0.0,1.0,3.9330803182562883
sc_1886347_0398,15854,0,6.661338147750939e-16,0.27579419643524794,0.9999999999999999,1.1102230246251565e-16,1.0,3.896882328737729
sc_1886347_0398,15854,1,0.5719461033874226,0.9052999199045493,1.0,0.0,1.0,3.896882328737729
sc_1886347_0398,15854,2,0.9959555775910558,1.125605225409677,1.0,0.0,1.0000000000000002,3.896882328737729
sc_1886347_0398,15854,3,1.1751124679259322,1.2292295641041444,1.0,0.0,1.0,3.896882328737729
sc_1886347_0398,15854,4,1.2780027307617683,1.3168654377752693,0.9999999999999999,1.1102230246251565e-16,1.0,3.896882328737729
sc_1886347_0398,15854,5,1.337963543685814,1.4828003999793782,0.9999999999999998,2.220446049250313e-16,1.0,3.896882328737729
sc_1886347_0399,15886,0,-4.440892098500626e-16,0.2760786802284947,0.9999999999999999,1.1102230246251565e-16,1.0,3.8798877974857753
sc_1886347_0399,15886,1,0.6479767616030734,0.8245531255849012,0.9999999999999999,1.1102230246251565e-16,1.0,3.8798877974857753
sc_1886347_0399,15886,2,0.9524439960151022,1.1191711935065076,1.0,0.0,1.0,3.8798877974857753
sc_1886347_0399,15886,3,1.180852152570315,1.2497189658289083,1.0,0.0,1.0,3.8798877974857753
sc_1886347_0399,15886,4,1.2618102427965177,1.3075893217291878,1.0,0.0,1.0,3.8798877974857753
sc_1886347_0399,15886,5,1.364272608603243,1.4939646738295005,1.0,0.0,1.0,3.8798877974857753
sc_1886347_0400,15919,0,2.220446049250313e-16,0.3104114332954746,1.0,0.0,1.0,3.8989285143013404
sc_1886347_0400,15919,1,0.5523573943288793,0.8262909902805183,0.9999999999999999,1.1102230246251565e-16,1.0,3.8989285143013404
sc_1886347_0400,15919,2,0.9315090380462491,1.1217807090115037,1.0,0.0,0.9999999999999999,3.8989285143013404
sc_1886347_0400,15919,3,1.1941949821063718,1.2465172473581647,1.0,0.0,1.0,3.8989285143013404
sc_1886347_0400,15919,4,1.266595277726207,1.3251319617438433,0.9999999999999999,1.1102230246251565e-16,1.0,3.8989285143013404
sc_1886347_0400,15919,5,1.3925036048798876,1.4616055204376093,0.9999999999999999,1.1102230246251565e-16,1.0,3.8989285143013404
sc_1886347_0401,15952,0,-2.220446049250313e-16,0.34500928168630685,0.9999999999999999,1.1102230246251565e-16,1.0,3.9241451233349
sc_1886347_0401,15952,1,0.4782713090946732,0.8699017103024377,1.0,0.0,1.0,3.9241451233349
sc_1886347_0401,15952,2,0.9081377041821117,1.1686895928901953,1.0,0.0,1.0,3.9241451233349
sc_1886347_0401,15952,3,1.1840386681470247,1.2440797880152283,0.9999999999999999,1.1102230246251565e-16,1.0,3.9241451233349
sc_1886347_0401,15952,4,1.269365600369353,1.3456064220647077,1.0,0.0,1.0,3.9241451233349
sc_1886347_0401,15952,5,1.35565027484923,1.474522971469392,1.0,0.0,1.0,3.9241451233349
sc_1886347_0402,15985,0,2.220446049250313e-16,0.38484089769232077,1.0,0.0,1.0,4.09471035014518
sc_1886347_0402,15985,1,0.6197354695605958,0.8683818685171193,1.0,0.0,1.0,4.09471035014518
sc_1886347_0402,15985,2,0.9455299465095404,1.17477186069732,0.9999999999999998,2.220446049250313e-16,1.0,4.09471035014518
sc_1886347_0402,15985,3,1.1913191822286615,1.2308571373513377,1.0,0.0,1.0,4.09471035014518
sc_1886347_0402,15985,4,1.234827124393863,1.3089963082767528,1.0,0.0,1.0,4.09471035014518
sc_1886347_0402,15985,5,1.3438976764854982,1.4641847174621756,0.9999999999999999,1.1102230246251565e-16,1.0,4.09471035014518
sc_1886347_0403,16017,0,-2.220446049250313e-16,0.3297015884224943,1.0,0.0,1.0,3.933089046154535
sc_1886347_0403,16017,1,0.5469984215613763,0.8935567338064805,1.0,0.0,1.0,3.933089046154535
sc_1886347_0403,16017,2,0.9706900607013136,1.1573453204350233,0.9999999999999999,1.1102230246251565e-16,1.0,3.933089046154535
sc_1886347_0403,16017,3,1.1744723105754802,1.2458095670517249,0.9999999999999999,1.1102230246251565e-16,1.0,3.933089046154535
sc_1886347_0403,16017,4,1.253392615633099,1.2971891825954691,1.0,0.0,1.0,3.933089046154535
sc_1886347_0403,16017,5,1.3370913977536352,1.4673563337949813,0.9999999999999999,1.1102230246251565e-16,1.0,3.933089046154535
sc_1886347_0404,16050,0,0.0,0.33936589733204814,0.9999999999999999,1.1102230246251565e-16,1.0,3.9574030720779385
sc_1886347_0404,16050,1,0.4111787001229492,0.8729745963727933,1.0,0.0,1.0,3.9574030720779385
sc_1886347_0404,16050,2,0.9509219522558674,1.1290279360715303,1.0,0.0,1.0,3.9574030720779385
sc_1886347_0404,16050,3,1.1740962607569858,1.2551170419370852,1.0,0.0,1.0,3.9574030720779385
sc_1886347_0404,16050,4,1.266926155785765,1.3083001317919907,0.9999999999999999,1.1102230246251565e-16,1.0,3.9574030720779385
sc_1886347_0404,16050,5,1.3301874393605082,1.5363161373630314,0.9999999999999999,1.1102230246251565e-16,1.0,3.9574030720779385
sc_1886347_0405,16083,0,4.440892098500626e-16,0.2954786177203017,1.0,0.0,1.0,4.030027972701003
sc_1886347_0405,16083,1,0.4526737435521553,0.9202230301023979,1.0,0.0,1.0,4.030027972701003
sc_1886347_0405,16083,2,1.0161694877473972,1.1289332697376655,0.9999999999999999,1.1102230246251565e-16,1.0,4.030027972701003
sc_1886347_0405,16083,3,1.2033234884383799,1.232515156496939,1.0,0.0,1.0,4.030027972701003
sc_1886347_0405,16083,4,1.2732575209341732,1.3108032714779316,1.0,0.0,1.0,4.030027972701003
sc_1886347_0405,16083,5,1.3652031509328724,1.4825031584534434,0.9999999999999999,1.1102230246251565e-16,1.0,4.030027972701003
sc_1886347_0406,16115,0,-2.220446049250313e-16,0.3738570083216535,1.0000000000000002,2.220446049250313e-16,1.0,3.9883939546301965
sc_1886347_0406,16115,1,0.6106788424923919,0.8479917682363661,1.0,0.0,1.0,3.9883939546301965
sc_1886347_0406,16115,2,1.0070918348243632,1.0877724651414913,1.0,0.0,1.0,3.9883939546301965
sc_1886347_0406,16115,3,1.1573845117745556,1.2356454039450264,0.9999999999999999,1.1102230246251565e-16,1.0,3.9883939546301965
sc_1886347_0406,16115,4,1.258407861192091,1.335930615708103,1.0,0.0,1.0,3.9883939546301965
sc_1886347_0406,16115,5,1.345241896175096,1.4690900572872445,1.0,0.0,1.0,3.9883939546301965
sc_1886347_0407,16148,0,2.220446049250313e-16,0.23682547273075572,0.9999999999999999,1.1102230246251565e-16,1.0,3.862336840950578
sc_1886347_0407,16148,1,0.44521402684408296,0.9252786727837454,0.9999999999999999,1.1102230246251565e-16,1.0,3.862336840950578
sc_1886347_0407,16148,2,0.98807733337826,1.177258417413252,1.0,0.0,1.0,3.862336840950578
sc_1886347_0407,16148,3,1.2108510958239171,1.2446593501830436,0.9999999999999998,2.220446049250313e-16,1.0,3.862336840950578
sc_1886347_0407,16148,4,1.2601211029262187,1.2848306724613847,1.0,0.0,1.0,3.862336840950578
sc_1886347_0407,16148,5,1.3333159898792426,1.4894502319974807,1.0,0.0,1.0,3.862336840950578
sc_1886347_0408,16181,0,4.440892098500626e-16,0.15080858389348872,1.0,0.0,1.0,3.65670754833535
sc_1886347_0408,16181,1,0.42319800168653976,0.9058021189258405,0.9999999999999999,1.1102230246251565e-16,1.0,3.65670754833535
sc_1886347_0408,16181,2,0.9961180608134488,1.1220483921705402,0.9999999999999999,1.1102230246251565e-16,1.0000000000000002,3.65670754833535
sc_1886347_0408,16181,3,1.2038470154379812,1.2674959111721602,0.9999999999999999,1.1102230246251565e-16,1.0,3.65670754833535
sc_1886347_0408,16181,4,1.2940869856184691,1.3314797544644308,0.9999999999999999,1.1102230246251565e-16,1.0,3.65670754833535
sc_1886347_0408,16181,5,1.3697288708466857,1.4765456650579047,1.0,0.0,1.0,3.65670754833535
sc_1886347_0409,16213,0,-2.220446049250313e-16,0.2802472936044398,1.0000000000000002,2.220446049250313e-16,1.0,3.8625794638468944
sc_1886347_0409,16213,1,0.5053819912605008,0.9012918139330088,0.9999999999999999,1.1102230246251565e-16,0.9999999999999999,3.8625794638468944
sc_1886347_0409,16213,2,0.9881411385572353,1.1735787383436613,0.9999999999999999,1.1102230246251565e-16,1.0,3.8625794638468944
sc_1886347_0409,16213,3,1.21620876580121,1.249792346603626,1.0,0.0,1.0,3.8625794638468944
sc_1886347_0409,16213,4,1.2541640485514691,1.3135046729798165,1.0,0.0,1.0,3.8625794638468944
sc_1886347_0409,16213,5,1.3427752871555567,1.4512267168333337,0.9999999999999999,1.1102230246251565e-16,1.0,3.8625794638468944
sc_1886347_0410,16246,0,0.0,0.2884993540338816,1.0,0.0,1.0,3.7120494754559643
sc_1886347_0410,16246,1,0.4563487914038551,0.9633821774133595,1.0,0.0,1.0,3.7120494754559643
sc_1886347_0410,16246,2,1.025079235404838,1.1177691130149283,1.0,0.0,0.9999999999999999,3.7120494754559643
sc_1886347_0410,16246,3,1.166669618663239,1.2455111070275844,1.0,0.0,1.0,3.7120494754559643
sc_1886347_0410,16246,4,1.2670309095874077,1.3250966912024729,0.9999999999999997,3.3306690738754696e-16,1.0,3.7120494754559643
sc_1886347_0410,16246,5,1.3335543680485697,1.4609117823459237,1.0,0.0,1.0,3.7120494754559643
sc_1886347_0411,16279,0,4.440892098500626e-16,0.3442754216842938,0.9999999999999998,2.220446049250313e-16,1.0,3.9481601333000333
sc_1886347_0411,16279,1,0.4851539152740043,0.9094449034081397,0.9999999999999998,2.220446049250313e-16,1.0,3.9481601333000333
sc_1886347_0411,16279,2,0.9599348523786939,1.1342958357463668,1.0,0.0,1.0,3.9481601333000333
sc_1886347_0411,16279,3,1.1529160705051382,1.2315253693770851,1.0000000000000002,2.220446049250313e-16,1.0,3.9481601333000333
sc_1886347_0411,16279,4,1.279834039556993,1.325649528332108,0.9999999999999999,1.1102230246251565e-16,1.0,3.9481601333000333
sc_1886347_0411,16279,5,1.3936879957946127,1.5022294954339381,0.9999999999999999,1.1102230246251565e-16,1.0,3.9481601333000333
sc_1886347_0412,16312,0,-2.220446049250313e-16,0.23660876401109876,1.0,0.0,1.0,3.870924422227799
sc_1886347_0412,16312,1,0.37246173359693646,0.9517944415468875,0.9999999999999999,1.1102230246251565e-16,0.9999999999999998,3.870924422227799
sc_1886347_0412,16312,2,1.0049260380855456,1.2220219348653698,0.9999999999999998,2.220446049250313e-16,1.0,3.870924422227799
sc_1886347_0412,16312,3,1.2301350359878638,1.266884808546343,1.0,0.0,1.0,3.870924422227799
sc_1886347_0412,16312,4,1.2697285451631608,1.276749012112511,1.0,0.0,1.0,3.870924422227799
sc_1886347_0412,16312,5,1.3141130565644852,1.4513624758799102,0.9999999999999999,1.1102230246251565e-16,1.0,3.870924422227799
sc_1886347_0413,16344,0,0.0,0.22328894819573142,1.0,0.0,1.0,3.8573417949930375
sc_1886347_0413,16344,1,0.5219358390224076,0.9184134705597498,0.9999999999999999,1.1102230246251565e-16,1.0,3.8573417949930375
sc_1886347_0413,16344,2,1.016345488833493,1.1700040890774606,1.0,0.0,1.0,3.8573417949930375
sc_1886347_0413,16344,3,1.183848573141188,1.255385464280555,1.0000000000000002,2.220446049250313e-16,1.0,3.8573417949930375
sc_1886347_0413,16344,4,1.2632587800839776,1.3149416575240738,1.0,0.0,1.0,3.8573417949930375
sc_1886347_0413,16344,5,1.3392533306755607,1.5005949009583954,1.0,0.0,1.0,3.8573417949930375
sc_1886347_0414,16684,0,6.661338147750939e-16,0.23065470315521375,0.9999999999999998,2.220446049250313e-16,1.0,4.091684207433981
sc_1886347_0414,16684,1,0.5420261166923883,0.9085933295027826,1.0,0.0,1.0,4.091684207433981
sc_1886347_0414,16684,2,0.9425617836221518,1.1647589595794188,0.9999999999999999,1.1102230246251565e-16,1.0,4.091684207433981
sc_1886347_0414,16684,3,1.1993700270311474,1.2501727395524547,1.0,0.0,1.0,4.091684207433981
sc_1886347_0414,16684,4,1.278119810791759,1.3360995390208967,0.9999999999999999,1.1102230246251565e-16,1.0,4.091684207433981
sc_1886347_0414,16684,5,1.3576145310481391,1.4617306079713306,1.0,0.0,1.0,4.091684207433981
sc_1886347_0415,16717,0,2.220446049250313e-16,0.2027566005813255,1.0,0.0,1.0,4.032364552523371
sc_1886347_0415,16717,1,0.5629852743993417,0.8806424194691244,0.9999999999999999,1.1102230246251565e-16,1.0,4.032364552523371
sc_1886347_0415,16717,2,1.0026789513700427,1.191520039706367,1.0,0.0,1.0,4.032364552523371
sc_1886347_0415,16717,3,1.2334917628794546,1.2517148051763143,0.9999999999999999,1.1102230246251565e-16,1.0,4.032364552523371
sc_1886347_0415,16717,4,1.265176865863352,1.3003841954244584,0.9999999999999998,2.220446049250313e-16,0.9999999999999998,4.032364552523371
sc_1886347_0415,16717,5,1.3685180558847438,1.460444338306926,0.9999999999999999,1.1102230246251565e-16,1.0,4.032364552523371
sc_1886347_0416,16749,0,0.0,0.3439683663411788,1.0,0.0,1.0,4.260175879321193
sc_1886347_0416,16749,1,0.6080142552686179,0.8619435932037267,1.0,0.0,1.0,4.260175879321193
sc_1886347_0416,16749,2,0.9978405480263499,1.1474085141479051,0.9999999999999999,1.1102230246251565e-16,0.9999999999999999,4.260175879321193
sc_1886347_0416,16749,3,1.1482271536800126,1.2343478357283386,0.9999999999999998,2.220446049250313e-16,1.0,4.260175879321193
sc_1886347_0416,16749,4,1.248674131803012,1.2809939903051435,0.9999999999999998,2.220446049250313e-16,1.0000000000000002,4.260175879321193
sc_1886347_0416,16749,5,1.406836026315341,1.4558764739591006,1.0,0.0,1.0,4.260175879321193
sc_1886347_0417,16782,0,-2.220446049250313e-16,0.26794435736449307,1.0,0.0,1.0,4.182062674580651
sc_1886347_0417,16782,1,0.5822510413398847,0.9586642834074108,0.9999999999999999,1.1102230246251565e-16,1.0,4.182062674580651
sc_1886347_0417,16782,2,1.0647932487735543,1.1496138824536626,1.0,0.0,1.0,4.182062674580651
sc_1886347_0417,16782,3,1.2114017001074706,1.265029896424742,1.0,0.0,1.0,4.182062674580651
sc_1886347_0417,16782,4,1.2753192643115991,1.3059172759748257,1.0,0.0,1.0,4.182062674580651
sc_1886347_0417,16782,5,1.3357438252504261,1.4614541815055158,1.0,0.0,1.0,4.182062674580651
sc_1886347_0418,16815,0,-2.220446049250313e-16,0.38940951023676407,0.9999999999999999,1.1102230246251565e-16,1.0,3.932225519182505
sc_1886347_0418,16815,1,0.565100391210854,0.8166332100364687,1.0,0.0,1.0,3.932225519182505
sc_1886347_0418,16815,2,0.9624932780810335,1.1535283019094775,0.9999999999999999,1.1102230246251565e-16,1.0,3.932225519182505
sc_1886347_0418,16815,3,1.1714044117202145,1.2596186897720207,1.0,0.0,1.0,3.932225519182505
sc_1886347_0418,16815,4,1.270584936998716,1.317827055116756,1.0,0.0,1.0,3.932225519182505
sc_1886347_0418,16815,5,1.3316646033500237,1.436154524182301,0.9999999999999999,1.1102230246251565e-16,1.0,3.932225519182505
sc_1886347_0419,16847,0,6.661338147750939e-16,0.40466672258957015,1.0,0.0,1.0,3.6795312817020274
sc_1886347_0419,16847,1,0.44179416945963723,0.8987930616783811,0.9999999999999999,1.1102230246251565e-16,0.9999999999999999,3.6795312817020274
sc_1886347_0419,16847,2,0.9793072561164887,1.129683307098947,1.0,0.0,1.0,3.6795312817020274
sc_1886347_0419,16847,3,1.1626530080513147,1.2428952592078102,0.9999999999999998,2.220446049250313e-16,1.0,3.6795312817020274
sc_1886347_0419,16847,4,1.2633850039513832,1.314102780764031,1.0,0.0,1.0,3.6795312817020274
sc_1886347_0419,16847,5,1.3554122878451063,1.5091391425014367,1.0,0.0,1.0,3.6795312817020274
sc_1886347_0420,16880,0,4.440892098500626e-16,0.3950048167957019,1.0,0.0,1.0,3.973636173574983
sc_1886347_0420,16880,1,0.46966794352939933,0.96308867156066,1.0,0.0,1.0,3.973636173574983
sc_1886347_0420,16880,2,0.9916001749054513,1.1575964347883552,0.9999999999999999,1.1102230246251565e-16,1.0,3.973636173574983
sc_1886347_0420,16880,3,1.1868999442371675,1.219323013058348,1.0000000000000002,2.220446049250313e-16,1.0,3.973636173574983
sc_1886347_0420,16880,4,1.2502035132086937,1.297913336319931,0.9999999999999997,3.3306690738754696e-16,1.0,3.973636173574983
sc_1886347_0420,16880,5,1.3667924760527796,1.5097191710827356,1.0,0.0,1.0,3.973636173574983
sc_1886347_0421,16913,0,4.440892098500626e-16,0.3570881926719496,1.0,0.0,1.0,3.9812389701066913
sc_1886347_0421,16913,1,0.4538201344756836,0.8542843754253406,1.0000000000000002,2.220446049250313e-16,1.0000000000000002,3.9812389701066913
sc_1886347_0421,16913,2,0.9348210497025965,1.086161310475399,1.0,0.0,1.0,3.9812389701066913
sc_1886347_0421,16913,3,1.1224454697705555,1.2347927371073553,1.0,0.0,1.0,3.9812389701066913
sc_1886347_0421,16913,4,1.2655136936924751,1.3571051206308329,0.9999999999999999,1.1102230246251565e-16,1.0,3.9812389701066913
sc_1886347_0421,16913,5,1.4141271783869869,1.4890388267318586,0.9999999999999999,1.1102230246251565e-16,1.0,3.9812389701066913
sc_1886347_0422,16946,0,2.220446049250313e-16,0.31398676475936615,1.0,0.0,1.0,3.7901344327476307
sc_1886347_0422,16946,1,0.4477182030904905,0.8767530486451106,1.0,0.0,1.0,3.7901344327476307
sc_1886347_0422,16946,2,0.9013772648461135,1.1808329119983376,1.0,0.0,0.9999999999999998,3.7901344327476307
sc_1886347_0422,16946,3,1.2324093292784024,1.2581926840699829,1.0000000000000002,2.220446049250313e-16,1.0,3.7901344327476307
sc_1886347_0422,16946,4,1.2734451578752846,1.289162230523937,1.0,0.0,1.0,3.7901344327476307
sc_1886347_0422,16946,5,1.3331463847460694,1.5481158714432146,0.9999999999999999,1.1102230246251565e-16,1.0,3.7901344327476307
sc_1886347_0423,16978,0,8.881784197001252e-16,0.4138187358042549,1.0,0.0,1.0,4.470810028816956
sc_1886347_0423,16978,1,0.6318336681158271,0.8658422525365667,0.9999999999999999,1.1102230246251565e-16,1.0,4.470810028816956
sc_1886347_0423,16978,2,0.9101014662255292,1.1394099606621717,0.9999999999999999,1.1102230246251565e-16,1.0,4.470810028816956
sc_1886347_0423,16978,3,1.1556187396394653,1.213962319473574,0.9999999999999998,2.220446049250313e-16,1.0,4.470810028816956
sc_1886347_0423,16978,4,1.2723659624643566,1.3043054008810027,0.9999999999999999,1.1102230246251565e-16,0.9999999999999999,4.470810028816956
sc_1886347_0423,16978,5,1.349152959978527,1.4687381262220502,1.0000000000000002,2.220446049250313e-16,1.0,4.470810028816956
sc_1886347_0424,17011,0,4.440892098500626e-16,0.3490982044146953,0.9999999999999998,2.220446049250313e-16,1.0,3.965376836733383
sc_1886347_0424,17011,1,0.4656534464223785,0.8723096914476003,0.9999999999999999,1.1102230246251565e-16,1.0,3.965376836733383
sc_1886347_0424,17011,2,1.0308006430560361,1.1830389623853663,0.9999999999999999,1.1102230246251565e-16,1.0,3.965376836733383
sc_1886347_0424,17011,3,1.2020053149928156,1.2542332812998855,1.0,0.0,1.0,3.965376836733383
sc_1886347_0424,17011,4,1.2641691899471423,1.2954720827140107,1.0,0.0,1.0,3.965376836733383
sc_1886347_0424,17011,5,1.3242334839082772,1.4795779498304686,1.0,0.0,1.0,3.965376836733383
sc_1886347_0425,17044,0,0.0,0.39188349687439206,1.0,0.0,1.0,4.131891546234106
sc_1886347_0425,17044,1,0.4808155835600647,0.8209899469720097,0.9999999999999999,1.1102230246251565e-16,1.0,4.131891546234106
sc_1886347_0425,17044,2,0.9076320733021394,1.165133432449621,0.9999999999999998,2.220446049250313e-16,1.0,4.131891546234106
sc_1886347_0425,17044,3,1.172748047751322,1.2394789587649813,0.9999999999999999,1.1102230246251565e-16,1.0,4.131891546234106
sc_1886347_0425,17044,4,1.259576107543948,1.328885901297131,1.0,0.0,1.0,4.131891546234106
sc_1886347_0425,17044,5,1.3711461242880867,1.498955057440727,1.0000000000000002,2.220446049250313e-16,1.0,4.131891546234106
sc_1886347_0426,17076,0,1.3322676295501878e-15,0.38255924506203787,1.0,0.0,1.0,3.794927444546192
sc_1886347_0426,17076,1,0.4057262793589145,0.8255184836036212,0.9999999999999998,2.220446049250313e-16,1.0,3.794927444546192
sc_1886347_0426,17076,2,0.9374484920847279,1.1822088810450475,1.0000000000000002,2.220446049250313e-16,1.0,3.794927444546192
sc_1886347_0426,17076,3,1.1961265563015948,1.2670507602479395,1.0,0.0,1.0,3.794927444546192
sc_1886347_0426,17076,4,1.2822917730302317,1.3503067220693954,1.0,0.0,1.0000000000000002,3.794927444546192
sc_1886347_0426,17076,5,1.3715175844819953,1.5218043365627854,1.0,0.0,1.0,3.794927444546192
sc_1886347_0427,17233,0,0.0,0.215320744172792,1.0,0.0,1.0,3.5723691306072545
sc_1886347_0427,17233,1,0.4607348372233664,0.8422169903893175,1.0,0.0,1.0,3.5723691306072545
sc_1886347_0427,17233,2,0.9508483462503816,1.2101799299379485,1.0,0.0,1.0,3.5723691306072545
sc_1886347_0427,17233,3,1.2384964951391828,1.2833771288849363,1.0,0.0,1.0,3.5723691306072545
sc_1886347_0427,17233,4,1.2889464215100603,1.3354472320554995,1.0000000000000002,2.220446049250313e-16,1.0,3.5723691306072545
sc_1886347_0427,17233,5,1.3631853522362767,1.506206980294222,1.0,0.0,1.0,3.5723691306072545
sc_1886347_0428,17266,0,0.0,0.24643643067150967,1.0,0.0,1.0,3.71794498286924
sc_1886347_0428,17266,1,0.5456753741597438,0.8146647991072852,0.9999999999999997,3.3306690738754696e-16,1.0,3.71794498286924
sc_1886347_0428,17266,2,0.9974151435259556,1.1426190433202024,1.0,0.0,1.0,3.71794498286924
sc_1886347_0428,17266,3,1.2088308512123136,1.2496499215893342,0.9999999999999998,2.220446049250313e-16,1.0,3.71794498286924
sc_1886347_0428,17266,4,1.2567898206816395,1.3172563387435299,1.0,0.0,1.0,3.71794498286924
sc_1886347_0428,17266,5,1.3654736996926664,1.5215196573570926,0.9999999999999998,2.220446049250313e-16,1.0,3.71794498286924
sc_1886347_0429,17298,0,4.440892098500626e-16,0.27495364996533045,1.0,0.0,1.0,3.7164782678709876
sc_1886347_0429,17298,1,0.5644902393384498,0.7728837906796093,1.0,0.0,1.0,3.7164782678709876
sc_1886347_0429,17298,2,0.9389202652076982,1.173516044124734,1.0,0.0,1.0,3.7164782678709876
sc_1886347_0429,17298,3,1.1921175207306602,1.252438921826982,1.0,0.0,1.0,3.7164782678709876
sc_1886347_0429,17298,4,1.2924061255034232,1.3627998602505853,0.9999999999999999,1.1102230246251565e-16,1.0,3.7164782678709876
sc_1886347_0429,17298,5,1.368545597869042,1.534196568572963,1.0,0.0,1.0,3.7164782678709876
sc_1886347_0430,17331,0,-2.220446049250313e-16,0.27862310197196494,0.9999999999999998,2.220446049250313e-16,1.0,3.920941803222571
sc_1886347_0430,17331,1,0.5543958093541149,0.8412618417708132,1.0,0.0,1.0,3.920941803222571
sc_1886347_0430,17331,2,0.9468581108302179,1.1346049177629083,1.0,0.0,1.0,3.920941803222571
sc_1886347_0430,17331,3,1.179636126496837,1.2432511884111077,0.9999999999999999,1.1102230246251565e-16,1.0,3.920941803222571
sc_1886347_0430,17331,4,1.2558450752020736,1.3459519119982573,0.9999999999999999,1.1102230246251565e-16,1.0,3.920941803222571
sc_1886347_0430,17331,5,1.384240853262244,1.5138472667865255,1.0,0.0,1.0,3.920941803222571
sc_1886347_0431,17364,0,6.661338147750939e-16,0.24878230819037994,1.0,0.0,1.0,3.8478970635461396
sc_1886347_0431,17364,1,0.6024359725773685,0.7644663198266338,1.0,0.0,0.9999999999999998,3.8478970635461396
sc_1886347_0431,17364,2,0.9721781613964644,1.1103298949167235,0.9999999999999999,1.1102230246251565e-16,1.0,3.8478970635461396
sc_1886347_0431,17364,3,1.1604298570846547,1.2572369538161607,1.0,0.0,1.0,3.8478970635461396
sc_1886347_0431,17364,4,1.2596718537844511,1.321172498604645,0.9999999999999999,1.1102230246251565e-16,1.0,3.8478970635461396
sc_1886347_0431,17364,5,1.3610949425020107,1.5528967881875704,0.9999999999999999,1.1102230246251565e-16,1.0,3.8478970635461396
sc_1886347_0432,17396,0,0.0,0.17181241583579898,0.9999999999999999,1.1102230246251565e-16,1.0,3.8124282400463914
sc_1886347_0432,17396,1,0.6305516626712067,0.8542876166620017,0.9999999999999999,1.1102230246251565e-16,0.9999999999999999,3.8124282400463914
sc_1886347_0432,17396,2,0.9567569073092584,1.1413329844977111,0.9999999999999999,1.1102230246251565e-16,0.9999999999999998,3.8124282400463914
sc_1886347_0432,17396,3,1.189203296798312,1.2264554268441348,1.0,0.0,1.0,3.8124282400463914
sc_1886347_0432,17396,4,1.2643960107067709,1.3124055287098468,0.9999999999999999,1.1102230246251565e-16,1.0,3.8124282400463914
sc_1886347_0432,17396,5,1.3615129316478218,1.529279529442019,1.0,0.0,1.0,3.8124282400463914
sc_1886347_0433,17429,0,4.440892098500626e-16,0.2498606335099134,0.9999999999999998,2.220446049250313e-16,1.0,3.8525022030086555
sc_1886347_0433,17429,1,0.6326601913429346,0.8485182690251383,0.9999999999999999,1.1102230246251565e-16,1.0,3.8525022030086555
sc_1886347_0433,17429,2,0.9381386355130091,1.1420507479887276,1.0,0.0,1.0,3.8525022030086555
sc_1886347_0433,17429,3,1.1589379115218073,1.2399081004747876,1.0,0.0,1.0,3.8525022030086555
sc_1886347_0433,17429,4,1.2569422388173617,1.3167824624837696,1.0,0.0,1.0,3.8525022030086555
sc_1886347_0433,17429,5,1.4079810204227436,1.5366303302338191,0.9999999999999999,1.1102230246251565e-16,1.0,3.8525022030086555
sc_1886347_0434,17462,0,4.440892098500626e-16,0.3295920085889037,1.0,0.0,1.0,4.110664228137149
sc_1886347_0434,17462,1,0.5691320119208647,0.8688016983090412,0.9999999999999999,1.1102230246251565e-16,1.0,4.110664228137149
sc_1886347_0434,17462,2,1.0377022776828693,1.1632087993113067,1.0,0.0,1.0,4.110664228137149
sc_1886347_0434,17462,3,1.2005844080824655,1.2146554561744338,0.9999999999999998,2.220446049250313e-16,1.0,4.110664228137149
sc_1886347_0434,17462,4,1.2510681267831094,1.3120779475917448,0.9999999999999999,1.1102230246251565e-16,1.0,4.110664228137149
sc_1886347_0434,17462,5,1.3294018678246957,1.4848078788078127,0.9999999999999999,1.1102230246251565e-16,1.0,4.110664228137149
sc_1886347_0435,17495,0,6.661338147750939e-16,0.26955374123465936,1.0,0.0,1.0,3.8801997447364878
sc_1886347_0435,17495,1,0.48805488170550226,0.7727068115719602,1.0,0.0,1.0,3.8801997447364878
sc_1886347_0435,17495,2,1.0338712656484366,1.2042723573417198,1.0000000000000002,2.220446049250313e-16,1.0,3.8801997447364878
sc_1886347_0435,17495,3,1.2307013749420534,1.2532087469367064,0.9999999999999999,1.1102230246251565e-16,1.0,3.8801997447364878
sc_1886347_0435,17495,4,1.2654556279087024,1.3159692597830746,0.9999999999999999,1.1102230246251565e-16,1.0,3.8801997447364878
sc_1886347_0435,17495,5,1.355322310543119,1.473459537520074,0.9999999999999999,1.1102230246251565e-16,1.0,3.8801997447364878
sc_1886347_0436,17527,0,-4.440892098500626e-16,0.3667257109444839,0.9999999999999998,2.220446049250313e-16,1.0,4.083910543162396
sc_1886347_0436,17527,1,0.46269321010647635,0.9233733557326876,0.9999999999999998,2.220446049250313e-16,1.0,4.083910543162396
sc_1886347_0436,17527,2,1.01617227999374,1.1518679636105202,0.9999999999999999,1.1102230246251565e-16,1.0,4.083910543162396
sc_1886347_0436,17527,3,1.1891552201068993,1.2350904880943105,1.0,0.0,1.0,4.083910543162396
sc_1886347_0436,17527,4,1.2422423234120843,1.31461165986776,1.0,0.0,1.0,4.083910543162396
sc_1886347_0436,17527,5,1.3375572037473862,1.4582439410041979,0.9999999999999999,1.1102230246251565e-16,1.0,4.083910543162396
sc_1886347_0437,17560,0,0.0,0.30462594212033123,0.9999999999999999,1.1102230246251565e-16,1.0,3.7664711921098744
sc_1886347_0437,17560,1,0.42456275110769703,0.9235186238410065,0.9999999999999999,1.1102230246251565e-16,1.0,3.7664711921098744
sc_1886347_0437,17560,2,0.9613095046056603,1.1437318740834774,0.9999999999999998,2.220446049250313e-16,1.0,3.7664711921098744
sc_1886347_0437,17560,3,1.1773170841087537,1.264885133320347,1.0,0.0,1.0,3.7664711921098744
sc_1886347_0437,17560,4,1.2692377125338377,1.3086949652856492,1.0000000000000002,2.220446049250313e-16,0.9999999999999999,3.7664711921098744
sc_1886347_0437,17560,5,1.3545174292840776,1.5602259224159327,0.9999999999999999,1.1102230246251565e-16,1.0,3.7664711921098744
sc_1886347_0438,17593,0,-6.661338147750939e-16,0.4255341783561821,1.0,0.0,1.0,3.998892202470377
sc_1886347_0438,17593,1,0.47275330570577156,0.8121934300480215,1.0000000000000002,2.220446049250313e-16,1.0,3.998892202470377
sc_1886347_0438,17593,2,0.9479490006985674,1.1442470138203193,1.0,0.0,1.0,3.998892202470377
sc_1886347_0438,17593,3,1.1472279739303215,1.2306152540020976,1.0,0.0,1.0,3.998892202470377
sc_1886347_0438,17593,4,1.259932682884943,1.3396742106017252,1.0,0.0,1.0,3.998892202470377
sc_1886347_0438,17593,5,1.3722936881662977,1.4765662614241952,1.0,0.0,1.0,3.998892202470377
sc_1886347_0439,17625,0,6.661338147750939e-16,0.36601805984827385,1.0,0.0,1.0,3.947629148953335
sc_1886347_0439,17625,1,0.4610007430618095,0.8400895163294445,1.0,0.0,1.0,3.947629148953335
sc_1886347_0439,17625,2,0.8822325873264834,1.146866111066421,1.0,0.0,1.0,3.947629148953335
sc_1886347_0439,17625,3,1.2096116184582315,1.2302701003187744,0.9999999999999999,1.1102230246251565e-16,1.0,3.947629148953335
sc_1886347_0439,17625,4,1.2824860576899497,1.3156916046161369,0.9999999999999999,1.1102230246251565e-16,1.0,3.947629148953335
sc_1886347_0439,17625,5,1.3584037234502482,1.50437754771913,0.9999999999999999,1.1102230246251565e-16,1.0,3.947629148953335
sc_1886347_0440,17658,0,0.0,0.4317584411330757,1.0,0.0,1.0,4.114883790439341
sc_1886347_0440,17658,1,0.48219298733249283,0.8014690103084738,0.9999999999999999,1.1102230246251565e-16,1.0,4.114883790439341
sc_1886347_0440,17658,2,0.8714221493221113,1.1573554942844502,1.0,0.0,1.0,4.114883790439341
sc_1886347_0440,17658,3,1.1777891489280132,1.2091177643741415,1.0,0.0,1.0,4.114883790439341
sc_1886347_0440,17658,4,1.263303132873317,1.3231485606388518,0.9999999999999999,1.1102230246251565e-16,1.0,4.114883790439341
sc_1886347_0440,17658,5,1.3587355749859134,1.481200082222501,1.0,0.0,1.0,4.114883790439341
sc_1886347_0441,17691,0,-2.220446049250313e-16,0.37318680241792457,0.9999999999999999,1.1102230246251565e-16,1.0,3.88114840230838
sc_1886347_0441,17691,1,0.4350004582084155,0.7821140406472655,1.0,0.0,0.9999999999999998,3.88114840230838
sc_1886347_0441,17691,2,0.9340824089492731,1.1528534199992364,1.0,0.0,1.0,3.88114840230838
sc_1886347_0441,17691,3,1.1915941163297645,1.2459232367997657,1.0,0.0,1.0,3.88114840230838
sc_1886347_0441,17691,4,1.2776303525113157,1.361008087673107,1.0,0.0,0.9999999999999998,3.88114840230838
sc_1886347_0441,17691,5,1.3648792670812182,1.5077597432536765,1.0,0.0,1.0,3.88114840230838
sc_1886347_0442,17723,0,4.440892098500626e-16,0.27082691659369496,1.0,0.0,1.0,3.873672086410518
sc_1886347_0442,17723,1,0.4739423006733805,0.8971166017411691,0.9999999999999999,1.1102230246251565e-16,1.0,3.873672086410518
sc_1886347_0442,17723,2,1.0506872294767373,1.1887258094088684,1.0,0.0,0.9999999999999999,3.873672086410518
sc_1886347_0442,17723,3,1.195672826865205,1.2742652101943845,1.0,0.0,1.0,3.873672086410518
sc_1886347_0442,17723,4,1.279205567442415,1.3073316605736642,1.0,0.0,1.0,3.873672086410518
sc_1886347_0442,17723,5,1.3473892268484577,1.5084978045712623,0.9999999999999999,1.1102230246251565e-16,1.0,3.873672086410518
sc_1886347_0443,17756,0,-2.220446049250313e-16,0.21585177932865096,1.0,0.0,1.0,3.986708431798333
sc_1886347_0443,17756,1,0.48357810166610316,0.8568183955511948,1.0,0.0,1.0,3.986708431798333
sc_1886347_0443,17756,2,0.9428835008153997,1.1731668357480536,0.9999999999999998,2.220446049250313e-16,0.9999999999999999,3.986708431798333
sc_1886347_0443,17756,3,1.2046554915723258,1.2735447786502585,1.0,0.0,1.0,3.986708431798333
sc_1886347_0443,17756,4,1.2922090108435635,1.320087263662818,0.9999999999999998,2.220446049250313e-16,1.0,3.986708431798333
sc_1886347_0443,17756,5,1.3321793177680055,1.4591777605891119,0.9999999999999998,2.220446049250313e-16,1.0,3.986708431798333
sc_1886347_0444,17789,0,-4.440892098500626e-16,0.18611871145970738,0.9999999999999999,1.1102230246251565e-16,1.0,3.9797737188258546
sc_1886347_0444,17789,1,0.47483125848087193,0.9141042044471867,0.9999999999999999,1.1102230246251565e-16,1.0,3.9797737188258546
sc_1886347_0444,17789,2,1.0211348833003626,1.1968465650987283,1.0,0.0,1.0,3.9797737188258546
sc_1886347_0444,17789,3,1.234461492738157,1.2577087048827547,1.0,0.0,1.0,3.9797737188258546
sc_1886347_0444,17789,4,1.2651995747101767,1.2864390150050815,1.0,0.0,1.0,3.9797737188258546
sc_1886347_0444,17789,5,1.343171129869099,1.4451965532424733,1.0,0.0,1.0,3.9797737188258546
sc_1886347_0445,17822,0,-6.661338147750939e-16,0.18295337400318656,1.0,0.0,1.0,3.790084927434441
sc_1886347_0445,17822,1,0.554248405991032,0.8300294399704508,0.9999999999999999,1.1102230246251565e-16,1.0,3.790084927434441
sc_1886347_0445,17822,2,0.9937813112115678,1.1773061437302925,0.9999999999999999,1.1102230246251565e-16,1.0,3.790084927434441
sc_1886347_0445,17822,3,1.1954202357485635,1.2617180555606766,1.0,0.0,1.0,3.790084927434441
sc_1886347_0445,17822,4,1.279915105884143,1.2949092828392637,1.0,0.0,1.0,3.790084927434441
sc_1886347_0445,17822,5,1.3591872604399553,1.4781044781429133,0.9999999999999998,2.220446049250313e-16,1.0,3.790084927434441
sc_1886347_0446,17854,0,-8.881784197001252e-16,0.22445341550360842,0.9999999999999999,1.1102230246251565e-16,1.0,3.678528678658631
sc_1886347_0446,17854,1,0.6271669874818543,0.7920309471790715,1.0,0.0,1.0,3.678528678658631
sc_1886347_0446,17854,2,0.876223010002391,1.1280924948532685,0.9999999999999999,1.1102230246251565e-16,0.9999999999999999,3.678528678658631
sc_1886347_0446,17854,3,1.1963793881591198,1.264366801534456,0.9999999999999998,2.220446049250313e-16,1.0,3.678528678658631
sc_1886347_0446,17854,4,1.2655982010017186,1.3545275098974874,1.0,0.0,1.0,3.678528678658631
sc_1886347_0446,17854,5,1.4128331399739877,1.5993290261151933,0.9999999999999998,2.220446049250313e-16,1.0,3.678528678658631
sc_1886347_0447,17887,0,-4.440892098500626e-16,0.19741213003934432,1.0,0.0,1.0,3.640033777275846
sc_1886347_0447,17887,1,0.6003385045432555,0.8643627969706198,0.9999999999999998,2.220446049250313e-16,1.0,3.640033777275846
sc_1886347_0447,17887,2,0.9908740447351978,1.149304813396627,0.9999999999999999,1.1102230246251565e-16,1.0,3.640033777275846
sc_1886347_0447,17887,3,1.2020969890907856,1.2559759902253589,0.9999999999999999,1.1102230246251565e-16,1.0,3.640033777275846
sc_1886347_0447,17887,4,1.2690951948526477,1.342536548287839,1.0,0.0,1.0000000000000002,3.640033777275846
sc_1886347_0447,17887,5,1.3457362590497997,1.557560434495461,1.0,0.0,1.0,3.640033777275846
sc_1886347_0448,17920,0,0.0,0.18103681057324428,1.0,0.0,1.0,3.747363625264506
sc_1886347_0448,17920,1,0.5913589260971941,0.9368684572425245,0.9999999999999999,1.1102230246251565e-16,1.0,3.747363625264506
sc_1886347_0448,17920,2,0.9740284727153817,1.1440579158021928,1.0,0.0,1.0,3.747363625264506
sc_1886347_0448,17920,3,1.189087112922502,1.232405340075438,0.9999999999999999,1.1102230246251565e-16,1.0,3.747363625264506
sc_1886347_0448,17920,4,1.253004990019458,1.3437631174565978,1.0000000000000002,2.220446049250313e-16,0.9999999999999999,3.747363625264506
sc_1886347_0448,17920,5,1.374603094113748,1.4836848243582597,1.0,0.0,1.0,3.747363625264506
sc_1886347_0449,17952,0,6.661338147750939e-16,0.3523467580066417,1.0000000000000002,2.220446049250313e-16,1.0,3.8705303001803713
sc_1886347_0449,17952,1,0.47857970778582803,0.8687389323928122,0.9999999999999999,1.1102230246251565e-16,1.0,3.8705303001803713
sc_1886347_0449,17952,2,0.943133640044314,1.1594006926835172,1.0,0.0,1.0,3.8705303001803713
sc_1886347_0449,17952,3,1.1684336593037006,1.219296126050359,0.9999999999999999,1.1102230246251565e-16,1.0,3.8705303001803713
sc_1886347_0449,17952,4,1.2868608119923504,1.309910816356184,0.9999999999999999,1.1102230246251565e-16,1.0,3.8705303001803713
sc_1886347_0449,17952,5,1.3532045243130177,1.5167455207021003,0.9999999999999999,1.1102230246251565e-16,1.0,3.8705303001803713
sc_1886347_0450,17985,0,8.881784197001252e-16,0.312936071121773,1.0000000000000002,2.220446049250313e-16,1.0,3.9799700540531227
sc_1886347_0450,17985,1,0.417232497924934,0.9078543388211986,1.0,0.0,1.0,3.9799700540531227
sc_1886347_0450,17985,2,1.0186147733814386,1.1454448913782125,0.9999999999999999,1.1102230246251565e-16,1.0,3.9799700540531227
sc_1886347_0450,17985,3,1.2025203015272532,1.2558187161318413,0.9999999999999999,1.1102230246251565e-16,1.0,3.9799700540531227
sc_1886347_0450,17985,4,1.2709200063287451,1.3326386634277168,0.9999999999999999,1.1102230246251565e-16,1.0,3.9799700540531227
sc_1886347_0450,17985,5,1.347535806439338,1.4682586542510974,0.9999999999999999,1.1102230246251565e-16,1.0,3.9799700540531227
sc_1886347_0451,18018,0,2.220446049250313e-16,0.3006274647925278,1.0,0.0,1.0,3.8593659428847205
sc_1886347_0451,18018,1,0.4483917364725467,0.9000662184317928,1.0,0.0,1.0,3.8593659428847205
sc_1886347_0451,18018,2,1.0015058594507362,1.1723086471429165,1.0,0.0,0.9999999999999999,3.8593659428847205
sc_1886347_0451,18018,3,1.1898028972466175,1.2485139465067776,1.0,0.0,1.0,3.8593659428847205
sc_1886347_0451,18018,4,1.2641072542299303,1.3034503055655102,0.9999999999999999,1.1102230246251565e-16,1.0000000000000002,3.8593659428847205
sc_1886347_0451,18018,5,1.3695290768409583,1.486016657336986,1.0,0.0,1.0,3.8593659428847205
sc_1886347_0452,18050,0,-4.440892098500626e-16,0.32571534320939155,1.0,0.0,1.0,4.001210689680524
sc_1886347_0452,18050,1,0.5370076301224449,0.9317355728941993,1.0,0.0,1.0,4.001210689680524
sc_1886347_0452,18050,2,0.9718688935122268,1.130996253745923,1.0,0.0,1.0,4.001210689680524
sc_1886347_0452,18050,3,1.1857121059286777,1.235001808251212,1.0,0.0,1.0,4.001210689680524
sc_1886347_0452,18050,4,1.2674488835022406,1.3173894764225633,0.9999999999999999,1.1102230246251565e-16,1.0,4.001210689680524
sc_1886347_0452,18050,5,1.3664997677727053,1.4765764269857822,1.0,0.0,1.0,4.001210689680524
sc_1886347_0453,18083,0,0.0,0.4894362519455868,1.0000000000000002,2.220446049250313e-16,1.0,4.0311314728215475
sc_1886347_0453,18083,1,0.55876113889761,0.8262108926731915,0.9999999999999999,1.1102230246251565e-16,1.0000000000000002,4.0311314728215475
sc_1886347_0453,18083,2,0.9561497175858137,1.1178105695880287,1.0,0.0,1.0,4.0311314728215475
sc_1886347_0453,18083,3,1.1768895215990365,1.219768920018473,1.0,0.0,1.0,4.0311314728215475
sc_1886347_0453,18083,4,1.2620897299153913,1.334383172023085,1.0,0.0,1.0,4.0311314728215475
sc_1886347_0453,18083,5,1.3633929289999736,1.533681684392658,0.9999999999999999,1.1102230246251565e-16,1.0,4.0311314728215475
sc_1886347_0454,18116,0,6.661338147750939e-16,0.3995307115555149,0.9999999999999999,1.1102230246251565e-16,1.0,4.165010941231643
sc_1886347_0454,18116,1,0.49326622190883285,0.9637310564863355,1.0,0.0,0.9999999999999998,4.165010941231643
sc_1886347_0454,18116,2,1.0082460271436773,1.119106514431451,1.0,0.0,1.0,4.165010941231643
sc_1886347_0454,18116,3,1.16937108891934,1.206852110881048,1.0,0.0,1.0,4.165010941231643
sc_1886347_0454,18116,4,1.2423894442703474,1.3230597082453697,0.9999999999999999,1.1102230246251565e-16,1.0,4.165010941231643
sc_1886347_0454,18116,5,1.3291096634602355,1.4706985008473468,1.0,0.0,1.0,4.165010941231643
sc_1886347_0455,18148,0,8.881784197001252e-16,0.32821344285776677,1.0000000000000002,2.220446049250313e-16,1.0,4.01141527548977
sc_1886347_0455,18148,1,0.5019406952472877,0.8554000997789548,0.9999999999999999,1.1102230246251565e-16,1.0,4.01141527548977
sc_1886347_0455,18148,2,1.0124427926116368,1.1471213047196416,1.0,0.0,1.0,4.01141527548977
sc_1886347_0455,18148,3,1.1830955248029793,1.245088691447108,1.0,0.0,1.0,4.01141527548977
sc_1886347_0455,18148,4,1.2597622760641982,1.3172590935498385,0.9999999999999999,1.1102230246251565e-16,1.0,4.01141527548977
sc_1886347_0455,18148,5,1.3397941582403967,1.4648549516814096,0.9999999999999998,2.220446049250313e-16,1.0,4.01141527548977
sc_1886347_0456,18181,0,0.0,0.36300853099721064,0.9999999999999999,1.1102230246251565e-16,1.0,3.8827399405761596
sc_1886347_0456,18181,1,0.5263665449783078,0.7910746321787043,0.9999999999999999,1.1102230246251565e-16,1.0,3.8827399405761596
sc_1886347_0456,18181,2,0.9666599944287396,1.1470084144457477,1.0,0.0,1.0,3.8827399405761596
sc_1886347_0456,18181,3,1.216475936022884,1.257141745522256,1.0,0.0,1.0,3.8827399405761596
sc_1886347_0456,18181,4,1.2592552588718717,1.3257368117156303,1.0,0.0,1.0,3.8827399405761596
sc_1886347_0456,18181,5,1.3439462130102813,1.4638563003755711,1.0,0.0,1.0,3.8827399405761596
sc_1886347_0457,18214,0,-2.220446049250313e-16,0.34736503637462635,0.9999999999999998,2.220446049250313e-16,1.0,3.84535902507474
sc_1886347_0457,18214,1,0.4807211623666674,0.8684370203979601,1.0,0.0,1.0,3.84535902507474
sc_1886347_0457,18214,2,0.9748486273847464,1.1052520410000835,0.9999999999999998,2.220446049250313e-16,1.0,3.84535902507474
sc_1886347_0457,18214,3,1.1861656841249126,1.2431092887102684,1.0,0.0,1.0,3.84535902507474
sc_1886347_0457,18214,4,1.2975358112564315,1.3277159910820666,0.9999999999999999,1.1102230246251565e-16,1.0,3.84535902507474
sc_1886347_0457,18214,5,1.3587521089110417,1.5124976488496877,1.0,0.0,1.0,3.84535902507474
sc_1886347_0458,18247,0,-4.440892098500626e-16,0.3010704685262957,1.0,0.0,1.0,3.9959856310856927
sc_1886347_0458,18247,1,0.6170406056019095,0.8860649488730069,0.9999999999999998,2.220446049250313e-16,1.0,3.9959856310856927
sc_1886347_0458,18247,2,0.9048929632944931,1.1190809140111506,1.0,0.0,1.0,3.9959856310856927
sc_1886347_0458,18247,3,1.1819146981779154,1.2383267583359299,0.9999999999999999,1.1102230246251565e-16,1.0,3.9959856310856927
sc_1886347_0458,18247,4,1.245973715723209,1.292800696779233,1.0,0.0,1.0,3.9959856310856927
sc_1886347_0458,18247,5,1.3332527588257395,1.5030917146648521,0.9999999999999999,1.1102230246251565e-16,1.0,3.9959856310856927
sc_1886347_0459,18279,0,4.440892098500626e-16,0.3007061512721916,0.9999999999999998,2.220446049250313e-16,1.0,3.9854352635125756
sc_1886347_0459,18279,1,0.5137049963121963,0.856735970921275,1.0,0.0,1.0,3.9854352635125756
sc_1886347_0459,18279,2,0.9721522640891676,1.1313135346248286,0.9999999999999999,1.1102230246251565e-16,1.0,3.9854352635125756
sc_1886347_0459,18279,3,1.1997007650976528,1.2350791341658167,1.0,0.0,1.0,3.9854352635125756
sc_1886347_0459,18279,4,1.2681955603720914,1.319004881221647,1.0,0.0,0.9999999999999998,3.9854352635125756
sc_1886347_0459,18279,5,1.3281418619911436,1.459109330517616,1.0,0.0,1.0,3.9854352635125756
sc_1886347_0460,18312,0,0.0,0.32510525482616126,0.9999999999999998,2.220446049250313e-16,1.0,4.1822783685296905
sc_1886347_0460,18312,1,0.6088071239545463,0.8620522144884071,0.9999999999999999,1.1102230246251565e-16,1.0,4.1822783685296905
sc_1886347_0460,18312,2,0.9863296734283777,1.1590272257522802,1.0,0.0,1.0,4.1822783685296905
sc_1886347_0460,18312,3,1.166235467698861,1.1955016012175328,0.9999999999999999,1.1102230246251565e-16,1.0,4.1822783685296905
sc_1886347_0460,18312,4,1.2455687251917622,1.3198133453952283,1.0,0.0,1.0,4.1822783685296905
sc_1886347_0460,18312,5,1.364686784328544,1.4471519038500829,0.9999999999999998,2.220446049250313e-16,1.0,4.1822783685296905
sc_1886347_0461,18345,0,0.0,0.18578743926564711,0.9999999999999999,1.1102230246251565e-16,1.0,3.891464088562286
sc_1886347_0461,18345,1,0.6484593325105628,0.9103358253961332,1.0,0.0,1.0,3.891464088562286
sc_1886347_0461,18345,2,0.9971272424312052,1.1427627884752916,0.9999999999999999,1.1102230246251565e-16,1.0,3.891464088562286
sc_1886347_0461,18345,3,1.191760969638644,1.261680634871322,1.0,0.0,1.0,3.891464088562286
sc_1886347_0461,18345,4,1.2761721337574683,1.3068743847827073,1.0,0.0,0.9999999999999999,3.891464088562286
sc_1886347_0461,18345,5,1.3212206471271692,1.4758274372668128,1.0,0.0,1.0,3.891464088562286
sc_1886347_0462,18377,0,-2.220446049250313e-16,0.33453874416751783,1.0,0.0,1.0,4.129120804929509
sc_1886347_0462,18377,1,0.6034876742935757,0.8586740510920013,0.9999999999999999,1.1102230246251565e-16,1.0,4.129120804929509
sc_1886347_0462,18377,2,1.0022247553636499,1.1512873250517046,1.0,0.0,1.0,4.129120804929509
sc_1886347_0462,18377,3,1.166619385422717,1.2222415557045099,0.9999999999999999,1.1102230246251565e-16,1.0,4.129120804929509
sc_1886347_0462,18377,4,1.2651866419008573,1.3129213291169195,1.0000000000000002,2.220446049250313e-16,1.0,4.129120804929509
sc_1886347_0462,18377,5,1.3362399887771583,1.4652018984306414,1.0,0.0,1.0,4.129120804929509
sc_1886347_0463,18410,0,4.440892098500626e-16,0.24771388173706677,0.9999999999999998,2.220446049250313e-16,1.0,4.109315301722793
sc_1886347_0463,18410,1,0.5836879926880122,0.8742121099404733,0.9999999999999998,2.220446049250313e-16,1.0,4.109315301722793
sc_1886347_0463,18410,2,1.0695821668215768,1.1576997799373356,1.0,0.0,1.0,4.109315301722793
sc_1886347_0463,18410,3,1.1842060014230154,1.222230545978841,0.9999999999999999,1.1102230246251565e-16,1.0,4.109315301722793
sc_1886347_0463,18410,4,1.2453928939094598,1.3040380081214369,1.0,0.0,1.0,4.109315301722793
sc_1886347_0463,18410,5,1.3535858466862836,1.4688902267301294,0.9999999999999999,1.1102230246251565e-16,1.0,4.109315301722793
sc_1886347_0464,18443,0,4.440892098500626e-16,0.20706197329444498,0.9999999999999999,1.1102230246251565e-16,1.0,3.8504917324272476
sc_1886347_0464,18443,1,0.4304849610945938,0.9346581719452625,1.0,0.0,1.0,3.8504917324272476
sc_1886347_0464,18443,2,1.0071201747852028,1.1654032589465475,1.0,0.0,1.0,3.8504917324272476
sc_1886347_0464,18443,3,1.1866836230473452,1.2335395800026667,0.9999999999999999,1.1102230246251565e-16,1.0,3.8504917324272476
sc_1886347_0464,18443,4,1.2557270483290726,1.3353344871491815,0.9999999999999998,2.220446049250313e-16,1.0,3.8504917324272476
sc_1886347_0464,18443,5,1.3781822778546144,1.4860629651949937,0.9999999999999998,2.220446049250313e-16,1.0,3.8504917324272476
sc_1886347_0465,18475,0,2.220446049250313e-16,0.3422861818669938,1.0,0.0,1.0,4.103165484137993
sc_1886347_0465,18475,1,0.391894096387438,0.9811433520449948,0.9999999999999999,1.1102230246251565e-16,1.0,4.103165484137993
sc_1886347_0465,18475,2,0.998212755161483,1.1502731432735411,0.9999999999999999,1.1102230246251565e-16,1.0,4.103165484137993
sc_1886347_0465,18475,3,1.1837186801990733,1.2537903505733112,0.9999999999999998,2.220446049250313e-16,1.0,4.103165484137993
sc_1886347_0465,18475,4,1.2708636240653224,1.3121842398544439,0.9999999999999999,1.1102230246251565e-16,1.0,4.103165484137993
sc_1886347_0465,18475,5,1.325404373887797,1.494822615543142,1.0,0.0,1.0,4.103165484137993
sc_1886347_0466,18731,0,4.440892098500626e-16,0.27050252135932396,1.0,0.0,1.0,3.870502975281611
sc_1886347_0466,18731,1,0.5960832930879962,0.8885257978587805,1.0000000000000002,2.220446049250313e-16,1.0,3.870502975281611
sc_1886347_0466,18731,2,0.9905752006404546,1.1189605211627116,1.0,0.0,1.0,3.870502975281611
sc_1886347_0466,18731,3,1.164423773946059,1.2231813699108116,0.9999999999999998,2.220446049250313e-16,1.0,3.870502975281611
sc_1886347_0466,18731,4,1.253188742530584,1.3494637647887142,1.0,0.0,1.0,3.870502975281611
sc_1886347_0466,18731,5,1.3636529786565132,1.5157792643783663,0.9999999999999999,1.1102230246251565e-16,1.0,3.870502975281611
sc_1886347_0467,18764,0,0.0,0.28285244500907414,1.0,0.0,1.0,3.962843716701871
sc_1886347_0467,18764,1,0.5260438732274475,0.8648613166180599,0.9999999999999999,1.1102230246251565e-16,1.0000000000000002,3.962843716701871
sc_1886347_0467,18764,2,1.0140147472340764,1.1554087713521322,0.9999999999999998,2.220446049250313e-16,1.0,3.962843716701871
sc_1886347_0467,18764,3,1.181286025545023,1.2582217281611097,1.0,0.0,1.0,3.962843716701871
sc_1886347_0467,18764,4,1.2629778461516838,1.3259524112252328,0.9999999999999999,1.1102230246251565e-16,1.0,3.962843716701871
sc_1886347_0467,18764,5,1.362366216684684,1.4681302966394678,1.0,0.0,1.0,3.962843716701871
sc_1886347_0468,18797,0,0.0,0.28859972586209315,0.9999999999999999,1.1102230246251565e-16,1.0,3.993633655888613
sc_1886347_0468,18797,1,0.5975982373565571,0.8715057436080399,1.0,0.0,1.0,3.993633655888613
sc_1886347_0468,18797,2,0.9715449109643208,1.1641745139936626,0.9999999999999999,1.1102230246251565e-16,1.0,3.993633655888613
sc_1886347_0468,18797,3,1.1784723798934185,1.2666059240171421,0.9999999999999999,1.1102230246251565e-16,1.0,3.993633655888613
sc_1886347_0468,18797,4,1.2780885484858402,1.312028994182944,1.0,0.0,1.0000000000000002,3.993633655888613
sc_1886347_0468,18797,5,1.3640210503855055,1.471019494862021,0.9999999999999998,2.220446049250313e-16,1.0,3.993633655888613
sc_1886347_0469,18829,0,2.220446049250313e-16,0.30861464874417854,1.0,0.0,1.0,3.845863984732282
sc_1886347_0469,18829,1,0.5551019502120665,0.8607230764503748,0.9999999999999999,1.1102230246251565e-16,1.0,3.845863984732282
sc_1886347_0469,18829,2,0.9832150628803736,1.122650275828953,1.0,0.0,1.0,3.845863984732282
sc_1886347_0469,18829,3,1.142363366872919,1.2625061287703654,1.0000000000000002,2.220446049250313e-16,1.0,3.845863984732282
sc_1886347_0469,18829,4,1.2812501885545629,1.3589704071133903,1.0,0.0,1.0,3.845863984732282
sc_1886347_0469,18829,5,1.3915924058325801,1.5170407133099721,1.0000000000000002,2.220446049250313e-16,1.0,3.845863984732282
sc_1886347_0470,18862,0,4.440892098500626e-16,0.2586472591569806,1.0,0.0,1.0,3.7518991395042063
sc_1886347_0470,18862,1,0.5568754516017759,0.8320477312695441,1.0,0.0,1.0,3.7518991395042063
sc_1886347_0470,18862,2,0.997999471388916,1.1424534369642882,1.0,0.0,1.0,3.7518991395042063
sc_1886347_0470,18862,3,1.183951306643884,1.257671726688477,0.9999999999999999,1.1102230246251565e-16,1.0,3.7518991395042063
sc_1886347_0470,18862,4,1.2805151374914883,1.3164715623911492,1.0,0.0,1.0,3.7518991395042063
sc_1886347_0470,18862,5,1.3622983594347216,1.5380707796807938,1.0,0.0,1.0,3.7518991395042063
sc_1886347_0471,18895,0,0.0,0.27472674742344205,1.0,0.0,1.0,3.8891671465833206
sc_1886347_0471,18895,1,0.5658551236852445,0.8975942440018781,1.0,0.0,0.9999999999999999,3.8891671465833206
sc_1886347_0471,18895,2,0.9696332714638356,1.1237740898672453,1.0,0.0,1.0,3.8891671465833206
sc_1886347_0471,18895,3,1.146832003652477,1.2347589153171477,1.0,0.0,1.0,3.8891671465833206
sc_1886347_0471,18895,4,1.263795609728597,1.3283072147938084,0.9999999999999999,1.1102230246251565e-16,1.0,3.8891671465833206
sc_1886347_0471,18895,5,1.3726990404443595,1.498187719578631,1.0,0.0,1.0,3.8891671465833206
sc_1886347_0472,18927,0,4.440892098500626e-16,0.317486470546239,0.9999999999999998,2.220446049250313e-16,1.0,3.9209753614306235
sc_1886347_0472,18927,1,0.6143344382856282,0.8378673879109314,1.0,0.0,1.0,3.9209753614306235
sc_1886347_0472,18927,2,0.9512761195716695,1.1257846105985976,1.0,0.0,1.0000000000000002,3.9209753614306235
sc_1886347_0472,18927,3,1.1817670666788036,1.218361548310424,0.9999999999999998,2.220446049250313e-16,1.0,3.9209753614306235
sc_1886347_0472,18927,4,1.2576679675855083,1.3579456446061957,0.9999999999999999,1.1102230246251565e-16,1.0000000000000002,3.9209753614306235
sc_1886347_0472,18927,5,1.3772190285608836,1.4782834961327274,0.9999999999999998,2.220446049250313e-16,1.0,3.9209753614306235
sc_1886347_0473,18960,0,0.0,0.275372989426077,1.0,0.0,1.0,3.8975400966243874
sc_1886347_0473,18960,1,0.5317019766654416,0.8566490345019883,1.0,0.0,1.0,3.8975400966243874
sc_1886347_0473,18960,2,1.020565147088675,1.166757091669595,0.9999999999999999,1.1102230246251565e-16,0.9999999999999999,3.8975400966243874
sc_1886347_0473,18960,3,1.1930511763776643,1.226611620433173,1.0000000000000002,2.220446049250313e-16,1.0,3.8975400966243874
sc_1886347_0473,18960,4,1.2394816158156188,1.2894968283111141,0.9999999999999998,2.220446049250313e-16,1.0000000000000002,3.8975400966243874
sc_1886347_0473,18960,5,1.3618515539119316,1.504267952915676,1.0000000000000002,2.220446049250313e-16,1.0,3.8975400966243874
sc_1886347_0474,18993,0,-2.220446049250313e-16,0.2174548281428066,0.9999999999999999,1.1102230246251565e-16,1.0,3.9709768554190723
sc_1886347_0474,18993,1,0.5223444657972567,0.9423234073403347,1.0,0.0,1.0000000000000002,3.9709768554190723
sc_1886347_0474,18993,2,1.0345598594596404,1.1584965819539819,0.9999999999999999,1.1102230246251565e-16,1.0,3.9709768554190723
sc_1886347_0474,18993,3,1.2048974475785124,1.2414324730045343,0.9999999999999998,2.220446049250313e-16,1.0,3.9709768554190723
sc_1886347_0474,18993,4,1.259538272456063,1.293264348793115,1.0,0.0,1.0,3.9709768554190723
sc_1886347_0474,18993,5,1.332498260647606,1.4997402994204385,1.0,0.0,1.0,3.9709768554190723
sc_1886347_0475,19025,0,4.440892098500626e-16,0.24324924256287406,1.0,0.0,1.0,3.690202480119004
sc_1886347_0475,19025,1,0.5209947450349806,0.8072043726536603,1.0,0.0,1.0,3.690202480119004
sc_1886347_0475,19025,2,0.9863251068774572,1.1550217878046167,1.0,0.0,0.9999999999999998,3.690202480119004
sc_1886347_0475,19025,3,1.1765275799071881,1.228505185867686,1.0000000000000002,2.220446049250313e-16,1.0,3.690202480119004
sc_1886347_0475,19025,4,1.2638030262611717,1.337052952852536,0.9999999999999998,2.220446049250313e-16,1.0,3.690202480119004
sc_1886347_0475,19025,5,1.3780028368450534,1.524003483559138,1.0000000000000002,2.220446049250313e-16,1.0,3.690202480119004
sc_1886347_0476,19058,0,2.220446049250313e-16,0.23898955407281486,1.0,0.0,1.0,3.8335924213507626
sc_1886347_0476,19058,1,0.4566132254133326,0.833442334500926,1.0,0.0,1.0,3.8335924213507626
sc_1886347_0476,19058,2,0.9932590280831428,1.1255632177055555,1.0,0.0,1.0000000000000002,3.8335924213507626
sc_1886347_0476,19058,3,1.2050242757566205,1.2486324157575392,1.0,0.0,1.0,3.8335924213507626
sc_1886347_0476,19058,4,1.2983472051500178,1.3453672618039691,1.0,0.0,1.0,3.8335924213507626
sc_1886347_0476,19058,5,1.3589500189774317,1.5263250857097452,1.0,0.0,1.0,3.8335924213507626
sc_1886347_0477,19091,0,8.881784197001252e-16,0.3237654638709089,1.0,0.0,1.0,3.9907697868236753
sc_1886347_0477,19091,1,0.4551999840537373,0.8795897710350133,1.0,0.0,0.9999999999999998,3.9907697868236753
sc_1886347_0477,19091,2,0.9600459938349218,1.1170222663482359,0.9999999999999999,1.1102230246251565e-16,0.9999999999999999,3.9907697868236753
sc_1886347_0477,19091,3,1.1846705054801105,1.2930098710908813,1.0,0.0,1.0,3.9907697868236753
sc_1886347_0477,19091,4,1.2962497053330875,1.3351878003380597,1.0,0.0,1.0,3.9907697868236753
sc_1886347_0477,19091,5,1.345503951590097,1.5008796246377554,1.0,0.0,1.0,3.9907697868236753
sc_1886347_0478,19124,0,0.0,0.4320689134475,0.9999999999999999,1.1102230246251565e-16,1.0,4.123464286154492
sc_1886347_0478,19124,1,0.4510191051273822,0.888342188147065,1.0,0.0,1.0,4.123464286154492
sc_1886347_0478,19124,2,0.9641903199952483,1.1416141409484515,1.0,0.0,1.0,4.123464286154492
sc_1886347_0478,19124,3,1.19903816082248,1.2499655197201787,1.0,0.0,1.0,4.123464286154492
sc_1886347_0478,19124,4,1.2562422151924062,1.3016861203951404,1.0,0.0,0.9999999999999998,4.123464286154492
sc_1886347_0478,19124,5,1.3388103359755512,1.5093044933670423,0.9999999999999999,1.1102230246251565e-16,1.0,4.123464286154492
sc_1886347_0479,19156,0,2.220446049250313e-16,0.23498521543248363,1.0000000000000002,2.220446049250313e-16,1.0,3.9828958027318238
sc_1886347_0479,19156,1,0.5885981964305176,0.8227809706989961,1.0,0.0,0.9999999999999999,3.9828958027318238
sc_1886347_0479,19156,2,0.980626828682614,1.1548449454557508,1.0,0.0,1.0,3.9828958027318238
sc_1886347_0479,19156,3,1.1909385331517508,1.211297549152012,1.0,0.0,1.0,3.9828958027318238
sc_1886347_0479,19156,4,1.2350868346102533,1.3440279945668039,0.9999999999999998,2.220446049250313e-16,1.0,3.9828958027318238
sc_1886347_0479,19156,5,1.4075477988800695,1.491381030951521,1.0,0.0,1.0,3.9828958027318238
sc_1886347_0480,19189,0,-6.661338147750939e-16,0.2230291580082404,0.9999999999999999,1.1102230246251565e-16,1.0,3.694643043944462
sc_1886347_0480,19189,1,0.5366178613426438,0.8677046736289196,1.0,0.0,0.9999999999999999,3.694643043944462
sc_1886347_0480,19189,2,0.9058002531744999,1.1249838372193217,1.0,0.0,1.0000000000000002,3.694643043944462
sc_1886347_0480,19189,3,1.1701343170155245,1.2843731467424444,1.0,0.0,1.0,3.694643043944462
sc_1886347_0480,19189,4,1.332445270812325,1.352482005040142,0.9999999999999998,2.220446049250313e-16,1.0,3.694643043944462
sc_1886347_0480,19189,5,1.376553386508793,1.543461816763961,1.0000000000000002,2.220446049250313e-16,1.0,3.694643043944462
sc_1886347_0481,19222,0,2.220446049250313e-16,0.3834670566517282,1.0,0.0,1.0,3.9033504587513876
sc_1886347_0481,19222,1,0.5400733441925479,0.8184054859462496,1.0,0.0,1.0,3.9033504587513876
sc_1886347_0481,19222,2,0.8793471894901206,1.1542979132566178,1.0,0.0,1.0,3.9033504587513876
sc_1886347_0481,19222,3,1.1754634569096631,1.2521818121642037,0.9999999999999999,1.1102230246251565e-16,1.0,3.9033504587513876
sc_1886347_0481,19222,4,1.264005734050282,1.319434910056679,1.0,0.0,1.0000000000000002,3.9033504587513876
sc_1886347_0481,19222,5,1.3637615167556882,1.5399020004726724,1.0,0.0,1.0,3.9033504587513876
sc_1886347_0482,19254,0,6.661338147750939e-16,0.33729182212809694,0.9999999999999998,2.220446049250313e-16,1.0,3.9743787776415926
sc_1886347_0482,19254,1,0.5522736724303081,0.8567427663524044,0.9999999999999999,1.1102230246251565e-16,1.0,3.9743787776415926
sc_1886347_0482,19254,2,0.9462471175259722,1.1541738315304895,1.0,0.0,1.0,3.9743787776415926
sc_1886347_0482,19254,3,1.1692629277760715,1.2312432521925132,1.0,0.0,1.0,3.9743787776415926
sc_1886347_0482,19254,4,1.2739540723337976,1.3120811818162512,0.9999999999999998,2.220446049250313e-16,0.9999999999999999,3.9743787776415926
sc_1886347_0482,19254,5,1.342930720260091,1.5638657207604771,0.9999999999999999,1.1102230246251565e-16,1.0,3.9743787776415926
sc_1886347_0483,19287,0,1.5543122344752192e-15,0.36260166155385076,1.0,0.0,1.0,4.03169346312159
sc_1886347_0483,19287,1,0.5572579499181425,0.812344200910079,1.0,0.0,1.0,4.03169346312159
sc_1886347_0483,19287,2,0.989027974335343,1.1619994309084434,1.0,0.0,1.0,4.03169346312159
sc_1886347_0483,19287,3,1.1761822029609812,1.2154874951077304,1.0,0.0,1.0,4.03169346312159
sc_1886347_0483,19287,4,1.2608854987697071,1.3397383712954956,1.0000000000000002,2.220446049250313e-16,1.0,4.03169346312159
sc_1886347_0483,19287,5,1.352309087769833,1.6013647034916876,1.0,0.0,1.0,4.03169346312159
sc_1886347_0484,19320,0,1.1102230246251565e-15,0.3463051541653188,1.0,0.0,1.0,4.015374319396253
sc_1886347_0484,19320,1,0.4554135807733788,0.8277345988220852,0.9999999999999998,2.220446049250313e-16,0.9999999999999999,4.015374319396253
sc_1886347_0484,19320,2,1.007787404261385,1.145088571579259,1.0,0.0,1.0,4.015374319396253
sc_1886347_0484,19320,3,1.1909730829291378,1.2432922872586234,1.0,0.0,1.0,4.015374319396253
sc_1886347_0484,19320,4,1.2563865759451338,1.3227898685398682,0.9999999999999999,1.1102230246251565e-16,0.9999999999999998,4.015374319396253
sc_1886347_0484,19320,5,1.3666392079152339,1.5009304262152487,1.0,0.0,1.0,4.015374319396253
sc_1886347_0485,19352,0,4.440892098500626e-16,0.3842865052145523,1.0,0.0,1.0,4.049707277287675
sc_1886347_0485,19352,1,0.4668133764894067,0.823924563381573,1.0,0.0,1.0000000000000002,4.049707277287675
sc_1886347_0485,19352,2,0.9517158361051449,1.1197927352359367,1.0,0.0,1.0,4.049707277287675
sc_1886347_0485,19352,3,1.1818381180687523,1.2458371871879004,0.9999999999999998,2.220446049250313e-16,1.0,4.049707277287675
sc_1886347_0485,19352,4,1.2550604390045383,1.3380946809134344,1.0,0.0,1.0,4.049707277287675
sc_1886347_0485,19352,5,1.3626992598118133,1.513583385200225,0.9999999999999999,1.1102230246251565e-16,1.0,4.049707277287675
sc_1886347_0486,19385,0,4.440892098500626e-16,0.2801927137371416,1.0,0.0,1.0,3.78604475438699
sc_1886347_0486,19385,1,0.47219587540357133,0.9059798156374572,0.9999999999999998,2.220446049250313e-16,1.0,3.78604475438699
sc_1886347_0486,19385,2,0.9312756316867008,1.1312841750395706,1.0,0.0,1.0,3.78604475438699
sc_1886347_0486,19385,3,1.1733969640386288,1.2371836307103172,1.0,0.0,1.0,3.78604475438699
sc_1886347_0486,19385,4,1.287701810419041,1.3470799440601968,0.9999999999999999,1.1102230246251565e-16,1.0,3.78604475438699
sc_1886347_0486,19385,5,1.3653929052164786,1.5146101664009142,0.9999999999999997,3.3306690738754696e-16,1.0,3.78604475438699
sc_1886347_0487,19418,0,4.440892098500626e-16,0.3830989638354707,1.0,0.0,1.0,4.0016962193881085
sc_1886347_0487,19418,1,0.47481736570141764,0.8118486867552326,0.9999999999999999,1.1102230246251565e-16,1.0,4.0016962193881085
sc_1886347_0487,19418,2,0.9236175340282353,1.1567692700784116,1.0,0.0,1.0,4.0016962193881085
sc_1886347_0487,19418,3,1.2355527445131447,1.2803614965513437,1.0,0.0,1.0,4.0016962193881085
sc_1886347_0487,19418,4,1.3031842182493345,1.328227991011592,0.9999999999999999,1.1102230246251565e-16,1.0,4.0016962193881085
sc_1886347_0487,19418,5,1.3540680414526178,1.4699758865623487,1.0,0.0,1.0,4.0016962193881085
sc_1886347_0488,19450,0,4.440892098500626e-16,0.24870037788169785,1.0,0.0,1.0,3.96170616572345
sc_1886347_0488,19450,1,0.5420792420924611,0.7430532026181732,1.0,0.0,0.9999999999999999,3.96170616572345
sc_1886347_0488,19450,2,0.9883433363563736,1.1758179451547668,0.9999999999999999,1.1102230246251565e-16,0.9999999999999998,3.96170616572345
sc_1886347_0488,19450,3,1.1958867313195554,1.2555209562394616,1.0,0.0,1.0,3.96170616572345
sc_1886347_0488,19450,4,1.2752400779314428,1.3332146885524427,1.0,0.0,1.0,3.96170616572345
sc_1886347_0488,19450,5,1.3521028848129042,1.465309563751784,0.9999999999999999,1.1102230246251565e-16,1.0,3.96170616572345
sc_1886347_0489,19483,0,4.440892098500626e-16,0.2116481205589127,1.0,0.0,1.0,4.112634853575874
sc_1886347_0489,19483,1,0.6420560572660894,0.8050693606500601,0.9999999999999998,2.220446049250313e-16,1.0,4.112634853575874
sc_1886347_0489,19483,2,1.0303943866317433,1.1119366548791618,0.9999999999999999,1.1102230246251565e-16,0.9999999999999999,4.112634853575874
sc_1886347_0489,19483,3,1.1602005220451954,1.2190201821031896,0.9999999999999999,1.1102230246251565e-16,1.0,4.112634853575874
sc_1886347_0489,19483,4,1.276947022786079,1.3337139596918908,1.0,0.0,1.0000000000000002,4.112634853575874
sc_1886347_0489,19483,5,1.339831193987027,1.4856431378234998,1.0,0.0,1.0,4.112634853575874
sc_1886347_0490,19516,0,-2.220446049250313e-16,0.22292582617544676,0.9999999999999999,1.1102230246251565e-16,1.0,3.7745063476939946
sc_1886347_0490,19516,1,0.41970985416960027,0.8532613555389236,1.0000000000000002,2.220446049250313e-16,1.0000000000000002,3.7745063476939946
sc_1886347_0490,19516,2,0.9568465624332826,1.1708471024705847,0.9999999999999999,1.1102230246251565e-16,1.0,3.7745063476939946
sc_1886347_0490,19516,3,1.179374566679598,1.2532239232692894,1.0,0.0,1.0,3.7745063476939946
sc_1886347_0490,19516,4,1.272624746503226,1.3434288208028076,0.9999999999999998,2.220446049250313e-16,1.0,3.7745063476939946
sc_1886347_0490,19516,5,1.3583829862351942,1.4923392739161112,1.0,0.0,1.0,3.7745063476939946
sc_1886347_0491,19549,0,6.661338147750939e-16,0.3028812758276873,1.0,0.0,1.0,3.9249543373496842
sc_1886347_0491,19549,1,0.5281998178749467,0.8379250403870285,1.0,0.0,1.0,3.9249543373496842
sc_1886347_0491,19549,2,0.9387226717840134,1.1459174050103416,1.0,0.0,0.9999999999999999,3.9249543373496842
sc_1886347_0491,19549,3,1.1636775172702718,1.2279598471439286,1.0,0.0,1.0,3.9249543373496842
sc_1886347_0491,19549,4,1.2584944626116301,1.333220880176985,1.0,0.0,1.0,3.9249543373496842
sc_1886347_0491,19549,5,1.3364106197626833,1.4920095241357931,1.0000000000000002,2.220446049250313e-16,1.0,3.9249543373496842
sc_1886347_0492,19581,0,2.220446049250313e-16,0.323272201533801,0.9999999999999999,1.1102230246251565e-16,1.0,4.121993786115197
sc_1886347_0492,19581,1,0.6743460676881161,0.8105609721713004,1.0,0.0,1.0,4.121993786115197
sc_1886347_0492,19581,2,0.950945967245938,1.125148289808074,1.0,0.0,1.0,4.121993786115197
sc_1886347_0492,19581,3,1.153593844517336,1.240522490802793,1.0,0.0,1.0,4.121993786115197
sc_1886347_0492,19581,4,1.2674241847857646,1.327220651102706,1.0,0.0,1.0000000000000002,4.121993786115197
sc_1886347_0492,19581,5,1.3765492059829867,1.465997456469693,0.9999999999999999,1.1102230246251565e-16,1.0,4.121993786115197
sc_1886347_0493,19614,0,4.440892098500626e-16,0.22654644224177933,1.0,0.0,1.0,3.85345514466637
sc_1886347_0493,19614,1,0.494053459125096,0.8429702376743924,1.0,0.0,1.0,3.85345514466637
sc_1886347_0493,19614,2,0.9540567458865432,1.1637993456588667,1.0,0.0,1.0000000000000002,3.85345514466637
sc_1886347_0493,19614,3,1.18960631957988,1.2286955171240446,1.0,0.0,1.0,3.85345514466637
sc_1886347_0493,19614,4,1.2765160053054134,1.2970125988444656,0.9999999999999998,2.220446049250313e-16,0.9999999999999998,3.85345514466637
sc_1886347_0493,19614,5,1.367710432440173,1.572236801615998,1.0000000000000002,2.220446049250313e-16,1.0,3.85345514466637
sc_1886347_0494,19647,0,2.220446049250313e-16,0.19688609110663635,1.0,0.0,1.0,3.83230125682341
sc_1886347_0494,19647,1,0.5351173806407108,0.8090166559059937,1.0,0.0,1.0,3.83230125682341
sc_1886347_0494,19647,2,0.9680394397186951,1.1563869340097312,1.0,0.0,1.0,3.83230125682341
sc_1886347_0494,19647,3,1.1862514585850332,1.2324226889600571,1.0,0.0,1.0,3.83230125682341
sc_1886347_0494,19647,4,1.2608221142002558,1.3109908904945147,0.9999999999999999,1.1102230246251565e-16,0.9999999999999999,3.83230125682341
sc_1886347_0494,19647,5,1.3353195467473729,1.5642907664272498,0.9999999999999999,1.1102230246251565e-16,1.0,3.83230125682341
sc_1886347_0495,19679,0,-2.220446049250313e-16,0.2134142680134541,1.0,0.0,1.0,3.6184874447979603
sc_1886347_0495,19679,1,0.49307194674988586,0.7493337453108374,1.0000000000000002,2.220446049250313e-16,0.9999999999999998,3.6184874447979603
sc_1886347_0495,19679,2,0.9883275925541696,1.1702255053793766,1.0,0.0,1.0,3.6184874447979603
sc_1886347_0495,19679,3,1.2034989756653496,1.2682511421424982,1.0,0.0,1.0,3.6184874447979603
sc_1886347_0495,19679,4,1.282579749843098,1.3090309848995298,1.0,0.0,1.0,3.6184874447979603
sc_1886347_0495,19679,5,1.344391589040907,1.5784471889354106,0.9999999999999999,1.1102230246251565e-16,1.0,3.6184874447979603
sc_1886347_0496,19862,0,-4.440892098500626e-16,0.2531193489165797,1.0000000000000002,2.220446049250313e-16,1.0,3.7977596803445954
sc_1886347_0496,19862,1,0.5185287222240993,0.8887398734489442,1.0,0.0,1.0,3.7977596803445954
sc_1886347_0496,19862,2,0.9485247608023676,1.1385552254004525,1.0,0.0,1.0,3.7977596803445954
sc_1886347_0496,19862,3,1.2015232302572378,1.2271688977502255,1.0,0.0,1.0,3.7977596803445954
sc_1886347_0496,19862,4,1.2654961041647517,1.3078451354867484,1.0,0.0,1.0,3.7977596803445954
sc_1886347_0496,19862,5,1.361539463090868,1.4895461267715193,1.0,0.0,1.0,3.7977596803445954
sc_1886347_0497,19895,0,0.0,0.20693340990845743,0.9999999999999999,1.1102230246251565e-16,1.0,3.6550458631848195
sc_1886347_0497,19895,1,0.4852223718839872,0.9140732481556494,1.0,0.0,1.0,3.6550458631848195
sc_1886347_0497,19895,2,0.9826785805262369,1.1315922638380143,0.9999999999999999,1.1102230246251565e-16,1.0,3.6550458631848195
sc_1886347_0497,19895,3,1.2044725581993792,1.2657488390359972,0.9999999999999998,2.220446049250313e-16,1.0,3.6550458631848195
sc_1886347_0497,19895,4,1.2744787058504663,1.3589357094915913,1.0,0.0,1.0,3.6550458631848195
sc_1886347_0497,19895,5,1.3819778075926636,1.4932371464949064,0.9999999999999998,2.220446049250313e-16,1.0,3.6550458631848195
sc_1886347_0498,19927,0,6.661338147750939e-16,0.1926189087789778,0.9999999999999999,1.1102230246251565e-16,1.0,3.5738213077657774
sc_1886347_0498,19927,1,0.4032491106956715,0.890621819178332,1.0,0.0,1.0,3.5738213077657774
sc_1886347_0498,19927,2,0.954664925943028,1.1930008746907719,1.0,0.0,1.0,3.5738213077657774
sc_1886347_0498,19927,3,1.24238803065461,1.2686987269680734,1.0,0.0,1.0,3.5738213077657774
sc_1886347_0498,19927,4,1.2909081207767625,1.3116676920009147,1.0000000000000002,2.220446049250313e-16,1.0,3.5738213077657774
sc_1886347_0498,19927,5,1.3641255739649154,1.5288701262469895,1.0,0.0,1.0,3.5738213077657774
sc_1886347_0499,19960,0,4.440892098500626e-16,0.2008837610230434,0.9999999999999997,3.3306690738754696e-16,1.0,3.732492409062502
sc_1886347_0499,19960,1,0.4845458866551924,0.8824188562716206,0.9999999999999999,1.1102230246251565e-16,1.0,3.732492409062502
sc_1886347_0499,19960,2,0.9131746757401787,1.168941540723691,1.0,0.0,1.0,3.732492409062502
sc_1886347_0499,19960,3,1.1988483717192857,1.2640305330067287,0.9999999999999999,1.1102230246251565e-16,1.0,3.732492409062502
sc_1886347_0499,19960,4,1.276924041795759,1.3304123529826202,0.9999999999999999,1.1102230246251565e-16,1.0,3.732492409062502
sc_1886347_0499,19960,5,1.3797893453016676,1.5193962594098511,1.0,0.0,1.0,3.732492409062502
sc_1886347_0500,19993,0,-8.881784197001252e-16,0.1833432767801546,1.0,0.0,1.0,3.78499141124115
sc_1886347_0500,19993,1,0.5054926475714063,0.8493370943384629,1.0,0.0,1.0,3.78499141124115
sc_1886347_0500,19993,2,0.9811264318964017,1.1811555423639886,1.0,0.0,1.0,3.78499141124115
sc_1886347_0500,19993,3,1.2097199930391587,1.2418761628416648,1.0,0.0,1.0,3.78499141124115
sc_1886347_0500,19993,4,1.2638599513431317,1.3165156128260913,1.0,0.0,1.0000000000000002,3.78499141124115
sc_1886347_0500,19993,5,1.3512297511606697,1.4798874501400845,1.0,0.0,1.0,3.78499141124115
sc_1886347_0501,20026,0,0.0,0.2807157617908902,1.0,0.0,1.0,3.924104505528566
sc_1886347_0501,20026,1,0.5850056612039959,0.8366330091515586,0.9999999999999999,1.1102230246251565e-16,1.0,3.924104505528566
sc_1886347_0501,20026,2,0.9244858116280661,1.1449137214110539,1.0,0.0,1.0,3.924104505528566
sc_1886347_0501,20026,3,1.1698705203414088,1.2389226101659818,1.0,0.0,1.0,3.924104505528566
sc_1886347_0501,20026,4,1.248541173443117,1.3031773215128823,0.9999999999999999,1.1102230246251565e-16,1.0,3.924104505528566
sc_1886347_0501,20026,5,1.3439720227071508,1.4964552749537905,0.9999999999999999,1.1102230246251565e-16,1.0,3.924104505528566
sc_1886347_0502,20058,0,-6.661338147750939e-16,0.15522571085945835,1.0,0.0,1.0,3.796924185308099
sc_1886347_0502,20058,1,0.6420717909488396,0.915113426968494,0.9999999999999999,1.1102230246251565e-16,1.0,3.796924185308099
sc_1886347_0502,20058,2,0.9568338607935658,1.1395404825931559,1.0,0.0,1.0,3.796924185308099
sc_1886347_0502,20058,3,1.1776884501102964,1.241309243172757,0.9999999999999998,2.220446049250313e-16,1.0,3.796924185308099
sc_1886347_0502,20058,4,1.2574687220409113,1.3168590720114626,0.9999999999999999,1.1102230246251565e-16,1.0,3.796924185308099
sc_1886347_0502,20058,5,1.3593176927432098,1.4915996536633853,1.0,0.0,1.0,3.796924185308099
sc_1886347_0503,20091,0,-2.220446049250313e-16,0.11078007907352294,1.0000000000000002,2.220446049250313e-16,1.0,3.8735108060740515
sc_1886347_0503,20091,1,0.6068022458588943,0.9585904279238415,0.9999999999999998,2.220446049250313e-16,1.0000000000000002,3.8735108060740515
sc_1886347_0503,20091,2,0.994446838347237,1.1320068521184328,1.0000000000000002,2.220446049250313e-16,1.0,3.8735108060740515
sc_1886347_0503,20091,3,1.1691227316177142,1.238322200665346,0.9999999999999999,1.1102230246251565e-16,1.0,3.8735108060740515
sc_1886347_0503,20091,4,1.2458234785037168,1.3219630301915832,0.9999999999999999,1.1102230246251565e-16,1.0,3.8735108060740515
sc_1886347_0503,20091,5,1.3640517719370868,1.5294031109688953,1.0,0.0,1.0,3.8735108060740515
sc_1886347_0504,20124,0,-4.440892098500626e-16,0.17926175860387805,0.9999999999999999,1.1102230246251565e-16,1.0,3.7254870751738287
sc_1886347_0504,20124,1,0.6486488134171609,0.9124001844666231,1.0,0.0,1.0,3.7254870751738287
sc_1886347_0504,20124,2,0.9650484109143043,1.1467950199177097,1.0,0.0,1.0,3.7254870751738287
sc_1886347_0504,20124,3,1.1826819257655579,1.234014045261099,1.0,0.0,1.0,3.7254870751738287
sc_1886347_0504,20124,4,1.2740973724920894,1.3441437255020052,1.0,0.0,1.0,3.7254870751738287
sc_1886347_0504,20124,5,1.3780651147077843,1.5313388949991658,0.9999999999999999,1.1102230246251565e-16,1.0,3.7254870751738287
sc_1886347_0505,20156,0,-4.440892098500626e-16,0.12302113828580485,1.0,0.0,1.0,3.901401537153137
sc_1886347_0505,20156,1,0.7173643134310103,0.935752959970233,1.0,0.0,1.0,3.901401537153137
sc_1886347_0505,20156,2,0.955807861653838,1.1430069899482818,0.9999999999999999,1.1102230246251565e-16,1.0,3.901401537153137
sc_1886347_0505,20156,3,1.195801640538296,1.240082138859881,1.0,0.0,1.0,3.901401537153137
sc_1886347_0505,20156,4,1.2465223944000685,1.3052914463462582,1.0,0.0,1.0,3.901401537153137
sc_1886347_0505,20156,5,1.3312818426584567,1.4714327714758093,1.0,0.0,1.0,3.901401537153137
sc_1886347_0506,20189,0,-4.440892098500626e-16,0.2420489401604955,1.0000000000000002,2.220446049250313e-16,1.0,3.921051365659667
sc_1886347_0506,20189,1,0.5835358488064337,0.9184470292495527,0.9999999999999999,1.1102230246251565e-16,1.0,3.921051365659667
sc_1886347_0506,20189,2,1.0180519824236225,1.1598681571061766,1.0,0.0,1.0000000000000002,3.921051365659667
sc_1886347_0506,20189,3,1.1911356047925548,1.2121227859893717,0.9999999999999998,2.220446049250313e-16,1.0,3.921051365659667
sc_1886347_0506,20189,4,1.269845607881817,1.3087711267937117,0.9999999999999998,2.220446049250313e-16,1.0,3.921051365659667
sc_1886347_0506,20189,5,1.3437615719913578,1.4583449053634419,0.9999999999999997,3.3306690738754696e-16,1.0,3.921051365659667
sc_1886347_0507,20222,0,2.220446049250313e-16,0.29189969837455676,1.0,0.0,1.0,3.7277199076515757
sc_1886347_0507,20222,1,0.45436346322754506,0.873861015982381,1.0,0.0,1.0000000000000002,3.7277199076515757
sc_1886347_0507,20222,2,1.0192639413951112,1.1406011916462682,1.0,0.0,1.0,3.7277199076515757
sc_1886347_0507,20222,3,1.1547121898802848,1.2553414074760487,1.0,0.0,1.0,3.7277199076515757
sc_1886347_0507,20222,4,1.2780678348484629,1.3225491607737077,1.0000000000000002,2.220446049250313e-16,1.0,3.7277199076515757
sc_1886347_0507,20222,5,1.3500016018494585,1.4674059740641674,1.0,0.0,1.0,3.7277199076515757
sc_1886347_0508,20254,0,0.0,0.3445805276950329,0.9999999999999999,1.1102230246251565e-16,1.0,3.8191813483438053
sc_1886347_0508,20254,1,0.4716392439339533,0.8931031759209929,0.9999999999999998,2.220446049250313e-16,1.0,3.8191813483438053
sc_1886347_0508,20254,2,1.0002145705777057,1.1531826143744557,1.0,0.0,1.0,3.8191813483438053
sc_1886347_0508,20254,3,1.1936427392501705,1.2616012586040672,1.0,0.0,1.0,3.8191813483438053
sc_1886347_0508,20254,4,1.266910560124765,1.3105923558235206,1.0,0.0,1.0,3.8191813483438053
sc_1886347_0508,20254,5,1.3376919159508933,1.4629443099197141,0.9999999999999999,1.1102230246251565e-16,1.0,3.8191813483438053
sc_1886347_0509,20287,0,2.220446049250313e-16,0.3315932353382538,1.0000000000000002,2.220446049250313e-16,1.0,3.6352138431446606
sc_1886347_0509,20287,1,0.507605096868333,0.8291254896957396,0.9999999999999999,1.1102230246251565e-16,1.0000000000000002,3.6352138431446606
sc_1886347_0509,20287,2,0.9046978500669729,1.14774488691323,0.9999999999999999,1.1102230246251565e-16,1.0,3.6352138431446606
sc_1886347_0509,20287,3,1.1549287655615543,1.2199577818554395,0.9999999999999999,1.1102230246251565e-16,1.0,3.6352138431446606
sc_1886347_0509,20287,4,1.2779472440685467,1.329384017681667,1.0,0.0,0.9999999999999998,3.6352138431446606
sc_1886347_0509,20287,5,1.3477330430803838,1.54020199422448,0.9999999999999999,1.1102230246251565e-16,1.0,3.6352138431446606
sc_1886347_0510,20320,0,0.0,0.2857088159267043,0.9999999999999998,2.220446049250313e-16,1.0,3.7742193852628056
sc_1886347_0510,20320,1,0.5407780748116792,0.863077683039415,1.0,0.0,1.0,3.7742193852628056
sc_1886347_0510,20320,2,0.955842993454849,1.128826582652674,0.9999999999999999,1.1102230246251565e-16,1.0,3.7742193852628056
sc_1886347_0510,20320,3,1.1625866922325896,1.2614686475883314,1.0,0.0,1.0,3.7742193852628056
sc_1886347_0510,20320,4,1.2759325502973335,1.3482089228513836,1.0,0.0,1.0,3.7742193852628056
sc_1886347_0510,20320,5,1.372683791504991,1.5369910592707214,0.9999999999999997,3.3306690738754696e-16,1.0,3.7742193852628056
sc_1886347_0511,20353,0,6.661338147750939e-16,0.3479795685019058,0.9999999999999998,2.220446049250313e-16,1.0,3.814723855037473
sc_1886347_0511,20353,1,0.38163375100671293,0.9087668140073221,1.0,0.0,1.0,3.814723855037473
sc_1886347_0511,20353,2,1.0039146080325518,1.1054015949590932,1.0,0.0,1.0,3.814723855037473
sc_1886347_0511,20353,3,1.1897123753009813,1.2363413122210585,1.0,0.0,1.0,3.814723855037473
sc_1886347_0511,20353,4,1.2623287606180282,1.3674581150756902,1.0,0.0,0.9999999999999999,3.814723855037473
sc_1886347_0511,20353,5,1.37427906865889,1.4629598335415486,1.0,0.0,1.0,3.814723855037473
sc_1886347_0512,20385,0,1.1102230246251565e-15,0.3141566889548353,1.0000000000000002,2.220446049250313e-16,1.0,4.028045192295504
sc_1886347_0512,20385,1,0.5388441155269741,0.8832751273432811,0.9999999999999998,2.220446049250313e-16,1.0000000000000002,4.028045192295504
sc_1886347_0512,20385,2,1.007415178077395,1.1396591715703537,1.0,0.0,1.0,4.028045192295504
sc_1886347_0512,20385,3,1.1904393396781434,1.2430688366253049,1.0000000000000002,2.220446049250313e-16,1.0,4.028045192295504
sc_1886347_0512,20385,4,1.2615402352601424,1.322638327094131,1.0,0.0,1.0,4.028045192295504
sc_1886347_0512,20385,5,1.33949804594671,1.4671087322133423,0.9999999999999998,2.220446049250313e-16,1.0,4.028045192295504
sc_1886347_0513,20418,0,4.440892098500626e-16,0.2615664673891531,1.0000000000000002,2.220446049250313e-16,1.0,3.9845032261563382
sc_1886347_0513,20418,1,0.47834264968846885,0.9058085839240928,0.9999999999999999,1.1102230246251565e-16,1.0,3.9845032261563382
sc_1886347_0513,20418,2,1.0623002176051344,1.1659920551779162,1.0,0.0,1.0000000000000002,3.9845032261563382
sc_1886347_0513,20418,3,1.1947662142056203,1.2470880460926366,1.0,0.0,1.0,3.9845032261563382
sc_1886347_0513,20418,4,1.2616748536175346,1.3046448290587542,1.0,0.0,1.0,3.9845032261563382
sc_1886347_0513,20418,5,1.3371012765935528,1.4806648743017194,0.9999999999999997,3.3306690738754696e-16,1.0,3.9845032261563382
sc_1886347_0514,20451,0,4.440892098500626e-16,0.3689848712662791,0.9999999999999999,1.1102230246251565e-16,1.0,3.906782961531159
sc_1886347_0514,20451,1,0.4848881088165333,0.8746178416914565,1.0,0.0,1.0000000000000002,3.906782961531159
sc_1886347_0514,20451,2,0.9849664943647858,1.1320643461352256,1.0000000000000002,2.220446049250313e-16,1.0,3.906782961531159
sc_1886347_0514,20451,3,1.145054151514151,1.2413507443750469,0.9999999999999999,1.1102230246251565e-16,1.0,3.906782961531159
sc_1886347_0514,20451,4,1.2758820220834193,1.3419871977544222,1.0,0.0,1.0000000000000002,3.906782961531159
sc_1886347_0514,20451,5,1.3680639412089426,1.4772072086479135,0.9999999999999999,1.1102230246251565e-16,1.0,3.906782961531159
sc_1886347_0515,20483,0,6.661338147750939e-16,0.30782727408234467,1.0,0.0,1.0,4.105989750211606
sc_1886347_0515,20483,1,0.5124731338231701,0.8651172470565697,0.9999999999999999,1.1102230246251565e-16,1.0,4.105989750211606
sc_1886347_0515,20483,2,1.0250664652407242,1.1118643784422968,1.0000000000000002,2.220446049250313e-16,1.0,4.105989750211606
sc_1886347_0515,20483,3,1.1863279003877067,1.245702297567842,0.9999999999999999,1.1102230246251565e-16,1.0,4.105989750211606
sc_1886347_0515,20483,4,1.2801029539242523,1.3208854674985222,1.0,0.0,1.0,4.105989750211606
sc_1886347_0515,20483,5,1.3499455575141146,1.4341323597236195,0.9999999999999999,1.1102230246251565e-16,1.0,4.105989750211606
sc_1886347_0516,20516,0,1.1102230246251565e-15,0.3619319442732065,0.9999999999999999,1.1102230246251565e-16,1.0,3.8761991056492646
sc_1886347_0516,20516,1,0.4916917458570671,0.8647781388148976,0.9999999999999998,2.220446049250313e-16,1.0,3.8761991056492646
sc_1886347_0516,20516,2,1.001829191160314,1.117282561452217,1.0,0.0,1.0,3.8761991056492646
sc_1886347_0516,20516,3,1.1788853229544856,1.2024879197661322,1.0,0.0,1.0,3.8761991056492646
sc_1886347_0516,20516,4,1.278558313553484,1.3484116790772067,0.9999999999999999,1.1102230246251565e-16,1.0,3.8761991056492646
sc_1886347_0516,20516,5,1.3617490376433372,1.5290795448694054,1.0,0.0,1.0,3.8761991056492646
sc_1886347_0517,20549,0,8.881784197001252e-16,0.3841367587173574,1.0,0.0,1.0,4.078406555314925
sc_1886347_0517,20549,1,0.5878416439822883,0.8091715079463867,1.0,0.0,1.0,4.078406555314925
sc_1886347_0517,20549,2,0.9417438420457731,1.1299696873455258,1.0,0.0,1.0,4.078406555314925
sc_1886347_0517,20549,3,1.1977343801763598,1.2302486931875118,0.9999999999999999,1.1102230246251565e-16,1.0,4.078406555314925
sc_1886347_0517,20549,4,1.2570746436133613,1.304264549833667,0.9999999999999999,1.1102230246251565e-16,1.0,4.078406555314925
sc_1886347_0517,20549,5,1.33860379570892,1.4789944138158893,0.9999999999999999,1.1102230246251565e-16,1.0,4.078406555314925
sc_1886347_0518,20581,0,0.0,0.33587618421384313,0.9999999999999999,1.1102230246251565e-16,1.0,4.111559099404959
sc_1886347_0518,20581,1,0.5866887776513032,0.8023305530421123,0.9999999999999999,1.1102230246251565e-16,1.0000000000000002,4.111559099404959
sc_1886347_0518,20581,2,0.9319296063331233,1.1272937854887448,1.0000000000000002,2.220446049250313e-16,1.0,4.111559099404959
sc_1886347_0518,20581,3,1.1852463497007781,1.2266793449856315,1.0000000000000002,2.220446049250313e-16,1.0,4.111559099404959
sc_1886347_0518,20581,4,1.2557612250079824,1.313506237859153,1.0,0.0,1.0,4.111559099404959
sc_1886347_0518,20581,5,1.3914383642165475,1.4656707337844153,0.9999999999999999,1.1102230246251565e-16,1.0,4.111559099404959
sc_1886347_0519,20614,0,0.0,0.2871189350911929,0.9999999999999999,1.1102230246251565e-16,1.0,3.6964613655504137
sc_1886347_0519,20614,1,0.6195003050592486,0.7849798803742681,1.0,0.0,1.0000000000000002,3.6964613655504137
sc_1886347_0519,20614,2,0.865829995148805,1.125898516839047,1.0,0.0,1.0000000000000002,3.6964613655504137
sc_1886347_0519,20614,3,1.1951883931057568,1.242152609593897,0.9999999999999999,1.1102230246251565e-16,1.0,3.6964613655504137
sc_1886347_0519,20614,4,1.2723772910615347,1.3664596146596077,1.0,0.0,0.9999999999999999,3.6964613655504137
sc_1886347_0519,20614,5,1.3818519516915415,1.5195003184452514,0.9999999999999997,3.3306690738754696e-16,1.0,3.6964613655504137
sc_1886347_0520,20647,0,6.661338147750939e-16,0.3617536989149883,0.9999999999999999,1.1102230246251565e-16,1.0,3.8984646006846426
sc_1886347_0520,20647,1,0.4963284238568255,0.799364767092607,1.0,0.0,1.0,3.8984646006846426
sc_1886347_0520,20647,2,0.9359603180402293,1.1098653536184926,0.9999999999999999,1.1102230246251565e-16,1.0,3.8984646006846426
sc_1886347_0520,20647,3,1.1438428721714158,1.237301551284316,1.0,0.0,1.0,3.8984646006846426
sc_1886347_0520,20647,4,1.2427070019771356,1.3544028048843368,1.0,0.0,1.0,3.8984646006846426
sc_1886347_0520,20647,5,1.3722940439360958,1.4972019675488952,1.0,0.0,1.0,3.8984646006846426
sc_1886347_0521,20679,0,4.440892098500626e-16,0.35790990254191724,1.0,0.0,1.0,3.831623958183749
sc_1886347_0521,20679,1,0.4794458591208983,0.7985115850980935,0.9999999999999999,1.1102230246251565e-16,1.0,3.831623958183749
sc_1886347_0521,20679,2,0.9086733574447637,1.1236076865406306,1.0,0.0,1.0,3.831623958183749
sc_1886347_0521,20679,3,1.1753049755088187,1.2494529690263614,1.0,0.0,1.0,3.831623958183749
sc_1886347_0521,20679,4,1.2592757175748273,1.3494375510795285,0.9999999999999999,1.1102230246251565e-16,1.0,3.831623958183749
sc_1886347_0521,20679,5,1.3868509483104448,1.5240491863482268,1.0,0.0,1.0,3.831623958183749
sc_1886347_0522,20712,0,2.220446049250313e-16,0.31437057656084066,0.9999999999999998,2.220446049250313e-16,1.0,3.8086701996398653
sc_1886347_0522,20712,1,0.4731671874199752,0.8011202770102761,1.0,0.0,1.0,3.8086701996398653
sc_1886347_0522,20712,2,0.9551347140428863,1.1593266331841046,0.9999999999999999,1.1102230246251565e-16,0.9999999999999999,3.8086701996398653
sc_1886347_0522,20712,3,1.192645593328665,1.2584178344369952,0.9999999999999999,1.1102230246251565e-16,1.0,3.8086701996398653
sc_1886347_0522,20712,4,1.2696822249547919,1.3554239428297912,0.9999999999999999,1.1102230246251565e-16,1.0000000000000002,3.8086701996398653
sc_1886347_0522,20712,5,1.3609015219115814,1.521153103619296,1.0,0.0,1.0,3.8086701996398653
sc_1886347_0523,20745,0,-4.440892098500626e-16,0.3727051774491794,0.9999999999999999,1.1102230246251565e-16,1.0,3.9213867652485908
sc_1886347_0523,20745,1,0.5083371110972765,0.8708825109666373,1.0,0.0,1.0,3.9213867652485908
sc_1886347_0523,20745,2,0.9209282617522683,1.1405844594986767,0.9999999999999999,1.1102230246251565e-16,1.0,3.9213867652485908
sc_1886347_0523,20745,3,1.20398142588431,1.2446444773891536,0.9999999999999999,1.1102230246251565e-16,1.0,3.9213867652485908
sc_1886347_0523,20745,4,1.2531712622910653,1.316578287138914,0.9999999999999999,1.1102230246251565e-16,0.9999999999999998,3.9213867652485908
sc_1886347_0523,20745,5,1.3405373636632962,1.5209075704020445,1.0,0.0,1.0,3.9213867652485908
sc_1886347_0524,20778,0,2.220446049250313e-16,0.2748245400481715,1.0,0.0,1.0,3.974989784174787
sc_1886347_0524,20778,1,0.5656894552208586,0.8552540383472462,1.0,0.0,1.0,3.974989784174787
sc_1886347_0524,20778,2,0.8828352086622507,1.14956000523221,1.0,0.0,1.0,3.974989784174787
sc_1886347_0524,20778,3,1.1978259889631175,1.2385798369480538,1.0,0.0,1.0,3.974989784174787
sc_1886347_0524,20778,4,1.2420367570148794,1.333937037039795,1.0,0.0,1.0,3.974989784174787
sc_1886347_0524,20778,5,1.3644905348636656,1.4871168905729528,1.0,0.0,1.0,3.974989784174787
sc_1886347_0525,20810,0,0.0,0.4129804664415748,0.9999999999999999,1.1102230246251565e-16,1.0,4.084351701107546
sc_1886347_0525,20810,1,0.5941052862282323,0.8128100256643261,1.0,0.0,1.0,4.084351701107546
sc_1886347_0525,20810,2,0.9405471185837581,1.1228800259439615,0.9999999999999998,2.220446049250313e-16,1.0,4.084351701107546
sc_1886347_0525,20810,3,1.1490731655446962,1.2426241053495355,1.0,0.0,1.0,4.084351701107546
sc_1886347_0525,20810,4,1.2819674770447695,1.3242769600677469,1.0,0.0,1.0000000000000002,4.084351701107546
sc_1886347_0525,20810,5,1.359226599694046,1.4611783455098921,0.9999999999999998,2.220446049250313e-16,1.0,4.084351701107546
sc_1886347_0526,20843,0,-2.220446049250313e-16,0.3481072869322528,0.9999999999999999,1.1102230246251565e-16,1.0,3.88215432588135
sc_1886347_0526,20843,1,0.5765289133575604,0.7975482851974292,0.9999999999999999,1.1102230246251565e-16,1.0,3.88215432588135
sc_1886347_0526,20843,2,0.9958120041936801,1.1553756598421465,1.0,0.0,1.0,3.88215432588135
sc_1886347_0526,20843,3,1.1889882178637146,1.2361023764518926,1.0,0.0,1.0,3.88215432588135
sc_1886347_0526,20843,4,1.24534845708885,1.335136885328087,0.9999999999999999,1.1102230246251565e-16,1.0,3.88215432588135
sc_1886347_0526,20843,5,1.3427984186324793,1.514254459939128,1.0,0.0,1.0,3.88215432588135
sc_1886347_0527,20876,0,2.220446049250313e-16,0.385843466672358,1.0,0.0,1.0,4.140805748759051
sc_1886347_0527,20876,1,0.5547099760174555,0.8598771376207324,1.0,0.0,1.0,4.140805748759051
sc_1886347_0527,20876,2,0.8978972261365598,1.1478513221958178,0.9999999999999999,1.1102230246251565e-16,1.0,4.140805748759051
sc_1886347_0527,20876,3,1.1791645194657123,1.2525203486847394,1.0,0.0,1.0,4.140805748759051
sc_1886347_0527,20876,4,1.2545809248035142,1.296200560861947,1.0,0.0,1.0,4.140805748759051
sc_1886347_0527,20876,5,1.3453294692992135,1.4689952686760404,0.9999999999999998,2.220446049250313e-16,1.0,4.140805748759051
sc_1886347_0528,20908,0,-2.220446049250313e-16,0.315323904372961,1.0,0.0,1.0,3.966200403353553
sc_1886347_0528,20908,1,0.5392497784783962,0.8974919979476844,1.0,0.0,1.0,3.966200403353553
sc_1886347_0528,20908,2,0.9051167264643853,1.163376945853971,0.9999999999999999,1.1102230246251565e-16,1.0,3.966200403353553
sc_1886347_0528,20908,3,1.183553384246799,1.2421420593798642,0.9999999999999999,1.1102230246251565e-16,1.0,3.966200403353553
sc_1886347_0528,20908,4,1.2498264394031036,1.2976410508554612,0.9999999999999999,1.1102230246251565e-16,1.0000000000000002,3.966200403353553
sc_1886347_0528,20908,5,1.368068047465541,1.5062302510542667,0.9999999999999998,2.220446049250313e-16,1.0,3.966200403353553
sc_1886347_0529,20941,0,-2.220446049250313e-16,0.39899917572619303,1.0,0.0,1.0,4.147822527804378
sc_1886347_0529,20941,1,0.4777020674549176,0.8913860831613082,1.0,0.0,0.9999999999999999,4.147822527804378
sc_1886347_0529,20941,2,0.9874822569194037,1.1879563960324273,0.9999999999999998,2.220446049250313e-16,1.0,4.147822527804378
sc_1886347_0529,20941,3,1.201224702180337,1.240825211633118,1.0000000000000002,2.220446049250313e-16,1.0,4.147822527804378
sc_1886347_0529,20941,4,1.256631531393237,1.3254253190958603,0.9999999999999999,1.1102230246251565e-16,0.9999999999999999,4.147822527804378
sc_1886347_0529,20941,5,1.3618856899983551,1.450315166349308,1.0,0.0,1.0,4.147822527804378
sc_1886347_0530,20974,0,-2.220446049250313e-16,0.36644563115107465,1.0,0.0,1.0,3.9985296896639007
sc_1886347_0530,20974,1,0.4733270660464661,0.8744523474119348,0.9999999999999999,1.1102230246251565e-16,1.0,3.9985296896639007
sc_1886347_0530,20974,2,1.0064612607936676,1.1392270719653765,0.9999999999999999,1.1102230246251565e-16,1.0,3.9985296896639007
sc_1886347_0530,20974,3,1.1812660397921548,1.2537158400809871,1.0,0.0,1.0,3.9985296896639007
sc_1886347_0530,20974,4,1.2988208373206935,1.3346147245329776,0.9999999999999999,1.1102230246251565e-16,1.0,3.9985296896639007
sc_1886347_0530,20974,5,1.361581789027122,1.4854147047393709,0.9999999999999999,1.1102230246251565e-16,1.0,3.9985296896639007
sc_1886347_0531,21006,0,-4.440892098500626e-16,0.38015897531169873,1.0,0.0,1.0,3.9929707344695506
sc_1886347_0531,21006,1,0.4432223099877164,0.889835928166291,0.9999999999999998,2.220446049250313e-16,1.0,3.9929707344695506
sc_1886347_0531,21006,2,0.9815128868551395,1.141032637264264,1.0,0.0,1.0,3.9929707344695506
sc_1886347_0531,21006,3,1.191494164986001,1.2501936646823788,1.0,0.0,1.0,3.9929707344695506
sc_1886347_0531,21006,4,1.2543403328516793,1.3404361910279001,1.0,0.0,1.0000000000000002,3.9929707344695506
sc_1886347_0531,21006,5,1.3593974896028103,1.4650322492312702,1.0,0.0,1.0,3.9929707344695506
sc_1886347_0532,21039,0,0.0,0.4369251816910704,1.0,0.0,1.0,3.914095372467462
sc_1886347_0532,21039,1,0.5055947936702683,0.7421753744369719,1.0,0.0,0.9999999999999999,3.914095372467462
sc_1886347_0532,21039,2,0.9288944109880665,1.1719779612556227,1.0,0.0,1.0,3.914095372467462
sc_1886347_0532,21039,3,1.1828853538802164,1.2558583709871975,1.0,0.0,1.0,3.914095372467462
sc_1886347_0532,21039,4,1.2756230859859248,1.360591464028226,1.0000000000000002,2.220446049250313e-16,0.9999999999999999,3.914095372467462
sc_1886347_0532,21039,5,1.3771613511968388,1.5172805689546405,1.0000000000000002,2.220446049250313e-16,1.0,3.914095372467462
sc_1886347_0533,21072,0,0.0,0.38856693233978823,0.9999999999999998,2.220446049250313e-16,1.0,3.8594436131381955
sc_1886347_0533,21072,1,0.5263697494410355,0.7322249325747627,0.9999999999999999,1.1102230246251565e-16,1.0,3.8594436131381955
sc_1886347_0533,21072,2,0.8918481062052876,1.1300787713430438,0.9999999999999999,1.1102230246251565e-16,1.0,3.8594436131381955
sc_1886347_0533,21072,3,1.177077251006644,1.239259310057749,1.0,0.0,1.0,3.8594436131381955
sc_1886347_0533,21072,4,1.272218892596963,1.3296201589424188,1.0,0.0,1.0,3.8594436131381955
sc_1886347_0533,21072,5,1.4237846630627458,1.4944647738417332,0.9999999999999999,1.1102230246251565e-16,1.0,3.8594436131381955
sc_1886347_0534,21179,0,8.881784197001252e-16,0.2877841944189661,1.0,0.0,1.0,3.6240346791378144
sc_1886347_0534,21179,1,0.5043650509318587,0.7682959543152683,0.9999999999999999,1.1102230246251565e-16,1.0,3.6240346791378144
sc_1886347_0534,21179,2,0.9155759693995029,1.1196278247784492,0.9999999999999999,1.1102230246251565e-16,1.0000000000000002,3.6240346791378144
sc_1886347_0534,21179,3,1.1796143593664337,1.230129075545364,1.0,0.0,1.0,3.6240346791378144
sc_1886347_0534,21179,4,1.269240745999344,1.3478340235586765,1.0,0.0,1.0,3.6240346791378144
sc_1886347_0534,21179,5,1.390984640910302,1.5379359827948678,1.0,0.0,1.0,3.6240346791378144
sc_1886347_0535,21211,0,6.661338147750939e-16,0.2785932312369992,0.9999999999999999,1.1102230246251565e-16,1.0,3.835844676888937
sc_1886347_0535,21211,1,0.5163553488928789,0.7629361096613507,0.9999999999999999,1.1102230246251565e-16,1.0,3.835844676888937
sc_1886347_0535,21211,2,1.0008261845629143,1.1723677063040523,1.0,0.0,1.0,3.835844676888937
sc_1886347_0535,21211,3,1.1906941015732961,1.2370880133378206,1.0000000000000002,2.220446049250313e-16,1.0,3.835844676888937
sc_1886347_0535,21211,4,1.2683613634415922,1.3220660337885102,1.0,0.0,1.0,3.835844676888937
sc_1886347_0535,21211,5,1.4116686324901724,1.5014475799419749,1.0,0.0,1.0,3.835844676888937
sc_1886347_0536,21244,0,4.440892098500626e-16,0.23517673820649954,1.0,0.0,1.0,3.897083518597109
sc_1886347_0536,21244,1,0.5937422262785772,0.8341096461448769,1.0,0.0,1.0,3.897083518597109
sc_1886347_0536,21244,2,1.0051851780119496,1.129616083084145,0.9999999999999998,2.220446049250313e-16,1.0,3.897083518597109
sc_1886347_0536,21244,3,1.1786529048643786,1.2141495453785862,1.0,0.0,1.0,3.897083518597109
sc_1886347_0536,21244,4,1.2417904384844567,1.328245266199109,1.0,0.0,1.0,3.897083518597109
sc_1886347_0536,21244,5,1.3862788575323395,1.5228450613654623,1.0,0.0,1.0,3.897083518597109
sc_1886347_0537,21277,0,2.220446049250313e-16,0.18627216167699556,1.0,0.0,1.0,3.5947461250872372
sc_1886347_0537,21277,1,0.45087379143698647,0.8974657799812225,0.9999999999999999,1.1102230246251565e-16,1.0000000000000002,3.5947461250872372
sc_1886347_0537,21277,2,0.9235357278588167,1.1427563001787913,1.0,0.0,1.0000000000000002,3.5947461250872372
sc_1886347_0537,21277,3,1.1898183333124581,1.2188498610102105,1.0000000000000002,2.220446049250313e-16,1.0,3.5947461250872372
sc_1886347_0537,21277,4,1.275666930197239,1.3197659028352757,1.0,0.0,1.0,3.5947461250872372
sc_1886347_0537,21277,5,1.3635778405181183,1.5454023841743028,0.9999999999999999,1.1102230246251565e-16,1.0,3.5947461250872372
sc_1886347_0538,21309,0,-4.440892098500626e-16,0.2700943174958452,1.0,0.0,1.0,3.622148730847141
sc_1886347_0538,21309,1,0.4801041840827627,0.8447959860007841,0.9999999999999998,2.220446049250313e-16,1.0,3.622148730847141
sc_1886347_0538,21309,2,1.004278570934061,1.1156637296633585,1.0,0.0,0.9999999999999999,3.622148730847141
sc_1886347_0538,21309,3,1.1913887985094722,1.2046916979487345,0.9999999999999999,1.1102230246251565e-16,1.0,3.622148730847141
sc_1886347_0538,21309,4,1.2858318520202476,1.325716221554817,1.0000000000000002,2.220446049250313e-16,1.0,3.622148730847141
sc_1886347_0538,21309,5,1.3410439117742299,1.5581240718478273,1.0,0.0,1.0,3.622148730847141
sc_1886347_0539,21342,0,2.220446049250313e-16,0.2625167246387192,1.0,0.0,1.0,3.7249964201713013
sc_1886347_0539,21342,1,0.4296568037364217,0.8956001531457537,1.0000000000000002,2.220446049250313e-16,1.0,3.7249964201713013
sc_1886347_0539,21342,2,0.9901183919046194,1.160095611875278,1.0,0.0,1.0,3.7249964201713013
sc_1886347_0539,21342,3,1.16782035655527,1.239022411208341,0.9999999999999999,1.1102230246251565e-16,1.0,3.7249964201713013
sc_1886347_0539,21342,4,1.2765054145397106,1.3117670206495928,1.0,0.0,1.0000000000000002,3.7249964201713013
sc_1886347_0539,21342,5,1.3221561519907354,1.4928807271724778,1.0,0.0,1.0,3.7249964201713013
sc_1886347_0540,21375,0,6.661338147750939e-16,0.25908628974343983,1.0,0.0,1.0,3.476668172473847
sc_1886347_0540,21375,1,0.48654336252545627,0.8589853008127517,1.0,0.0,1.0,3.476668172473847
sc_1886347_0540,21375,2,0.899696575430869,1.1539442226086982,0.9999999999999998,2.220446049250313e-16,1.0,3.476668172473847
sc_1886347_0540,21375,3,1.175703609369871,1.2638535469239147,1.0,0.0,1.0,3.476668172473847
sc_1886347_0540,21375,4,1.2680558267068194,1.334908020780642,0.9999999999999999,1.1102230246251565e-16,1.0,3.476668172473847
sc_1886347_0540,21375,5,1.3953542868010043,1.4839756337890133,0.9999999999999999,1.1102230246251565e-16,1.0,3.476668172473847
sc_1886347_0541,21407,0,4.440892098500626e-16,0.28564366473289593,0.9999999999999998,2.220446049250313e-16,1.0,3.8848705221622133
sc_1886347_0541,21407,1,0.49970962976124844,0.8943813075332157,1.0,0.0,0.9999999999999999,3.8848705221622133
sc_1886347_0541,21407,2,0.9941047482149218,1.1013736657792275,1.0,0.0,1.0,3.8848705221622133
sc_1886347_0541,21407,3,1.1399503712486847,1.2538359615518053,1.0,0.0,1.0,3.8848705221622133
sc_1886347_0541,21407,4,1.2708010541667702,1.3190280756919084,1.0,0.0,1.0,3.8848705221622133
sc_1886347_0541,21407,5,1.3479434245958366,1.5092715290250736,1.0,0.0,1.0,3.8848705221622133
sc_1886347_0542,21440,0,4.440892098500626e-16,0.3018133247799393,0.9999999999999999,1.1102230246251565e-16,1.0,3.992068005979445
sc_1886347_0542,21440,1,0.5888613922502461,0.8606048960359117,1.0,0.0,1.0000000000000002,3.992068005979445
sc_1886347_0542,21440,2,1.0106874863157023,1.1697063817572295,1.0,0.0,1.0,3.992068005979445
sc_1886347_0542,21440,3,1.2035395014501755,1.2255652553564826,1.0,0.0,1.0,3.992068005979445
sc_1886347_0542,21440,4,1.2313703615049845,1.2950684500141536,1.0,0.0,1.0,3.992068005979445
sc_1886347_0542,21440,5,1.3435891338397354,1.4536605683930586,0.9999999999999999,1.1102230246251565e-16,1.0,3.992068005979445
sc_1886347_0543,21473,0,2.220446049250313e-16,0.2945763397561689,1.0,0.0,1.0,3.9406575302845375
sc_1886347_0543,21473,1,0.5517995005163098,0.8194097504955942,1.0000000000000002,2.220446049250313e-16,1.0,3.9406575302845375
sc_1886347_0543,21473,2,1.0197105566651197,1.132197819227785,0.9999999999999999,1.1102230246251565e-16,1.0000000000000002,3.9406575302845375
sc_1886347_0543,21473,3,1.1847708756039848,1.2246138787094663,0.9999999999999999,1.1102230246251565e-16,1.0,3.9406575302845375
sc_1886347_0543,21473,4,1.263920495244952,1.3203639076509806,0.9999999999999999,1.1102230246251565e-16,1.0,3.9406575302845375
sc_1886347_0543,21473,5,1.3351599280137132,1.4596475484036588,0.9999999999999998,2.220446049250313e-16,1.0,3.9406575302845375
sc_1886347_0544,21506,0,0.0,0.32323070016338296,0.9999999999999999,1.1102230246251565e-16,1.0,3.855684950965827
sc_1886347_0544,21506,1,0.5352826916438173,0.8295295823815395,0.9999999999999999,1.1102230246251565e-16,1.0,3.855684950965827
sc_1886347_0544,21506,2,0.914692531384267,1.1218871822987093,1.0,0.0,0.9999999999999999,3.855684950965827
sc_1886347_0544,21506,3,1.155871639744677,1.2381834934210447,0.9999999999999999,1.1102230246251565e-16,1.0,3.855684950965827
sc_1886347_0544,21506,4,1.2777855726747194,1.3338111812212619,1.0,0.0,0.9999999999999999,3.855684950965827
sc_1886347_0544,21506,5,1.3767763663879857,1.4984861099125282,1.0,0.0,1.0,3.855684950965827
sc_1886347_0545,21538,0,4.440892098500626e-16,0.3153688369551455,1.0,0.0,1.0,3.930204568829853
sc_1886347_0545,21538,1,0.5026619857261658,0.832657779010876,0.9999999999999999,1.1102230246251565e-16,1.0000000000000002,3.930204568829853
sc_1886347_0545,21538,2,0.9386481814180158,1.142495017226794,0.9999999999999998,2.220446049250313e-16,1.0,3.930204568829853
sc_1886347_0545,21538,3,1.1853251160857394,1.214945676296455,1.0,0.0,1.0,3.930204568829853
sc_1886347_0545,21538,4,1.2556770085502427,1.3146729837628646,0.9999999999999999,1.1102230246251565e-16,1.0,3.930204568829853
sc_1886347_0545,21538,5,1.3735611497416593,1.5216365349764616,1.0,0.0,1.0,3.930204568829853
sc_1886347_0546,21571,0,8.881784197001252e-16,0.3207874884606807,0.9999999999999999,1.1102230246251565e-16,1.0,3.805712541215062
sc_1886347_0546,21571,1,0.5210533234843158,0.8258445631518813,0.9999999999999999,1.1102230246251565e-16,1.0,3.805712541215062
sc_1886347_0546,21571,2,0.9488451439549636,1.156484211533881,0.9999999999999998,2.220446049250313e-16,1.0,3.805712541215062
sc_1886347_0546,21571,3,1.180091258587488,1.2114104028580788,0.9999999999999999,1.1102230246251565e-16,1.0,3.805712541215062
sc_1886347_0546,21571,4,1.2620150184583796,1.3130807922901728,0.9999999999999999,1.1102230246251565e-16,1.0,3.805712541215062
sc_1886347_0546,21571,5,1.3635124762944768,1.5033112693704784,1.0000000000000002,2.220446049250313e-16,1.0,3.805712541215062
sc_1886347_0547,21604,0,0.0,0.30953299580305016,1.0,0.0,1.0,3.761966557959879
sc_1886347_0547,21604,1,0.4558690936440353,0.8782738816728676,1.0,0.0,1.0000000000000002,3.761966557959879
sc_1886347_0547,21604,2,0.9479261634240679,1.1639369742644565,0.9999999999999999,1.1102230246251565e-16,1.0,3.761966557959879
sc_1886347_0547,21604,3,1.212613532154387,1.2416285463462498,0.9999999999999999,1.1102230246251565e-16,1.0,3.761966557959879
sc_1886347_0547,21604,4,1.2491078677182486,1.3123933891013726,1.0,0.0,1.0,3.761966557959879
sc_1886347_0547,21604,5,1.3233430598358835,1.527800329342626,1.0,0.0,1.0,3.761966557959879
sc_1886347_0548,21636,0,-2.220446049250313e-16,0.3419917669828141,0.9999999999999999,1.1102230246251565e-16,1.0,3.7480374470261593
sc_1886347_0548,21636,1,0.41901733555816234,0.8064306527618968,1.0,0.0,1.0,3.7480374470261593
sc_1886347_0548,21636,2,0.9077194231913427,1.1745181933600648,1.0,0.0,1.0,3.7480374470261593
sc_1886347_0548,21636,3,1.2094746823951448,1.2433992943978915,0.9999999999999999,1.1102230246251565e-16,1.0,3.7480374470261593
sc_1886347_0548,21636,4,1.2553335690863185,1.2905246535568664,1.0,0.0,1.0,3.7480374470261593
sc_1886347_0548,21636,5,1.3352243629549596,1.545251040840682,0.9999999999999998,2.220446049250313e-16,1.0,3.7480374470261593
sc_1886347_0549,21669,0,-8.881784197001252e-16,0.5068085980656063,0.9999999999999999,1.1102230246251565e-16,1.0,4.084134011754704
sc_1886347_0549,21669,1,0.5398938184563414,0.7788770136500733,1.0,0.0,1.0,4.084134011754704
sc_1886347_0549,21669,2,0.9635498175754219,1.1827079218345162,1.0,0.0,1.0000000000000002,4.084134011754704
sc_1886347_0549,21669,3,1.2052816889093774,1.224390635674251,1.0,0.0,1.0,4.084134011754704
sc_1886347_0549,21669,4,1.2889519543576555,1.3224111907289204,1.0,0.0,1.0,4.084134011754704
sc_1886347_0549,21669,5,1.3439446022275618,1.5008223634905051,1.0,0.0,1.0,4.084134011754704
sc_1886347_0550,21702,0,8.881784197001252e-16,0.40884827194852913,0.9999999999999999,1.1102230246251565e-16,1.0,3.93614882600315
sc_1886347_0550,21702,1,0.6001104689337976,0.7764431639748866,1.0,0.0,1.0,3.93614882600315
sc_1886347_0550,21702,2,0.894202955762915,1.15756770294815,0.9999999999999999,1.1102230246251565e-16,0.9999999999999999,3.93614882600315
sc_1886347_0550,21702,3,1.1986265552166935,1.2290120433474163,1.0,0.0,1.0,3.93614882600315
sc_1886347_0550,21702,4,1.232769630960911,1.3316888217353524,1.0,0.0,1.0,3.93614882600315
sc_1886347_0550,21702,5,1.3854588153065137,1.476250802242759,1.0,0.0,1.0,3.93614882600315
sc_1886347_0551,21734,0,6.661338147750939e-16,0.42548543893456237,0.9999999999999999,1.1102230246251565e-16,1.0,4.072102216881573
sc_1886347_0551,21734,1,0.542823234783877,0.8291368247029586,1.0,0.0,1.0,4.072102216881573
sc_1886347_0551,21734,2,0.9076923875134212,1.1469053239198257,1.0,0.0,1.0,4.072102216881573
sc_1886347_0551,21734,3,1.1575679128236975,1.2367783820412257,1.0,0.0,1.0,4.072102216881573
sc_1886347_0551,21734,4,1.257520070839495,1.3366421417268755,0.9999999999999999,1.1102230246251565e-16,0.9999999999999999,4.072102216881573
sc_1886347_0551,21734,5,1.3611578468807193,1.4694152129563995,1.0,0.0,1.0,4.072102216881573
sc_1886347_0552,21767,0,1.1102230246251565e-15,0.29578015823097226,1.0,0.0,1.0,3.7489129954779763
sc_1886347_0552,21767,1,0.43207155447865775,0.9107433994855195,1.0,0.0,1.0,3.7489129954779763
sc_1886347_0552,21767,2,0.9468933816458988,1.213605199522053,1.0,0.0,1.0,3.7489129954779763
sc_1886347_0552,21767,3,1.2161662468315668,1.2310936651840865,0.9999999999999999,1.1102230246251565e-16,1.0,3.7489129954779763
sc_1886347_0552,21767,4,1.2796099130243137,1.3192618707906982,1.0,0.0,1.0,3.7489129954779763
sc_1886347_0552,21767,5,1.3426215158328718,1.5475469513192521,1.0,0.0,1.0,3.7489129954779763
sc_1886347_0553,21800,0,6.661338147750939e-16,0.22034085815261162,0.9999999999999999,1.1102230246251565e-16,1.0,3.6908804110415803
sc_1886347_0553,21800,1,0.4330986100673806,0.8675620642674182,0.9999999999999999,1.1102230246251565e-16,1.0,3.6908804110415803
sc_1886347_0553,21800,2,0.9960334833858832,1.2100555907929935,1.0,0.0,0.9999999999999998,3.6908804110415803
sc_1886347_0553,21800,3,1.219738126409997,1.2760729611553336,0.9999999999999999,1.1102230246251565e-16,1.0,3.6908804110415803
sc_1886347_0553,21800,4,1.2786325360041562,1.353936011310273,1.0,0.0,1.0,3.6908804110415803
sc_1886347_0553,21800,5,1.3622232054364662,1.5101797062405733,1.0,0.0,1.0,3.6908804110415803
sc_1886347_0554,21832,0,-2.220446049250313e-16,0.24431179800189207,1.0,0.0,1.0,3.8514185535302317
sc_1886347_0554,21832,1,0.5332039199743965,0.7823244700680487,1.0000000000000002,2.220446049250313e-16,1.0,3.8514185535302317
sc_1886347_0554,21832,2,1.0267564054175893,1.1832360769962196,0.9999999999999999,1.1102230246251565e-16,1.0,3.8514185535302317
sc_1886347_0554,21832,3,1.187440353698621,1.2585061123099346,1.0000000000000002,2.220446049250313e-16,1.0,3.8514185535302317
sc_1886347_0554,21832,4,1.275935419405516,1.3426339362039248,1.0,0.0,1.0,3.8514185535302317
sc_1886347_0554,21832,5,1.3699769876718157,1.4693393697910364,1.0,0.0,1.0,3.8514185535302317
sc_1886347_0555,21865,0,2.220446049250313e-16,0.2774330126292466,1.0,0.0,1.0,3.8879829935093837
sc_1886347_0555,21865,1,0.4953658231854874,0.8439360073590239,1.0,0.0,0.9999999999999999,3.8879829935093837
sc_1886347_0555,21865,2,1.0281609024627918,1.1925619723030447,1.0000000000000002,2.220446049250313e-16,1.0000000000000002,3.8879829935093837
sc_1886347_0555,21865,3,1.2078130447720177,1.2485397710636206,0.9999999999999998,2.220446049250313e-16,1.0,3.8879829935093837
sc_1886347_0555,21865,4,1.2752915848155464,1.3011753204597325,0.9999999999999999,1.1102230246251565e-16,1.0,3.8879829935093837
sc_1886347_0555,21865,5,1.3343507835727066,1.451053434930692,1.0000000000000002,2.220446049250313e-16,1.0,3.8879829935093837
sc_1886347_0556,21898,0,-2.220446049250313e-16,0.29911399726287025,0.9999999999999999,1.1102230246251565e-16,1.0,3.932640460072536
sc_1886347_0556,21898,1,0.4634699002070377,0.9605845832740663,1.0,0.0,1.0,3.932640460072536
sc_1886347_0556,21898,2,1.0015623656830344,1.1665355118564047,1.0,0.0,1.0,3.932640460072536
sc_1886347_0556,21898,3,1.1887133791338078,1.2504268505885938,1.0,0.0,1.0,3.932640460072536
sc_1886347_0556,21898,4,1.2575033780228744,1.278794205799718,1.0,0.0,1.0,3.932640460072536
sc_1886347_0556,21898,5,1.301304433687456,1.4967860729635647,1.0,0.0,1.0,3.932640460072536
sc_1886347_0557,21931,0,0.0,0.34165683867915275,1.0,0.0,1.0,3.8076612128965848
sc_1886347_0557,21931,1,0.46670042881939344,0.9403717664148877,1.0,0.0,0.9999999999999999,3.8076612128965848
sc_1886347_0557,21931,2,1.02596793846202,1.099949709844603,1.0,0.0,1.0,3.8076612128965848
sc_1886347_0557,21931,3,1.1587777388857698,1.2236613960626914,0.9999999999999999,1.1102230246251565e-16,1.0,3.8076612128965848
sc_1886347_0557,21931,4,1.2339330211653277,1.3307609631711277,1.0,0.0,1.0,3.8076612128965848
sc_1886347_0557,21931,5,1.385487405681826,1.4760088828879034,0.9999999999999999,1.1102230246251565e-16,1.0,3.8076612128965848
sc_1886347_0558,21963,0,2.220446049250313e-16,0.33748722491224203,1.0,0.0,1.0,3.904155599591621
sc_1886347_0558,21963,1,0.5482543462053081,0.8395904321875062,0.9999999999999999,1.1102230246251565e-16,1.0,3.904155599591621
sc_1886347_0558,21963,2,0.9890597692168256,1.1268802480393911,1.0000000000000002,2.220446049250313e-16,1.0,3.904155599591621
sc_1886347_0558,21963,3,1.1340386110887928,1.223530843683498,1.0,0.0,1.0,3.904155599591621
sc_1886347_0558,21963,4,1.2587404354305969,1.3054518827286612,1.0,0.0,1.0,3.904155599591621
sc_1886347_0558,21963,5,1.350161214170344,1.5157553106589097,1.0,0.0,1.0,3.904155599591621
sc_1886347_0559,21996,0,2.220446049250313e-16,0.25502264265241914,0.9999999999999999,1.1102230246251565e-16,1.0,3.5471646652308557
sc_1886347_0559,21996,1,0.5409452868199012,0.8014079689075474,1.0,0.0,1.0,3.5471646652308557
sc_1886347_0559,21996,2,0.9717039684053462,1.1479859940679509,1.0000000000000002,2.220446049250313e-16,1.0,3.5471646652308557
sc_1886347_0559,21996,3,1.1717860255429113,1.2569438001197595,1.0,0.0,1.0,3.5471646652308557
sc_1886347_0559,21996,4,1.2623554470912728,1.3210667095813982,1.0,0.0,1.0,3.5471646652308557
sc_1886347_0559,21996,5,1.3760487566910924,1.5404133023748743,1.0,0.0,1.0,3.5471646652308557
sc_1886347_0560,22029,0,4.440892098500626e-16,0.2823746613406952,1.0,0.0,1.0,3.562876838099375
sc_1886347_0560,22029,1,0.5343008324092129,0.8908084260220884,1.0,0.0,1.0,3.562876838099375
sc_1886347_0560,22029,2,0.988261347963218,1.1445401353924367,0.9999999999999999,1.1102230246251565e-16,0.9999999999999999,3.562876838099375
sc_1886347_0560,22029,3,1.1553934793225553,1.2373633649282674,1.0000000000000002,2.220446049250313e-16,1.0,3.562876838099375
sc_1886347_0560,22029,4,1.2722892329472204,1.3288204587648256,1.0,0.0,1.0000000000000002,3.562876838099375
sc_1886347_0560,22029,5,1.3562856980847007,1.4776016654238098,1.0,0.0,1.0,3.562876838099375
sc_1886347_0561,22061,0,4.440892098500626e-16,0.22377205772006836,0.9999999999999999,1.1102230246251565e-16,1.0,4.000342632173831
sc_1886347_0561,22061,1,0.4788124963887561,0.9100166655566624,1.0,0.0,1.0,4.000342632173831
sc_1886347_0561,22061,2,0.9719850330616141,1.1495700016469055,1.0,0.0,1.0,4.000342632173831
sc_1886347_0561,22061,3,1.2083156135410267,1.2329110915852997,1.0,0.0,1.0,4.000342632173831
sc_1886347_0561,22061,4,1.2605985072573183,1.3192311913952246,1.0,0.0,1.0,4.000342632173831
sc_1886347_0561,22061,5,1.3503133924737059,1.4531973651386152,1.0,0.0,1.0,4.000342632173831
sc_1886347_0562,22094,0,2.220446049250313e-16,0.24365169888071114,1.0,0.0,1.0,3.7711960516017853
sc_1886347_0562,22094,1,0.5032488785182123,0.8123995705316887,1.0,0.0,1.0,3.7711960516017853
sc_1886347_0562,22094,2,0.9470822339322714,1.149879405367639,1.0000000000000002,2.220446049250313e-16,0.9999999999999998,3.7711960516017853
sc_1886347_0562,22094,3,1.2088683853102684,1.2424626257606313,1.0,0.0,1.0,3.7711960516017853
sc_1886347_0562,22094,4,1.2940973741925492,1.3376906404091284,0.9999999999999999,1.1102230246251565e-16,1.0,3.7711960516017853
sc_1886347_0562,22094,5,1.390088465829468,1.5155034149157456,0.9999999999999999,1.1102230246251565e-16,1.0,3.7711960516017853
sc_1886347_0563,22127,0,2.220446049250313e-16,0.3857716712634971,1.0000000000000002,2.220446049250313e-16,1.0,3.917513827075729
sc_1886347_0563,22127,1,0.53461837811885,0.8172770555336056,0.9999999999999999,1.1102230246251565e-16,1.0000000000000002,3.917513827075729
sc_1886347_0563,22127,2,0.9157969092499845,1.156201720470823,1.0,0.0,1.0,3.917513827075729
sc_1886347_0563,22127,3,1.18405685669071,1.2270984671299328,0.9999999999999999,1.1102230246251565e-16,1.0,3.917513827075729
sc_1886347_0563,22127,4,1.2678067155021127,1.3062926699518562,0.9999999999999999,1.1102230246251565e-16,1.0,3.917513827075729
sc_1886347_0563,22127,5,1.3470663658933308,1.5381639792293846,0.9999999999999999,1.1102230246251565e-16,1.0,3.917513827075729
sc_1886347_0564,22159,0,4.440892098500626e-16,0.21881798881046288,1.0,0.0,1.0,3.6346455564705082
sc_1886347_0564,22159,1,0.5037173423075088,0.8842231219533236,0.9999999999999999,1.1102230246251565e-16,1.0,3.6346455564705082
sc_1886347_0564,22159,2,0.9707447239187107,1.1560651276489504,0.9999999999999999,1.1102230246251565e-16,1.0,3.6346455564705082
sc_1886347_0564,22159,3,1.2232938769055508,1.2509051406830305,0.9999999999999999,1.1102230246251565e-16,1.0,3.6346455564705082
sc_1886347_0564,22159,4,1.2635381216588848,1.3506833665465598,0.9999999999999999,1.1102230246251565e-16,1.0,3.6346455564705082
sc_1886347_0564,22159,5,1.3591492380449464,1.5055651597520179,1.0,0.0,1.0,3.6346455564705082
sc_1886347_0565,22192,0,4.440892098500626e-16,0.2816746918281481,1.0,0.0,1.0,3.9739589463796805
sc_1886347_0565,22192,1,0.4258209046371826,0.9287499367607467,0.9999999999999998,2.220446049250313e-16,1.0,3.9739589463796805
sc_1886347_0565,22192,2,1.0659071664796165,1.1592217249777361,1.0,0.0,0.9999999999999999,3.9739589463796805
sc_1886347_0565,22192,3,1.2160770125700173,1.2454240144185476,0.9999999999999999,1.1102230246251565e-16,1.0,3.9739589463796805
sc_1886347_0565,22192,4,1.257791048931141,1.32760553048121,0.9999999999999999,1.1102230246251565e-16,1.0,3.9739589463796805
sc_1886347_0565,22192,5,1.3438121517552268,1.4439299486225967,1.0,0.0,1.0,3.9739589463796805
sc_1886347_0566,22225,0,4.440892098500626e-16,0.17400656986901608,0.9999999999999999,1.1102230246251565e-16,1.0,3.7923725834472117
sc_1886347_0566,22225,1,0.4949071446096436,0.7947926843972472,1.0,0.0,1.0,3.7923725834472117
sc_1886347_0566,22225,2,1.0310927569857595,1.215379833649835,0.9999999999999999,1.1102230246251565e-16,1.0,3.7923725834472117
sc_1886347_0566,22225,3,1.2220430502183508,1.2479697973469324,0.9999999999999999,1.1102230246251565e-16,1.0,3.7923725834472117
sc_1886347_0566,22225,4,1.2638045645063298,1.2865251334546106,1.0,0.0,1.0,3.7923725834472117
sc_1886347_0566,22225,5,1.3521130586625716,1.5945878671155351,1.0,0.0,1.0,3.7923725834472117
sc_1886347_0567,22258,0,2.220446049250313e-16,0.13673080936384063,1.0,0.0,1.0,3.820152021007991
sc_1886347_0567,22258,1,0.4577380654748162,0.8452293467860801,1.0,0.0,1.0,3.820152021007991
sc_1886347_0567,22258,2,0.9670851760216602,1.1683205381909219,1.0,0.0,1.0,3.820152021007991
sc_1886347_0567,22258,3,1.2321799411067578,1.2691819765358754,1.0000000000000002,2.220446049250313e-16,1.0,3.820152021007991
sc_1886347_0567,22258,4,1.2855956602084864,1.341504045409655,0.9999999999999999,1.1102230246251565e-16,1.0,3.820152021007991
sc_1886347_0567,22258,5,1.3778398405705305,1.5100738650972099,0.9999999999999999,1.1102230246251565e-16,1.0,3.820152021007991
sc_1886347_0568,22290,0,0.0,0.17546981414557994,1.0,0.0,1.0,4.000810234817769
sc_1886347_0568,22290,1,0.5334814282433303,0.8642111821643215,1.0,0.0,1.0,4.000810234817769
sc_1886347_0568,22290,2,1.0179060250550906,1.172055233199451,1.0,0.0,1.0,4.000810234817769
sc_1886347_0568,22290,3,1.1767119695119859,1.2403778695189345,1.0,0.0,1.0,4.000810234817769
sc_1886347_0568,22290,4,1.2730503673794504,1.32878973189322,0.9999999999999999,1.1102230246251565e-16,1.0,4.000810234817769
sc_1886347_0568,22290,5,1.3900143801528264,1.4770056266923484,1.0,0.0,1.0,4.000810234817769
sc_1886347_0569,22323,0,1.1102230246251565e-15,0.28996017972266186,1.0,0.0,1.0,3.9374679071547822
sc_1886347_0569,22323,1,0.49194511091493,0.8669308782649188,1.0,0.0,1.0,3.9374679071547822
sc_1886347_0569,22323,2,0.9796294547692901,1.1586243634821933,0.9999999999999999,1.1102230246251565e-16,1.0,3.9374679071547822
sc_1886347_0569,22323,3,1.1920165676370211,1.2721917236350362,0.9999999999999998,2.220446049250313e-16,1.0,3.9374679071547822
sc_1886347_0569,22323,4,1.2782366343920062,1.3093624408117346,0.9999999999999998,2.220446049250313e-16,1.0,3.9374679071547822
sc_1886347_0569,22323,5,1.357913533849271,1.528095562841866,1.0000000000000002,2.220446049250313e-16,1.0,3.9374679071547822
sc_1886347_0570,22679,0,1.1102230246251565e-15,0.1807316273635673,0.9999999999999999,1.1102230246251565e-16,1.0,4.057030175650193
sc_1886347_0570,22679,1,0.7108440103268502,0.85229630641107,1.0,0.0,1.0,4.057030175650193
sc_1886347_0570,22679,2,0.9738766707399616,1.1641549488391452,1.0,0.0,1.0,4.057030175650193
sc_1886347_0570,22679,3,1.1799141749434072,1.1830113389081989,1.0000000000000002,2.220446049250313e-16,1.0,4.057030175650193
sc_1886347_0570,22679,4,1.203535594973415,1.3243796884492274,1.0,0.0,1.0,4.057030175650193
sc_1886347_0570,22679,5,1.3856140429886659,1.5251784446152221,0.9999999999999999,1.1102230246251565e-16,1.0,4.057030175650193
sc_1886347_0571,22711,0,4.440892098500626e-16,0.19621000921505938,0.9999999999999998,2.220446049250313e-16,1.0,3.9709763429341733
sc_1886347_0571,22711,1,0.6137936986084367,0.8896009044181852,1.0,0.0,1.0,3.9709763429341733
sc_1886347_0571,22711,2,1.0000002743636887,1.1050829046187993,0.9999999999999999,1.1102230246251565e-16,1.0,3.9709763429341733
sc_1886347_0571,22711,3,1.169683786098994,1.2169438845497575,0.9999999999999999,1.1102230246251565e-16,1.0,3.9709763429341733
sc_1886347_0571,22711,4,1.2312694204275187,1.2858576400938226,0.9999999999999999,1.1102230246251565e-16,1.0,3.9709763429341733
sc_1886347_0571,22711,5,1.3433558282888243,1.7002601097424603,1.0,0.0,1.0,3.9709763429341733
sc_1886347_0572,22744,0,8.881784197001252e-16,0.16719960850932636,0.9999999999999999,1.1102230246251565e-16,1.0,3.9474371219022437
sc_1886347_0572,22744,1,0.6430354120595005,0.9206865006579257,1.0,0.0,1.0,3.9474371219022437
sc_1886347_0572,22744,2,1.0000005166264638,1.1034107170767735,0.9999999999999999,1.1102230246251565e-16,1.0,3.9474371219022437
sc_1886347_0572,22744,3,1.1685824112207532,1.2005785224551744,0.9999999999999997,3.3306690738754696e-16,1.0,3.9474371219022437
sc_1886347_0572,22744,4,1.213272536439753,1.2787846971057526,0.9999999999999998,2.220446049250313e-16,1.0,3.9474371219022437
sc_1886347_0572,22744,5,1.3224654641773221,1.7663731275044947,1.0,0.0,1.0,3.9474371219022437
sc_1886347_0573,22777,0,4.440892098500626e-16,0.08123610466041331,0.9999999999999999,1.1102230246251565e-16,1.0,3.796817258296925
sc_1886347_0573,22777,1,0.6202808415204362,0.997112404691419,1.0,0.0,1.0,3.796817258296925
sc_1886347_0573,22777,2,0.9999955623751002,1.170432729834904,1.0,0.0,1.0,3.796817258296925
sc_1886347_0573,22777,3,1.174114792468549,1.2040513694608102,0.9999999999999999,1.1102230246251565e-16,1.0,3.796817258296925
sc_1886347_0573,22777,4,1.2287958297984205,1.2647567330258649,1.0000000000000002,2.220446049250313e-16,0.9999999999999999,3.796817258296925
sc_1886347_0573,22777,5,1.3487797069539227,1.7795487298182204,1.0,0.0,1.0,3.796817258296925
sc_1886347_0574,22809,0,6.661338147750939e-16,0.10589536667035837,1.0000000000000002,2.220446049250313e-16,1.0,3.6008296881009523
sc_1886347_0574,22809,1,0.5738722982150835,0.862777856821382,1.0,0.0,1.0,3.6008296881009523
sc_1886347_0574,22809,2,0.9672783866604328,1.1813182771835289,0.9999999999999999,1.1102230246251565e-16,1.0,3.6008296881009523
sc_1886347_0574,22809,3,1.1838585905705425,1.2068610123512715,1.0,0.0,1.0,3.6008296881009523
sc_1886347_0574,22809,4,1.237562492383264,1.3246806951388077,1.0,0.0,1.0,3.6008296881009523
sc_1886347_0574,22809,5,1.375976001902212,1.778244747258705,0.9999999999999998,2.220446049250313e-16,1.0,3.6008296881009523
sc_1886347_0575,22842,0,2.220446049250313e-16,0.1509157854828096,1.0,0.0,1.0,3.791248899172306
sc_1886347_0575,22842,1,0.4885624790824954,0.9532879697881914,1.0,0.0,1.0,3.791248899172306
sc_1886347_0575,22842,2,1.0000003675496776,1.1010638625097533,1.0,0.0,1.0,3.791248899172306
sc_1886347_0575,22842,3,1.1918321000814185,1.2425925982063855,1.0000000000000002,2.220446049250313e-16,1.0,3.791248899172306
sc_1886347_0575,22842,4,1.2622950808386504,1.2817167104891252,1.0000000000000002,2.220446049250313e-16,1.0,3.791248899172306
sc_1886347_0575,22842,5,1.300807080990237,1.7579702664899726,1.0,0.0,1.0,3.791248899172306
sc_1886347_0576,22875,0,4.440892098500626e-16,0.15631776599545577,0.9999999999999999,1.1102230246251565e-16,1.0,3.710924285544005
sc_1886347_0576,22875,1,0.461180255095208,0.9999897874701531,1.0000000000000002,2.220446049250313e-16,1.0,3.710924285544005
sc_1886347_0576,22875,2,1.0256061795394675,1.2060616032998883,0.9999999999999999,1.1102230246251565e-16,1.0,3.710924285544005
sc_1886347_0576,22875,3,1.2323897064960807,1.2561732630329148,0.9999999999999999,1.1102230246251565e-16,1.0,3.710924285544005
sc_1886347_0576,22875,4,1.260223674458957,1.2953527525119921,0.9999999999999999,1.1102230246251565e-16,1.0,3.710924285544005
sc_1886347_0576,22875,5,1.3297216196777741,1.6144127499646566,0.9999999999999999,1.1102230246251565e-16,1.0,3.710924285544005
sc_1886347_0577,22907,0,8.881784197001252e-16,0.27884715018436834,0.9999999999999998,2.220446049250313e-16,1.0,3.683994919389904
sc_1886347_0577,22907,1,0.6614107655066401,0.9212686229159498,1.0,0.0,1.0000000000000002,3.683994919389904
sc_1886347_0577,22907,2,0.9746090176713531,1.148861928612854,1.0,0.0,1.0,3.683994919389904
sc_1886347_0577,22907,3,1.1957787167142304,1.2269467873197217,0.9999999999999999,1.1102230246251565e-16,1.0,3.683994919389904
sc_1886347_0577,22907,4,1.2541747214260228,1.2973624775882255,1.0,0.0,0.9999999999999999,3.683994919389904
sc_1886347_0577,22907,5,1.3577979312310022,1.5020457751439336,1.0,0.0,1.0,3.683994919389904
sc_1886347_0578,22940,0,4.440892098500626e-16,0.35649340893977155,0.9999999999999999,1.1102230246251565e-16,1.0,3.9380768664200785
sc_1886347_0578,22940,1,0.5604308290533317,0.9407437618630281,1.0,0.0,1.0,3.9380768664200785
sc_1886347_0578,22940,2,0.9749682266841102,1.1119569549107222,1.0,0.0,1.0000000000000002,3.9380768664200785
sc_1886347_0578,22940,3,1.152984635926131,1.2137488548916504,0.9999999999999998,2.220446049250313e-16,1.0,3.9380768664200785
sc_1886347_0578,22940,4,1.2661027742713906,1.3261291611077242,1.0,0.0,1.0,3.9380768664200785
sc_1886347_0578,22940,5,1.351630258318212,1.48225503048397,1.0,0.0,1.0,3.9380768664200785
sc_1886347_0579,22973,0,2.220446049250313e-16,0.23442034949316382,1.0,0.0,1.0,4.069451255431869
sc_1886347_0579,22973,1,0.40182959775459137,0.9194101259511167,1.0,0.0,1.0,4.069451255431869
sc_1886347_0579,22973,2,0.9929392411221214,1.1746042014254607,1.0,0.0,1.0,4.069451255431869
sc_1886347_0579,22973,3,1.1814756374583062,1.2599622672377526,0.9999999999999999,1.1102230246251565e-16,1.0,4.069451255431869
sc_1886347_0579,22973,4,1.2745070943853163,1.317327440331831,0.9999999999999998,2.220446049250313e-16,1.0,4.069451255431869
sc_1886347_0579,22973,5,1.343050138540407,1.427143727881102,1.0,0.0,1.0,4.069451255431869
sc_1886347_0580,23006,0,8.881784197001252e-16,0.23302819086292925,0.9999999999999999,1.1102230246251565e-16,1.0,4.142585120782541
sc_1886347_0580,23006,1,0.5126579494964199,0.8676343118153278,0.9999999999999999,1.1102230246251565e-16,1.0,4.142585120782541
sc_1886347_0580,23006,2,1.0017783242301723,1.144433622830674,1.0,0.0,1.0,4.142585120782541
sc_1886347_0580,23006,3,1.1802158815247086,1.2705617084334784,0.9999999999999998,2.220446049250313e-16,1.0,4.142585120782541
sc_1886347_0580,23006,4,1.2826541639350924,1.325417711048729,0.9999999999999999,1.1102230246251565e-16,1.0,4.142585120782541
sc_1886347_0580,23006,5,1.3348951581931146,1.4843593960411685,1.0,0.0,1.0,4.142585120782541
sc_1886347_0581,23038,0,6.661338147750939e-16,0.3040231644796889,0.9999999999999999,1.1102230246251565e-16,1.0,3.901821360281937
sc_1886347_0581,23038,1,0.3319537420881429,0.9066479883722398,1.0000000000000002,2.220446049250313e-16,1.0,3.901821360281937
sc_1886347_0581,23038,2,1.0219454021912568,1.1232429926853817,1.0,0.0,1.0,3.901821360281937
sc_1886347_0581,23038,3,1.1957128735811668,1.231206884862127,0.9999999999999999,1.1102230246251565e-16,1.0,3.901821360281937
sc_1886347_0581,23038,4,1.2658632261256424,1.3190594778488844,1.0,0.0,1.0,3.901821360281937
sc_1886347_0581,23038,5,1.3274490272901813,1.4861636840788017,0.9999999999999999,1.1102230246251565e-16,1.0,3.901821360281937
sc_1886347_0582,23071,0,6.661338147750939e-16,0.28742858331692833,0.9999999999999997,3.3306690738754696e-16,1.0,3.8980651690519976
sc_1886347_0582,23071,1,0.47486019856692185,0.8731023592902757,0.9999999999999999,1.1102230246251565e-16,1.0,3.8980651690519976
sc_1886347_0582,23071,2,0.9680036206877773,1.1909050399301102,1.0,0.0,1.0,3.8980651690519976
sc_1886347_0582,23071,3,1.2046077924940768,1.2496038483494805,0.9999999999999999,1.1102230246251565e-16,1.0,3.8980651690519976
sc_1886347_0582,23071,4,1.2582512503895567,1.290444237007253,1.0,0.0,1.0,3.8980651690519976
sc_1886347_0582,23071,5,1.34262118250087,1.5005620554117693,1.0,0.0,1.0,3.8980651690519976
sc_1886347_0583,23104,0,0.0,0.31023862049915296,1.0,0.0,1.0,3.9277130479308098
sc_1886347_0583,23104,1,0.46691746466515727,0.8707668464506915,1.0,0.0,1.0,3.9277130479308098
sc_1886347_0583,23104,2,1.0175211699322317,1.1410833348726555,0.9999999999999999,1.1102230246251565e-16,1.0,3.9277130479308098
sc_1886347_0583,23104,3,1.2012199276457722,1.2338929014037843,1.0,0.0,1.0,3.9277130479308098
sc_1886347_0583,23104,4,1.2625951987025494,1.30996178088066,0.9999999999999998,2.220446049250313e-16,1.0,3.9277130479308098
sc_1886347_0583,23104,5,1.3547563984209374,1.4693553072549803,0.9999999999999999,1.1102230246251565e-16,1.0,3.9277130479308098
sc_1886347_0584,23136,0,4.440892098500626e-16,0.3680367852736297,1.0,0.0,1.0,3.9832363610741766
sc_1886347_0584,23136,1,0.5612447904285099,0.7949915729401825,0.9999999999999998,2.220446049250313e-16,1.0000000000000002,3.9832363610741766
sc_1886347_0584,23136,2,0.9694788184682556,1.1335335968104638,1.0,0.0,0.9999999999999999,3.9832363610741766
sc_1886347_0584,23136,3,1.1850859924406514,1.2210927011812898,1.0,0.0,1.0,3.9832363610741766
sc_1886347_0584,23136,4,1.244472979650398,1.3374707720166874,1.0,0.0,0.9999999999999999,3.9832363610741766
sc_1886347_0584,23136,5,1.3854980770897534,1.4797247124916582,1.0,0.0,1.0,3.9832363610741766
sc_1886347_0585,23169,0,2.220446049250313e-16,0.2602179033159224,1.0000000000000002,2.220446049250313e-16,1.0,3.592434985054774
sc_1886347_0585,23169,1,0.451730784917016,0.8122326029634432,0.9999999999999998,2.220446049250313e-16,1.0,3.592434985054774
sc_1886347_0585,23169,2,1.0143931826516608,1.179580633210416,1.0,0.0,1.0,3.592434985054774
sc_1886347_0585,23169,3,1.2305329303420403,1.2520138360647513,0.9999999999999999,1.1102230246251565e-16,1.0,3.592434985054774
sc_1886347_0585,23169,4,1.2756219537450564,1.3087066111214498,0.9999999999999998,2.220446049250313e-16,1.0,3.592434985054774
sc_1886347_0585,23169,5,1.3695600659739693,1.5318326752359255,1.0,0.0,1.0,3.592434985054774
sc_1886347_0586,23202,0,4.440892098500626e-16,0.21685745479838348,0.9999999999999999,1.1102230246251565e-16,1.0,3.7274060010005927
sc_1886347_0586,23202,1,0.41535347743002093,0.9649842236120506,1.0,0.0,1.0,3.7274060010005927
sc_1886347_0586,23202,2,1.0013762196761204,1.116895466842919,1.0,0.0,0.9999999999999998,3.7274060010005927
sc_1886347_0586,23202,3,1.2074092883711913,1.2640631460758243,1.0,0.0,1.0,3.7274060010005927
sc_1886347_0586,23202,4,1.2653758934200412,1.2904922817371967,0.9999999999999999,1.1102230246251565e-16,1.0,3.7274060010005927
sc_1886347_0586,23202,5,1.3603986521450047,1.5048655103093254,1.0,0.0,1.0,3.7274060010005927
sc_1886347_0587,23234,0,0.0,0.2480850819525804,0.9999999999999999,1.1102230246251565e-16,1.0,3.904036405589436
sc_1886347_0587,23234,1,0.558350201532175,0.8321270549536767,1.0,0.0,1.0000000000000002,3.904036405589436
sc_1886347_0587,23234,2,0.9968504683419281,1.138686253580849,0.9999999999999999,1.1102230246251565e-16,1.0,3.904036405589436
sc_1886347_0587,23234,3,1.1648291580042203,1.2246063153650126,1.0,0.0,1.0,3.904036405589436
sc_1886347_0587,23234,4,1.2579567459426875,1.3140030573147035,1.0,0.0,1.0,3.904036405589436
sc_1886347_0587,23234,5,1.376537089186328,1.4951739881302524,1.0000000000000002,2.220446049250313e-16,1.0,3.904036405589436
sc_1886347_0588,23267,0,0.0,0.23308663861278456,1.0,0.0,1.0,3.6382534068557972
sc_1886347_0588,23267,1,0.5600423536774626,0.762488345211957,1.0000000000000002,2.220446049250313e-16,1.0,3.6382534068557972
sc_1886347_0588,23267,2,0.9110729736141386,1.1105492114640196,1.0,0.0,0.9999999999999999,3.6382534068557972
sc_1886347_0588,23267,3,1.171848526208253,1.2295617736414202,1.0,0.0,1.0,3.6382534068557972
sc_1886347_0588,23267,4,1.2536426618745413,1.353365603278806,0.9999999999999999,1.1102230246251565e-16,1.0000000000000002,3.6382534068557972
sc_1886347_0588,23267,5,1.4007367137731381,1.6014260947295487,1.0,0.0,1.0,3.6382534068557972
sc_1886347_0589,23300,0,6.661338147750939e-16,0.22443342321144888,1.0,0.0,1.0,3.8087125025580244
sc_1886347_0589,23300,1,0.48001605031961603,0.7983384300432723,1.0,0.0,0.9999999999999998,3.8087125025580244
sc_1886347_0589,23300,2,0.996151792528407,1.1292514823549888,0.9999999999999999,1.1102230246251565e-16,1.0,3.8087125025580244
sc_1886347_0589,23300,3,1.1611183605540116,1.2376251467467239,1.0000000000000002,2.220446049250313e-16,1.0,3.8087125025580244
sc_1886347_0589,23300,4,1.3013738784198785,1.3487847817452232,1.0,0.0,0.9999999999999999,3.8087125025580244
sc_1886347_0589,23300,5,1.381666076674475,1.531266242321639,1.0,0.0,1.0,3.8087125025580244
sc_1886347_0590,23333,0,6.661338147750939e-16,0.2337524074282451,0.9999999999999997,3.3306690738754696e-16,1.0,3.777131245166367
sc_1886347_0590,23333,1,0.3714792280894659,0.8753836858935767,0.9999999999999999,1.1102230246251565e-16,1.0,3.777131245166367
sc_1886347_0590,23333,2,1.0183982719177127,1.1554950053908621,0.9999999999999998,2.220446049250313e-16,1.0,3.777131245166367
sc_1886347_0590,23333,3,1.1784975994052298,1.2670569338731446,0.9999999999999999,1.1102230246251565e-16,1.0,3.777131245166367
sc_1886347_0590,23333,4,1.2926297433176273,1.3129913077813007,1.0,0.0,1.0,3.777131245166367
sc_1886347_0590,23333,5,1.364466322079538,1.5051380283100126,1.0,0.0,1.0,3.777131245166367
sc_1886347_0591,23365,0,4.440892098500626e-16,0.23353744751813976,1.0,0.0,1.0,4.049007642195759
sc_1886347_0591,23365,1,0.43400854239060194,0.8975810202135707,1.0,0.0,1.0,4.049007642195759
sc_1886347_0591,23365,2,1.0314364817607837,1.1615842456295158,1.0,0.0,1.0,4.049007642195759
sc_1886347_0591,23365,3,1.1849632788192679,1.247748622309093,0.9999999999999999,1.1102230246251565e-16,1.0,4.049007642195759
sc_1886347_0591,23365,4,1.2572777856514077,1.3110728873800293,0.9999999999999999,1.1102230246251565e-16,1.0,4.049007642195759
sc_1886347_0591,23365,5,1.3455359586938478,1.4972072998352208,1.0,0.0,1.0,4.049007642195759
sc_1886347_0592,23398,0,2.220446049250313e-16,0.3405427046194589,1.0,0.0,1.0,4.283715475502278
sc_1886347_0592,23398,1,0.6003445299152526,0.7524560855938156,1.0,0.0,1.0,4.283715475502278
sc_1886347_0592,23398,2,1.0239586130838452,1.1861208556292864,0.9999999999999999,1.1102230246251565e-16,1.0000000000000002,4.283715475502278
sc_1886347_0592,23398,3,1.1882897209849805,1.239085430708538,1.0,0.0,1.0,4.283715475502278
sc_1886347_0592,23398,4,1.2591512102028632,1.3150629481904945,0.9999999999999999,1.1102230246251565e-16,1.0000000000000002,4.283715475502278
sc_1886347_0592,23398,5,1.3519664601421664,1.4617120899467473,1.0,0.0,1.0,4.283715475502278
sc_1886347_0593,23431,0,0.0,0.15168015064252072,1.0,0.0,1.0,3.992641860326568
sc_1886347_0593,23431,1,0.6039974443524286,0.9934787920875505,0.9999999999999998,2.220446049250313e-16,0.9999999999999999,3.992641860326568
sc_1886347_0593,23431,2,1.0836215332765897,1.1934905376137432,1.0,0.0,1.0,3.992641860326568
sc_1886347_0593,23431,3,1.1963279526225097,1.216489055377206,0.9999999999999999,1.1102230246251565e-16,1.0,3.992641860326568
sc_1886347_0593,23431,4,1.2275284304419551,1.2990972579711229,1.0,0.0,1.0,3.992641860326568
sc_1886347_0593,23431,5,1.3450177955883196,1.4302591472108543,0.9999999999999999,1.1102230246251565e-16,1.0,3.992641860326568
sc_1886347_0594,23463,0,-4.440892098500626e-16,0.17342399370377137,0.9999999999999999,1.1102230246251565e-16,1.0,3.9145470185066755
sc_1886347_0594,23463,1,0.5457536184876384,0.919778688454902,0.9999999999999999,1.1102230246251565e-16,1.0,3.9145470185066755
sc_1886347_0594,23463,2,1.0301547786078722,1.1600012971814555,1.0,0.0,1.0,3.9145470185066755
sc_1886347_0594,23463,3,1.1969663657521354,1.2441227686486738,0.9999999999999999,1.1102230246251565e-16,1.0,3.9145470185066755
sc_1886347_0594,23463,4,1.276423048984907,1.3146816398761614,0.9999999999999999,1.1102230246251565e-16,1.0000000000000002,3.9145470185066755
sc_1886347_0594,23463,5,1.3322527542241867,1.482293574729071,1.0,0.0,1.0,3.9145470185066755
sc_1886347_0595,23768,0,-2.220446049250313e-16,0.25244103912209215,1.0,0.0,1.0,3.843063796468898
sc_1886347_0595,23768,1,0.5754866993581939,0.8077109417184906,1.0000000000000002,2.220446049250313e-16,1.0,3.843063796468898
sc_1886347_0595,23768,2,0.9380119351567158,1.150022166367859,1.0,0.0,1.0000000000000002,3.843063796468898
sc_1886347_0595,23768,3,1.1767432223155714,1.2210843406610419,1.0,0.0,1.0,3.843063796468898
sc_1886347_0595,23768,4,1.252652239814196,1.340774152457149,1.0000000000000002,2.220446049250313e-16,1.0,3.843063796468898
sc_1886347_0595,23768,5,1.3821042072483665,1.529641605116175,1.0,0.0,1.0,3.843063796468898
sc_1886347_0596,23801,0,2.220446049250313e-16,0.318590412594999,0.9999999999999999,1.1102230246251565e-16,1.0,3.975639847697015
sc_1886347_0596,23801,1,0.6297408371033023,0.7873321925398871,0.9999999999999999,1.1102230246251565e-16,1.0,3.975639847697015
sc_1886347_0596,23801,2,0.9507902063808973,1.155567977595733,1.0000000000000002,2.220446049250313e-16,1.0,3.975639847697015
sc_1886347_0596,23801,3,1.1971203584392196,1.2279468679627827,1.0,0.0,1.0,3.975639847697015
sc_1886347_0596,23801,4,1.251554988784493,1.3285756486892695,1.0,0.0,1.0,3.975639847697015
sc_1886347_0596,23801,5,1.3699257142303078,1.494428605834728,1.0,0.0,1.0,3.975639847697015
sc_1886347_0597,23833,0,-4.440892098500626e-16,0.26636540344673953,0.9999999999999998,2.220446049250313e-16,1.0,3.787038690742623
sc_1886347_0597,23833,1,0.6200558363304658,0.7141672219778014,1.0,0.0,0.9999999999999999,3.787038690742623
sc_1886347_0597,23833,2,0.9240172929651729,1.1728128719283544,0.9999999999999999,1.1102230246251565e-16,1.0000000000000002,3.787038690742623
sc_1886347_0597,23833,3,1.193639449021675,1.258716838501379,1.0,0.0,1.0,3.787038690742623
sc_1886347_0597,23833,4,1.2869732165314551,1.3204703760659502,1.0,0.0,0.9999999999999999,3.787038690742623
sc_1886347_0597,23833,5,1.3652464574148435,1.4792761427052228,1.0000000000000002,2.220446049250313e-16,1.0,3.787038690742623
sc_1886347_0598,23866,0,2.220446049250313e-16,0.2373319311552966,1.0,0.0,1.0,3.727643224177245
sc_1886347_0598,23866,1,0.6427619817668537,0.7619905776136319,1.0,0.0,1.0,3.727643224177245
sc_1886347_0598,23866,2,0.8605861679615098,1.121347919208699,1.0,0.0,1.0,3.727643224177245
sc_1886347_0598,23866,3,1.1436006108654668,1.2487689805928532,1.0,0.0,1.0,3.727643224177245
sc_1886347_0598,23866,4,1.2696547036033474,1.3575952679836008,1.0,0.0,1.0000000000000002,3.727643224177245
sc_1886347_0598,23866,5,1.3974739905412052,1.5088993282928231,1.0,0.0,1.0,3.727643224177245
sc_1886347_0599,23899,0,0.0,0.24676231766860557,1.0,0.0,1.0,3.8645413167274043
sc_1886347_0599,23899,1,0.5796887588558882,0.7774046938946677,0.9999999999999999,1.1102230246251565e-16,1.0,3.8645413167274043
sc_1886347_0599,23899,2,0.8861274310932891,1.1586162980728698,1.0,0.0,1.0,3.8645413167274043
sc_1886347_0599,23899,3,1.2129712380990814,1.2388985533128543,0.9999999999999999,1.1102230246251565e-16,1.0,3.8645413167274043
sc_1886347_0599,23899,4,1.2565807139552645,1.3382368151860673,1.0,0.0,1.0,3.8645413167274043
sc_1886347_0599,23899,5,1.370846313208511,1.495465838298545,0.9999999999999999,1.1102230246251565e-16,1.0,3.8645413167274043
sc_1886347_0600,23932,0,2.220446049250313e-16,0.20563311723996458,0.9999999999999998,2.220446049250313e-16,1.0,3.6449036651073037
sc_1886347_0600,23932,1,0.5769463573755361,0.8043880053364614,0.9999999999999999,1.1102230246251565e-16,1.0000000000000002,3.6449036651073037
sc_1886347_0600,23932,2,0.8993076998916519,1.138695100789275,0.9999999999999999,1.1102230246251565e-16,1.0,3.6449036651073037
sc_1886347_0600,23932,3,1.1924687480972673,1.264810271388168,1.0,0.0,1.0,3.6449036651073037
sc_1886347_0600,23932,4,1.2826062747840834,1.32821092509093,0.9999999999999999,1.1102230246251565e-16,1.0,3.6449036651073037
sc_1886347_0600,23932,5,1.3637932369843515,1.5526506827578042,1.0,0.0,1.0,3.6449036651073037
sc_1886347_0601,23964,0,2.220446049250313e-16,0.2500448037262917,1.0,0.0,1.0,3.685888883794379
sc_1886347_0601,23964,1,0.49814794794652917,0.8363225203025938,0.9999999999999999,1.1102230246251565e-16,1.0000000000000002,3.685888883794379
sc_1886347_0601,23964,2,0.9076813910095002,1.128529432031805,0.9999999999999999,1.1102230246251565e-16,1.0,3.685888883794379
sc_1886347_0601,23964,3,1.1882943824524124,1.2413873641242992,1.0,0.0,1.0,3.685888883794379
sc_1886347_0601,23964,4,1.2524731287360433,1.360106351930545,1.0,0.0,1.0,3.685888883794379
sc_1886347_0601,23964,5,1.3701582590411487,1.4930012417469467,0.9999999999999999,1.1102230246251565e-16,1.0,3.685888883794379
sc_1886347_0602,23997,0,-4.440892098500626e-16,0.39433313043122276,1.0,0.0,1.0,4.043007210190506
sc_1886347_0602,23997,1,0.5008776744997425,0.9163677485447009,0.9999999999999998,2.220446049250313e-16,1.0,4.043007210190506
sc_1886347_0602,23997,2,0.9711735060890451,1.1349842818001452,1.0,0.0,1.0,4.043007210190506
sc_1886347_0602,23997,3,1.166797360591219,1.2389463307489632,0.9999999999999999,1.1102230246251565e-16,1.0,4.043007210190506
sc_1886347_0602,23997,4,1.25389674614213,1.2998069531284164,1.0,0.0,1.0,4.043007210190506
sc_1886347_0602,23997,5,1.353505079114224,1.4582801780164791,0.9999999999999999,1.1102230246251565e-16,1.0,4.043007210190506
sc_1886347_0603,24030,0,2.220446049250313e-16,0.29922605737280983,1.0,0.0,1.0,3.88323808294028
sc_1886347_0603,24030,1,0.5858457847922013,0.8452645379296313,1.0,0.0,1.0000000000000002,3.88323808294028
sc_1886347_0603,24030,2,0.9007901429956744,1.1592099252366836,1.0,0.0,0.9999999999999999,3.88323808294028
sc_1886347_0603,24030,3,1.1728321767985697,1.2420199566273238,0.9999999999999999,1.1102230246251565e-16,1.0,3.88323808294028
sc_1886347_0603,24030,4,1.284984111908135,1.3243693084410624,0.9999999999999999,1.1102230246251565e-16,1.0,3.88323808294028
sc_1886347_0603,24030,5,1.3473495562511473,1.4383441881128807,1.0,0.0,1.0,3.88323808294028
sc_1886347_0604,24062,0,4.440892098500626e-16,0.2287802629522171,1.0,0.0,1.0,3.7910821578160827
sc_1886347_0604,24062,1,0.502862512533322,0.8875130898962087,1.0,0.0,1.0,3.7910821578160827
sc_1886347_0604,24062,2,0.9789994464770412,1.1413565010567275,0.9999999999999998,2.220446049250313e-16,1.0,3.7910821578160827
sc_1886347_0604,24062,3,1.181039659198175,1.236757131109144,0.9999999999999999,1.1102230246251565e-16,1.0,3.7910821578160827
sc_1886347_0604,24062,4,1.2826170111365744,1.325611684362267,1.0,0.0,1.0,3.7910821578160827
sc_1886347_0604,24062,5,1.3696264406578074,1.4601459646927093,0.9999999999999998,2.220446049250313e-16,1.0,3.7910821578160827
sc_1886347_0605,24095,0,0.0,0.32230461131701094,0.9999999999999999,1.1102230246251565e-16,1.0,4.047171328916482
sc_1886347_0605,24095,1,0.6188615056352469,0.8474679589318466,1.0,0.0,0.9999999999999999,4.047171328916482
sc_1886347_0605,24095,2,1.04260616375918,1.1805532011074935,1.0,0.0,0.9999999999999998,4.047171328916482
sc_1886347_0605,24095,3,1.194372451750184,1.214200194724507,1.0,0.0,1.0,4.047171328916482
sc_1886347_0605,24095,4,1.2218755049205934,1.290299256385307,0.9999999999999999,1.1102230246251565e-16,1.0,4.047171328916482
sc_1886347_0605,24095,5,1.3121075256552621,1.423766422156872,1.0,0.0,1.0,4.047171328916482
sc_1886347_0606,24128,0,0.0,0.21428669825974578,0.9999999999999999,1.1102230246251565e-16,1.0,3.5310609852240082
sc_1886347_0606,24128,1,0.4981870799439252,0.8658095505507094,0.9999999999999998,2.220446049250313e-16,1.0000000000000002,3.5310609852240082
sc_1886347_0606,24128,2,0.9411875889894162,1.1118133499069458,0.9999999999999999,1.1102230246251565e-16,1.0,3.5310609852240082
sc_1886347_0606,24128,3,1.1863452209456684,1.2434435935431942,1.0,0.0,1.0,3.5310609852240082
sc_1886347_0606,24128,4,1.2916819504991284,1.3418589141174349,1.0,0.0,1.0,3.5310609852240082
sc_1886347_0606,24128,5,1.3699552112577267,1.517222671750426,1.0,0.0,1.0,3.5310609852240082
sc_1886347_0607,24160,0,-2.220446049250313e-16,0.22777642806059717,1.0,0.0,1.0,3.757337077478611
sc_1886347_0607,24160,1,0.4693227790126542,0.8715963445619989,1.0000000000000002,2.220446049250313e-16,0.9999999999999999,3.757337077478611
sc_1886347_0607,24160,2,0.9751961970276766,1.1723662951951637,0.9999999999999999,1.1102230246251565e-16,1.0,3.757337077478611
sc_1886347_0607,24160,3,1.2071713854705466,1.237939650505264,0.9999999999999999,1.1102230246251565e-16,1.0,3.757337077478611
sc_1886347_0607,24160,4,1.26383336936957,1.3013278213157933,1.0,0.0,1.0,3.757337077478611
sc_1886347_0607,24160,5,1.3484682275030633,1.5340676425011752,0.9999999999999999,1.1102230246251565e-16,1.0,3.757337077478611
sc_1886347_0608,24193,0,4.440892098500626e-16,0.22189699566696142,1.0,0.0,1.0,3.76503095302017
sc_1886347_0608,24193,1,0.41807563778527035,0.8776713629891856,1.0,0.0,1.0,3.76503095302017
sc_1886347_0608,24193,2,0.9300985371055432,1.1744776149154377,1.0,0.0,1.0000000000000002,3.76503095302017
sc_1886347_0608,24193,3,1.2008575906670138,1.2523194284664916,1.0,0.0,1.0,3.76503095302017
sc_1886347_0608,24193,4,1.27929934352899,1.324981970346668,1.0000000000000002,2.220446049250313e-16,1.0,3.76503095302017
sc_1886347_0608,24193,5,1.3412738961619812,1.5448074264858906,1.0,0.0,1.0,3.76503095302017
sc_1886347_0609,24226,0,2.220446049250313e-16,0.23203736804971453,1.0,0.0,1.0,3.6849187341733796
sc_1886347_0609,24226,1,0.42406385750867814,0.7692504593967634,1.0,0.0,1.0,3.6849187341733796
sc_1886347_0609,24226,2,0.9338522693009237,1.1399316705255746,1.0,0.0,1.0,3.6849187341733796
sc_1886347_0609,24226,3,1.2199115521970705,1.2792449755420514,1.0000000000000002,2.220446049250313e-16,1.0,3.6849187341733796
sc_1886347_0609,24226,4,1.2984961400011916,1.3462358324635664,0.9999999999999998,2.220446049250313e-16,0.9999999999999999,3.6849187341733796
sc_1886347_0609,24226,5,1.3677184066815442,1.5308733652944682,0.9999999999999998,2.220446049250313e-16,1.0,3.6849187341733796
sc_1886347_0610,24258,0,-2.220446049250313e-16,0.3216145773468029,1.0,0.0,1.0,3.9088350563166356
sc_1886347_0610,24258,1,0.49530155647092666,0.8350806632168346,1.0000000000000002,2.220446049250313e-16,1.0000000000000002,3.9088350563166356
sc_1886347_0610,24258,2,0.9195460413048137,1.1389512581786585,1.0,0.0,1.0,3.9088350563166356
sc_1886347_0610,24258,3,1.1679149844008858,1.2400166211727275,0.9999999999999999,1.1102230246251565e-16,1.0,3.9088350563166356
sc_1886347_0610,24258,4,1.266044843912685,1.3425126651465529,1.0,0.0,1.0,3.9088350563166356
sc_1886347_0610,24258,5,1.3923116357723022,1.505888377176988,1.0,0.0,1.0,3.9088350563166356
sc_1886347_0611,24291,0,2.220446049250313e-16,0.3775611501971965,1.0,0.0,1.0,4.001698144842462
sc_1886347_0611,24291,1,0.553657211984217,0.8348629740434987,1.0,0.0,1.0,4.001698144842462
sc_1886347_0611,24291,2,0.8620380575541559,1.1196852323797504,0.9999999999999999,1.1102230246251565e-16,1.0,4.001698144842462
sc_1886347_0611,24291,3,1.1480982510064388,1.2691573701991374,1.0,0.0,1.0,4.001698144842462
sc_1886347_0611,24291,4,1.2783226097075686,1.3375852131893926,1.0,0.0,1.0,4.001698144842462
sc_1886347_0611,24291,5,1.3877717724885659,1.5054335064129405,0.9999999999999999,1.1102230246251565e-16,1.0,4.001698144842462
sc_1886347_0612,24324,0,0.0,0.3648268175938232,1.0,0.0,1.0,3.9040842136158984
sc_1886347_0612,24324,1,0.5605382210462508,0.855219351325619,1.0,0.0,1.0,3.9040842136158984
sc_1886347_0612,24324,2,0.9679398911078522,1.174375949936298,1.0000000000000002,2.220446049250313e-16,1.0,3.9040842136158984
sc_1886347_0612,24324,3,1.1857409444987757,1.2476703799329962,1.0,0.0,1.0,3.9040842136158984
sc_1886347_0612,24324,4,1.2517377602321371,1.317268813376035,0.9999999999999999,1.1102230246251565e-16,1.0,3.9040842136158984
sc_1886347_0612,24324,5,1.3672928417711434,1.5149621472915504,0.9999999999999999,1.1102230246251565e-16,1.0,3.9040842136158984
sc_1886347_0613,24357,0,0.0,0.21787514217369486,1.0,0.0,1.0,3.7296543070283237
sc_1886347_0613,24357,1,0.5464658817723284,0.8863617571259047,0.9999999999999999,1.1102230246251565e-16,1.0,3.7296543070283237
sc_1886347_0613,24357,2,0.9894419835718304,1.1476406266987098,1.0,0.0,1.0,3.7296543070283237
sc_1886347_0613,24357,3,1.1801864643595494,1.2653376542667907,0.9999999999999999,1.1102230246251565e-16,1.0,3.7296543070283237
sc_1886347_0613,24357,4,1.2801920414665302,1.3406627320793347,1.0,0.0,1.0,3.7296543070283237
sc_1886347_0613,24357,5,1.3669109973850104,1.4666069502430055,0.9999999999999999,1.1102230246251565e-16,1.0,3.7296543070283237
sc_1886347_0614,24389,0,-8.881784197001252e-16,0.28236937624968594,1.0000000000000002,2.220446049250313e-16,1.0,3.7601193556817685
sc_1886347_0614,24389,1,0.5255962830923827,0.8524092220161199,0.9999999999999999,1.1102230246251565e-16,1.0,3.7601193556817685
sc_1886347_0614,24389,2,0.9318128469190785,1.1516140707691975,0.9999999999999998,2.220446049250313e-16,0.9999999999999999,3.7601193556817685
sc_1886347_0614,24389,3,1.1904614951589148,1.2417715925637327,1.0,0.0,1.0,3.7601193556817685
sc_1886347_0614,24389,4,1.2602924676775398,1.3389609426681621,0.9999999999999999,1.1102230246251565e-16,1.0,3.7601193556817685
sc_1886347_0614,24389,5,1.3657937600792485,1.4960371515097193,0.9999999999999999,1.1102230246251565e-16,1.0,3.7601193556817685
sc_1886347_0615,24422,0,2.220446049250313e-16,0.3251154098370068,0.9999999999999999,1.1102230246251565e-16,1.0,3.9292502332464045
sc_1886347_0615,24422,1,0.4635348637160892,0.8874536050240259,1.0,0.0,1.0,3.9292502332464045
sc_1886347_0615,24422,2,0.9563102306770033,1.139008952107195,0.9999999999999999,1.1102230246251565e-16,1.0,3.9292502332464045
sc_1886347_0615,24422,3,1.186806391021628,1.243124175011764,1.0,0.0,1.0,3.9292502332464045
sc_1886347_0615,24422,4,1.2560501856522783,1.3200055824329762,0.9999999999999998,2.220446049250313e-16,1.0,3.9292502332464045
sc_1886347_0615,24422,5,1.3549821631668542,1.5153068372461873,1.0,0.0,1.0,3.9292502332464045
sc_1886347_0616,24455,0,-2.220446049250313e-16,0.33653641983882077,1.0,0.0,1.0,3.70764223746812
sc_1886347_0616,24455,1,0.4171153535025143,0.8174977953281191,1.0,0.0,1.0,3.70764223746812
sc_1886347_0616,24455,2,0.8715524505105661,1.1663599942523584,1.0,0.0,1.0,3.70764223746812
sc_1886347_0616,24455,3,1.212055403702826,1.2446226448629298,1.0,0.0,1.0,3.70764223746812
sc_1886347_0616,24455,4,1.2506401665654348,1.3271787072028967,1.0,0.0,1.0,3.70764223746812
sc_1886347_0616,24455,5,1.3740572271953422,1.5253415941516966,1.0,0.0,1.0,3.70764223746812
sc_1886347_0617,24487,0,-4.440892098500626e-16,0.32524519548143127,1.0000000000000002,2.220446049250313e-16,1.0,3.8674990636628905
sc_1886347_0617,24487,1,0.39068640661871346,0.8475757390563132,0.9999999999999999,1.1102230246251565e-16,1.0,3.8674990636628905
sc_1886347_0617,24487,2,0.9361084277282372,1.1410883559189056,1.0000000000000002,2.220446049250313e-16,1.0,3.8674990636628905
sc_1886347_0617,24487,3,1.1691250026446516,1.2698672995516411,1.0,0.0,1.0,3.8674990636628905
sc_1886347_0617,24487,4,1.2844030803763318,1.3152180970283867,1.0,0.0,1.0,3.8674990636628905
sc_1886347_0617,24487,5,1.3340166488722252,1.4849430304364448,1.0,0.0,1.0,3.8674990636628905
sc_1886347_0618,24520,0,-2.220446049250313e-16,0.3880455052589604,0.9999999999999999,1.1102230246251565e-16,1.0,3.8655598936119184
sc_1886347_0618,24520,1,0.5222165525204142,0.8305618256779981,1.0,0.0,1.0,3.8655598936119184
sc_1886347_0618,24520,2,0.8642501264516218,1.1445437094943005,1.0,0.0,1.0,3.8655598936119184
sc_1886347_0618,24520,3,1.17176939591951,1.2237086620127142,0.9999999999999999,1.1102230246251565e-16,1.0,3.8655598936119184
sc_1886347_0618,24520,4,1.2858519485750106,1.3496055964637483,1.0,0.0,1.0,3.8655598936119184
sc_1886347_0618,24520,5,1.3970681682754247,1.5122478356647178,1.0,0.0,1.0,3.8655598936119184
sc_1886347_0619,24553,0,-4.440892098500626e-16,0.4006683989288857,0.9999999999999999,1.1102230246251565e-16,1.0,3.881315840748376
sc_1886347_0619,24553,1,0.46552533720900846,0.8113375765831143,0.9999999999999999,1.1102230246251565e-16,1.0,3.881315840748376
sc_1886347_0619,24553,2,0.9152232720006355,1.1281470357846053,1.0,0.0,1.0,3.881315840748376
sc_1886347_0619,24553,3,1.1478856950114162,1.2561827129344287,0.9999999999999999,1.1102230246251565e-16,1.0,3.881315840748376
sc_1886347_0619,24553,4,1.2755483940492152,1.3381626981193577,0.9999999999999999,1.1102230246251565e-16,1.0,3.881315840748376
sc_1886347_0619,24553,5,1.3817460896287126,1.5139547260285176,1.0,0.0,1.0,3.881315840748376
sc_1886347_0620,24585,0,2.220446049250313e-16,0.4212476245795189,0.9999999999999999,1.1102230246251565e-16,1.0,3.9320139929069797
sc_1886347_0620,24585,1,0.4576712794377624,0.9138881064777947,1.0,0.0,1.0,3.9320139929069797
sc_1886347_0620,24585,2,0.9748191353594008,1.160565139171027,1.0,0.0,0.9999999999999998,3.9320139929069797
sc_1886347_0620,24585,3,1.2186416066578936,1.2471738887150043,1.0,0.0,1.0,3.9320139929069797
sc_1886347_0620,24585,4,1.2873707332556565,1.3145329926011553,1.0,0.0,1.0000000000000002,3.9320139929069797
sc_1886347_0620,24585,5,1.327178777020513,1.5093172827522343,0.9999999999999999,1.1102230246251565e-16,1.0,3.9320139929069797
sc_1886347_0621,24618,0,-2.220446049250313e-16,0.36589883907098053,1.0,0.0,1.0,3.7624478261251175
sc_1886347_0621,24618,1,0.48380444020613855,0.8035386582285515,0.9999999999999999,1.1102230246251565e-16,1.0000000000000002,3.7624478261251175
sc_1886347_0621,24618,2,1.0206262963890982,1.191400537089092,0.9999999999999999,1.1102230246251565e-16,1.0000000000000002,3.7624478261251175
sc_1886347_0621,24618,3,1.2195312336640098,1.2415743870253444,0.9999999999999999,1.1102230246251565e-16,1.0,3.7624478261251175
sc_1886347_0621,24618,4,1.2693931981084865,1.329930872341967,1.0,0.0,1.0,3.7624478261251175
sc_1886347_0621,24618,5,1.3352754583876445,1.5300992123200263,0.9999999999999999,1.1102230246251565e-16,1.0,3.7624478261251175
sc_1886347_0622,24651,0,4.440892098500626e-16,0.292280356317155,1.0,0.0,1.0,3.7886245496571456
sc_1886347_0622,24651,1,0.4913222525848804,0.8370144346254352,1.0000000000000002,2.220446049250313e-16,1.0,3.7886245496571456
sc_1886347_0622,24651,2,0.9891931180100884,1.2036950579093653,1.0,0.0,1.0,3.7886245496571456
sc_1886347_0622,24651,3,1.2203091580019039,1.2655724085643738,1.0000000000000002,2.220446049250313e-16,1.0,3.7886245496571456
sc_1886347_0622,24651,4,1.268915118985888,1.3175089337456143,1.0,0.0,0.9999999999999999,3.7886245496571456
sc_1886347_0622,24651,5,1.3357210862475057,1.4732634108382514,1.0,0.0,1.0,3.7886245496571456
sc_1886347_0623,24684,0,4.440892098500626e-16,0.2974003802598213,0.9999999999999999,1.1102230246251565e-16,1.0,3.96693573351521
sc_1886347_0623,24684,1,0.4899419339753299,0.8254949577964009,1.0,0.0,1.0000000000000002,3.96693573351521
sc_1886347_0623,24684,2,1.0085542747878617,1.175303702920544,0.9999999999999999,1.1102230246251565e-16,1.0,3.96693573351521
sc_1886347_0623,24684,3,1.2159639439141923,1.2383622856707919,1.0,0.0,1.0,3.96693573351521
sc_1886347_0623,24684,4,1.2470531527530508,1.2930425595151542,0.9999999999999999,1.1102230246251565e-16,1.0000000000000002,3.96693573351521
sc_1886347_0623,24684,5,1.3513368643225454,1.4992013329206817,0.9999999999999999,1.1102230246251565e-16,1.0,3.96693573351521
sc_1886347_0624,24716,0,4.440892098500626e-16,0.34266942504331843,0.9999999999999999,1.1102230246251565e-16,1.0,4.120091585679474
sc_1886347_0624,24716,1,0.5490336636492439,0.8475876363558781,1.0,0.0,1.0,4.120091585679474
sc_1886347_0624,24716,2,1.0230240705640412,1.1312617813539396,1.0,0.0,1.0000000000000002,4.120091585679474
sc_1886347_0624,24716,3,1.158191841917244,1.196831063331731,1.0,0.0,1.0,4.120091585679474
sc_1886347_0624,24716,4,1.21227900566465,1.3180064906168738,1.0,0.0,1.0,4.120091585679474
sc_1886347_0624,24716,5,1.3667563058466259,1.5072009011091396,1.0,0.0,1.0,4.120091585679474
sc_1886347_0625,24749,0,0.0,0.32035858374368287,1.0,0.0,1.0,4.176984009656303
sc_1886347_0625,24749,1,0.6123435426108138,0.9001772551188408,1.0,0.0,1.0,4.176984009656303
sc_1886347_0625,24749,2,0.9338064690363969,1.1191263310087676,1.0,0.0,0.9999999999999999,4.176984009656303
sc_1886347_0625,24749,3,1.1506546768120542,1.2492462921088279,1.0,0.0,1.0,4.176984009656303
sc_1886347_0625,24749,4,1.271284208940191,1.3119704735914774,1.0000000000000002,2.220446049250313e-16,1.0,4.176984009656303
sc_1886347_0625,24749,5,1.3444185868704508,1.500558109356307,1.0,0.0,1.0,4.176984009656303
sc_1886347_0626,24782,0,0.0,0.24906526520111671,0.9999999999999999,1.1102230246251565e-16,1.0,4.0991120459015375
sc_1886347_0626,24782,1,0.6264381466672921,0.9374355646579867,0.9999999999999999,1.1102230246251565e-16,1.0,4.0991120459015375
sc_1886347_0626,24782,2,0.9516716322161964,1.1399212864507997,0.9999999999999999,1.1102230246251565e-16,1.0,4.0991120459015375
sc_1886347_0626,24782,3,1.1606756141680488,1.239976017491558,0.9999999999999999,1.1102230246251565e-16,1.0,4.0991120459015375
sc_1886347_0626,24782,4,1.2679749524995032,1.3264203964129788,1.0,0.0,1.0000000000000002,4.0991120459015375
sc_1886347_0626,24782,5,1.339933601799807,1.4666346965831691,1.0,0.0,1.0,4.0991120459015375
sc_1886347_0627,24814,0,-2.220446049250313e-16,0.2321191278944299,1.0,0.0,1.0,4.101531429288101
sc_1886347_0627,24814,1,0.4898657581161403,0.9646469862610108,1.0000000000000002,2.220446049250313e-16,1.0,4.101531429288101
sc_1886347_0627,24814,2,0.9992950650458636,1.1303245483328213,1.0000000000000002,2.220446049250313e-16,0.9999999999999998,4.101531429288101
sc_1886347_0627,24814,3,1.1879584335082807,1.2159715783565062,0.9999999999999998,2.220446049250313e-16,1.0,4.101531429288101
sc_1886347_0627,24814,4,1.2720898339618611,1.3109162292428123,1.0,0.0,1.0,4.101531429288101
sc_1886347_0627,24814,5,1.34732728203727,1.432425540714091,1.0,0.0,1.0,4.101531429288101
sc_1886347_0628,24847,0,-4.440892098500626e-16,0.21314600695063302,0.9999999999999999,1.1102230246251565e-16,1.0,3.985375065207731
sc_1886347_0628,24847,1,0.5105003168928373,0.9912286028304956,0.9999999999999999,1.1102230246251565e-16,1.0,3.985375065207731
sc_1886347_0628,24847,2,1.0082318602448248,1.120677945108604,1.0,0.0,1.0,3.985375065207731
sc_1886347_0628,24847,3,1.1773096028739003,1.2436337970875553,1.0,0.0,1.0,3.985375065207731
sc_1886347_0628,24847,4,1.2620082926606055,1.3356196487340566,0.9999999999999999,1.1102230246251565e-16,1.0,3.985375065207731
sc_1886347_0628,24847,5,1.3600814095261533,1.4646430607991123,1.0,0.0,1.0,3.985375065207731
sc_1886347_0629,24880,0,0.0,0.24680998052849357,1.0,0.0,1.0,4.066397879132511
sc_1886347_0629,24880,1,0.6088373976203599,0.9108669177517109,1.0,0.0,1.0,4.066397879132511
sc_1886347_0629,24880,2,0.9839972647618704,1.127933096748623,1.0,0.0,1.0,4.066397879132511
sc_1886347_0629,24880,3,1.1539106867714435,1.2410423023741606,0.9999999999999999,1.1102230246251565e-16,1.0,4.066397879132511
sc_1886347_0629,24880,4,1.2774764714095286,1.3287741002072913,1.0,0.0,1.0,4.066397879132511
sc_1886347_0629,24880,5,1.3648087844227077,1.4591857114928255,0.9999999999999999,1.1102230246251565e-16,1.0,4.066397879132511
sc_1886347_0630,24912,0,4.440892098500626e-16,0.2557200571793752,0.9999999999999999,1.1102230246251565e-16,1.0,3.9216721074809597
sc_1886347_0630,24912,1,0.5358647281229194,0.8517966167176665,0.9999999999999998,2.220446049250313e-16,1.0,3.9216721074809597
sc_1886347_0630,24912,2,0.9983734778136248,1.1452176329455803,1.0,0.0,1.0,3.9216721074809597
sc_1886347_0630,24912,3,1.221978189007436,1.2740078029011794,1.0,0.0,1.0,3.9216721074809597
sc_1886347_0630,24912,4,1.27539325825928,1.31308173911938,1.0,0.0,1.0,3.9216721074809597
sc_1886347_0630,24912,5,1.3374099849972105,1.4659404697284266,1.0,0.0,1.0,3.9216721074809597
sc_1886347_0631,24945,0,4.440892098500626e-16,0.2420121909171571,0.9999999999999999,1.1102230246251565e-16,1.0,3.8646211834210433
sc_1886347_0631,24945,1,0.5383067588092959,0.8830698398247124,0.9999999999999998,2.220446049250313e-16,0.9999999999999999,3.8646211834210433
sc_1886347_0631,24945,2,1.031883875858496,1.1594950567929359,1.0,0.0,1.0,3.8646211834210433
sc_1886347_0631,24945,3,1.1642126668269375,1.2327378912999927,1.0,0.0,1.0,3.8646211834210433
sc_1886347_0631,24945,4,1.256178447343306,1.3244784561433947,0.9999999999999998,2.220446049250313e-16,1.0,3.8646211834210433
sc_1886347_0631,24945,5,1.362233507669002,1.5162875530547921,1.0,0.0,1.0,3.8646211834210433
sc_1886347_0632,24978,0,6.661338147750939e-16,0.3007674785412602,0.9999999999999999,1.1102230246251565e-16,1.0,3.8428088377724543
sc_1886347_0632,24978,1,0.5660420089891892,0.868539101437557,1.0000000000000002,2.220446049250313e-16,1.0,3.8428088377724543
sc_1886347_0632,24978,2,0.9193632475710354,1.1427886365356559,1.0,0.0,1.0,3.8428088377724543
sc_1886347_0632,24978,3,1.1825841651561035,1.2551340027093223,1.0000000000000002,2.220446049250313e-16,1.0,3.8428088377724543
sc_1886347_0632,24978,4,1.2610960195747356,1.308402910070177,1.0000000000000002,2.220446049250313e-16,1.0,3.8428088377724543
sc_1886347_0632,24978,5,1.362087468324109,1.481455503313794,0.9999999999999999,1.1102230246251565e-16,1.0,3.8428088377724543
sc_1886347_0633,25011,0,-2.220446049250313e-16,0.2845226014097353,1.0,0.0,1.0,3.8196735429696984
sc_1886347_0633,25011,1,0.5740196119406789,0.8473855665656101,0.9999999999999999,1.1102230246251565e-16,1.0,3.8196735429696984
sc_1886347_0633,25011,2,1.013609542872812,1.1618046183499446,1.0,0.0,1.0,3.8196735429696984
sc_1886347_0633,25011,3,1.1847333652691587,1.2541961963463035,0.9999999999999998,2.220446049250313e-16,1.0,3.8196735429696984
sc_1886347_0633,25011,4,1.2647591926591752,1.3105726311307238,1.0000000000000002,2.220446049250313e-16,1.0,3.8196735429696984
sc_1886347_0633,25011,5,1.3429832255947276,1.5075770933874886,0.9999999999999999,1.1102230246251565e-16,1.0,3.8196735429696984
sc_1886347_0634,25043,0,-4.440892098500626e-16,0.2530599228547521,1.0000000000000002,2.220446049250313e-16,1.0,3.891649146619874
sc_1886347_0634,25043,1,0.5847178656441862,0.8056646857305345,1.0000000000000002,2.220446049250313e-16,1.0,3.891649146619874
sc_1886347_0634,25043,2,1.0385362436739678,1.1763398554046067,0.9999999999999999,1.1102230246251565e-16,1.0,3.891649146619874
sc_1886347_0634,25043,3,1.1959460121460923,1.2608436493000115,1.0,0.0,1.0,3.891649146619874
sc_1886347_0634,25043,4,1.270916164867701,1.3010701594740055,1.0,0.0,1.0,3.891649146619874
sc_1886347_0634,25043,5,1.3172868354698706,1.4516958691467516,1.0000000000000002,2.220446049250313e-16,1.0,3.891649146619874
sc_1886347_0635,25076,0,0.0,0.37921161686959337,1.0,0.0,1.0,3.778475374684871
sc_1886347_0635,25076,1,0.4420183020791535,0.7483377419946248,1.0,0.0,1.0,3.778475374684871
sc_1886347_0635,25076,2,0.9646944468635602,1.1301720168380303,1.0,0.0,1.0000000000000002,3.778475374684871
sc_1886347_0635,25076,3,1.1957661616970325,1.256387487836086,0.9999999999999999,1.1102230246251565e-16,1.0,3.778475374684871
sc_1886347_0635,25076,4,1.2611874019807343,1.3689381868404242,1.0,0.0,1.0,3.778475374684871
sc_1886347_0635,25076,5,1.3923666774199301,1.494074470465208,1.0000000000000002,2.220446049250313e-16,1.0,3.778475374684871
sc_1886347_0636,25109,0,-6.661338147750939e-16,0.4348287414096388,1.0,0.0,1.0,4.158606369093951
sc_1886347_0636,25109,1,0.5593954700148388,0.8596978703517446,0.9999999999999998,2.220446049250313e-16,1.0,4.158606369093951
sc_1886347_0636,25109,2,0.9963322020578909,1.1375620397614874,1.0,0.0,1.0000000000000002,4.158606369093951
sc_1886347_0636,25109,3,1.1790850320843977,1.2085411295881996,1.0,0.0,1.0,4.158606369093951
sc_1886347_0636,25109,4,1.2359527991111545,1.3163383919192178,0.9999999999999999,1.1102230246251565e-16,1.0,4.158606369093951
sc_1886347_0636,25109,5,1.3657190543174773,1.4545889995996149,0.9999999999999999,1.1102230246251565e-16,1.0,4.158606369093951
sc_1886347_0637,25141,0,0.0,0.3709238825307486,0.9999999999999998,2.220446049250313e-16,1.0,3.9623088246639724
sc_1886347_0637,25141,1,0.5258280630106225,0.8615006615315524,0.9999999999999999,1.1102230246251565e-16,1.0,3.9623088246639724
sc_1886347_0637,25141,2,0.9161438564858305,1.1444584487108291,1.0,0.0,1.0,3.9623088246639724
sc_1886347_0637,25141,3,1.1641207345686826,1.2414918194841063,1.0,0.0,1.0,3.9623088246639724
sc_1886347_0637,25141,4,1.2618386295374602,1.3137491115115434,1.0000000000000002,2.220446049250313e-16,1.0,3.9623088246639724
sc_1886347_0637,25141,5,1.344705718631897,1.5375173142981187,1.0,0.0,1.0,3.9623088246639724
sc_1886347_0638,25174,0,2.220446049250313e-16,0.28870631891103193,1.0,0.0,1.0,3.8117422556062985
sc_1886347_0638,25174,1,0.44986499565886917,0.8858230821180106,1.0,0.0,1.0000000000000002,3.8117422556062985
sc_1886347_0638,25174,2,0.9249631102531121,1.1790995602214993,1.0,0.0,1.0,3.8117422556062985
sc_1886347_0638,25174,3,1.1906948764985064,1.2408540728299537,1.0000000000000002,2.220446049250313e-16,1.0,3.8117422556062985
sc_1886347_0638,25174,4,1.2722005793821283,1.3228107956745987,1.0,0.0,1.0,3.8117422556062985
sc_1886347_0638,25174,5,1.3694644754999121,1.460752375137204,0.9999999999999998,2.220446049250313e-16,1.0,3.8117422556062985
sc_1886347_0639,25207,0,0.0,0.2535075046115596,1.0,0.0,1.0,3.7736734873544684
sc_1886347_0639,25207,1,0.5129599727492793,0.8722901050845261,0.9999999999999999,1.1102230246251565e-16,1.0,3.7736734873544684
sc_1886347_0639,25207,2,0.956534825780806,1.1823672867351855,1.0,0.0,1.0,3.7736734873544684
sc_1886347_0639,25207,3,1.208076673184167,1.2364523897480715,1.0,0.0,1.0,3.7736734873544684
sc_1886347_0639,25207,4,1.2723500491264534,1.2986926225416218,0.9999999999999999,1.1102230246251565e-16,1.0,3.7736734873544684
sc_1886347_0639,25207,5,1.3244846569045015,1.4969756984935711,0.9999999999999999,1.1102230246251565e-16,1.0,3.7736734873544684
sc_1886347_0640,25239,0,2.220446049250313e-16,0.26022404178112835,1.0,0.0,1.0,3.9943241874317565
sc_1886347_0640,25239,1,0.5608991697037881,0.8625314582865206,1.0,0.0,1.0,3.9943241874317565
sc_1886347_0640,25239,2,1.0129735365833452,1.1601136117494895,0.9999999999999999,1.1102230246251565e-16,1.0,3.9943241874317565
sc_1886347_0640,25239,3,1.2007369550597515,1.2506423329364043,1.0,0.0,1.0,3.9943241874317565
sc_1886347_0640,25239,4,1.2528384316210914,1.3089581347725336,1.0,0.0,1.0,3.9943241874317565
sc_1886347_0640,25239,5,1.336101825003096,1.5108428602213588,1.0,0.0,1.0,3.9943241874317565
sc_1886347_0641,25272,0,2.220446049250313e-16,0.319479276107435,1.0,0.0,1.0,3.941145343560963
sc_1886347_0641,25272,1,0.48086893297711175,0.7911760661733355,0.9999999999999999,1.1102230246251565e-16,1.0,3.941145343560963
sc_1886347_0641,25272,2,0.9771083495434393,1.1520876050645101,1.0,0.0,1.0,3.941145343560963
sc_1886347_0641,25272,3,1.2083370101958248,1.2535642015163537,1.0,0.0,1.0,3.941145343560963
sc_1886347_0641,25272,4,1.268840869957975,1.3402104473387848,1.0,0.0,0.9999999999999998,3.941145343560963
sc_1886347_0641,25272,5,1.3566608363447648,1.468070506135554,0.9999999999999999,1.1102230246251565e-16,1.0,3.941145343560963
sc_1886347_0642,25305,0,-2.220446049250313e-16,0.37082982721122737,0.9999999999999999,1.1102230246251565e-16,1.0,3.7866791974406118
sc_1886347_0642,25305,1,0.47166971278947223,0.8118963994760386,1.0,0.0,1.0000000000000002,3.7866791974406118
sc_1886347_0642,25305,2,0.8554075600837758,1.1829513735151487,1.0000000000000002,2.220446049250313e-16,1.0,3.7866791974406118
sc_1886347_0642,25305,3,1.2057914738691997,1.2544749557875141,0.9999999999999999,1.1102230246251565e-16,1.0,3.7866791974406118
sc_1886347_0642,25305,4,1.2772998525461534,1.3115911465494838,1.0,0.0,1.0000000000000002,3.7866791974406118
sc_1886347_0642,25305,5,1.3653168545375998,1.4805341925817932,1.0,0.0,1.0,3.7866791974406118
sc_1886347_0643,25337,0,2.220446049250313e-16,0.3636041202294873,0.9999999999999999,1.1102230246251565e-16,1.0,3.854321999513963
sc_1886347_0643,25337,1,0.5409697729376065,0.9232114861534017,0.9999999999999998,2.220446049250313e-16,1.0,3.854321999513963
sc_1886347_0643,25337,2,0.9391632692324452,1.140941087466556,1.0,0.0,1.0,3.854321999513963
sc_1886347_0643,25337,3,1.1662720477268769,1.2406986203994175,0.9999999999999999,1.1102230246251565e-16,1.0,3.854321999513963
sc_1886347_0643,25337,4,1.2693848522794866,1.3272187874602976,0.9999999999999999,1.1102230246251565e-16,1.0000000000000002,3.854321999513963
sc_1886347_0643,25337,5,1.3616332601286636,1.487553771686739,1.0,0.0,1.0,3.854321999513963
sc_1886347_0644,25370,0,-2.220446049250313e-16,0.32136002336396574,1.0,0.0,1.0,3.8268323064282286
sc_1886347_0644,25370,1,0.4714115968471497,0.8589821185480643,1.0,0.0,1.0,3.8268323064282286
sc_1886347_0644,25370,2,0.9337872910749707,1.148001842354309,1.0,0.0,1.0,3.8268323064282286
sc_1886347_0644,25370,3,1.19517037913425,1.2369923954282724,1.0,0.0,1.0,3.8268323064282286
sc_1886347_0644,25370,4,1.2821806786430165,1.3198231513682814,0.9999999999999999,1.1102230246251565e-16,1.0,3.8268323064282286
sc_1886347_0644,25370,5,1.3576437051301133,1.486598005538587,1.0,0.0,1.0,3.8268323064282286
sc_1886347_0645,25403,0,-2.220446049250313e-16,0.3307731859176002,1.0000000000000002,2.220446049250313e-16,1.0,4.275831008377602
sc_1886347_0645,25403,1,0.5803273507547826,0.8614798875020914,0.9999999999999999,1.1102230246251565e-16,1.0000000000000002,4.275831008377602
sc_1886347_0645,25403,2,0.9947664098938227,1.14597254204438,1.0000000000000002,2.220446049250313e-16,1.0,4.275831008377602
sc_1886347_0645,25403,3,1.1673621155323288,1.2027007551114721,1.0,0.0,1.0,4.275831008377602
sc_1886347_0645,25403,4,1.2839042164847538,1.3313681146270377,1.0000000000000002,2.220446049250313e-16,1.0,4.275831008377602
sc_1886347_0645,25403,5,1.34529593926728,1.4371749469487904,0.9999999999999999,1.1102230246251565e-16,1.0,4.275831008377602
sc_1886347_0646,25436,0,0.0,0.26897025212691994,1.0,0.0,1.0,4.103889792919964
sc_1886347_0646,25436,1,0.6115212833443432,0.8690704183311755,1.0,0.0,0.9999999999999999,4.103889792919964
sc_1886347_0646,25436,2,0.9718976185702273,1.1578535746036756,0.9999999999999999,1.1102230246251565e-16,1.0000000000000002,4.103889792919964
sc_1886347_0646,25436,3,1.1629398370055162,1.2424459306217108,1.0,0.0,1.0,4.103889792919964
sc_1886347_0646,25436,4,1.2744177205943235,1.3205582488261287,1.0,0.0,0.9999999999999998,4.103889792919964
sc_1886347_0646,25436,5,1.349836810270955,1.4638916025693764,0.9999999999999999,1.1102230246251565e-16,1.0,4.103889792919964
sc_1886347_0647,25468,0,-4.440892098500626e-16,0.2540393558220553,0.9999999999999997,3.3306690738754696e-16,1.0,3.82795836367774
sc_1886347_0647,25468,1,0.40950955432958525,0.8786246669323139,0.9999999999999999,1.1102230246251565e-16,0.9999999999999999,3.82795836367774
sc_1886347_0647,25468,2,1.0146639056977125,1.1662059312906723,1.0,0.0,1.0,3.82795836367774
sc_1886347_0647,25468,3,1.2016335333692112,1.2287818297296333,1.0,0.0,1.0,3.82795836367774
sc_1886347_0647,25468,4,1.246611157717706,1.3182037018900181,1.0,0.0,1.0,3.82795836367774
sc_1886347_0647,25468,5,1.3445512449223622,1.4935031075908336,0.9999999999999999,1.1102230246251565e-16,1.0,3.82795836367774
sc_1886347_0648,25501,0,-6.661338147750939e-16,0.27225019869388256,0.9999999999999999,1.1102230246251565e-16,1.0,4.221775394064349
sc_1886347_0648,25501,1,0.4923721915403796,0.8372805290288127,1.0,0.0,1.0,4.221775394064349
sc_1886347_0648,25501,2,0.9866097549879325,1.187986393422005,1.0,0.0,0.9999999999999999,4.221775394064349
sc_1886347_0648,25501,3,1.1944186281262659,1.2377016585386758,1.0,0.0,1.0,4.221775394064349
sc_1886347_0648,25501,4,1.2776816106393203,1.293264962905836,1.0,0.0,1.0,4.221775394064349
sc_1886347_0648,25501,5,1.334897067149536,1.4687748280114294,1.0,0.0,1.0,4.221775394064349
sc_1886347_0649,25534,0,4.440892098500626e-16,0.2347532560657617,0.9999999999999999,1.1102230246251565e-16,1.0,3.909747212726619
sc_1886347_0649,25534,1,0.4767575194038547,0.8809213309430425,1.0,0.0,0.9999999999999999,3.909747212726619
sc_1886347_0649,25534,2,0.9929007961242183,1.1784009025032267,1.0,0.0,1.0,3.909747212726619
sc_1886347_0649,25534,3,1.20941688359939,1.2504802727600595,0.9999999999999998,2.220446049250313e-16,1.0,3.909747212726619
sc_1886347_0649,25534,4,1.258180148584637,1.3259619110490102,1.0,0.0,1.0,3.909747212726619
sc_1886347_0649,25534,5,1.363311199523159,1.49213804494856,0.9999999999999999,1.1102230246251565e-16,1.0,3.909747212726619
sc_1886347_0650,25877,0,2.220446049250313e-16,0.32161726051338757,1.0,0.0,1.0,3.79181536144284
sc_1886347_0650,25877,1,0.6008712726828199,0.7525613614249504,1.0,0.0,1.0,3.79181536144284
sc_1886347_0650,25877,2,0.9228265734804149,1.127631489964732,1.0,0.0,1.0,3.79181536144284
sc_1886347_0650,25877,3,1.1660032332701644,1.2659685363499416,1.0,0.0,1.0,3.79181536144284
sc_1886347_0650,25877,4,1.3107513218928253,1.3406625066604845,0.9999999999999998,2.220446049250313e-16,1.0,3.79181536144284
sc_1886347_0650,25877,5,1.3454889994397965,1.5518733933104347,1.0,0.0,1.0,3.79181536144284
sc_1886347_0651,25910,0,8.881784197001252e-16,0.3194932456884685,1.0,0.0,1.0,4.080440004226717
sc_1886347_0651,25910,1,0.5294682164130995,0.8730399266487301,1.0,0.0,1.0,4.080440004226717
sc_1886347_0651,25910,2,0.9307692867889205,1.139801932424653,1.0000000000000002,2.220446049250313e-16,1.0,4.080440004226717
sc_1886347_0651,25910,3,1.1522148201861013,1.2243562106002086,1.0,0.0,1.0,4.080440004226717
sc_1886347_0651,25910,4,1.24472451459556,1.340317897063941,1.0000000000000002,2.220446049250313e-16,1.0,4.080440004226717
sc_1886347_0651,25910,5,1.3695772339866592,1.5516512624142167,1.0,0.0,1.0,4.080440004226717
sc_1886347_0652,25943,0,-4.440892098500626e-16,0.2928968096500124,0.9999999999999999,1.1102230246251565e-16,1.0,3.970389665642908
sc_1886347_0652,25943,1,0.4755699154166384,0.8301484635416839,1.0,0.0,0.9999999999999999,3.970389665642908
sc_1886347_0652,25943,2,0.9167818397375403,1.1583506380788249,1.0,0.0,1.0,3.970389665642908
sc_1886347_0652,25943,3,1.175610422140914,1.266094264518106,0.9999999999999999,1.1102230246251565e-16,1.0,3.970389665642908
sc_1886347_0652,25943,4,1.2805648459492973,1.36215327557707,1.0,0.0,1.0,3.970389665642908
sc_1886347_0652,25943,5,1.3688578489631977,1.4647142002144482,1.0,0.0,1.0,3.970389665642908
sc_1886347_0653,25975,0,-4.440892098500626e-16,0.26539431548362713,0.9999999999999999,1.1102230246251565e-16,1.0,3.8838670546648033
sc_1886347_0653,25975,1,0.46862199541961425,0.778948216134565,0.9999999999999998,2.220446049250313e-16,0.9999999999999999,3.8838670546648033
sc_1886347_0653,25975,2,0.9156422294354519,1.1361922186140008,1.0,0.0,1.0,3.8838670546648033
sc_1886347_0653,25975,3,1.1605051802282538,1.261925600082141,1.0,0.0,1.0,3.8838670546648033
sc_1886347_0653,25975,4,1.2785806763766547,1.3856342684037306,0.9999999999999999,1.1102230246251565e-16,1.0,3.8838670546648033
sc_1886347_0653,25975,5,1.4081417422686109,1.4940548742464177,1.0,0.0,1.0,3.8838670546648033
sc_1886347_0654,26008,0,2.220446049250313e-16,0.25140752810483136,1.0,0.0,1.0,3.7752607985592705
sc_1886347_0654,26008,1,0.5380155808387304,0.7961858642601066,1.0,0.0,1.0,3.7752607985592705
sc_1886347_0654,26008,2,0.9527364807373015,1.1012567519308583,0.9999999999999999,1.1102230246251565e-16,1.0,3.7752607985592705
sc_1886347_0654,26008,3,1.1951861320620814,1.260123758368768,1.0,0.0,1.0,3.7752607985592705
sc_1886347_0654,26008,4,1.2910278265522728,1.3526730340414304,1.0,0.0,1.0000000000000002,3.7752607985592705
sc_1886347_0654,26008,5,1.3982892956032176,1.527760066885446,1.0,0.0,1.0,3.7752607985592705
sc_1886347_0655,26041,0,-2.220446049250313e-16,0.25763535414689365,0.9999999999999999,1.1102230246251565e-16,1.0,3.738865882541245
sc_1886347_0655,26041,1,0.4916838691886749,0.8602860423956092,1.0,0.0,0.9999999999999998,3.738865882541245
sc_1886347_0655,26041,2,0.9521376083284223,1.1226373248136956,1.0,0.0,0.9999999999999999,3.738865882541245
sc_1886347_0655,26041,3,1.1686117328488264,1.2566761267142113,0.9999999999999999,1.1102230246251565e-16,1.0,3.738865882541245
sc_1886347_0655,26041,4,1.2883943538269877,1.342966678053605,0.9999999999999999,1.1102230246251565e-16,1.0000000000000002,3.738865882541245
sc_1886347_0655,26041,5,1.378389072667248,1.5052745170710427,1.0,0.0,1.0,3.738865882541245
sc_1886347_0656,26074,0,4.440892098500626e-16,0.28358852131924617,0.9999999999999998,2.220446049250313e-16,1.0,3.958370840321244
sc_1886347_0656,26074,1,0.5191200573375705,0.8367826463773146,1.0,0.0,1.0,3.958370840321244
sc_1886347_0656,26074,2,0.9712521160955844,1.1468764945009482,0.9999999999999999,1.1102230246251565e-16,1.0000000000000002,3.958370840321244
sc_1886347_0656,26074,3,1.1620129843684444,1.2329398622442596,0.9999999999999999,1.1102230246251565e-16,1.0,3.958370840321244
sc_1886347_0656,26074,4,1.2787380765663792,1.3436973819659168,1.0000000000000002,2.220446049250313e-16,1.0,3.958370840321244
sc_1886347_0656,26074,5,1.3657699001980044,1.4724636485296394,1.0000000000000002,2.220446049250313e-16,1.0,3.958370840321244
sc_1886347_0657,26106,0,0.0,0.19898213750517546,1.0,0.0,1.0,3.698331367513707
sc_1886347_0657,26106,1,0.5515618380297539,0.8384202585019062,1.0,0.0,1.0,3.698331367513707
sc_1886347_0657,26106,2,0.9908427554534959,1.1357034972820357,1.0000000000000002,2.220446049250313e-16,1.0000000000000002,3.698331367513707
sc_1886347_0657,26106,3,1.1617115350806322,1.2487760231916911,1.0,0.0,1.0,3.698331367513707
sc_1886347_0657,26106,4,1.2688586985017807,1.3310944999146648,0.9999999999999999,1.1102230246251565e-16,1.0,3.698331367513707
sc_1886347_0657,26106,5,1.3569113330114027,1.5118314039403433,0.9999999999999999,1.1102230246251565e-16,1.0,3.698331367513707
sc_1886347_0658,26139,0,0.0,0.21230968616789325,0.9999999999999999,1.1102230246251565e-16,1.0,3.883561839837816
sc_1886347_0658,26139,1,0.6039597671941616,0.9212004851133355,1.0,0.0,1.0,3.883561839837816
sc_1886347_0658,26139,2,0.9500851003483899,1.1536619770854117,1.0,0.0,1.0,3.883561839837816
sc_1886347_0658,26139,3,1.165681466572415,1.2357295976783478,1.0,0.0,1.0,3.883561839837816
sc_1886347_0658,26139,4,1.2685166920629392,1.3496861605022297,0.9999999999999999,1.1102230246251565e-16,1.0000000000000002,3.883561839837816
sc_1886347_0658,26139,5,1.35581380571258,1.504186590813725,1.0000000000000002,2.220446049250313e-16,1.0,3.883561839837816
sc_1886347_0659,26172,0,0.0,0.2516762895136997,1.0,0.0,1.0,3.831440008986444
sc_1886347_0659,26172,1,0.5353479180490393,0.9202493059291519,0.9999999999999999,1.1102230246251565e-16,1.0,3.831440008986444
sc_1886347_0659,26172,2,0.9417386610119851,1.1501055796999196,1.0,0.0,1.0,3.831440008986444
sc_1886347_0659,26172,3,1.202543468909537,1.218825266726842,1.0,0.0,1.0,3.831440008986444
sc_1886347_0659,26172,4,1.2490932711714196,1.352059594798963,0.9999999999999999,1.1102230246251565e-16,1.0,3.831440008986444
sc_1886347_0659,26172,5,1.3670071573813274,1.4883562046628875,1.0,0.0,1.0,3.831440008986444
sc_1886347_0660,26204,0,0.0,0.23462350523134745,0.9999999999999998,2.220446049250313e-16,1.0,3.8416978379362554
sc_1886347_0660,26204,1,0.5633291193396985,0.9186047951228236,1.0,0.0,0.9999999999999999,3.8416978379362554
sc_1886347_0660,26204,2,0.9549203887568852,1.1411683511481812,1.0,0.0,1.0,3.8416978379362554
sc_1886347_0660,26204,3,1.1746822063192854,1.236302619536155,1.0,0.0,1.0,3.8416978379362554
sc_1886347_0660,26204,4,1.2615028834338045,1.3538868578141536,0.9999999999999999,1.1102230246251565e-16,1.0000000000000002,3.8416978379362554
sc_1886347_0660,26204,5,1.4049030021996314,1.5036407731867305,1.0,0.0,1.0,3.8416978379362554
sc_1886347_0661,26237,0,1.1102230246251565e-15,0.19873236235182135,0.9999999999999999,1.1102230246251565e-16,1.0,3.945718677200238
sc_1886347_0661,26237,1,0.5352311517370507,0.9101629293765582,0.9999999999999999,1.1102230246251565e-16,1.0,3.945718677200238
sc_1886347_0661,26237,2,1.0048348911768539,1.1669540060215637,0.9999999999999998,2.220446049250313e-16,1.0,3.945718677200238
sc_1886347_0661,26237,3,1.1784214901978751,1.2247476799297887,0.9999999999999999,1.1102230246251565e-16,1.0,3.945718677200238
sc_1886347_0661,26237,4,1.2529236491424314,1.3270063927127977,1.0,0.0,1.0,3.945718677200238
sc_1886347_0661,26237,5,1.396844621683858,1.467614600106506,0.9999999999999999,1.1102230246251565e-16,1.0,3.945718677200238
sc_1886347_0662,26270,0,8.881784197001252e-16,0.1396396210815587,0.9999999999999999,1.1102230246251565e-16,1.0,3.9016270047695114
sc_1886347_0662,26270,1,0.48757355707616434,0.992057765662226,0.9999999999999999,1.1102230246251565e-16,1.0,3.9016270047695114
sc_1886347_0662,26270,2,1.0223302024837004,1.201038761624809,0.9999999999999999,1.1102230246251565e-16,1.0,3.9016270047695114
sc_1886347_0662,26270,3,1.213857700001877,1.2550025796533737,0.9999999999999999,1.1102230246251565e-16,1.0,3.9016270047695114
sc_1886347_0662,26270,4,1.266093697983109,1.2821910393332503,0.9999999999999998,2.220446049250313e-16,1.0,3.9016270047695114
sc_1886347_0662,26270,5,1.3027064176566332,1.49008592283346,1.0,0.0,1.0,3.9016270047695114
sc_1886347_0663,26302,0,8.881784197001252e-16,0.2951020898069223,1.0,0.0,1.0,3.8662337855412816
sc_1886347_0663,26302,1,0.4001276228135804,0.9062892099471318,1.0,0.0,1.0000000000000002,3.8662337855412816
sc_1886347_0663,26302,2,1.0119835942786994,1.159769216313816,0.9999999999999998,2.220446049250313e-16,1.0000000000000002,3.8662337855412816
sc_1886347_0663,26302,3,1.1780363335172312,1.2217804847347673,1.0,0.0,1.0,3.8662337855412816
sc_1886347_0663,26302,4,1.2604631700210827,1.3138747496182666,1.0,0.0,1.0,3.8662337855412816
sc_1886347_0663,26302,5,1.3486917245328738,1.4780128938307464,1.0,0.0,1.0,3.8662337855412816
sc_1886347_0664,26335,0,1.1102230246251565e-15,0.3510368483185997,1.0,0.0,1.0,3.96635996751798
sc_1886347_0664,26335,1,0.3675280138755401,0.8768672288400989,1.0,0.0,0.9999999999999999,3.96635996751798
sc_1886347_0664,26335,2,1.027046155756877,1.1462437223418445,1.0,0.0,1.0000000000000002,3.96635996751798
sc_1886347_0664,26335,3,1.1716113361366518,1.2460785509404244,0.9999999999999999,1.1102230246251565e-16,1.0,3.96635996751798
sc_1886347_0664,26335,4,1.259457669578478,1.3196919126857825,1.0,0.0,1.0,3.96635996751798
sc_1886347_0664,26335,5,1.3471858001113968,1.4913591260419303,0.9999999999999999,1.1102230246251565e-16,1.0,3.96635996751798
sc_1886347_0665,26368,0,2.220446049250313e-16,0.23813733060763909,1.0,0.0,1.0,3.987118644045571
sc_1886347_0665,26368,1,0.532190550847877,0.8587468996488608,0.9999999999999998,2.220446049250313e-16,1.0,3.987118644045571
sc_1886347_0665,26368,2,1.0087516753806847,1.1621475577704579,0.9999999999999999,1.1102230246251565e-16,1.0,3.987118644045571
sc_1886347_0665,26368,3,1.1683794816744073,1.2379289787265388,1.0,0.0,1.0,3.987118644045571
sc_1886347_0665,26368,4,1.2565881035376583,1.3091510838740694,0.9999999999999999,1.1102230246251565e-16,1.0000000000000002,3.987118644045571
sc_1886347_0665,26368,5,1.3705696211631335,1.4909327384812845,0.9999999999999999,1.1102230246251565e-16,1.0,3.987118644045571
sc_1886347_0666,26401,0,-2.220446049250313e-16,0.2879502353090424,1.0,0.0,1.0,3.915655656878827
sc_1886347_0666,26401,1,0.5376334460632255,0.8655934922991588,0.9999999999999999,1.1102230246251565e-16,1.0,3.915655656878827
sc_1886347_0666,26401,2,0.9126507270259566,1.1675518919563688,1.0,0.0,1.0000000000000002,3.915655656878827
sc_1886347_0666,26401,3,1.1898153034745114,1.2256717828620827,0.9999999999999998,2.220446049250313e-16,1.0,3.915655656878827
sc_1886347_0666,26401,4,1.2610905522173308,1.3366951663838513,1.0000000000000002,2.220446049250313e-16,1.0,3.915655656878827
sc_1886347_0666,26401,5,1.3646876026321644,1.530759208085974,0.9999999999999997,3.3306690738754696e-16,1.0,3.915655656878827
sc_1886347_0667,26433,0,-4.440892098500626e-16,0.2493717648686946,1.0,0.0,1.0,4.119584027941984
sc_1886347_0667,26433,1,0.5366912173175302,0.9101951442622197,1.0000000000000002,2.220446049250313e-16,1.0,4.119584027941984
sc_1886347_0667,26433,2,1.0205648448111493,1.1474214757650667,0.9999999999999999,1.1102230246251565e-16,1.0,4.119584027941984
sc_1886347_0667,26433,3,1.15620643063324,1.2278368786383456,0.9999999999999999,1.1102230246251565e-16,1.0,4.119584027941984
sc_1886347_0667,26433,4,1.2721297310865918,1.3065835685540397,1.0,0.0,1.0,4.119584027941984
sc_1886347_0667,26433,5,1.330569896713286,1.5124835736001636,1.0,0.0,1.0,4.119584027941984
sc_1886347_0668,26466,0,6.661338147750939e-16,0.34775145345966774,1.0,0.0,1.0,4.058974571260416
sc_1886347_0668,26466,1,0.5215141150021981,0.8478931886409871,0.9999999999999999,1.1102230246251565e-16,0.9999999999999998,4.058974571260416
sc_1886347_0668,26466,2,0.9310438517285651,1.1343401322654498,1.0000000000000002,2.220446049250313e-16,1.0,4.058974571260416
sc_1886347_0668,26466,3,1.1836668516036264,1.2589154117813441,0.9999999999999999,1.1102230246251565e-16,1.0,4.058974571260416
sc_1886347_0668,26466,4,1.2786473049630351,1.3425406989980446,1.0,0.0,1.0,4.058974571260416
sc_1886347_0668,26466,5,1.3533704320987823,1.5085310081837306,0.9999999999999999,1.1102230246251565e-16,1.0,4.058974571260416
sc_1886347_0669,26499,0,6.661338147750939e-16,0.36375495750581277,0.9999999999999999,1.1102230246251565e-16,1.0,4.1680541770837065
sc_1886347_0669,26499,1,0.5244155300109596,0.8852028051386798,0.9999999999999999,1.1102230246251565e-16,1.0,4.1680541770837065
sc_1886347_0669,26499,2,0.9839977875422913,1.158202131185516,0.9999999999999998,2.220446049250313e-16,1.0,4.1680541770837065
sc_1886347_0669,26499,3,1.190512038958013,1.212789848691361,1.0,0.0,1.0,4.1680541770837065
sc_1886347_0669,26499,4,1.2327813865180377,1.2826286024812041,1.0,0.0,1.0,4.1680541770837065
sc_1886347_0669,26499,5,1.3464293623094923,1.4773488783504838,0.9999999999999998,2.220446049250313e-16,1.0,4.1680541770837065
sc_1886347_0670,26531,0,1.1102230246251565e-15,0.29391613821236384,1.0,0.0,1.0,3.7793604869326933
sc_1886347_0670,26531,1,0.45812591859478813,0.9303259548179885,1.0000000000000002,2.220446049250313e-16,1.0,3.7793604869326933
sc_1886347_0670,26531,2,0.9427578490747966,1.1017882129250278,0.9999999999999999,1.1102230246251565e-16,0.9999999999999999,3.7793604869326933
sc_1886347_0670,26531,3,1.2056879357871662,1.2448703340373108,1.0,0.0,1.0,3.7793604869326933
sc_1886347_0670,26531,4,1.281668901245878,1.3153166535750784,0.9999999999999999,1.1102230246251565e-16,1.0,3.7793604869326933
sc_1886347_0670,26531,5,1.3431174840330358,1.4930284819166781,1.0,0.0,1.0,3.7793604869326933
sc_1886347_0671,26564,0,0.0,0.45586884174001874,1.0,0.0,1.0,3.8696342036523803
sc_1886347_0671,26564,1,0.5052130697648617,0.8275063776382586,0.9999999999999999,1.1102230246251565e-16,1.0,3.8696342036523803
sc_1886347_0671,26564,2,0.9703202064906213,1.1576535560227161,1.0,0.0,1.0,3.8696342036523803
sc_1886347_0671,26564,3,1.174926044085931,1.2387231770413807,1.0,0.0,1.0,3.8696342036523803
sc_1886347_0671,26564,4,1.2606412555375515,1.311969420403992,1.0,0.0,1.0,3.8696342036523803
sc_1886347_0671,26564,5,1.3307140650918132,1.486459211879746,0.9999999999999999,1.1102230246251565e-16,1.0,3.8696342036523803
sc_1886347_0672,26597,0,-2.220446049250313e-16,0.4861331381724403,1.0000000000000002,2.220446049250313e-16,1.0,4.00515681336341
sc_1886347_0672,26597,1,0.577745737500157,0.8544400272579903,1.0,0.0,0.9999999999999999,4.00515681336341
sc_1886347_0672,26597,2,0.9020786209446991,1.1709459769679555,0.9999999999999998,2.220446049250313e-16,1.0,4.00515681336341
sc_1886347_0672,26597,3,1.190244953693281,1.2104375061513875,1.0,0.0,1.0,4.00515681336341
sc_1886347_0672,26597,4,1.2494705382618039,1.3311410310459568,0.9999999999999999,1.1102230246251565e-16,1.0000000000000002,4.00515681336341
sc_1886347_0672,26597,5,1.3350242752357566,1.4712894395304916,1.0000000000000002,2.220446049250313e-16,1.0,4.00515681336341
sc_1886347_0673,26629,0,0.0,0.3162815981671434,1.0,0.0,1.0,3.842047163373222
sc_1886347_0673,26629,1,0.5658380384240661,0.8881886280937005,1.0,0.0,1.0,3.842047163373222
sc_1886347_0673,26629,2,0.9607082472376847,1.1634932229884603,1.0,0.0,1.0,3.842047163373222
sc_1886347_0673,26629,3,1.211153474240134,1.2417182635050596,1.0,0.0,1.0,3.842047163373222
sc_1886347_0673,26629,4,1.2849334496951934,1.2961929697329653,1.0000000000000002,2.220446049250313e-16,1.0,3.842047163373222
sc_1886347_0673,26629,5,1.3324248434601826,1.476016595175646,1.0,0.0,1.0,3.842047163373222
sc_1886347_0674,26662,0,-4.440892098500626e-16,0.35310485921574797,1.0,0.0,1.0,3.956041510520749
sc_1886347_0674,26662,1,0.47392678315864767,0.7787214470880844,1.0,0.0,1.0,3.956041510520749
sc_1886347_0674,26662,2,0.9997218569950859,1.1591438957157085,0.9999999999999999,1.1102230246251565e-16,1.0000000000000002,3.956041510520749
sc_1886347_0674,26662,3,1.1975652359310365,1.2627807981649328,0.9999999999999999,1.1102230246251565e-16,1.0,3.956041510520749
sc_1886347_0674,26662,4,1.273106513992028,1.3127943920609462,1.0,0.0,1.0,3.956041510520749
sc_1886347_0674,26662,5,1.3728428017096912,1.4502662804682849,0.9999999999999998,2.220446049250313e-16,1.0,3.956041510520749
sc_1886347_0675,26695,0,1.1102230246251565e-15,0.3620000223958282,0.9999999999999998,2.220446049250313e-16,1.0,3.988915545902465
sc_1886347_0675,26695,1,0.43964147845421175,0.8927383873611798,1.0,0.0,1.0,3.988915545902465
sc_1886347_0675,26695,2,1.0306369931842203,1.1485499768784724,1.0,0.0,1.0,3.988915545902465
sc_1886347_0675,26695,3,1.1880940995577045,1.2311172942113222,1.0,0.0,1.0,3.988915545902465
sc_1886347_0675,26695,4,1.2570527231179596,1.300403539248493,0.9999999999999999,1.1102230246251565e-16,1.0,3.988915545902465
sc_1886347_0675,26695,5,1.3365702269670048,1.510126606178568,1.0,0.0,1.0,3.988915545902465
sc_1886347_0676,26727,0,2.220446049250313e-16,0.39651453171748074,1.0,0.0,1.0,4.126609464762687
sc_1886347_0676,26727,1,0.4822104258300173,0.8844667032868271,1.0,0.0,1.0000000000000002,4.126609464762687
sc_1886347_0676,26727,2,0.9398726228751989,1.1616627451403494,1.0,0.0,1.0,4.126609464762687
sc_1886347_0676,26727,3,1.197522292730934,1.2639163893548075,1.0,0.0,1.0,4.126609464762687
sc_1886347_0676,26727,4,1.285301914010266,1.307114019360295,0.9999999999999998,2.220446049250313e-16,0.9999999999999999,4.126609464762687
sc_1886347_0676,26727,5,1.3499334501808484,1.4482282936496655,1.0,0.0,1.0,4.126609464762687
sc_1886347_0677,26760,0,4.440892098500626e-16,0.3987464229580293,1.0,0.0,1.0,3.906583919087525
sc_1886347_0677,26760,1,0.5058805710724917,0.8754838044921491,1.0000000000000002,2.220446049250313e-16,1.0,3.906583919087525
sc_1886347_0677,26760,2,0.9847436474583071,1.1303647286898764,0.9999999999999998,2.220446049250313e-16,1.0,3.906583919087525
sc_1886347_0677,26760,3,1.1820697932860653,1.2537020956321145,0.9999999999999999,1.1102230246251565e-16,1.0,3.906583919087525
sc_1886347_0677,26760,4,1.26303639018564,1.3211567033006144,0.9999999999999999,1.1102230246251565e-16,1.0000000000000002,3.906583919087525
sc_1886347_0677,26760,5,1.3405195998540382,1.4760468149849624,0.9999999999999998,2.220446049250313e-16,1.0,3.906583919087525
sc_1886347_0678,26793,0,8.881784197001252e-16,0.33931362534873766,1.0,0.0,1.0,3.8408750928955406
sc_1886347_0678,26793,1,0.5808734090986756,0.925698795658361,1.0,0.0,1.0,3.8408750928955406
sc_1886347_0678,26793,2,0.9423823690404808,1.1488462781018005,1.0,0.0,1.0,3.8408750928955406
sc_1886347_0678,26793,3,1.1651082358342848,1.2289480121413567,0.9999999999999999,1.1102230246251565e-16,1.0,3.8408750928955406
sc_1886347_0678,26793,4,1.2372210999285007,1.2950281249284452,0.9999999999999999,1.1102230246251565e-16,1.0,3.8408750928955406
sc_1886347_0678,26793,5,1.333554226572736,1.522974139667883,1.0,0.0,1.0,3.8408750928955406
sc_1886347_0679,26826,0,-4.440892098500626e-16,0.41061990421639694,1.0,0.0,1.0,3.9786125189184256
sc_1886347_0679,26826,1,0.5464915066361555,0.8424458884472991,1.0,0.0,1.0,3.9786125189184256
sc_1886347_0679,26826,2,0.9750081302955026,1.101922787408388,0.9999999999999999,1.1102230246251565e-16,1.0,3.9786125189184256
sc_1886347_0679,26826,3,1.1433750364327127,1.1950577366081647,0.9999999999999999,1.1102230246251565e-16,1.0,3.9786125189184256
sc_1886347_0679,26826,4,1.232214476768025,1.3228604463917433,1.0000000000000002,2.220446049250313e-16,0.9999999999999999,3.9786125189184256
sc_1886347_0679,26826,5,1.3530908325364508,1.4980290445880562,1.0,0.0,1.0,3.9786125189184256
sc_1886347_0680,26858,0,0.0,0.38307316765436394,0.9999999999999997,3.3306690738754696e-16,1.0,4.10296153759184
sc_1886347_0680,26858,1,0.4332610519299098,0.8771588536534067,0.9999999999999999,1.1102230246251565e-16,1.0,4.10296153759184
sc_1886347_0680,26858,2,1.041474533219362,1.1220832914885295,1.0,0.0,0.9999999999999999,4.10296153759184
sc_1886347_0680,26858,3,1.1494274481728235,1.248361560286643,1.0,0.0,1.0,4.10296153759184
sc_1886347_0680,26858,4,1.2723329590419663,1.30132231556899,1.0,0.0,1.0,4.10296153759184
sc_1886347_0680,26858,5,1.316905952232108,1.4927943997984,1.0000000000000002,2.220446049250313e-16,1.0,4.10296153759184
sc_1886347_0681,26891,0,0.0,0.281128210992585,1.0,0.0,1.0,3.9656972868132874
sc_1886347_0681,26891,1,0.3964571275496902,0.863958962341192,1.0,0.0,1.0,3.9656972868132874
sc_1886347_0681,26891,2,1.0132826863768627,1.1490973198042544,0.9999999999999998,2.220446049250313e-16,1.0,3.9656972868132874
sc_1886347_0681,26891,3,1.1969673197175297,1.2591219803629776,0.9999999999999999,1.1102230246251565e-16,1.0,3.9656972868132874
sc_1886347_0681,26891,4,1.2641940230251745,1.3124043237594054,1.0,0.0,1.0,3.9656972868132874
sc_1886347_0681,26891,5,1.36381857397858,1.480068120975993,0.9999999999999999,1.1102230246251565e-16,1.0,3.9656972868132874
sc_1886347_0682,26924,0,8.881784197001252e-16,0.2100890252530614,0.9999999999999998,2.220446049250313e-16,1.0,3.6443335279260225
sc_1886347_0682,26924,1,0.4657864400816236,0.8574000320136039,1.0,0.0,1.0000000000000002,3.6443335279260225
sc_1886347_0682,26924,2,0.9944684076612456,1.1548501783538123,1.0,0.0,0.9999999999999998,3.6443335279260225
sc_1886347_0682,26924,3,1.2203798414875493,1.2619773915920456,1.0,0.0,1.0,3.6443335279260225
sc_1886347_0682,26924,4,1.279805715207887,1.3258926941300877,1.0,0.0,1.0,3.6443335279260225
sc_1886347_0682,26924,5,1.3528524719292805,1.5486242799929273,1.0,0.0,1.0,3.6443335279260225
sc_1886347_0683,26956,0,2.220446049250313e-16,0.2521923054278745,0.9999999999999999,1.1102230246251565e-16,1.0,3.7793281137919457
sc_1886347_0683,26956,1,0.5735108568239466,0.8315327490244951,0.9999999999999999,1.1102230246251565e-16,1.0,3.7793281137919457
sc_1886347_0683,26956,2,0.8559716250745912,1.1775222660062212,1.0,0.0,1.0,3.7793281137919457
sc_1886347_0683,26956,3,1.196608644917517,1.2794085155963228,0.9999999999999999,1.1102230246251565e-16,1.0,3.7793281137919457
sc_1886347_0683,26956,4,1.2819927208384256,1.345686756533623,0.9999999999999999,1.1102230246251565e-16,1.0,3.7793281137919457
sc_1886347_0683,26956,5,1.3604146566927149,1.5239463188340914,0.9999999999999999,1.1102230246251565e-16,1.0,3.7793281137919457
sc_1886347_0684,26989,0,6.661338147750939e-16,0.2717313718444663,0.9999999999999999,1.1102230246251565e-16,1.0,3.9385026876354785
sc_1886347_0684,26989,1,0.5399874781587295,0.723181458993306,0.9999999999999999,1.1102230246251565e-16,0.9999999999999998,3.9385026876354785
sc_1886347_0684,26989,2,0.9645231589197166,1.1622088221634834,1.0,0.0,0.9999999999999999,3.9385026876354785
sc_1886347_0684,26989,3,1.183785332602763,1.263233389157045,1.0,0.0,1.0,3.9385026876354785
sc_1886347_0684,26989,4,1.28511806323394,1.3202111095303015,0.9999999999999999,1.1102230246251565e-16,1.0,3.9385026876354785
sc_1886347_0684,26989,5,1.3919774129441536,1.4920402436981275,0.9999999999999998,2.220446049250313e-16,1.0,3.9385026876354785
sc_1886347_0685,27022,0,8.881784197001252e-16,0.25441062436112793,1.0,0.0,1.0,3.7787699588753263
sc_1886347_0685,27022,1,0.5032210661008798,0.8665279619435023,1.0,0.0,1.0,3.7787699588753263
sc_1886347_0685,27022,2,0.9653775569835509,1.1338944123695156,0.9999999999999999,1.1102230246251565e-16,1.0,3.7787699588753263
sc_1886347_0685,27022,3,1.1481159490474901,1.266071108832995,0.9999999999999997,3.3306690738754696e-16,1.0,3.7787699588753263
sc_1886347_0685,27022,4,1.2843573537135984,1.3223780687492266,1.0,0.0,1.0,3.7787699588753263
sc_1886347_0685,27022,5,1.3653005617732035,1.506718400972837,1.0,0.0,1.0,3.7787699588753263
sc_1886347_0686,27054,0,4.440892098500626e-16,0.2718509984408959,1.0,0.0,1.0,4.03471194682119
sc_1886347_0686,27054,1,0.5465946776531778,0.8646829873714912,1.0000000000000002,2.220446049250313e-16,1.0,4.03471194682119
sc_1886347_0686,27054,2,0.991061510081287,1.1555234195353004,1.0,0.0,1.0,4.03471194682119
sc_1886347_0686,27054,3,1.191807304043398,1.2382822773038538,1.0,0.0,1.0,4.03471194682119
sc_1886347_0686,27054,4,1.2618553960346335,1.308717980617607,0.9999999999999999,1.1102230246251565e-16,1.0,4.03471194682119
sc_1886347_0686,27054,5,1.3160184985862424,1.496675668368053,0.9999999999999999,1.1102230246251565e-16,1.0,4.03471194682119
sc_1886347_0687,27087,0,6.661338147750939e-16,0.22112785982750216,0.9999999999999998,2.220446049250313e-16,1.0,3.8431007545667955
sc_1886347_0687,27087,1,0.5496252968146179,0.8215920209212186,1.0,0.0,0.9999999999999999,3.8431007545667955
sc_1886347_0687,27087,2,0.9924843518103824,1.1555230571008914,0.9999999999999999,1.1102230246251565e-16,1.0,3.8431007545667955
sc_1886347_0687,27087,3,1.2087876369718842,1.2859312616755667,1.0,0.0,1.0,3.8431007545667955
sc_1886347_0687,27087,4,1.2947643178541968,1.3257767343036952,0.9999999999999998,2.220446049250313e-16,1.0,3.8431007545667955
sc_1886347_0687,27087,5,1.3452586961587598,1.464279006614051,1.0,0.0,1.0,3.8431007545667955
sc_1886347_0688,27120,0,4.440892098500626e-16,0.2643949498624232,0.9999999999999999,1.1102230246251565e-16,1.0,3.884251865492961
sc_1886347_0688,27120,1,0.43895960405946655,0.8637005460660101,1.0,0.0,1.0,3.884251865492961
sc_1886347_0688,27120,2,0.9843401856257381,1.1473809990451995,1.0,0.0,0.9999999999999999,3.884251865492961
sc_1886347_0688,27120,3,1.1813076718487134,1.264492029515379,1.0,0.0,1.0,3.884251865492961
sc_1886347_0688,27120,4,1.2786692105770496,1.3463202750466543,0.9999999999999999,1.1102230246251565e-16,1.0,3.884251865492961
sc_1886347_0688,27120,5,1.3562518046593268,1.4629488256477707,1.0,0.0,1.0,3.884251865492961
sc_1886347_0689,27153,0,1.1102230246251565e-15,0.19946803421941062,0.9999999999999999,1.1102230246251565e-16,1.0,3.6331337512091535
sc_1886347_0689,27153,1,0.449887511014355,0.8286498913604515,0.9999999999999999,1.1102230246251565e-16,1.0,3.6331337512091535
sc_1886347_0689,27153,2,0.9707110109341349,1.1900387392589584,0.9999999999999999,1.1102230246251565e-16,1.0,3.6331337512091535
sc_1886347_0689,27153,3,1.2360277027319864,1.2615296500245696,1.0,0.0,1.0,3.6331337512091535
sc_1886347_0689,27153,4,1.2649820755354813,1.3098010201386363,1.0,0.0,1.0,3.6331337512091535
sc_1886347_0689,27153,5,1.3574179791527925,1.5274219310720993,0.9999999999999999,1.1102230246251565e-16,1.0,3.6331337512091535
sc_1886347_0690,27185,0,4.440892098500626e-16,0.22934059100399917,1.0,0.0,1.0,3.586181283817416
sc_1886347_0690,27185,1,0.45044479831316875,0.8099556272755928,1.0,0.0,1.0,3.586181283817416
sc_1886347_0690,27185,2,0.9448714369697655,1.1556472831498663,0.9999999999999998,2.220446049250313e-16,1.0,3.586181283817416
sc_1886347_0690,27185,3,1.1876636803064096,1.2693862678155639,0.9999999999999999,1.1102230246251565e-16,1.0,3.586181283817416
sc_1886347_0690,27185,4,1.3021524309688866,1.3633820885722159,1.0,0.0,1.0,3.586181283817416
sc_1886347_0690,27185,5,1.3740924868042281,1.5387558684274556,1.0,0.0,1.0,3.586181283817416
sc_1886347_0691,27218,0,2.220446049250313e-16,0.24057173922772823,0.9999999999999998,2.220446049250313e-16,1.0,3.7985603508895958
sc_1886347_0691,27218,1,0.5780323470827118,0.8476885641383174,1.0,0.0,1.0,3.7985603508895958
sc_1886347_0691,27218,2,0.9564371015691876,1.106727694953856,0.9999999999999999,1.1102230246251565e-16,1.0000000000000002,3.7985603508895958
sc_1886347_0691,27218,3,1.1614059031142216,1.271406398924657,0.9999999999999998,2.220446049250313e-16,1.0,3.7985603508895958
sc_1886347_0691,27218,4,1.2867806551708905,1.348499340199339,1.0,0.0,1.0,3.7985603508895958
sc_1886347_0691,27218,5,1.3608832299601885,1.5328870450509857,0.9999999999999999,1.1102230246251565e-16,1.0,3.7985603508895958
sc_1886347_0692,27251,0,0.0,0.20399768168661803,1.0,0.0,1.0,3.6292085141307355
sc_1886347_0692,27251,1,0.5741236610976863,0.8346428054658577,0.9999999999999999,1.1102230246251565e-16,1.0,3.6292085141307355
sc_1886347_0692,27251,2,0.8566419055492265,1.1438738037314657,1.0000000000000002,2.220446049250313e-16,1.0,3.6292085141307355
sc_1886347_0692,27251,3,1.2174754820752904,1.2511087471857518,1.0,0.0,1.0,3.6292085141307355
sc_1886347_0692,27251,4,1.319630279268431,1.3567363031473543,1.0,0.0,1.0,3.6292085141307355
sc_1886347_0692,27251,5,1.3895774122001807,1.4904295063189301,0.9999999999999998,2.220446049250313e-16,1.0,3.6292085141307355
sc_1886347_0693,27283,0,6.661338147750939e-16,0.21832166172674583,1.0,0.0,1.0,3.9065936809231103
sc_1886347_0693,27283,1,0.5836309924462273,0.844242290404613,1.0,0.0,1.0000000000000002,3.9065936809231103
sc_1886347_0693,27283,2,0.8916818423462062,1.1444778241662354,1.0,0.0,1.0,3.9065936809231103
sc_1886347_0693,27283,3,1.1864279795183685,1.2420650541068388,1.0,0.0,1.0,3.9065936809231103
sc_1886347_0693,27283,4,1.2798154310502787,1.3066012075924516,1.0,0.0,0.9999999999999998,3.9065936809231103
sc_1886347_0693,27283,5,1.354691102948073,1.4992618504194208,0.9999999999999999,1.1102230246251565e-16,1.0,3.9065936809231103
sc_1886347_0694,27316,0,-2.220446049250313e-16,0.18011003535767856,1.0,0.0,1.0,4.054468249757783
sc_1886347_0694,27316,1,0.6106076743006917,0.8474008314444443,1.0,0.0,1.0,4.054468249757783
sc_1886347_0694,27316,2,0.9674511602531927,1.1207093111347788,0.9999999999999999,1.1102230246251565e-16,1.0,4.054468249757783
sc_1886347_0694,27316,3,1.1707849791713258,1.227299976944752,1.0,0.0,1.0,4.054468249757783
sc_1886347_0694,27316,4,1.2568845564321387,1.3206498964706133,0.9999999999999999,1.1102230246251565e-16,0.9999999999999999,4.054468249757783
sc_1886347_0694,27316,5,1.3464316969708825,1.5002657874858607,1.0,0.0,1.0,4.054468249757783
sc_1886347_0695,27349,0,-8.881784197001252e-16,0.2719804009476019,0.9999999999999999,1.1102230246251565e-16,1.0,3.974532678598126
sc_1886347_0695,27349,1,0.6500669330888985,0.7643080557367078,0.9999999999999998,2.220446049250313e-16,1.0,3.974532678598126
sc_1886347_0695,27349,2,1.000008702823886,1.1513971558476308,1.0,0.0,1.0,3.974532678598126
sc_1886347_0695,27349,3,1.1906933972321505,1.2293130211691277,0.9999999999999999,1.1102230246251565e-16,1.0,3.974532678598126
sc_1886347_0695,27349,4,1.2383192420124596,1.3006538742134288,1.0,0.0,1.0,3.974532678598126
sc_1886347_0695,27349,5,1.3567063646453337,1.5015834047263528,0.9999999999999999,1.1102230246251565e-16,1.0,3.974532678598126
sc_1886347_0696,27381,0,-2.220446049250313e-16,0.23453519314531768,0.9999999999999999,1.1102230246251565e-16,1.0,4.04578145057039
sc_1886347_0696,27381,1,0.6362663751408529,0.954960812031324,0.9999999999999999,1.1102230246251565e-16,1.0,4.04578145057039
sc_1886347_0696,27381,2,0.9882718218944873,1.117516785112771,1.0,0.0,1.0000000000000002,4.04578145057039
sc_1886347_0696,27381,3,1.1480496362030599,1.2477975663650174,0.9999999999999998,2.220446049250313e-16,1.0,4.04578145057039
sc_1886347_0696,27381,4,1.2768154160159235,1.3157093382392056,0.9999999999999999,1.1102230246251565e-16,1.0,4.04578145057039
sc_1886347_0696,27381,5,1.378104064877478,1.4512679485811801,1.0,0.0,1.0,4.04578145057039
sc_1886347_0697,27414,0,4.440892098500626e-16,0.2493275781599369,1.0,0.0,1.0,4.0303063124960605
sc_1886347_0697,27414,1,0.5828649949493755,0.950864199753864,0.9999999999999998,2.220446049250313e-16,1.0000000000000002,4.0303063124960605
sc_1886347_0697,27414,2,1.0349234804647178,1.1244573322359375,0.9999999999999999,1.1102230246251565e-16,1.0000000000000002,4.0303063124960605
sc_1886347_0697,27414,3,1.1442333685371249,1.2364185033641464,0.9999999999999999,1.1102230246251565e-16,1.0,4.0303063124960605
sc_1886347_0697,27414,4,1.259813413611132,1.3131847976189375,1.0000000000000002,2.220446049250313e-16,0.9999999999999999,4.0303063124960605
sc_1886347_0697,27414,5,1.3586934258223975,1.437445803556084,1.0,0.0,1.0,4.0303063124960605
sc_1886347_0698,27447,0,2.220446049250313e-16,0.2658880690999623,0.9999999999999999,1.1102230246251565e-16,1.0,3.925540106045749
sc_1886347_0698,27447,1,0.5939885688322852,0.9089196393062503,1.0,0.0,1.0,3.925540106045749
sc_1886347_0698,27447,2,0.9285862807431235,1.1595301167261045,1.0,0.0,1.0,3.925540106045749
sc_1886347_0698,27447,3,1.204457689307862,1.2182649732485864,0.9999999999999999,1.1102230246251565e-16,1.0,3.925540106045749
sc_1886347_0698,27447,4,1.2446120320825584,1.332441593375091,1.0,0.0,1.0000000000000002,3.925540106045749
sc_1886347_0698,27447,5,1.379552534632529,1.4721923852440186,1.0,0.0,1.0,3.925540106045749
sc_1886347_0699,27479,0,6.661338147750939e-16,0.36596647455294473,0.9999999999999999,1.1102230246251565e-16,1.0,4.161570120209008
sc_1886347_0699,27479,1,0.5654425602104498,0.8202816381319407,1.0,0.0,0.9999999999999999,4.161570120209008
sc_1886347_0699,27479,2,1.0225636614961622,1.1180171549059872,1.0,0.0,1.0,4.161570120209008
sc_1886347_0699,27479,3,1.1651890741815993,1.2507497649057746,1.0,0.0,1.0,4.161570120209008
sc_1886347_0699,27479,4,1.2626890322060051,1.31670092712727,0.9999999999999999,1.1102230246251565e-16,1.0,4.161570120209008
sc_1886347_0699,27479,5,1.3546024683325983,1.4644263642357187,0.9999999999999999,1.1102230246251565e-16,1.0,4.161570120209008
sc_1886347_0700,27512,0,8.881784197001252e-16,0.31465216188754264,1.0,0.0,1.0,4.0466670241647975
sc_1886347_0700,27512,1,0.6274040725948035,0.8833953379788946,1.0,0.0,1.0,4.0466670241647975
sc_1886347_0700,27512,2,0.9049487312054446,1.156920659917195,0.9999999999999999,1.1102230246251565e-16,1.0000000000000002,4.0466670241647975
sc_1886347_0700,27512,3,1.1825732713550936,1.219879680314242,1.0,0.0,1.0,4.0466670241647975
sc_1886347_0700,27512,4,1.2572035675961084,1.3295848218560018,1.0,0.0,1.0,4.0466670241647975
sc_1886347_0700,27512,5,1.3470624467608157,1.5018703765273895,1.0,0.0,1.0,4.0466670241647975
sc_1886347_0701,27545,0,8.881784197001252e-16,0.3882503270571074,1.0,0.0,1.0,4.065684310346365
sc_1886347_0701,27545,1,0.5960823448097299,0.8436085395263581,0.9999999999999999,1.1102230246251565e-16,1.0,4.065684310346365
sc_1886347_0701,27545,2,0.9661410573440835,1.1575636481217981,1.0,0.0,1.0000000000000002,4.065684310346365
sc_1886347_0701,27545,3,1.2000262528049257,1.234482688625615,1.0,0.0,1.0,4.065684310346365
sc_1886347_0701,27545,4,1.2869937214899099,1.305948638997552,0.9999999999999999,1.1102230246251565e-16,1.0,4.065684310346365
sc_1886347_0701,27545,5,1.3382413461036131,1.474326698199228,0.9999999999999998,2.220446049250313e-16,1.0,4.065684310346365
sc_1886347_0702,27578,0,1.1102230246251565e-15,0.35538595942701257,1.0,0.0,1.0,3.987660601561179
sc_1886347_0702,27578,1,0.4449215489956244,0.9188570394124278,1.0,0.0,0.9999999999999998,3.987660601561179
sc_1886347_0702,27578,2,1.0020352351999962,1.137217256194274,0.9999999999999999,1.1102230246251565e-16,1.0,3.987660601561179
sc_1886347_0702,27578,3,1.1491740710595453,1.2245863821929142,1.0,0.0,1.0,3.987660601561179
sc_1886347_0702,27578,4,1.2686004936929418,1.3394872748281164,1.0,0.0,1.0000000000000002,3.987660601561179
sc_1886347_0702,27578,5,1.3580438224546991,1.4757952444149995,1.0,0.0,1.0,3.987660601561179
sc_1886347_0703,27610,0,4.440892098500626e-16,0.38827582680868233,1.0,0.0,1.0,4.060405534778189
sc_1886347_0703,27610,1,0.5145799082540711,0.9139652857168247,1.0,0.0,1.0,4.060405534778189
sc_1886347_0703,27610,2,1.0098858488672455,1.1345367258443737,1.0,0.0,1.0,4.060405534778189
sc_1886347_0703,27610,3,1.2017905696306042,1.2231617224194107,0.9999999999999999,1.1102230246251565e-16,1.0,4.060405534778189
sc_1886347_0703,27610,4,1.2374824668001336,1.3157659404687052,1.0,0.0,1.0000000000000002,4.060405534778189
sc_1886347_0703,27610,5,1.338495892417685,1.4919769488903178,0.9999999999999999,1.1102230246251565e-16,1.0,4.060405534778189
sc_1886347_0704,27643,0,2.220446049250313e-16,0.45959485644033093,0.9999999999999999,1.1102230246251565e-16,1.0,3.9575987446460106
sc_1886347_0704,27643,1,0.5721050481108958,0.8772769125373213,1.0,0.0,1.0,3.9575987446460106
sc_1886347_0704,27643,2,0.9530694149587212,1.0869533988831332,0.9999999999999999,1.1102230246251565e-16,1.0,3.9575987446460106
sc_1886347_0704,27643,3,1.167765392681664,1.2289288181988942,1.0,0.0,1.0,3.9575987446460106
sc_1886347_0704,27643,4,1.2378195602426012,1.318126543892415,0.9999999999999999,1.1102230246251565e-16,1.0,3.9575987446460106
sc_1886347_0704,27643,5,1.37570165590279,1.5387267716013162,0.9999999999999999,1.1102230246251565e-16,1.0,3.9575987446460106
sc_1886347_0705,27676,0,4.440892098500626e-16,0.44250847296877827,1.0,0.0,1.0,4.119901457566279
sc_1886347_0705,27676,1,0.6253712088300192,0.8489563752796981,1.0,0.0,1.0,4.119901457566279
sc_1886347_0705,27676,2,0.9653929724587715,1.1287459484476066,1.0000000000000002,2.220446049250313e-16,1.0,4.119901457566279
sc_1886347_0705,27676,3,1.156110521876023,1.2006147238982716,0.9999999999999999,1.1102230246251565e-16,1.0,4.119901457566279
sc_1886347_0705,27676,4,1.2510155728812011,1.297932113509997,1.0,0.0,1.0,4.119901457566279
sc_1886347_0705,27676,5,1.3115759514827345,1.5271276695415246,1.0,0.0,1.0,4.119901457566279
sc_1886347_0706,27708,0,0.0,0.3688323568066827,0.9999999999999999,1.1102230246251565e-16,1.0,4.035978064595411
sc_1886347_0706,27708,1,0.6007873931591499,0.8672235550324376,0.9999999999999998,2.220446049250313e-16,1.0,4.035978064595411
sc_1886347_0706,27708,2,0.935900060656101,1.1353225000954845,1.0,0.0,1.0,4.035978064595411
sc_1886347_0706,27708,3,1.1787152975801414,1.2308949569681706,1.0,0.0,1.0,4.035978064595411
sc_1886347_0706,27708,4,1.2399349061605096,1.2946967433651722,1.0,0.0,1.0,4.035978064595411
sc_1886347_0706,27708,5,1.3650317206186002,1.496150723634852,1.0,0.0,1.0,4.035978064595411
sc_1886347_0707,27741,0,2.220446049250313e-16,0.34909475890750485,0.9999999999999999,1.1102230246251565e-16,1.0,3.9452412067798974
sc_1886347_0707,27741,1,0.5815048500716826,0.9001252466053149,1.0,0.0,1.0,3.9452412067798974
sc_1886347_0707,27741,2,0.9075232106999352,1.1429647697537568,0.9999999999999998,2.220446049250313e-16,1.0,3.9452412067798974
sc_1886347_0707,27741,3,1.1717687505127525,1.2306056870300344,0.9999999999999999,1.1102230246251565e-16,1.0,3.9452412067798974
sc_1886347_0707,27741,4,1.2390021098313164,1.2882719527499278,0.9999999999999999,1.1102230246251565e-16,1.0000000000000002,3.9452412067798974
sc_1886347_0707,27741,5,1.3937367841999135,1.4867306609398212,1.0,0.0,1.0,3.9452412067798974
sc_1886347_0708,27774,0,2.220446049250313e-16,0.3466253853237804,0.9999999999999999,1.1102230246251565e-16,1.0,3.7976685704802007
sc_1886347_0708,27774,1,0.5779538322217772,0.8483130266463846,1.0,0.0,1.0,3.7976685704802007
sc_1886347_0708,27774,2,0.9433673098026822,1.1424160404823116,0.9999999999999999,1.1102230246251565e-16,1.0,3.7976685704802007
sc_1886347_0708,27774,3,1.1536315012398555,1.216969189428157,1.0,0.0,1.0,3.7976685704802007
sc_1886347_0708,27774,4,1.2217219720814319,1.3133731540709355,0.9999999999999999,1.1102230246251565e-16,1.0,3.7976685704802007
sc_1886347_0708,27774,5,1.3602067975287742,1.4948178417306348,0.9999999999999998,2.220446049250313e-16,1.0,3.7976685704802007
sc_1886347_0709,27816,0,1.1102230246251565e-15,0.3342579304518041,0.9999999999999999,1.1102230246251565e-16,1.0,4.021052186449516
sc_1886347_0709,27816,1,0.5658069386274249,0.8184997007033497,1.0,0.0,1.0,4.021052186449516
sc_1886347_0709,27816,2,1.0068216633021838,1.1381471158204413,0.9999999999999998,2.220446049250313e-16,1.0,4.021052186449516
sc_1886347_0709,27816,3,1.1861757246119673,1.2281064625378357,1.0,0.0,1.0,4.021052186449516
sc_1886347_0709,27816,4,1.252216357068241,1.3235747056021188,1.0,0.0,1.0,4.021052186449516
sc_1886347_0709,27816,5,1.3453731194109715,1.469142221440974,0.9999999999999999,1.1102230246251565e-16,1.0,4.021052186449516
sc_1886347_0710,27849,0,4.440892098500626e-16,0.22225565386679746,1.0000000000000002,2.220446049250313e-16,1.0,3.8743477357893936
sc_1886347_0710,27849,1,0.47339219057948856,0.8474245285953038,1.0,0.0,1.0,3.8743477357893936
sc_1886347_0710,27849,2,0.9718332980878543,1.1384316936676497,1.0,0.0,1.0000000000000002,3.8743477357893936
sc_1886347_0710,27849,3,1.1598308232322059,1.2296583168684239,1.0,0.0,1.0,3.8743477357893936
sc_1886347_0710,27849,4,1.2661069665069982,1.3630905406045768,1.0,0.0,1.0000000000000002,3.8743477357893936
sc_1886347_0710,27849,5,1.3681721211648987,1.4527661158686733,1.0,0.0,1.0,3.8743477357893936
sc_1886347_0711,27882,0,2.220446049250313e-16,0.22440860208556823,1.0,0.0,1.0,3.917498625993656
sc_1886347_0711,27882,1,0.527708520772523,0.892387216702745,0.9999999999999999,1.1102230246251565e-16,0.9999999999999999,3.917498625993656
sc_1886347_0711,27882,2,1.0117404574107889,1.1364323222107824,1.0000000000000002,2.220446049250313e-16,1.0,3.917498625993656
sc_1886347_0711,27882,3,1.179625441257052,1.2140504169700126,1.0,0.0,1.0,3.917498625993656
sc_1886347_0711,27882,4,1.2474415771565355,1.338369868067314,0.9999999999999999,1.1102230246251565e-16,1.0,3.917498625993656
sc_1886347_0711,27882,5,1.3507782910770612,1.465340504802066,1.0000000000000002,2.220446049250313e-16,1.0,3.917498625993656
sc_1886347_0712,27915,0,2.220446049250313e-16,0.3241701770891827,1.0,0.0,1.0,3.9936626929061902
sc_1886347_0712,27915,1,0.5626622238005192,0.8377497970240777,0.9999999999999999,1.1102230246251565e-16,1.0,3.9936626929061902
sc_1886347_0712,27915,2,0.9600030970581289,1.1052451729594104,0.9999999999999999,1.1102230246251565e-16,1.0,3.9936626929061902
sc_1886347_0712,27915,3,1.1437339947259573,1.2202834639698585,0.9999999999999999,1.1102230246251565e-16,1.0,3.9936626929061902
sc_1886347_0712,27915,4,1.2565994063460744,1.3534145840909708,1.0,0.0,1.0,3.9936626929061902
sc_1886347_0712,27915,5,1.3694702216074908,1.4827419633734646,0.9999999999999999,1.1102230246251565e-16,1.0,3.9936626929061902
sc_1886347_0713,27947,0,6.661338147750939e-16,0.2745051506643774,1.0,0.0,1.0,3.888956340968593
sc_1886347_0713,27947,1,0.5437148963679008,0.9275856754345867,1.0,0.0,1.0,3.888956340968593
sc_1886347_0713,27947,2,0.9560509300840849,1.135253809040389,1.0,0.0,1.0,3.888956340968593
sc_1886347_0713,27947,3,1.1526815464557578,1.2286422705976023,0.9999999999999999,1.1102230246251565e-16,1.0,3.888956340968593
sc_1886347_0713,27947,4,1.3043139302601958,1.330686205691749,1.0,0.0,1.0,3.888956340968593
sc_1886347_0713,27947,5,1.3577332691008912,1.5071318544228656,0.9999999999999999,1.1102230246251565e-16,1.0,3.888956340968593
sc_1886347_0714,27980,0,2.220446049250313e-16,0.22626903758211592,1.0,0.0,1.0,3.951609073154382
sc_1886347_0714,27980,1,0.5328488285726084,0.7902608495559376,0.9999999999999999,1.1102230246251565e-16,1.0000000000000002,3.951609073154382
sc_1886347_0714,27980,2,0.9378641051255922,1.15607536166036,1.0000000000000002,2.220446049250313e-16,0.9999999999999998,3.951609073154382
sc_1886347_0714,27980,3,1.1976327959320976,1.2474692887415408,0.9999999999999999,1.1102230246251565e-16,1.0,3.951609073154382
sc_1886347_0714,27980,4,1.2700822333437058,1.3023688197486207,0.9999999999999999,1.1102230246251565e-16,1.0,3.951609073154382
sc_1886347_0714,27980,5,1.374201931920766,1.5147337952200914,0.9999999999999999,1.1102230246251565e-16,1.0,3.951609073154382
sc_1886347_0715,28013,0,8.881784197001252e-16,0.24290074938373074,1.0000000000000002,2.220446049250313e-16,1.0,4.007751563354402
sc_1886347_0715,28013,1,0.5750026199983062,0.9125828825228885,1.0,0.0,1.0,4.007751563354402
sc_1886347_0715,28013,2,0.9902944112667422,1.162687801070649,1.0,0.0,1.0,4.007751563354402
sc_1886347_0715,28013,3,1.1781450299584162,1.225965830094899,0.9999999999999999,1.1102230246251565e-16,1.0,4.007751563354402
sc_1886347_0715,28013,4,1.2372510282391962,1.3227190567960314,0.9999999999999999,1.1102230246251565e-16,1.0,4.007751563354402
sc_1886347_0715,28013,5,1.369343619105922,1.497386043132977,1.0,0.0,1.0,4.007751563354402
sc_1886347_0716,28045,0,4.440892098500626e-16,0.25086475922570983,1.0,0.0,1.0,3.8782748718141646
sc_1886347_0716,28045,1,0.3673756345740997,0.8130643609953477,1.0,0.0,1.0,3.8782748718141646
sc_1886347_0716,28045,2,0.9911943165191235,1.2138542024978953,1.0,0.0,1.0,3.8782748718141646
sc_1886347_0716,28045,3,1.2263103251195766,1.2476207215199717,0.9999999999999999,1.1102230246251565e-16,1.0,3.8782748718141646
sc_1886347_0716,28045,4,1.2568074778299538,1.3175005069567283,1.0000000000000002,2.220446049250313e-16,1.0,3.8782748718141646
sc_1886347_0716,28045,5,1.3447996037395353,1.4819779343741688,1.0000000000000002,2.220446049250313e-16,1.0,3.8782748718141646
sc_1886347_0717,28078,0,0.0,0.26618485617937315,1.0,0.0,1.0,3.8586278125138627
sc_1886347_0717,28078,1,0.6085578968859567,0.8872199842930639,1.0000000000000002,2.220446049250313e-16,1.0,3.8586278125138627
sc_1886347_0717,28078,2,0.9190960107410775,1.101066932042516,0.9999999999999998,2.220446049250313e-16,1.0000000000000002,3.8586278125138627
sc_1886347_0717,28078,3,1.1867847378219651,1.2680234444581213,1.0,0.0,1.0,3.8586278125138627
sc_1886347_0717,28078,4,1.2883051009382687,1.3223167812744752,0.9999999999999999,1.1102230246251565e-16,1.0,3.8586278125138627
sc_1886347_0717,28078,5,1.3465821054910996,1.4927958731393955,0.9999999999999999,1.1102230246251565e-16,1.0,3.8586278125138627
sc_1886347_0718,28111,0,2.220446049250313e-16,0.27321910118547543,1.0,0.0,1.0,4.063242351113582
sc_1886347_0718,28111,1,0.4584766863399885,0.9597010617525983,1.0000000000000002,2.220446049250313e-16,0.9999999999999999,4.063242351113582
sc_1886347_0718,28111,2,0.9933057165084285,1.1464178961142104,1.0,0.0,1.0,4.063242351113582
sc_1886347_0718,28111,3,1.170718007195441,1.2072754778620864,1.0000000000000002,2.220446049250313e-16,1.0,4.063242351113582
sc_1886347_0718,28111,4,1.298671493427185,1.3362439026700472,1.0,0.0,1.0,4.063242351113582
sc_1886347_0718,28111,5,1.3658171442366798,1.4586315602005575,0.9999999999999999,1.1102230246251565e-16,1.0,4.063242351113582
sc_1886347_0719,28143,0,0.0,0.26821877338344513,0.9999999999999998,2.220446049250313e-16,1.0,3.7841596844158047
sc_1886347_0719,28143,1,0.4620525126358084,0.8112301103351099,1.0,0.0,1.0,3.7841596844158047
sc_1886347_0719,28143,2,1.020585439455665,1.1542999730734014,0.9999999999999998,2.220446049250313e-16,1.0,3.7841596844158047
sc_1886347_0719,28143,3,1.224444816849604,1.2555909355925456,1.0,0.0,1.0,3.7841596844158047
sc_1886347_0719,28143,4,1.261179491036288,1.3198446287206058,1.0,0.0,1.0,3.7841596844158047
sc_1886347_0719,28143,5,1.3336555101015684,1.5035847213972544,0.9999999999999999,1.1102230246251565e-16,1.0,3.7841596844158047
sc_1886347_0720,28176,0,4.440892098500626e-16,0.2653095681982911,1.0,0.0,1.0,4.0061767962771535
sc_1886347_0720,28176,1,0.37758044450828776,0.9018054915698914,1.0,0.0,1.0,4.0061767962771535
sc_1886347_0720,28176,2,0.9904268479307287,1.152227913266858,1.0,0.0,1.0,4.0061767962771535
sc_1886347_0720,28176,3,1.2222695071018654,1.2689862368408122,0.9999999999999999,1.1102230246251565e-16,1.0,4.0061767962771535
sc_1886347_0720,28176,4,1.28394296558923,1.3054959001791708,1.0,0.0,0.9999999999999999,4.0061767962771535
sc_1886347_0720,28176,5,1.3566011313107573,1.4648233002618967,0.9999999999999999,1.1102230246251565e-16,1.0,4.0061767962771535
sc_1886347_0721,28209,0,2.220446049250313e-16,0.22389981570966544,1.0,0.0,1.0,4.2641035856331175
sc_1886347_0721,28209,1,0.5680835230110158,0.8561678059187734,1.0,0.0,1.0,4.2641035856331175
sc_1886347_0721,28209,2,0.971324074184587,1.1149101875519172,0.9999999999999999,1.1102230246251565e-16,1.0,4.2641035856331175
sc_1886347_0721,28209,3,1.1758143709761226,1.2521763759814222,1.0000000000000002,2.220446049250313e-16,1.0,4.2641035856331175
sc_1886347_0721,28209,4,1.260588192768678,1.3483047636464505,1.0,0.0,1.0,4.2641035856331175
sc_1886347_0721,28209,5,1.3628453594294965,1.458149419118467,1.0,0.0,1.0,4.2641035856331175
sc_1886347_0722,28242,0,1.1102230246251565e-15,0.24936011774602584,1.0,0.0,1.0,4.332544833537125
sc_1886347_0722,28242,1,0.5653429437851405,0.9203430339268448,0.9999999999999999,1.1102230246251565e-16,1.0,4.332544833537125
sc_1886347_0722,28242,2,1.0044952019051403,1.120099917797484,0.9999999999999999,1.1102230246251565e-16,1.0000000000000002,4.332544833537125
sc_1886347_0722,28242,3,1.1372287901247777,1.2134394631706673,1.0000000000000002,2.220446049250313e-16,1.0,4.332544833537125
sc_1886347_0722,28242,4,1.273914767096969,1.3264955988840073,1.0,0.0,1.0000000000000002,4.332544833537125
sc_1886347_0722,28242,5,1.3574439474054691,1.4866556355589429,1.0,0.0,1.0,4.332544833537125
sc_1886347_0723,28274,0,6.661338147750939e-16,0.20017352957221268,1.0,0.0,1.0,4.227940125723334
sc_1886347_0723,28274,1,0.6830518060970973,0.8914754108299783,1.0,0.0,1.0,4.227940125723334
sc_1886347_0723,28274,2,0.9957161126856395,1.1340360062847485,1.0,0.0,1.0,4.227940125723334
sc_1886347_0723,28274,3,1.1624728064013603,1.268922515004921,0.9999999999999997,3.3306690738754696e-16,1.0,4.227940125723334
sc_1886347_0723,28274,4,1.2838309443894245,1.3180137663948899,1.0000000000000002,2.220446049250313e-16,1.0,4.227940125723334
sc_1886347_0723,28274,5,1.3529336877188136,1.471239796389296,0.9999999999999999,1.1102230246251565e-16,1.0,4.227940125723334
sc_1886347_0724,28471,0,-5.863077203938272e-17,0.3118079770009369,0.9999999999999999,1.1102230246251565e-16,1.0,3.7447474458207894
sc_1886347_0724,28471,1,0.37286201579346767,0.8404184483592964,1.0,0.0,1.0000000000000002,3.7447474458207894
sc_1886347_0724,28471,2,0.9828409153307069,1.0699337900503645,1.0,0.0,0.9999999999999999,3.7447474458207894
sc_1886347_0724,28471,3,1.1546890242713772,1.2158507149470217,0.9999999999999998,2.220446049250313e-16,1.0,3.7447474458207894
sc_1886347_0724,28471,4,1.2882575384245467,1.328507557324472,0.9999999999999998,2.220446049250313e-16,1.0,3.7447474458207894
sc_1886347_0724,28471,5,1.3611976854161116,1.9394570812864753,1.0000000000000002,2.220446049250313e-16,1.0,3.7447474458207894
sc_1886347_0725,28504,0,-4.525862973238734e-17,0.17458957495988092,0.9999999999999998,2.220446049250313e-16,1.0,3.7298130651339827
sc_1886347_0725,28504,1,0.531957411941099,0.9395207339497127,1.0,0.0,1.0,3.7298130651339827
sc_1886347_0725,28504,2,0.9999999999999591,1.0503440669703503,0.9999999999999999,1.1102230246251565e-16,1.0,3.7298130651339827
sc_1886347_0725,28504,3,1.1138664848450102,1.1750751578541285,1.0,0.0,1.0,3.7298130651339827
sc_1886347_0725,28504,4,1.233320730384552,1.2794910606420649,1.0000000000000002,2.220446049250313e-16,1.0,3.7298130651339827
sc_1886347_0725,28504,5,1.336993605733077,1.991628574858729,1.0,0.0,1.0,3.7298130651339827
sc_1886347_0726,28536,0,0.0,0.389231201071085,0.9999999999999998,2.220446049250313e-16,1.0,3.805800653273922
sc_1886347_0726,28536,1,0.5582976331564868,0.9099914776864325,0.9999999999999999,1.1102230246251565e-16,1.0,3.805800653273922
sc_1886347_0726,28536,2,0.9715897100211146,1.0944235381152614,1.0,0.0,1.0,3.805800653273922
sc_1886347_0726,28536,3,1.1100297535643575,1.2084918466594219,1.0,0.0,1.0,3.805800653273922
sc_1886347_0726,28536,4,1.236896085037109,1.3426521085303385,0.9999999999999999,1.1102230246251565e-16,1.0,3.805800653273922
sc_1886347_0726,28536,5,1.3607174952765617,1.6134407702673028,0.9999999999999999,1.1102230246251565e-16,1.0,3.805800653273922
sc_1886347_0727,28569,0,0.0,0.39790669665049716,1.0,0.0,1.0,3.6185050220099
sc_1886347_0727,28569,1,0.7628877223480719,0.9374562764907893,0.9999999999999997,3.3306690738754696e-16,1.0,3.6185050220099
sc_1886347_0727,28569,2,0.9972515099203455,1.1647795682313125,0.9999999999999999,1.1102230246251565e-16,0.9999999999999998,3.6185050220099
sc_1886347_0727,28569,3,1.198723353065161,1.2162358460905762,0.9999999999999998,2.220446049250313e-16,1.0,3.6185050220099
sc_1886347_0727,28569,4,1.2180688728178786,1.2566970253768746,0.9999999999999999,1.1102230246251565e-16,1.0,3.6185050220099
sc_1886347_0727,28569,5,1.2719629084059167,1.4397021212202992,0.9999999999999999,1.1102230246251565e-16,1.0,3.6185050220099
sc_1886347_0728,28602,0,4.440892098500626e-16,0.4638426643967082,1.0,0.0,1.0,3.842227690425625
sc_1886347_0728,28602,1,0.5931748090199038,0.8856304354578829,1.0,0.0,1.0,3.842227690425625
sc_1886347_0728,28602,2,0.9742619231037934,1.1315452708256928,1.0,0.0,1.0,3.842227690425625
sc_1886347_0728,28602,3,1.1473666885593383,1.199974890940764,1.0,0.0,1.0,3.842227690425625
sc_1886347_0728,28602,4,1.2269241164830005,1.310064353288015,1.0,0.0,1.0,3.842227690425625
sc_1886347_0728,28602,5,1.3143981451323103,1.4694439176713283,1.0,0.0,1.0,3.842227690425625
sc_1886347_0729,28634,0,0.0,0.39121214502110413,1.0,0.0,1.0,4.097950836026228
sc_1886347_0729,28634,1,0.5118858377588729,0.8763419607427667,0.9999999999999998,2.220446049250313e-16,1.0,4.097950836026228
sc_1886347_0729,28634,2,0.976270157234684,1.1496928814452363,0.9999999999999999,1.1102230246251565e-16,1.0,4.097950836026228
sc_1886347_0729,28634,3,1.1608958396131968,1.2342090295178827,1.0,0.0,1.0,4.097950836026228
sc_1886347_0729,28634,4,1.2575705079234862,1.3343227077659339,1.0,0.0,1.0,4.097950836026228
sc_1886347_0729,28634,5,1.3595670102134283,1.5182087200239522,0.9999999999999997,3.3306690738754696e-16,1.0,4.097950836026228
sc_1886347_0730,28667,0,2.220446049250313e-16,0.4046852109267025,0.9999999999999999,1.1102230246251565e-16,1.0,4.105994145572992
sc_1886347_0730,28667,1,0.5114223718699705,0.8528534630735775,0.9999999999999999,1.1102230246251565e-16,1.0,4.105994145572992
sc_1886347_0730,28667,2,0.9396285075098154,1.115233926998544,0.9999999999999997,3.3306690738754696e-16,1.0,4.105994145572992
sc_1886347_0730,28667,3,1.1784957701120964,1.247416183062147,1.0,0.0,1.0,4.105994145572992
sc_1886347_0730,28667,4,1.2642910051727105,1.3143444124422343,1.0,0.0,1.0,4.105994145572992
sc_1886347_0730,28667,5,1.3295399272290744,1.4882693303743575,1.0,0.0,1.0,4.105994145572992
sc_1886347_0731,28700,0,-2.220446049250313e-16,0.338093123390508,1.0,0.0,1.0,3.9749417211034723
sc_1886347_0731,28700,1,0.3775528121885643,0.8472449865960718,1.0,0.0,1.0,3.9749417211034723
sc_1886347_0731,28700,2,0.9133638632125086,1.152660114749384,0.9999999999999998,2.220446049250313e-16,1.0,3.9749417211034723
sc_1886347_0731,28700,3,1.1745751066922985,1.2542250666218326,1.0,0.0,1.0,3.9749417211034723
sc_1886347_0731,28700,4,1.279868632309332,1.333522960663854,0.9999999999999999,1.1102230246251565e-16,1.0,3.9749417211034723
sc_1886347_0731,28700,5,1.3448281891226705,1.4712817446159425,0.9999999999999999,1.1102230246251565e-16,1.0,3.9749417211034723
sc_1886347_0732,28732,0,2.220446049250313e-16,0.2765542575685691,1.0,0.0,1.0,3.6631480612311784
sc_1886347_0732,28732,1,0.4062827448794766,0.8122181797377894,0.9999999999999999,1.1102230246251565e-16,1.0,3.6631480612311784
sc_1886347_0732,28732,2,0.8848889341759527,1.1407757124658373,0.9999999999999999,1.1102230246251565e-16,1.0,3.6631480612311784
sc_1886347_0732,28732,3,1.1980629874488589,1.2735200698358993,0.9999999999999999,1.1102230246251565e-16,1.0,3.6631480612311784
sc_1886347_0732,28732,4,1.2977060957932989,1.3645875323437116,0.9999999999999998,2.220446049250313e-16,1.0,3.6631480612311784
sc_1886347_0732,28732,5,1.4142189813876125,1.5120329886983632,0.9999999999999999,1.1102230246251565e-16,1.0,3.6631480612311784
sc_1886347_0733,28765,0,2.220446049250313e-16,0.2781416840667954,1.0000000000000002,2.220446049250313e-16,1.0,3.7173400321767973
sc_1886347_0733,28765,1,0.3766681560509091,0.8774196979863977,0.9999999999999999,1.1102230246251565e-16,0.9999999999999999,3.7173400321767973
sc_1886347_0733,28765,2,0.9387881566977487,1.165720779655171,1.0,0.0,1.0,3.7173400321767973
sc_1886347_0733,28765,3,1.198915737753996,1.2635916323211875,1.0000000000000002,2.220446049250313e-16,1.0,3.7173400321767973
sc_1886347_0733,28765,4,1.2955428655461423,1.3135733795532685,1.0,0.0,1.0,3.7173400321767973
sc_1886347_0733,28765,5,1.3486192589920456,1.498169315445599,0.9999999999999999,1.1102230246251565e-16,1.0,3.7173400321767973
sc_1886347_0734,28798,0,4.440892098500626e-16,0.26688953913104996,0.9999999999999998,2.220446049250313e-16,1.0,3.888314709873625
sc_1886347_0734,28798,1,0.39921569399640267,0.9423620570155735,0.9999999999999999,1.1102230246251565e-16,1.0000000000000002,3.888314709873625
sc_1886347_0734,28798,2,0.9988533679632445,1.12945056864963,0.9999999999999998,2.220446049250313e-16,1.0,3.888314709873625
sc_1886347_0734,28798,3,1.1861831137988548,1.2402214255143802,0.9999999999999998,2.220446049250313e-16,1.0,3.888314709873625
sc_1886347_0734,28798,4,1.2816223367093105,1.31895968309306,0.9999999999999998,2.220446049250313e-16,1.0,3.888314709873625
sc_1886347_0734,28798,5,1.326937436202821,1.4796316188780934,0.9999999999999999,1.1102230246251565e-16,1.0,3.888314709873625
sc_1886347_0735,28831,0,-6.661338147750939e-16,0.28873046415393744,1.0,0.0,1.0,3.886065908128258
sc_1886347_0735,28831,1,0.4050497488982363,0.9236757415044574,0.9999999999999999,1.1102230246251565e-16,1.0,3.886065908128258
sc_1886347_0735,28831,2,0.987371833071485,1.173560051692335,1.0,0.0,1.0,3.886065908128258
sc_1886347_0735,28831,3,1.2024783034828386,1.250824613246029,1.0,0.0,1.0,3.886065908128258
sc_1886347_0735,28831,4,1.2595503210088816,1.3292057560136024,1.0,0.0,0.9999999999999999,3.886065908128258
sc_1886347_0735,28831,5,1.3534393383527852,1.4658480825763125,1.0,0.0,1.0,3.886065908128258
sc_1886347_0736,28863,0,2.220446049250313e-16,0.3838004665106376,1.0,0.0,1.0,3.8468461899618305
sc_1886347_0736,28863,1,0.4225517944751258,0.7879539424940467,1.0,0.0,1.0,3.8468461899618305
sc_1886347_0736,28863,2,0.987223583403882,1.1635610737710569,1.0000000000000002,2.220446049250313e-16,1.0,3.8468461899618305
sc_1886347_0736,28863,3,1.2163993625152894,1.2293998916223172,0.9999999999999999,1.1102230246251565e-16,1.0,3.8468461899618305
sc_1886347_0736,28863,4,1.2597603282014984,1.3059237899335248,1.0,0.0,1.0,3.8468461899618305
sc_1886347_0736,28863,5,1.37156815081122,1.5506636376510567,0.9999999999999999,1.1102230246251565e-16,1.0,3.8468461899618305
sc_1886347_0737,28896,0,0.0,0.29305583330229656,1.0,0.0,1.0,3.8857653674487933
sc_1886347_0737,28896,1,0.4559172880094411,0.80279432349109,1.0,0.0,1.0,3.8857653674487933
sc_1886347_0737,28896,2,0.9636150232139967,1.1396174449730134,1.0,0.0,1.0,3.8857653674487933
sc_1886347_0737,28896,3,1.1753775388436492,1.2412839401769329,0.9999999999999999,1.1102230246251565e-16,1.0,3.8857653674487933
sc_1886347_0737,28896,4,1.2861362755110692,1.3606173570233224,1.0,0.0,1.0,3.8857653674487933
sc_1886347_0737,28896,5,1.3749696127602236,1.5167007704766635,0.9999999999999998,2.220446049250313e-16,1.0,3.8857653674487933
sc_1886347_0738,28929,0,-2.220446049250313e-16,0.2738900329080294,1.0,0.0,1.0,3.9239021765994018
sc_1886347_0738,28929,1,0.42845034540238913,0.8255671364000117,0.9999999999999998,2.220446049250313e-16,1.0,3.9239021765994018
sc_1886347_0738,28929,2,1.0007443714344695,1.1585082130203452,1.0,0.0,1.0,3.9239021765994018
sc_1886347_0738,28929,3,1.1760264832419898,1.263338559029191,0.9999999999999998,2.220446049250313e-16,1.0,3.9239021765994018
sc_1886347_0738,28929,4,1.29000330813902,1.3356868856077613,1.0,0.0,1.0,3.9239021765994018
sc_1886347_0738,28929,5,1.3643165603992873,1.4701431779353096,0.9999999999999999,1.1102230246251565e-16,1.0,3.9239021765994018
sc_1886347_0739,28961,0,6.661338147750939e-16,0.23733686520507846,1.0,0.0,1.0,4.016891096515414
sc_1886347_0739,28961,1,0.49382746292459956,0.8054223180848022,1.0,0.0,1.0,4.016891096515414
sc_1886347_0739,28961,2,1.0438432535907514,1.1755868816271215,1.0,0.0,1.0,4.016891096515414
sc_1886347_0739,28961,3,1.1894298166548227,1.245928094885775,1.0,0.0,1.0,4.016891096515414
sc_1886347_0739,28961,4,1.2526312655974103,1.2886167268117448,0.9999999999999998,2.220446049250313e-16,1.0,4.016891096515414
sc_1886347_0739,28961,5,1.3392759512122365,1.5209993741619572,1.0,0.0,1.0,4.016891096515414
sc_1886347_0740,28994,0,8.881784197001252e-16,0.34919644913558123,1.0,0.0,1.0,4.490184332222588
sc_1886347_0740,28994,1,0.6365919591381765,0.9184836936035126,1.0,0.0,1.0,4.490184332222588
sc_1886347_0740,28994,2,0.9472689041058104,1.1435118043813979,0.9999999999999999,1.1102230246251565e-16,1.0,4.490184332222588
sc_1886347_0740,28994,3,1.176384107449631,1.2428797713239446,1.0,0.0,1.0,4.490184332222588
sc_1886347_0740,28994,4,1.2488402309589868,1.3034448630370876,1.0,0.0,1.0,4.490184332222588
sc_1886347_0740,28994,5,1.3270848294022262,1.4402234881388971,0.9999999999999999,1.1102230246251565e-16,1.0,4.490184332222588
sc_1886347_0741,29027,0,6.661338147750939e-16,0.3341316591472676,1.0,0.0,1.0,4.176924589223941
sc_1886347_0741,29027,1,0.6235295601652109,0.8979191428583521,1.0,0.0,1.0000000000000002,4.176924589223941
sc_1886347_0741,29027,2,0.9435933161693159,1.1332583618504701,1.0,0.0,1.0000000000000002,4.176924589223941
sc_1886347_0741,29027,3,1.1716545550804043,1.213355579340444,0.9999999999999999,1.1102230246251565e-16,1.0,4.176924589223941
sc_1886347_0741,29027,4,1.2591552014966942,1.2962199448222191,0.9999999999999999,1.1102230246251565e-16,0.9999999999999999,4.176924589223941
sc_1886347_0741,29027,5,1.3511876435511252,1.4966171974834892,1.0,0.0,1.0,4.176924589223941
sc_1886347_0742,29059,0,-4.440892098500626e-16,0.3194931175640967,0.9999999999999999,1.1102230246251565e-16,1.0,3.8344265235346824
sc_1886347_0742,29059,1,0.5682046816327592,0.7831065950696678,1.0,0.0,1.0,3.8344265235346824
sc_1886347_0742,29059,2,0.9543574200187943,1.158294339528336,1.0,0.0,1.0,3.8344265235346824
sc_1886347_0742,29059,3,1.1776110736758703,1.2292452313751236,0.9999999999999999,1.1102230246251565e-16,1.0,3.8344265235346824
sc_1886347_0742,29059,4,1.2776518401218826,1.3351648045473457,0.9999999999999999,1.1102230246251565e-16,1.0,3.8344265235346824
sc_1886347_0742,29059,5,1.3630083025243076,1.5144873436125705,0.9999999999999999,1.1102230246251565e-16,1.0,3.8344265235346824
sc_1886347_0743,29092,0,0.0,0.26728041950340264,1.0,0.0,1.0,4.289635662903598
sc_1886347_0743,29092,1,0.5140159842829094,0.8701052860581773,1.0,0.0,1.0000000000000002,4.289635662903598
sc_1886347_0743,29092,2,1.026621739318488,1.1489379162123352,0.9999999999999999,1.1102230246251565e-16,1.0,4.289635662903598
sc_1886347_0743,29092,3,1.1620517801508172,1.2201656968512595,1.0,0.0,1.0,4.289635662903598
sc_1886347_0743,29092,4,1.2488156760354303,1.2967092219858596,1.0,0.0,1.0,4.289635662903598
sc_1886347_0743,29092,5,1.3364811687659066,1.4659017852157181,1.0,0.0,1.0,4.289635662903598
sc_1886347_0744,29125,0,2.220446049250313e-16,0.32950364915570574,1.0,0.0,1.0,4.056165516799295
sc_1886347_0744,29125,1,0.5933938860559856,0.8722108915872231,1.0,0.0,1.0,4.056165516799295
sc_1886347_0744,29125,2,1.0110342700179364,1.1315715335834997,0.9999999999999999,1.1102230246251565e-16,1.0,4.056165516799295
sc_1886347_0744,29125,3,1.1852719576814763,1.2443881772173746,1.0,0.0,1.0,4.056165516799295
sc_1886347_0744,29125,4,1.2707236203155776,1.3140250339940065,0.9999999999999999,1.1102230246251565e-16,1.0,4.056165516799295
sc_1886347_0744,29125,5,1.3451943702010958,1.4744193605355584,1.0,0.0,1.0,4.056165516799295
sc_1886347_0745,29158,0,6.661338147750939e-16,0.4516284335798526,0.9999999999999999,1.1102230246251565e-16,1.0,4.039214172926597
sc_1886347_0745,29158,1,0.5637475871649873,0.8264671441220698,0.9999999999999999,1.1102230246251565e-16,1.0,4.039214172926597
sc_1886347_0745,29158,2,0.9551461740900639,1.114878906538188,1.0,0.0,1.0,4.039214172926597
sc_1886347_0745,29158,3,1.1745187910159982,1.2401602460261083,0.9999999999999998,2.220446049250313e-16,1.0,4.039214172926597
sc_1886347_0745,29158,4,1.2564797648219688,1.3294387362142075,0.9999999999999999,1.1102230246251565e-16,1.0,4.039214172926597
sc_1886347_0745,29158,5,1.3552882869342908,1.4661143223958208,1.0,0.0,1.0,4.039214172926597
sc_1886347_0746,29190,0,6.661338147750939e-16,0.3404679970257465,1.0,0.0,1.0,4.15464252206238
sc_1886347_0746,29190,1,0.5114844577272419,0.8914529468319816,1.0,0.0,1.0000000000000002,4.15464252206238
sc_1886347_0746,29190,2,0.9913326802137492,1.1381881022741267,0.9999999999999999,1.1102230246251565e-16,1.0,4.15464252206238
sc_1886347_0746,29190,3,1.1557730469268082,1.2303024389200112,1.0,0.0,1.0,4.15464252206238
sc_1886347_0746,29190,4,1.2538546768714418,1.3338071602613353,1.0,0.0,1.0,4.15464252206238
sc_1886347_0746,29190,5,1.3452152190727253,1.4510603332507785,0.9999999999999998,2.220446049250313e-16,1.0,4.15464252206238
sc_1886347_0747,29223,0,4.440892098500626e-16,0.3494050333630212,1.0,0.0,1.0,3.936365551563513
sc_1886347_0747,29223,1,0.5619444162061175,0.9141067916427251,1.0,0.0,0.9999999999999999,3.936365551563513
sc_1886347_0747,29223,2,0.9988950790255935,1.1657573819207518,1.0,0.0,1.0,3.936365551563513
sc_1886347_0747,29223,3,1.1739211002063827,1.2115882205921702,0.9999999999999999,1.1102230246251565e-16,1.0,3.936365551563513
sc_1886347_0747,29223,4,1.2426899141724783,1.3283964320408859,1.0,0.0,1.0000000000000002,3.936365551563513
sc_1886347_0747,29223,5,1.3587032844946694,1.4718347954469075,0.9999999999999999,1.1102230246251565e-16,1.0,3.936365551563513
sc_1886347_0748,29256,0,1.5543122344752192e-15,0.3779590041899117,0.9999999999999998,2.220446049250313e-16,1.0,4.027805488520556
sc_1886347_0748,29256,1,0.5234838502635485,0.8972821021495044,1.0,0.0,1.0,4.027805488520556
sc_1886347_0748,29256,2,0.9824593215323959,1.1520286759642264,0.9999999999999998,2.220446049250313e-16,1.0000000000000002,4.027805488520556
sc_1886347_0748,29256,3,1.2054374296144241,1.2547885869822162,1.0,0.0,1.0,4.027805488520556
sc_1886347_0748,29256,4,1.2730218291259687,1.2926769119316066,0.9999999999999999,1.1102230246251565e-16,1.0000000000000002,4.027805488520556
sc_1886347_0748,29256,5,1.3125386462641853,1.5144364373213939,1.0,0.0,1.0,4.027805488520556
sc_1886347_0749,29288,0,1.3322676295501878e-15,0.36192619321713404,1.0,0.0,1.0,3.9993468407241424
sc_1886347_0749,29288,1,0.4740550799632661,0.8880680983645534,1.0,0.0,1.0,3.9993468407241424
sc_1886347_0749,29288,2,0.9826966540207884,1.1540985966947845,1.0,0.0,1.0,3.9993468407241424
sc_1886347_0749,29288,3,1.166962739590237,1.2297387654491947,1.0,0.0,1.0,3.9993468407241424
sc_1886347_0749,29288,4,1.2474541032046391,1.319064657539018,0.9999999999999998,2.220446049250313e-16,0.9999999999999999,3.9993468407241424
sc_1886347_0749,29288,5,1.389632942312939,1.5058494200591581,1.0000000000000002,2.220446049250313e-16,1.0,3.9993468407241424
sc_1886347_0750,29321,0,8.881784197001252e-16,0.4318146303664401,0.9999999999999999,1.1102230246251565e-16,1.0,4.28394683718322
sc_1886347_0750,29321,1,0.5759725248383746,0.8823710917478207,1.0,0.0,1.0000000000000002,4.28394683718322
sc_1886347_0750,29321,2,0.9770011178937558,1.1491348771331773,1.0,0.0,0.9999999999999998,4.28394683718322
sc_1886347_0750,29321,3,1.1704903054503188,1.217324269422565,1.0,0.0,1.0,4.28394683718322
sc_1886347_0750,29321,4,1.2415510488911246,1.308388614426445,1.0,0.0,1.0000000000000002,4.28394683718322
sc_1886347_0750,29321,5,1.3233133379008801,1.498509734799318,1.0,0.0,1.0,4.28394683718322
sc_1886347_0751,29354,0,8.881784197001252e-16,0.46256670320431836,1.0,0.0,1.0,4.04019384608264
sc_1886347_0751,29354,1,0.5484522494433216,0.8317249701953913,1.0,0.0,1.0,4.04019384608264
sc_1886347_0751,29354,2,0.9817719579378354,1.1643358485894089,0.9999999999999999,1.1102230246251565e-16,1.0,4.04019384608264
sc_1886347_0751,29354,3,1.1843390917127696,1.2331219885026798,1.0,0.0,1.0,4.04019384608264
sc_1886347_0751,29354,4,1.2444010624336401,1.280505975974374,1.0,0.0,1.0,4.04019384608264
sc_1886347_0751,29354,5,1.3047786768920473,1.4556660924587803,1.0,0.0,1.0,4.04019384608264
sc_1886347_0752,29386,0,4.440892098500626e-16,0.34008137751217826,0.9999999999999999,1.1102230246251565e-16,1.0,3.88121261616433
sc_1886347_0752,29386,1,0.4608638893724344,0.8376383576497763,1.0,0.0,1.0,3.88121261616433
sc_1886347_0752,29386,2,0.9659303023794469,1.1755753313612995,0.9999999999999998,2.220446049250313e-16,1.0000000000000002,3.88121261616433
sc_1886347_0752,29386,3,1.182277278798239,1.241264162159774,1.0,0.0,1.0,3.88121261616433
sc_1886347_0752,29386,4,1.2643625243903913,1.313851952110396,1.0,0.0,1.0000000000000002,3.88121261616433
sc_1886347_0752,29386,5,1.3539912102957183,1.5033382890299043,1.0000000000000002,2.220446049250313e-16,1.0,3.88121261616433
sc_1886347_0753,29419,0,6.661338147750939e-16,0.22570394437536945,0.9999999999999999,1.1102230246251565e-16,1.0,3.903143501429053
sc_1886347_0753,29419,1,0.4392951172677084,0.9212375449201323,1.0,0.0,1.0,3.903143501429053
sc_1886347_0753,29419,2,1.0109434580099614,1.1853063273713647,0.9999999999999999,1.1102230246251565e-16,1.0,3.903143501429053
sc_1886347_0753,29419,3,1.1879530476934668,1.247328293885838,1.0,0.0,1.0,3.903143501429053
sc_1886347_0753,29419,4,1.252715832140786,1.3035512654264045,1.0,0.0,1.0,3.903143501429053
sc_1886347_0753,29419,5,1.3564251191245316,1.4785629676140675,0.9999999999999999,1.1102230246251565e-16,1.0,3.903143501429053
sc_1886347_0754,29452,0,6.661338147750939e-16,0.35614340556875645,1.0,0.0,1.0,4.500791566695672
sc_1886347_0754,29452,1,0.4754846679602044,0.901785871467215,1.0000000000000002,2.220446049250313e-16,1.0000000000000002,4.500791566695672
sc_1886347_0754,29452,2,1.0182218686595021,1.1521440029961447,1.0,0.0,1.0,4.500791566695672
sc_1886347_0754,29452,3,1.1792191864294024,1.228906319288584,0.9999999999999998,2.220446049250313e-16,1.0,4.500791566695672
sc_1886347_0754,29452,4,1.2428618754049996,1.2793302600895435,1.0,0.0,1.0,4.500791566695672
sc_1886347_0754,29452,5,1.3305097102924306,1.4662268863762218,1.0,0.0,1.0,4.500791566695672
sc_1886347_0755,29485,0,8.881784197001252e-16,0.300547372428418,1.0,0.0,1.0,4.399053297801678
sc_1886347_0755,29485,1,0.4943460429668337,0.9640543743351837,0.9999999999999999,1.1102230246251565e-16,1.0,4.399053297801678
sc_1886347_0755,29485,2,1.011109294209247,1.153570062663091,0.9999999999999999,1.1102230246251565e-16,1.0,4.399053297801678
sc_1886347_0755,29485,3,1.1646791492057713,1.1855383312305412,1.0000000000000002,2.220446049250313e-16,1.0,4.399053297801678
sc_1886347_0755,29485,4,1.2347418225717188,1.321679929223042,0.9999999999999999,1.1102230246251565e-16,1.0,4.399053297801678
sc_1886347_0755,29485,5,1.346930961347856,1.4942867505911104,1.0,0.0,1.0,4.399053297801678
sc_1886347_0756,29517,0,4.440892098500626e-16,0.33549757592002827,1.0,0.0,1.0,4.0215928189293635
sc_1886347_0756,29517,1,0.4766665250138189,0.892104061140836,0.9999999999999999,1.1102230246251565e-16,0.9999999999999999,4.0215928189293635
sc_1886347_0756,29517,2,1.003407603699142,1.1414142967321252,1.0,0.0,1.0,4.0215928189293635
sc_1886347_0756,29517,3,1.1788787453023315,1.250425190140711,0.9999999999999999,1.1102230246251565e-16,1.0,4.0215928189293635
sc_1886347_0756,29517,4,1.2577545130609173,1.2974024591126008,1.0,0.0,1.0,4.0215928189293635
sc_1886347_0756,29517,5,1.3478956165309535,1.4905865340284639,1.0000000000000002,2.220446049250313e-16,1.0,4.0215928189293635
sc_1886347_0757,29550,0,2.220446049250313e-16,0.30305830492340613,1.0,0.0,1.0,4.039802117846231
sc_1886347_0757,29550,1,0.49386951488046504,0.8554964895308015,1.0000000000000002,2.220446049250313e-16,1.0000000000000002,4.039802117846231
sc_1886347_0757,29550,2,1.0147011649431732,1.1534311117313267,1.0000000000000002,2.220446049250313e-16,0.9999999999999999,4.039802117846231
sc_1886347_0757,29550,3,1.2250027357006292,1.264515744038173,1.0,0.0,1.0,4.039802117846231
sc_1886347_0757,29550,4,1.2934129026453811,1.3092526696578295,0.9999999999999999,1.1102230246251565e-16,1.0,4.039802117846231
sc_1886347_0757,29550,5,1.3258505510255438,1.4586002558816478,1.0,0.0,1.0,4.039802117846231
sc_1886347_0758,29583,0,2.220446049250313e-16,0.2670268057487253,0.9999999999999999,1.1102230246251565e-16,1.0,3.957002262911396
sc_1886347_0758,29583,1,0.5004509203961499,0.8607315795431796,1.0,0.0,1.0,3.957002262911396
sc_1886347_0758,29583,2,0.9356442791936689,1.144214519103815,1.0,0.0,1.0,3.957002262911396
sc_1886347_0758,29583,3,1.1605111978958922,1.219765960812436,0.9999999999999998,2.220446049250313e-16,1.0,3.957002262911396
sc_1886347_0758,29583,4,1.288483862547292,1.333761906015693,0.9999999999999999,1.1102230246251565e-16,1.0,3.957002262911396
sc_1886347_0758,29583,5,1.3788212296209594,1.4983062503781375,1.0,0.0,1.0,3.957002262911396
sc_1886347_0759,29615,0,6.661338147750939e-16,0.3000806239837308,1.0,0.0,1.0,3.862215443833896
sc_1886347_0759,29615,1,0.5015972576745202,0.8239788835060557,1.0,0.0,1.0,3.862215443833896
sc_1886347_0759,29615,2,0.9221842718839446,1.125119036702593,1.0000000000000002,2.220446049250313e-16,1.0,3.862215443833896
sc_1886347_0759,29615,3,1.1748412154593428,1.2007064185053111,1.0,0.0,1.0,3.862215443833896
sc_1886347_0759,29615,4,1.2758182888284815,1.3778976872985396,1.0,0.0,1.0000000000000002,3.862215443833896
sc_1886347_0759,29615,5,1.4146603900861292,1.4922279094326512,0.9999999999999999,1.1102230246251565e-16,1.0,3.862215443833896
sc_1886347_0760,29648,0,2.220446049250313e-16,0.27178841765320216,0.9999999999999998,2.220446049250313e-16,1.0,4.045539770692547
sc_1886347_0760,29648,1,0.5052370881500575,0.8394217153942121,0.9999999999999998,2.220446049250313e-16,1.0,4.045539770692547
sc_1886347_0760,29648,2,0.9508829614529235,1.1170407259383106,0.9999999999999999,1.1102230246251565e-16,1.0,4.045539770692547
sc_1886347_0760,29648,3,1.1956331622327867,1.2556621501141698,1.0,0.0,1.0,4.045539770692547
sc_1886347_0760,29648,4,1.2764048865206883,1.3296979608720658,1.0,0.0,0.9999999999999999,4.045539770692547
sc_1886347_0760,29648,5,1.3774039907528717,1.4897544848758342,0.9999999999999999,1.1102230246251565e-16,1.0,4.045539770692547
sc_1886347_0761,29681,0,1.1102230246251565e-15,0.2655927252399257,0.9999999999999999,1.1102230246251565e-16,1.0,3.9214161979601356
sc_1886347_0761,29681,1,0.44212276963555563,0.9435757767344936,1.0,0.0,0.9999999999999999,3.9214161979601356
sc_1886347_0761,29681,2,0.9589509031241412,1.1214810146783118,1.0,0.0,1.0,3.9214161979601356
sc_1886347_0761,29681,3,1.193525053405833,1.2341228077401578,1.0000000000000002,2.220446049250313e-16,1.0,3.9214161979601356
sc_1886347_0761,29681,4,1.2763849654099284,1.3217246380314636,1.0,0.0,1.0,3.9214161979601356
sc_1886347_0761,29681,5,1.3507238971463928,1.4882744596608022,0.9999999999999999,1.1102230246251565e-16,1.0,3.9214161979601356
sc_1886347_0762,29713,0,2.220446049250313e-16,0.39687888691386286,1.0,0.0,1.0,3.830579497051331
sc_1886347_0762,29713,1,0.5090500504434279,0.7962615707489328,1.0,0.0,1.0,3.830579497051331
sc_1886347_0762,29713,2,0.9330841178251729,1.175243074212525,1.0,0.0,1.0,3.830579497051331
sc_1886347_0762,29713,3,1.1925872045742762,1.2692891389313599,1.0,0.0,1.0,3.830579497051331
sc_1886347_0762,29713,4,1.2945152612314368,1.3336543276659423,1.0,0.0,1.0,3.830579497051331
sc_1886347_0762,29713,5,1.3510186277141687,1.5221756456782076,0.9999999999999998,2.220446049250313e-16,1.0,3.830579497051331
sc_1886347_0763,29746,0,4.440892098500626e-16,0.32916050014006015,1.0,0.0,1.0,3.758894169863484
sc_1886347_0763,29746,1,0.4988879264435073,0.8361929035989509,1.0000000000000002,2.220446049250313e-16,1.0,3.758894169863484
sc_1886347_0763,29746,2,0.8544171881653463,1.15677734487212,1.0,0.0,1.0,3.758894169863484
sc_1886347_0763,29746,3,1.2065907713562887,1.2350418063993458,0.9999999999999999,1.1102230246251565e-16,1.0,3.758894169863484
sc_1886347_0763,29746,4,1.2633320010084474,1.317033525761739,1.0,0.0,1.0,3.758894169863484
sc_1886347_0763,29746,5,1.4035405395372245,1.5782974480262388,1.0000000000000002,2.220446049250313e-16,1.0,3.758894169863484
sc_1886347_0764,29779,0,-1.1102230246251565e-15,0.15668211264831622,1.0,0.0,1.0,3.7083348299644525
sc_1886347_0764,29779,1,0.47547448162140094,0.8583784844242559,0.9999999999999999,1.1102230246251565e-16,1.0,3.7083348299644525
sc_1886347_0764,29779,2,0.9736056277127666,1.1850549858327313,0.9999999999999998,2.220446049250313e-16,1.0,3.7083348299644525
sc_1886347_0764,29779,3,1.2084442757298368,1.2590665839458033,1.0,0.0,1.0,3.7083348299644525
sc_1886347_0764,29779,4,1.2810637434857841,1.3226961094071172,1.0,0.0,1.0,3.7083348299644525
sc_1886347_0764,29779,5,1.395378183090537,1.5264928289279798,1.0,0.0,1.0,3.7083348299644525
sc_1886347_0765,29811,0,4.440892098500626e-16,0.1387828170004619,0.9999999999999999,1.1102230246251565e-16,1.0,4.004416320700797
sc_1886347_0765,29811,1,0.5703185364426145,0.9467920611419721,1.0,0.0,1.0,4.004416320700797
sc_1886347_0765,29811,2,1.0676506275673243,1.1827133726203327,0.9999999999999999,1.1102230246251565e-16,1.0000000000000002,4.004416320700797
sc_1886347_0765,29811,3,1.2022590872470453,1.2548668372664928,0.9999999999999999,1.1102230246251565e-16,1.0,4.004416320700797
sc_1886347_0765,29811,4,1.2631673091195577,1.2694464879647045,1.0,0.0,0.9999999999999998,4.004416320700797
sc_1886347_0765,29811,5,1.280092284359914,1.4369514009039261,1.0,0.0,1.0,4.004416320700797
sc_1886347_0766,29844,0,-2.220446049250313e-16,0.21411375367742225,1.0,0.0,1.0,4.093299063275678
sc_1886347_0766,29844,1,0.6036759625510375,0.8830401232847934,0.9999999999999999,1.1102230246251565e-16,1.0,4.093299063275678
sc_1886347_0766,29844,2,1.0103839270128987,1.1531996030115876,1.0,0.0,1.0,4.093299063275678
sc_1886347_0766,29844,3,1.17619568175364,1.2240762451008114,0.9999999999999999,1.1102230246251565e-16,1.0,4.093299063275678
sc_1886347_0766,29844,4,1.243419941003898,1.333075718629023,0.9999999999999999,1.1102230246251565e-16,1.0000000000000002,4.093299063275678
sc_1886347_0766,29844,5,1.3637754553934176,1.4779105611459986,0.9999999999999998,2.220446049250313e-16,1.0,4.093299063275678
sc_1886347_0767,29877,0,1.1102230246251565e-15,0.33173229118236147,0.9999999999999999,1.1102230246251565e-16,1.0,3.7901060461505303
sc_1886347_0767,29877,1,0.35277798230528745,0.9502965922449368,0.9999999999999999,1.1102230246251565e-16,0.9999999999999999,3.7901060461505303
sc_1886347_0767,29877,2,1.01320177912294,1.1308634544359166,1.0000000000000002,2.220446049250313e-16,1.0000000000000002,3.7901060461505303
sc_1886347_0767,29877,3,1.1928743605720897,1.2858936317712406,1.0,0.0,1.0,3.7901060461505303
sc_1886347_0767,29877,4,1.2934696426356227,1.3101713353389561,1.0,0.0,0.9999999999999999,3.7901060461505303
sc_1886347_0767,29877,5,1.372136505930274,1.4712087374441092,0.9999999999999999,1.1102230246251565e-16,1.0,3.7901060461505303
sc_1886347_0768,29910,0,2.220446049250313e-16,0.34664380070598444,0.9999999999999997,3.3306690738754696e-16,1.0,3.935179086271453
sc_1886347_0768,29910,1,0.4425724085928191,0.9160837680760126,0.9999999999999999,1.1102230246251565e-16,0.9999999999999999,3.935179086271453
sc_1886347_0768,29910,2,0.9981921374573275,1.1572945411674256,1.0,0.0,0.9999999999999998,3.935179086271453
sc_1886347_0768,29910,3,1.1794733034228744,1.2516681636895242,0.9999999999999999,1.1102230246251565e-16,1.0,3.935179086271453
sc_1886347_0768,29910,4,1.2883775040100711,1.3434296460784332,0.9999999999999998,2.220446049250313e-16,1.0,3.935179086271453
sc_1886347_0768,29910,5,1.352274350139059,1.4869837154948096,0.9999999999999999,1.1102230246251565e-16,1.0,3.935179086271453
sc_1886347_0769,29942,0,2.220446049250313e-16,0.24612178506849203,0.9999999999999999,1.1102230246251565e-16,1.0,3.9084010455978087
sc_1886347_0769,29942,1,0.5170370243189994,0.9044581328226677,1.0,0.0,0.9999999999999999,3.9084010455978087
sc_1886347_0769,29942,2,1.0236823592596984,1.1267045303308625,0.9999999999999999,1.1102230246251565e-16,1.0,3.9084010455978087
sc_1886347_0769,29942,3,1.1844526794816805,1.2474656369734607,1.0,0.0,1.0,3.9084010455978087
sc_1886347_0769,29942,4,1.2597754478708485,1.3356751206051394,1.0,0.0,1.0,3.9084010455978087
sc_1886347_0769,29942,5,1.3779112740485644,1.5190307592464827,1.0,0.0,1.0,3.9084010455978087
sc_1886347_0770,29975,0,-2.220446049250313e-16,0.21959525491100962,1.0,0.0,1.0,3.6555223501582184
sc_1886347_0770,29975,1,0.5014723413547975,0.8223596926832214,1.0,0.0,1.0000000000000002,3.6555223501582184
sc_1886347_0770,29975,2,0.9959868036585571,1.20167645638834,1.0,0.0,1.0,3.6555223501582184
sc_1886347_0770,29975,3,1.2315321920935909,1.2624535046047114,0.9999999999999999,1.1102230246251565e-16,1.0,3.6555223501582184
sc_1886347_0770,29975,4,1.2808986738485133,1.3313471480366472,0.9999999999999999,1.1102230246251565e-16,1.0000000000000002,3.6555223501582184
sc_1886347_0770,29975,5,1.3547724509328014,1.4828348838632635,1.0,0.0,1.0,3.6555223501582184
sc_1886347_0771,30008,0,2.220446049250313e-16,0.24064862009712207,1.0,0.0,1.0,3.7256307808104574
sc_1886347_0771,30008,1,0.5729822793088061,0.8667816525334848,0.9999999999999999,1.1102230246251565e-16,0.9999999999999999,3.7256307808104574
sc_1886347_0771,30008,2,0.9586147598992875,1.1188946729773273,1.0000000000000002,2.220446049250313e-16,1.0000000000000002,3.7256307808104574
sc_1886347_0771,30008,3,1.1792287865106297,1.2264243328862567,1.0,0.0,1.0,3.7256307808104574
sc_1886347_0771,30008,4,1.2664837230345294,1.3325693161405734,1.0,0.0,1.0,3.7256307808104574
sc_1886347_0771,30008,5,1.39510808525298,1.5427883804950686,0.9999999999999998,2.220446049250313e-16,1.0,3.7256307808104574
sc_1886347_0772,30040,0,6.661338147750939e-16,0.20701561269344015,1.0,0.0,1.0,3.825503069112446
sc_1886347_0772,30040,1,0.5366156683807473,0.8249760934342045,1.0,0.0,1.0,3.825503069112446
sc_1886347_0772,30040,2,1.0265018251667204,1.1363715924386701,1.0,0.0,1.0,3.825503069112446
sc_1886347_0772,30040,3,1.1538710982446918,1.2739361613550046,0.9999999999999999,1.1102230246251565e-16,1.0,3.825503069112446
sc_1886347_0772,30040,4,1.287572255920419,1.3213798333974331,0.9999999999999999,1.1102230246251565e-16,1.0,3.825503069112446
sc_1886347_0772,30040,5,1.3632241610157732,1.4990355846831487,1.0,0.0,1.0,3.825503069112446
sc_1886347_0773,30073,0,-2.220446049250313e-16,0.21080645774998175,1.0,0.0,1.0,3.724529003936669
sc_1886347_0773,30073,1,0.4902794592448735,0.9445763675574333,1.0,0.0,1.0,3.724529003936669
sc_1886347_0773,30073,2,1.0245563891933402,1.1529154946586035,1.0,0.0,1.0,3.724529003936669
sc_1886347_0773,30073,3,1.204708910597307,1.249484917795151,0.9999999999999999,1.1102230246251565e-16,1.0,3.724529003936669
sc_1886347_0773,30073,4,1.2712229886472495,1.3684017093971097,1.0,0.0,1.0000000000000002,3.724529003936669
sc_1886347_0773,30073,5,1.369813981495531,1.4802898798481041,1.0,0.0,1.0,3.724529003936669
sc_1886347_0774,30106,0,0.0,0.26765723283249887,1.0,0.0,1.0,3.974450690293497
sc_1886347_0774,30106,1,0.49251251297800114,0.8703483034406905,0.9999999999999998,2.220446049250313e-16,1.0,3.974450690293497
sc_1886347_0774,30106,2,1.0437491418118072,1.1628412485232447,0.9999999999999999,1.1102230246251565e-16,1.0,3.974450690293497
sc_1886347_0774,30106,3,1.176464297740327,1.2331396017873253,0.9999999999999998,2.220446049250313e-16,1.0,3.974450690293497
sc_1886347_0774,30106,4,1.2747130892968888,1.3274444740136921,1.0,0.0,0.9999999999999998,3.974450690293497
sc_1886347_0774,30106,5,1.35818967936174,1.4747680252560036,0.9999999999999998,2.220446049250313e-16,1.0,3.974450690293497
sc_1886347_0775,30138,0,4.440892098500626e-16,0.3213150643560223,1.0,0.0,1.0,3.8751610538307326
sc_1886347_0775,30138,1,0.5276501336365719,0.8555526144965917,1.0,0.0,1.0,3.8751610538307326
sc_1886347_0775,30138,2,0.969749249000765,1.1598634847698517,1.0,0.0,1.0,3.8751610538307326
sc_1886347_0775,30138,3,1.1722073381115172,1.229072253139597,1.0,0.0,1.0,3.8751610538307326
sc_1886347_0775,30138,4,1.3002599225019793,1.3364198584681153,1.0,0.0,1.0,3.8751610538307326
sc_1886347_0775,30138,5,1.3654551416408522,1.4912799550127798,0.9999999999999999,1.1102230246251565e-16,1.0,3.8751610538307326
sc_1886347_0776,30171,0,-6.661338147750939e-16,0.4059842670787941,1.0,0.0,1.0,3.90141231155336
sc_1886347_0776,30171,1,0.4179577325684154,0.9635036684856565,1.0,0.0,1.0,3.90141231155336
sc_1886347_0776,30171,2,1.0332455682245525,1.1334555453707646,1.0,0.0,1.0,3.90141231155336
sc_1886347_0776,30171,3,1.1689235073255235,1.2363704095310708,1.0,0.0,1.0,3.90141231155336
sc_1886347_0776,30171,4,1.2562979027062648,1.32715302901283,1.0,0.0,1.0000000000000002,3.90141231155336
sc_1886347_0776,30171,5,1.360131751249907,1.435897505318425,1.0,0.0,1.0,3.90141231155336
sc_1886347_0777,30204,0,0.0,0.2319444941572364,1.0000000000000002,2.220446049250313e-16,1.0,3.898452333250161
sc_1886347_0777,30204,1,0.5049491359338507,0.9169173006140474,0.9999999999999998,2.220446049250313e-16,1.0,3.898452333250161
sc_1886347_0777,30204,2,0.9861621320520015,1.190210349045838,0.9999999999999999,1.1102230246251565e-16,1.0000000000000002,3.898452333250161
sc_1886347_0777,30204,3,1.21566195274426,1.2745630810930109,1.0000000000000002,2.220446049250313e-16,1.0,3.898452333250161
sc_1886347_0777,30204,4,1.278886355073231,1.3201192416004595,0.9999999999999998,2.220446049250313e-16,1.0,3.898452333250161
sc_1886347_0777,30204,5,1.3314096805179956,1.5042909044142656,1.0,0.0,1.0,3.898452333250161
sc_1886347_0778,30237,0,2.220446049250313e-16,0.23250528540566595,1.0,0.0,1.0,4.24608734231308
sc_1886347_0778,30237,1,0.49516232858884357,0.9387408260839719,1.0000000000000002,2.220446049250313e-16,1.0,4.24608734231308
sc_1886347_0778,30237,2,0.9565964427711623,1.1754433489804879,1.0,0.0,0.9999999999999999,4.24608734231308
sc_1886347_0778,30237,3,1.176533076010349,1.2523899740724493,1.0,0.0,1.0,4.24608734231308
sc_1886347_0778,30237,4,1.2691507122850594,1.2876430177416585,1.0,0.0,0.9999999999999998,4.24608734231308
sc_1886347_0778,30237,5,1.342323922849254,1.4445005522218084,1.0,0.0,1.0,4.24608734231308
sc_1886347_0779,30269,0,6.661338147750939e-16,0.29429594100692325,1.0,0.0,1.0,4.137201440291465
sc_1886347_0779,30269,1,0.4502919037176978,0.8921784809217255,1.0,0.0,1.0,4.137201440291465
sc_1886347_0779,30269,2,0.9833029956129764,1.1775626367532568,1.0000000000000002,2.220446049250313e-16,1.0,4.137201440291465
sc_1886347_0779,30269,3,1.1999006171635611,1.2607102215316623,0.9999999999999997,3.3306690738754696e-16,1.0,4.137201440291465
sc_1886347_0779,30269,4,1.2637109748116695,1.3016231647705112,0.9999999999999999,1.1102230246251565e-16,1.0,4.137201440291465
sc_1886347_0779,30269,5,1.3352803082566256,1.4976277978747459,1.0,0.0,1.0,4.137201440291465
sc_1886347_0780,30302,0,2.220446049250313e-16,0.3374617616636346,1.0,0.0,1.0,4.100918648780637
sc_1886347_0780,30302,1,0.43735506852945116,0.9249575775424997,1.0,0.0,1.0,4.100918648780637
sc_1886347_0780,30302,2,1.0192373290274443,1.1819990866259233,1.0,0.0,0.9999999999999999,4.100918648780637
sc_1886347_0780,30302,3,1.2038401549732325,1.2312591963962183,1.0,0.0,1.0,4.100918648780637
sc_1886347_0780,30302,4,1.236826625607781,1.304078354156085,0.9999999999999999,1.1102230246251565e-16,1.0,4.100918648780637
sc_1886347_0780,30302,5,1.35900561787172,1.4706730917322188,0.9999999999999999,1.1102230246251565e-16,1.0,4.100918648780637
sc_1886347_0781,30335,0,8.881784197001252e-16,0.3693361693689814,0.9999999999999999,1.1102230246251565e-16,1.0,3.89606994925038
sc_1886347_0781,30335,1,0.46351225217759184,0.9047978952879283,1.0,0.0,1.0,3.89606994925038
sc_1886347_0781,30335,2,0.9806295846097876,1.1622735136616331,0.9999999999999999,1.1102230246251565e-16,1.0,3.89606994925038
sc_1886347_0781,30335,3,1.1703548298413091,1.2391380699099543,1.0,0.0,1.0,3.89606994925038
sc_1886347_0781,30335,4,1.2898550387534269,1.3340494102465337,0.9999999999999998,2.220446049250313e-16,1.0,3.89606994925038
sc_1886347_0781,30335,5,1.3740523198158596,1.5079337849340617,1.0,0.0,1.0,3.89606994925038
sc_1886347_0782,30367,0,4.440892098500626e-16,0.30780525120716495,0.9999999999999999,1.1102230246251565e-16,1.0,3.9532822327589576
sc_1886347_0782,30367,1,0.5259585593445495,0.8869449129350021,0.9999999999999997,3.3306690738754696e-16,0.9999999999999999,3.9532822327589576
sc_1886347_0782,30367,2,0.9881483534177078,1.1341034974107616,1.0,0.0,1.0,3.9532822327589576
sc_1886347_0782,30367,3,1.1721104527667905,1.2308905399622636,1.0,0.0,1.0,3.9532822327589576
sc_1886347_0782,30367,4,1.2564453235256252,1.3192845484269997,1.0,0.0,1.0,3.9532822327589576
sc_1886347_0782,30367,5,1.3873086992714356,1.4680697667320728,1.0,0.0,1.0,3.9532822327589576
sc_1886347_0783,30400,0,0.0,0.22263864557752333,1.0,0.0,1.0,3.8350767323241675
sc_1886347_0783,30400,1,0.6037274529796781,0.8658080049848885,1.0,0.0,1.0,3.8350767323241675
sc_1886347_0783,30400,2,0.9833024370292055,1.1587825907588671,1.0,0.0,0.9999999999999999,3.8350767323241675
sc_1886347_0783,30400,3,1.1713877272905004,1.2304514663484647,0.9999999999999998,2.220446049250313e-16,1.0,3.8350767323241675
sc_1886347_0783,30400,4,1.2554623149192738,1.3263699567212217,1.0,0.0,1.0,3.8350767323241675
sc_1886347_0783,30400,5,1.382892671954804,1.5058898473375721,0.9999999999999999,1.1102230246251565e-16,1.0,3.8350767323241675
sc_1886347_0784,30433,0,8.881784197001252e-16,0.1679561606996658,0.9999999999999999,1.1102230246251565e-16,1.0,3.7922377187862737
sc_1886347_0784,30433,1,0.5719668148262977,0.7826150883063784,1.0,0.0,1.0,3.7922377187862737
sc_1886347_0784,30433,2,1.0197247582816837,1.1944041509932868,0.9999999999999999,1.1102230246251565e-16,1.0,3.7922377187862737
sc_1886347_0784,30433,3,1.2191308819313047,1.2396322184211488,0.9999999999999999,1.1102230246251565e-16,1.0,3.7922377187862737
sc_1886347_0784,30433,4,1.2625585803350825,1.2986603099660008,0.9999999999999999,1.1102230246251565e-16,1.0,3.7922377187862737
sc_1886347_0784,30433,5,1.3685865383700104,1.5766599612771477,1.0,0.0,1.0,3.7922377187862737
sc_1886347_0785,30465,0,0.0,0.17947976406743216,1.0,0.0,1.0,3.7236593919844774
sc_1886347_0785,30465,1,0.5172962248744688,0.7928643564391678,0.9999999999999998,2.220446049250313e-16,1.0,3.7236593919844774
sc_1886347_0785,30465,2,0.9337078550663447,1.2013932934700264,0.9999999999999999,1.1102230246251565e-16,1.0,3.7236593919844774
sc_1886347_0785,30465,3,1.211681328518635,1.26208062690274,1.0,0.0,1.0,3.7236593919844774
sc_1886347_0785,30465,4,1.2690333383986292,1.3324160832157257,0.9999999999999999,1.1102230246251565e-16,1.0000000000000002,3.7236593919844774
sc_1886347_0785,30465,5,1.3800169636550248,1.5516931444449726,1.0,0.0,1.0,3.7236593919844774
sc_1886347_0786,30498,0,-2.220446049250313e-16,0.2744803977145358,1.0,0.0,1.0,4.010779783569212
sc_1886347_0786,30498,1,0.5375580492321531,0.8739917462457386,0.9999999999999998,2.220446049250313e-16,1.0,4.010779783569212
sc_1886347_0786,30498,2,0.9363576295201775,1.1484269448519238,0.9999999999999998,2.220446049250313e-16,1.0,4.010779783569212
sc_1886347_0786,30498,3,1.1899208121627431,1.243541853684028,0.9999999999999998,2.220446049250313e-16,1.0,4.010779783569212
sc_1886347_0786,30498,4,1.2462587362347415,1.3388383195101126,1.0,0.0,1.0000000000000002,4.010779783569212
sc_1886347_0786,30498,5,1.3474536166605628,1.526855439939183,0.9999999999999998,2.220446049250313e-16,1.0,4.010779783569212
sc_1886347_0787,30740,0,0.0,0.2331607982087991,1.0000000000000002,2.220446049250313e-16,1.0,3.724653728238407
sc_1886347_0787,30740,1,0.5152137643082966,0.8523878177832793,1.0,0.0,1.0,3.724653728238407
sc_1886347_0787,30740,2,0.9223847304300306,1.1160943334200177,1.0,0.0,1.0000000000000002,3.724653728238407
sc_1886347_0787,30740,3,1.1364532797665934,1.2125629320675482,1.0,0.0,1.0,3.724653728238407
sc_1886347_0787,30740,4,1.3244264045138894,1.3461805206058115,0.9999999999999998,2.220446049250313e-16,1.0,3.724653728238407
sc_1886347_0787,30740,5,1.3927141007695552,1.5169002605167083,0.9999999999999999,1.1102230246251565e-16,1.0,3.724653728238407
sc_1886347_0788,30772,0,4.440892098500626e-16,0.25946137576263606,0.9999999999999999,1.1102230246251565e-16,1.0,3.7997582921222617
sc_1886347_0788,30772,1,0.5281554138705854,0.822856213130993,1.0,0.0,1.0,3.7997582921222617
sc_1886347_0788,30772,2,0.8990926383114036,1.120721853167828,1.0000000000000002,2.220446049250313e-16,1.0,3.7997582921222617
sc_1886347_0788,30772,3,1.176332427997377,1.2510947611981107,0.9999999999999998,2.220446049250313e-16,1.0,3.7997582921222617
sc_1886347_0788,30772,4,1.2717141156229765,1.3339144807104053,1.0,0.0,1.0,3.7997582921222617
sc_1886347_0788,30772,5,1.4008914524846214,1.5198737973472978,0.9999999999999999,1.1102230246251565e-16,1.0,3.7997582921222617
sc_1886347_0789,30805,0,-4.440892098500626e-16,0.2557551193580554,1.0,0.0,1.0,3.986381127981086
sc_1886347_0789,30805,1,0.5199352210958139,0.8477161544000483,1.0,0.0,1.0000000000000002,3.986381127981086
sc_1886347_0789,30805,2,0.8892075006162073,1.1540474053131429,1.0,0.0,1.0000000000000002,3.986381127981086
sc_1886347_0789,30805,3,1.196724887035705,1.2439669651355616,1.0,0.0,1.0,3.986381127981086
sc_1886347_0789,30805,4,1.2845185363137528,1.3360954018731177,1.0,0.0,1.0000000000000002,3.986381127981086
sc_1886347_0789,30805,5,1.3516547000493868,1.5019681901053434,1.0,0.0,1.0,3.986381127981086
sc_1886347_0790,30838,0,4.440892098500626e-16,0.28151630271689077,1.0,0.0,1.0,3.5722240247923502
sc_1886347_0790,30838,1,0.4451976286736399,0.8694349529538546,1.0,0.0,1.0,3.5722240247923502
sc_1886347_0790,30838,2,0.8999487175118371,1.1595099435714415,1.0,0.0,1.0,3.5722240247923502
sc_1886347_0790,30838,3,1.1808371861445939,1.262977502194957,1.0,0.0,1.0,3.5722240247923502
sc_1886347_0790,30838,4,1.3013908744760079,1.3617627050583194,0.9999999999999998,2.220446049250313e-16,1.0000000000000002,3.5722240247923502
sc_1886347_0790,30838,5,1.3832167456967153,1.5472839357926538,1.0,0.0,1.0,3.5722240247923502
sc_1886347_0791,30871,0,4.440892098500626e-16,0.28006256534507035,0.9999999999999999,1.1102230246251565e-16,1.0,3.6357740656498785
sc_1886347_0791,30871,1,0.4382464077069237,0.8463804554857457,1.0,0.0,1.0,3.6357740656498785
sc_1886347_0791,30871,2,0.9498422993262643,1.1743129764730482,0.9999999999999999,1.1102230246251565e-16,1.0,3.6357740656498785
sc_1886347_0791,30871,3,1.2117110780777738,1.2738733916928964,1.0,0.0,1.0,3.6357740656498785
sc_1886347_0791,30871,4,1.2921086932293673,1.3567387610378592,1.0,0.0,1.0,3.6357740656498785
sc_1886347_0791,30871,5,1.390877580238342,1.484384650097631,1.0,0.0,1.0,3.6357740656498785
sc_1886347_0792,30903,0,-2.220446049250313e-16,0.3007474997488395,1.0,0.0,1.0,3.9520133710075127
sc_1886347_0792,30903,1,0.5016297183845898,0.8420447725245581,1.0,0.0,1.0,3.9520133710075127
sc_1886347_0792,30903,2,0.9708937459213446,1.14823365585756,0.9999999999999999,1.1102230246251565e-16,1.0,3.9520133710075127
sc_1886347_0792,30903,3,1.189498688918297,1.2335905531454125,1.0,0.0,1.0,3.9520133710075127
sc_1886347_0792,30903,4,1.2614701714121832,1.37199721362265,1.0,0.0,1.0,3.9520133710075127
sc_1886347_0792,30903,5,1.3752144969466866,1.4472268394015164,1.0000000000000002,2.220446049250313e-16,1.0,3.9520133710075127
sc_1886347_0793,30936,0,2.220446049250313e-16,0.22902862295187454,1.0,0.0,1.0,3.6978639571507435
sc_1886347_0793,30936,1,0.5699359217530683,0.8447576325330279,0.9999999999999999,1.1102230246251565e-16,1.0,3.6978639571507435
sc_1886347_0793,30936,2,0.9026574597668545,1.1495580276069923,0.9999999999999998,2.220446049250313e-16,1.0,3.6978639571507435
sc_1886347_0793,30936,3,1.1585368182361266,1.2175033488896703,1.0000000000000002,2.220446049250313e-16,1.0,3.6978639571507435
sc_1886347_0793,30936,4,1.2382308467733738,1.3613146042353392,1.0,0.0,0.9999999999999998,3.6978639571507435
sc_1886347_0793,30936,5,1.400462091117959,1.5168947058656788,1.0,0.0,1.0,3.6978639571507435
sc_1886347_0794,30969,0,4.440892098500626e-16,0.215343685186262,1.0,0.0,1.0,4.085630685805496
sc_1886347_0794,30969,1,0.6380870302466533,0.8055486803746874,1.0,0.0,1.0,4.085630685805496
sc_1886347_0794,30969,2,1.037044277172912,1.1502673778307986,1.0,0.0,1.0,4.085630685805496
sc_1886347_0794,30969,3,1.155659157222744,1.2563008109390372,1.0,0.0,1.0,4.085630685805496
sc_1886347_0794,30969,4,1.2639725585584103,1.3130648727887695,1.0,0.0,1.0,4.085630685805496
sc_1886347_0794,30969,5,1.3431743154776667,1.4670089431858933,1.0000000000000002,2.220446049250313e-16,1.0,4.085630685805496
sc_1886347_0795,31001,0,6.661338147750939e-16,0.23681365355051676,1.0,0.0,1.0,3.820081827042704
sc_1886347_0795,31001,1,0.48442130962649976,0.926527145536804,0.9999999999999999,1.1102230246251565e-16,1.0,3.820081827042704
sc_1886347_0795,31001,2,0.9712106366988003,1.1912969218616953,0.9999999999999998,2.220446049250313e-16,1.0,3.820081827042704
sc_1886347_0795,31001,3,1.2020658905115196,1.2262322109214798,1.0,0.0,1.0,3.820081827042704
sc_1886347_0795,31001,4,1.258988660048057,1.3027211176861375,0.9999999999999998,2.220446049250313e-16,1.0000000000000002,3.820081827042704
sc_1886347_0795,31001,5,1.3474428051877307,1.4970256350445839,1.0,0.0,1.0,3.820081827042704
sc_1886347_0796,31034,0,6.661338147750939e-16,0.2741089911484762,1.0,0.0,1.0,3.8869994046739493
sc_1886347_0796,31034,1,0.4992427262086141,0.8835192648952251,1.0,0.0,1.0000000000000002,3.8869994046739493
sc_1886347_0796,31034,2,0.9317961273176727,1.1342617656717882,1.0,0.0,1.0,3.8869994046739493
sc_1886347_0796,31034,3,1.1493872300445418,1.2480956812572912,1.0,0.0,1.0,3.8869994046739493
sc_1886347_0796,31034,4,1.252530128151408,1.351981025127211,1.0,0.0,1.0,3.8869994046739493
sc_1886347_0796,31034,5,1.382751441084588,1.504740360269545,1.0,0.0,1.0,3.8869994046739493
sc_1886347_0797,31067,0,2.220446049250313e-16,0.2806547139678046,1.0,0.0,1.0,3.9829197636782467
sc_1886347_0797,31067,1,0.5721484478579231,0.793290058514073,1.0,0.0,1.0,3.9829197636782467
sc_1886347_0797,31067,2,0.9428120332374155,1.1726581736665944,0.9999999999999999,1.1102230246251565e-16,0.9999999999999999,3.9829197636782467
sc_1886347_0797,31067,3,1.1883104721756654,1.245740091211162,0.9999999999999999,1.1102230246251565e-16,1.0,3.9829197636782467
sc_1886347_0797,31067,4,1.2769503163594262,1.3319816030239904,1.0,0.0,0.9999999999999999,3.9829197636782467
sc_1886347_0797,31067,5,1.3464793416075018,1.5296642122773578,1.0,0.0,1.0,3.9829197636782467
sc_1886347_0798,31099,0,1.3322676295501878e-15,0.3303871058077814,0.9999999999999999,1.1102230246251565e-16,1.0,3.9550036723230955
sc_1886347_0798,31099,1,0.5680059356882722,0.8478331353958414,0.9999999999999999,1.1102230246251565e-16,0.9999999999999998,3.9550036723230955
sc_1886347_0798,31099,2,0.9691474266706532,1.1460322927808166,1.0,0.0,1.0,3.9550036723230955
sc_1886347_0798,31099,3,1.185021618806188,1.2471472272057218,1.0,0.0,1.0,3.9550036723230955
sc_1886347_0798,31099,4,1.2873583931280062,1.3278302764555283,1.0,0.0,1.0000000000000002,3.9550036723230955
sc_1886347_0798,31099,5,1.355273423963682,1.516940060040564,1.0,0.0,1.0,3.9550036723230955
sc_1886347_0799,31132,0,1.1102230246251565e-15,0.26298430267526585,0.9999999999999999,1.1102230246251565e-16,1.0,3.9730026175173387
sc_1886347_0799,31132,1,0.4612648886297668,0.8930264559564378,0.9999999999999999,1.1102230246251565e-16,1.0,3.9730026175173387
sc_1886347_0799,31132,2,1.0237163526007285,1.1448943934925495,1.0,0.0,0.9999999999999999,3.9730026175173387
sc_1886347_0799,31132,3,1.1855020418348168,1.254280022332757,1.0,0.0,1.0,3.9730026175173387
sc_1886347_0799,31132,4,1.2916728303112712,1.3222284599564846,0.9999999999999998,2.220446049250313e-16,1.0,3.9730026175173387
sc_1886347_0799,31132,5,1.3432330396739374,1.4915659231396192,1.0,0.0,1.0,3.9730026175173387
sc_1886347_0800,31165,0,2.220446049250313e-16,0.2730222877091395,1.0000000000000002,2.220446049250313e-16,1.0,3.925800190033209
sc_1886347_0800,31165,1,0.47660155269133897,0.8765276909218377,1.0000000000000002,2.220446049250313e-16,1.0,3.925800190033209
sc_1886347_0800,31165,2,0.9920035922072562,1.1787941652551361,1.0,0.0,1.0,3.925800190033209
sc_1886347_0800,31165,3,1.1929744392143815,1.2502191388277748,1.0,0.0,1.0,3.925800190033209
sc_1886347_0800,31165,4,1.2606530149353645,1.316612186687173,0.9999999999999999,1.1102230246251565e-16,1.0,3.925800190033209
sc_1886347_0800,31165,5,1.363000295286397,1.4498321757668513,1.0,0.0,1.0,3.925800190033209
sc_1886347_0801,31198,0,0.0,0.2491280874037669,1.0,0.0,1.0,3.9567715799741507
sc_1886347_0801,31198,1,0.6161937720255413,0.7656989442251244,1.0,0.0,1.0,3.9567715799741507
sc_1886347_0801,31198,2,1.0146284904704967,1.1618980098874936,1.0,0.0,1.0,3.9567715799741507
sc_1886347_0801,31198,3,1.199620207650262,1.2422583651577948,0.9999999999999999,1.1102230246251565e-16,1.0,3.9567715799741507
sc_1886347_0801,31198,4,1.277968980731442,1.3134738479632817,0.9999999999999998,2.220446049250313e-16,1.0000000000000002,3.9567715799741507
sc_1886347_0801,31198,5,1.3332482197107172,1.4429016654713311,1.0000000000000002,2.220446049250313e-16,1.0,3.9567715799741507
sc_1886347_0802,31230,0,-4.440892098500626e-16,0.13152700532073425,1.0,0.0,1.0,3.767547899072845
sc_1886347_0802,31230,1,0.5880657366278202,0.8727422952176198,1.0,0.0,1.0,3.767547899072845
sc_1886347_0802,31230,2,0.9236571984441909,1.1951676673275111,0.9999999999999999,1.1102230246251565e-16,1.0000000000000002,3.767547899072845
sc_1886347_0802,31230,3,1.212326358083798,1.255545427112543,1.0,0.0,1.0,3.767547899072845
sc_1886347_0802,31230,4,1.265762743819936,1.2998240746043659,1.0,0.0,1.0,3.767547899072845
sc_1886347_0802,31230,5,1.33590943771611,1.5097405937110282,1.0000000000000002,2.220446049250313e-16,1.0,3.767547899072845
sc_1886347_0803,31263,0,-1.1102230246251565e-15,0.1057122311742058,0.9999999999999999,1.1102230246251565e-16,1.0,3.9018094994144716
sc_1886347_0803,31263,1,0.6326624071323883,0.8648335021631854,0.9999999999999999,1.1102230246251565e-16,1.0000000000000002,3.9018094994144716
sc_1886347_0803,31263,2,1.0130920559645995,1.1875652095840654,0.9999999999999999,1.1102230246251565e-16,1.0000000000000002,3.9018094994144716
sc_1886347_0803,31263,3,1.2041571413976186,1.242652482389015,1.0,0.0,1.0,3.9018094994144716
sc_1886347_0803,31263,4,1.2659698508685002,1.2946416990977476,0.9999999999999999,1.1102230246251565e-16,0.9999999999999999,3.9018094994144716
sc_1886347_0803,31263,5,1.3308962380153446,1.5136170669607112,0.9999999999999999,1.1102230246251565e-16,1.0,3.9018094994144716
sc_1886347_0804,31296,0,-6.661338147750939e-16,0.1452344478080312,1.0,0.0,1.0,3.970739950525406
sc_1886347_0804,31296,1,0.5598546661568863,0.9326952832114741,1.0,0.0,1.0,3.970739950525406
sc_1886347_0804,31296,2,0.9661805469914192,1.148379815119271,1.0,0.0,0.9999999999999999,3.970739950525406
sc_1886347_0804,31296,3,1.188881533754486,1.2164729385269115,0.9999999999999998,2.220446049250313e-16,1.0,3.970739950525406
sc_1886347_0804,31296,4,1.2552585180459555,1.2931792222747718,0.9999999999999999,1.1102230246251565e-16,1.0,3.970739950525406
sc_1886347_0804,31296,5,1.3663880012364853,1.4859661242074371,1.0,0.0,1.0,3.970739950525406
sc_1886347_0805,31723,0,1.3322676295501878e-15,0.2273542740700576,0.9999999999999999,1.1102230246251565e-16,1.0,4.0293903979685926
sc_1886347_0805,31723,1,0.6141577232080011,0.927231320550418,0.9999999999999999,1.1102230246251565e-16,1.0,4.0293903979685926
sc_1886347_0805,31723,2,0.9913979277936709,1.128392309607543,1.0000000000000002,2.220446049250313e-16,1.0,4.0293903979685926
sc_1886347_0805,31723,3,1.174787475085867,1.1828903452054331,0.9999999999999999,1.1102230246251565e-16,1.0,4.0293903979685926
sc_1886347_0805,31723,4,1.2031106593213545,1.3317692985787115,1.0,0.0,1.0,4.0293903979685926
sc_1886347_0805,31723,5,1.3549043952090618,1.498141095184633,0.9999999999999999,1.1102230246251565e-16,1.0,4.0293903979685926
sc_1886347_0806,31756,0,1.1102230246251565e-15,0.18850493958706127,1.0,0.0,1.0,4.0203270271659814
sc_1886347_0806,31756,1,0.6114492230314645,0.9332107692770077,1.0,0.0,1.0,4.0203270271659814
sc_1886347_0806,31756,2,0.9984235385819872,1.1611649212059305,0.9999999999999999,1.1102230246251565e-16,1.0,4.0203270271659814
sc_1886347_0806,31756,3,1.176815166684215,1.1972521025253307,1.0,0.0,1.0,4.0203270271659814
sc_1886347_0806,31756,4,1.2281820141321345,1.3311661468370084,1.0,0.0,1.0000000000000002,4.0203270271659814
sc_1886347_0806,31756,5,1.345783104199369,1.4988742086610065,1.0000000000000002,2.220446049250313e-16,1.0,4.0203270271659814
sc_1886347_0807,31789,0,1.1102230246251565e-15,0.21098085328516158,1.0,0.0,1.0,3.9936553705420392
sc_1886347_0807,31789,1,0.5473455407022912,0.9238994261302603,0.9999999999999999,1.1102230246251565e-16,1.0000000000000002,3.9936553705420392
sc_1886347_0807,31789,2,1.0011561440032128,1.1580706382845694,1.0000000000000002,2.220446049250313e-16,1.0,3.9936553705420392
sc_1886347_0807,31789,3,1.197288724571199,1.214740662034846,0.9999999999999999,1.1102230246251565e-16,1.0,3.9936553705420392
sc_1886347_0807,31789,4,1.221708141148308,1.3261515998522877,0.9999999999999998,2.220446049250313e-16,0.9999999999999999,3.9936553705420392
sc_1886347_0807,31789,5,1.3535925145611158,1.4648875592590953,0.9999999999999999,1.1102230246251565e-16,1.0,3.9936553705420392
sc_1886347_0808,31821,0,1.1102230246251565e-15,0.1969519642871762,1.0,0.0,1.0,3.9957903452700725
sc_1886347_0808,31821,1,0.5526648307084489,0.8954870630426339,1.0,0.0,0.9999999999999999,3.9957903452700725
sc_1886347_0808,31821,2,0.9931459121510526,1.1487564864229092,1.0,0.0,1.0,3.9957903452700725
sc_1886347_0808,31821,3,1.1762366231751498,1.2164789701953198,1.0,0.0,1.0,3.9957903452700725
sc_1886347_0808,31821,4,1.2217212129295216,1.3343948853720227,1.0000000000000002,2.220446049250313e-16,1.0000000000000002,3.9957903452700725
sc_1886347_0808,31821,5,1.345794507690247,1.4864773201271007,0.9999999999999999,1.1102230246251565e-16,1.0,3.9957903452700725
sc_1886347_0809,31854,0,8.881784197001252e-16,0.18890326922329037,1.0,0.0,1.0,3.8195634081602208
sc_1886347_0809,31854,1,0.5442981007873855,0.8992318757814782,1.0,0.0,1.0,3.8195634081602208
sc_1886347_0809,31854,2,0.9778764014801299,1.165236555224218,1.0,0.0,1.0,3.8195634081602208
sc_1886347_0809,31854,3,1.213924713217233,1.2608871573067715,0.9999999999999999,1.1102230246251565e-16,1.0,3.8195634081602208
sc_1886347_0809,31854,4,1.2619894881645908,1.3487973804363937,1.0000000000000002,2.220446049250313e-16,1.0,3.8195634081602208
sc_1886347_0809,31854,5,1.3501846720555342,1.440664597575068,1.0,0.0,1.0,3.8195634081602208
sc_1886347_0810,31887,0,-1.1102230246251565e-15,0.17001537868152705,1.0,0.0,1.0,3.7855163992536425
sc_1886347_0810,31887,1,0.5096932917386208,0.8588131693492422,0.9999999999999998,2.220446049250313e-16,1.0,3.7855163992536425
sc_1886347_0810,31887,2,0.9757227217877076,1.1717225775812816,1.0,0.0,1.0000000000000002,3.7855163992536425
sc_1886347_0810,31887,3,1.1926362366699328,1.2277111979257684,1.0,0.0,1.0,3.7855163992536425
sc_1886347_0810,31887,4,1.2594253032317322,1.3394256693827058,0.9999999999999998,2.220446049250313e-16,1.0,3.7855163992536425
sc_1886347_0810,31887,5,1.3568905484400386,1.4917513530823792,1.0,0.0,1.0,3.7855163992536425
sc_1886347_0811,31920,0,0.0,0.28309244337379624,1.0000000000000002,2.220446049250313e-16,1.0,3.7272710734916275
sc_1886347_0811,31920,1,0.6147077490838905,0.8806521446149856,0.9999999999999998,2.220446049250313e-16,1.0,3.7272710734916275
sc_1886347_0811,31920,2,0.9127058824911974,1.1044723592245644,1.0,0.0,1.0000000000000002,3.7272710734916275
sc_1886347_0811,31920,3,1.13950269051343,1.226329816306205,1.0,0.0,1.0,3.7272710734916275
sc_1886347_0811,31920,4,1.271523719778271,1.370619520452499,1.0,0.0,1.0,3.7272710734916275
sc_1886347_0811,31920,5,1.3766030558388067,1.4861214014778699,1.0,0.0,1.0,3.7272710734916275
sc_1886347_0812,31952,0,-2.220446049250313e-16,0.3463903930367145,0.9999999999999999,1.1102230246251565e-16,1.0,3.869503837705546
sc_1886347_0812,31952,1,0.45003638415859104,0.9227919419258952,0.9999999999999999,1.1102230246251565e-16,1.0,3.869503837705546
sc_1886347_0812,31952,2,1.0007483171491196,1.168783101426268,1.0000000000000002,2.220446049250313e-16,1.0,3.869503837705546
sc_1886347_0812,31952,3,1.1869440934591942,1.2181204740419087,0.9999999999999999,1.1102230246251565e-16,1.0,3.869503837705546
sc_1886347_0812,31952,4,1.2630272432800544,1.3105410036611198,1.0,0.0,1.0,3.869503837705546
sc_1886347_0812,31952,5,1.3586903503053624,1.4780158983141154,1.0,0.0,1.0,3.869503837705546
sc_1886347_0813,31985,0,4.440892098500626e-16,0.3640068971384174,0.9999999999999999,1.1102230246251565e-16,1.0,4.223024900098993
sc_1886347_0813,31985,1,0.4540377468218725,0.8988191169870786,1.0,0.0,1.0,4.223024900098993
sc_1886347_0813,31985,2,0.9918702472620526,1.174061076586131,1.0,0.0,1.0,4.223024900098993
sc_1886347_0813,31985,3,1.199990816577201,1.233516389019852,0.9999999999999999,1.1102230246251565e-16,1.0,4.223024900098993
sc_1886347_0813,31985,4,1.3024937348346592,1.3163471110715415,1.0000000000000002,2.220446049250313e-16,1.0,4.223024900098993
sc_1886347_0813,31985,5,1.3288098041454743,1.4490213125347968,0.9999999999999999,1.1102230246251565e-16,1.0,4.223024900098993
sc_1886347_0814,32018,0,-6.426523899966042e-16,0.1530165641801804,0.9999999999999999,1.1102230246251565e-16,1.0,4.201298720859511
sc_1886347_0814,32018,1,0.6618446200104052,0.9443161191022775,1.0,0.0,0.9999999999999999,4.201298720859511
sc_1886347_0814,32018,2,0.9856664391913212,1.1727591431539672,0.9999999999999999,1.1102230246251565e-16,1.0,4.201298720859511
sc_1886347_0814,32018,3,1.2006570486442816,1.2611242941744458,0.9999999999999999,1.1102230246251565e-16,1.0,4.201298720859511
sc_1886347_0814,32018,4,1.273529027413084,1.2931746427578292,0.9999999999999999,1.1102230246251565e-16,1.0,4.201298720859511
sc_1886347_0814,32018,5,1.30969093270516,1.4547708791516805,1.0,0.0,1.0,4.201298720859511
sc_1886347_0815,32050,0,0.0,0.14750834258473988,1.0000000000000002,2.220446049250313e-16,1.0,3.8332866585195484
sc_1886347_0815,32050,1,0.6357712852332048,0.7876802755671961,1.0,0.0,0.9999999999999998,3.8332866585195484
sc_1886347_0815,32050,2,0.9869913687747787,1.1808049170358133,0.9999999999999999,1.1102230246251565e-16,1.0,3.8332866585195484
sc_1886347_0815,32050,3,1.201147085108698,1.2419804973762387,1.0000000000000002,2.220446049250313e-16,1.0,3.8332866585195484
sc_1886347_0815,32050,4,1.2670187643737132,1.2949382589846778,0.9999999999999999,1.1102230246251565e-16,1.0,3.8332866585195484
sc_1886347_0815,32050,5,1.350608496515829,1.5180863910184306,1.0000000000000002,2.220446049250313e-16,1.0,3.8332866585195484
sc_1886347_0816,32083,0,-4.440892098500626e-16,0.2449117135160963,0.9999999999999998,2.220446049250313e-16,1.0,4.089839216255267
sc_1886347_0816,32083,1,0.6679599305217897,0.8953738342957037,0.9999999999999999,1.1102230246251565e-16,1.0,4.089839216255267
sc_1886347_0816,32083,2,0.9790423468943739,1.173863442746785,1.0,0.0,1.0,4.089839216255267
sc_1886347_0816,32083,3,1.178942121432335,1.2373816550208616,0.9999999999999999,1.1102230246251565e-16,1.0,4.089839216255267
sc_1886347_0816,32083,4,1.2611532869612265,1.2994195255450967,1.0,0.0,1.0,4.089839216255267
sc_1886347_0816,32083,5,1.3562328388111813,1.4870820968577556,0.9999999999999999,1.1102230246251565e-16,1.0,4.089839216255267
sc_1886347_0817,32116,0,6.661338147750939e-16,0.485036371512398,0.9999999999999999,1.1102230246251565e-16,1.0,3.8715990517060526
sc_1886347_0817,32116,1,0.6549959710160734,0.8731314522910768,1.0,0.0,1.0,3.8715990517060526
sc_1886347_0817,32116,2,0.9208950056172794,1.169942779226777,0.9999999999999998,2.220446049250313e-16,1.0,3.8715990517060526
sc_1886347_0817,32116,3,1.1843409484003053,1.2223717691446785,0.9999999999999998,2.220446049250313e-16,1.0,3.8715990517060526
sc_1886347_0817,32116,4,1.2282237181834001,1.2679761718131435,0.9999999999999999,1.1102230246251565e-16,0.9999999999999998,3.8715990517060526
sc_1886347_0817,32116,5,1.3492748424761292,1.4715423274728707,1.0,0.0,1.0,3.8715990517060526
sc_1886347_0818,32148,0,6.661338147750939e-16,0.302843867842153,1.0,0.0,1.0,3.6371926903141256
sc_1886347_0818,32148,1,0.5927925063884878,0.9047624232051076,1.0,0.0,1.0000000000000002,3.6371926903141256
sc_1886347_0818,32148,2,0.9605135444582431,1.1361865850970176,1.0,0.0,1.0,3.6371926903141256
sc_1886347_0818,32148,3,1.1595946608818968,1.2503978227084571,1.0000000000000002,2.220446049250313e-16,1.0,3.6371926903141256
sc_1886347_0818,32148,4,1.265027699353848,1.2968714368279841,0.9999999999999999,1.1102230246251565e-16,1.0000000000000002,3.6371926903141256
sc_1886347_0818,32148,5,1.3414654320186203,1.4546042361665716,1.0,0.0,1.0,3.6371926903141256
sc_1886347_0819,32181,0,8.881784197001252e-16,0.3168402346376793,1.0,0.0,1.0,3.601057147985185
sc_1886347_0819,32181,1,0.39406135081974614,0.8702495062180985,1.0,0.0,1.0,3.601057147985185
sc_1886347_0819,32181,2,1.0006590909836701,1.1493884712028974,1.0,0.0,1.0,3.601057147985185
sc_1886347_0819,32181,3,1.225434546071137,1.2480985112620533,1.0000000000000002,2.220446049250313e-16,1.0,3.601057147985185
sc_1886347_0819,32181,4,1.2840277477749666,1.3433919664083003,0.9999999999999999,1.1102230246251565e-16,1.0,3.601057147985185
sc_1886347_0819,32181,5,1.38340171650275,1.5029303138435837,1.0,0.0,1.0,3.601057147985185
sc_1886347_0820,32389,0,-2.220446049250313e-16,0.2628430725357058,1.0,0.0,1.0,3.826942919746164
sc_1886347_0820,32389,1,0.5395461100573536,0.9529238417324825,1.0,0.0,1.0,3.826942919746164
sc_1886347_0820,32389,2,0.9960302041694471,1.1637935010656149,1.0,0.0,1.0,3.826942919746164
sc_1886347_0820,32389,3,1.217826749587619,1.2284860661135337,1.0,0.0,1.0,3.826942919746164
sc_1886347_0820,32389,4,1.2809101487332628,1.3306274468888124,1.0,0.0,1.0,3.826942919746164
sc_1886347_0820,32389,5,1.3515610599265644,1.4892518611496302,1.0,0.0,1.0,3.826942919746164
sc_1886347_0821,32421,0,-2.220446049250313e-16,0.28873337933950616,1.0000000000000002,2.220446049250313e-16,1.0,3.885344486806313
sc_1886347_0821,32421,1,0.5516370765654486,0.9054631510245138,0.9999999999999999,1.1102230246251565e-16,1.0,3.885344486806313
sc_1886347_0821,32421,2,0.9945532509345973,1.1371740390346476,1.0,0.0,1.0,3.885344486806313
sc_1886347_0821,32421,3,1.183805598012597,1.2243818417075254,0.9999999999999999,1.1102230246251565e-16,1.0,3.885344486806313
sc_1886347_0821,32421,4,1.2707317184489793,1.329022620076683,0.9999999999999999,1.1102230246251565e-16,1.0,3.885344486806313
sc_1886347_0821,32421,5,1.3626890456846004,1.4735548734977277,1.0,0.0,1.0,3.885344486806313
sc_1886347_0822,32454,0,2.220446049250313e-16,0.2477046989275673,1.0,0.0,1.0,3.512572684842867
sc_1886347_0822,32454,1,0.5017418296881118,0.8295920853017401,0.9999999999999998,2.220446049250313e-16,1.0,3.512572684842867
sc_1886347_0822,32454,2,0.9731577698652913,1.125712967613896,0.9999999999999999,1.1102230246251565e-16,1.0,3.512572684842867
sc_1886347_0822,32454,3,1.1707143727422267,1.2861129928979758,0.9999999999999998,2.220446049250313e-16,1.0,3.512572684842867
sc_1886347_0822,32454,4,1.2979932951909015,1.3457991970701426,0.9999999999999999,1.1102230246251565e-16,1.0000000000000002,3.512572684842867
sc_1886347_0822,32454,5,1.3755218046415305,1.5303037239980917,0.9999999999999998,2.220446049250313e-16,1.0,3.512572684842867
sc_1886347_0823,32487,0,4.440892098500626e-16,0.26102569440806045,1.0,0.0,1.0,3.6788045951281156
sc_1886347_0823,32487,1,0.5263315655591325,0.8218836813303605,0.9999999999999999,1.1102230246251565e-16,1.0,3.6788045951281156
sc_1886347_0823,32487,2,0.9603847349730114,1.1667315359847312,1.0,0.0,1.0,3.6788045951281156
sc_1886347_0823,32487,3,1.2061617493932304,1.2317113882299144,1.0,0.0,1.0,3.6788045951281156
sc_1886347_0823,32487,4,1.2402402238880839,1.3055862613130795,0.9999999999999999,1.1102230246251565e-16,1.0,3.6788045951281156
sc_1886347_0823,32487,5,1.3467432235028185,1.5565667455300423,1.0000000000000002,2.220446049250313e-16,1.0,3.6788045951281156
sc_1886347_0824,32520,0,-2.220446049250313e-16,0.3154156870701892,1.0,0.0,1.0,3.9006987319752895
sc_1886347_0824,32520,1,0.5300507783560944,0.8191668378173617,0.9999999999999999,1.1102230246251565e-16,1.0,3.9006987319752895
sc_1886347_0824,32520,2,0.9757754613449926,1.1393078091530193,0.9999999999999999,1.1102230246251565e-16,1.0,3.9006987319752895
sc_1886347_0824,32520,3,1.2004969663600575,1.2310218976568355,0.9999999999999999,1.1102230246251565e-16,1.0,3.9006987319752895
sc_1886347_0824,32520,4,1.2566265802393821,1.3032464424682892,1.0,0.0,1.0,3.9006987319752895
sc_1886347_0824,32520,5,1.3403305501022276,1.5116539604467791,0.9999999999999998,2.220446049250313e-16,1.0,3.9006987319752895
sc_1886347_0825,32552,0,6.661338147750939e-16,0.2797479405034391,1.0,0.0,1.0,3.7368160253403935
sc_1886347_0825,32552,1,0.46604345787308743,0.8140625469572296,1.0,0.0,1.0,3.7368160253403935
sc_1886347_0825,32552,2,0.9640451358342025,1.1187709631468867,1.0,0.0,1.0,3.7368160253403935
sc_1886347_0825,32552,3,1.1866193293904572,1.2446886355310893,1.0,0.0,1.0,3.7368160253403935
sc_1886347_0825,32552,4,1.2820503313944642,1.3164784799506208,1.0,0.0,1.0,3.7368160253403935
sc_1886347_0825,32552,5,1.3822405656884496,1.55106292867874,1.0,0.0,1.0,3.7368160253403935
sc_1886347_0826,32585,0,0.0,0.3437935198624349,1.0,0.0,1.0,3.808802358706475
sc_1886347_0826,32585,1,0.5167395332440238,0.8394427299155709,1.0,0.0,1.0000000000000002,3.808802358706475
sc_1886347_0826,32585,2,0.948780863485974,1.064248884352959,1.0,0.0,1.0000000000000002,3.808802358706475
sc_1886347_0826,32585,3,1.1592466296825383,1.2506391965534545,1.0,0.0,1.0,3.808802358706475
sc_1886347_0826,32585,4,1.266807454060125,1.345933626226734,0.9999999999999999,1.1102230246251565e-16,1.0,3.808802358706475
sc_1886347_0826,32585,5,1.3739818397788703,1.478213185614772,1.0,0.0,1.0,3.808802358706475
sc_1886347_0827,32618,0,4.440892098500626e-16,0.34977432052610125,0.9999999999999999,1.1102230246251565e-16,1.0,3.8782659216770887
sc_1886347_0827,32618,1,0.5608918963408371,0.87511417749944,1.0,0.0,1.0,3.8782659216770887
sc_1886347_0827,32618,2,0.9707118054707028,1.1298787894070095,1.0,0.0,1.0,3.8782659216770887
sc_1886347_0827,32618,3,1.142502457760945,1.2195685892646981,1.0000000000000002,2.220446049250313e-16,1.0,3.8782659216770887
sc_1886347_0827,32618,4,1.2758861094874303,1.3262443075332593,1.0,0.0,1.0,3.8782659216770887
sc_1886347_0827,32618,5,1.3450123865031154,1.4823201963630033,0.9999999999999998,2.220446049250313e-16,1.0,3.8782659216770887
sc_1886347_0828,32650,0,0.0,0.3391809513307473,1.0,0.0,1.0,3.8512908866202933
sc_1886347_0828,32650,1,0.5075696841654188,0.8352086122918505,1.0,0.0,1.0,3.8512908866202933
sc_1886347_0828,32650,2,0.9852395032534924,1.1600828724762626,0.9999999999999999,1.1102230246251565e-16,1.0,3.8512908866202933
sc_1886347_0828,32650,3,1.1889596864552145,1.2356753677335928,1.0,0.0,1.0,3.8512908866202933
sc_1886347_0828,32650,4,1.2591694708449896,1.3211946787312332,0.9999999999999999,1.1102230246251565e-16,1.0,3.8512908866202933
sc_1886347_0828,32650,5,1.3510742093303576,1.476350929360247,0.9999999999999999,1.1102230246251565e-16,1.0,3.8512908866202933
sc_1886347_0829,32683,0,0.0,0.33416611470456403,0.9999999999999998,2.220446049250313e-16,1.0,3.836374424302485
sc_1886347_0829,32683,1,0.5203864709861509,0.837270597488008,0.9999999999999998,2.220446049250313e-16,1.0,3.836374424302485
sc_1886347_0829,32683,2,0.9085618218235031,1.1601080059274553,1.0,0.0,1.0000000000000002,3.836374424302485
sc_1886347_0829,32683,3,1.1785983798499693,1.2588833031146311,1.0,0.0,1.0,3.836374424302485
sc_1886347_0829,32683,4,1.2763747125922287,1.32010898433471,1.0,0.0,1.0,3.836374424302485
sc_1886347_0829,32683,5,1.3654800342211622,1.5050826436951954,0.9999999999999999,1.1102230246251565e-16,1.0,3.836374424302485
sc_1886347_0830,32716,0,4.440892098500626e-16,0.3084880373128367,0.9999999999999999,1.1102230246251565e-16,1.0,3.9653304253059978
sc_1886347_0830,32716,1,0.5792905168701254,0.8550651904428483,0.9999999999999998,2.220446049250313e-16,1.0,3.9653304253059978
sc_1886347_0830,32716,2,0.9775285892095361,1.1665727106086479,0.9999999999999999,1.1102230246251565e-16,1.0,3.9653304253059978
sc_1886347_0830,32716,3,1.1901436047106524,1.2285038706656017,1.0000000000000002,2.220446049250313e-16,1.0,3.9653304253059978
sc_1886347_0830,32716,4,1.2391263323667934,1.3089302670934453,1.0,0.0,1.0,3.9653304253059978
sc_1886347_0830,32716,5,1.3749774730444362,1.5020767202138168,0.9999999999999996,4.440892098500626e-16,1.0,3.9653304253059978
sc_1886347_0831,32748,0,0.0,0.25599795049832474,1.0,0.0,1.0,3.900413414290142
sc_1886347_0831,32748,1,0.5698301800549607,0.8343982925024842,1.0000000000000002,2.220446049250313e-16,1.0,3.900413414290142
sc_1886347_0831,32748,2,0.9751888250216214,1.123962552755893,1.0,0.0,1.0000000000000002,3.900413414290142
sc_1886347_0831,32748,3,1.1932900723263296,1.267679534183405,1.0,0.0,1.0,3.900413414290142
sc_1886347_0831,32748,4,1.3104564869732815,1.334011806452214,1.0,0.0,1.0,3.900413414290142
sc_1886347_0831,32748,5,1.3564431074871461,1.4661122071298058,0.9999999999999998,2.220446049250313e-16,1.0,3.900413414290142
sc_1886347_0832,32781,0,0.0,0.25199064835621066,1.0,0.0,1.0,3.7997211100243193
sc_1886347_0832,32781,1,0.5522881392153296,0.8267003552332245,1.0,0.0,1.0,3.7997211100243193
sc_1886347_0832,32781,2,0.9843914151942355,1.1525773476203969,1.0,0.0,1.0,3.7997211100243193
sc_1886347_0832,32781,3,1.2267155699475873,1.2459423183284897,0.9999999999999999,1.1102230246251565e-16,1.0,3.7997211100243193
sc_1886347_0832,32781,4,1.2779266195882921,1.3321501214786031,1.0,0.0,0.9999999999999998,3.7997211100243193
sc_1886347_0832,32781,5,1.36147505536986,1.4822506203011725,1.0,0.0,1.0,3.7997211100243193
sc_1886347_0833,32814,0,4.440892098500626e-16,0.2812713814241796,1.0,0.0,1.0,3.851789070419355
sc_1886347_0833,32814,1,0.5926561362718318,0.9051910965456554,1.0,0.0,1.0,3.851789070419355
sc_1886347_0833,32814,2,1.020652494574298,1.1559626825107878,1.0,0.0,0.9999999999999999,3.851789070419355
sc_1886347_0833,32814,3,1.17105499114756,1.2191937105455954,0.9999999999999998,2.220446049250313e-16,1.0,3.851789070419355
sc_1886347_0833,32814,4,1.233464366042249,1.3015239147153783,1.0,0.0,1.0,3.851789070419355
sc_1886347_0833,32814,5,1.3493294266865967,1.5089176609046535,1.0,0.0,1.0,3.851789070419355
sc_1886347_0834,32847,0,-2.220446049250313e-16,0.2526219001390275,1.0,0.0,1.0,3.702961127050146
sc_1886347_0834,32847,1,0.5500047693027401,0.8818936250545426,1.0,0.0,1.0,3.702961127050146
sc_1886347_0834,32847,2,0.8982320445006423,1.125979706380576,1.0,0.0,1.0,3.702961127050146
sc_1886347_0834,32847,3,1.1576214651860839,1.2674228998520882,0.9999999999999999,1.1102230246251565e-16,1.0,3.702961127050146
sc_1886347_0834,32847,4,1.2866318444493112,1.333632377552034,1.0,0.0,1.0,3.702961127050146
sc_1886347_0834,32847,5,1.3832674822641249,1.5271742069221297,1.0000000000000002,2.220446049250313e-16,1.0,3.702961127050146
sc_1886347_0835,32879,0,4.440892098500626e-16,0.3112599058071457,1.0000000000000002,2.220446049250313e-16,1.0,3.899953986121343
sc_1886347_0835,32879,1,0.6329285971625447,0.8889744944124759,1.0,0.0,1.0,3.899953986121343
sc_1886347_0835,32879,2,0.9195676533416198,1.1526833726539703,0.9999999999999999,1.1102230246251565e-16,1.0,3.899953986121343
sc_1886347_0835,32879,3,1.1638937276705705,1.2148340451594282,1.0,0.0,1.0,3.899953986121343
sc_1886347_0835,32879,4,1.2403557685830768,1.3015085520195742,0.9999999999999999,1.1102230246251565e-16,1.0,3.899953986121343
sc_1886347_0835,32879,5,1.3593961294175292,1.4690907612873312,0.9999999999999998,2.220446049250313e-16,1.0,3.899953986121343
sc_1886347_0836,32912,0,-2.220446049250313e-16,0.29938453222647876,0.9999999999999999,1.1102230246251565e-16,1.0,3.890174555649648
sc_1886347_0836,32912,1,0.5952064826965694,0.812996502774642,1.0,0.0,1.0000000000000002,3.890174555649648
sc_1886347_0836,32912,2,0.9007873826761502,1.153068222470707,0.9999999999999999,1.1102230246251565e-16,1.0,3.890174555649648
sc_1886347_0836,32912,3,1.2025959315273336,1.2417918562938033,0.9999999999999999,1.1102230246251565e-16,1.0,3.890174555649648
sc_1886347_0836,32912,4,1.2712433579572866,1.3341915661223336,0.9999999999999999,1.1102230246251565e-16,1.0,3.890174555649648
sc_1886347_0836,32912,5,1.3644442584404062,1.4917699196476255,0.9999999999999999,1.1102230246251565e-16,1.0,3.890174555649648
sc_1886347_0837,32945,0,2.220446049250313e-16,0.23892967574241775,1.0,0.0,1.0,3.832765213368707
sc_1886347_0837,32945,1,0.5057268339674272,0.8877634271986751,1.0,0.0,0.9999999999999999,3.832765213368707
sc_1886347_0837,32945,2,0.9703958719266824,1.1462012008339721,1.0,0.0,1.0,3.832765213368707
sc_1886347_0837,32945,3,1.1605837255567515,1.2508517105647827,0.9999999999999999,1.1102230246251565e-16,1.0,3.832765213368707
sc_1886347_0837,32945,4,1.2712890005054616,1.3184432399056092,0.9999999999999999,1.1102230246251565e-16,1.0,3.832765213368707
sc_1886347_0837,32945,5,1.4001313383829885,1.5078064220403222,1.0,0.0,1.0,3.832765213368707
sc_1886347_0838,32977,0,0.0,0.20586619316850663,1.0,0.0,1.0,3.9929006028925023
sc_1886347_0838,32977,1,0.6445647505499924,0.8946033814670017,0.9999999999999998,2.220446049250313e-16,1.0,3.9929006028925023
sc_1886347_0838,32977,2,0.9579141446776194,1.1762047055391882,0.9999999999999999,1.1102230246251565e-16,1.0,3.9929006028925023
sc_1886347_0838,32977,3,1.1833949356560933,1.229315854156917,1.0000000000000002,2.220446049250313e-16,1.0,3.9929006028925023
sc_1886347_0838,32977,4,1.2506054169829193,1.3047047114425785,0.9999999999999999,1.1102230246251565e-16,1.0,3.9929006028925023
sc_1886347_0838,32977,5,1.3439799350114159,1.5222943145253136,0.9999999999999999,1.1102230246251565e-16,1.0,3.9929006028925023
sc_1886347_0839,33010,0,-4.440892098500626e-16,0.3276824185823044,1.0,0.0,1.0,4.217830866607524
sc_1886347_0839,33010,1,0.6469532946371285,0.8581894773888874,1.0,0.0,0.9999999999999998,4.217830866607524
sc_1886347_0839,33010,2,0.9542605998057213,1.162071194250049,0.9999999999999999,1.1102230246251565e-16,1.0,4.217830866607524
sc_1886347_0839,33010,3,1.1649817181803026,1.2082300205147032,0.9999999999999999,1.1102230246251565e-16,1.0,4.217830866607524
sc_1886347_0839,33010,4,1.220033222164909,1.2894194573550932,1.0,0.0,1.0,4.217830866607524
sc_1886347_0839,33010,5,1.339713128309689,1.515257012140384,1.0,0.0,1.0,4.217830866607524
sc_1886347_0840,33043,0,0.0,0.3388249039617397,0.9999999999999999,1.1102230246251565e-16,1.0,4.3782399443982865
sc_1886347_0840,33043,1,0.6061173739422643,0.8987817877374534,0.9999999999999999,1.1102230246251565e-16,1.0,4.3782399443982865
sc_1886347_0840,33043,2,0.9189698141624282,1.150486042719163,1.0,0.0,1.0,4.3782399443982865
sc_1886347_0840,33043,3,1.1996392855159363,1.2283925459636509,0.9999999999999999,1.1102230246251565e-16,1.0,4.3782399443982865
sc_1886347_0840,33043,4,1.2566540211406978,1.294492259349029,0.9999999999999998,2.220446049250313e-16,1.0,4.3782399443982865
sc_1886347_0840,33043,5,1.3376344641739468,1.4798239447892325,1.0,0.0,1.0,4.3782399443982865
sc_1886347_0841,33075,0,-2.220446049250313e-16,0.26194700143437943,1.0,0.0,1.0,4.280769945263534
sc_1886347_0841,33075,1,0.5131737621790569,0.9160983059103545,1.0,0.0,1.0,4.280769945263534
sc_1886347_0841,33075,2,1.035726960871691,1.1733001910549892,0.9999999999999999,1.1102230246251565e-16,1.0,4.280769945263534
sc_1886347_0841,33075,3,1.1810949114857978,1.2375100021612035,1.0,0.0,1.0,4.280769945263534
sc_1886347_0841,33075,4,1.2465518113888008,1.289201973799634,0.9999999999999998,2.220446049250313e-16,1.0,4.280769945263534
sc_1886347_0841,33075,5,1.3026192885871934,1.4558801224642448,1.0,0.0,1.0,4.280769945263534
sc_1886347_0842,33108,0,4.440892098500626e-16,0.3129132267717889,0.9999999999999999,1.1102230246251565e-16,1.0,3.8778465094292343
sc_1886347_0842,33108,1,0.5561077675189126,0.8593501704423795,0.9999999999999999,1.1102230246251565e-16,0.9999999999999998,3.8778465094292343
sc_1886347_0842,33108,2,0.8993561467878863,1.156480246558707,1.0,0.0,1.0000000000000002,3.8778465094292343
sc_1886347_0842,33108,3,1.163324603281771,1.2078062985395017,0.9999999999999999,1.1102230246251565e-16,1.0,3.8778465094292343
sc_1886347_0842,33108,4,1.2413634315219528,1.2967425261911893,1.0000000000000002,2.220446049250313e-16,1.0000000000000002,3.8778465094292343
sc_1886347_0842,33108,5,1.3546535797011536,1.506040817192451,1.0,0.0,1.0,3.8778465094292343
sc_1886347_0843,33272,0,2.220446049250313e-16,0.2792016125996897,1.0,0.0,1.0,3.9636204576638976
sc_1886347_0843,33272,1,0.5532570357912615,0.8684057191872311,1.0,0.0,1.0000000000000002,3.9636204576638976
sc_1886347_0843,33272,2,0.9552052280961351,1.1550115684381197,0.9999999999999998,2.220446049250313e-16,1.0,3.9636204576638976
sc_1886347_0843,33272,3,1.1719769973084042,1.2567121422044207,1.0,0.0,1.0,3.9636204576638976
sc_1886347_0843,33272,4,1.2883492204387692,1.3210144073472283,1.0,0.0,1.0,3.9636204576638976
sc_1886347_0843,33272,5,1.3527606805497947,1.48047498515134,1.0,0.0,1.0,3.9636204576638976
sc_1886347_0844,33305,0,0.0,0.24963597201326038,0.9999999999999999,1.1102230246251565e-16,1.0,3.8685227492514542
sc_1886347_0844,33305,1,0.5387382384061995,0.8703016047243487,1.0,0.0,1.0,3.8685227492514542
sc_1886347_0844,33305,2,0.9611097038141944,1.1419230912148226,1.0,0.0,1.0,3.8685227492514542
sc_1886347_0844,33305,3,1.1784878514751602,1.2494059713170056,1.0,0.0,1.0,3.8685227492514542
sc_1886347_0844,33305,4,1.2830238975953516,1.3158901332728594,0.9999999999999999,1.1102230246251565e-16,1.0,3.8685227492514542
sc_1886347_0844,33305,5,1.3590121333732068,1.47783668898967,1.0,0.0,1.0,3.8685227492514542
sc_1886347_0845,33337,0,0.0,0.2266285521622433,1.0000000000000002,2.220446049250313e-16,1.0,4.105217397704473
sc_1886347_0845,33337,1,0.5009280644574285,0.9142810560427501,0.9999999999999999,1.1102230246251565e-16,1.0,4.105217397704473
sc_1886347_0845,33337,2,0.9866038204932861,1.1193478692494843,1.0,0.0,1.0,4.105217397704473
sc_1886347_0845,33337,3,1.1250867292511835,1.2122561524469464,0.9999999999999998,2.220446049250313e-16,1.0,4.105217397704473
sc_1886347_0845,33337,4,1.2673845141965212,1.3671515245482992,0.9999999999999999,1.1102230246251565e-16,1.0000000000000002,4.105217397704473
sc_1886347_0845,33337,5,1.3747313858728831,1.5249762790653567,1.0000000000000002,2.220446049250313e-16,1.0,4.105217397704473
sc_1886347_0846,33370,0,4.440892098500626e-16,0.1704301037552669,1.0,0.0,1.0,3.8496914014912207
sc_1886347_0846,33370,1,0.38510972702492174,0.9619222817941254,1.0,0.0,1.0,3.8496914014912207
sc_1886347_0846,33370,2,1.0038667065097224,1.1725915181644677,1.0,0.0,1.0,3.8496914014912207
sc_1886347_0846,33370,3,1.209613329104304,1.2573573677928578,1.0,0.0,1.0,3.8496914014912207
sc_1886347_0846,33370,4,1.2633301793982807,1.3264215203542156,1.0,0.0,1.0,3.8496914014912207
sc_1886347_0846,33370,5,1.352695174138229,1.4751800753159752,1.0,0.0,1.0,3.8496914014912207
sc_1886347_0847,33403,0,4.440892098500626e-16,0.2611879717319745,0.9999999999999998,2.220446049250313e-16,1.0,3.765725361964909
sc_1886347_0847,33403,1,0.4538266757607119,0.8341554612677504,0.9999999999999998,2.220446049250313e-16,1.0,3.765725361964909
sc_1886347_0847,33403,2,0.9715272146590416,1.1246919755459484,1.0,0.0,0.9999999999999999,3.765725361964909
sc_1886347_0847,33403,3,1.2105168093602625,1.245907641664386,1.0,0.0,1.0,3.765725361964909
sc_1886347_0847,33403,4,1.2859341476310577,1.338407223558138,1.0,0.0,1.0,3.765725361964909
sc_1886347_0847,33403,5,1.3974886091003258,1.5163853633688078,1.0,0.0,1.0,3.765725361964909
sc_1886347_0848,33625,0,-4.440892098500626e-16,0.36490921571622126,1.0,0.0,1.0,3.983156963840366
sc_1886347_0848,33625,1,0.5697427479600892,0.9353521344262603,1.0,0.0,0.9999999999999999,3.983156963840366
sc_1886347_0848,33625,2,0.9472062529097546,1.0926225937897982,1.0,0.0,1.0000000000000002,3.983156963840366
sc_1886347_0848,33625,3,1.1615050598033072,1.220536020283034,1.0,0.0,1.0,3.983156963840366
sc_1886347_0848,33625,4,1.281654870840861,1.316243345308615,1.0,0.0,1.0,3.983156963840366
sc_1886347_0848,33625,5,1.3543720044083303,1.5036324250024196,0.9999999999999999,1.1102230246251565e-16,1.0,3.983156963840366
sc_1886347_0849,33658,0,-1.1102230246251565e-15,0.3209945427776759,0.9999999999999999,1.1102230246251565e-16,1.0,3.8610072467628065
sc_1886347_0849,33658,1,0.5273125016261466,0.9182408622123287,0.9999999999999997,3.3306690738754696e-16,0.9999999999999998,3.8610072467628065
sc_1886347_0849,33658,2,0.9896723077252917,1.124936570961331,1.0,0.0,1.0,3.8610072467628065
sc_1886347_0849,33658,3,1.1749610251497211,1.2251611588103453,0.9999999999999999,1.1102230246251565e-16,1.0,3.8610072467628065
sc_1886347_0849,33658,4,1.2426890990522192,1.3284022101628392,1.0,0.0,1.0,3.8610072467628065
sc_1886347_0849,33658,5,1.3635272423320755,1.4907541197143617,0.9999999999999999,1.1102230246251565e-16,1.0,3.8610072467628065
sc_1886347_0850,33691,0,-2.220446049250313e-16,0.37538167180783355,0.9999999999999998,2.220446049250313e-16,1.0,4.033853832544767
sc_1886347_0850,33691,1,0.4685319175741305,0.9228152933093743,0.9999999999999998,2.220446049250313e-16,1.0000000000000002,4.033853832544767
sc_1886347_0850,33691,2,0.9757606373054359,1.1510486411941172,1.0,0.0,1.0000000000000002,4.033853832544767
sc_1886347_0850,33691,3,1.189787316302427,1.222425056686607,1.0000000000000002,2.220446049250313e-16,1.0,4.033853832544767
sc_1886347_0850,33691,4,1.2518321126355725,1.2975459804812495,0.9999999999999999,1.1102230246251565e-16,1.0,4.033853832544767
sc_1886347_0850,33691,5,1.3302645442959307,1.4980947496097927,1.0,0.0,1.0,4.033853832544767
sc_1886347_0851,33723,0,0.0,0.43346583181126186,1.0,0.0,1.0,4.169124516033632
sc_1886347_0851,33723,1,0.5655347017458133,0.8717715919379727,1.0,0.0,1.0,4.169124516033632
sc_1886347_0851,33723,2,0.9331419665408378,1.1260497657965347,1.0,0.0,1.0,4.169124516033632
sc_1886347_0851,33723,3,1.162802746220617,1.2184449047369417,1.0,0.0,1.0,4.169124516033632
sc_1886347_0851,33723,4,1.2595855638240738,1.3019447553902168,1.0,0.0,0.9999999999999998,4.169124516033632
sc_1886347_0851,33723,5,1.357154042238586,1.4852308677844428,1.0,0.0,1.0,4.169124516033632
sc_1886347_0852,33756,0,2.220446049250313e-16,0.3058891531113168,0.9999999999999999,1.1102230246251565e-16,1.0,3.9461788216894242
sc_1886347_0852,33756,1,0.5649297267353455,0.8770387514207424,1.0000000000000002,2.220446049250313e-16,1.0,3.9461788216894242
sc_1886347_0852,33756,2,0.9886655324024591,1.1444617741805123,1.0,0.0,1.0,3.9461788216894242
sc_1886347_0852,33756,3,1.1776626734885471,1.221281510658149,0.9999999999999999,1.1102230246251565e-16,1.0,3.9461788216894242
sc_1886347_0852,33756,4,1.230081241172409,1.3271705358961214,0.9999999999999999,1.1102230246251565e-16,1.0,3.9461788216894242
sc_1886347_0852,33756,5,1.350698449124752,1.4738465525080895,1.0000000000000002,2.220446049250313e-16,1.0,3.9461788216894242
sc_1886347_0853,33789,0,4.440892098500626e-16,0.38484190406157426,1.0,0.0,1.0,4.2673704596572835
sc_1886347_0853,33789,1,0.5719201087675427,0.8374956509545508,0.9999999999999999,1.1102230246251565e-16,1.0,4.2673704596572835
sc_1886347_0853,33789,2,0.9908197064301518,1.1141689644954118,1.0,0.0,1.0,4.2673704596572835
sc_1886347_0853,33789,3,1.161039502442692,1.2221147444040723,1.0,0.0,1.0,4.2673704596572835
sc_1886347_0853,33789,4,1.2272606008676414,1.3260130401997652,1.0,0.0,1.0,4.2673704596572835
sc_1886347_0853,33789,5,1.3334545289109299,1.4964452185840522,0.9999999999999999,1.1102230246251565e-16,1.0,4.2673704596572835
sc_1886347_0854,33821,0,4.440892098500626e-16,0.38747936530355,1.0000000000000002,2.220446049250313e-16,1.0,3.8268479540296183
sc_1886347_0854,33821,1,0.4540489278630915,0.8823133236127008,0.9999999999999999,1.1102230246251565e-16,0.9999999999999999,3.8268479540296183
sc_1886347_0854,33821,2,0.9816148592171305,1.173948915176714,1.0000000000000002,2.220446049250313e-16,1.0,3.8268479540296183
sc_1886347_0854,33821,3,1.1831414251401737,1.2285390728884718,1.0,0.0,1.0,3.8268479540296183
sc_1886347_0854,33821,4,1.2544075419688994,1.308140987415145,0.9999999999999999,1.1102230246251565e-16,1.0,3.8268479540296183
sc_1886347_0854,33821,5,1.3315228646071229,1.4907882446294847,1.0,0.0,1.0,3.8268479540296183
sc_1886347_0855,33854,0,4.440892098500626e-16,0.424992632253284,0.9999999999999999,1.1102230246251565e-16,1.0,4.1401466233434805
sc_1886347_0855,33854,1,0.5987583308625195,0.8885436970784212,0.9999999999999999,1.1102230246251565e-16,1.0,4.1401466233434805
sc_1886347_0855,33854,2,0.9607009041464161,1.1236131794303643,0.9999999999999999,1.1102230246251565e-16,1.0,4.1401466233434805
sc_1886347_0855,33854,3,1.1601199280122656,1.2314330604655364,1.0000000000000002,2.220446049250313e-16,1.0,4.1401466233434805
sc_1886347_0855,33854,4,1.2483510466598817,1.3589529240358387,1.0,0.0,1.0,4.1401466233434805
sc_1886347_0855,33854,5,1.3772265245225466,1.470536667740598,1.0,0.0,1.0,4.1401466233434805
sc_1886347_0856,33887,0,6.661338147750939e-16,0.40448113253254947,0.9999999999999999,1.1102230246251565e-16,1.0,4.264363384359408
sc_1886347_0856,33887,1,0.5257842830444052,0.8998996655669039,0.9999999999999999,1.1102230246251565e-16,0.9999999999999998,4.264363384359408
sc_1886347_0856,33887,2,1.0014238032812055,1.1513611304768858,1.0000000000000002,2.220446049250313e-16,1.0,4.264363384359408
sc_1886347_0856,33887,3,1.2145570764264702,1.259932862051123,0.9999999999999999,1.1102230246251565e-16,1.0,4.264363384359408
sc_1886347_0856,33887,4,1.263316686729549,1.2924827070694627,1.0,0.0,1.0,4.264363384359408
sc_1886347_0856,33887,5,1.3306887879456128,1.42357808458977,1.0,0.0,1.0,4.264363384359408
sc_1886347_0857,33920,0,4.440892098500626e-16,0.3921314266568572,0.9999999999999999,1.1102230246251565e-16,1.0,4.412359755096344
sc_1886347_0857,33920,1,0.589636710423076,0.8906554709045252,1.0,0.0,1.0000000000000002,4.412359755096344
sc_1886347_0857,33920,2,0.9376354571125582,1.1456971844880615,1.0,0.0,1.0,4.412359755096344
sc_1886347_0857,33920,3,1.1593041163380635,1.2612265801223996,0.9999999999999999,1.1102230246251565e-16,1.0,4.412359755096344
sc_1886347_0857,33920,4,1.2690471789373146,1.3117118199674842,1.0,0.0,1.0,4.412359755096344
sc_1886347_0857,33920,5,1.3422384344855183,1.4911407350009416,1.0,0.0,1.0,4.412359755096344
sc_1886347_0858,33952,0,1.5543122344752192e-15,0.3863230839812739,1.0,0.0,1.0,4.028378134131268
sc_1886347_0858,33952,1,0.46641164134486224,0.8142956408306974,0.9999999999999999,1.1102230246251565e-16,1.0,4.028378134131268
sc_1886347_0858,33952,2,1.0076254003861367,1.1840455258459825,1.0,0.0,1.0,4.028378134131268
sc_1886347_0858,33952,3,1.1940575570347278,1.23984838812172,1.0,0.0,1.0,4.028378134131268
sc_1886347_0858,33952,4,1.2587451973602384,1.3251075287024303,1.0,0.0,1.0,4.028378134131268
sc_1886347_0858,33952,5,1.365154191674126,1.4870045924813375,1.0,0.0,1.0,4.028378134131268
sc_1886347_0859,33985,0,1.3322676295501878e-15,0.4200996897684601,0.9999999999999999,1.1102230246251565e-16,1.0,4.167599802670063
sc_1886347_0859,33985,1,0.567075759058592,0.8086564218449519,1.0,0.0,1.0,4.167599802670063
sc_1886347_0859,33985,2,0.934891367817944,1.1569569014238743,1.0,0.0,0.9999999999999998,4.167599802670063
sc_1886347_0859,33985,3,1.1993360362831968,1.2506466624029047,1.0,0.0,1.0,4.167599802670063
sc_1886347_0859,33985,4,1.2632755558786126,1.32839531454345,1.0,0.0,1.0,4.167599802670063
sc_1886347_0859,33985,5,1.380167631421988,1.469941842715165,1.0000000000000002,2.220446049250313e-16,1.0,4.167599802670063
sc_1886347_0860,34018,0,0.0,0.3718384016160319,1.0,0.0,1.0,4.19359418476448
sc_1886347_0860,34018,1,0.5702575714545057,0.8954529918698932,0.9999999999999998,2.220446049250313e-16,1.0,4.19359418476448
sc_1886347_0860,34018,2,1.0060873693943577,1.1569671659626697,1.0,0.0,1.0,4.19359418476448
sc_1886347_0860,34018,3,1.2106496195886836,1.2330274121570373,1.0,0.0,1.0,4.19359418476448
sc_1886347_0860,34018,4,1.2619890328631773,1.2965013022205925,0.9999999999999996,4.440892098500626e-16,1.0,4.19359418476448
sc_1886347_0860,34018,5,1.3333555238627164,1.4842817961654566,0.9999999999999999,1.1102230246251565e-16,1.0,4.19359418476448
sc_1886347_0861,34050,0,1.3322676295501878e-15,0.35673167366250214,0.9999999999999999,1.1102230246251565e-16,1.0,4.208312199840318
sc_1886347_0861,34050,1,0.5954876778601683,0.8878431677092182,0.9999999999999999,1.1102230246251565e-16,1.0,4.208312199840318
sc_1886347_0861,34050,2,0.986296488121772,1.1399854595350036,1.0,0.0,1.0,4.208312199840318
sc_1886347_0861,34050,3,1.1684121486115722,1.230748572766031,1.0000000000000002,2.220446049250313e-16,1.0,4.208312199840318
sc_1886347_0861,34050,4,1.2647254052232844,1.337860956407769,0.9999999999999999,1.1102230246251565e-16,1.0,4.208312199840318
sc_1886347_0861,34050,5,1.3594267420543702,1.4869067458672278,0.9999999999999998,2.220446049250313e-16,1.0,4.208312199840318
sc_1886347_0862,34083,0,4.440892098500626e-16,0.29150707440438195,1.0,0.0,1.0,4.024471617329364
sc_1886347_0862,34083,1,0.4212011350076854,0.8175996641459178,1.0,0.0,1.0,4.024471617329364
sc_1886347_0862,34083,2,1.055907656315715,1.1684007074867566,1.0,0.0,0.9999999999999999,4.024471617329364
sc_1886347_0862,34083,3,1.1939803468677803,1.2141634528138225,1.0,0.0,1.0,4.024471617329364
sc_1886347_0862,34083,4,1.2422853263232474,1.338679474672286,1.0,0.0,0.9999999999999999,4.024471617329364
sc_1886347_0862,34083,5,1.357078316580782,1.4626453830155635,1.0,0.0,1.0,4.024471617329364
sc_1886347_0863,34116,0,0.0,0.3141231500322115,0.9999999999999999,1.1102230246251565e-16,1.0,3.9918428143424007
sc_1886347_0863,34116,1,0.4228393378402233,0.9299038146325814,0.9999999999999999,1.1102230246251565e-16,1.0,3.9918428143424007
sc_1886347_0863,34116,2,0.9586404783858662,1.1555113396307608,1.0,0.0,1.0,3.9918428143424007
sc_1886347_0863,34116,3,1.2004370973316147,1.2332836394713793,1.0,0.0,1.0,3.9918428143424007
sc_1886347_0863,34116,4,1.2667985137325024,1.319504680956542,1.0000000000000002,2.220446049250313e-16,1.0,3.9918428143424007
sc_1886347_0863,34116,5,1.3461364935105313,1.4785675229355326,0.9999999999999999,1.1102230246251565e-16,1.0,3.9918428143424007
sc_1886347_0864,34148,0,2.220446049250313e-16,0.3201451780570126,0.9999999999999999,1.1102230246251565e-16,1.0,3.739297243512864
sc_1886347_0864,34148,1,0.43499820556500257,0.9183802707698487,1.0,0.0,1.0,3.739297243512864
sc_1886347_0864,34148,2,0.9684086694275297,1.1119419355410978,1.0,0.0,1.0,3.739297243512864
sc_1886347_0864,34148,3,1.2110076118383262,1.2600450736824227,0.9999999999999999,1.1102230246251565e-16,1.0,3.739297243512864
sc_1886347_0864,34148,4,1.2719087157758366,1.3341258118979336,1.0000000000000002,2.220446049250313e-16,1.0,3.739297243512864
sc_1886347_0864,34148,5,1.359316963363789,1.510125321155174,1.0,0.0,1.0,3.739297243512864
sc_1886347_0865,34181,0,4.440892098500626e-16,0.3053297628651652,0.9999999999999999,1.1102230246251565e-16,1.0,3.8974486483354815
sc_1886347_0865,34181,1,0.4483578259445826,0.8607834138101369,1.0,0.0,1.0,3.8974486483354815
sc_1886347_0865,34181,2,0.9460838861484505,1.1517300617018518,0.9999999999999998,2.220446049250313e-16,1.0,3.8974486483354815
sc_1886347_0865,34181,3,1.1620484719394826,1.2465716377220815,1.0000000000000002,2.220446049250313e-16,1.0,3.8974486483354815
sc_1886347_0865,34181,4,1.2638619789945345,1.3243147782154925,1.0,0.0,1.0,3.8974486483354815
sc_1886347_0865,34181,5,1.3547554307813086,1.4862906448625806,0.9999999999999998,2.220446049250313e-16,1.0,3.8974486483354815
sc_1886347_0866,34214,0,-4.440892098500626e-16,0.3581652438151979,1.0,0.0,1.0,4.114419289522905
sc_1886347_0866,34214,1,0.5040351483319666,0.8145611732741758,1.0,0.0,1.0,4.114419289522905
sc_1886347_0866,34214,2,0.9674025917504799,1.1301111336000007,1.0,0.0,1.0,4.114419289522905
sc_1886347_0866,34214,3,1.1821758707734344,1.267625045267733,1.0,0.0,1.0,4.114419289522905
sc_1886347_0866,34214,4,1.2993037556057943,1.3185763868487619,0.9999999999999998,2.220446049250313e-16,1.0,4.114419289522905
sc_1886347_0866,34214,5,1.3392293489969298,1.4325210142258726,1.0,0.0,1.0,4.114419289522905
sc_1886347_0867,34247,0,2.220446049250313e-16,0.32551308470146645,0.9999999999999999,1.1102230246251565e-16,1.0,4.091704380864029
sc_1886347_0867,34247,1,0.41619134786663836,0.9068265990586853,0.9999999999999998,2.220446049250313e-16,0.9999999999999999,4.091704380864029
sc_1886347_0867,34247,2,0.9923271826780855,1.1616709250162525,0.9999999999999998,2.220446049250313e-16,1.0,4.091704380864029
sc_1886347_0867,34247,3,1.1670596940296534,1.2492901065680673,1.0,0.0,1.0,4.091704380864029
sc_1886347_0867,34247,4,1.2624769563158997,1.326110541410973,1.0,0.0,1.0,4.091704380864029
sc_1886347_0867,34247,5,1.3495062686395354,1.4947404831639983,1.0,0.0,1.0,4.091704380864029
sc_1886347_0868,34279,0,-2.220446049250313e-16,0.280416673778493,1.0,0.0,1.0,4.058167789721546
sc_1886347_0868,34279,1,0.4989867604714491,0.9367686119945795,0.9999999999999998,2.220446049250313e-16,1.0,4.058167789721546
sc_1886347_0868,34279,2,1.0036861971064381,1.1725821947753663,0.9999999999999998,2.220446049250313e-16,0.9999999999999998,4.058167789721546
sc_1886347_0868,34279,3,1.1880736931397984,1.2483663082976784,0.9999999999999999,1.1102230246251565e-16,1.0,4.058167789721546
sc_1886347_0868,34279,4,1.2867782700976986,1.2965664939090673,0.9999999999999999,1.1102230246251565e-16,1.0,4.058167789721546
sc_1886347_0868,34279,5,1.3492961118392153,1.449109688638533,1.0,0.0,1.0,4.058167789721546
sc_1886347_0869,34312,0,8.881784197001252e-16,0.25370592362747524,0.9999999999999998,2.220446049250313e-16,1.0,4.05417602923526
sc_1886347_0869,34312,1,0.38095506365763576,0.9622218962724763,1.0,0.0,1.0000000000000002,4.05417602923526
sc_1886347_0869,34312,2,1.0212364994733445,1.1704493181055988,1.0000000000000002,2.220446049250313e-16,1.0,4.05417602923526
sc_1886347_0869,34312,3,1.1927189929870474,1.2513302123605274,0.9999999999999999,1.1102230246251565e-16,1.0,4.05417602923526
sc_1886347_0869,34312,4,1.2655477339918892,1.3045730468237342,0.9999999999999999,1.1102230246251565e-16,1.0,4.05417602923526
sc_1886347_0869,34312,5,1.3090272682069795,1.4746938839221573,1.0,0.0,1.0,4.05417602923526
sc_1886347_0870,34345,0,8.881784197001252e-16,0.22752209758455266,1.0,0.0,1.0,3.972623986393189
sc_1886347_0870,34345,1,0.7165077905225894,0.9226586928051517,0.9999999999999999,1.1102230246251565e-16,1.0,3.972623986393189
sc_1886347_0870,34345,2,0.992271821834511,1.179059450469136,0.9999999999999999,1.1102230246251565e-16,0.9999999999999999,3.972623986393189
sc_1886347_0870,34345,3,1.193009197742022,1.2218415605949433,0.9999999999999999,1.1102230246251565e-16,1.0,3.972623986393189
sc_1886347_0870,34345,4,1.2256477070605882,1.2941430348913887,0.9999999999999999,1.1102230246251565e-16,1.0,3.972623986393189
sc_1886347_0870,34345,5,1.334045361517557,1.4699573486118096,1.0,0.0,1.0,3.972623986393189
sc_1886347_0871,34377,0,2.220446049250313e-16,0.3221642653774601,0.9999999999999999,1.1102230246251565e-16,1.0,3.8291400168741205
sc_1886347_0871,34377,1,0.4739999280027185,0.7530252836528482,0.9999999999999998,2.220446049250313e-16,1.0,3.8291400168741205
sc_1886347_0871,34377,2,1.0064111707524517,1.1532807131493648,1.0000000000000002,2.220446049250313e-16,1.0,3.8291400168741205
sc_1886347_0871,34377,3,1.2079242797333412,1.2527394579319162,1.0,0.0,1.0,3.8291400168741205
sc_1886347_0871,34377,4,1.2889168384808583,1.328003179879031,1.0,0.0,1.0,3.8291400168741205
sc_1886347_0871,34377,5,1.3711088878439965,1.4917481910031722,0.9999999999999999,1.1102230246251565e-16,1.0,3.8291400168741205
sc_1886347_0872,34410,0,8.881784197001252e-16,0.1954776431726475,1.0,0.0,1.0,3.819113670199221
sc_1886347_0872,34410,1,0.45630937204335553,0.8669010407657708,1.0,0.0,1.0,3.819113670199221
sc_1886347_0872,34410,2,0.9785104285873345,1.13543787785507,1.0,0.0,1.0,3.819113670199221
sc_1886347_0872,34410,3,1.1552289140354726,1.2667655803467501,1.0,0.0,1.0,3.819113670199221
sc_1886347_0872,34410,4,1.274899007338535,1.3573326342150684,0.9999999999999999,1.1102230246251565e-16,1.0,3.819113670199221
sc_1886347_0872,34410,5,1.391125060792266,1.51387565012924,1.0,0.0,1.0,3.819113670199221
sc_1886347_0873,34443,0,6.661338147750939e-16,0.19082148537734733,0.9999999999999999,1.1102230246251565e-16,1.0,3.894982157546493
sc_1886347_0873,34443,1,0.41106110790925454,0.9076929671763244,0.9999999999999999,1.1102230246251565e-16,0.9999999999999998,3.894982157546493
sc_1886347_0873,34443,2,1.0169848399487558,1.167630529095541,0.9999999999999999,1.1102230246251565e-16,0.9999999999999999,3.894982157546493
sc_1886347_0873,34443,3,1.1761527339080222,1.2338193207632735,0.9999999999999999,1.1102230246251565e-16,1.0,3.894982157546493
sc_1886347_0873,34443,4,1.2746786446332374,1.3535378267495937,0.9999999999999999,1.1102230246251565e-16,1.0,3.894982157546493
sc_1886347_0873,34443,5,1.3945134447341874,1.498702083219812,0.9999999999999999,1.1102230246251565e-16,1.0,3.894982157546493
sc_1886347_0874,34475,0,-2.220446049250313e-16,0.188367980316559,0.9999999999999999,1.1102230246251565e-16,1.0,3.547540548036654
sc_1886347_0874,34475,1,0.49628268522804664,0.8404261634594895,0.9999999999999999,1.1102230246251565e-16,1.0,3.547540548036654
sc_1886347_0874,34475,2,0.9702199861530746,1.192533779618474,1.0,0.0,1.0,3.547540548036654
sc_1886347_0874,34475,3,1.2068784259760625,1.2784314230673945,0.9999999999999999,1.1102230246251565e-16,1.0,3.547540548036654
sc_1886347_0874,34475,4,1.3114369350342543,1.3644072570340493,1.0,0.0,1.0,3.547540548036654
sc_1886347_0874,34475,5,1.3879846888993468,1.5296904973643535,0.9999999999999999,1.1102230246251565e-16,1.0,3.547540548036654
sc_1886347_0875,34508,0,4.440892098500626e-16,0.17913617979126184,1.0,0.0,1.0,3.9251318510534228
sc_1886347_0875,34508,1,0.4942031339990861,0.9631042354965067,1.0,0.0,1.0,3.9251318510534228
sc_1886347_0875,34508,2,0.995051456363012,1.1904284056404177,0.9999999999999999,1.1102230246251565e-16,1.0,3.9251318510534228
sc_1886347_0875,34508,3,1.19871378831394,1.22642560320211,1.0,0.0,1.0,3.9251318510534228
sc_1886347_0875,34508,4,1.2660170543395455,1.3091955793825112,0.9999999999999999,1.1102230246251565e-16,1.0,3.9251318510534228
sc_1886347_0875,34508,5,1.325983064918545,1.4510657655697903,0.9999999999999999,1.1102230246251565e-16,1.0,3.9251318510534228
sc_1886347_0876,34541,0,2.220446049250313e-16,0.16055316558121047,1.0000000000000002,2.220446049250313e-16,1.0,3.77998200204417
sc_1886347_0876,34541,1,0.4724927465471731,0.9476978432160648,1.0000000000000004,4.440892098500626e-16,1.0000000000000002,3.77998200204417
sc_1886347_0876,34541,2,1.0449579088281518,1.1728952515745261,1.0,0.0,1.0,3.77998200204417
sc_1886347_0876,34541,3,1.1873617929035791,1.2304637955399191,0.9999999999999999,1.1102230246251565e-16,1.0,3.77998200204417
sc_1886347_0876,34541,4,1.2763272975734665,1.3060545752215822,1.0,0.0,1.0,3.77998200204417
sc_1886347_0876,34541,5,1.3339798051418101,1.4701304683517153,0.9999999999999998,2.220446049250313e-16,1.0,3.77998200204417
sc_1886347_0877,34574,0,2.220446049250313e-16,0.24548160698396693,1.0000000000000002,2.220446049250313e-16,1.0,3.7407871573472535
sc_1886347_0877,34574,1,0.48118344549002745,0.9185158447870805,1.0,0.0,1.0,3.7407871573472535
sc_1886347_0877,34574,2,0.9952564857780997,1.1377252178350081,0.9999999999999998,2.220446049250313e-16,1.0,3.7407871573472535
sc_1886347_0877,34574,3,1.188496174437844,1.251365048495463,0.9999999999999999,1.1102230246251565e-16,1.0,3.7407871573472535
sc_1886347_0877,34574,4,1.281481331986979,1.314455043116404,1.0000000000000002,2.220446049250313e-16,1.0,3.7407871573472535
sc_1886347_0877,34574,5,1.3680027439165505,1.4670834066697542,1.0,0.0,1.0,3.7407871573472535
sc_1886347_0878,34606,0,8.881784197001252e-16,0.451646790193434,1.0,0.0,1.0,3.9030842739356055
sc_1886347_0878,34606,1,0.47312718470309445,0.8793548396146764,0.9999999999999999,1.1102230246251565e-16,1.0,3.9030842739356055
sc_1886347_0878,34606,2,0.9767274618997549,1.1422870494112964,0.9999999999999999,1.1102230246251565e-16,1.0,3.9030842739356055
sc_1886347_0878,34606,3,1.1609580085565792,1.1965454210558122,1.0,0.0,1.0,3.9030842739356055
sc_1886347_0878,34606,4,1.2430274552782727,1.3439025379552627,1.0,0.0,1.0,3.9030842739356055
sc_1886347_0878,34606,5,1.3776166345128595,1.50123443261432,1.0,0.0,1.0,3.9030842739356055
sc_1886347_0879,34639,0,0.0,0.3712452969096638,0.9999999999999998,2.220446049250313e-16,1.0,3.8589779721281574
sc_1886347_0879,34639,1,0.5077404853250285,0.8851986141819695,1.0,0.0,1.0,3.8589779721281574
sc_1886347_0879,34639,2,1.0003820511590105,1.1281220185859857,0.9999999999999999,1.1102230246251565e-16,1.0,3.8589779721281574
sc_1886347_0879,34639,3,1.1561718707532496,1.232298751179159,0.9999999999999999,1.1102230246251565e-16,1.0,3.8589779721281574
sc_1886347_0879,34639,4,1.2593876857954664,1.3398819378587508,0.9999999999999998,2.220446049250313e-16,1.0,3.8589779721281574
sc_1886347_0879,34639,5,1.377003352946573,1.4811400534578236,0.9999999999999998,2.220446049250313e-16,1.0,3.8589779721281574
sc_1886347_0880,34672,0,2.220446049250313e-16,0.308410013797084,0.9999999999999999,1.1102230246251565e-16,1.0,3.8093188746801077
sc_1886347_0880,34672,1,0.5841452982669343,0.917839276263131,0.9999999999999998,2.220446049250313e-16,1.0,3.8093188746801077
sc_1886347_0880,34672,2,1.015416666312022,1.1337141012822938,1.0,0.0,1.0000000000000002,3.8093188746801077
sc_1886347_0880,34672,3,1.1678790989322367,1.2241358454632256,0.9999999999999999,1.1102230246251565e-16,1.0,3.8093188746801077
sc_1886347_0880,34672,4,1.2547377993052231,1.3213525233967023,0.9999999999999997,3.3306690738754696e-16,1.0,3.8093188746801077
sc_1886347_0880,34672,5,1.3325862374819468,1.4883396728285443,1.0,0.0,1.0,3.8093188746801077
sc_1886347_0881,34704,0,2.220446049250313e-16,0.23457074766550878,1.0,0.0,1.0,3.7211580960665716
sc_1886347_0881,34704,1,0.6100165819842439,0.8995155318823561,0.9999999999999999,1.1102230246251565e-16,1.0000000000000002,3.7211580960665716
sc_1886347_0881,34704,2,0.9633262508915091,1.1174533034669811,1.0,0.0,1.0,3.7211580960665716
sc_1886347_0881,34704,3,1.1945995452025218,1.2425998870814032,1.0000000000000002,2.220446049250313e-16,1.0,3.7211580960665716
sc_1886347_0881,34704,4,1.2498498213878388,1.307085719525493,0.9999999999999998,2.220446049250313e-16,1.0,3.7211580960665716
sc_1886347_0881,34704,5,1.328710556352913,1.5023298976481116,1.0,0.0,1.0,3.7211580960665716
sc_1886347_0882,34737,0,8.881784197001252e-16,0.3211922480642002,0.9999999999999999,1.1102230246251565e-16,1.0,3.7455496921410387
sc_1886347_0882,34737,1,0.6473835922614586,0.8990798530278419,1.0,0.0,1.0000000000000002,3.7455496921410387
sc_1886347_0882,34737,2,0.9381665802089012,1.1096220391730331,1.0,0.0,0.9999999999999999,3.7455496921410387
sc_1886347_0882,34737,3,1.1485263491644253,1.2298461772997147,1.0,0.0,1.0,3.7455496921410387
sc_1886347_0882,34737,4,1.2477675668889492,1.3007950094304834,1.0,0.0,1.0,3.7455496921410387
sc_1886347_0882,34737,5,1.3126390159324397,1.5527907053169778,1.0,0.0,1.0,3.7455496921410387
sc_1886347_0883,34867,0,2.220446049250313e-16,0.29206779738353483,0.9999999999999999,1.1102230246251565e-16,1.0,3.8430428440575
sc_1886347_0883,34867,1,0.46864384112485036,0.9033252416564409,0.9999999999999998,2.220446049250313e-16,1.0,3.8430428440575
sc_1886347_0883,34867,2,0.9488795963095605,1.163045025026951,1.0,0.0,1.0,3.8430428440575
sc_1886347_0883,34867,3,1.1907912905054217,1.243859631024576,0.9999999999999998,2.220446049250313e-16,1.0,3.8430428440575
sc_1886347_0883,34867,4,1.2598303657715164,1.2941398957100851,1.0,0.0,1.0,3.8430428440575
sc_1886347_0883,34867,5,1.313835945077553,1.4615509208249347,0.9999999999999999,1.1102230246251565e-16,1.0,3.8430428440575
sc_1886347_0884,34899,0,0.0,0.30079626055814956,0.9999999999999999,1.1102230246251565e-16,1.0,3.6996805653874683
sc_1886347_0884,34899,1,0.47428327539077664,0.8302660108478183,1.0,0.0,0.9999999999999999,3.6996805653874683
sc_1886347_0884,34899,2,0.9636411009753577,1.1501566031813382,0.9999999999999999,1.1102230246251565e-16,0.9999999999999999,3.6996805653874683
sc_1886347_0884,34899,3,1.206413041528085,1.2400292101575028,0.9999999999999997,3.3306690738754696e-16,1.0,3.6996805653874683
sc_1886347_0884,34899,4,1.294821114889948,1.3102457700955557,0.9999999999999998,2.220446049250313e-16,1.0,3.6996805653874683
sc_1886347_0884,34899,5,1.3790966689774908,1.5006320915594462,1.0,0.0,1.0,3.6996805653874683
sc_1886347_0885,34932,0,4.440892098500626e-16,0.4064392358377402,1.0000000000000002,2.220446049250313e-16,1.0,4.064013264561445
sc_1886347_0885,34932,1,0.5872801262716877,0.8656243607177627,1.0000000000000004,4.440892098500626e-16,1.0,4.064013264561445
sc_1886347_0885,34932,2,0.9248463597295021,1.1628182323608582,0.9999999999999999,1.1102230246251565e-16,1.0,4.064013264561445
sc_1886347_0885,34932,3,1.190968882439241,1.2592707668221532,1.0,0.0,1.0,4.064013264561445
sc_1886347_0885,34932,4,1.2683620219660756,1.3011658831792265,1.0,0.0,1.0,4.064013264561445
sc_1886347_0885,34932,5,1.318544166946575,1.4843178771752905,1.0,0.0,1.0,4.064013264561445
sc_1886347_0886,34965,0,1.9984014443252818e-15,0.40006901421753494,1.0,0.0,1.0,3.998965310777199
sc_1886347_0886,34965,1,0.4565083633064233,0.8757476966807547,1.0000000000000002,2.220446049250313e-16,1.0,3.998965310777199
sc_1886347_0886,34965,2,0.9619645180274866,1.1414098139470175,1.0,0.0,1.0,3.998965310777199
sc_1886347_0886,34965,3,1.2070308946937065,1.2390838917153237,0.9999999999999999,1.1102230246251565e-16,1.0,3.998965310777199
sc_1886347_0886,34965,4,1.2510150848251953,1.3012416383011847,0.9999999999999998,2.220446049250313e-16,1.0,3.998965310777199
sc_1886347_0886,34965,5,1.3537848447727425,1.5572664535513865,1.0000000000000002,2.220446049250313e-16,1.0,3.998965310777199
sc_1886347_0887,34997,0,0.0,0.3386883024106777,0.9999999999999998,2.220446049250313e-16,1.0,3.818386207118384
sc_1886347_0887,34997,1,0.5350624781946385,0.8708685748914315,1.0000000000000002,2.220446049250313e-16,1.0,3.818386207118384
sc_1886347_0887,34997,2,1.0134608505054934,1.2024102652178925,1.0,0.0,1.0000000000000002,3.818386207118384
sc_1886347_0887,34997,3,1.212811341248165,1.221008079556934,0.9999999999999999,1.1102230246251565e-16,1.0,3.818386207118384
sc_1886347_0887,34997,4,1.2233137619113241,1.283934557314911,0.9999999999999999,1.1102230246251565e-16,1.0,3.818386207118384
sc_1886347_0887,34997,5,1.297825481562602,1.4732341357827874,1.0,0.0,1.0,3.818386207118384
sc_1886347_0888,35030,0,2.220446049250313e-16,0.3724072357608099,1.0,0.0,1.0,3.8489526190842405
sc_1886347_0888,35030,1,0.5029883299961069,0.7989275478281875,1.0,0.0,1.0,3.8489526190842405
sc_1886347_0888,35030,2,0.9082795196811831,1.0865859017428396,1.0,0.0,1.0,3.8489526190842405
sc_1886347_0888,35030,3,1.1822314371181957,1.2412128802402542,1.0000000000000002,2.220446049250313e-16,1.0,3.8489526190842405
sc_1886347_0888,35030,4,1.2845216783344962,1.3458700406466861,0.9999999999999998,2.220446049250313e-16,1.0,3.8489526190842405
sc_1886347_0888,35030,5,1.3674945056489596,1.5097497812264062,1.0,0.0,1.0,3.8489526190842405
sc_1886347_0889,35063,0,4.440892098500626e-16,0.2874096604175804,0.9999999999999998,2.220446049250313e-16,1.0,4.120801286862324
sc_1886347_0889,35063,1,0.5382779905689923,0.8811694191201008,1.0,0.0,1.0,4.120801286862324
sc_1886347_0889,35063,2,0.9661235725067397,1.1366638554203963,1.0,0.0,1.0,4.120801286862324
sc_1886347_0889,35063,3,1.1618308940508593,1.226629273112717,1.0,0.0,1.0,4.120801286862324
sc_1886347_0889,35063,4,1.2628683669859713,1.3497364930461446,1.0,0.0,1.0,4.120801286862324
sc_1886347_0889,35063,5,1.3791559384711973,1.4753774083318925,1.0,0.0,1.0,4.120801286862324
sc_1886347_0890,35096,0,-2.220446049250313e-16,0.28741455686762696,0.9999999999999999,1.1102230246251565e-16,1.0,3.996367070991982
sc_1886347_0890,35096,1,0.5596597543457505,0.8222933787149693,1.0,0.0,1.0,3.996367070991982
sc_1886347_0890,35096,2,0.9485121318961733,1.1261476848323362,1.0,0.0,1.0,3.996367070991982
sc_1886347_0890,35096,3,1.167645269830327,1.2427389274128342,1.0,0.0,1.0,3.996367070991982
sc_1886347_0890,35096,4,1.2722617151338054,1.3439487434989994,0.9999999999999999,1.1102230246251565e-16,1.0,3.996367070991982
sc_1886347_0890,35096,5,1.3835360772690206,1.5263936628254517,1.0,0.0,1.0,3.996367070991982
sc_1886347_0891,35128,0,6.661338147750939e-16,0.31859897570367357,1.0,0.0,1.0,3.879923912884508
sc_1886347_0891,35128,1,0.6237815815442564,0.7198217629377603,1.0,0.0,1.0,3.879923912884508
sc_1886347_0891,35128,2,0.9869585106583603,1.135189079012561,1.0,0.0,1.0000000000000002,3.879923912884508
sc_1886347_0891,35128,3,1.1504367629159022,1.217486420483774,1.0,0.0,1.0,3.879923912884508
sc_1886347_0891,35128,4,1.2503293948350154,1.3741928935482715,1.0,0.0,1.0000000000000002,3.879923912884508
sc_1886347_0891,35128,5,1.4121001606972186,1.526151803256446,1.0,0.0,1.0,3.879923912884508
sc_1886347_0892,35161,0,4.440892098500626e-16,0.33666587199301157,1.0,0.0,1.0,3.929534237976757
sc_1886347_0892,35161,1,0.6040710253451249,0.7545397515286308,1.0,0.0,1.0,3.929534237976757
sc_1886347_0892,35161,2,0.9926276785924772,1.114132276089454,1.0,0.0,1.0,3.929534237976757
sc_1886347_0892,35161,3,1.1634240341839668,1.2304197819008333,0.9999999999999999,1.1102230246251565e-16,1.0,3.929534237976757
sc_1886347_0892,35161,4,1.2464169287730922,1.3323333361216958,1.0000000000000002,2.220446049250313e-16,1.0,3.929534237976757
sc_1886347_0892,35161,5,1.376737768109081,1.4889681778952208,1.0,0.0,1.0,3.929534237976757
sc_1886347_0893,35194,0,0.0,0.3391999422307288,0.9999999999999998,2.220446049250313e-16,1.0,4.011542085163645
sc_1886347_0893,35194,1,0.5921441407221022,0.8529039229959132,1.0,0.0,1.0,4.011542085163645
sc_1886347_0893,35194,2,0.9604175237375068,1.145520282846025,1.0,0.0,1.0,4.011542085163645
sc_1886347_0893,35194,3,1.176811576893221,1.222082990581312,0.9999999999999999,1.1102230246251565e-16,1.0,4.011542085163645
sc_1886347_0893,35194,4,1.2711115349389042,1.3217531997623853,0.9999999999999998,2.220446049250313e-16,1.0,4.011542085163645
sc_1886347_0893,35194,5,1.365391009237554,1.4951818574049156,1.0,0.0,1.0,4.011542085163645
sc_1886347_0894,35226,0,2.220446049250313e-16,0.211216631153198,1.0,0.0,1.0,3.77245146647104
sc_1886347_0894,35226,1,0.5086747962350882,0.8963776345742183,1.0,0.0,1.0,3.77245146647104
sc_1886347_0894,35226,2,0.9693404306204054,1.1472121244715423,1.0,0.0,1.0,3.77245146647104
sc_1886347_0894,35226,3,1.186945790158489,1.2184303720395748,1.0,0.0,1.0,3.77245146647104
sc_1886347_0894,35226,4,1.2472159246563859,1.3538195375538173,0.9999999999999999,1.1102230246251565e-16,1.0,3.77245146647104
sc_1886347_0894,35226,5,1.3840762083189009,1.485267081847659,1.0,0.0,1.0,3.77245146647104
sc_1886347_0895,35259,0,-4.440892098500626e-16,0.1839304426271151,1.0,0.0,1.0,3.599807052980193
sc_1886347_0895,35259,1,0.5520763838251074,0.9200530545804071,0.9999999999999998,2.220446049250313e-16,1.0,3.599807052980193
sc_1886347_0895,35259,2,0.9596364266521775,1.1244273120300219,0.9999999999999998,2.220446049250313e-16,1.0,3.599807052980193
sc_1886347_0895,35259,3,1.1718070076520253,1.2582353859284254,0.9999999999999999,1.1102230246251565e-16,1.0,3.599807052980193
sc_1886347_0895,35259,4,1.2748704160402187,1.3159909198026645,1.0,0.0,1.0,3.599807052980193
sc_1886347_0895,35259,5,1.3497361687277591,1.514809560370552,1.0000000000000002,2.220446049250313e-16,1.0,3.599807052980193
sc_1886347_0896,35292,0,1.1102230246251565e-15,0.28241504194681877,1.0,0.0,1.0,3.854252105749108
sc_1886347_0896,35292,1,0.5977975699278977,0.9183156711780583,1.0,0.0,1.0000000000000002,3.854252105749108
sc_1886347_0896,35292,2,0.9539928490530649,1.1640996076235304,1.0,0.0,1.0,3.854252105749108
sc_1886347_0896,35292,3,1.1829142006060769,1.2257817167794902,0.9999999999999999,1.1102230246251565e-16,1.0,3.854252105749108
sc_1886347_0896,35292,4,1.2413406563179379,1.3079568686211636,0.9999999999999999,1.1102230246251565e-16,1.0,3.854252105749108
sc_1886347_0896,35292,5,1.3406506121345085,1.5042240168515502,1.0,0.0,1.0,3.854252105749108
sc_1886347_0897,35324,0,1.1102230246251565e-15,0.36016482172073605,0.9999999999999998,2.220446049250313e-16,1.0,3.9883903123264455
sc_1886347_0897,35324,1,0.5699042274423531,0.844573466296867,0.9999999999999998,2.220446049250313e-16,1.0,3.9883903123264455
sc_1886347_0897,35324,2,0.9685459050986468,1.1525076247326085,1.0,0.0,1.0,3.9883903123264455
sc_1886347_0897,35324,3,1.1684320811743094,1.2277804305629023,1.0,0.0,1.0,3.9883903123264455
sc_1886347_0897,35324,4,1.2487857709633523,1.338999662965314,0.9999999999999999,1.1102230246251565e-16,1.0,3.9883903123264455
sc_1886347_0897,35324,5,1.3508558020682837,1.502981078604106,1.0,0.0,1.0,3.9883903123264455
sc_1886347_0898,35357,0,0.0,0.4064376387640585,0.9999999999999999,1.1102230246251565e-16,1.0,3.945754550548238
sc_1886347_0898,35357,1,0.4725905213860617,0.843523863167319,1.0,0.0,1.0000000000000002,3.945754550548238
sc_1886347_0898,35357,2,0.9485177602284001,1.133378199438472,1.0,0.0,1.0,3.945754550548238
sc_1886347_0898,35357,3,1.1932771287652988,1.2468776446914809,0.9999999999999999,1.1102230246251565e-16,1.0,3.945754550548238
sc_1886347_0898,35357,4,1.2825852932822415,1.335237116506282,0.9999999999999999,1.1102230246251565e-16,1.0,3.945754550548238
sc_1886347_0898,35357,5,1.3654289587223662,1.4847991657101909,0.9999999999999999,1.1102230246251565e-16,1.0,3.945754550548238
sc_1886347_0899,35390,0,2.220446049250313e-16,0.3096298397003554,1.0,0.0,1.0,3.8565297930957554
sc_1886347_0899,35390,1,0.5222307782463523,0.8671220941848038,0.9999999999999999,1.1102230246251565e-16,1.0,3.8565297930957554
sc_1886347_0899,35390,2,0.929728601633601,1.1437829311242484,0.9999999999999999,1.1102230246251565e-16,1.0,3.8565297930957554
sc_1886347_0899,35390,3,1.1842160292798956,1.2280780283682624,1.0000000000000002,2.220446049250313e-16,1.0,3.8565297930957554
sc_1886347_0899,35390,4,1.2577865065509728,1.327750221437914,1.0,0.0,1.0,3.8565297930957554
sc_1886347_0899,35390,5,1.3709219424798023,1.5060276989591057,0.9999999999999999,1.1102230246251565e-16,1.0,3.8565297930957554
sc_1886347_0900,35423,0,0.0,0.24521188863264265,1.0,0.0,1.0,4.021041065054217
sc_1886347_0900,35423,1,0.6828029993336442,0.887094590768402,1.0,0.0,1.0,4.021041065054217
sc_1886347_0900,35423,2,0.9252856615670516,1.1285539616157234,1.0,0.0,1.0,4.021041065054217
sc_1886347_0900,35423,3,1.1799088736182073,1.2369015185178538,1.0,0.0,1.0,4.021041065054217
sc_1886347_0900,35423,4,1.275837633678903,1.3341701185077648,1.0,0.0,1.0,4.021041065054217
sc_1886347_0900,35423,5,1.362595461840505,1.4436925617769858,1.0,0.0,1.0,4.021041065054217
sc_1886347_0901,35455,0,4.440892098500626e-16,0.3423046360102966,1.0,0.0,1.0,4.137523703248009
sc_1886347_0901,35455,1,0.7232264179188638,0.8426387656730037,1.0000000000000002,2.220446049250313e-16,1.0,4.137523703248009
sc_1886347_0901,35455,2,0.9339712486055538,1.1125767220312963,0.9999999999999999,1.1102230246251565e-16,1.0,4.137523703248009
sc_1886347_0901,35455,3,1.1632762756010293,1.236401983013429,1.0,0.0,1.0,4.137523703248009
sc_1886347_0901,35455,4,1.2574421492553416,1.325726921756513,0.9999999999999999,1.1102230246251565e-16,1.0,4.137523703248009
sc_1886347_0901,35455,5,1.347928954336239,1.4606194696183514,1.0,0.0,1.0,4.137523703248009
sc_1886347_0902,35488,0,6.661338147750939e-16,0.31229526958586984,1.0,0.0,1.0,3.793738397428386
sc_1886347_0902,35488,1,0.5790224116270136,0.7980086005177778,0.9999999999999999,1.1102230246251565e-16,1.0000000000000002,3.793738397428386
sc_1886347_0902,35488,2,0.9454225077629868,1.140961757265286,1.0,0.0,1.0,3.793738397428386
sc_1886347_0902,35488,3,1.19429234861189,1.235010000884555,1.0,0.0,1.0,3.793738397428386
sc_1886347_0902,35488,4,1.2512463179154971,1.3031314172326638,0.9999999999999999,1.1102230246251565e-16,1.0,3.793738397428386
sc_1886347_0902,35488,5,1.364176801126208,1.502681641859708,1.0,0.0,1.0,3.793738397428386
sc_1886347_0903,35521,0,0.0,0.2112618383711795,1.0,0.0,1.0,3.689175899780492
sc_1886347_0903,35521,1,0.5132228981261763,0.8691382162893065,1.0,0.0,1.0,3.689175899780492
sc_1886347_0903,35521,2,0.9879063518851475,1.1162035879029908,1.0,0.0,1.0,3.689175899780492
sc_1886347_0903,35521,3,1.1907182261322695,1.2508074351704797,1.0,0.0,1.0,3.689175899780492
sc_1886347_0903,35521,4,1.290195995576762,1.3492240951030174,0.9999999999999999,1.1102230246251565e-16,1.0,3.689175899780492
sc_1886347_0903,35521,5,1.3773806785288178,1.4833910251901166,0.9999999999999999,1.1102230246251565e-16,1.0,3.689175899780492
sc_1886347_0904,35553,0,8.881784197001252e-16,0.27319882098942494,0.9999999999999999,1.1102230246251565e-16,1.0,3.7652455078991736
sc_1886347_0904,35553,1,0.4401295005261723,0.8994342882806966,0.9999999999999999,1.1102230246251565e-16,1.0,3.7652455078991736
sc_1886347_0904,35553,2,0.9796874102240611,1.1061028554585999,1.0,0.0,1.0,3.7652455078991736
sc_1886347_0904,35553,3,1.1663533249599227,1.233509876891743,0.9999999999999999,1.1102230246251565e-16,1.0,3.7652455078991736
sc_1886347_0904,35553,4,1.2696313615733488,1.355896420942351,1.0,0.0,1.0000000000000002,3.7652455078991736
sc_1886347_0904,35553,5,1.4172284773021835,1.4869589959984315,1.0,0.0,1.0,3.7652455078991736
sc_1886347_0905,35586,0,-2.220446049250313e-16,0.23585061412734354,1.0,0.0,1.0,3.7395537128201832
sc_1886347_0905,35586,1,0.43593643756994194,0.8814632795319013,0.9999999999999999,1.1102230246251565e-16,1.0,3.7395537128201832
sc_1886347_0905,35586,2,0.9373025448257579,1.154150086977769,1.0,0.0,1.0000000000000002,3.7395537128201832
sc_1886347_0905,35586,3,1.2121995904591243,1.2305833982727221,1.0,0.0,1.0,3.7395537128201832
sc_1886347_0905,35586,4,1.2521567459280867,1.3196709933107045,1.0,0.0,1.0,3.7395537128201832
sc_1886347_0905,35586,5,1.401361181098789,1.4999675643371493,1.0,0.0,1.0,3.7395537128201832
sc_1886347_0906,35619,0,0.0,0.17900828615547137,1.0,0.0,1.0,3.614631562139736
sc_1886347_0906,35619,1,0.4190477100321326,0.917967398867425,1.0000000000000002,2.220446049250313e-16,1.0,3.614631562139736
sc_1886347_0906,35619,2,0.9583625528943891,1.1882540968011663,1.0,0.0,1.0,3.614631562139736
sc_1886347_0906,35619,3,1.2016944763925872,1.220152718981136,1.0,0.0,1.0,3.614631562139736
sc_1886347_0906,35619,4,1.2468461451238884,1.2842921414300232,1.0,0.0,1.0,3.614631562139736
sc_1886347_0906,35619,5,1.3725809743155661,1.516920978904303,1.0,0.0,1.0,3.614631562139736
sc_1886347_0907,35651,0,6.661338147750939e-16,0.1815233175015183,1.0,0.0,1.0,3.6612135796080616
sc_1886347_0907,35651,1,0.40004308567505675,0.872000180444421,1.0,0.0,1.0000000000000002,3.6612135796080616
sc_1886347_0907,35651,2,0.9552971151786527,1.1673847919268048,1.0,0.0,1.0,3.6612135796080616
sc_1886347_0907,35651,3,1.1971120433996658,1.2439074262370462,0.9999999999999999,1.1102230246251565e-16,1.0,3.6612135796080616
sc_1886347_0907,35651,4,1.2580771915880966,1.292153835361305,1.0,0.0,1.0,3.6612135796080616
sc_1886347_0907,35651,5,1.3732955475736,1.515709336489463,1.0,0.0,1.0,3.6612135796080616
sc_1886347_0908,35684,0,4.440892098500626e-16,0.21463183501449778,1.0,0.0,1.0,3.685157721695041
sc_1886347_0908,35684,1,0.4127750642541894,0.7935213038654094,1.0,0.0,1.0,3.685157721695041
sc_1886347_0908,35684,2,0.9808913757677549,1.1281389727333604,0.9999999999999999,1.1102230246251565e-16,1.0,3.685157721695041
sc_1886347_0908,35684,3,1.161951870423655,1.249181077262087,0.9999999999999999,1.1102230246251565e-16,1.0,3.685157721695041
sc_1886347_0908,35684,4,1.270678161910198,1.351272621108423,0.9999999999999999,1.1102230246251565e-16,1.0,3.685157721695041
sc_1886347_0908,35684,5,1.3896468382225435,1.508653940460377,1.0,0.0,1.0,3.685157721695041
sc_1886347_0909,35717,0,4.440892098500626e-16,0.19063839962376394,0.9999999999999998,2.220446049250313e-16,1.0,3.6184904896310064
sc_1886347_0909,35717,1,0.4134521870510035,0.8680427664837383,0.9999999999999999,1.1102230246251565e-16,1.0,3.6184904896310064
sc_1886347_0909,35717,2,0.9856050147468575,1.155478371962362,1.0,0.0,1.0,3.6184904896310064
sc_1886347_0909,35717,3,1.1862863721779062,1.2403317562516987,1.0,0.0,1.0,3.6184904896310064
sc_1886347_0909,35717,4,1.252553445933374,1.3618538935191875,1.0000000000000002,2.220446049250313e-16,1.0,3.6184904896310064
sc_1886347_0909,35717,5,1.3910037595853246,1.5063151721932613,1.0000000000000002,2.220446049250313e-16,1.0,3.6184904896310064
sc_1886347_0910,35950,0,1.3322676295501878e-15,0.24791997528930998,0.9999999999999999,1.1102230246251565e-16,1.0,3.685504460745814
sc_1886347_0910,35950,1,0.4536377960501108,0.9183350778153812,1.0,0.0,1.0,3.685504460745814
sc_1886347_0910,35950,2,0.9396786366308586,1.1883166696394927,0.9999999999999999,1.1102230246251565e-16,1.0,3.685504460745814
sc_1886347_0910,35950,3,1.192987745550997,1.2469093090953702,1.0,0.0,1.0,3.685504460745814
sc_1886347_0910,35950,4,1.2566738843646807,1.3297873484788725,0.9999999999999999,1.1102230246251565e-16,1.0,3.685504460745814
sc_1886347_0910,35950,5,1.3779610382019005,1.5083711940797218,0.9999999999999999,1.1102230246251565e-16,1.0,3.685504460745814
sc_1886347_0911,35983,0,4.440892098500626e-16,0.2540861848370084,1.0,0.0,1.0,3.7196644159624115
sc_1886347_0911,35983,1,0.4962201051985543,0.9135191007567153,1.0,0.0,1.0,3.7196644159624115
sc_1886347_0911,35983,2,0.9767464007242672,1.1539082519092683,0.9999999999999999,1.1102230246251565e-16,1.0000000000000002,3.7196644159624115
sc_1886347_0911,35983,3,1.2091114550018418,1.2384260394872788,0.9999999999999999,1.1102230246251565e-16,1.0,3.7196644159624115
sc_1886347_0911,35983,4,1.2481813616728163,1.336293063903077,0.9999999999999999,1.1102230246251565e-16,1.0,3.7196644159624115
sc_1886347_0911,35983,5,1.4043393230054981,1.47543919585497,1.0,0.0,1.0,3.7196644159624115
sc_1886347_0912,36016,0,-1.3322676295501878e-15,0.12226406197725836,1.0,0.0,1.0,3.6962823490236603
sc_1886347_0912,36016,1,0.5874877516935546,0.985381128016857,1.0000000000000002,2.220446049250313e-16,1.0,3.6962823490236603
sc_1886347_0912,36016,2,1.0592644014560533,1.1810844606243924,1.0000000000000002,2.220446049250313e-16,1.0,3.6962823490236603
sc_1886347_0912,36016,3,1.2284413231714804,1.2454968309562058,1.0000000000000002,2.220446049250313e-16,1.0,3.6962823490236603
sc_1886347_0912,36016,4,1.2655111339658676,1.2713369406529973,1.0,0.0,1.0,3.6962823490236603
sc_1886347_0912,36016,5,1.3202444316116866,1.4407246142041157,1.0000000000000002,2.220446049250313e-16,1.0,3.6962823490236603
sc_1886347_0913,36049,0,2.220446049250313e-16,0.3889149074888987,0.9999999999999998,2.220446049250313e-16,1.0,3.84533408533774
sc_1886347_0913,36049,1,0.5816965308501428,0.8427697883219634,1.0,0.0,1.0,3.84533408533774
sc_1886347_0913,36049,2,0.9556223799931949,1.167867442849027,1.0,0.0,1.0,3.84533408533774
sc_1886347_0913,36049,3,1.1760472937095936,1.2480203126054936,0.9999999999999998,2.220446049250313e-16,1.0,3.84533408533774
sc_1886347_0913,36049,4,1.2625791173229015,1.325273162384546,1.0,0.0,1.0,3.84533408533774
sc_1886347_0913,36049,5,1.3547916666612037,1.486169403733224,1.0,0.0,1.0,3.84533408533774
sc_1886347_0914,36081,0,6.661338147750939e-16,0.26089836877664885,0.9999999999999999,1.1102230246251565e-16,1.0,3.725812761391545
sc_1886347_0914,36081,1,0.40875649775072764,0.897716874368046,0.9999999999999998,2.220446049250313e-16,1.0,3.725812761391545
sc_1886347_0914,36081,2,1.0212867810304656,1.1721474191047636,1.0,0.0,1.0,3.725812761391545
sc_1886347_0914,36081,3,1.2241412371412623,1.270372421629494,0.9999999999999999,1.1102230246251565e-16,1.0,3.725812761391545
sc_1886347_0914,36081,4,1.2843112532541183,1.3116022843419899,0.9999999999999998,2.220446049250313e-16,1.0,3.725812761391545
sc_1886347_0914,36081,5,1.3565997881033534,1.4937863217258815,1.0,0.0,1.0,3.725812761391545
sc_1886347_0915,36114,0,4.440892098500626e-16,0.3489158035173514,1.0,0.0,1.0,3.949680761249007
sc_1886347_0915,36114,1,0.5022963298246199,0.8229618518245781,1.0,0.0,1.0000000000000002,3.949680761249007
sc_1886347_0915,36114,2,1.021716176756778,1.173381042852768,1.0,0.0,1.0,3.949680761249007
sc_1886347_0915,36114,3,1.1852482088314389,1.2359531568965976,1.0,0.0,1.0,3.949680761249007
sc_1886347_0915,36114,4,1.261873715303514,1.3197113073432327,0.9999999999999999,1.1102230246251565e-16,1.0,3.949680761249007
sc_1886347_0915,36114,5,1.3587403603619448,1.5057033747192232,1.0,0.0,1.0,3.949680761249007
sc_1886347_0916,36147,0,4.440892098500626e-16,0.306208782445202,1.0,0.0,1.0,3.7809878688687037
sc_1886347_0916,36147,1,0.3378711398647294,0.893326968729092,1.0,0.0,1.0,3.7809878688687037
sc_1886347_0916,36147,2,0.976455187035681,1.1443001483602262,0.9999999999999999,1.1102230246251565e-16,1.0,3.7809878688687037
sc_1886347_0916,36147,3,1.212637214660475,1.2645134913999505,1.0,0.0,1.0,3.7809878688687037
sc_1886347_0916,36147,4,1.297840048520768,1.3139372340788578,1.0,0.0,1.0,3.7809878688687037
sc_1886347_0916,36147,5,1.349172041321375,1.4958216165780018,1.0,0.0,1.0,3.7809878688687037
sc_1886347_0917,36179,0,4.440892098500626e-16,0.2665288770932095,0.9999999999999999,1.1102230246251565e-16,1.0,3.878148045583542
sc_1886347_0917,36179,1,0.32711756334592224,0.9802189647181546,0.9999999999999999,1.1102230246251565e-16,1.0,3.878148045583542
sc_1886347_0917,36179,2,0.9997416838226552,1.1565699587616725,0.9999999999999998,2.220446049250313e-16,1.0,3.878148045583542
sc_1886347_0917,36179,3,1.2019188201407256,1.2321660789607234,0.9999999999999999,1.1102230246251565e-16,1.0,3.878148045583542
sc_1886347_0917,36179,4,1.2599254353555773,1.307458330174749,1.0,0.0,0.9999999999999998,3.878148045583542
sc_1886347_0917,36179,5,1.3080096100741785,1.488205170776234,1.0000000000000002,2.220446049250313e-16,1.0,3.878148045583542
sc_1886347_0918,36212,0,0.0,0.2683297643522158,1.0,0.0,1.0,3.870235658302959
sc_1886347_0918,36212,1,0.4158800590285112,0.898873430868751,1.0,0.0,1.0,3.870235658302959
sc_1886347_0918,36212,2,1.0140140562909923,1.1440054013535221,1.0,0.0,1.0,3.870235658302959
sc_1886347_0918,36212,3,1.2138069857328473,1.2349010755586303,1.0000000000000002,2.220446049250313e-16,1.0,3.870235658302959
sc_1886347_0918,36212,4,1.2541293892532543,1.308641848766883,0.9999999999999999,1.1102230246251565e-16,0.9999999999999999,3.870235658302959
sc_1886347_0918,36212,5,1.3359925023336783,1.491035544794563,1.0,0.0,1.0,3.870235658302959
sc_1886347_0919,36245,0,6.661338147750939e-16,0.2342668980859426,1.0,0.0,1.0,3.819793771196862
sc_1886347_0919,36245,1,0.47775551055188203,0.8620878601233001,1.0000000000000002,2.220446049250313e-16,1.0,3.819793771196862
sc_1886347_0919,36245,2,1.047538569708828,1.1779917686953605,1.0,0.0,1.0000000000000002,3.819793771196862
sc_1886347_0919,36245,3,1.2303818921458758,1.258768331660101,1.0,0.0,1.0,3.819793771196862
sc_1886347_0919,36245,4,1.2689897630266944,1.3028580201537308,0.9999999999999998,2.220446049250313e-16,1.0,3.819793771196862
sc_1886347_0919,36245,5,1.3231953944138248,1.4891517858178505,1.0,0.0,1.0,3.819793771196862
sc_1886347_0920,36277,0,0.0,0.32662015534397426,0.9999999999999998,2.220446049250313e-16,1.0,3.896142789284963
sc_1886347_0920,36277,1,0.4445971510238109,0.8384144088572939,1.0,0.0,1.0000000000000002,3.896142789284963
sc_1886347_0920,36277,2,0.9540002247368139,1.158791059066317,1.0,0.0,0.9999999999999999,3.896142789284963
sc_1886347_0920,36277,3,1.161069008243964,1.2408352109029435,0.9999999999999998,2.220446049250313e-16,1.0,3.896142789284963
sc_1886347_0920,36277,4,1.2647766429577036,1.3241458266196315,1.0,0.0,1.0,3.896142789284963
sc_1886347_0920,36277,5,1.3556042222311864,1.5164985007442329,0.9999999999999999,1.1102230246251565e-16,1.0,3.896142789284963
sc_1886347_0921,36310,0,4.440892098500626e-16,0.3001928833242733,1.0,0.0,1.0,4.065781950271305
sc_1886347_0921,36310,1,0.4689236218916688,0.9276681701981109,0.9999999999999998,2.220446049250313e-16,1.0,4.065781950271305
sc_1886347_0921,36310,2,1.0029462404770033,1.1727599522106207,0.9999999999999999,1.1102230246251565e-16,1.0,4.065781950271305
sc_1886347_0921,36310,3,1.2020340439405701,1.2304752908323846,1.0,0.0,1.0,4.065781950271305
sc_1886347_0921,36310,4,1.2430893116156265,1.3083809681860623,0.9999999999999999,1.1102230246251565e-16,1.0,4.065781950271305
sc_1886347_0921,36310,5,1.3283654083583016,1.4686704129254522,1.0,0.0,1.0,4.065781950271305
sc_1886347_0922,36343,0,2.220446049250313e-16,0.3116435857839317,1.0,0.0,1.0,3.9094309669284506
sc_1886347_0922,36343,1,0.43992665653443597,0.8135515580416097,0.9999999999999999,1.1102230246251565e-16,0.9999999999999998,3.9094309669284506
sc_1886347_0922,36343,2,0.9934958859731748,1.1685032242812028,1.0,0.0,1.0,3.9094309669284506
sc_1886347_0922,36343,3,1.2219318444527971,1.242078054213875,1.0,0.0,1.0,3.9094309669284506
sc_1886347_0922,36343,4,1.2868125055377884,1.3081543920840057,0.9999999999999999,1.1102230246251565e-16,0.9999999999999999,3.9094309669284506
sc_1886347_0922,36343,5,1.354766622467412,1.4877691362297132,1.0,0.0,1.0,3.9094309669284506
sc_1886347_0923,36376,0,-4.440892098500626e-16,0.3245145759196777,0.9999999999999999,1.1102230246251565e-16,1.0,3.873767909339347
sc_1886347_0923,36376,1,0.435098579864291,0.8993315952533916,1.0,0.0,1.0,3.873767909339347
sc_1886347_0923,36376,2,1.0138461449992304,1.1686608810306227,1.0,0.0,1.0,3.873767909339347
sc_1886347_0923,36376,3,1.1967398636362847,1.237528030479318,0.9999999999999998,2.220446049250313e-16,1.0,3.873767909339347
sc_1886347_0923,36376,4,1.264945023481457,1.3147887165553163,0.9999999999999999,1.1102230246251565e-16,1.0000000000000002,3.873767909339347
sc_1886347_0923,36376,5,1.3539421922198582,1.462721367717444,1.0,0.0,1.0,3.873767909339347
sc_1886347_0924,36408,0,0.0,0.3809376366623771,0.9999999999999999,1.1102230246251565e-16,1.0,3.8203372913991878
sc_1886347_0924,36408,1,0.53020761979897,0.8546390661119845,1.0,0.0,1.0,3.8203372913991878
sc_1886347_0924,36408,2,0.9436103573959709,1.1488364637983715,0.9999999999999999,1.1102230246251565e-16,1.0,3.8203372913991878
sc_1886347_0924,36408,3,1.2119879477604418,1.2281326503729826,0.9999999999999999,1.1102230246251565e-16,1.0,3.8203372913991878
sc_1886347_0924,36408,4,1.2544030736692389,1.300172514610044,1.0,0.0,1.0,3.8203372913991878
sc_1886347_0924,36408,5,1.3916995631859979,1.5176729981649955,0.9999999999999999,1.1102230246251565e-16,1.0,3.8203372913991878
sc_1886347_0925,36441,0,4.440892098500626e-16,0.3791157538245382,1.0,0.0,1.0,4.019941814709332
sc_1886347_0925,36441,1,0.548338136872649,0.9042991486920201,0.9999999999999997,3.3306690738754696e-16,1.0,4.019941814709332
sc_1886347_0925,36441,2,0.9613622032646327,1.1116618320462064,1.0,0.0,1.0,4.019941814709332
sc_1886347_0925,36441,3,1.1642926567393228,1.2540057161265938,1.0,0.0,1.0,4.019941814709332
sc_1886347_0925,36441,4,1.2576814115421782,1.321083042673256,1.0,0.0,1.0,4.019941814709332
sc_1886347_0925,36441,5,1.3727446793755642,1.4975890084812522,1.0,0.0,1.0,4.019941814709332
sc_1886347_0926,36474,0,4.440892098500626e-16,0.28029867069528125,0.9999999999999998,2.220446049250313e-16,1.0,3.8789412930675318
sc_1886347_0926,36474,1,0.481345031926494,0.8391720142203256,1.0,0.0,1.0,3.8789412930675318
sc_1886347_0926,36474,2,0.9566612716605084,1.1775983896589217,1.0,0.0,1.0000000000000002,3.8789412930675318
sc_1886347_0926,36474,3,1.1868748778378593,1.2697375517070608,1.0000000000000002,2.220446049250313e-16,1.0,3.8789412930675318
sc_1886347_0926,36474,4,1.2822292056349796,1.337977501312081,1.0,0.0,1.0,3.8789412930675318
sc_1886347_0926,36474,5,1.352216909565769,1.4884529239627355,1.0,0.0,1.0,3.8789412930675318
sc_1886347_0927,36506,0,4.440892098500626e-16,0.28912424754569876,0.9999999999999998,2.220446049250313e-16,1.0,3.9503738455360335
sc_1886347_0927,36506,1,0.4152724759561537,0.8426941412868197,0.9999999999999999,1.1102230246251565e-16,1.0,3.9503738455360335
sc_1886347_0927,36506,2,0.9754357329485007,1.1854981374405713,1.0,0.0,1.0,3.9503738455360335
sc_1886347_0927,36506,3,1.1916393688636704,1.2096051497506428,1.0,0.0,1.0,3.9503738455360335
sc_1886347_0927,36506,4,1.277856929401688,1.3307019395243123,1.0,0.0,1.0,3.9503738455360335
sc_1886347_0927,36506,5,1.3837570727783688,1.5510583259791775,1.0,0.0,1.0,3.9503738455360335
sc_1886347_0928,36539,0,1.1102230246251565e-15,0.274527320143763,0.9999999999999998,2.220446049250313e-16,1.0,3.824384088431203
sc_1886347_0928,36539,1,0.49501218086374754,0.8966399648859639,0.9999999999999999,1.1102230246251565e-16,0.9999999999999999,3.824384088431203
sc_1886347_0928,36539,2,0.9213202292377456,1.1947278888623507,1.0,0.0,0.9999999999999999,3.824384088431203
sc_1886347_0928,36539,3,1.2071782483971454,1.2577468460447467,0.9999999999999999,1.1102230246251565e-16,1.0,3.824384088431203
sc_1886347_0928,36539,4,1.285825367288728,1.321977609701324,1.0,0.0,1.0,3.824384088431203
sc_1886347_0928,36539,5,1.3294232597651106,1.5148256856071276,1.0,0.0,1.0,3.824384088431203
sc_1886347_0929,36572,0,2.220446049250313e-16,0.22865456961128716,1.0000000000000002,2.220446049250313e-16,1.0,4.051693378281296
sc_1886347_0929,36572,1,0.5349032993277241,0.8194517124947464,1.0,0.0,0.9999999999999999,4.051693378281296
sc_1886347_0929,36572,2,1.0550693168190886,1.179775788932968,0.9999999999999999,1.1102230246251565e-16,1.0,4.051693378281296
sc_1886347_0929,36572,3,1.185008105430053,1.2409241514101295,1.0,0.0,1.0,4.051693378281296
sc_1886347_0929,36572,4,1.2552487537069854,1.3183986265231418,0.9999999999999999,1.1102230246251565e-16,1.0,4.051693378281296
sc_1886347_0929,36572,5,1.3417148603191718,1.4705189840845363,1.0,0.0,1.0,4.051693378281296
sc_1886347_0930,36604,0,0.0,0.18122578252985644,0.9999999999999998,2.220446049250313e-16,1.0,3.9018952651492205
sc_1886347_0930,36604,1,0.5901415477552997,0.8281762824851198,1.0,0.0,1.0,3.9018952651492205
sc_1886347_0930,36604,2,0.9751210640507935,1.1334856474269102,1.0,0.0,0.9999999999999998,3.9018952651492205
sc_1886347_0930,36604,3,1.1658807087591783,1.2716030015265019,1.0,0.0,1.0,3.9018952651492205
sc_1886347_0930,36604,4,1.2809967819279307,1.3368299983305993,1.0,0.0,1.0,3.9018952651492205
sc_1886347_0930,36604,5,1.3699199152080888,1.5405540469607788,1.0,0.0,1.0,3.9018952651492205
sc_1886347_0931,36637,0,-2.220446049250313e-16,0.2390343504654071,1.0000000000000002,2.220446049250313e-16,1.0,3.692958736143634
sc_1886347_0931,36637,1,0.702232142169544,0.8647421330054527,0.9999999999999999,1.1102230246251565e-16,1.0,3.692958736143634
sc_1886347_0931,36637,2,0.9267014994970365,1.13102473090937,0.9999999999999998,2.220446049250313e-16,0.9999999999999998,3.692958736143634
sc_1886347_0931,36637,3,1.1893482640026916,1.2544147609893495,0.9999999999999999,1.1102230246251565e-16,1.0,3.692958736143634
sc_1886347_0931,36637,4,1.2660781867048443,1.3082426766739335,0.9999999999999999,1.1102230246251565e-16,1.0,3.692958736143634
sc_1886347_0931,36637,5,1.3439007753396635,1.529423405473933,1.0,0.0,1.0,3.692958736143634
sc_1886347_0932,36670,0,0.0,0.15755400740273062,1.0,0.0,1.0,3.7578087768550494
sc_1886347_0932,36670,1,0.5077076679829623,0.907260282546088,1.0,0.0,1.0,3.7578087768550494
sc_1886347_0932,36670,2,0.9833110696889747,1.1715736825464702,1.0,0.0,1.0,3.7578087768550494
sc_1886347_0932,36670,3,1.2041657698578487,1.245406225006681,1.0,0.0,1.0,3.7578087768550494
sc_1886347_0932,36670,4,1.2694219266933984,1.291074989920315,0.9999999999999999,1.1102230246251565e-16,1.0,3.7578087768550494
sc_1886347_0932,36670,5,1.331612871905259,1.4944440510292125,1.0,0.0,1.0,3.7578087768550494
sc_1886347_0933,36703,0,-4.440892098500626e-16,0.24320267733011103,0.9999999999999999,1.1102230246251565e-16,1.0,3.6931596092666092
sc_1886347_0933,36703,1,0.5082567473445931,0.8065397038588731,0.9999999999999999,1.1102230246251565e-16,1.0000000000000002,3.6931596092666092
sc_1886347_0933,36703,2,1.0344909503832245,1.1188626013739673,1.0,0.0,1.0000000000000002,3.6931596092666092
sc_1886347_0933,36703,3,1.1479331913477138,1.271347147169735,0.9999999999999999,1.1102230246251565e-16,1.0,3.6931596092666092
sc_1886347_0933,36703,4,1.2972089540793774,1.3268494044605248,0.9999999999999998,2.220446049250313e-16,1.0,3.6931596092666092
sc_1886347_0933,36703,5,1.3838365242706905,1.5195901333179402,1.0,0.0,1.0,3.6931596092666092
sc_1886347_0934,36735,0,2.220446049250313e-16,0.22175257967001416,0.9999999999999999,1.1102230246251565e-16,1.0,3.7876293676683197
sc_1886347_0934,36735,1,0.55908329887667,0.8394938231809952,0.9999999999999999,1.1102230246251565e-16,0.9999999999999998,3.7876293676683197
sc_1886347_0934,36735,2,1.0031904436982462,1.1078384939938535,1.0,0.0,1.0,3.7876293676683197
sc_1886347_0934,36735,3,1.1747794606380206,1.2215300277059282,1.0,0.0,1.0,3.7876293676683197
sc_1886347_0934,36735,4,1.2694636370885097,1.337962582522039,1.0,0.0,1.0,3.7876293676683197
sc_1886347_0934,36735,5,1.417233523528035,1.517849110400779,0.9999999999999999,1.1102230246251565e-16,1.0,3.7876293676683197
sc_1886347_0935,37168,0,-2.220446049250313e-16,0.18670199903384543,1.0,0.0,1.0,3.6345272223901857
sc_1886347_0935,37168,1,0.5292601371668644,0.8055430681965423,1.0000000000000002,2.220446049250313e-16,1.0,3.6345272223901857
sc_1886347_0935,37168,2,0.9848282428696116,1.163681523547728,1.0,0.0,0.9999999999999999,3.6345272223901857
sc_1886347_0935,37168,3,1.2150120780809164,1.2694834750788309,1.0,0.0,1.0,3.6345272223901857
sc_1886347_0935,37168,4,1.2841259331409223,1.311802084960385,1.0,0.0,1.0000000000000002,3.6345272223901857
sc_1886347_0935,37168,5,1.3668590393653155,1.5072077450134602,1.0000000000000002,2.220446049250313e-16,1.0,3.6345272223901857
sc_1886347_0936,37201,0,-4.440892098500626e-16,0.21375787131038027,1.0,0.0,1.0,3.820668079449766
sc_1886347_0936,37201,1,0.5242367834713871,0.8966373266763177,1.0000000000000002,2.220446049250313e-16,1.0,3.820668079449766
sc_1886347_0936,37201,2,0.9082447105876363,1.1781683731407393,0.9999999999999999,1.1102230246251565e-16,1.0,3.820668079449766
sc_1886347_0936,37201,3,1.1968900646916063,1.2291983251292469,0.9999999999999999,1.1102230246251565e-16,1.0,3.820668079449766
sc_1886347_0936,37201,4,1.2491037370503346,1.3217555371211585,0.9999999999999999,1.1102230246251565e-16,1.0000000000000002,3.820668079449766
sc_1886347_0936,37201,5,1.3683930731866003,1.501983493625075,1.0,0.0,1.0,3.820668079449766
sc_1886347_0937,37233,0,4.440892098500626e-16,0.28314705062579915,1.0,0.0,1.0,4.251705036744755
sc_1886347_0937,37233,1,0.573407983722317,0.7908281964606209,1.0,0.0,1.0,4.251705036744755
sc_1886347_0937,37233,2,0.9657213591583311,1.1403996029000898,1.0,0.0,1.0,4.251705036744755
sc_1886347_0937,37233,3,1.1554211876673741,1.226634940180106,1.0,0.0,1.0,4.251705036744755
sc_1886347_0937,37233,4,1.2440811082095802,1.3131245835736274,0.9999999999999998,2.220446049250313e-16,1.0,4.251705036744755
sc_1886347_0937,37233,5,1.3815703400254027,1.4821887441359212,1.0,0.0,1.0,4.251705036744755
sc_1886347_0938,37266,0,0.0,0.28601538041098484,1.0,0.0,1.0,3.7642829528154764
sc_1886347_0938,37266,1,0.5078677227856545,0.8505615335744806,1.0,0.0,1.0,3.7642829528154764
sc_1886347_0938,37266,2,1.029380608416821,1.164028541035103,1.0,0.0,1.0,3.7642829528154764
sc_1886347_0938,37266,3,1.1933498601885353,1.2598657435692442,0.9999999999999999,1.1102230246251565e-16,1.0,3.7642829528154764
sc_1886347_0938,37266,4,1.2657263164935617,1.2887272522529782,1.0,0.0,1.0,3.7642829528154764
sc_1886347_0938,37266,5,1.3343844042123025,1.5106093124395414,0.9999999999999999,1.1102230246251565e-16,1.0,3.7642829528154764
sc_1886347_0939,37299,0,2.220446049250313e-16,0.3657250228948681,1.0000000000000002,2.220446049250313e-16,1.0,3.795122337653418
sc_1886347_0939,37299,1,0.4592741359268473,0.829222085249358,0.9999999999999999,1.1102230246251565e-16,1.0,3.795122337653418
sc_1886347_0939,37299,2,0.9702016663174351,1.16411623876344,0.9999999999999999,1.1102230246251565e-16,0.9999999999999999,3.795122337653418
sc_1886347_0939,37299,3,1.190932609803793,1.2405271900307089,1.0,0.0,1.0,3.795122337653418
sc_1886347_0939,37299,4,1.252356952368094,1.2962597887674148,0.9999999999999999,1.1102230246251565e-16,1.0000000000000002,3.795122337653418
sc_1886347_0939,37299,5,1.3296340395612711,1.4664255082628854,1.0000000000000002,2.220446049250313e-16,1.0,3.795122337653418
sc_1886347_0940,37549,0,-2.220446049250313e-16,0.39524203656230705,0.9999999999999999,1.1102230246251565e-16,1.0,3.9396029826434313
sc_1886347_0940,37549,1,0.5680392830741717,0.9105102210744814,0.9999999999999999,1.1102230246251565e-16,1.0,3.9396029826434313
sc_1886347_0940,37549,2,0.9526073025794525,1.126188748356324,0.9999999999999999,1.1102230246251565e-16,1.0,3.9396029826434313
sc_1886347_0940,37549,3,1.1945604232250004,1.2476244491077806,1.0000000000000002,2.220446049250313e-16,1.0,3.9396029826434313
sc_1886347_0940,37549,4,1.2650985578129528,1.3219594711731841,1.0000000000000002,2.220446049250313e-16,1.0,3.9396029826434313
sc_1886347_0940,37549,5,1.338103578317938,1.505645436262375,1.0000000000000002,2.220446049250313e-16,1.0,3.9396029826434313
sc_1886347_0941,37582,0,4.440892098500626e-16,0.5160416801814254,0.9999999999999999,1.1102230246251565e-16,1.0,4.160673775470955
sc_1886347_0941,37582,1,0.625183920694359,0.900504603502326,1.0,0.0,1.0,4.160673775470955
sc_1886347_0941,37582,2,0.9489055312078369,1.1176534664196498,1.0,0.0,0.9999999999999999,4.160673775470955
sc_1886347_0941,37582,3,1.1746445292274763,1.22434150734939,0.9999999999999999,1.1102230246251565e-16,1.0,4.160673775470955
sc_1886347_0941,37582,4,1.2327757096776997,1.32483804964982,1.0,0.0,1.0,4.160673775470955
sc_1886347_0941,37582,5,1.3587868143745208,1.476704816597969,0.9999999999999999,1.1102230246251565e-16,1.0,4.160673775470955
sc_1886347_0942,37615,0,6.661338147750939e-16,0.4309227000771909,0.9999999999999999,1.1102230246251565e-16,1.0,3.8597574905145215
sc_1886347_0942,37615,1,0.6223524383322685,0.8084829075220937,0.9999999999999999,1.1102230246251565e-16,1.0,3.8597574905145215
sc_1886347_0942,37615,2,0.9239274634530499,1.0994362266255417,0.9999999999999999,1.1102230246251565e-16,1.0000000000000002,3.8597574905145215
sc_1886347_0942,37615,3,1.1480370655933096,1.212201543520266,0.9999999999999999,1.1102230246251565e-16,1.0,3.8597574905145215
sc_1886347_0942,37615,4,1.2571930997628886,1.3369152036897127,1.0,0.0,1.0,3.8597574905145215
sc_1886347_0942,37615,5,1.3484308383950245,1.5378531525189267,1.0,0.0,1.0,3.8597574905145215
sc_1886347_0943,37647,0,0.0,0.3180974487486343,0.9999999999999999,1.1102230246251565e-16,1.0,3.7504535549759703
sc_1886347_0943,37647,1,0.46748380304100023,0.9376172219350425,0.9999999999999998,2.220446049250313e-16,1.0,3.7504535549759703
sc_1886347_0943,37647,2,0.9762689793612331,1.1255976489434452,1.0,0.0,1.0,3.7504535549759703
sc_1886347_0943,37647,3,1.1922568127615294,1.2409696012316735,0.9999999999999998,2.220446049250313e-16,1.0,3.7504535549759703
sc_1886347_0943,37647,4,1.2557174490618355,1.3054592127676021,1.0,0.0,1.0,3.7504535549759703
sc_1886347_0943,37647,5,1.3325560035328992,1.4970948349989812,1.0,0.0,1.0,3.7504535549759703
sc_1886347_0944,37680,0,2.220446049250313e-16,0.28438869280321155,0.9999999999999998,2.220446049250313e-16,1.0,3.8948106220051835
sc_1886347_0944,37680,1,0.5894219627609345,0.9317463705739045,1.0,0.0,0.9999999999999999,3.8948106220051835
sc_1886347_0944,37680,2,1.0017143445632288,1.1126882168263166,1.0,0.0,1.0,3.8948106220051835
sc_1886347_0944,37680,3,1.159390821456185,1.2395923765464008,1.0,0.0,1.0,3.8948106220051835
sc_1886347_0944,37680,4,1.250255775772575,1.3151412259537847,0.9999999999999999,1.1102230246251565e-16,1.0,3.8948106220051835
sc_1886347_0944,37680,5,1.3292173686152486,1.475820384543244,0.9999999999999998,2.220446049250313e-16,1.0,3.8948106220051835
sc_1886347_0945,37713,0,-4.440892098500626e-16,0.22258419473076696,1.0,0.0,1.0,3.661713161772145
sc_1886347_0945,37713,1,0.5465303239741685,0.8690923600292835,1.0,0.0,1.0,3.661713161772145
sc_1886347_0945,37713,2,0.9609938747561634,1.1096935806825325,1.0,0.0,0.9999999999999998,3.661713161772145
sc_1886347_0945,37713,3,1.1784164461686273,1.2445290375532596,1.0,0.0,1.0,3.661713161772145
sc_1886347_0945,37713,4,1.272180767134028,1.3204277187951063,1.0,0.0,1.0,3.661713161772145
sc_1886347_0945,37713,5,1.3635103542051359,1.5193377678604754,1.0,0.0,1.0,3.661713161772145
sc_1886347_0946,37746,0,0.0,0.18245431895320574,0.9999999999999999,1.1102230246251565e-16,1.0,3.8703949783806495
sc_1886347_0946,37746,1,0.5682954168269108,0.9199292646324918,1.0,0.0,1.0,3.8703949783806495
sc_1886347_0946,37746,2,1.0267642987654606,1.1395889538805106,1.0,0.0,1.0,3.8703949783806495
sc_1886347_0946,37746,3,1.1899998330039563,1.2620726086561742,1.0,0.0,1.0,3.8703949783806495
sc_1886347_0946,37746,4,1.2816948051126613,1.3079165065982157,1.0,0.0,1.0,3.8703949783806495
sc_1886347_0946,37746,5,1.3436130004489015,1.4516886525810684,0.9999999999999998,2.220446049250313e-16,1.0,3.8703949783806495
sc_1886347_0947,37778,0,2.220446049250313e-16,0.19877310741218857,1.0,0.0,1.0,4.1474127322733505
sc_1886347_0947,37778,1,0.597533917702569,0.9156538273960568,1.0,0.0,1.0,4.1474127322733505
sc_1886347_0947,37778,2,1.0371898206779833,1.1511128433364755,1.0,0.0,1.0,4.1474127322733505
sc_1886347_0947,37778,3,1.1680739733073338,1.24306372809812,1.0000000000000002,2.220446049250313e-16,1.0,4.1474127322733505
sc_1886347_0947,37778,4,1.2601097832187762,1.3181919568314462,1.0,0.0,1.0,4.1474127322733505
sc_1886347_0947,37778,5,1.3321900331761967,1.4949765576276077,0.9999999999999999,1.1102230246251565e-16,1.0,4.1474127322733505
sc_1886347_0948,37811,0,-2.220446049250313e-16,0.221798741303753,0.9999999999999999,1.1102230246251565e-16,1.0,3.9967932083310727
sc_1886347_0948,37811,1,0.6117198902199896,0.8731111230181511,0.9999999999999999,1.1102230246251565e-16,1.0000000000000002,3.9967932083310727
sc_1886347_0948,37811,2,0.930980610581763,1.1342065144720486,0.9999999999999999,1.1102230246251565e-16,1.0,3.9967932083310727
sc_1886347_0948,37811,3,1.1776850144231072,1.2612247099057583,1.0,0.0,1.0,3.9967932083310727
sc_1886347_0948,37811,4,1.270288944739238,1.3469617606121398,1.0,0.0,1.0,3.9967932083310727
sc_1886347_0948,37811,5,1.3514285293469885,1.5186068375258144,0.9999999999999999,1.1102230246251565e-16,1.0,3.9967932083310727
sc_1886347_0949,38121,0,0.0,0.10138210577580775,0.9999999999999999,1.1102230246251565e-16,1.0,3.5829608775775994
sc_1886347_0949,38121,1,0.6599967043261462,0.8645627447760278,0.9999999999999999,1.1102230246251565e-16,1.0,3.5829608775775994
sc_1886347_0949,38121,2,0.9734726617689369,1.1262352870679608,1.0,0.0,1.0,3.5829608775775994
sc_1886347_0949,38121,3,1.2059142918561885,1.2259123241769228,1.0000000000000002,2.220446049250313e-16,1.0,3.5829608775775994
sc_1886347_0949,38121,4,1.2488497777710428,1.3917938825239506,0.9999999999999999,1.1102230246251565e-16,0.9999999999999998,3.5829608775775994
sc_1886347_0949,38121,5,1.4137887507856086,1.5048847778751455,0.9999999999999999,1.1102230246251565e-16,1.0,3.5829608775775994
sc_1886347_0950,38153,0,4.440892098500626e-16,0.17070078301086689,1.0,0.0,1.0,3.843784837998
sc_1886347_0950,38153,1,0.48216225211354047,0.962155295170708,0.9999999999999998,2.220446049250313e-16,1.0,3.843784837998
sc_1886347_0950,38153,2,1.0037216504694002,1.17273177798157,0.9999999999999999,1.1102230246251565e-16,1.0,3.843784837998
sc_1886347_0950,38153,3,1.202304555405849,1.2529924735024702,0.9999999999999998,2.220446049250313e-16,1.0,3.843784837998
sc_1886347_0950,38153,4,1.273414475351947,1.2917515510013966,1.0,0.0,1.0,3.843784837998
sc_1886347_0950,38153,5,1.3289934107041037,1.5323275072009488,0.9999999999999998,2.220446049250313e-16,1.0,3.843784837998
sc_1886347_0951,38186,0,0.0,0.19065119658228635,0.9999999999999999,1.1102230246251565e-16,1.0,4.059141507557648
sc_1886347_0951,38186,1,0.6384804735095045,0.9995104318692707,0.9999999999999999,1.1102230246251565e-16,1.0000000000000002,4.059141507557648
sc_1886347_0951,38186,2,1.0253628000972643,1.181814805816744,1.0,0.0,1.0,4.059141507557648
sc_1886347_0951,38186,3,1.2006920457668344,1.2091672695081142,1.0,0.0,1.0,4.059141507557648
sc_1886347_0951,38186,4,1.2313189753704743,1.2809093453106106,0.9999999999999999,1.1102230246251565e-16,1.0000000000000002,4.059141507557648
sc_1886347_0951,38186,5,1.3079763191227032,1.4299401051223326,1.0,0.0,1.0,4.059141507557648
sc_1886347_0952,38219,0,4.440892098500626e-16,0.301025054255583,1.0,0.0,1.0,3.907823765939463
sc_1886347_0952,38219,1,0.5087618257801455,0.8843516464992325,1.0,0.0,1.0,3.907823765939463
sc_1886347_0952,38219,2,0.9818099978078542,1.111070491472195,0.9999999999999999,1.1102230246251565e-16,1.0000000000000002,3.907823765939463
sc_1886347_0952,38219,3,1.1642712041381058,1.230667690151909,0.9999999999999999,1.1102230246251565e-16,1.0,3.907823765939463
sc_1886347_0952,38219,4,1.2440731799120965,1.321557971906675,1.0,0.0,1.0,3.907823765939463
sc_1886347_0952,38219,5,1.3829612486288885,1.4926332641268438,1.0,0.0,1.0,3.907823765939463
sc_1886347_0953,38489,0,6.661338147750939e-16,0.2622126268776368,0.9999999999999998,2.220446049250313e-16,1.0,3.798991801925969
sc_1886347_0953,38489,1,0.5359623220138935,0.8851588973312104,1.0,0.0,1.0,3.798991801925969
sc_1886347_0953,38489,2,0.9442847285812938,1.1469779377754203,1.0000000000000002,2.220446049250313e-16,1.0,3.798991801925969
sc_1886347_0953,38489,3,1.1631273020387993,1.2225814742869463,0.9999999999999999,1.1102230246251565e-16,1.0,3.798991801925969
sc_1886347_0953,38489,4,1.2721400908509228,1.322135309603801,1.0,0.0,1.0,3.798991801925969
sc_1886347_0953,38489,5,1.4092297014682105,1.492504892186408,1.0,0.0,1.0,3.798991801925969
sc_1886347_0954,38522,0,4.440892098500626e-16,0.18155815772638717,0.9999999999999999,1.1102230246251565e-16,1.0,3.7446484237923094
sc_1886347_0954,38522,1,0.5748616311278357,0.8344415489432818,0.9999999999999998,2.220446049250313e-16,1.0,3.7446484237923094
sc_1886347_0954,38522,2,1.0601401088548088,1.1892021815980962,0.9999999999999999,1.1102230246251565e-16,1.0,3.7446484237923094
sc_1886347_0954,38522,3,1.1966460725272623,1.267368554079285,1.0,0.0,1.0,3.7446484237923094
sc_1886347_0954,38522,4,1.283937438208777,1.3112136857810035,1.0000000000000002,2.220446049250313e-16,1.0000000000000002,3.7446484237923094
sc_1886347_0954,38522,5,1.320624761377847,1.5000693613381026,1.0000000000000002,2.220446049250313e-16,1.0,3.7446484237923094
sc_1886347_0955,38555,0,-2.220446049250313e-16,0.24799190360219403,0.9999999999999999,1.1102230246251565e-16,1.0,3.52388690051543
sc_1886347_0955,38555,1,0.5371826633557397,0.811212298202383,0.9999999999999999,1.1102230246251565e-16,0.9999999999999998,3.52388690051543
sc_1886347_0955,38555,2,0.9700169726826505,1.0990257449543375,1.0,0.0,1.0,3.52388690051543
sc_1886347_0955,38555,3,1.1856940486820176,1.2437172399134406,1.0,0.0,1.0,3.52388690051543
sc_1886347_0955,38555,4,1.2732565409428247,1.3741837463683868,0.9999999999999998,2.220446049250313e-16,1.0000000000000002,3.52388690051543
sc_1886347_0955,38555,5,1.3958892126254283,1.514174446327662,1.0000000000000002,2.220446049250313e-16,1.0,3.52388690051543
sc_1886347_0956,38588,0,2.220446049250313e-16,0.3204104967596959,0.9999999999999999,1.1102230246251565e-16,1.0,3.831636793298167
sc_1886347_0956,38588,1,0.5980811415051076,0.801115225242137,1.0,0.0,0.9999999999999998,3.831636793298167
sc_1886347_0956,38588,2,0.9933857389901188,1.1497161887654146,1.0,0.0,1.0,3.831636793298167
sc_1886347_0956,38588,3,1.166473782032656,1.1891134922837803,1.0,0.0,1.0,3.831636793298167
sc_1886347_0956,38588,4,1.2191949507459479,1.3464589217168887,0.9999999999999999,1.1102230246251565e-16,1.0,3.831636793298167
sc_1886347_0956,38588,5,1.3842065772299532,1.492418931884758,1.0,0.0,1.0,3.831636793298167
sc_1886347_0957,38620,0,-4.440892098500626e-16,0.1578584432436425,1.0,0.0,1.0,3.8328361749422912
sc_1886347_0957,38620,1,0.6771872486705887,0.9097445618880394,0.9999999999999999,1.1102230246251565e-16,0.9999999999999999,3.8328361749422912
sc_1886347_0957,38620,2,1.016324649072338,1.1846044771700108,1.0,0.0,0.9999999999999999,3.8328361749422912
sc_1886347_0957,38620,3,1.2009240897609217,1.2201656098101323,1.0,0.0,1.0,3.8328361749422912
sc_1886347_0957,38620,4,1.2251103059319468,1.2547945985772375,1.0,0.0,0.9999999999999999,3.8328361749422912
sc_1886347_0957,38620,5,1.2924448764135228,1.539370158111293,1.0,0.0,1.0,3.8328361749422912
sc_1886347_0958,38653,0,0.0,0.23821165903014863,1.0,0.0,1.0,3.9858924012411636
sc_1886347_0958,38653,1,0.6072540138106098,0.9505589556516079,1.0000000000000002,2.220446049250313e-16,1.0,3.9858924012411636
sc_1886347_0958,38653,2,1.0448067767602796,1.1603439707358414,0.9999999999999998,2.220446049250313e-16,1.0000000000000002,3.9858924012411636
sc_1886347_0958,38653,3,1.1648441317295664,1.237271887977484,1.0,0.0,1.0,3.9858924012411636
sc_1886347_0958,38653,4,1.2403768232510939,1.2900015005923968,1.0,0.0,1.0,3.9858924012411636
sc_1886347_0958,38653,5,1.302424947429271,1.4564923771633862,0.9999999999999998,2.220446049250313e-16,1.0,3.9858924012411636
sc_1886347_0959,39849,0,4.440892098500626e-16,0.4379535097324636,0.9999999999999999,1.1102230246251565e-16,1.0,4.014704068488171
sc_1886347_0959,39849,1,0.5157347134500384,0.8825461534504881,1.0,0.0,0.9999999999999999,4.014704068488171
sc_1886347_0959,39849,2,1.0000000000000002,1.1308864838331458,1.0,0.0,1.0,4.014704068488171
sc_1886347_0959,39849,3,1.1967425693366531,1.2245553710130812,1.0,0.0,1.0,4.014704068488171
sc_1886347_0959,39849,4,1.2655885152448545,1.2886355074229998,1.0,0.0,1.0,4.014704068488171
sc_1886347_0959,39849,5,1.3211698927453939,1.5113628277148077,1.0,0.0,1.0,4.014704068488171
sc_1886347_0960,39881,0,4.440892098500626e-16,0.4536175035721146,1.0,0.0,1.0,4.124916484292276
sc_1886347_0960,39881,1,0.5359170367320161,0.8990234689729181,1.0,0.0,1.0,4.124916484292276
sc_1886347_0960,39881,2,1.0000000000000002,1.1208738486536312,1.0,0.0,1.0,4.124916484292276
sc_1886347_0960,39881,3,1.1647013153359562,1.209154796829437,0.9999999999999999,1.1102230246251565e-16,1.0,4.124916484292276
sc_1886347_0960,39881,4,1.2328306392696415,1.2882574497194488,1.0,0.0,1.0,4.124916484292276
sc_1886347_0960,39881,5,1.3255889045224085,1.5605900973884779,0.9999999999999998,2.220446049250313e-16,1.0,4.124916484292276
sc_1886347_0961,39914,0,4.440892098500626e-16,0.4759067413304121,1.0000000000000002,2.220446049250313e-16,1.0,3.7546250274360107
sc_1886347_0961,39914,1,0.6018031115135133,0.8738005101890657,0.9999999999999999,1.1102230246251565e-16,1.0,3.7546250274360107
sc_1886347_0961,39914,2,0.9627605391079422,1.0958228008031927,1.0,0.0,1.0,3.7546250274360107
sc_1886347_0961,39914,3,1.1664567377841182,1.2039429726689548,1.0,0.0,1.0,3.7546250274360107
sc_1886347_0961,39914,4,1.2675408672928938,1.323521433185601,1.0000000000000002,2.220446049250313e-16,1.0,3.7546250274360107
sc_1886347_0961,39914,5,1.3737919122212372,1.508676144336525,0.9999999999999999,1.1102230246251565e-16,1.0,3.7546250274360107
sc_1886347_0962,39947,0,2.220446049250313e-16,0.3359276952169945,0.9999999999999999,1.1102230246251565e-16,1.0,3.72159399501487
sc_1886347_0962,39947,1,0.4922311638988841,0.9099530714521304,0.9999999999999999,1.1102230246251565e-16,1.0,3.72159399501487
sc_1886347_0962,39947,2,0.9672783876944164,1.1436386573174384,1.0,0.0,1.0,3.72159399501487
sc_1886347_0962,39947,3,1.168195248267438,1.2349674231402052,1.0,0.0,1.0,3.72159399501487
sc_1886347_0962,39947,4,1.2631095159090815,1.357151142572163,1.0,0.0,0.9999999999999999,3.72159399501487
sc_1886347_0962,39947,5,1.375066704255446,1.5819376918713652,1.0,0.0,1.0,3.72159399501487
sc_1886347_0963,39979,0,0.0,0.18726909878251052,0.9999999999999999,1.1102230246251565e-16,1.0,4.214186203024274
sc_1886347_0963,39979,1,0.6605940717694379,0.991224961259936,1.0,0.0,0.9999999999999998,4.214186203024274
sc_1886347_0963,39979,2,1.0010155912247098,1.1539230191009655,0.9999999999999999,1.1102230246251565e-16,1.0,4.214186203024274
sc_1886347_0963,39979,3,1.1785440773237519,1.2110851072369995,1.0,0.0,1.0,4.214186203024274
sc_1886347_0963,39979,4,1.2331868406975455,1.303837580137365,1.0000000000000002,2.220446049250313e-16,1.0,4.214186203024274
sc_1886347_0963,39979,5,1.3177757512839305,1.5204741572112883,1.0,0.0,1.0,4.214186203024274
sc_1886347_0964,40012,0,-4.440892098500626e-16,0.26354751842335644,1.0,0.0,1.0,4.135191872716656
sc_1886347_0964,40012,1,0.5496277028056652,0.944057671777671,1.0,0.0,1.0,4.135191872716656
sc_1886347_0964,40012,2,1.0056062257658613,1.1618066382919927,0.9999999999999999,1.1102230246251565e-16,1.0,4.135191872716656
sc_1886347_0964,40012,3,1.1705420466543093,1.2075207725777437,0.9999999999999997,3.3306690738754696e-16,1.0,4.135191872716656
sc_1886347_0964,40012,4,1.2728189877354135,1.3263812391929657,1.0,0.0,1.0,4.135191872716656
sc_1886347_0964,40012,5,1.3373235043331453,1.4743250058720325,0.9999999999999999,1.1102230246251565e-16,1.0,4.135191872716656
sc_1886347_0965,40045,0,0.0,0.24509878232138438,0.9999999999999999,1.1102230246251565e-16,1.0,4.157205084985376
sc_1886347_0965,40045,1,0.6159367644853373,0.9063101487492923,0.9999999999999998,2.220446049250313e-16,1.0,4.157205084985376
sc_1886347_0965,40045,2,0.9884130113777552,1.1304318409632623,1.0,0.0,0.9999999999999999,4.157205084985376
sc_1886347_0965,40045,3,1.16446137721703,1.2196706776632733,0.9999999999999999,1.1102230246251565e-16,1.0,4.157205084985376
sc_1886347_0965,40045,4,1.2683522953567439,1.3358079383509311,0.9999999999999999,1.1102230246251565e-16,1.0,4.157205084985376
sc_1886347_0965,40045,5,1.3997860132430828,1.4595425171120904,0.9999999999999999,1.1102230246251565e-16,1.0,4.157205084985376
sc_1886347_0966,40078,0,4.440892098500626e-16,0.29041158153425317,0.9999999999999998,2.220446049250313e-16,1.0,4.066808627958845
sc_1886347_0966,40078,1,0.540081455284952,0.9777447775538185,0.9999999999999999,1.1102230246251565e-16,1.0,4.066808627958845
sc_1886347_0966,40078,2,0.9983859096729559,1.1142058015936593,0.9999999999999999,1.1102230246251565e-16,1.0000000000000002,4.066808627958845
sc_1886347_0966,40078,3,1.1399767531518517,1.2463630529350702,1.0,0.0,1.0,4.066808627958845
sc_1886347_0966,40078,4,1.2612711191862982,1.3200760886762046,1.0000000000000002,2.220446049250313e-16,1.0,4.066808627958845
sc_1886347_0966,40078,5,1.3323292887847213,1.461987857231948,1.0000000000000002,2.220446049250313e-16,1.0,4.066808627958845
sc_1886347_0967,40110,0,2.220446049250313e-16,0.5315889128314881,1.0,0.0,1.0,4.482474165135021
sc_1886347_0967,40110,1,0.6323242671985038,0.8896913414677974,0.9999999999999998,2.220446049250313e-16,1.0,4.482474165135021
sc_1886347_0967,40110,2,0.948929060504323,1.1425356185646844,1.0,0.0,0.9999999999999998,4.482474165135021
sc_1886347_0967,40110,3,1.1714956483132624,1.195244406031913,1.0,0.0,1.0,4.482474165135021
sc_1886347_0967,40110,4,1.2670852795108218,1.3082342157927194,1.0,0.0,1.0,4.482474165135021
sc_1886347_0967,40110,5,1.318611669827779,1.4108560056664763,1.0,0.0,1.0,4.482474165135021
sc_1886347_0968,40143,0,6.661338147750939e-16,0.5904842705773862,1.0,0.0,1.0,4.417642350830377
sc_1886347_0968,40143,1,0.635434288500584,0.8795409583189397,1.0000000000000002,2.220446049250313e-16,1.0,4.417642350830377
sc_1886347_0968,40143,2,0.9859257884885139,1.122587743227652,1.0,0.0,1.0,4.417642350830377
sc_1886347_0968,40143,3,1.1436161075126103,1.23138832189729,1.0,0.0,1.0,4.417642350830377
sc_1886347_0968,40143,4,1.252718417730735,1.291977419981842,0.9999999999999998,2.220446049250313e-16,1.0,4.417642350830377
sc_1886347_0968,40143,5,1.310333834489796,1.4179813810757131,0.9999999999999999,1.1102230246251565e-16,1.0,4.417642350830377
sc_1886347_0969,40176,0,2.220446049250313e-16,0.44524543496665325,1.0,0.0,1.0,4.11932486900435
sc_1886347_0969,40176,1,0.5349951304110175,0.8861571502669482,1.0,0.0,1.0,4.11932486900435
sc_1886347_0969,40176,2,0.9916161997953101,1.1549014309065084,0.9999999999999998,2.220446049250313e-16,1.0000000000000002,4.11932486900435
sc_1886347_0969,40176,3,1.2061114461879991,1.2422246653313695,0.9999999999999999,1.1102230246251565e-16,1.0,4.11932486900435
sc_1886347_0969,40176,4,1.250351361052454,1.2880075423736526,1.0,0.0,1.0,4.11932486900435
sc_1886347_0969,40176,5,1.3055955018777232,1.4670157494434815,1.0000000000000002,2.220446049250313e-16,1.0,4.11932486900435
sc_1886347_0970,40208,0,6.661338147750939e-16,0.24473474368390602,0.9999999999999999,1.1102230246251565e-16,1.0,3.763709958413565
sc_1886347_0970,40208,1,0.4792949989546005,0.9308621349869705,0.9999999999999999,1.1102230246251565e-16,1.0,3.763709958413565
sc_1886347_0970,40208,2,1.0012352247096223,1.1893743827144114,1.0,0.0,0.9999999999999999,3.763709958413565
sc_1886347_0970,40208,3,1.1950414149358777,1.2461524000371118,1.0,0.0,1.0,3.763709958413565
sc_1886347_0970,40208,4,1.2818873009970466,1.2993377733876375,0.9999999999999997,3.3306690738754696e-16,1.0,3.763709958413565
sc_1886347_0970,40208,5,1.3012098589672483,1.5308453147093508,1.0,0.0,1.0,3.763709958413565
sc_1886347_0971,40241,0,1.1102230246251565e-15,0.3455673244936306,1.0,0.0,1.0,4.178244083588342
sc_1886347_0971,40241,1,0.5179996295309935,0.9240986047319732,0.9999999999999998,2.220446049250313e-16,1.0000000000000002,4.178244083588342
sc_1886347_0971,40241,2,0.9748855319261291,1.149909598647164,1.0,0.0,1.0,4.178244083588342
sc_1886347_0971,40241,3,1.1685963894797935,1.228008020615611,1.0,0.0,1.0,4.178244083588342
sc_1886347_0971,40241,4,1.2474401011174931,1.2870764457921273,0.9999999999999999,1.1102230246251565e-16,0.9999999999999999,4.178244083588342
sc_1886347_0971,40241,5,1.3665438784831245,1.4836046981189048,1.0,0.0,1.0,4.178244083588342
sc_1886347_0972,40274,0,4.440892098500626e-16,0.2510953006949934,0.9999999999999999,1.1102230246251565e-16,1.0,4.0351692647989825
sc_1886347_0972,40274,1,0.4891551304231042,0.9868971870605383,1.0,0.0,1.0,4.0351692647989825
sc_1886347_0972,40274,2,0.9993635848397895,1.1519220090008118,1.0000000000000002,2.220446049250313e-16,1.0,4.0351692647989825
sc_1886347_0972,40274,3,1.1783141700190256,1.2635322481069169,0.9999999999999998,2.220446049250313e-16,1.0,4.0351692647989825
sc_1886347_0972,40274,4,1.266167377601273,1.2907340197647796,1.0,0.0,1.0,4.0351692647989825
sc_1886347_0972,40274,5,1.3496462423248805,1.4758971554635654,0.9999999999999999,1.1102230246251565e-16,1.0,4.0351692647989825
sc_1886347_0973,40306,0,4.440892098500626e-16,0.23390629297108778,0.9999999999999999,1.1102230246251565e-16,1.0,3.733792294773699
sc_1886347_0973,40306,1,0.3927917837622059,0.8170969224778337,0.9999999999999998,2.220446049250313e-16,1.0,3.733792294773699
sc_1886347_0973,40306,2,0.9873070342438535,1.1956758821021527,1.0,0.0,1.0,3.733792294773699
sc_1886347_0973,40306,3,1.2455188471923981,1.2561186157132203,1.0000000000000002,2.220446049250313e-16,1.0,3.733792294773699
sc_1886347_0973,40306,4,1.2651593225326994,1.3145988014414045,1.0,0.0,0.9999999999999999,3.733792294773699
sc_1886347_0973,40306,5,1.333139609720497,1.506176738369602,1.0,0.0,1.0,3.733792294773699
sc_1886347_0974,40339,0,8.881784197001252e-16,0.2673037036478605,0.9999999999999998,2.220446049250313e-16,1.0,3.848047579829204
sc_1886347_0974,40339,1,0.5290707033677862,0.8270985035072562,0.9999999999999999,1.1102230246251565e-16,1.0,3.848047579829204
sc_1886347_0974,40339,2,0.9961085208223935,1.157698596742341,1.0,0.0,1.0,3.848047579829204
sc_1886347_0974,40339,3,1.1819125851812662,1.2344123739727748,0.9999999999999998,2.220446049250313e-16,1.0,3.848047579829204
sc_1886347_0974,40339,4,1.262828159287638,1.313831200969755,1.0,0.0,1.0,3.848047579829204
sc_1886347_0974,40339,5,1.3427726098517767,1.5211489271519005,0.9999999999999998,2.220446049250313e-16,1.0,3.848047579829204
sc_1886347_0975,40532,0,8.881784197001252e-16,0.21408140762505745,0.9999999999999999,1.1102230246251565e-16,1.0,3.9038025585473
sc_1886347_0975,40532,1,0.36409593397936746,0.7394187651565672,1.0,0.0,1.0000000000000002,3.9038025585473
sc_1886347_0975,40532,2,0.9422677990768543,1.1449484746861645,1.0000000000000002,2.220446049250313e-16,1.0,3.9038025585473
sc_1886347_0975,40532,3,1.1516868130450713,1.2269095630697606,1.0,0.0,1.0,3.9038025585473
sc_1886347_0975,40532,4,1.2748755862648582,1.3364383941060058,1.0,0.0,1.0,3.9038025585473
sc_1886347_0975,40532,5,1.3837444533397565,1.7077161121265112,1.0,0.0,1.0,3.9038025585473
sc_1886347_0976,40564,0,1.3322676295501878e-15,0.27673873187865583,1.0,0.0,1.0,3.821534521922383
sc_1886347_0976,40564,1,0.5152470590248883,0.8539189708641166,0.9999999999999999,1.1102230246251565e-16,1.0,3.821534521922383
sc_1886347_0976,40564,2,0.9917330535748761,1.1640194737141065,0.9999999999999999,1.1102230246251565e-16,1.0,3.821534521922383
sc_1886347_0976,40564,3,1.1724908125845912,1.213630866109102,1.0,0.0,1.0,3.821534521922383
sc_1886347_0976,40564,4,1.2543364330799796,1.2889085658024717,1.0,0.0,1.0,3.821534521922383
sc_1886347_0976,40564,5,1.3457154600068786,1.7074676405530833,1.0,0.0,1.0,3.821534521922383
sc_1886347_0977,40597,0,6.661338147750939e-16,0.23271758530177267,0.9999999999999998,2.220446049250313e-16,1.0,3.576075742535771
sc_1886347_0977,40597,1,0.6178413265313094,0.9035010094043517,0.9999999999999998,2.220446049250313e-16,1.0000000000000002,3.576075742535771
sc_1886347_0977,40597,2,0.9468434362915347,1.1341736633280837,1.0,0.0,1.0,3.576075742535771
sc_1886347_0977,40597,3,1.1592239574595402,1.1927520142449486,1.0,0.0,1.0,3.576075742535771
sc_1886347_0977,40597,4,1.2173229444692235,1.3108908520627862,1.0,0.0,0.9999999999999999,3.576075742535771
sc_1886347_0977,40597,5,1.3400060404787224,1.7539330462423335,1.0,0.0,1.0,3.576075742535771
sc_1886347_0978,40742,0,1.1102230246251565e-15,0.17803558480891235,0.9999999999999998,2.220446049250313e-16,1.0,3.852715434523611
sc_1886347_0978,40742,1,0.5329156422083221,0.7856162735833143,0.9999999999999999,1.1102230246251565e-16,1.0,3.852715434523611
sc_1886347_0978,40742,2,1.0037835490878801,1.080370390583206,1.0,0.0,1.0000000000000002,3.852715434523611
sc_1886347_0978,40742,3,1.1652670978915451,1.2007611301311654,1.0,0.0,1.0,3.852715434523611
sc_1886347_0978,40742,4,1.249393319347163,1.3523883007168918,1.0,0.0,1.0,3.852715434523611
sc_1886347_0978,40742,5,1.3737321137453042,1.890678349611147,1.0000000000000002,2.220446049250313e-16,1.0,3.852715434523611
sc_1886347_0979,40775,0,0.0,0.1482604345685341,1.0000000000000002,2.220446049250313e-16,1.0,3.7768873741870914
sc_1886347_0979,40775,1,0.5310641558306675,0.8593411341429359,1.0,0.0,1.0,3.7768873741870914
sc_1886347_0979,40775,2,0.9758471701525429,1.164423628616514,1.0,0.0,1.0,3.7768873741870914
sc_1886347_0979,40775,3,1.1875656855542678,1.2197524228534813,1.0,0.0,1.0,3.7768873741870914
sc_1886347_0979,40775,4,1.2539545350287136,1.2999119986718242,1.0,0.0,1.0,3.7768873741870914
sc_1886347_0979,40775,5,1.351603086945028,1.8357031223135574,1.0,0.0,1.0,3.7768873741870914
sc_1886347_0980,40807,0,2.220446049250313e-16,0.23214521261143006,1.0,0.0,1.0,3.7925864080057083
sc_1886347_0980,40807,1,0.507031117315323,0.8251160838880072,1.0,0.0,1.0,3.7925864080057083
sc_1886347_0980,40807,2,0.9338924952556144,1.1315885782893458,1.0,0.0,1.0,3.7925864080057083
sc_1886347_0980,40807,3,1.1642519139294678,1.2359121691043502,0.9999999999999999,1.1102230246251565e-16,1.0,3.7925864080057083
sc_1886347_0980,40807,4,1.2400200112856785,1.3328593265040996,0.9999999999999999,1.1102230246251565e-16,1.0,3.7925864080057083
sc_1886347_0980,40807,5,1.3561868863166722,1.7443224704910498,0.9999999999999999,1.1102230246251565e-16,1.0,3.7925864080057083
sc_1886347_0981,40840,0,4.440892098500626e-16,0.32210955051011836,1.0,0.0,1.0,4.169624931844663
sc_1886347_0981,40840,1,0.544879986132459,0.9006782957108213,0.9999999999999999,1.1102230246251565e-16,1.0000000000000002,4.169624931844663
sc_1886347_0981,40840,2,0.9837522836042976,1.1193610712639352,1.0000000000000002,2.220446049250313e-16,1.0000000000000002,4.169624931844663
sc_1886347_0981,40840,3,1.1544087387462099,1.200058300729388,1.0,0.0,1.0,4.169624931844663
sc_1886347_0981,40840,4,1.252007296093256,1.3148325645930623,0.9999999999999999,1.1102230246251565e-16,1.0,4.169624931844663
sc_1886347_0981,40840,5,1.3546602246631698,1.501616044350695,1.0,0.0,1.0,4.169624931844663
sc_1886347_0982,40873,0,0.0,0.4190098675223467,1.0,0.0,1.0,4.0197932181455664
sc_1886347_0982,40873,1,0.567350306352798,0.8833982057012363,0.9999999999999999,1.1102230246251565e-16,1.0,4.0197932181455664
sc_1886347_0982,40873,2,1.0262826619897174,1.141520986079745,1.0,0.0,1.0,4.0197932181455664
sc_1886347_0982,40873,3,1.147486236905444,1.2129958264852865,1.0,0.0,1.0,4.0197932181455664
sc_1886347_0982,40873,4,1.2624019360821315,1.3264160318170846,1.0,0.0,1.0,4.0197932181455664
sc_1886347_0982,40873,5,1.357541996190824,1.408939041951311,0.9999999999999998,2.220446049250313e-16,1.0,4.0197932181455664
sc_1886347_0983,40905,0,2.220446049250313e-16,0.3523093275222069,1.0,0.0,1.0,3.844081458574972
sc_1886347_0983,40905,1,0.45347430871634054,0.8678934790303482,1.0000000000000002,2.220446049250313e-16,1.0000000000000002,3.844081458574972
sc_1886347_0983,40905,2,1.001469965253226,1.1490753381895802,0.9999999999999998,2.220446049250313e-16,1.0,3.844081458574972
sc_1886347_0983,40905,3,1.191908329274448,1.2509272137133698,1.0,0.0,1.0,3.844081458574972
sc_1886347_0983,40905,4,1.277421690974223,1.300070727133509,1.0,0.0,1.0,3.844081458574972
sc_1886347_0983,40905,5,1.3106003099268997,1.45225800739804,0.9999999999999999,1.1102230246251565e-16,1.0,3.844081458574972
sc_1886347_0984,40938,0,-2.220446049250313e-16,0.2981336721218695,1.0,0.0,1.0,3.989114419560212
sc_1886347_0984,40938,1,0.538201642008516,0.93962112446811,0.9999999999999999,1.1102230246251565e-16,1.0,3.989114419560212
sc_1886347_0984,40938,2,1.0110840003430666,1.1124229381850075,1.0,0.0,1.0000000000000002,3.989114419560212
sc_1886347_0984,40938,3,1.1300449156413597,1.252328059267808,0.9999999999999999,1.1102230246251565e-16,1.0,3.989114419560212
sc_1886347_0984,40938,4,1.2723529637832542,1.3307010517444888,0.9999999999999999,1.1102230246251565e-16,1.0,3.989114419560212
sc_1886347_0984,40938,5,1.336578710306478,1.4433775281015508,0.9999999999999998,2.220446049250313e-16,1.0,3.989114419560212
sc_1886347_0985,40971,0,6.661338147750939e-16,0.2836698572712575,0.9999999999999998,2.220446049250313e-16,1.0,3.85391149245374
sc_1886347_0985,40971,1,0.46375559262430577,0.8858514720853777,1.0000000000000002,2.220446049250313e-16,1.0,3.85391149245374
sc_1886347_0985,40971,2,0.9637280706551615,1.1589916541130922,0.9999999999999999,1.1102230246251565e-16,1.0,3.85391149245374
sc_1886347_0985,40971,3,1.1990091054539094,1.2336486105241782,0.9999999999999999,1.1102230246251565e-16,1.0,3.85391149245374
sc_1886347_0985,40971,4,1.2535783226111814,1.3036903445481753,1.0,0.0,1.0,3.85391149245374
sc_1886347_0985,40971,5,1.3442716091881455,1.4740657409101232,0.9999999999999999,1.1102230246251565e-16,1.0,3.85391149245374
sc_1886347_0986,41003,0,4.440892098500626e-16,0.21733487613489877,0.9999999999999999,1.1102230246251565e-16,1.0,3.753128535660237
sc_1886347_0986,41003,1,0.5085225177670414,0.8824200727094288,1.0,0.0,0.9999999999999999,3.753128535660237
sc_1886347_0986,41003,2,0.9345447553597771,1.154755983263576,0.9999999999999999,1.1102230246251565e-16,0.9999999999999999,3.753128535660237
sc_1886347_0986,41003,3,1.1737545644999259,1.2444086216579102,1.0,0.0,1.0,3.753128535660237
sc_1886347_0986,41003,4,1.2986018311401204,1.325154585101655,0.9999999999999999,1.1102230246251565e-16,1.0,3.753128535660237
sc_1886347_0986,41003,5,1.3611265168185525,1.485475638684866,0.9999999999999998,2.220446049250313e-16,1.0,3.753128535660237
sc_1886347_0987,41036,0,2.220446049250313e-16,0.2833219262500415,1.0,0.0,1.0,3.74359249398145
sc_1886347_0987,41036,1,0.42699539366573735,0.8715586471009389,0.9999999999999997,3.3306690738754696e-16,1.0,3.74359249398145
sc_1886347_0987,41036,2,0.924492473636597,1.1527947388112207,1.0,0.0,1.0,3.74359249398145
sc_1886347_0987,41036,3,1.193465039424775,1.2572579041436724,1.0,0.0,1.0,3.74359249398145
sc_1886347_0987,41036,4,1.2813150772960813,1.3504844325376633,0.9999999999999998,2.220446049250313e-16,1.0,3.74359249398145
sc_1886347_0987,41036,5,1.3911299331237656,1.4969770163550213,1.0,0.0,1.0,3.74359249398145
sc_1886347_0988,41069,0,6.661338147750939e-16,0.2642687345454886,1.0,0.0,1.0,3.83596682069608
sc_1886347_0988,41069,1,0.48897713214669736,0.9004560724174235,1.0,0.0,1.0,3.83596682069608
sc_1886347_0988,41069,2,0.95866590485903,1.177334892446829,0.9999999999999999,1.1102230246251565e-16,1.0,3.83596682069608
sc_1886347_0988,41069,3,1.2064705898132488,1.2850213589703796,1.0,0.0,1.0,3.83596682069608
sc_1886347_0988,41069,4,1.290094759164482,1.3188839533299537,1.0,0.0,1.0,3.83596682069608
sc_1886347_0988,41069,5,1.3478821748008145,1.5072606545707574,1.0,0.0,1.0,3.83596682069608
sc_1886347_0989,41102,0,2.220446049250313e-16,0.2706193750626924,1.0,0.0,1.0,4.0374739741504815
sc_1886347_0989,41102,1,0.6423688847208368,0.8642234319851896,0.9999999999999999,1.1102230246251565e-16,1.0,4.0374739741504815
sc_1886347_0989,41102,2,0.9477130127166009,1.1797703382822484,1.0,0.0,1.0,4.0374739741504815
sc_1886347_0989,41102,3,1.2001947442597085,1.2320336580740516,1.0,0.0,1.0,4.0374739741504815
sc_1886347_0989,41102,4,1.2528921773235124,1.3110775244577058,0.9999999999999999,1.1102230246251565e-16,1.0,4.0374739741504815
sc_1886347_0989,41102,5,1.3313446563906048,1.4767139554010338,1.0,0.0,1.0,4.0374739741504815
sc_1886347_0990,41134,0,0.0,0.3138350300797861,1.0,0.0,1.0,4.194015121533361
sc_1886347_0990,41134,1,0.5777451295582311,0.957523796397032,1.0,0.0,1.0,4.194015121533361
sc_1886347_0990,41134,2,0.9947519226489142,1.11892852479145,1.0,0.0,1.0,4.194015121533361
sc_1886347_0990,41134,3,1.1550884097323073,1.2188336159376503,1.0,0.0,1.0,4.194015121533361
sc_1886347_0990,41134,4,1.2376700082247467,1.2990888167190606,0.9999999999999999,1.1102230246251565e-16,1.0000000000000002,4.194015121533361
sc_1886347_0990,41134,5,1.333986382017948,1.5059942747253394,1.0,0.0,1.0,4.194015121533361
sc_1886347_0991,41167,0,4.440892098500626e-16,0.32216754585394103,0.9999999999999998,2.220446049250313e-16,1.0,3.8489501399118327
sc_1886347_0991,41167,1,0.6200263276573481,0.815046163735209,0.9999999999999999,1.1102230246251565e-16,1.0,3.8489501399118327
sc_1886347_0991,41167,2,0.9935243905570182,1.0924018469428218,1.0,0.0,1.0,3.8489501399118327
sc_1886347_0991,41167,3,1.1714579674520282,1.2143349954832199,1.0,0.0,1.0,3.8489501399118327
sc_1886347_0991,41167,4,1.260455372088311,1.3166004330165777,0.9999999999999999,1.1102230246251565e-16,0.9999999999999998,3.8489501399118327
sc_1886347_0991,41167,5,1.365211391373531,1.570226715835512,1.0,0.0,1.0,3.8489501399118327
sc_1886347_0992,41200,0,6.661338147750939e-16,0.27907445641412254,1.0,0.0,1.0,3.884619691030024
sc_1886347_0992,41200,1,0.5361437273691431,0.8449610460602013,1.0000000000000002,2.220446049250313e-16,1.0,3.884619691030024
sc_1886347_0992,41200,2,0.9674829801341615,1.1391352769087484,1.0,0.0,0.9999999999999999,3.884619691030024
sc_1886347_0992,41200,3,1.1747629481444648,1.2226578460914652,1.0,0.0,1.0,3.884619691030024
sc_1886347_0992,41200,4,1.2386461113073384,1.3412561267587533,1.0,0.0,1.0,3.884619691030024
sc_1886347_0992,41200,5,1.3686272921677043,1.4886403303968476,0.9999999999999999,1.1102230246251565e-16,1.0,3.884619691030024
sc_1886347_0993,41232,0,2.220446049250313e-16,0.3004850146473603,0.9999999999999999,1.1102230246251565e-16,1.0,3.9281559953471805
sc_1886347_0993,41232,1,0.5361952504144192,0.8758354339664948,1.0,0.0,1.0,3.9281559953471805
sc_1886347_0993,41232,2,0.9683518177648757,1.1253596389776064,0.9999999999999999,1.1102230246251565e-16,1.0000000000000002,3.9281559953471805
sc_1886347_0993,41232,3,1.1617887898286388,1.2288674599172347,0.9999999999999998,2.220446049250313e-16,1.0,3.9281559953471805
sc_1886347_0993,41232,4,1.27079455305686,1.3312456843794809,1.0000000000000002,2.220446049250313e-16,1.0,3.9281559953471805
sc_1886347_0993,41232,5,1.3843052672028293,1.4825860062932283,1.0,0.0,1.0,3.9281559953471805
sc_1886347_0994,41265,0,2.220446049250313e-16,0.24548205559926162,1.0,0.0,1.0,3.8652961690154237
sc_1886347_0994,41265,1,0.4882571580671595,0.9253242196779156,0.9999999999999999,1.1102230246251565e-16,1.0000000000000002,3.8652961690154237
sc_1886347_0994,41265,2,1.0473033927003308,1.133818186082059,1.0,0.0,1.0,3.8652961690154237
sc_1886347_0994,41265,3,1.1982273680007085,1.2209816374538027,1.0,0.0,1.0,3.8652961690154237
sc_1886347_0994,41265,4,1.2358247732231473,1.3349581247788698,0.9999999999999999,1.1102230246251565e-16,1.0000000000000002,3.8652961690154237
sc_1886347_0994,41265,5,1.3542124056264864,1.5002303611684384,1.0,0.0,1.0,3.8652961690154237
sc_1886347_0995,41298,0,-2.220446049250313e-16,0.19100067023548428,0.9999999999999999,1.1102230246251565e-16,1.0,3.768374770165914
sc_1886347_0995,41298,1,0.44258037454162724,0.8595125321982837,0.9999999999999998,2.220446049250313e-16,1.0,3.768374770165914
sc_1886347_0995,41298,2,0.974824865876987,1.1283590379639978,1.0,0.0,1.0,3.768374770165914
sc_1886347_0995,41298,3,1.207132810083212,1.2437862990325828,0.9999999999999999,1.1102230246251565e-16,1.0,3.768374770165914
sc_1886347_0995,41298,4,1.262589500779943,1.3279487852727438,1.0,0.0,1.0,3.768374770165914
sc_1886347_0995,41298,5,1.3940143758183607,1.5304768973141165,1.0,0.0,1.0,3.768374770165914
sc_1886347_0996,41330,0,-6.661338147750939e-16,0.19721683017116498,0.9999999999999999,1.1102230246251565e-16,1.0,3.7522514259536264
sc_1886347_0996,41330,1,0.38928548103057525,0.9125238779351554,1.0,0.0,1.0,3.7522514259536264
sc_1886347_0996,41330,2,0.9615053384570766,1.1464823868691125,1.0,0.0,1.0,3.7522514259536264
sc_1886347_0996,41330,3,1.1719256076311841,1.2452269567459926,0.9999999999999999,1.1102230246251565e-16,1.0,3.7522514259536264
sc_1886347_0996,41330,4,1.256713231002101,1.3269826504537008,1.0,0.0,1.0,3.7522514259536264
sc_1886347_0996,41330,5,1.3468191257378381,1.5139848374962752,0.9999999999999999,1.1102230246251565e-16,1.0,3.7522514259536264
sc_1886347_0997,41363,0,-4.440892098500626e-16,0.24353045119828431,0.9999999999999998,2.220446049250313e-16,1.0,3.789296881787093
sc_1886347_0997,41363,1,0.4800876902713971,0.9126349795369019,1.0,0.0,1.0000000000000002,3.789296881787093
sc_1886347_0997,41363,2,0.9596580619927083,1.1311576013361786,0.9999999999999999,1.1102230246251565e-16,1.0,3.789296881787093
sc_1886347_0997,41363,3,1.1533495190408756,1.245555325138521,1.0,0.0,1.0,3.789296881787093
sc_1886347_0997,41363,4,1.2602537640777975,1.3284217244038399,0.9999999999999999,1.1102230246251565e-16,1.0,3.789296881787093
sc_1886347_0997,41363,5,1.356771536683155,1.4992987500591306,1.0,0.0,1.0,3.789296881787093
sc_1886347_0998,41396,0,2.220446049250313e-16,0.2691739466108449,1.0,0.0,1.0,3.775694820448314
sc_1886347_0998,41396,1,0.5832620112199953,0.9023506097180728,0.9999999999999999,1.1102230246251565e-16,0.9999999999999999,3.775694820448314
sc_1886347_0998,41396,2,0.9611260652035217,1.1341036348358489,1.0,0.0,1.0,3.775694820448314
sc_1886347_0998,41396,3,1.1509412202633431,1.231492776269962,1.0,0.0,1.0,3.775694820448314
sc_1886347_0998,41396,4,1.2559797077653645,1.345221672989841,1.0,0.0,1.0,3.775694820448314
sc_1886347_0998,41396,5,1.355822832129483,1.5302535109812003,1.0,0.0,1.0,3.775694820448314
sc_1886347_0999,41429,0,4.440892098500626e-16,0.2608330627595352,1.0,0.0,1.0,3.5848649360939175
sc_1886347_0999,41429,1,0.5260762506109404,0.9009374052976648,0.9999999999999998,2.220446049250313e-16,1.0,3.5848649360939175
sc_1886347_0999,41429,2,0.9631589746951056,1.1427505993635636,0.9999999999999999,1.1102230246251565e-16,1.0,3.5848649360939175
sc_1886347_0999,41429,3,1.195380706520681,1.250359799352599,1.0,0.0,1.0,3.5848649360939175
sc_1886347_0999,41429,4,1.252751247832497,1.318044832030281,1.0,0.0,0.9999999999999999,3.5848649360939175
sc_1886347_0999,41429,5,1.3387096360413322,1.4980090708174225,0.9999999999999999,1.1102230246251565e-16,1.0,3.5848649360939175
