model,scene,orig,new,shift,pred,miss,away_pred,feat_dist,null_feat_dist
raw_single_channel_phase_gat_team_mean_seed11,5954,1,0,-0.1909,0,False,1,26.9887,27.6545
raw_single_channel_phase_gat_team_mean_seed11,3150,2,1,-0.3984,1,False,2,43.0469,34.406
raw_single_channel_phase_gat_team_mean_seed11,786,1,2,0.0477,1,True,1,8.0699,5.3628
raw_single_channel_phase_gat_team_mean_seed11,2975,1,0,-0.29,0,False,1,35.1727,20.6393
raw_single_channel_phase_gat_team_mean_seed11,5994,1,0,-0.073,0,False,1,10.7219,10.5041
raw_single_channel_phase_gat_team_mean_seed11,4711,0,1,0.0434,1,False,0,7.0183,5.2451
raw_single_channel_phase_gat_team_mean_seed11,1096,2,1,-0.1609,1,False,2,24.2726,14.0723
raw_single_channel_phase_gat_team_mean_seed11,2529,1,0,-0.2046,0,False,1,23.0233,21.1949
raw_single_channel_phase_gat_team_mean_seed11,6032,1,2,0.2609,2,False,1,32.2319,33.8408
raw_single_channel_phase_gat_team_mean_seed11,5001,0,1,0.1407,1,False,0,21.983,12.6645
raw_single_channel_phase_gat_team_mean_seed11,4245,1,2,0.1397,1,True,1,19.2051,15.9478
raw_single_channel_phase_gat_team_mean_seed11,4107,0,1,0.221,1,False,0,21.8369,22.9794
raw_single_channel_phase_gat_team_mean_seed11,3049,1,0,-0.2807,0,False,1,31.4331,21.7802
raw_single_channel_phase_gat_team_mean_seed11,2145,1,0,-0.3354,0,False,1,36.974,24.048
raw_single_channel_phase_gat_team_mean_seed11,1509,1,2,0.0537,1,True,1,8.3111,7.674
raw_single_channel_phase_gat_team_mean_seed11,873,1,2,0.3589,1,True,1,30.904,
raw_single_channel_phase_gat_team_mean_seed11,5067,2,1,-0.2383,1,False,2,32.8908,27.1631
raw_single_channel_phase_gat_team_mean_seed11,639,1,2,0.3525,2,False,1,30.2985,
raw_single_channel_phase_gat_team_mean_seed11,2500,1,0,-0.2491,0,False,1,32.7104,33.3895
raw_single_channel_phase_gat_team_mean_seed11,3992,2,1,-0.0977,1,False,2,17.1249,12.5742
raw_single_channel_phase_gat_team_mean_seed11,5187,0,1,0.0683,1,False,0,10.7936,9.0809
raw_single_channel_phase_gat_team_mean_seed11,4305,0,1,0.1869,1,False,0,26.8563,21.0245
raw_single_channel_phase_gat_team_mean_seed11,5450,0,1,0.178,0,True,0,22.8435,15.7319
raw_single_channel_phase_gat_team_mean_seed11,921,0,1,0.0488,0,True,0,7.4155,6.3108
raw_single_channel_phase_gat_team_mean_seed11,1215,1,0,-0.3472,0,False,1,36.4413,30.1215
raw_single_channel_phase_gat_team_mean_seed11,1660,1,0,-0.3609,0,False,1,34.5365,
raw_single_channel_phase_gat_team_mean_seed11,3652,1,2,0.3106,1,True,1,32.2804,32.3414
raw_single_channel_phase_gat_team_mean_seed11,1968,1,2,0.2294,1,True,1,30.1916,22.0072
raw_single_channel_phase_gat_team_mean_seed11,4342,1,0,-0.257,0,False,1,34.9608,29.1203
raw_single_channel_phase_gat_team_mean_seed11,4873,1,0,-0.1398,0,False,1,19.5525,26.4937
raw_single_channel_phase_gat_team_mean_seed11,1339,1,0,-0.0549,0,False,1,11.5122,16.284
raw_single_channel_phase_gat_team_mean_seed11,2768,1,0,-0.2254,0,False,1,30.6574,17.3874
raw_single_channel_phase_gat_team_mean_seed11,5708,0,1,0.3621,1,False,0,46.9621,19.4734
raw_single_channel_phase_gat_team_mean_seed11,813,1,0,-0.3146,0,False,1,34.3374,26.1638
raw_single_channel_phase_gat_team_mean_seed11,5648,1,2,0.2059,1,True,1,28.1158,15.6671
raw_single_channel_phase_gat_team_mean_seed11,1387,1,0,-0.3601,0,False,1,45.1135,
raw_single_channel_phase_gat_team_mean_seed11,3280,1,2,0.212,1,True,1,24.825,19.5875
raw_single_channel_phase_gat_team_mean_seed11,3949,2,1,-0.3753,1,False,2,65.0432,34.1775
raw_single_channel_phase_gat_team_mean_seed11,1444,1,0,-0.1213,0,False,1,18.765,10.8036
raw_single_channel_phase_gat_team_mean_seed11,3780,2,1,-0.2118,1,False,2,32.7658,23.6273
raw_single_channel_phase_gat_team_mean_seed11,2154,1,2,0.2268,1,True,1,25.4593,24.2595
raw_single_channel_phase_gat_team_mean_seed11,1853,1,0,-0.2857,0,False,1,38.1566,32.3864
raw_single_channel_phase_gat_team_mean_seed11,1196,1,2,0.2661,1,True,1,29.4397,26.4458
raw_single_channel_phase_gat_team_mean_seed11,2823,0,1,0.262,1,False,0,42.3716,22.7378
raw_single_channel_phase_gat_team_mean_seed11,5368,1,0,-0.1574,0,False,1,20.6007,26.8029
raw_single_channel_phase_gat_team_mean_seed11,3884,1,0,-0.1202,0,False,1,15.5951,13.3432
raw_single_channel_phase_gat_team_mean_seed11,886,1,2,0.3424,1,True,1,28.1098,30.8466
raw_single_channel_phase_gat_team_mean_seed11,5099,2,1,-0.0354,1,False,1,5.8487,6.9067
raw_single_channel_phase_gat_team_mean_seed11,4912,0,1,0.1974,0,True,0,24.1718,18.6198
raw_single_channel_phase_gat_team_mean_seed11,5530,1,0,-0.2166,0,False,1,23.9664,18.6517
raw_single_channel_phase_gat_team_mean_seed11,4407,1,0,-0.1206,0,False,1,19.7475,22.8762
raw_single_channel_phase_gat_team_mean_seed11,654,1,0,-0.0905,0,False,1,17.1672,13.9085
raw_single_channel_phase_gat_team_mean_seed11,2707,1,2,0.2379,2,False,1,40.2017,21.6581
raw_single_channel_phase_gat_team_mean_seed11,680,1,0,-0.3006,0,False,1,29.7407,21.0654
raw_single_channel_phase_gat_team_mean_seed11,3656,1,0,-0.2965,0,False,1,31.4896,25.4073
raw_single_channel_phase_gat_team_mean_seed11,3037,1,2,0.3288,2,False,1,43.1382,42.0059
raw_single_channel_phase_gat_team_mean_seed11,5597,2,1,-0.0688,1,False,1,10.027,11.1443
raw_single_channel_phase_gat_team_mean_seed11,4627,0,1,0.0714,1,False,0,9.5627,9.2992
raw_single_channel_phase_gat_team_mean_seed11,3965,2,1,-0.399,1,False,2,75.9389,38.394
raw_single_channel_phase_gat_team_mean_seed11,6126,0,1,0.1115,1,False,0,18.0239,12.9513
raw_single_channel_phase_gat_team_mean_seed11,5244,0,1,0.3836,1,False,0,46.5071,19.1428
raw_single_channel_phase_gat_team_mean_seed11,5025,0,1,0.1149,1,False,0,18.046,11.8757
raw_single_channel_phase_gat_team_mean_seed11,1518,1,2,0.219,1,True,1,32.7164,20.7205
raw_single_channel_phase_gat_team_mean_seed11,4625,0,1,0.0839,1,False,0,10.27,10.6264
raw_single_channel_phase_gat_team_mean_seed11,4554,1,0,-0.2509,0,False,1,28.3709,30.6398
raw_single_channel_phase_gat_team_mean_seed11,5806,1,0,-0.2729,0,False,1,33.3032,28.6734
raw_single_channel_phase_gat_team_mean_seed11,1216,1,0,-0.35,0,False,1,36.6715,
raw_single_channel_phase_gat_team_mean_seed11,2579,2,1,-0.0918,1,False,2,15.143,9.9436
raw_single_channel_phase_gat_team_mean_seed11,4771,1,2,0.3149,1,True,1,27.7482,20.9093
raw_single_channel_phase_gat_team_mean_seed11,1357,0,1,0.1658,1,False,0,27.6973,13.142
raw_single_channel_phase_gat_team_mean_seed11,5991,1,0,-0.1408,0,False,1,25.2182,22.3734
raw_single_channel_phase_gat_team_mean_seed11,812,1,0,-0.3217,0,False,1,33.6849,26.2821
raw_single_channel_phase_gat_team_mean_seed11,1988,1,2,0.299,1,True,1,29.681,35.9136
raw_single_channel_phase_gat_team_mean_seed11,1679,1,0,-0.3392,0,False,1,31.9197,22.5207
raw_single_channel_phase_gat_team_mean_seed11,1903,1,2,0.2161,1,True,1,27.8079,18.9759
raw_single_channel_phase_gat_team_mean_seed11,4788,2,1,-0.1954,1,False,2,30.2394,19.3091
raw_single_channel_phase_gat_team_mean_seed11,5295,0,1,0.2655,1,False,0,29.6885,30.8786
raw_single_channel_phase_gat_team_mean_seed11,4802,2,1,-0.275,1,False,2,43.2351,21.775
raw_single_channel_phase_gat_team_mean_seed11,6067,1,2,0.2994,1,True,1,32.4247,29.1895
raw_single_channel_phase_gat_team_mean_seed11,5183,1,0,-0.0842,0,False,1,12.4828,9.8079
raw_single_channel_phase_gat_team_mean_seed11,1073,2,1,-0.0352,1,False,1,7.2713,3.6962
raw_single_channel_phase_gat_team_mean_seed11,468,2,1,-0.1146,1,False,2,17.9149,16.4223
raw_single_channel_phase_gat_team_mean_seed11,5075,2,1,-0.2531,1,False,2,34.2167,26.1668
raw_single_channel_phase_gat_team_mean_seed11,6036,1,2,0.2021,2,False,1,23.2562,13.0199
raw_single_channel_phase_gat_team_mean_seed11,1913,1,2,0.3137,1,True,1,36.9227,37.0466
raw_single_channel_phase_gat_team_mean_seed11,2839,0,1,0.197,1,False,0,31.1904,18.7893
raw_single_channel_phase_gat_team_mean_seed11,3610,0,1,0.3908,1,False,0,43.0922,26.6334
raw_single_channel_phase_gat_team_mean_seed11,2445,1,2,0.0358,2,False,1,4.1032,5.5386
raw_single_channel_phase_gat_team_mean_seed11,3132,2,1,-0.3785,1,False,2,40.5168,32.2349
raw_single_channel_phase_gat_team_mean_seed11,4514,1,2,0.1578,1,True,1,22.5312,13.9459
raw_single_channel_phase_gat_team_mean_seed11,5538,1,0,-0.2175,0,False,1,20.4798,21.8341
raw_single_channel_phase_gat_team_mean_seed11,2366,2,1,-0.3598,1,False,2,59.4163,57.621
raw_single_channel_phase_gat_team_mean_seed11,3639,1,2,0.1663,2,False,1,25.6806,17.7712
raw_single_channel_phase_gat_team_mean_seed11,2113,1,0,-0.1616,0,False,1,23.1793,15.6331
raw_single_channel_phase_gat_team_mean_seed11,4667,1,0,-0.1434,0,False,1,20.3569,14.2699
raw_single_channel_phase_gat_team_mean_seed11,5409,1,2,0.2008,1,True,1,19.5587,14.2338
raw_single_channel_phase_gat_team_mean_seed11,4264,1,0,-0.2305,0,False,1,34.2761,28.7591
raw_single_channel_phase_gat_team_mean_seed11,493,1,2,0.1677,1,True,1,19.7069,14.9437
raw_single_channel_phase_gat_team_mean_seed11,5094,1,2,0.1114,1,True,1,17.5659,12.9032
raw_single_channel_phase_gat_team_mean_seed11,6003,0,1,0.1899,1,False,0,23.1394,17.1928
raw_single_channel_phase_gat_team_mean_seed11,2716,1,2,0.2981,1,True,1,28.2316,34.063
raw_single_channel_phase_gat_team_mean_seed11,3899,1,2,0.1012,2,False,1,15.3187,10.5947
raw_single_channel_phase_gat_team_mean_seed11,1819,1,0,-0.2702,0,False,1,32.9865,19.7705
raw_single_channel_phase_gat_team_mean_seed11,2447,1,2,0.0672,1,True,1,8.5717,9.3236
raw_single_channel_phase_gat_team_mean_seed11,2662,0,1,0.0742,1,False,0,11.963,10.0318
raw_single_channel_phase_gat_team_mean_seed11,4934,0,1,0.0362,1,False,0,7.2062,6.0831
raw_single_channel_phase_gat_team_mean_seed11,3944,2,1,-0.2797,1,False,2,62.9159,24.7155
raw_single_channel_phase_gat_team_mean_seed11,5832,0,1,0.3886,1,False,0,40.6917,28.35
raw_single_channel_phase_gat_team_mean_seed11,5436,1,0,-0.2269,0,False,1,37.4658,17.607
raw_single_channel_phase_gat_team_mean_seed11,539,1,0,-0.1579,0,False,1,23.0191,15.5154
raw_single_channel_phase_gat_team_mean_seed11,2570,2,1,-0.2165,1,False,2,24.6835,19.1845
raw_single_channel_phase_gat_team_mean_seed11,2455,1,2,0.2379,1,True,1,25.4594,18.2627
raw_single_channel_phase_gat_team_mean_seed11,6118,0,1,0.074,1,False,0,12.0196,10.7299
raw_single_channel_phase_gat_team_mean_seed11,2539,1,0,-0.2092,0,False,1,24.9329,13.8097
raw_single_channel_phase_gat_team_mean_seed11,3852,1,2,0.1724,1,True,1,27.4656,16.1691
raw_single_channel_phase_gat_team_mean_seed11,1044,1,0,-0.1568,0,False,1,23.2445,20.8547
raw_single_channel_phase_gat_team_mean_seed11,2155,1,2,0.208,1,True,1,24.8616,22.7948
raw_single_channel_phase_gat_team_mean_seed11,4293,0,1,0.0395,1,False,0,6.576,5.6201
raw_single_channel_phase_gat_team_mean_seed11,4530,1,2,0.0475,1,True,1,8.3206,9.8247
raw_single_channel_phase_gat_team_mean_seed11,2094,1,2,0.2108,2,False,1,33.0104,19.9677
raw_single_channel_phase_gat_team_mean_seed11,6052,1,2,0.0397,2,False,1,8.2054,6.6445
raw_single_channel_phase_gat_team_mean_seed11,4037,0,1,0.0454,1,False,0,9.1346,7.2812
raw_single_channel_phase_gat_team_mean_seed11,4896,1,0,-0.0646,0,False,1,15.2372,10.8786
raw_single_channel_phase_gat_team_mean_seed11,4063,1,0,-0.1686,0,False,1,20.4853,20.3395
raw_single_channel_phase_gat_team_mean_seed11,4949,0,1,0.1733,1,False,0,26.1733,18.6379
raw_single_channel_phase_gat_team_mean_seed11,4422,1,0,-0.2061,0,False,1,26.6212,21.6612
raw_single_channel_phase_gat_team_mean_seed11,4060,1,0,-0.0319,0,False,0,6.3258,7.6111
raw_single_channel_phase_gat_team_mean_seed11,5514,1,0,-0.0846,0,False,1,8.4127,9.5918
raw_single_channel_phase_gat_team_mean_seed11,5456,0,1,0.0806,0,True,0,12.9328,10.908
raw_single_channel_phase_gat_team_mean_seed11,3472,2,1,-0.1526,1,False,2,25.8235,18.5731
raw_single_channel_phase_gat_team_mean_seed11,5307,1,2,0.092,2,False,1,9.3317,8.6545
raw_single_channel_phase_gat_team_mean_seed11,5061,2,1,-0.2161,1,False,2,27.6274,21.1298
raw_single_channel_phase_gat_team_mean_seed11,1229,1,0,-0.2193,0,False,1,28.9942,25.9497
raw_single_channel_phase_gat_team_mean_seed11,6001,0,1,0.0979,1,False,0,14.2898,11.5002
raw_single_channel_phase_gat_team_mean_seed11,5364,1,0,-0.1874,0,False,1,24.4104,28.2903
raw_single_channel_phase_gat_team_mean_seed11,2535,1,0,-0.201,0,False,1,23.265,15.451
raw_single_channel_phase_gat_team_mean_seed11,1151,1,0,-0.3441,0,False,1,40.0272,25.7535
raw_single_channel_phase_gat_team_mean_seed11,3328,2,1,-0.1099,1,False,2,14.806,10.6562
raw_single_channel_phase_gat_team_mean_seed11,1458,1,0,-0.2373,0,False,1,28.5136,17.5227
raw_single_channel_phase_gat_team_mean_seed11,3254,2,1,-0.268,1,False,2,27.9321,21.9352
raw_single_channel_phase_gat_team_mean_seed11,864,1,0,-0.3321,0,False,1,36.6934,25.0771
raw_single_channel_phase_gat_team_mean_seed11,1879,1,2,0.2117,1,True,1,27.7508,26.4323
raw_single_channel_phase_gat_team_mean_seed11,566,1,0,-0.3012,0,False,1,36.652,24.7707
raw_single_channel_phase_gat_team_mean_seed11,4076,0,1,0.1994,0,True,0,23.494,16.2114
raw_single_channel_phase_gat_team_mean_seed11,5092,1,2,0.1253,1,True,1,19.4055,11.2245
raw_single_channel_phase_gat_team_mean_seed11,5562,0,1,0.087,1,False,0,14.2832,9.9424
raw_single_channel_phase_gat_team_mean_seed11,5423,1,0,-0.0972,0,False,1,16.3028,10.0053
raw_single_channel_phase_gat_team_mean_seed11,5495,1,0,-0.0902,0,False,0,11.5236,8.3103
raw_single_channel_phase_gat_team_mean_seed11,4476,1,0,-0.0503,0,False,0,8.5696,7.83
raw_single_channel_phase_gat_team_mean_seed11,3684,0,1,0.151,0,True,0,20.6429,14.2987
raw_single_channel_phase_gat_team_mean_seed11,2106,1,2,0.233,1,True,1,32.266,25.6204
raw_single_channel_phase_gat_team_mean_seed11,5796,1,2,0.2484,1,True,1,25.4148,22.409
raw_single_channel_phase_gat_team_mean_seed11,1070,1,2,0.2296,1,True,1,29.4586,13.8098
raw_single_channel_phase_gat_team_mean_seed11,4410,0,1,0.0717,1,False,0,13.6484,9.1544
raw_single_channel_phase_gat_team_mean_seed11,4664,1,0,-0.1441,0,False,1,20.6476,17.1221
raw_single_channel_phase_gat_team_mean_seed11,3264,2,1,-0.29,1,False,2,33.1362,21.663
raw_single_channel_phase_gat_team_mean_seed11,3023,1,2,0.1165,1,True,1,18.1879,20.5719
raw_single_channel_phase_gat_team_mean_seed11,5165,1,0,-0.2976,1,True,1,37.9839,28.1877
raw_single_channel_phase_gat_team_mean_seed11,5340,1,2,0.3122,1,True,1,34.1141,29.1562
raw_single_channel_phase_gat_team_mean_seed11,1687,2,1,-0.0781,1,False,1,13.7907,9.4574
raw_single_channel_phase_gat_team_mean_seed11,3786,2,1,-0.2665,1,False,2,45.6001,26.9488
raw_single_channel_phase_gat_team_mean_seed11,4691,1,2,0.2021,2,False,1,27.9273,19.8314
raw_single_channel_phase_gat_team_mean_seed11,1380,1,0,-0.353,0,False,1,53.5569,
raw_single_channel_phase_gat_team_mean_seed11,949,1,2,0.3154,1,True,1,30.1966,29.4475
raw_single_channel_phase_gat_team_mean_seed11,5786,1,2,0.0867,2,False,1,12.8197,10.6519
raw_single_channel_phase_gat_team_mean_seed11,2639,1,0,-0.1477,0,False,1,20.4477,14.172
raw_single_channel_phase_gat_team_mean_seed11,2761,1,2,0.168,1,True,1,23.0807,16.5744
raw_single_channel_phase_gat_team_mean_seed11,651,1,0,-0.3558,0,False,1,40.752,
raw_single_channel_phase_gat_team_mean_seed11,3863,1,0,-0.1458,0,False,1,17.3956,16.9375
raw_single_channel_phase_gat_team_mean_seed11,1692,2,1,-0.1571,1,False,2,20.1355,16.722
raw_single_channel_phase_gat_team_mean_seed11,5503,1,0,-0.0811,0,False,0,8.7569,9.9494
raw_single_channel_phase_gat_team_mean_seed11,1416,0,1,0.0769,1,False,0,13.6604,10.3916
raw_single_channel_phase_gat_team_mean_seed11,2524,1,2,0.2706,1,True,1,32.3157,29.9992
raw_single_channel_phase_gat_team_mean_seed11,5722,0,1,0.2451,1,False,0,28.8759,17.919
raw_single_channel_phase_gat_team_mean_seed11,3964,2,1,-0.3957,1,False,2,75.0179,36.3423
raw_single_channel_phase_gat_team_mean_seed11,5285,1,0,-0.2494,0,False,1,38.0555,20.3131
raw_single_channel_phase_gat_team_mean_seed11,3864,1,0,-0.1242,0,False,1,15.544,14.6691
raw_single_channel_phase_gat_team_mean_seed11,3018,2,1,-0.0586,1,False,1,12.5351,7.6004
raw_single_channel_phase_gat_team_mean_seed11,4812,2,1,-0.2639,1,False,2,57.8043,20.4982
raw_single_channel_phase_gat_team_mean_seed11,684,1,2,0.2496,1,True,1,22.6788,21.1419
raw_single_channel_phase_gat_team_mean_seed11,2221,1,2,0.3572,1,True,1,31.0349,
raw_single_channel_phase_gat_team_mean_seed11,5541,1,0,-0.2036,0,False,1,19.7181,21.0069
raw_single_channel_phase_gat_team_mean_seed11,4846,1,0,-0.1714,0,False,1,24.0836,24.7489
raw_single_channel_phase_gat_team_mean_seed11,1785,1,0,-0.0565,0,False,1,11.9013,9.9833
raw_single_channel_phase_gat_team_mean_seed11,4498,1,0,-0.2693,1,True,1,28.5559,27.6025
raw_single_channel_phase_gat_team_mean_seed11,1324,1,0,-0.1639,0,False,1,29.6018,30.7419
raw_single_channel_phase_gat_team_mean_seed11,3551,1,0,-0.1045,0,False,1,11.2164,14.9239
raw_single_channel_phase_gat_team_mean_seed11,1399,1,0,-0.1343,0,False,1,17.7009,13.183
raw_single_channel_phase_gat_team_mean_seed11,3364,2,1,-0.3908,1,False,2,59.5772,34.6403
raw_single_channel_phase_gat_team_mean_seed11,2359,2,1,-0.3629,1,False,2,55.3483,51.5754
raw_single_channel_phase_gat_team_mean_seed11,4782,2,1,-0.1892,1,False,2,21.4942,20.4917
raw_single_channel_phase_gat_team_mean_seed11,5396,1,0,-0.2967,0,False,1,41.8234,27.5826
raw_single_channel_phase_gat_team_mean_seed11,6050,2,1,-0.0498,1,False,1,9.2062,7.6172
raw_single_channel_phase_gat_team_mean_seed11,4220,2,1,-0.2168,1,False,2,34.4569,17.8997
raw_single_channel_phase_gat_team_mean_seed11,5891,1,2,0.2503,2,False,1,25.6978,15.7644
raw_single_channel_phase_gat_team_mean_seed11,6043,1,2,0.1817,2,False,1,21.1931,22.9714
raw_single_channel_phase_gat_team_mean_seed11,1166,1,2,0.0787,1,True,1,10.8692,10.9695
raw_single_channel_phase_gat_team_mean_seed11,6018,1,0,-0.1165,0,False,1,16.0092,19.384
raw_single_channel_phase_gat_team_mean_seed11,5604,1,2,0.1814,1,True,1,27.9201,15.9553
raw_single_channel_phase_gat_team_mean_seed11,1203,1,2,0.2529,1,True,1,29.7103,26.0035
raw_single_channel_phase_gat_team_mean_seed11,4282,1,2,0.1578,1,True,1,19.9338,14.2934
raw_single_channel_phase_gat_team_mean_seed11,3937,2,1,-0.2004,1,False,2,48.952,25.2042
raw_single_channel_phase_gat_team_mean_seed11,5941,1,0,-0.3332,0,False,1,38.3863,28.0083
raw_single_channel_phase_gat_team_mean_seed11,1265,2,1,-0.0334,1,False,1,7.2678,6.5214
raw_single_channel_phase_gat_team_mean_seed11,2147,1,2,0.3567,1,True,1,32.2778,
raw_single_channel_phase_gat_team_mean_seed11,3077,1,0,-0.206,0,False,1,30.4331,16.9347
raw_single_channel_phase_gat_team_mean_seed11,2732,1,0,-0.2219,0,False,1,26.3341,24.4728
raw_single_channel_phase_gat_team_mean_seed11,2921,1,0,-0.2835,0,False,1,33.0085,23.1187
raw_single_channel_phase_gat_team_mean_seed11,5174,1,0,-0.1528,0,False,1,27.6254,23.8152
raw_single_channel_phase_gat_team_mean_seed11,1948,1,0,-0.051,0,False,1,9.554,7.4675
raw_single_channel_phase_gat_team_mean_seed11,3746,1,2,0.3305,1,True,1,27.1925,19.2478
raw_single_channel_phase_gat_team_mean_seed11,2285,2,1,-0.3976,1,False,2,57.0925,52.6941
raw_single_channel_phase_gat_team_mean_seed11,1483,2,1,-0.2232,1,False,2,29.4091,16.0347
raw_single_channel_phase_gat_team_mean_seed11,5159,1,2,0.2076,1,True,1,31.5069,16.0365
raw_single_channel_phase_gat_team_mean_seed11,845,1,0,-0.3359,0,False,1,34.8007,27.3509
raw_single_channel_phase_gat_team_mean_seed11,3649,1,2,0.2056,1,True,1,26.6347,16.6192
raw_single_channel_phase_gat_team_mean_seed11,2313,1,2,0.0623,1,True,1,12.6336,10.7718
raw_single_channel_phase_gat_team_mean_seed11,2794,0,1,0.2275,1,False,0,39.6817,20.7225
raw_single_channel_phase_gat_team_mean_seed11,4211,2,1,-0.1824,1,False,2,27.8176,20.5754
raw_single_channel_phase_gat_team_mean_seed11,4233,1,2,0.0369,1,True,1,6.7193,5.722
raw_single_channel_phase_gat_team_mean_seed11,2496,1,0,-0.1366,0,False,1,20.6413,28.9572
raw_single_channel_phase_gat_team_mean_seed11,4069,0,1,0.0426,1,False,0,6.3588,7.4464
raw_single_channel_phase_gat_team_mean_seed11,2859,1,0,-0.1213,0,False,1,19.6484,13.1808
raw_single_channel_phase_gat_team_mean_seed11,5985,0,1,0.0358,1,False,0,7.0826,6.5778
raw_single_channel_phase_gat_team_mean_seed11,1391,1,0,-0.3134,0,False,1,38.9812,27.0937
raw_single_channel_phase_gat_team_mean_seed11,560,1,2,0.3363,1,True,1,26.3325,33.911
raw_single_channel_phase_gat_team_mean_seed11,4601,0,1,0.15,1,False,0,17.8418,17.6748
raw_single_channel_phase_gat_team_mean_seed11,2897,1,0,-0.3079,0,False,1,36.4267,27.1899
raw_single_channel_phase_gat_team_mean_seed11,5846,0,1,0.1843,1,False,0,20.0208,18.0406
raw_single_channel_phase_gat_team_mean_seed11,4858,1,0,-0.2824,1,True,1,32.8558,28.0938
raw_single_channel_phase_gat_team_mean_seed11,5979,0,1,0.2814,1,False,0,34.7379,15.48
raw_single_channel_phase_gat_team_mean_seed11,5992,1,0,-0.13,0,False,1,20.5337,22.9841
raw_single_channel_phase_gat_team_mean_seed11,2780,0,1,0.1446,1,False,0,27.6845,17.6705
raw_single_channel_phase_gat_team_mean_seed11,1378,1,0,-0.3171,0,False,1,46.3483,30.9334
raw_single_channel_phase_gat_team_mean_seed11,4518,2,1,-0.1179,1,False,2,16.9689,11.2676
raw_single_channel_phase_gat_team_mean_seed11,862,1,0,-0.3311,0,False,1,35.8975,28.0168
raw_single_channel_phase_gat_team_mean_seed11,6089,0,1,0.2267,1,False,0,29.985,24.7559
raw_single_channel_phase_gat_team_mean_seed11,2300,1,2,0.129,2,False,1,18.8663,15.1552
raw_single_channel_phase_gat_team_mean_seed11,2735,1,0,-0.1977,0,False,1,22.7604,21.021
raw_single_channel_phase_gat_team_mean_seed11,4744,1,0,-0.2756,1,True,1,31.3613,26.8969
raw_single_channel_phase_gat_team_mean_seed11,4614,0,1,0.0792,1,False,0,12.5261,9.4899
raw_single_channel_phase_gat_team_mean_seed11,495,1,2,0.1336,1,True,1,17.0733,15.9836
raw_single_channel_phase_gat_team_mean_seed11,3420,0,1,0.125,0,True,0,17.411,11.8017
raw_single_channel_phase_gat_team_mean_seed11,5176,1,0,-0.148,0,False,1,24.9197,22.9083
raw_single_channel_phase_gat_team_mean_seed11,3614,0,1,0.2605,1,False,0,32.011,20.2447
raw_single_channel_phase_gat_team_mean_seed11,2172,1,2,0.2089,1,True,1,28.9382,20.6649
raw_single_channel_phase_gat_team_mean_seed11,586,1,0,-0.2718,0,False,1,30.8368,23.2235
raw_single_channel_phase_gat_team_mean_seed11,1477,2,1,-0.2758,1,False,2,36.3639,20.2854
raw_single_channel_phase_gat_team_mean_seed11,3208,1,2,0.165,1,True,1,22.3752,13.5374
raw_single_channel_phase_gat_team_mean_seed11,1863,1,2,0.2922,1,True,1,35.6514,31.4803
raw_single_channel_phase_gat_team_mean_seed11,6097,0,1,0.3504,1,False,0,43.7199,38.3803
raw_single_channel_phase_gat_team_mean_seed11,1864,1,2,0.2827,1,True,1,34.4969,30.7709
raw_single_channel_phase_gat_team_mean_seed11,1000,1,0,-0.1945,0,False,1,28.1266,24.0301
raw_single_channel_phase_gat_team_mean_seed11,3522,1,0,-0.2393,0,False,1,27.2028,20.7232
raw_single_channel_phase_gat_team_mean_seed11,3919,2,1,-0.1292,1,False,2,24.6817,12.5804
raw_single_channel_phase_gat_team_mean_seed11,5647,1,2,0.2114,1,True,1,28.1385,15.8374
raw_single_channel_phase_gat_team_mean_seed11,2995,1,0,-0.2087,0,False,1,30.6466,25.3056
raw_single_channel_phase_gat_team_mean_seed11,4774,1,2,0.2065,2,False,1,23.294,20.994
raw_single_channel_phase_gat_team_mean_seed11,4308,0,1,0.0491,1,False,0,10.0337,8.1418
raw_single_channel_phase_gat_team_mean_seed11,492,1,2,0.194,1,True,1,18.6411,18.3579
raw_single_channel_phase_gat_team_mean_seed11,4169,1,0,-0.161,0,False,1,20.7957,20.2908
raw_single_channel_phase_gat_team_mean_seed11,3671,1,0,-0.2097,1,True,1,27.8861,23.7011
raw_single_channel_phase_gat_team_mean_seed11,508,1,0,-0.2206,0,False,1,28.3624,13.2301
raw_single_channel_phase_gat_team_mean_seed11,1046,1,0,-0.2318,0,False,1,32.0593,26.052
raw_single_channel_phase_gat_team_mean_seed11,2163,1,2,0.1448,1,True,1,15.5082,16.0631
raw_single_channel_phase_gat_team_mean_seed11,2799,0,1,0.2393,1,False,0,35.9656,21.8896
raw_single_channel_phase_gat_team_mean_seed11,5730,1,0,-0.0859,0,False,1,11.74,14.1667
raw_single_channel_phase_gat_team_mean_seed11,4143,1,2,0.2716,1,True,1,32.3884,23.5866
raw_single_channel_phase_gat_team_mean_seed11,2301,1,2,0.1495,2,False,1,23.9472,13.8751
raw_single_channel_phase_gat_team_mean_seed11,879,1,0,-0.2859,0,False,1,31.4223,21.4676
raw_single_channel_phase_gat_team_mean_seed11,1601,0,1,0.0866,1,False,0,15.3847,10.126
raw_single_channel_phase_gat_team_mean_seed11,2645,0,1,0.1267,1,False,0,18.5781,15.1979
raw_single_channel_phase_gat_team_mean_seed11,2888,1,0,-0.3441,0,False,1,37.1908,30.64
raw_single_channel_phase_gat_team_mean_seed11,4130,1,0,-0.285,0,False,1,37.4556,30.4811
raw_single_channel_phase_gat_team_mean_seed11,2527,1,0,-0.3177,0,False,1,36.6553,28.5357
raw_single_channel_phase_gat_team_mean_seed11,2329,2,1,-0.3401,1,False,2,43.411,30.9904
raw_single_channel_phase_gat_team_mean_seed11,770,1,0,-0.1968,0,False,1,26.7649,27.2561
raw_single_channel_phase_gat_team_mean_seed11,5947,1,0,-0.2156,0,False,1,26.6614,21.638
raw_single_channel_phase_gat_team_mean_seed11,1633,0,1,0.3664,1,False,0,48.8775,26.9148
raw_single_channel_phase_gat_team_mean_seed11,632,1,0,-0.1833,0,False,1,26.0981,19.9569
raw_single_channel_phase_gat_team_mean_seed11,2417,1,2,0.2141,1,True,1,30.2198,21.335
raw_single_channel_phase_gat_team_mean_seed11,2908,1,0,-0.2718,0,False,1,28.0916,23.7684
raw_single_channel_phase_gat_team_mean_seed11,1733,1,0,-0.1088,0,False,1,16.557,17.2429
raw_single_channel_phase_gat_team_mean_seed11,496,1,2,0.1344,1,True,1,17.109,17.5877
raw_single_channel_phase_gat_team_mean_seed11,683,1,2,0.2882,1,True,1,23.9598,24.6942
raw_single_channel_phase_gat_team_mean_seed11,5839,0,1,0.3061,1,False,0,35.5491,20.3068
raw_single_channel_phase_gat_team_mean_seed11,2651,0,1,0.1609,1,False,0,20.6108,19.6648
raw_single_channel_phase_gat_team_mean_seed11,4227,2,1,-0.1187,1,False,2,21.1146,14.8977
raw_single_channel_phase_gat_team_mean_seed11,2827,0,1,0.2605,1,False,0,43.4889,22.6932
raw_single_channel_phase_gat_team_mean_seed11,6084,0,1,0.1443,1,False,0,18.2406,18.5051
raw_single_channel_phase_gat_team_mean_seed11,1169,1,2,0.0486,1,True,1,7.6817,6.9974
raw_single_channel_phase_gat_team_mean_seed11,2142,1,0,-0.3351,0,False,1,34.5392,25.0157
raw_single_channel_phase_gat_team_mean_seed11,5369,1,0,-0.1521,0,False,1,20.8327,24.4884
raw_single_channel_phase_gat_team_mean_seed11,5911,1,2,0.1453,2,False,1,20.5096,20.5813
raw_single_channel_phase_gat_team_mean_seed11,4817,2,1,-0.0846,1,False,2,17.5912,12.8173
raw_single_channel_phase_gat_team_mean_seed11,2421,2,1,-0.0325,1,False,1,8.6337,5.9904
raw_single_channel_phase_gat_team_mean_seed11,3658,1,0,-0.2684,0,False,1,29.4907,25.7176
raw_single_channel_phase_gat_team_mean_seed11,2412,2,1,-0.0731,1,False,2,13.4637,13.8442
raw_single_channel_phase_gat_team_mean_seed11,5228,0,1,0.364,1,False,0,37.2442,22.4781
raw_single_channel_phase_gat_team_mean_seed11,1183,1,2,0.1361,1,True,1,17.308,16.9756
raw_single_channel_phase_gat_team_mean_seed11,3156,2,1,-0.3998,1,False,2,53.6264,43.6851
raw_single_channel_phase_gat_team_mean_seed11,4346,0,1,0.0756,0,True,0,11.9879,7.1971
raw_single_channel_phase_gat_team_mean_seed11,2626,1,2,0.1341,1,True,1,16.5364,16.2174
raw_single_channel_phase_gat_team_mean_seed11,430,1,2,0.1592,1,True,1,22.0347,17.1662
raw_single_channel_phase_gat_team_mean_seed11,3905,2,1,-0.0353,1,False,1,5.253,5.3838
raw_single_channel_phase_gat_team_mean_seed11,3012,1,2,0.1359,1,True,1,30.4948,21.0833
raw_single_channel_phase_gat_team_mean_seed11,1481,2,1,-0.2315,1,False,2,31.4461,16.7056
raw_single_channel_phase_gat_team_mean_seed11,4784,2,1,-0.1767,1,False,2,23.3336,21.487
raw_single_channel_phase_gat_team_mean_seed11,3646,1,2,0.2569,1,True,1,30.4529,23.8997
raw_single_channel_phase_gat_team_mean_seed11,4860,1,0,-0.1682,0,False,1,19.7596,20.6948
raw_single_channel_phase_gat_team_mean_seed11,5390,1,0,-0.0843,0,False,1,12.0279,14.0986
raw_single_channel_phase_gat_team_mean_seed11,760,0,1,0.2229,1,False,0,35.5621,21.064
raw_single_channel_phase_gat_team_mean_seed11,6037,1,2,0.2093,2,False,1,22.6048,17.9315
raw_single_channel_phase_gat_team_mean_seed11,2017,1,0,-0.218,0,False,1,27.5579,13.7888
raw_single_channel_phase_gat_team_mean_seed11,2571,2,1,-0.2005,1,False,2,23.6154,17.339
raw_single_channel_phase_gat_team_mean_seed11,2736,1,0,-0.1894,0,False,1,22.2284,19.2736
raw_single_channel_phase_gat_team_mean_seed11,4429,1,2,0.048,2,False,1,8.6586,11.5746
raw_single_channel_phase_gat_team_mean_seed11,4156,1,0,-0.2266,0,False,1,30.1086,19.279
raw_single_channel_phase_gat_team_mean_seed11,3404,1,0,-0.2796,0,False,1,35.345,32.0316
raw_single_channel_phase_gat_team_mean_seed11,2461,1,0,-0.3258,0,False,1,40.2789,36.0625
raw_single_channel_phase_gat_team_mean_seed11,2128,1,0,-0.3495,1,True,1,37.5907,
raw_single_channel_phase_gat_team_mean_seed11,623,1,2,0.1981,1,True,1,25.072,19.4604
raw_single_channel_phase_gat_team_mean_seed11,1964,1,0,-0.2293,0,False,1,41.9408,33.185
raw_single_channel_phase_gat_team_mean_seed11,4931,0,1,0.1338,1,False,0,21.7173,13.2367
raw_single_channel_phase_gat_team_mean_seed11,3955,2,1,-0.3725,1,False,2,70.1831,37.6707
raw_single_channel_phase_gat_team_mean_seed11,5761,1,0,-0.1523,0,False,1,19.0962,18.2934
raw_single_channel_phase_gat_team_mean_seed11,2522,1,2,0.2278,1,True,1,35.7656,33.8496
raw_single_channel_phase_gat_team_mean_seed11,3252,2,1,-0.2154,1,False,2,22.023,18.8862
raw_single_channel_phase_gat_team_mean_seed11,5221,0,1,0.0952,0,True,0,11.5872,10.9114
raw_single_channel_phase_gat_team_mean_seed11,3004,1,2,0.2948,1,True,1,36.6699,32.7404
raw_single_channel_phase_gat_team_mean_seed11,4457,1,0,-0.2706,0,False,1,44.308,32.1376
raw_single_channel_phase_gat_team_mean_seed11,588,1,0,-0.3157,0,False,1,36.0587,22.7283
raw_single_channel_phase_gat_team_mean_seed11,6053,1,2,0.0539,2,False,1,13.1045,10.6201
raw_single_channel_phase_gat_team_mean_seed11,3149,2,1,-0.3801,1,False,2,39.2847,32.4367
raw_single_channel_phase_gat_team_mean_seed11,440,2,1,-0.2046,1,False,2,24.0172,19.9533
raw_single_channel_phase_gat_team_mean_seed11,3569,1,0,-0.195,1,True,1,25.4143,20.698
raw_single_channel_phase_gat_team_mean_seed11,3660,1,0,-0.2634,1,True,1,26.0285,30.4486
raw_single_channel_phase_gat_team_mean_seed11,1478,2,1,-0.2598,1,False,2,35.587,18.0154
raw_single_channel_phase_gat_team_mean_seed11,4189,1,2,0.2894,1,True,1,32.6608,29.9857
raw_single_channel_phase_gat_team_mean_seed11,1893,1,2,0.1307,1,True,1,15.9495,16.0112
raw_single_channel_phase_gat_team_mean_seed11,4621,0,1,0.0886,1,False,0,11.4336,11.6624
raw_single_channel_phase_gat_team_mean_seed11,3609,0,1,0.395,1,False,0,44.4213,26.0048
raw_single_channel_phase_gat_team_mean_seed11,5013,0,1,0.0844,0,True,0,13.6665,8.6338
raw_single_channel_phase_gat_team_mean_seed11,3927,2,1,-0.1809,1,False,2,40.0531,17.6153
raw_single_channel_phase_gat_team_mean_seed11,609,1,2,0.2937,1,True,1,34.9041,34.0842
raw_single_channel_phase_gat_team_mean_seed11,3557,1,0,-0.2381,0,False,1,25.736,23.9752
raw_single_channel_phase_gat_team_mean_seed11,2031,0,1,0.275,1,False,0,36.4703,26.0686
raw_single_channel_phase_gat_team_mean_seed11,759,0,1,0.1949,1,False,0,31.9645,18.1758
raw_single_channel_phase_gat_team_mean_seed11,5611,1,2,0.2994,1,True,1,32.7812,29.9835
raw_single_channel_phase_gat_team_mean_seed11,4273,2,1,-0.0831,1,False,2,9.1668,8.4406
raw_single_channel_phase_gat_team_mean_seed11,1670,1,0,-0.282,0,False,1,32.4439,24.9709
raw_single_channel_phase_gat_team_mean_seed11,3271,2,1,-0.2938,1,False,2,33.3065,21.9896
raw_single_channel_phase_gat_team_mean_seed11,3476,2,1,-0.1655,1,False,2,26.3334,17.0332
raw_single_channel_phase_gat_team_mean_seed11,529,1,2,0.356,1,True,1,35.6614,
raw_single_channel_phase_gat_team_mean_seed11,3209,1,2,0.1832,1,True,1,23.634,14.4749
raw_single_channel_phase_gat_team_mean_seed11,1530,2,1,-0.0332,1,False,1,5.7613,4.3385
raw_single_channel_phase_gat_team_mean_seed11,838,1,0,-0.2844,0,False,1,33.0531,25.591
raw_single_channel_phase_gat_team_mean_seed11,1922,2,1,-0.0566,1,False,1,10.0475,9.0433
raw_single_channel_phase_gat_team_mean_seed11,4650,1,0,-0.1968,0,False,1,28.4224,22.0905
raw_single_channel_phase_gat_team_mean_seed11,1662,1,0,-0.3367,0,False,1,33.9057,27.3742
raw_single_channel_phase_gat_team_mean_seed11,2600,1,2,0.1754,1,True,1,34.0517,25.8972
raw_single_channel_phase_gat_team_mean_seed11,5913,1,2,0.2255,1,True,1,23.7851,22.9562
raw_single_channel_phase_gat_team_mean_seed11,5863,1,0,-0.0518,0,False,1,7.3555,6.148
raw_single_channel_phase_gat_team_mean_seed11,4215,2,1,-0.2272,1,False,2,31.4321,17.8377
raw_single_channel_phase_gat_team_mean_seed11,4017,1,2,0.3499,1,True,1,34.5441,
raw_single_channel_phase_gat_team_mean_seed11,2726,1,0,-0.2684,0,False,1,32.0509,22.4621
raw_single_channel_phase_gat_team_mean_seed11,3410,0,1,0.052,1,False,0,8.2122,7.8829
raw_single_channel_phase_gat_team_mean_seed11,3284,1,2,0.2287,1,True,1,27.3058,14.1643
raw_single_channel_phase_gat_team_mean_seed11,2592,1,2,0.1105,1,True,1,13.8034,12.6978
raw_single_channel_phase_gat_team_mean_seed11,3330,2,1,-0.1228,1,False,2,19.0901,12.4676
raw_single_channel_phase_gat_team_mean_seed11,4122,1,0,-0.1806,1,True,1,28.1973,23.676
raw_single_channel_phase_gat_team_mean_seed11,4602,0,1,0.1526,1,False,0,17.5741,17.9836
raw_single_channel_phase_gat_team_mean_seed11,2331,2,1,-0.3481,1,False,2,47.2054,25.2024
raw_single_channel_phase_gat_team_mean_seed11,1541,1,0,-0.1192,0,False,1,17.9811,20.1016
raw_single_channel_phase_gat_team_mean_seed11,2605,2,1,-0.1806,1,False,2,25.2084,15.8644
raw_single_channel_phase_gat_team_mean_seed11,4196,2,1,-0.0388,1,False,1,8.0657,7.3212
raw_single_channel_phase_gat_team_mean_seed11,4772,1,2,0.2723,2,False,1,28.3826,18.6807
raw_single_channel_phase_gat_team_mean_seed11,1213,1,0,-0.3318,0,False,1,33.3088,28.568
raw_single_channel_phase_gat_team_mean_seed11,4979,0,1,0.1561,1,False,0,25.4905,14.4506
raw_single_channel_phase_gat_team_mean_seed11,1282,1,2,0.1782,2,False,1,22.2145,18.3873
raw_single_channel_phase_gat_team_mean_seed11,847,1,0,-0.357,0,False,1,34.6856,
raw_single_channel_phase_gat_team_mean_seed11,1646,1,2,0.2888,1,True,1,31.3589,22.3644
raw_single_channel_phase_gat_team_mean_seed11,2002,1,0,-0.1389,0,False,1,17.7386,12.4537
raw_single_channel_phase_gat_team_mean_seed11,2882,1,2,0.3486,1,True,1,36.4479,
raw_single_channel_phase_gat_team_mean_seed11,915,1,0,-0.3239,0,False,1,34.0276,25.2667
raw_single_channel_phase_gat_team_mean_seed11,5004,0,1,0.1341,1,False,0,21.3393,11.7539
raw_single_channel_phase_gat_team_mean_seed11,3739,0,1,0.3173,1,False,0,43.0924,18.931
raw_single_channel_phase_gat_team_mean_seed11,2234,1,0,-0.3596,0,False,1,49.1907,
raw_single_channel_phase_gat_team_mean_seed11,3175,1,2,0.1685,1,True,1,23.3258,18.5751
raw_single_channel_phase_gat_team_mean_seed11,2197,1,0,-0.1338,0,False,1,19.8192,17.5312
raw_single_channel_phase_gat_team_mean_seed11,4161,1,0,-0.1216,0,False,1,21.136,16.4269
raw_single_channel_phase_gat_team_mean_seed11,5069,2,1,-0.2431,1,False,2,31.4641,28.3115
raw_single_channel_phase_gat_team_mean_seed11,2742,1,0,-0.2172,0,False,1,25.6692,20.1676
raw_single_channel_phase_gat_team_mean_seed11,871,1,0,-0.3376,0,False,1,34.7334,27.6874
raw_single_channel_phase_gat_team_mean_seed11,874,1,2,0.3461,1,True,1,31.1326,34.0074
raw_single_channel_phase_gat_team_mean_seed11,5251,0,1,0.3446,1,False,0,40.4635,24.8057
raw_single_channel_phase_gat_team_mean_seed11,2450,1,2,0.1232,1,True,1,17.0877,11.2021
raw_single_channel_phase_gat_team_mean_seed11,3376,2,1,-0.2915,1,False,2,36.7722,22.6797
raw_single_channel_phase_gat_team_mean_seed11,4951,0,1,0.2081,1,False,0,31.221,17.4837
raw_single_channel_phase_gat_team_mean_seed11,899,1,0,-0.0837,0,False,1,17.5259,11.8064
raw_single_channel_phase_gat_team_mean_seed11,3705,0,1,0.324,1,False,0,42.5008,24.4473
raw_single_channel_phase_gat_team_mean_seed11,5567,1,0,-0.0764,0,False,1,12.3699,9.1639
raw_single_channel_phase_gat_team_mean_seed11,4109,0,1,0.1697,1,False,0,21.6191,17.6904
raw_single_channel_phase_gat_team_mean_seed11,1501,2,1,-0.1856,1,False,2,33.9619,16.227
raw_single_channel_phase_gat_team_mean_seed11,1106,2,1,-0.0729,1,False,1,12.9319,10.351
raw_single_channel_phase_gat_team_mean_seed11,532,1,0,-0.3104,0,False,1,40.9543,27.9567
raw_single_channel_phase_gat_team_mean_seed11,5625,1,2,0.1569,2,False,1,24.3951,16.8558
raw_single_channel_phase_gat_team_mean_seed11,3621,0,1,0.1092,1,False,0,15.5824,12.3067
raw_single_channel_phase_gat_team_mean_seed11,4125,1,0,-0.2204,1,True,1,31.0863,22.3763
raw_single_channel_phase_gat_team_mean_seed11,4883,1,0,-0.0875,0,False,1,14.7343,14.4264
raw_single_channel_phase_gat_team_mean_seed11,1010,0,1,0.2654,1,False,0,35.7642,30.9208
raw_single_channel_phase_gat_team_mean_seed11,3137,2,1,-0.3807,1,False,2,39.9269,27.9059
raw_single_channel_phase_gat_team_mean_seed11,1496,2,1,-0.1376,1,False,2,27.0538,15.9114
raw_single_channel_phase_gat_team_mean_seed11,2319,2,1,-0.2372,1,False,2,33.1937,18.5662
raw_single_channel_phase_gat_team_mean_seed11,509,1,0,-0.2352,0,False,1,28.737,15.1186
raw_single_channel_phase_gat_team_mean_seed11,4409,1,0,-0.0434,0,False,0,8.4578,8.1934
raw_single_channel_phase_gat_team_mean_seed11,3897,1,2,0.2627,2,False,1,29.9951,18.3811
raw_single_channel_phase_gat_team_mean_seed11,2371,2,1,-0.3608,1,False,2,59.6515,58.1269
raw_single_channel_phase_gat_team_mean_seed11,2641,1,0,-0.0727,0,False,1,12.0356,13.9917
raw_single_channel_phase_gat_team_mean_seed11,1441,1,0,-0.1201,0,False,1,18.8198,10.3454
raw_single_channel_phase_gat_team_mean_seed11,4027,1,0,-0.0306,0,False,0,4.8749,4.8728
raw_single_channel_phase_gat_team_mean_seed11,1524,1,2,0.0382,2,False,1,5.1361,4.3503
raw_single_channel_phase_gat_team_mean_seed11,1113,1,2,0.171,1,True,1,22.8419,17.2524
raw_single_channel_phase_gat_team_mean_seed11,595,1,0,-0.2238,0,False,1,29.6523,22.7878
raw_single_channel_phase_gat_team_mean_seed11,2647,0,1,0.1811,1,False,0,25.1134,18.8445
raw_single_channel_phase_gat_team_mean_seed11,1969,1,2,0.1542,1,True,1,21.232,15.411
raw_single_channel_phase_gat_team_mean_seed11,2027,0,1,0.0785,1,False,0,10.3631,12.7345
raw_single_channel_phase_gat_team_mean_seed11,3817,2,1,-0.2807,1,False,2,28.7232,21.9621
raw_single_channel_phase_gat_team_mean_seed11,4205,2,1,-0.1005,1,False,2,17.8328,13.8854
raw_single_channel_phase_gat_team_mean_seed11,948,1,2,0.3228,1,True,1,30.5271,30.0596
raw_single_channel_phase_gat_team_mean_seed11,2954,1,2,0.2953,1,True,1,35.8817,32.6045
raw_single_channel_phase_gat_team_mean_seed11,5903,1,2,0.1386,2,False,1,19.6576,12.8299
raw_single_channel_phase_gat_team_mean_seed11,6030,1,2,0.2992,2,False,1,35.3164,33.2355
raw_single_channel_phase_gat_team_mean_seed11,5553,1,0,-0.0585,0,False,0,6.002,5.6264
raw_single_channel_phase_gat_team_mean_seed11,1677,1,0,-0.2972,0,False,1,31.5274,21.4296
raw_single_channel_phase_gat_team_mean_seed11,5812,1,0,-0.0437,0,False,0,9.7554,7.4233
raw_single_channel_phase_gat_team_mean_seed11,6057,1,2,0.0908,2,False,1,13.9083,13.9158
raw_single_channel_phase_gat_team_mean_seed11,1455,1,0,-0.1639,0,False,1,22.3103,11.4374
raw_single_channel_phase_gat_team_mean_seed11,2135,1,0,-0.3614,0,False,1,38.2661,
raw_single_channel_phase_gat_team_mean_seed11,3296,1,2,0.1455,1,True,1,21.7636,15.4736
raw_single_channel_phase_gat_team_mean_seed11,2555,1,2,0.189,2,False,1,25.9763,19.1919
raw_single_channel_phase_gat_team_mean_seed11,735,0,1,0.194,1,False,0,31.1513,19.7291
raw_single_channel_phase_gat_team_mean_seed11,4695,1,2,0.3326,1,True,1,32.782,35.1897
raw_single_channel_phase_gat_team_mean_seed11,1661,1,0,-0.3485,0,False,1,34.155,
raw_single_channel_phase_gat_team_mean_seed11,987,1,0,-0.2165,0,False,1,26.9839,21.8703
raw_single_channel_phase_gat_team_mean_seed11,4304,0,1,0.2002,1,False,0,25.4137,23.3143
raw_single_channel_phase_gat_team_mean_seed11,2640,1,0,-0.105,0,False,1,15.6436,11.8644
raw_single_channel_phase_gat_team_mean_seed11,1337,1,0,-0.063,0,False,1,14.1968,16.6266
raw_single_channel_phase_gat_team_mean_seed11,6024,1,0,-0.2874,0,False,1,33.3819,28.367
raw_single_channel_phase_gat_team_mean_seed11,1610,0,1,0.1385,1,False,0,23.4366,12.9331
raw_single_channel_phase_gat_team_mean_seed11,2770,1,0,-0.0703,0,False,1,8.8572,11.8849
raw_single_channel_phase_gat_team_mean_seed11,700,2,1,-0.0573,1,False,1,8.5444,10.3088
raw_single_channel_phase_gat_team_mean_seed11,1449,1,0,-0.1272,0,False,1,17.3569,14.4445
raw_single_channel_phase_gat_team_mean_seed11,5662,1,0,-0.0479,0,False,1,6.2858,6.7392
raw_single_channel_phase_gat_team_mean_seed11,3395,1,2,0.1162,1,True,1,15.6883,10.5248
raw_single_channel_phase_gat_team_mean_seed11,1409,1,0,-0.1284,0,False,1,22.134,16.9105
raw_single_channel_phase_gat_team_mean_seed11,1100,2,1,-0.1337,1,False,2,23.2314,11.8664
raw_single_channel_phase_gat_team_mean_seed11,5757,1,0,-0.1408,0,False,1,19.7215,14.996
raw_single_channel_phase_gat_team_mean_seed11,4144,1,2,0.3121,1,True,1,32.9841,31.9337
raw_single_channel_phase_gat_team_mean_seed11,2516,1,2,0.1861,1,True,1,30.5457,26.6168
raw_single_channel_phase_gat_team_mean_seed11,726,0,1,0.2499,1,False,0,31.5832,23.3688
raw_single_channel_phase_gat_team_mean_seed11,2410,2,1,-0.2156,1,False,2,36.346,24.0858
raw_single_channel_phase_gat_team_mean_seed11,787,1,2,0.0352,1,True,1,5.7381,4.8188
raw_single_channel_phase_gat_team_mean_seed11,3900,1,2,0.036,2,False,1,5.2089,4.7165
raw_single_channel_phase_gat_team_mean_seed11,584,1,0,-0.235,0,False,1,29.5264,22.8672
raw_single_channel_phase_gat_team_mean_seed11,5732,1,0,-0.0703,0,False,1,10.6688,12.062
raw_single_channel_phase_gat_team_mean_seed11,5666,1,0,-0.1407,0,False,1,22.0372,18.3347
raw_single_channel_phase_gat_team_mean_seed11,3350,2,1,-0.2934,1,False,2,63.4315,24.3887
raw_single_channel_phase_gat_team_mean_seed11,2117,1,0,-0.1664,0,False,1,21.4546,13.7089
raw_single_channel_phase_gat_team_mean_seed11,4684,2,1,-0.1371,1,False,2,16.8483,14.49
raw_single_channel_phase_gat_team_mean_seed11,2589,2,1,-0.0362,1,False,1,6.0541,5.2524
raw_single_channel_phase_gat_team_mean_seed11,793,2,1,-0.0335,1,False,1,6.4275,4.8924
raw_single_channel_phase_gat_team_mean_seed11,1640,1,0,-0.0901,0,False,1,14.892,12.9105
raw_single_channel_phase_gat_team_mean_seed11,2361,2,1,-0.3623,1,False,2,58.4615,55.0031
raw_single_channel_phase_gat_team_mean_seed11,6124,0,1,0.1158,1,False,0,19.2901,12.399
raw_single_channel_phase_gat_team_mean_seed11,3437,1,0,-0.1057,0,False,1,15.1701,15.4313
raw_single_channel_phase_gat_team_mean_seed11,2724,1,0,-0.2969,0,False,1,33.1601,20.8381
raw_single_channel_phase_gat_team_mean_seed11,894,1,0,-0.1099,0,False,1,16.667,10.8541
raw_single_channel_phase_gat_team_mean_seed11,2708,1,2,0.2108,2,False,1,37.1724,21.019
raw_single_channel_phase_gat_team_mean_seed11,4159,1,0,-0.1565,0,False,1,23.2765,19.7679
raw_single_channel_phase_gat_team_mean_seed11,5454,0,1,0.1077,1,False,0,17.6684,12.9729
raw_single_channel_phase_gat_team_mean_seed11,5951,1,0,-0.2435,0,False,1,29.3532,31.2798
raw_single_channel_phase_gat_team_mean_seed11,4534,1,2,0.1506,1,True,1,20.3027,17.9715
raw_single_channel_phase_gat_team_mean_seed11,5749,1,0,-0.3128,0,False,1,36.9406,36.9912
raw_single_channel_phase_gat_team_mean_seed11,5365,1,0,-0.179,0,False,1,23.7822,27.9221
raw_single_channel_phase_gat_team_mean_seed11,5407,1,2,0.1518,1,True,1,19.0274,11.7421
raw_single_channel_phase_gat_team_mean_seed11,5841,0,1,0.2599,1,False,0,31.4224,19.0947
raw_single_channel_phase_gat_team_mean_seed11,2622,1,2,0.1707,1,True,1,25.728,17.2739
raw_single_channel_phase_gat_team_mean_seed11,905,1,0,-0.0865,0,False,1,14.6171,11.9197
raw_single_channel_phase_gat_team_mean_seed11,3612,0,1,0.3333,1,False,0,36.5142,23.6817
raw_single_channel_phase_gat_team_mean_seed11,4800,2,1,-0.2774,1,False,2,41.243,23.8017
raw_single_channel_phase_gat_team_mean_seed11,831,1,0,-0.2338,0,False,1,28.2676,27.9996
raw_single_channel_phase_gat_team_mean_seed11,1294,1,2,0.2186,2,False,1,24.2204,16.6504
raw_single_channel_phase_gat_team_mean_seed11,718,0,1,0.218,1,False,0,28.8205,23.9217
raw_single_channel_phase_gat_team_mean_seed11,4204,2,1,-0.1035,1,False,2,19.5498,13.5717
raw_single_channel_phase_gat_team_mean_seed11,5153,2,1,-0.0664,1,False,1,12.3963,8.3537
raw_single_channel_phase_gat_team_mean_seed11,3131,2,1,-0.3869,1,False,2,40.7409,31.7419
raw_single_channel_phase_gat_team_mean_seed11,4367,1,0,-0.0877,0,False,1,13.2344,11.0351
raw_single_channel_phase_gat_team_mean_seed11,2201,1,0,-0.2099,0,False,1,33.3587,21.6376
raw_single_channel_phase_gat_team_mean_seed11,4698,1,0,-0.3063,0,False,1,38.8388,26.3882
raw_single_channel_phase_gat_team_mean_seed11,2910,1,0,-0.2789,0,False,1,28.0907,23.3145
raw_single_channel_phase_gat_team_mean_seed11,1738,1,0,-0.1362,0,False,1,22.8094,18.9793
raw_single_channel_phase_gat_team_mean_seed11,4026,1,0,-0.0311,0,False,0,4.8279,4.6676
raw_single_channel_phase_gat_team_mean_seed11,3322,2,1,-0.0756,1,False,1,11.7868,8.954
raw_single_channel_phase_gat_team_mean_seed11,3089,1,0,-0.1802,0,False,1,23.0255,14.6859
raw_single_channel_phase_gat_team_mean_seed11,4577,1,2,0.223,1,True,1,30.6137,20.7831
raw_single_channel_phase_gat_team_mean_seed11,5555,0,1,0.0411,1,False,0,5.3391,5.2206
raw_single_channel_phase_gat_team_mean_seed11,6116,0,1,0.0882,1,False,0,14.4913,11.9759
raw_single_channel_phase_gat_team_mean_seed11,4533,1,2,0.1244,1,True,1,18.0936,18.1288
raw_single_channel_phase_gat_team_mean_seed11,3869,0,1,0.0383,1,False,0,6.3186,6.33
raw_single_channel_phase_gat_team_mean_seed11,1246,1,0,-0.3169,0,False,1,34.9821,27.1176
raw_single_channel_phase_gat_team_mean_seed11,517,1,0,-0.3462,0,False,1,41.6399,36.738
raw_single_channel_phase_gat_team_mean_seed11,1580,1,0,-0.0796,0,False,1,18.2585,13.1555
raw_single_channel_phase_gat_team_mean_seed11,935,1,0,-0.2524,0,False,1,37.7869,24.3213
raw_single_channel_phase_gat_team_mean_seed11,3560,1,0,-0.2073,0,False,1,24.7256,23.2789
raw_single_channel_phase_gat_team_mean_seed11,3005,1,2,0.2695,1,True,1,36.8536,28.37
raw_single_channel_phase_gat_team_mean_seed11,4316,1,2,0.1617,2,False,1,18.1031,14.0977
raw_single_channel_phase_gat_team_mean_seed11,4323,2,1,-0.1028,1,False,2,17.6669,10.2572
raw_single_channel_phase_gat_team_mean_seed11,3653,1,2,0.3569,1,True,1,31.6559,
raw_single_channel_phase_gat_team_mean_seed11,5777,1,2,0.0364,1,True,1,5.735,7.1744
raw_single_channel_phase_gat_team_mean_seed11,3434,0,1,0.1852,1,False,0,24.9595,13.1553
raw_single_channel_phase_gat_team_mean_seed11,1258,1,2,0.0876,2,False,1,14.4291,10.1897
raw_single_channel_phase_gat_team_mean_seed11,2373,2,1,-0.3702,1,False,2,58.1756,58.1272
raw_single_channel_phase_gat_team_mean_seed11,4473,1,0,-0.0819,0,False,1,12.3574,8.5727
raw_single_channel_phase_gat_team_mean_seed11,3956,2,1,-0.3746,1,False,2,69.7777,36.7421
raw_single_channel_phase_gat_team_mean_seed11,4694,1,2,0.301,1,True,1,32.1177,27.4851
raw_single_channel_phase_gat_team_mean_seed11,3847,2,1,-0.1186,1,False,2,21.8814,14.8004
raw_single_channel_phase_gat_team_mean_seed11,1460,1,0,-0.3387,0,False,1,36.6999,35.2169
raw_single_channel_phase_gat_team_mean_seed11,5710,0,1,0.3627,1,False,0,47.6278,19.4375
raw_single_channel_phase_gat_team_mean_seed11,1994,1,2,0.3056,1,True,1,30.5461,39.2905
raw_single_channel_phase_gat_team_mean_seed11,849,1,0,-0.3581,0,False,1,37.1527,
raw_single_channel_phase_gat_team_mean_seed11,4031,0,1,0.0508,1,False,0,9.6663,6.6531
raw_single_channel_phase_gat_team_mean_seed11,2235,1,2,0.3498,1,True,1,35.116,
raw_single_channel_phase_gat_team_mean_seed11,2483,1,0,-0.1326,0,False,1,20.0786,22.3095
raw_single_channel_phase_gat_team_mean_seed11,1705,2,1,-0.2574,1,False,2,30.6526,19.7233
raw_single_channel_phase_gat_team_mean_seed11,5195,0,1,0.044,1,False,0,8.0015,6.2353
raw_single_channel_phase_gat_team_mean_seed11,2893,1,0,-0.3134,0,False,1,37.5069,25.9801
raw_single_channel_phase_gat_team_mean_seed11,5831,0,1,0.3566,1,False,0,36.9157,28.1298
raw_single_channel_phase_gat_team_mean_seed11,3401,1,2,0.3022,1,True,1,38.4118,33.9974
raw_single_channel_phase_gat_team_mean_seed11,2982,1,0,-0.1675,0,False,1,25.8727,17.4881
raw_single_channel_phase_gat_team_mean_seed11,3800,2,1,-0.0979,1,False,2,16.7458,8.9391
raw_single_channel_phase_gat_team_mean_seed11,5105,2,1,-0.3473,1,False,2,34.6918,26.2922
raw_single_channel_phase_gat_team_mean_seed11,5329,1,0,-0.2866,1,True,1,38.2507,34.5896
raw_single_channel_phase_gat_team_mean_seed11,2495,1,0,-0.1291,0,False,1,20.5828,26.8199
raw_single_channel_phase_gat_team_mean_seed11,3648,1,2,0.2163,1,True,1,26.0929,19.4038
raw_single_channel_phase_gat_team_mean_seed11,2370,2,1,-0.3605,1,False,2,57.1612,58.0452
raw_single_channel_phase_gat_team_mean_seed11,4415,0,1,0.0405,1,False,0,6.5674,6.9531
raw_single_channel_phase_gat_team_mean_seed11,4101,0,1,0.3737,0,True,0,34.5336,24.1755
raw_single_channel_phase_gat_team_mean_seed11,1423,1,0,-0.0664,0,False,1,13.496,10.4869
raw_single_channel_phase_gat_team_mean_seed11,2599,1,2,0.2167,1,True,1,37.9115,27.2764
raw_single_channel_phase_gat_team_mean_seed11,3670,1,0,-0.2252,1,True,1,28.3592,23.6223
raw_single_channel_phase_gat_team_mean_seed11,1812,1,0,-0.237,0,False,1,32.1083,19.3948
raw_single_channel_phase_gat_team_mean_seed11,3680,0,1,0.0592,1,False,0,11.9071,7.2173
raw_single_channel_phase_gat_team_mean_seed11,2477,0,1,0.1708,0,True,0,20.8079,19.9399
raw_single_channel_phase_gat_team_mean_seed11,5149,2,1,-0.192,1,False,2,21.403,21.2489
raw_single_channel_phase_gat_team_mean_seed11,5522,1,0,-0.1467,0,False,1,15.457,15.9087
raw_single_channel_phase_gat_team_mean_seed11,3030,2,1,-0.0742,1,False,1,13.4894,11.2873
raw_single_channel_phase_gat_team_mean_seed11,2898,1,0,-0.3043,0,False,1,35.1948,26.9268
raw_single_channel_phase_gat_team_mean_seed11,1408,1,0,-0.1241,0,False,1,19.7034,18.3299
raw_single_channel_phase_gat_team_mean_seed11,5511,1,0,-0.0722,0,False,1,7.4681,8.0362
raw_single_channel_phase_gat_team_mean_seed11,878,1,0,-0.3211,0,False,1,32.1438,24.5638
raw_single_channel_phase_gat_team_mean_seed11,3638,1,2,0.2023,1,True,1,28.8228,21.6908
raw_single_channel_phase_gat_team_mean_seed11,4855,1,0,-0.3221,0,False,1,38.3236,29.0351
raw_single_channel_phase_gat_team_mean_seed11,2189,0,1,0.2085,1,False,0,30.1689,24.3314
raw_single_channel_phase_gat_team_mean_seed11,1289,1,2,0.2129,1,True,1,24.3047,17.2848
raw_single_channel_phase_gat_team_mean_seed11,4479,0,1,0.0521,1,False,0,8.1127,8.1543
raw_single_channel_phase_gat_team_mean_seed11,6119,0,1,0.0659,1,False,0,12.4816,8.352
raw_single_channel_phase_gat_team_mean_seed11,5012,0,1,0.0839,0,True,0,13.8791,7.9462
raw_single_channel_phase_gat_team_mean_seed11,6112,0,1,0.2138,1,False,0,29.7691,32.3832
raw_single_channel_phase_gat_team_mean_seed11,2550,1,2,0.314,1,True,1,30.7617,22.3819
raw_single_channel_phase_gat_team_mean_seed11,1243,1,0,-0.1779,0,False,1,22.0961,16.0358
raw_single_channel_phase_gat_team_mean_seed11,5590,1,2,0.1058,2,False,1,15.8384,18.6002
raw_single_channel_phase_gat_team_mean_seed11,3901,2,1,-0.0516,1,False,1,6.0783,7.7625
raw_single_channel_phase_gat_team_mean_seed11,2650,0,1,0.1718,1,False,0,22.6375,20.9138
raw_single_channel_phase_gat_team_mean_seed11,4874,1,0,-0.1837,0,False,1,25.6268,27.4653
raw_single_channel_phase_gat_team_mean_seed11,5372,1,0,-0.1372,0,False,1,19.3066,22.8687
raw_single_channel_phase_gat_team_mean_seed11,5588,1,2,0.1248,1,True,1,18.8954,16.3121
raw_single_channel_phase_gat_team_mean_seed11,5917,1,2,0.3099,1,True,1,29.2064,40.1957
raw_single_channel_phase_gat_team_mean_seed11,557,1,2,0.3122,1,True,1,24.8384,29.7551
raw_single_channel_phase_gat_team_mean_seed11,5052,2,1,-0.0929,1,False,2,12.2693,10.1026
raw_single_channel_phase_gat_team_mean_seed11,3162,2,1,-0.3702,1,False,2,48.7527,41.8809
raw_single_channel_phase_gat_team_mean_seed11,5681,0,1,0.1931,1,False,0,26.1269,14.7251
raw_single_channel_phase_gat_team_mean_seed11,5497,1,0,-0.0905,0,False,0,9.5328,9.8153
raw_single_channel_phase_gat_team_mean_seed11,3549,0,1,0.096,1,False,0,14.396,8.7335
raw_single_channel_phase_gat_team_mean_seed11,961,2,1,-0.1579,1,False,2,21.2735,12.3126
raw_single_channel_phase_gat_team_mean_seed11,4018,1,0,-0.327,0,False,1,39.2496,28.7849
raw_single_channel_phase_gat_team_mean_seed11,652,1,0,-0.272,0,False,1,37.8184,25.8857
raw_single_channel_phase_gat_team_mean_seed11,1115,1,2,0.2246,1,True,1,26.8667,21.8303
raw_single_channel_phase_gat_team_mean_seed11,647,1,2,0.084,1,True,1,14.252,11.7818
raw_single_channel_phase_gat_team_mean_seed11,2733,1,0,-0.2124,0,False,1,26.4703,24.1631
raw_single_channel_phase_gat_team_mean_seed11,2173,1,2,0.2427,1,True,1,30.0526,24.9024
raw_single_channel_phase_gat_team_mean_seed11,3178,1,2,0.2411,1,True,1,37.3566,30.3205
raw_single_channel_phase_gat_team_mean_seed11,4452,1,2,0.3544,1,True,1,37.1712,
raw_single_channel_phase_gat_team_mean_seed11,976,1,2,0.2923,1,True,1,30.496,27.1088
raw_single_channel_phase_gat_team_mean_seed11,1468,2,1,-0.2699,1,False,2,29.8527,19.7458
raw_single_channel_phase_gat_team_mean_seed11,4427,1,2,0.1942,2,False,1,26.5564,12.834
raw_single_channel_phase_gat_team_mean_seed11,5219,1,0,-0.0605,0,False,1,7.2816,12.0894
raw_single_channel_phase_gat_team_mean_seed11,3530,1,0,-0.1702,0,False,1,24.3505,24.0989
raw_single_channel_phase_gat_team_mean_seed11,5257,0,1,0.3529,1,False,0,39.2159,19.9939
raw_single_channel_phase_gat_team_mean_seed11,3234,0,1,0.1145,0,True,0,16.9148,12.973
raw_single_channel_phase_gat_team_mean_seed11,4472,1,0,-0.0719,0,False,0,12.2031,8.9112
raw_single_channel_phase_gat_team_mean_seed11,3078,1,0,-0.2222,0,False,1,30.6161,15.983
raw_single_channel_phase_gat_team_mean_seed11,2451,1,2,0.145,1,True,1,18.7387,12.5632
raw_single_channel_phase_gat_team_mean_seed11,2602,1,2,0.0767,1,True,1,17.3705,11.887
raw_single_channel_phase_gat_team_mean_seed11,3218,1,0,-0.2658,0,False,1,36.1088,25.6541
raw_single_channel_phase_gat_team_mean_seed11,4289,1,0,-0.2905,0,False,1,41.7206,27.286
raw_single_channel_phase_gat_team_mean_seed11,3756,2,1,-0.0543,1,False,1,7.6727,7.8505
raw_single_channel_phase_gat_team_mean_seed11,1148,1,0,-0.3421,0,False,1,37.7112,24.9137
raw_single_channel_phase_gat_team_mean_seed11,5270,0,1,0.0664,0,True,0,8.6722,8.3637
raw_single_channel_phase_gat_team_mean_seed11,5480,1,0,-0.062,0,False,0,7.0788,5.9013
raw_single_channel_phase_gat_team_mean_seed11,4787,2,1,-0.1864,1,False,2,26.3836,18.5562
raw_single_channel_phase_gat_team_mean_seed11,1565,0,1,0.031,1,False,1,5.1046,5.7573
raw_single_channel_phase_gat_team_mean_seed11,3258,2,1,-0.3192,1,False,2,33.3436,23.6987
raw_single_channel_phase_gat_team_mean_seed11,5614,1,2,0.2579,1,True,1,33.869,24.8088
raw_single_channel_phase_gat_team_mean_seed11,2322,2,1,-0.2962,1,False,2,37.8947,25.8773
raw_single_channel_phase_gat_team_mean_seed11,1343,0,1,0.0306,0,True,0,7.0725,6.6455
raw_single_channel_phase_gat_team_mean_seed11,1314,1,0,-0.3494,0,False,1,37.4614,
raw_single_channel_phase_gat_team_mean_seed11,5815,1,0,-0.1009,0,False,1,16.558,14.5345
raw_single_channel_phase_gat_team_mean_seed11,6080,0,1,0.0604,1,False,0,9.7083,8.5909
raw_single_channel_phase_gat_team_mean_seed11,5610,1,2,0.2612,1,True,1,33.4465,25.5735
raw_single_channel_phase_gat_team_mean_seed11,954,1,2,0.1717,2,False,1,21.8093,14.4163
raw_single_channel_phase_gat_team_mean_seed11,2729,1,0,-0.2388,0,False,1,28.4741,23.3372
raw_single_channel_phase_gat_team_mean_seed11,3916,2,1,-0.1057,1,False,2,22.8054,11.9664
raw_single_channel_phase_gat_team_mean_seed11,5858,0,1,0.0575,1,False,0,8.3982,7.4248
raw_single_channel_phase_gat_team_mean_seed11,489,1,2,0.2287,1,True,1,20.287,18.6177
raw_single_channel_phase_gat_team_mean_seed11,1463,1,2,0.2017,2,False,1,26.054,18.9167
raw_single_channel_phase_gat_team_mean_seed11,2079,1,2,0.3108,1,True,1,47.8756,52.5588
raw_single_channel_phase_gat_team_mean_seed11,4558,1,0,-0.1766,0,False,1,24.1238,26.4437
raw_single_channel_phase_gat_team_mean_seed11,933,1,0,-0.2061,0,False,1,31.6767,24.0365
raw_single_channel_phase_gat_team_mean_seed11,5424,1,0,-0.1133,0,False,1,16.2125,13.4904
raw_single_channel_phase_gat_team_mean_seed11,1094,2,1,-0.1806,1,False,2,26.7611,15.7926
raw_single_channel_phase_gat_team_mean_seed11,607,1,0,-0.3314,0,False,1,45.7097,28.8415
raw_single_channel_phase_gat_team_mean_seed11,5592,1,2,0.0455,1,True,1,9.6775,8.1338
raw_single_channel_phase_gat_team_mean_seed11,5100,2,1,-0.0702,1,False,1,9.3448,9.6899
raw_single_channel_phase_gat_team_mean_seed11,3466,2,1,-0.1501,1,False,2,22.3266,17.2257
raw_single_channel_phase_gat_team_mean_seed11,1038,0,1,0.1542,1,False,1,25.1671,23.7709
raw_single_channel_phase_gat_team_mean_seed11,5683,0,1,0.2293,1,False,0,30.3108,15.5917
raw_single_channel_phase_gat_team_mean_seed11,2310,2,1,-0.0327,1,False,1,5.8713,6.2791
raw_single_channel_phase_gat_team_mean_seed11,3344,2,1,-0.2636,1,False,2,46.6367,20.3768
raw_single_channel_phase_gat_team_mean_seed11,4971,0,1,0.1538,1,False,0,24.1932,17.6485
raw_single_channel_phase_gat_team_mean_seed11,4750,1,0,-0.274,1,True,1,31.7249,20.5484
raw_single_channel_phase_gat_team_mean_seed11,4238,1,2,0.0998,1,True,1,15.1419,12.6451
raw_single_channel_phase_gat_team_mean_seed11,568,1,0,-0.3548,0,False,1,36.5795,
raw_single_channel_phase_gat_team_mean_seed11,2190,0,1,0.1586,1,False,0,20.5744,19.4054
raw_single_channel_phase_gat_team_mean_seed11,5422,1,0,-0.0825,0,False,1,12.9893,9.1828
raw_single_channel_phase_gat_team_mean_seed11,4535,1,2,0.1757,1,True,1,24.7569,17.8425
raw_single_channel_phase_gat_team_mean_seed11,2162,1,2,0.1494,1,True,1,15.9496,16.1836
raw_single_channel_phase_gat_team_mean_seed11,1342,1,0,-0.0373,0,False,0,9.2025,8.0286
raw_single_channel_phase_gat_team_mean_seed11,5403,1,2,0.2446,1,True,1,30.0772,20.8577
raw_single_channel_phase_gat_team_mean_seed11,5203,1,0,-0.1049,0,False,1,13.1258,16.1509
raw_single_channel_phase_gat_team_mean_seed11,3921,2,1,-0.1438,1,False,2,22.3286,14.8776
raw_single_channel_phase_gat_team_mean_seed11,3250,2,1,-0.1588,1,False,2,20.3217,15.4094
raw_single_channel_phase_gat_team_mean_seed11,5904,1,2,0.145,2,False,1,17.502,15.349
raw_single_channel_phase_gat_team_mean_seed11,897,1,0,-0.0682,0,False,1,13.5332,10.8938
raw_single_channel_phase_gat_team_mean_seed11,665,0,1,0.1987,1,False,0,26.3204,24.2234
raw_single_channel_phase_gat_team_mean_seed11,5462,1,0,-0.0389,0,False,0,6.6444,6.7765
raw_single_channel_phase_gat_team_mean_seed11,5448,0,1,0.2136,0,True,0,25.8068,16.1782
raw_single_channel_phase_gat_team_mean_seed11,3436,0,1,0.0364,1,False,0,6.9435,6.1806
raw_single_channel_phase_gat_team_mean_seed11,1761,1,2,0.3312,1,True,1,28.8137,33.7494
raw_single_channel_phase_gat_team_mean_seed11,4467,1,0,-0.0386,0,False,0,5.3834,7.4777
raw_single_channel_phase_gat_team_mean_seed11,1329,1,0,-0.1203,0,False,1,23.7435,26.7177
raw_single_channel_phase_gat_team_mean_seed11,4580,1,2,0.1764,1,True,1,23.7205,17.1123
raw_single_channel_phase_gat_team_mean_seed11,5771,1,2,0.2972,1,True,1,38.9842,27.8405
raw_single_channel_phase_gat_team_mean_seed11,2804,0,1,0.2458,1,False,0,38.3783,22.1675
raw_single_channel_phase_gat_team_mean_seed11,3432,0,1,0.2927,1,False,0,34.4073,17.6489
raw_single_channel_phase_gat_team_mean_seed11,2484,1,0,-0.1385,0,False,1,21.5783,20.5075
raw_single_channel_phase_gat_team_mean_seed11,4181,1,0,-0.3111,1,True,1,33.623,28.0112
raw_single_channel_phase_gat_team_mean_seed11,5634,1,2,0.2884,1,True,1,36.4999,27.1411
raw_single_channel_phase_gat_team_mean_seed11,1426,1,0,-0.1134,0,False,1,18.5784,13.3464
raw_single_channel_phase_gat_team_mean_seed11,2785,0,1,0.1928,1,False,0,32.1141,21.8009
raw_single_channel_phase_gat_team_mean_seed11,1327,1,0,-0.1435,0,False,1,27.0462,29.8539
raw_single_channel_phase_gat_team_mean_seed11,4638,1,0,-0.08,0,False,1,12.2111,10.1328
raw_single_channel_phase_gat_team_mean_seed11,4014,1,2,0.2574,2,False,1,30.1763,21.0828
raw_single_channel_phase_gat_team_mean_seed11,3811,2,1,-0.0404,1,False,1,6.7824,7.2189
raw_single_channel_phase_gat_team_mean_seed11,4142,1,2,0.2403,1,True,1,28.7244,20.0868
raw_single_channel_phase_gat_team_mean_seed11,2107,1,2,0.2643,1,True,1,32.8464,30.7912
raw_single_channel_phase_gat_team_mean_seed11,1104,2,1,-0.1003,1,False,2,14.7596,11.8463
raw_single_channel_phase_gat_team_mean_seed11,1119,1,2,0.2921,1,True,1,28.4812,26.3454
raw_single_channel_phase_gat_team_mean_seed11,5066,2,1,-0.238,1,False,2,32.9883,27.5878
raw_single_channel_phase_gat_team_mean_seed11,3787,2,1,-0.2769,1,False,2,44.0658,25.294
raw_single_channel_phase_gat_team_mean_seed11,4440,2,1,-0.0351,1,False,1,7.4599,6.2253
raw_single_channel_phase_gat_team_mean_seed11,1618,0,1,0.1529,1,False,0,29.5141,14.6523
raw_single_channel_phase_gat_team_mean_seed11,3198,2,1,-0.0904,1,False,2,15.4912,10.619
raw_single_channel_phase_gat_team_mean_seed11,3605,0,1,0.2626,1,False,0,31.039,20.6796
raw_single_channel_phase_gat_team_mean_seed11,3331,2,1,-0.1367,1,False,2,19.0685,15.4477
raw_single_channel_phase_gat_team_mean_seed11,868,1,0,-0.3203,0,False,1,33.8424,22.9995
raw_single_channel_phase_gat_team_mean_seed11,4590,1,2,0.2741,1,True,1,29.9244,22.5916
raw_single_channel_phase_gat_team_mean_seed11,2989,1,0,-0.0813,0,False,1,11.5833,12.7598
raw_single_channel_phase_gat_team_mean_seed11,5425,1,0,-0.1289,0,False,1,19.3663,15.9519
raw_single_channel_phase_gat_team_mean_seed11,5674,0,1,0.1425,1,False,0,18.4254,12.5579
raw_single_channel_phase_gat_team_mean_seed11,810,1,0,-0.2861,0,False,1,32.4432,22.8702
raw_single_channel_phase_gat_team_mean_seed11,3761,2,1,-0.0482,1,False,1,6.724,6.6733
raw_single_channel_phase_gat_team_mean_seed11,837,1,0,-0.2753,0,False,1,32.3787,23.7377
raw_single_channel_phase_gat_team_mean_seed11,2430,2,1,-0.1786,1,False,2,24.7,16.6168
raw_single_channel_phase_gat_team_mean_seed11,3505,1,0,-0.2429,0,False,1,32.6353,25.9801
raw_single_channel_phase_gat_team_mean_seed11,5401,1,2,0.2877,1,True,1,31.0149,27.3253
raw_single_channel_phase_gat_team_mean_seed11,3142,2,1,-0.3743,1,False,2,42.5345,27.6732
raw_single_channel_phase_gat_team_mean_seed11,2149,1,2,0.3255,1,True,1,27.719,33.952
raw_single_channel_phase_gat_team_mean_seed11,3487,1,2,0.3249,1,True,1,37.1131,32.4442
raw_single_channel_phase_gat_team_mean_seed11,5266,0,1,0.1197,1,False,0,17.4673,10.997
raw_single_channel_phase_gat_team_mean_seed11,5498,1,0,-0.0902,0,False,1,9.1592,11.4395
raw_single_channel_phase_gat_team_mean_seed11,772,1,0,-0.2385,0,False,1,32.6138,27.683
raw_single_channel_phase_gat_team_mean_seed11,5474,1,0,-0.082,0,False,1,10.7053,9.9744
raw_single_channel_phase_gat_team_mean_seed11,2115,1,0,-0.1104,0,False,1,16.4013,9.9487
raw_single_channel_phase_gat_team_mean_seed11,4164,1,0,-0.0705,0,False,1,13.1857,11.4076
raw_single_channel_phase_gat_team_mean_seed11,3205,1,2,0.1158,1,True,1,16.7432,13.2182
raw_single_channel_phase_gat_team_mean_seed11,6008,0,1,0.2111,1,False,0,25.9384,23.2364
raw_single_channel_phase_gat_team_mean_seed11,625,1,2,0.265,1,True,1,29.0158,25.0501
raw_single_channel_phase_gat_team_mean_seed11,1562,1,0,-0.0361,0,False,1,6.3758,6.4635
raw_single_channel_phase_gat_team_mean_seed11,5226,0,1,0.3045,1,False,0,30.1082,22.7894
raw_single_channel_phase_gat_team_mean_seed11,4663,1,0,-0.1511,0,False,1,22.0137,19.5202
raw_single_channel_phase_gat_team_mean_seed11,4607,0,1,0.1226,1,False,0,17.0399,14.2112
raw_single_channel_phase_gat_team_mean_seed11,4110,0,1,0.1446,1,False,0,18.7813,16.6518
raw_single_channel_phase_gat_team_mean_seed11,5543,1,0,-0.1866,0,False,1,17.7521,17.7525
raw_single_channel_phase_gat_team_mean_seed11,2680,1,0,-0.1348,0,False,1,19.9377,12.9287
raw_single_channel_phase_gat_team_mean_seed11,1694,2,1,-0.1736,1,False,2,23.271,16.9631
raw_single_channel_phase_gat_team_mean_seed11,3736,0,1,0.3282,1,False,0,41.4016,17.6979
raw_single_channel_phase_gat_team_mean_seed11,663,0,1,0.2558,1,False,0,33.62,29.1646
raw_single_channel_phase_gat_team_mean_seed11,5397,1,0,-0.3248,0,False,1,39.1972,27.0159
raw_single_channel_phase_gat_team_mean_seed11,1765,1,0,-0.2563,0,False,1,31.6513,19.0855
raw_single_channel_phase_gat_team_mean_seed11,5937,1,2,0.1209,2,False,1,15.8368,15.1481
raw_single_channel_phase_gat_team_mean_seed11,1727,1,0,-0.1669,0,False,1,22.5356,18.4151
raw_single_channel_phase_gat_team_mean_seed11,3042,1,0,-0.2403,0,False,1,32.1275,16.4621
raw_single_channel_phase_gat_team_mean_seed11,3065,1,2,0.2438,2,False,1,34.3204,15.8784
raw_single_channel_phase_gat_team_mean_seed11,3291,1,2,0.2103,1,True,1,28.8255,16.0796
raw_single_channel_phase_gat_team_mean_seed11,2738,1,0,-0.1962,0,False,1,22.6388,20.2287
raw_single_channel_phase_gat_team_mean_seed11,5963,0,1,0.1195,1,False,0,17.3279,13.9984
raw_single_channel_phase_gat_team_mean_seed11,4685,2,1,-0.0989,1,False,2,12.6338,13.5263
raw_single_channel_phase_gat_team_mean_seed11,618,1,2,0.1691,1,True,1,23.8839,20.3292
raw_single_channel_phase_gat_team_mean_seed11,679,1,0,-0.246,0,False,1,26.8865,18.5959
raw_single_channel_phase_gat_team_mean_seed11,3462,2,1,-0.1604,1,False,2,22.0861,18.3434
raw_single_channel_phase_gat_team_mean_seed11,5535,1,0,-0.2246,0,False,1,23.6191,20.5903
raw_single_channel_phase_gat_team_mean_seed11,5453,0,1,0.1218,1,False,0,19.7503,11.6872
raw_single_channel_phase_gat_team_mean_seed11,5669,1,0,-0.0326,0,False,0,4.7709,4.8221
raw_single_channel_phase_gat_team_mean_seed11,3659,1,0,-0.2656,0,False,1,26.3663,25.0406
raw_single_channel_phase_gat_team_mean_seed11,6023,1,0,-0.2594,0,False,1,30.3843,26.4843
raw_single_channel_phase_gat_team_mean_seed11,3537,1,0,-0.2586,0,False,1,32.4757,27.0601
raw_single_channel_phase_gat_team_mean_seed11,3492,1,0,-0.2484,0,False,1,35.7024,27.3011
raw_single_channel_phase_gat_team_mean_seed11,1672,1,0,-0.2827,0,False,1,33.1421,23.5891
raw_single_channel_phase_gat_team_mean_seed11,5417,1,0,-0.1167,0,False,1,14.7384,12.2499
raw_single_channel_phase_gat_team_mean_seed11,3768,2,1,-0.0811,1,False,2,17.3399,8.8544
raw_single_channel_phase_gat_team_mean_seed11,5860,0,1,0.0444,0,True,0,5.5543,6.3797
raw_single_channel_phase_gat_team_mean_seed11,4564,0,1,0.0517,1,False,0,7.7167,8.9039
raw_single_channel_phase_gat_team_mean_seed11,2520,1,2,0.181,1,True,1,28.6519,25.2751
raw_single_channel_phase_gat_team_mean_seed11,5010,0,1,0.09,0,True,0,15.5919,7.5529
raw_single_channel_phase_gat_team_mean_seed11,691,1,2,0.0618,2,False,1,8.6492,9.6651
raw_single_channel_phase_gat_team_mean_seed11,3026,1,2,0.0941,1,True,1,14.3213,15.4003
raw_single_channel_phase_gat_team_mean_seed11,744,0,1,0.1754,1,False,0,27.7966,16.7529
raw_single_channel_phase_gat_team_mean_seed11,2957,1,2,0.1205,1,True,1,17.5287,15.9041
raw_single_channel_phase_gat_team_mean_seed11,4952,0,1,0.1961,0,True,0,28.0059,19.0593
raw_single_channel_phase_gat_team_mean_seed11,5830,0,1,0.3183,1,False,0,33.5647,27.5637
raw_single_channel_phase_gat_team_mean_seed11,5163,1,2,0.352,1,True,1,36.7857,
raw_single_channel_phase_gat_team_mean_seed11,2014,1,0,-0.2254,0,False,1,27.6556,14.2203
raw_single_channel_phase_gat_team_mean_seed11,2903,1,0,-0.279,0,False,1,33.1109,25.9985
raw_single_channel_phase_gat_team_mean_seed11,5821,0,1,0.0682,1,False,0,11.9011,7.8046
raw_single_channel_phase_gat_team_mean_seed11,1150,1,0,-0.3442,0,False,1,39.3472,23.7379
raw_single_channel_phase_gat_team_mean_seed11,5938,1,2,0.2062,2,False,1,21.1318,19.8987
raw_single_channel_phase_gat_team_mean_seed11,4993,0,1,0.1346,1,False,0,22.1794,14.7596
raw_single_channel_phase_gat_team_mean_seed11,604,1,0,-0.2069,0,False,1,28.286,29.2779
raw_single_channel_phase_gat_team_mean_seed11,910,1,0,-0.2086,0,False,1,23.9627,21.5316
raw_single_channel_phase_gat_team_mean_seed11,4336,1,2,0.2878,1,True,1,35.2847,26.5698
raw_single_channel_phase_gat_team_mean_seed11,694,2,1,-0.052,1,False,1,6.571,8.2951
raw_single_channel_phase_gat_team_mean_seed11,3465,2,1,-0.1476,1,False,2,21.7492,16.7084
raw_single_channel_phase_gat_team_mean_seed11,1547,0,1,0.0307,1,False,0,6.9928,5.9485
raw_single_channel_phase_gat_team_mean_seed11,2663,0,1,0.07,1,False,0,9.0143,11.3029
raw_single_channel_phase_gat_team_mean_seed11,4589,1,2,0.2575,1,True,1,27.7189,21.8096
raw_single_channel_phase_gat_team_mean_seed11,2462,1,0,-0.3149,0,False,1,40.4251,32.0061
raw_single_channel_phase_gat_team_mean_seed11,1110,1,2,0.0839,1,True,1,16.203,9.7539
raw_single_channel_phase_gat_team_mean_seed11,2825,0,1,0.26,1,False,0,43.0802,21.7397
raw_single_channel_phase_gat_team_mean_seed11,5296,0,1,0.222,1,False,0,27.5853,31.5214
raw_single_channel_phase_gat_team_mean_seed11,3139,2,1,-0.3919,1,False,2,41.4248,31.6729
raw_single_channel_phase_gat_team_mean_seed11,2905,1,0,-0.2733,0,False,1,30.83,25.1597
raw_single_channel_phase_gat_team_mean_seed11,1139,1,2,0.2917,1,True,1,28.133,30.8728
raw_single_channel_phase_gat_team_mean_seed11,1116,1,2,0.245,1,True,1,25.3963,23.6657
raw_single_channel_phase_gat_team_mean_seed11,2287,2,1,-0.283,1,False,2,35.3305,20.657
raw_single_channel_phase_gat_team_mean_seed11,4734,1,0,-0.2877,0,False,1,31.6153,23.7421
raw_single_channel_phase_gat_team_mean_seed11,2306,2,1,-0.0391,1,False,1,6.3599,6.7067
raw_single_channel_phase_gat_team_mean_seed11,3934,2,1,-0.1998,1,False,2,49.1508,23.4978
raw_single_channel_phase_gat_team_mean_seed11,1517,1,2,0.204,1,True,1,30.095,21.2806
raw_single_channel_phase_gat_team_mean_seed11,2084,1,2,0.1959,1,True,1,34.3192,22.3517
raw_single_channel_phase_gat_team_mean_seed11,3674,1,0,-0.1205,0,False,1,17.3016,17.6805
raw_single_channel_phase_gat_team_mean_seed11,4203,2,1,-0.1161,1,False,2,24.9176,14.702
raw_single_channel_phase_gat_team_mean_seed11,5011,0,1,0.0864,0,True,0,14.6111,8.1563
raw_single_channel_phase_gat_team_mean_seed11,2224,1,2,0.3512,1,True,1,32.6937,
raw_single_channel_phase_gat_team_mean_seed11,2443,2,1,-0.0603,1,False,2,7.2118,7.3442
raw_single_channel_phase_gat_team_mean_seed11,2357,2,1,-0.3613,1,False,2,51.178,51.0181
raw_single_channel_phase_gat_team_mean_seed11,1349,0,1,0.0964,1,False,0,16.3142,12.5627
raw_single_channel_phase_gat_team_mean_seed11,2872,1,0,-0.1503,0,False,1,20.6224,13.8092
raw_single_channel_phase_gat_team_mean_seed11,1707,2,1,-0.2919,1,False,2,40.5624,22.2557
raw_single_channel_phase_gat_team_mean_seed11,3197,2,1,-0.0593,1,False,1,9.7456,10.5363
raw_single_channel_phase_gat_team_mean_seed11,445,2,1,-0.3341,1,False,2,37.442,31.3448
raw_single_channel_phase_gat_team_mean_seed11,4712,1,0,-0.0323,0,False,0,4.1993,5.2136
raw_single_channel_phase_gat_team_mean_seed11,3890,0,1,0.0425,1,False,0,10.3663,6.5827
raw_single_channel_phase_gat_team_mean_seed11,5576,1,2,0.3077,1,True,1,35.4783,26.0285
raw_single_channel_phase_gat_team_mean_seed11,3053,1,0,-0.2965,0,False,1,29.3356,23.0275
raw_single_channel_phase_gat_team_mean_seed11,865,1,0,-0.3205,0,False,1,36.3117,23.4311
raw_single_channel_phase_gat_team_mean_seed11,1114,1,2,0.1997,1,True,1,24.3963,19.2416
raw_single_channel_phase_gat_team_mean_seed11,1194,1,2,0.3053,1,True,1,32.565,34.5737
raw_single_channel_phase_gat_team_mean_seed11,1004,1,0,-0.0762,0,False,1,13.628,12.7019
raw_single_channel_phase_gat_team_mean_seed11,5881,1,0,-0.3283,0,False,1,38.208,31.8566
raw_single_channel_phase_gat_team_mean_seed11,1877,1,2,0.2294,1,True,1,29.6823,29.9194
raw_single_channel_phase_gat_team_mean_seed11,3791,2,1,-0.3103,1,False,2,52.038,27.3195
raw_single_channel_phase_gat_team_mean_seed11,5995,1,0,-0.0451,0,False,1,7.8414,7.6172
raw_single_channel_phase_gat_team_mean_seed11,2075,1,0,-0.239,0,False,1,53.7183,42.5294
raw_single_channel_phase_gat_team_mean_seed11,5089,1,2,0.0873,2,False,1,14.2367,13.4912
raw_single_channel_phase_gat_team_mean_seed11,5261,0,1,0.2295,1,False,0,28.82,17.8187
raw_single_channel_phase_gat_team_mean_seed11,2245,2,1,-0.2454,1,False,2,29.7189,16.8574
raw_single_channel_phase_gat_team_mean_seed11,2968,1,2,0.0434,2,False,1,6.9798,8.0005
raw_single_channel_phase_gat_team_mean_seed11,4481,1,0,-0.0549,0,False,1,9.9004,7.978
raw_single_channel_phase_gat_team_mean_seed11,5990,1,0,-0.1406,0,False,1,24.4266,24.1507
raw_single_channel_phase_gat_team_mean_seed11,3346,2,1,-0.2741,1,False,2,54.1679,20.9954
raw_single_channel_phase_gat_team_mean_seed11,2363,2,1,-0.3623,1,False,2,58.4974,56.4397
raw_single_channel_phase_gat_team_mean_seed11,1904,1,2,0.2322,2,False,1,33.0305,20.9684
raw_single_channel_phase_gat_team_mean_seed11,1909,1,2,0.194,1,True,1,24.1924,26.0703
raw_single_channel_phase_gat_team_mean_seed11,1418,0,1,0.0784,1,False,0,14.6642,10.5122
raw_single_channel_phase_gat_team_mean_seed11,2469,1,0,-0.1705,0,False,1,23.7003,19.3688
raw_single_channel_phase_gat_team_mean_seed11,758,0,1,0.1723,1,False,0,30.3073,15.2993
raw_single_channel_phase_gat_team_mean_seed11,6120,0,1,0.0781,1,False,0,13.9876,10.221
raw_single_channel_phase_gat_team_mean_seed11,2631,1,2,0.3102,2,False,1,35.0916,31.5435
raw_single_channel_phase_gat_team_mean_seed11,1085,2,1,-0.3418,1,False,2,37.4334,19.7052
raw_single_channel_phase_gat_team_mean_seed11,2482,1,0,-0.1123,0,False,1,19.381,16.1983
raw_single_channel_phase_gat_team_mean_seed11,3326,2,1,-0.0919,1,False,2,14.1651,11.4539
raw_single_channel_phase_gat_team_mean_seed11,4414,0,1,0.0523,1,False,0,9.1415,8.1186
raw_single_channel_phase_gat_team_mean_seed11,739,0,1,0.2002,1,False,0,30.6016,18.9463
raw_single_channel_phase_gat_team_mean_seed11,2669,1,0,-0.0514,0,False,1,9.3436,7.2791
raw_single_channel_phase_gat_team_mean_seed11,5583,1,2,0.176,2,False,1,26.2812,17.6746
raw_single_channel_phase_gat_team_mean_seed11,4274,2,1,-0.0886,1,False,2,8.9183,8.3458
raw_single_channel_phase_gat_team_mean_seed11,1328,1,0,-0.1318,0,False,1,25.6055,29.7349
raw_single_channel_phase_gat_team_mean_seed11,4660,1,0,-0.185,0,False,1,27.3374,19.5188
raw_single_channel_phase_gat_team_mean_seed11,5599,1,2,0.0626,1,True,1,8.5531,9.4532
raw_single_channel_phase_gat_team_mean_seed11,4039,0,1,0.0705,1,False,0,11.0514,8.2017
raw_single_channel_phase_gat_team_mean_seed11,2694,1,0,-0.2478,0,False,1,37.5694,19.1262
raw_single_channel_phase_gat_team_mean_seed11,5696,0,1,0.3407,1,False,0,50.1542,20.3293
raw_single_channel_phase_gat_team_mean_seed11,2944,1,0,-0.0906,0,False,1,14.5025,14.0424
raw_single_channel_phase_gat_team_mean_seed11,3946,2,1,-0.3506,1,False,2,57.6482,26.1146
raw_single_channel_phase_gat_team_mean_seed11,1786,1,0,-0.0584,0,False,1,10.3082,9.957
raw_single_channel_phase_gat_team_mean_seed11,5273,1,0,-0.0694,0,False,1,11.6153,11.4345
raw_single_channel_phase_gat_team_mean_seed11,5582,1,2,0.1925,2,False,1,26.8515,15.7191
raw_single_channel_phase_gat_team_mean_seed11,2296,2,1,-0.0314,1,False,2,5.2132,4.8683
raw_single_channel_phase_gat_team_mean_seed11,3694,0,1,0.2862,1,False,0,37.4702,18.8886
raw_single_channel_phase_gat_team_mean_seed11,2559,2,1,-0.1988,1,False,2,23.0154,16.7148
raw_single_channel_phase_gat_team_mean_seed11,1233,1,0,-0.2177,0,False,1,28.7137,23.5226
raw_single_channel_phase_gat_team_mean_seed11,1814,1,0,-0.2484,0,False,1,31.2476,21.8991
raw_single_channel_phase_gat_team_mean_seed11,1596,1,0,-0.0502,0,False,1,7.7899,12.1459
raw_single_channel_phase_gat_team_mean_seed11,1290,1,2,0.2147,1,True,1,23.7943,17.2768
raw_single_channel_phase_gat_team_mean_seed11,3663,1,0,-0.246,1,True,1,27.4819,29.6287
raw_single_channel_phase_gat_team_mean_seed11,3075,1,0,-0.2377,0,False,1,31.5791,21.2457
raw_single_channel_phase_gat_team_mean_seed11,5202,1,0,-0.1336,0,False,1,15.5118,15.8086
raw_single_channel_phase_gat_team_mean_seed11,5064,2,1,-0.2408,1,False,2,33.9065,28.4514
raw_single_channel_phase_gat_team_mean_seed11,3450,2,1,-0.0739,1,False,1,11.1993,10.9135
raw_single_channel_phase_gat_team_mean_seed11,5972,0,1,0.0757,1,False,0,14.5229,10.0001
raw_single_channel_phase_gat_team_mean_seed11,5310,2,1,-0.1053,1,False,2,10.8355,10.8045
raw_single_channel_phase_gat_team_mean_seed11,2922,1,0,-0.2761,0,False,1,34.5237,20.0233
raw_single_channel_phase_gat_team_mean_seed11,2891,1,0,-0.3228,0,False,1,37.5214,26.1139
raw_single_channel_phase_gat_team_mean_seed11,3488,1,2,0.3623,1,True,1,37.1738,
raw_single_channel_phase_gat_team_mean_seed11,1277,1,2,0.1487,1,True,1,19.8129,16.8425
raw_single_channel_phase_gat_team_mean_seed11,4923,0,1,0.364,1,False,0,41.6311,28.9899
raw_single_channel_phase_gat_team_mean_seed11,1262,1,2,0.0356,2,False,1,5.8257,6.4949
raw_single_channel_phase_gat_team_mean_seed11,2964,2,1,-0.1466,1,False,2,20.6759,15.1863
raw_single_channel_phase_gat_team_mean_seed11,5430,1,0,-0.1929,0,False,1,26.8095,19.7649
raw_single_channel_phase_gat_team_mean_seed11,5712,0,1,0.3636,1,False,0,46.4764,18.0818
raw_single_channel_phase_gat_team_mean_seed11,2239,1,2,0.2277,1,True,1,28.066,16.8436
raw_single_channel_phase_gat_team_mean_seed11,4544,1,2,0.3582,1,True,1,36.5595,
raw_single_channel_phase_gat_team_mean_seed11,2638,1,0,-0.1868,0,False,1,26.1917,16.6627
raw_single_channel_phase_gat_team_mean_seed11,4842,1,0,-0.2427,0,False,1,37.0714,33.002
raw_single_channel_phase_gat_team_mean_seed11,782,1,2,0.1334,1,True,1,16.8143,10.8018
raw_single_channel_phase_gat_team_mean_seed11,5919,1,2,0.2872,2,False,1,24.6509,29.6902
raw_single_channel_phase_gat_team_mean_seed11,860,1,0,-0.3059,0,False,1,35.6599,23.5919
raw_single_channel_phase_gat_team_mean_seed11,1592,1,0,-0.102,0,False,1,16.4454,15.3342
raw_single_channel_phase_gat_team_mean_seed11,1054,1,2,0.3064,2,False,1,42.7328,34.8993
raw_single_channel_phase_gat_team_mean_seed11,4132,1,0,-0.3021,0,False,1,33.4501,30.7577
raw_single_channel_phase_gat_team_mean_seed11,1422,1,0,-0.0495,0,False,1,8.789,9.9818
raw_single_channel_phase_gat_team_mean_seed11,4486,1,2,0.3536,1,True,1,27.7716,
raw_single_channel_phase_gat_team_mean_seed11,5650,1,2,0.1909,1,True,1,27.6854,19.5507
raw_single_channel_phase_gat_team_mean_seed11,5595,2,1,-0.107,1,False,2,16.9959,12.0108
raw_single_channel_phase_gat_team_mean_seed11,4302,0,1,0.1939,1,False,0,25.4477,20.8473
raw_single_channel_phase_gat_team_mean_seed11,4174,1,0,-0.2813,0,False,1,27.1313,21.6368
raw_single_channel_phase_gat_team_mean_seed11,5472,1,0,-0.0842,0,False,1,12.1827,12.3433
raw_single_channel_phase_gat_team_mean_seed11,855,1,0,-0.2818,0,False,1,32.7746,24.9869
raw_single_channel_phase_gat_team_mean_seed11,4492,1,2,0.1016,1,True,1,14.8776,10.7787
raw_single_channel_phase_gat_team_mean_seed11,5977,0,1,0.286,1,False,0,37.2596,16.8192
raw_single_channel_phase_gat_team_mean_seed11,4198,2,1,-0.1302,1,False,2,20.3238,15.2798
raw_single_channel_phase_gat_team_mean_seed11,1841,1,2,0.176,1,True,1,26.5175,17.6093
raw_single_channel_phase_gat_team_mean_seed11,6123,0,1,0.1173,1,False,0,18.9655,12.8854
raw_single_channel_phase_gat_team_mean_seed11,5229,0,1,0.3874,1,False,0,40.2763,22.2692
raw_single_channel_phase_gat_team_mean_seed11,3123,2,1,-0.1432,1,False,2,22.7959,13.326
raw_single_channel_phase_gat_team_mean_seed11,1542,1,0,-0.1141,0,False,1,17.079,19.0415
raw_single_channel_phase_gat_team_mean_seed11,2460,1,0,-0.3461,0,False,1,45.6976,40.7245
raw_single_channel_phase_gat_team_mean_seed11,5510,1,0,-0.07,0,False,1,7.6652,8.3147
raw_single_channel_phase_gat_team_mean_seed11,4792,2,1,-0.2351,1,False,2,36.1197,22.7022
raw_single_channel_phase_gat_team_mean_seed11,5793,1,2,0.3211,1,True,1,25.3593,27.2049
raw_single_channel_phase_gat_team_mean_seed11,2138,1,0,-0.3592,0,False,1,37.1599,
raw_single_channel_phase_gat_team_mean_seed11,3059,1,2,0.288,1,True,1,33.7624,20.2743
raw_single_channel_phase_gat_team_mean_seed11,1930,1,2,0.0725,1,True,1,10.4579,10.6176
raw_single_channel_phase_gat_team_mean_seed11,4920,0,1,0.2287,1,False,0,29.8719,17.3124
raw_single_channel_phase_gat_team_mean_seed11,2938,0,1,0.0825,1,False,0,15.004,12.2004
raw_single_channel_phase_gat_team_mean_seed11,1152,1,0,-0.3442,0,False,1,39.2379,24.5968
raw_single_channel_phase_gat_team_mean_seed11,506,1,0,-0.3038,0,False,1,39.6378,27.9612
raw_single_channel_phase_gat_team_mean_seed11,2967,2,1,-0.0658,1,False,1,10.3732,7.2603
raw_single_channel_phase_gat_team_mean_seed11,887,1,2,0.3271,1,True,1,27.1842,29.5774
raw_single_channel_phase_gat_team_mean_seed11,2089,1,2,0.2601,2,False,1,36.4126,25.9816
raw_single_channel_phase_gat_team_mean_seed11,3629,1,0,-0.1798,0,False,1,23.1316,19.6966
raw_single_channel_phase_gat_team_mean_seed11,3583,1,0,-0.1014,0,False,1,14.9954,14.6789
raw_single_channel_phase_gat_team_mean_seed11,938,1,0,-0.3198,0,False,1,37.8515,29.2305
raw_single_channel_phase_gat_team_mean_seed11,5020,0,1,0.1832,0,True,0,21.5348,16.7081
raw_single_channel_phase_gat_team_mean_seed11,2061,0,1,0.3397,1,False,0,44.5148,18.4017
raw_single_channel_phase_gat_team_mean_seed11,6048,2,1,-0.0609,1,False,2,8.4214,10.5477
raw_single_channel_phase_gat_team_mean_seed11,827,1,0,-0.3311,0,False,1,32.4551,29.0796
raw_single_channel_phase_gat_team_mean_seed11,4974,0,1,0.149,1,False,0,21.2453,16.6326
raw_single_channel_phase_gat_team_mean_seed11,809,1,0,-0.2651,0,False,1,31.8272,22.0804
raw_single_channel_phase_gat_team_mean_seed11,5030,0,1,0.069,0,True,0,11.8953,8.2435
raw_single_channel_phase_gat_team_mean_seed11,3141,2,1,-0.3879,1,False,2,41.1464,27.316
raw_single_channel_phase_gat_team_mean_seed11,6063,1,2,0.305,1,True,1,33.5192,27.3274
raw_single_channel_phase_gat_team_mean_seed11,4527,2,1,-0.0329,1,False,1,5.5962,5.1985
raw_single_channel_phase_gat_team_mean_seed11,1945,1,0,-0.1925,0,False,1,26.2835,23.6876
raw_single_channel_phase_gat_team_mean_seed11,2330,2,1,-0.3436,1,False,2,44.9579,28.1263
raw_single_channel_phase_gat_team_mean_seed11,3690,0,1,0.2487,1,False,0,29.5139,16.1874
raw_single_channel_phase_gat_team_mean_seed11,1372,1,0,-0.1561,0,False,1,25.5746,19.2107
raw_single_channel_phase_gat_team_mean_seed11,3217,1,0,-0.2858,0,False,1,38.6918,26.8912
raw_single_channel_phase_gat_team_mean_seed11,5072,2,1,-0.2514,1,False,2,33.7395,25.5046
raw_single_channel_phase_gat_team_mean_seed11,2927,1,0,-0.2013,0,False,1,28.5309,25.2201
raw_single_channel_phase_gat_team_mean_seed11,3297,1,2,0.0863,1,True,1,12.1636,12.5799
raw_single_channel_phase_gat_team_mean_seed11,530,1,0,-0.3481,0,False,1,43.1629,32.2488
raw_single_channel_phase_gat_team_mean_seed11,4030,0,1,0.0472,1,False,0,7.4351,8.0604
raw_single_channel_phase_gat_team_mean_seed11,5792,1,2,0.3188,1,True,1,29.7355,25.5645
raw_single_channel_phase_gat_team_mean_seed11,1207,1,2,0.3197,1,True,1,30.2194,27.7538
raw_single_channel_phase_gat_team_mean_seed11,3573,1,0,-0.279,1,True,1,33.1015,22.0175
raw_single_channel_phase_gat_team_mean_seed11,2124,1,0,-0.3193,0,False,1,39.4052,20.0095
raw_single_channel_phase_gat_team_mean_seed11,1783,1,0,-0.0405,0,False,1,8.1171,8.0495
raw_single_channel_phase_gat_team_mean_seed11,4040,0,1,0.0871,1,False,0,14.1426,10.0068
raw_single_channel_phase_gat_team_mean_seed11,2901,1,0,-0.2891,0,False,1,33.5641,26.0705
raw_single_channel_phase_gat_team_mean_seed11,5272,1,0,-0.0344,0,False,0,6.1589,6.7174
raw_single_channel_phase_gat_team_mean_seed11,2444,2,1,-0.041,1,False,1,5.3479,5.1455
raw_single_channel_phase_gat_team_mean_seed11,2819,0,1,0.2496,1,False,0,41.0809,22.48
raw_single_channel_phase_gat_team_mean_seed11,1251,1,2,0.1639,1,True,1,15.4686,16.7495
raw_single_channel_phase_gat_team_mean_seed11,1091,2,1,-0.2193,1,False,2,27.9785,18.587
raw_single_channel_phase_gat_team_mean_seed11,2826,0,1,0.259,1,False,0,44.1549,22.4799
raw_single_channel_phase_gat_team_mean_seed11,4796,2,1,-0.2689,1,False,2,36.3373,23.4884
raw_single_channel_phase_gat_team_mean_seed11,2553,1,2,0.2498,2,False,1,31.6905,21.02
raw_single_channel_phase_gat_team_mean_seed11,1947,1,0,-0.1125,0,False,1,16.6711,13.6096
raw_single_channel_phase_gat_team_mean_seed11,4747,1,0,-0.2738,1,True,1,32.0349,26.8542
raw_single_channel_phase_gat_team_mean_seed11,2011,1,0,-0.2191,0,False,1,27.5177,15.0286
raw_single_channel_phase_gat_team_mean_seed11,3062,1,2,0.2413,2,False,1,31.4906,17.7561
raw_single_channel_phase_gat_team_mean_seed11,2067,0,1,0.1598,1,False,0,32.8153,12.7649
raw_single_channel_phase_gat_team_mean_seed11,4163,1,0,-0.0796,0,False,1,14.135,11.995
raw_single_channel_phase_gat_team_mean_seed11,5523,1,0,-0.1557,0,False,1,16.5141,16.7
raw_single_channel_phase_gat_team_mean_seed11,3561,1,0,-0.1911,1,True,1,23.4941,22.6879
raw_single_channel_phase_gat_team_mean_seed11,3164,2,1,-0.2948,1,False,2,43.2451,25.4559
raw_single_channel_phase_gat_team_mean_seed11,1256,1,2,0.1158,1,True,1,14.5435,14.3605
raw_single_channel_phase_gat_team_mean_seed11,4776,1,2,0.1042,2,False,1,15.2027,15.6103
raw_single_channel_phase_gat_team_mean_seed11,5502,1,0,-0.0854,0,False,0,8.8386,9.6696
raw_single_channel_phase_gat_team_mean_seed11,4147,1,0,-0.255,0,False,1,33.2905,21.8781
raw_single_channel_phase_gat_team_mean_seed11,1711,2,1,-0.3095,1,False,2,45.9513,29.8951
raw_single_channel_phase_gat_team_mean_seed11,4835,1,0,-0.2457,0,False,1,33.2268,29.5436
raw_single_channel_phase_gat_team_mean_seed11,955,1,2,0.1142,2,False,1,17.7257,10.7406
raw_single_channel_phase_gat_team_mean_seed11,4654,1,0,-0.2112,0,False,1,32.5234,20.7891
raw_single_channel_phase_gat_team_mean_seed11,857,1,0,-0.2806,0,False,1,32.6617,24.8706
raw_single_channel_phase_gat_team_mean_seed11,1102,2,1,-0.1216,1,False,2,19.573,11.4652
raw_single_channel_phase_gat_team_mean_seed11,1755,1,2,0.1758,1,True,1,19.691,12.3146
raw_single_channel_phase_gat_team_mean_seed11,1306,1,2,0.1323,2,False,1,17.4633,12.9634
raw_single_channel_phase_gat_team_mean_seed11,1490,2,1,-0.1954,1,False,2,30.7299,17.4353
raw_single_channel_phase_gat_team_mean_seed11,2793,0,1,0.2279,1,False,0,39.0542,21.9369
raw_single_channel_phase_gat_team_mean_seed11,2414,1,2,0.1196,1,True,1,20.7432,19.9358
raw_single_channel_phase_gat_team_mean_seed11,5982,0,1,0.1439,1,False,0,20.0045,15.6099
raw_single_channel_phase_gat_team_mean_seed11,5053,2,1,-0.1002,1,False,2,13.225,11.0522
raw_single_channel_phase_gat_team_mean_seed11,425,1,2,0.1858,1,True,1,27.3635,22.7477
raw_single_channel_phase_gat_team_mean_seed11,1828,1,2,0.338,1,True,1,35.5249,35.2638
raw_single_channel_phase_gat_team_mean_seed11,2161,1,2,0.1527,1,True,1,17.8829,13.8248
raw_single_channel_phase_gat_team_mean_seed11,5717,0,1,0.3989,1,False,0,52.0361,18.5797
raw_single_channel_phase_gat_team_mean_seed11,4620,0,1,0.0875,1,False,0,11.5339,10.9428
raw_single_channel_phase_gat_team_mean_seed11,4418,0,1,0.0433,1,False,0,7.7827,6.8325
raw_single_channel_phase_gat_team_mean_seed11,2078,1,2,0.3551,1,True,1,50.8429,
raw_single_channel_phase_gat_team_mean_seed11,5155,1,2,0.0638,1,True,1,11.8895,9.8725
raw_single_channel_phase_gat_team_mean_seed11,5525,1,0,-0.1724,0,False,1,19.6642,18.121
raw_single_channel_phase_gat_team_mean_seed11,4377,1,0,-0.1044,0,False,1,15.4956,15.9123
raw_single_channel_phase_gat_team_mean_seed11,1629,0,1,0.2229,1,False,0,35.5801,18.1186
raw_single_channel_phase_gat_team_mean_seed11,1685,1,2,0.0457,1,True,1,9.3122,6.5614
raw_single_channel_phase_gat_team_mean_seed11,2509,1,2,0.275,1,True,1,31.4764,33.8185
raw_single_channel_phase_gat_team_mean_seed11,1741,1,0,-0.1091,0,False,1,18.3302,13.8848
raw_single_channel_phase_gat_team_mean_seed11,3259,2,1,-0.3281,1,False,2,33.119,24.2196
raw_single_channel_phase_gat_team_mean_seed11,2875,1,0,-0.3309,0,False,1,28.2361,30.6361
raw_single_channel_phase_gat_team_mean_seed11,682,1,2,0.3306,1,True,1,28.0627,28.9444
raw_single_channel_phase_gat_team_mean_seed11,1900,1,2,0.183,1,True,1,24.3623,18.809
raw_single_channel_phase_gat_team_mean_seed11,3712,0,1,0.3232,1,False,0,40.6218,25.8201
raw_single_channel_phase_gat_team_mean_seed23,5954,1,0,-0.1909,1,True,1,23.4003,25.2572
raw_single_channel_phase_gat_team_mean_seed23,3150,2,1,-0.3984,1,False,2,52.1931,46.9685
raw_single_channel_phase_gat_team_mean_seed23,786,1,2,0.0477,1,True,1,8.6098,6.7391
raw_single_channel_phase_gat_team_mean_seed23,2975,1,0,-0.29,1,True,1,29.1986,30.2935
raw_single_channel_phase_gat_team_mean_seed23,5994,1,0,-0.073,0,False,1,14.5924,10.3096
raw_single_channel_phase_gat_team_mean_seed23,4711,0,1,0.0434,1,False,1,6.8827,6.3027
raw_single_channel_phase_gat_team_mean_seed23,1096,2,1,-0.1609,1,False,2,26.0618,20.7688
raw_single_channel_phase_gat_team_mean_seed23,2529,1,0,-0.2046,0,False,1,19.9014,20.2281
raw_single_channel_phase_gat_team_mean_seed23,6032,1,2,0.2609,1,True,1,31.7099,30.3922
raw_single_channel_phase_gat_team_mean_seed23,5001,0,1,0.1407,1,False,0,28.4903,18.3331
raw_single_channel_phase_gat_team_mean_seed23,4245,1,2,0.1397,2,False,1,19.5741,17.9513
raw_single_channel_phase_gat_team_mean_seed23,4107,0,1,0.221,1,False,1,23.4277,21.3919
raw_single_channel_phase_gat_team_mean_seed23,3049,1,0,-0.2807,0,False,1,25.5734,20.3498
raw_single_channel_phase_gat_team_mean_seed23,2145,1,0,-0.3354,1,True,1,33.9894,37.7106
raw_single_channel_phase_gat_team_mean_seed23,1509,1,2,0.0537,2,False,1,8.6117,6.5549
raw_single_channel_phase_gat_team_mean_seed23,873,1,2,0.3589,1,True,1,34.9882,
raw_single_channel_phase_gat_team_mean_seed23,5067,2,1,-0.2383,1,False,2,30.4169,28.5779
raw_single_channel_phase_gat_team_mean_seed23,639,1,2,0.3525,1,True,1,27.5096,
raw_single_channel_phase_gat_team_mean_seed23,2500,1,0,-0.2491,1,True,1,29.6748,33.8769
raw_single_channel_phase_gat_team_mean_seed23,3992,2,1,-0.0977,1,False,2,15.1158,14.847
raw_single_channel_phase_gat_team_mean_seed23,5187,0,1,0.0683,1,False,0,10.6198,9.9744
raw_single_channel_phase_gat_team_mean_seed23,4305,0,1,0.1869,1,False,0,27.9061,19.9401
raw_single_channel_phase_gat_team_mean_seed23,5450,0,1,0.178,1,False,0,25.3001,16.2754
raw_single_channel_phase_gat_team_mean_seed23,921,0,1,0.0488,1,False,0,8.8103,5.253
raw_single_channel_phase_gat_team_mean_seed23,1215,1,0,-0.3472,0,False,1,38.7394,25.0443
raw_single_channel_phase_gat_team_mean_seed23,1660,1,0,-0.3609,1,True,1,35.1223,
raw_single_channel_phase_gat_team_mean_seed23,3652,1,2,0.3106,2,False,1,37.2226,37.4618
raw_single_channel_phase_gat_team_mean_seed23,1968,1,2,0.2294,2,False,1,36.861,29.0834
raw_single_channel_phase_gat_team_mean_seed23,4342,1,0,-0.257,1,True,1,37.1439,38.8862
raw_single_channel_phase_gat_team_mean_seed23,4873,1,0,-0.1398,1,True,1,22.8218,24.9575
raw_single_channel_phase_gat_team_mean_seed23,1339,1,0,-0.0549,0,False,1,12.2331,10.8866
raw_single_channel_phase_gat_team_mean_seed23,2768,1,0,-0.2254,1,True,1,27.429,21.3164
raw_single_channel_phase_gat_team_mean_seed23,5708,0,1,0.3621,1,False,0,52.4715,40.6715
raw_single_channel_phase_gat_team_mean_seed23,813,1,0,-0.3146,0,False,1,32.6689,34.4723
raw_single_channel_phase_gat_team_mean_seed23,5648,1,2,0.2059,1,True,1,28.835,22.7855
raw_single_channel_phase_gat_team_mean_seed23,1387,1,0,-0.3601,1,True,1,41.2642,
raw_single_channel_phase_gat_team_mean_seed23,3280,1,2,0.212,2,False,1,26.294,18.242
raw_single_channel_phase_gat_team_mean_seed23,3949,2,1,-0.3753,2,True,2,50.6163,38.2476
raw_single_channel_phase_gat_team_mean_seed23,1444,1,0,-0.1213,0,False,1,18.118,11.1264
raw_single_channel_phase_gat_team_mean_seed23,3780,2,1,-0.2118,1,False,2,34.0628,26.5925
raw_single_channel_phase_gat_team_mean_seed23,2154,1,2,0.2268,1,True,1,29.0654,21.3901
raw_single_channel_phase_gat_team_mean_seed23,1853,1,0,-0.2857,1,True,1,37.927,34.5951
raw_single_channel_phase_gat_team_mean_seed23,1196,1,2,0.2661,1,True,1,29.873,28.9131
raw_single_channel_phase_gat_team_mean_seed23,2823,0,1,0.262,1,False,0,41.548,28.7666
raw_single_channel_phase_gat_team_mean_seed23,5368,1,0,-0.1574,1,True,1,21.0734,23.7289
raw_single_channel_phase_gat_team_mean_seed23,3884,1,0,-0.1202,1,True,1,14.3822,9.6353
raw_single_channel_phase_gat_team_mean_seed23,886,1,2,0.3424,1,True,1,34.3605,34.1868
raw_single_channel_phase_gat_team_mean_seed23,5099,2,1,-0.0354,1,False,1,8.0217,6.4689
raw_single_channel_phase_gat_team_mean_seed23,4912,0,1,0.1974,1,False,0,27.8287,19.0554
raw_single_channel_phase_gat_team_mean_seed23,5530,1,0,-0.2166,1,True,1,23.1924,25.3644
raw_single_channel_phase_gat_team_mean_seed23,4407,1,0,-0.1206,0,False,1,22.5598,27.5283
raw_single_channel_phase_gat_team_mean_seed23,654,1,0,-0.0905,0,False,1,14.0144,12.5429
raw_single_channel_phase_gat_team_mean_seed23,2707,1,2,0.2379,1,True,1,28.5434,26.6538
raw_single_channel_phase_gat_team_mean_seed23,680,1,0,-0.3006,1,True,1,26.7347,30.6907
raw_single_channel_phase_gat_team_mean_seed23,3656,1,0,-0.2965,1,True,1,32.3842,34.0601
raw_single_channel_phase_gat_team_mean_seed23,3037,1,2,0.3288,1,True,1,34.9337,32.0333
raw_single_channel_phase_gat_team_mean_seed23,5597,2,1,-0.0688,1,False,2,9.041,10.8179
raw_single_channel_phase_gat_team_mean_seed23,4627,0,1,0.0714,1,False,0,11.5553,10.9811
raw_single_channel_phase_gat_team_mean_seed23,3965,2,1,-0.399,2,True,2,62.8353,40.5245
raw_single_channel_phase_gat_team_mean_seed23,6126,0,1,0.1115,1,False,0,19.9335,16.9607
raw_single_channel_phase_gat_team_mean_seed23,5244,0,1,0.3836,1,False,0,51.0323,40.1608
raw_single_channel_phase_gat_team_mean_seed23,5025,0,1,0.1149,1,False,0,19.8239,12.4535
raw_single_channel_phase_gat_team_mean_seed23,1518,1,2,0.219,1,True,1,27.4607,20.9895
raw_single_channel_phase_gat_team_mean_seed23,4625,0,1,0.0839,1,False,0,12.921,13.3822
raw_single_channel_phase_gat_team_mean_seed23,4554,1,0,-0.2509,1,True,1,32.3266,27.3526
raw_single_channel_phase_gat_team_mean_seed23,5806,1,0,-0.2729,1,True,1,31.7362,34.4907
raw_single_channel_phase_gat_team_mean_seed23,1216,1,0,-0.35,1,True,1,37.069,
raw_single_channel_phase_gat_team_mean_seed23,2579,2,1,-0.0918,1,False,2,15.2625,13.3264
raw_single_channel_phase_gat_team_mean_seed23,4771,1,2,0.3149,2,False,1,30.145,21.0282
raw_single_channel_phase_gat_team_mean_seed23,1357,0,1,0.1658,1,False,0,27.8716,16.021
raw_single_channel_phase_gat_team_mean_seed23,5991,1,0,-0.1408,1,True,1,26.16,23.8007
raw_single_channel_phase_gat_team_mean_seed23,812,1,0,-0.3217,1,True,1,31.6546,36.4588
raw_single_channel_phase_gat_team_mean_seed23,1988,1,2,0.299,1,True,1,35.5503,37.1776
raw_single_channel_phase_gat_team_mean_seed23,1679,1,0,-0.3392,1,True,1,32.8176,36.0129
raw_single_channel_phase_gat_team_mean_seed23,1903,1,2,0.2161,1,True,1,26.7185,21.7642
raw_single_channel_phase_gat_team_mean_seed23,4788,2,1,-0.1954,1,False,2,27.1801,27.3801
raw_single_channel_phase_gat_team_mean_seed23,5295,0,1,0.2655,1,False,0,35.9271,27.0588
raw_single_channel_phase_gat_team_mean_seed23,4802,2,1,-0.275,1,False,2,37.2589,32.2165
raw_single_channel_phase_gat_team_mean_seed23,6067,1,2,0.2994,2,False,1,32.5547,27.276
raw_single_channel_phase_gat_team_mean_seed23,5183,1,0,-0.0842,0,False,1,9.4869,13.4054
raw_single_channel_phase_gat_team_mean_seed23,1073,2,1,-0.0352,1,False,1,6.2973,5.3147
raw_single_channel_phase_gat_team_mean_seed23,468,2,1,-0.1146,1,False,2,17.6257,16.1307
raw_single_channel_phase_gat_team_mean_seed23,5075,2,1,-0.2531,1,False,2,34.3621,28.023
raw_single_channel_phase_gat_team_mean_seed23,6036,1,2,0.2021,2,False,1,21.3912,12.4558
raw_single_channel_phase_gat_team_mean_seed23,1913,1,2,0.3137,1,True,1,35.2926,35.4578
raw_single_channel_phase_gat_team_mean_seed23,2839,0,1,0.197,1,False,0,22.3695,21.1171
raw_single_channel_phase_gat_team_mean_seed23,3610,0,1,0.3908,1,False,0,45.1943,39.9585
raw_single_channel_phase_gat_team_mean_seed23,2445,1,2,0.0358,1,True,1,4.5694,4.4222
raw_single_channel_phase_gat_team_mean_seed23,3132,2,1,-0.3785,1,False,2,47.5002,45.2891
raw_single_channel_phase_gat_team_mean_seed23,4514,1,2,0.1578,2,False,1,22.6903,18.1573
raw_single_channel_phase_gat_team_mean_seed23,5538,1,0,-0.2175,1,True,1,19.8265,20.2725
raw_single_channel_phase_gat_team_mean_seed23,2366,2,1,-0.3598,2,True,2,52.6337,49.4212
raw_single_channel_phase_gat_team_mean_seed23,3639,1,2,0.1663,2,False,1,26.2262,20.9784
raw_single_channel_phase_gat_team_mean_seed23,2113,1,0,-0.1616,0,False,1,20.316,15.7534
raw_single_channel_phase_gat_team_mean_seed23,4667,1,0,-0.1434,0,False,1,19.5821,14.9465
raw_single_channel_phase_gat_team_mean_seed23,5409,1,2,0.2008,1,True,1,25.1141,16.1697
raw_single_channel_phase_gat_team_mean_seed23,4264,1,0,-0.2305,1,True,1,39.6472,30.8988
raw_single_channel_phase_gat_team_mean_seed23,493,1,2,0.1677,1,True,1,19.3714,18.9482
raw_single_channel_phase_gat_team_mean_seed23,5094,1,2,0.1114,2,False,1,16.5805,14.1223
raw_single_channel_phase_gat_team_mean_seed23,6003,0,1,0.1899,1,False,0,27.2815,17.0912
raw_single_channel_phase_gat_team_mean_seed23,2716,1,2,0.2981,1,True,1,32.8867,41.3385
raw_single_channel_phase_gat_team_mean_seed23,3899,1,2,0.1012,1,True,1,13.7528,10.1526
raw_single_channel_phase_gat_team_mean_seed23,1819,1,0,-0.2702,1,True,1,27.7933,27.7905
raw_single_channel_phase_gat_team_mean_seed23,2447,1,2,0.0672,1,True,1,7.8906,7.2602
raw_single_channel_phase_gat_team_mean_seed23,2662,0,1,0.0742,1,False,0,10.1092,10.8533
raw_single_channel_phase_gat_team_mean_seed23,4934,0,1,0.0362,1,False,1,8.7265,8.0422
raw_single_channel_phase_gat_team_mean_seed23,3944,2,1,-0.2797,2,True,2,42.8317,29.8493
raw_single_channel_phase_gat_team_mean_seed23,5832,0,1,0.3886,1,False,0,41.8773,37.9742
raw_single_channel_phase_gat_team_mean_seed23,5436,1,0,-0.2269,1,True,1,31.4188,21.137
raw_single_channel_phase_gat_team_mean_seed23,539,1,0,-0.1579,0,False,1,21.4179,15.8357
raw_single_channel_phase_gat_team_mean_seed23,2570,2,1,-0.2165,1,False,2,29.2083,29.5122
raw_single_channel_phase_gat_team_mean_seed23,2455,1,2,0.2379,1,True,1,28.6256,21.7886
raw_single_channel_phase_gat_team_mean_seed23,6118,0,1,0.074,1,False,0,12.3081,14.0008
raw_single_channel_phase_gat_team_mean_seed23,2539,1,0,-0.2092,0,False,1,24.1978,18.9066
raw_single_channel_phase_gat_team_mean_seed23,3852,1,2,0.1724,2,False,1,27.757,28.5363
raw_single_channel_phase_gat_team_mean_seed23,1044,1,0,-0.1568,1,True,1,20.1449,16.1027
raw_single_channel_phase_gat_team_mean_seed23,2155,1,2,0.208,1,True,1,25.9461,19.4813
raw_single_channel_phase_gat_team_mean_seed23,4293,0,1,0.0395,1,False,1,7.2873,7.0924
raw_single_channel_phase_gat_team_mean_seed23,4530,1,2,0.0475,2,False,1,8.228,8.5204
raw_single_channel_phase_gat_team_mean_seed23,2094,1,2,0.2108,2,False,1,19.1208,25.801
raw_single_channel_phase_gat_team_mean_seed23,6052,1,2,0.0397,1,True,1,7.4547,5.9719
raw_single_channel_phase_gat_team_mean_seed23,4037,0,1,0.0454,1,False,0,10.0672,8.9728
raw_single_channel_phase_gat_team_mean_seed23,4896,1,0,-0.0646,0,False,1,12.3518,9.9445
raw_single_channel_phase_gat_team_mean_seed23,4063,1,0,-0.1686,1,True,1,16.4408,19.9342
raw_single_channel_phase_gat_team_mean_seed23,4949,0,1,0.1733,1,False,0,28.1178,20.0531
raw_single_channel_phase_gat_team_mean_seed23,4422,1,0,-0.2061,1,True,1,23.2703,29.8524
raw_single_channel_phase_gat_team_mean_seed23,4060,1,0,-0.0319,0,False,0,5.6026,5.1993
raw_single_channel_phase_gat_team_mean_seed23,5514,1,0,-0.0846,1,True,1,7.3669,6.2755
raw_single_channel_phase_gat_team_mean_seed23,5456,0,1,0.0806,1,False,0,14.0025,10.5472
raw_single_channel_phase_gat_team_mean_seed23,3472,2,1,-0.1526,1,False,2,28.4311,24.0211
raw_single_channel_phase_gat_team_mean_seed23,5307,1,2,0.092,2,False,1,10.7775,5.9569
raw_single_channel_phase_gat_team_mean_seed23,5061,2,1,-0.2161,1,False,2,29.0429,22.5664
raw_single_channel_phase_gat_team_mean_seed23,1229,1,0,-0.2193,0,False,1,29.36,27.3586
raw_single_channel_phase_gat_team_mean_seed23,6001,0,1,0.0979,1,False,0,16.5935,13.1686
raw_single_channel_phase_gat_team_mean_seed23,5364,1,0,-0.1874,1,True,1,22.8584,29.0978
raw_single_channel_phase_gat_team_mean_seed23,2535,1,0,-0.201,1,True,1,20.0568,22.8302
raw_single_channel_phase_gat_team_mean_seed23,1151,1,0,-0.3441,1,True,1,31.5825,35.5466
raw_single_channel_phase_gat_team_mean_seed23,3328,2,1,-0.1099,1,False,2,19.0752,14.1041
raw_single_channel_phase_gat_team_mean_seed23,1458,1,0,-0.2373,0,False,1,22.5542,21.7839
raw_single_channel_phase_gat_team_mean_seed23,3254,2,1,-0.268,1,False,2,32.0141,25.8317
raw_single_channel_phase_gat_team_mean_seed23,864,1,0,-0.3321,0,False,1,35.5184,29.0946
raw_single_channel_phase_gat_team_mean_seed23,1879,1,2,0.2117,2,False,1,29.9161,31.6927
raw_single_channel_phase_gat_team_mean_seed23,566,1,0,-0.3012,1,True,1,32.1782,23.0804
raw_single_channel_phase_gat_team_mean_seed23,4076,0,1,0.1994,0,True,0,26.0161,17.5709
raw_single_channel_phase_gat_team_mean_seed23,5092,1,2,0.1253,1,True,1,16.0247,14.3813
raw_single_channel_phase_gat_team_mean_seed23,5562,0,1,0.087,1,False,0,12.3898,12.7388
raw_single_channel_phase_gat_team_mean_seed23,5423,1,0,-0.0972,0,False,1,15.2592,10.3694
raw_single_channel_phase_gat_team_mean_seed23,5495,1,0,-0.0902,1,True,1,6.4004,7.9076
raw_single_channel_phase_gat_team_mean_seed23,4476,1,0,-0.0503,0,False,1,7.3825,7.9113
raw_single_channel_phase_gat_team_mean_seed23,3684,0,1,0.151,1,False,0,28.5882,18.431
raw_single_channel_phase_gat_team_mean_seed23,2106,1,2,0.233,1,True,1,30.1443,23.678
raw_single_channel_phase_gat_team_mean_seed23,5796,1,2,0.2484,1,True,1,24.9659,17.0582
raw_single_channel_phase_gat_team_mean_seed23,1070,1,2,0.2296,1,True,1,19.4072,22.1322
raw_single_channel_phase_gat_team_mean_seed23,4410,0,1,0.0717,1,False,0,13.52,12.1679
raw_single_channel_phase_gat_team_mean_seed23,4664,1,0,-0.1441,0,False,1,17.5341,16.172
raw_single_channel_phase_gat_team_mean_seed23,3264,2,1,-0.29,1,False,2,41.1837,30.9553
raw_single_channel_phase_gat_team_mean_seed23,3023,1,2,0.1165,1,True,1,13.8512,15.717
raw_single_channel_phase_gat_team_mean_seed23,5165,1,0,-0.2976,1,True,1,41.2891,40.0664
raw_single_channel_phase_gat_team_mean_seed23,5340,1,2,0.3122,1,True,1,38.8748,32.1686
raw_single_channel_phase_gat_team_mean_seed23,1687,2,1,-0.0781,1,False,1,13.0414,12.1574
raw_single_channel_phase_gat_team_mean_seed23,3786,2,1,-0.2665,1,False,2,41.2315,27.9008
raw_single_channel_phase_gat_team_mean_seed23,4691,1,2,0.2021,2,False,1,25.9323,21.3839
raw_single_channel_phase_gat_team_mean_seed23,1380,1,0,-0.353,1,True,1,44.4313,
raw_single_channel_phase_gat_team_mean_seed23,949,1,2,0.3154,1,True,1,29.2223,29.0956
raw_single_channel_phase_gat_team_mean_seed23,5786,1,2,0.0867,1,True,1,10.4431,11.1967
raw_single_channel_phase_gat_team_mean_seed23,2639,1,0,-0.1477,0,False,1,19.5548,13.5551
raw_single_channel_phase_gat_team_mean_seed23,2761,1,2,0.168,2,False,1,21.7525,16.7749
raw_single_channel_phase_gat_team_mean_seed23,651,1,0,-0.3558,0,False,1,37.3464,
raw_single_channel_phase_gat_team_mean_seed23,3863,1,0,-0.1458,1,True,1,16.4917,14.3181
raw_single_channel_phase_gat_team_mean_seed23,1692,2,1,-0.1571,1,False,2,23.4582,21.2501
raw_single_channel_phase_gat_team_mean_seed23,5503,1,0,-0.0811,1,True,1,7.0473,8.2288
raw_single_channel_phase_gat_team_mean_seed23,1416,0,1,0.0769,1,False,0,10.5504,10.7649
raw_single_channel_phase_gat_team_mean_seed23,2524,1,2,0.2706,1,True,1,33.1149,32.5533
raw_single_channel_phase_gat_team_mean_seed23,5722,0,1,0.2451,1,False,0,35.4233,18.7528
raw_single_channel_phase_gat_team_mean_seed23,3964,2,1,-0.3957,2,True,2,63.5347,38.7402
raw_single_channel_phase_gat_team_mean_seed23,5285,1,0,-0.2494,1,True,1,36.4048,25.0558
raw_single_channel_phase_gat_team_mean_seed23,3864,1,0,-0.1242,1,True,1,16.3397,12.6019
raw_single_channel_phase_gat_team_mean_seed23,3018,2,1,-0.0586,1,False,2,10.9563,10.1604
raw_single_channel_phase_gat_team_mean_seed23,4812,2,1,-0.2639,1,False,2,50.2089,27.5844
raw_single_channel_phase_gat_team_mean_seed23,684,1,2,0.2496,1,True,1,26.5735,22.6467
raw_single_channel_phase_gat_team_mean_seed23,2221,1,2,0.3572,1,True,1,29.983,
raw_single_channel_phase_gat_team_mean_seed23,5541,1,0,-0.2036,1,True,1,17.6539,20.1722
raw_single_channel_phase_gat_team_mean_seed23,4846,1,0,-0.1714,1,True,1,24.9538,26.5666
raw_single_channel_phase_gat_team_mean_seed23,1785,1,0,-0.0565,0,False,1,10.0549,7.2439
raw_single_channel_phase_gat_team_mean_seed23,4498,1,0,-0.2693,1,True,1,23.982,34.9888
raw_single_channel_phase_gat_team_mean_seed23,1324,1,0,-0.1639,0,False,1,29.2712,25.7964
raw_single_channel_phase_gat_team_mean_seed23,3551,1,0,-0.1045,0,False,1,13.0377,15.4302
raw_single_channel_phase_gat_team_mean_seed23,1399,1,0,-0.1343,0,False,1,15.343,11.2645
raw_single_channel_phase_gat_team_mean_seed23,3364,2,1,-0.3908,2,True,2,47.1014,41.6793
raw_single_channel_phase_gat_team_mean_seed23,2359,2,1,-0.3629,2,True,2,52.045,47.5278
raw_single_channel_phase_gat_team_mean_seed23,4782,2,1,-0.1892,1,False,2,24.2875,24.4329
raw_single_channel_phase_gat_team_mean_seed23,5396,1,0,-0.2967,1,True,1,44.558,34.9987
raw_single_channel_phase_gat_team_mean_seed23,6050,2,1,-0.0498,1,False,1,9.3682,7.4499
raw_single_channel_phase_gat_team_mean_seed23,4220,2,1,-0.2168,1,False,2,31.2136,24.0238
raw_single_channel_phase_gat_team_mean_seed23,5891,1,2,0.2503,2,False,1,29.5679,17.3324
raw_single_channel_phase_gat_team_mean_seed23,6043,1,2,0.1817,1,True,1,19.2552,23.4482
raw_single_channel_phase_gat_team_mean_seed23,1166,1,2,0.0787,2,False,1,11.6657,10.6602
raw_single_channel_phase_gat_team_mean_seed23,6018,1,0,-0.1165,0,False,1,18.0823,18.2675
raw_single_channel_phase_gat_team_mean_seed23,5604,1,2,0.1814,2,False,1,26.5178,22.8067
raw_single_channel_phase_gat_team_mean_seed23,1203,1,2,0.2529,1,True,1,31.9494,31.3115
raw_single_channel_phase_gat_team_mean_seed23,4282,1,2,0.1578,2,False,1,21.3111,19.0225
raw_single_channel_phase_gat_team_mean_seed23,3937,2,1,-0.2004,2,True,2,35.4924,27.0305
raw_single_channel_phase_gat_team_mean_seed23,5941,1,0,-0.3332,1,True,1,29.3422,27.2274
raw_single_channel_phase_gat_team_mean_seed23,1265,2,1,-0.0334,1,False,1,6.8452,5.6168
raw_single_channel_phase_gat_team_mean_seed23,2147,1,2,0.3567,1,True,1,42.3018,
raw_single_channel_phase_gat_team_mean_seed23,3077,1,0,-0.206,0,False,1,23.0388,20.4358
raw_single_channel_phase_gat_team_mean_seed23,2732,1,0,-0.2219,0,False,1,23.8115,31.831
raw_single_channel_phase_gat_team_mean_seed23,2921,1,0,-0.2835,0,False,1,32.4319,25.3388
raw_single_channel_phase_gat_team_mean_seed23,5174,1,0,-0.1528,1,True,1,26.5946,28.9041
raw_single_channel_phase_gat_team_mean_seed23,1948,1,0,-0.051,0,False,1,9.4221,7.0686
raw_single_channel_phase_gat_team_mean_seed23,3746,1,2,0.3305,1,True,1,26.4679,24.5531
raw_single_channel_phase_gat_team_mean_seed23,2285,2,1,-0.3976,1,False,2,52.2171,46.422
raw_single_channel_phase_gat_team_mean_seed23,1483,2,1,-0.2232,1,False,2,30.6297,26.9311
raw_single_channel_phase_gat_team_mean_seed23,5159,1,2,0.2076,2,False,1,31.5125,25.0112
raw_single_channel_phase_gat_team_mean_seed23,845,1,0,-0.3359,0,False,1,31.9586,33.4219
raw_single_channel_phase_gat_team_mean_seed23,3649,1,2,0.2056,2,False,1,27.587,22.8472
raw_single_channel_phase_gat_team_mean_seed23,2313,1,2,0.0623,1,True,1,11.6576,10.6324
raw_single_channel_phase_gat_team_mean_seed23,2794,0,1,0.2275,1,False,0,41.239,22.624
raw_single_channel_phase_gat_team_mean_seed23,4211,2,1,-0.1824,1,False,2,27.7089,20.3904
raw_single_channel_phase_gat_team_mean_seed23,4233,1,2,0.0369,2,False,1,7.0845,6.2836
raw_single_channel_phase_gat_team_mean_seed23,2496,1,0,-0.1366,0,False,1,19.7266,24.7166
raw_single_channel_phase_gat_team_mean_seed23,4069,0,1,0.0426,1,False,1,6.5182,9.5957
raw_single_channel_phase_gat_team_mean_seed23,2859,1,0,-0.1213,0,False,1,16.2412,10.1118
raw_single_channel_phase_gat_team_mean_seed23,5985,0,1,0.0358,1,False,1,6.9199,7.5805
raw_single_channel_phase_gat_team_mean_seed23,1391,1,0,-0.3134,1,True,1,32.0722,32.1077
raw_single_channel_phase_gat_team_mean_seed23,560,1,2,0.3363,1,True,1,33.6342,41.1456
raw_single_channel_phase_gat_team_mean_seed23,4601,0,1,0.15,1,False,0,20.7798,15.1423
raw_single_channel_phase_gat_team_mean_seed23,2897,1,0,-0.3079,0,False,1,37.279,28.3746
raw_single_channel_phase_gat_team_mean_seed23,5846,0,1,0.1843,1,False,0,23.8945,18.4816
raw_single_channel_phase_gat_team_mean_seed23,4858,1,0,-0.2824,1,True,1,33.8049,34.8379
raw_single_channel_phase_gat_team_mean_seed23,5979,0,1,0.2814,1,False,0,44.1395,24.6275
raw_single_channel_phase_gat_team_mean_seed23,5992,1,0,-0.13,0,False,1,24.3429,22.946
raw_single_channel_phase_gat_team_mean_seed23,2780,0,1,0.1446,1,False,0,31.7698,20.5275
raw_single_channel_phase_gat_team_mean_seed23,1378,1,0,-0.3171,0,False,1,39.1452,29.8046
raw_single_channel_phase_gat_team_mean_seed23,4518,2,1,-0.1179,1,False,2,17.7021,16.9706
raw_single_channel_phase_gat_team_mean_seed23,862,1,0,-0.3311,0,False,1,33.0436,29.2764
raw_single_channel_phase_gat_team_mean_seed23,6089,0,1,0.2267,1,False,0,29.0333,21.6526
raw_single_channel_phase_gat_team_mean_seed23,2300,1,2,0.129,2,False,1,20.4674,16.2755
raw_single_channel_phase_gat_team_mean_seed23,2735,1,0,-0.1977,0,False,1,20.2624,25.1148
raw_single_channel_phase_gat_team_mean_seed23,4744,1,0,-0.2756,1,True,1,33.0459,24.371
raw_single_channel_phase_gat_team_mean_seed23,4614,0,1,0.0792,1,False,0,12.3081,11.8831
raw_single_channel_phase_gat_team_mean_seed23,495,1,2,0.1336,1,True,1,19.0439,17.5093
raw_single_channel_phase_gat_team_mean_seed23,3420,0,1,0.125,1,False,0,18.6503,13.1483
raw_single_channel_phase_gat_team_mean_seed23,5176,1,0,-0.148,1,True,1,26.417,25.5722
raw_single_channel_phase_gat_team_mean_seed23,3614,0,1,0.2605,1,False,0,32.3531,24.8283
raw_single_channel_phase_gat_team_mean_seed23,2172,1,2,0.2089,1,True,1,27.7382,31.4157
raw_single_channel_phase_gat_team_mean_seed23,586,1,0,-0.2718,0,False,1,29.8116,35.0295
raw_single_channel_phase_gat_team_mean_seed23,1477,2,1,-0.2758,1,False,2,38.2381,32.7904
raw_single_channel_phase_gat_team_mean_seed23,3208,1,2,0.165,1,True,1,24.2147,19.506
raw_single_channel_phase_gat_team_mean_seed23,1863,1,2,0.2922,1,True,1,34.9714,33.3694
raw_single_channel_phase_gat_team_mean_seed23,6097,0,1,0.3504,1,False,0,41.3842,40.4548
raw_single_channel_phase_gat_team_mean_seed23,1864,1,2,0.2827,1,True,1,33.2587,30.457
raw_single_channel_phase_gat_team_mean_seed23,1000,1,0,-0.1945,0,False,1,29.4721,27.9177
raw_single_channel_phase_gat_team_mean_seed23,3522,1,0,-0.2393,1,True,1,32.5177,21.1252
raw_single_channel_phase_gat_team_mean_seed23,3919,2,1,-0.1292,1,False,2,17.0073,21.7474
raw_single_channel_phase_gat_team_mean_seed23,5647,1,2,0.2114,2,False,1,30.8771,20.8729
raw_single_channel_phase_gat_team_mean_seed23,2995,1,0,-0.2087,0,False,1,28.8251,19.7273
raw_single_channel_phase_gat_team_mean_seed23,4774,1,2,0.2065,2,False,1,25.9765,23.8861
raw_single_channel_phase_gat_team_mean_seed23,4308,0,1,0.0491,1,False,0,9.3511,7.9214
raw_single_channel_phase_gat_team_mean_seed23,492,1,2,0.194,1,True,1,23.1695,21.5825
raw_single_channel_phase_gat_team_mean_seed23,4169,1,0,-0.161,1,True,1,20.1204,17.8298
raw_single_channel_phase_gat_team_mean_seed23,3671,1,0,-0.2097,1,True,1,25.5446,28.8328
raw_single_channel_phase_gat_team_mean_seed23,508,1,0,-0.2206,0,False,1,22.5814,19.0286
raw_single_channel_phase_gat_team_mean_seed23,1046,1,0,-0.2318,1,True,1,26.7792,20.9706
raw_single_channel_phase_gat_team_mean_seed23,2163,1,2,0.1448,2,False,1,19.1187,17.9839
raw_single_channel_phase_gat_team_mean_seed23,2799,0,1,0.2393,1,False,0,37.4611,28.1278
raw_single_channel_phase_gat_team_mean_seed23,5730,1,0,-0.0859,0,False,1,9.7912,10.71
raw_single_channel_phase_gat_team_mean_seed23,4143,1,2,0.2716,1,True,1,32.2411,30.7273
raw_single_channel_phase_gat_team_mean_seed23,2301,1,2,0.1495,2,False,1,23.3332,17.771
raw_single_channel_phase_gat_team_mean_seed23,879,1,0,-0.2859,0,False,1,33.1463,29.7886
raw_single_channel_phase_gat_team_mean_seed23,1601,0,1,0.0866,1,False,0,14.6587,12.3933
raw_single_channel_phase_gat_team_mean_seed23,2645,0,1,0.1267,1,False,0,16.2643,16.7567
raw_single_channel_phase_gat_team_mean_seed23,2888,1,0,-0.3441,1,True,1,39.9487,36.8992
raw_single_channel_phase_gat_team_mean_seed23,4130,1,0,-0.285,1,True,1,41.9545,33.8835
raw_single_channel_phase_gat_team_mean_seed23,2527,1,0,-0.3177,1,True,1,33.9986,27.7769
raw_single_channel_phase_gat_team_mean_seed23,2329,2,1,-0.3401,1,False,2,44.7541,45.7059
raw_single_channel_phase_gat_team_mean_seed23,770,1,0,-0.1968,0,False,1,22.5982,24.9127
raw_single_channel_phase_gat_team_mean_seed23,5947,1,0,-0.2156,1,True,1,20.8338,16.937
raw_single_channel_phase_gat_team_mean_seed23,1633,0,1,0.3664,1,False,0,43.1628,38.5601
raw_single_channel_phase_gat_team_mean_seed23,632,1,0,-0.1833,0,False,1,22.8979,23.8748
raw_single_channel_phase_gat_team_mean_seed23,2417,1,2,0.2141,2,False,1,31.6959,25.9811
raw_single_channel_phase_gat_team_mean_seed23,2908,1,0,-0.2718,0,False,1,31.6534,24.9052
raw_single_channel_phase_gat_team_mean_seed23,1733,1,0,-0.1088,0,False,1,16.3316,15.4184
raw_single_channel_phase_gat_team_mean_seed23,496,1,2,0.1344,1,True,1,19.5659,16.6705
raw_single_channel_phase_gat_team_mean_seed23,683,1,2,0.2882,1,True,1,29.8099,24.8985
raw_single_channel_phase_gat_team_mean_seed23,5839,0,1,0.3061,1,False,0,37.097,28.64
raw_single_channel_phase_gat_team_mean_seed23,2651,0,1,0.1609,1,False,0,20.3454,20.3729
raw_single_channel_phase_gat_team_mean_seed23,4227,2,1,-0.1187,1,False,2,21.9221,19.2439
raw_single_channel_phase_gat_team_mean_seed23,2827,0,1,0.2605,1,False,0,41.2334,31.4476
raw_single_channel_phase_gat_team_mean_seed23,6084,0,1,0.1443,1,False,0,18.7667,18.0782
raw_single_channel_phase_gat_team_mean_seed23,1169,1,2,0.0486,2,False,1,8.1692,6.2772
raw_single_channel_phase_gat_team_mean_seed23,2142,1,0,-0.3351,1,True,1,33.0598,38.0926
raw_single_channel_phase_gat_team_mean_seed23,5369,1,0,-0.1521,1,True,1,19.0523,22.074
raw_single_channel_phase_gat_team_mean_seed23,5911,1,2,0.1453,1,True,1,21.1076,12.964
raw_single_channel_phase_gat_team_mean_seed23,4817,2,1,-0.0846,1,False,2,15.2118,14.2523
raw_single_channel_phase_gat_team_mean_seed23,2421,2,1,-0.0325,1,False,1,6.7478,7.245
raw_single_channel_phase_gat_team_mean_seed23,3658,1,0,-0.2684,1,True,1,28.5252,31.2199
raw_single_channel_phase_gat_team_mean_seed23,2412,2,1,-0.0731,1,False,2,14.0877,16.1001
raw_single_channel_phase_gat_team_mean_seed23,5228,0,1,0.364,1,False,0,44.4387,36.6351
raw_single_channel_phase_gat_team_mean_seed23,1183,1,2,0.1361,1,True,1,18.5578,22.725
raw_single_channel_phase_gat_team_mean_seed23,3156,2,1,-0.3998,2,True,2,52.5237,52.3518
raw_single_channel_phase_gat_team_mean_seed23,4346,0,1,0.0756,1,False,1,10.7429,10.4588
raw_single_channel_phase_gat_team_mean_seed23,2626,1,2,0.1341,1,True,1,18.9009,19.7324
raw_single_channel_phase_gat_team_mean_seed23,430,1,2,0.1592,1,True,1,17.5578,16.1409
raw_single_channel_phase_gat_team_mean_seed23,3905,2,1,-0.0353,1,False,1,4.9032,4.4194
raw_single_channel_phase_gat_team_mean_seed23,3012,1,2,0.1359,2,False,1,28.5596,25.8853
raw_single_channel_phase_gat_team_mean_seed23,1481,2,1,-0.2315,1,False,2,31.9592,27.7933
raw_single_channel_phase_gat_team_mean_seed23,4784,2,1,-0.1767,1,False,2,23.8413,22.8936
raw_single_channel_phase_gat_team_mean_seed23,3646,1,2,0.2569,2,False,1,31.3532,25.0023
raw_single_channel_phase_gat_team_mean_seed23,4860,1,0,-0.1682,1,True,1,20.2327,19.5886
raw_single_channel_phase_gat_team_mean_seed23,5390,1,0,-0.0843,1,True,1,9.1382,11.8738
raw_single_channel_phase_gat_team_mean_seed23,760,0,1,0.2229,1,False,0,32.214,21.2645
raw_single_channel_phase_gat_team_mean_seed23,6037,1,2,0.2093,1,True,1,22.5382,13.4929
raw_single_channel_phase_gat_team_mean_seed23,2017,1,0,-0.218,0,False,1,23.5963,16.7928
raw_single_channel_phase_gat_team_mean_seed23,2571,2,1,-0.2005,1,False,2,27.7528,25.6957
raw_single_channel_phase_gat_team_mean_seed23,2736,1,0,-0.1894,0,False,1,19.8985,22.7205
raw_single_channel_phase_gat_team_mean_seed23,4429,1,2,0.048,1,True,1,8.2981,7.0147
raw_single_channel_phase_gat_team_mean_seed23,4156,1,0,-0.2266,1,True,1,26.7259,19.74
raw_single_channel_phase_gat_team_mean_seed23,3404,1,0,-0.2796,1,True,1,35.7222,35.7041
raw_single_channel_phase_gat_team_mean_seed23,2461,1,0,-0.3258,0,False,1,38.7012,31.6115
raw_single_channel_phase_gat_team_mean_seed23,2128,1,0,-0.3495,1,True,1,38.9602,
raw_single_channel_phase_gat_team_mean_seed23,623,1,2,0.1981,1,True,1,22.6197,20.3139
raw_single_channel_phase_gat_team_mean_seed23,1964,1,0,-0.2293,0,False,1,33.3535,32.3629
raw_single_channel_phase_gat_team_mean_seed23,4931,0,1,0.1338,1,False,0,28.9224,14.7608
raw_single_channel_phase_gat_team_mean_seed23,3955,2,1,-0.3725,2,True,2,60.4771,35.0575
raw_single_channel_phase_gat_team_mean_seed23,5761,1,0,-0.1523,1,True,1,18.2378,15.3453
raw_single_channel_phase_gat_team_mean_seed23,2522,1,2,0.2278,1,True,1,31.2263,35.3079
raw_single_channel_phase_gat_team_mean_seed23,3252,2,1,-0.2154,1,False,2,27.9857,23.2971
raw_single_channel_phase_gat_team_mean_seed23,5221,0,1,0.0952,1,False,0,11.8858,11.8642
raw_single_channel_phase_gat_team_mean_seed23,3004,1,2,0.2948,1,True,1,37.0183,35.1092
raw_single_channel_phase_gat_team_mean_seed23,4457,1,0,-0.2706,1,True,1,48.0939,39.0994
raw_single_channel_phase_gat_team_mean_seed23,588,1,0,-0.3157,1,True,1,34.1456,36.181
raw_single_channel_phase_gat_team_mean_seed23,6053,1,2,0.0539,1,True,1,9.3953,8.9816
raw_single_channel_phase_gat_team_mean_seed23,3149,2,1,-0.3801,1,False,2,49.4492,44.5112
raw_single_channel_phase_gat_team_mean_seed23,440,2,1,-0.2046,1,False,2,32.0826,22.5981
raw_single_channel_phase_gat_team_mean_seed23,3569,1,0,-0.195,1,True,1,20.0461,25.5129
raw_single_channel_phase_gat_team_mean_seed23,3660,1,0,-0.2634,1,True,1,26.4695,31.1562
raw_single_channel_phase_gat_team_mean_seed23,1478,2,1,-0.2598,1,False,2,37.5864,31.7233
raw_single_channel_phase_gat_team_mean_seed23,4189,1,2,0.2894,2,False,1,40.7022,27.9583
raw_single_channel_phase_gat_team_mean_seed23,1893,1,2,0.1307,1,True,1,16.9083,13.9166
raw_single_channel_phase_gat_team_mean_seed23,4621,0,1,0.0886,1,False,0,15.2303,10.7374
raw_single_channel_phase_gat_team_mean_seed23,3609,0,1,0.395,1,False,0,45.849,41.9919
raw_single_channel_phase_gat_team_mean_seed23,5013,0,1,0.0844,1,False,0,15.5851,14.8535
raw_single_channel_phase_gat_team_mean_seed23,3927,2,1,-0.1809,2,True,2,28.6899,21.4833
raw_single_channel_phase_gat_team_mean_seed23,609,1,2,0.2937,1,True,1,32.5332,31.119
raw_single_channel_phase_gat_team_mean_seed23,3557,1,0,-0.2381,1,True,1,25.8094,30.8324
raw_single_channel_phase_gat_team_mean_seed23,2031,0,1,0.275,1,False,0,37.4675,25.79
raw_single_channel_phase_gat_team_mean_seed23,759,0,1,0.1949,1,False,0,28.7617,20.5894
raw_single_channel_phase_gat_team_mean_seed23,5611,1,2,0.2994,2,False,1,40.3492,32.6163
raw_single_channel_phase_gat_team_mean_seed23,4273,2,1,-0.0831,1,False,2,12.2643,9.6823
raw_single_channel_phase_gat_team_mean_seed23,1670,1,0,-0.282,1,True,1,26.043,35.3766
raw_single_channel_phase_gat_team_mean_seed23,3271,2,1,-0.2938,1,False,2,37.1526,29.1403
raw_single_channel_phase_gat_team_mean_seed23,3476,2,1,-0.1655,1,False,2,29.0912,22.8414
raw_single_channel_phase_gat_team_mean_seed23,529,1,2,0.356,1,True,1,39.6091,
raw_single_channel_phase_gat_team_mean_seed23,3209,1,2,0.1832,1,True,1,24.8642,20.0299
raw_single_channel_phase_gat_team_mean_seed23,1530,2,1,-0.0332,1,False,1,4.525,5.237
raw_single_channel_phase_gat_team_mean_seed23,838,1,0,-0.2844,0,False,1,33.3738,25.5038
raw_single_channel_phase_gat_team_mean_seed23,1922,2,1,-0.0566,1,False,1,9.8724,8.4703
raw_single_channel_phase_gat_team_mean_seed23,4650,1,0,-0.1968,0,False,1,23.7298,24.5169
raw_single_channel_phase_gat_team_mean_seed23,1662,1,0,-0.3367,1,True,1,30.5158,36.8135
raw_single_channel_phase_gat_team_mean_seed23,2600,1,2,0.1754,2,False,1,38.6495,26.4175
raw_single_channel_phase_gat_team_mean_seed23,5913,1,2,0.2255,1,True,1,23.8917,19.5988
raw_single_channel_phase_gat_team_mean_seed23,5863,1,0,-0.0518,1,True,1,7.0281,9.6775
raw_single_channel_phase_gat_team_mean_seed23,4215,2,1,-0.2272,1,False,2,33.2413,25.1686
raw_single_channel_phase_gat_team_mean_seed23,4017,1,2,0.3499,1,True,1,41.139,
raw_single_channel_phase_gat_team_mean_seed23,2726,1,0,-0.2684,1,True,1,28.9088,29.5287
raw_single_channel_phase_gat_team_mean_seed23,3410,0,1,0.052,1,False,1,7.1308,6.8188
raw_single_channel_phase_gat_team_mean_seed23,3284,1,2,0.2287,2,False,1,28.1172,17.1536
raw_single_channel_phase_gat_team_mean_seed23,2592,1,2,0.1105,1,True,1,13.0667,16.871
raw_single_channel_phase_gat_team_mean_seed23,3330,2,1,-0.1228,1,False,2,21.8824,16.6457
raw_single_channel_phase_gat_team_mean_seed23,4122,1,0,-0.1806,1,True,1,26.6703,20.6568
raw_single_channel_phase_gat_team_mean_seed23,4602,0,1,0.1526,1,False,0,22.559,13.6854
raw_single_channel_phase_gat_team_mean_seed23,2331,2,1,-0.3481,1,False,2,46.9298,41.173
raw_single_channel_phase_gat_team_mean_seed23,1541,1,0,-0.1192,0,False,1,17.5675,14.3283
raw_single_channel_phase_gat_team_mean_seed23,2605,2,1,-0.1806,1,False,2,26.6973,24.6368
raw_single_channel_phase_gat_team_mean_seed23,4196,2,1,-0.0388,1,False,1,6.3703,7.0995
raw_single_channel_phase_gat_team_mean_seed23,4772,1,2,0.2723,2,False,1,29.2907,21.8619
raw_single_channel_phase_gat_team_mean_seed23,1213,1,0,-0.3318,0,False,1,34.6205,21.6232
raw_single_channel_phase_gat_team_mean_seed23,4979,0,1,0.1561,1,False,0,33.0237,17.3253
raw_single_channel_phase_gat_team_mean_seed23,1282,1,2,0.1782,1,True,1,22.5149,20.6535
raw_single_channel_phase_gat_team_mean_seed23,847,1,0,-0.357,0,False,1,37.2634,
raw_single_channel_phase_gat_team_mean_seed23,1646,1,2,0.2888,1,True,1,30.1233,29.7048
raw_single_channel_phase_gat_team_mean_seed23,2002,1,0,-0.1389,0,False,1,18.4155,11.0092
raw_single_channel_phase_gat_team_mean_seed23,2882,1,2,0.3486,1,True,1,36.3246,
raw_single_channel_phase_gat_team_mean_seed23,915,1,0,-0.3239,1,True,1,35.6134,29.6951
raw_single_channel_phase_gat_team_mean_seed23,5004,0,1,0.1341,1,False,0,27.4238,15.4802
raw_single_channel_phase_gat_team_mean_seed23,3739,0,1,0.3173,1,False,0,46.5364,27.7069
raw_single_channel_phase_gat_team_mean_seed23,2234,1,0,-0.3596,0,False,1,46.836,
raw_single_channel_phase_gat_team_mean_seed23,3175,1,2,0.1685,2,False,1,26.4113,19.21
raw_single_channel_phase_gat_team_mean_seed23,2197,1,0,-0.1338,0,False,1,17.6386,13.9696
raw_single_channel_phase_gat_team_mean_seed23,4161,1,0,-0.1216,0,False,1,19.4618,15.7539
raw_single_channel_phase_gat_team_mean_seed23,5069,2,1,-0.2431,1,False,2,31.8512,29.4337
raw_single_channel_phase_gat_team_mean_seed23,2742,1,0,-0.2172,0,False,1,23.2838,23.4
raw_single_channel_phase_gat_team_mean_seed23,871,1,0,-0.3376,0,False,1,40.1176,35.6423
raw_single_channel_phase_gat_team_mean_seed23,874,1,2,0.3461,1,True,1,33.3801,41.1022
raw_single_channel_phase_gat_team_mean_seed23,5251,0,1,0.3446,1,False,0,46.7045,31.8764
raw_single_channel_phase_gat_team_mean_seed23,2450,1,2,0.1232,1,True,1,13.5007,13.666
raw_single_channel_phase_gat_team_mean_seed23,3376,2,1,-0.2915,1,False,2,33.0439,28.0748
raw_single_channel_phase_gat_team_mean_seed23,4951,0,1,0.2081,1,False,0,30.6285,20.9738
raw_single_channel_phase_gat_team_mean_seed23,899,1,0,-0.0837,0,False,1,15.6718,10.2262
raw_single_channel_phase_gat_team_mean_seed23,3705,0,1,0.324,1,False,0,50.9974,32.6733
raw_single_channel_phase_gat_team_mean_seed23,5567,1,0,-0.0764,0,False,1,11.0598,9.2416
raw_single_channel_phase_gat_team_mean_seed23,4109,0,1,0.1697,1,False,1,15.2892,17.343
raw_single_channel_phase_gat_team_mean_seed23,1501,2,1,-0.1856,1,False,2,28.7806,22.6353
raw_single_channel_phase_gat_team_mean_seed23,1106,2,1,-0.0729,1,False,2,13.0495,9.6473
raw_single_channel_phase_gat_team_mean_seed23,532,1,0,-0.3104,1,True,1,34.3955,32.1908
raw_single_channel_phase_gat_team_mean_seed23,5625,1,2,0.1569,2,False,1,25.3079,22.4324
raw_single_channel_phase_gat_team_mean_seed23,3621,0,1,0.1092,1,False,0,15.99,11.5638
raw_single_channel_phase_gat_team_mean_seed23,4125,1,0,-0.2204,1,True,1,30.7555,29.8159
raw_single_channel_phase_gat_team_mean_seed23,4883,1,0,-0.0875,0,False,1,11.4055,15.0295
raw_single_channel_phase_gat_team_mean_seed23,1010,0,1,0.2654,1,False,0,38.0563,32.573
raw_single_channel_phase_gat_team_mean_seed23,3137,2,1,-0.3807,1,False,2,49.1584,42.3608
raw_single_channel_phase_gat_team_mean_seed23,1496,2,1,-0.1376,1,False,2,26.1966,17.2438
raw_single_channel_phase_gat_team_mean_seed23,2319,2,1,-0.2372,1,False,2,35.8814,30.258
raw_single_channel_phase_gat_team_mean_seed23,509,1,0,-0.2352,0,False,1,21.696,20.3912
raw_single_channel_phase_gat_team_mean_seed23,4409,1,0,-0.0434,0,False,1,10.2922,7.7069
raw_single_channel_phase_gat_team_mean_seed23,3897,1,2,0.2627,2,False,1,30.3944,25.1325
raw_single_channel_phase_gat_team_mean_seed23,2371,2,1,-0.3608,2,True,2,54.0692,50.1973
raw_single_channel_phase_gat_team_mean_seed23,2641,1,0,-0.0727,0,False,1,11.6879,8.7533
raw_single_channel_phase_gat_team_mean_seed23,1441,1,0,-0.1201,0,False,1,17.1826,10.8502
raw_single_channel_phase_gat_team_mean_seed23,4027,1,0,-0.0306,0,False,0,5.3324,6.4215
raw_single_channel_phase_gat_team_mean_seed23,1524,1,2,0.0382,1,True,1,6.3235,4.4585
raw_single_channel_phase_gat_team_mean_seed23,1113,1,2,0.171,1,True,1,26.0292,26.9994
raw_single_channel_phase_gat_team_mean_seed23,595,1,0,-0.2238,0,False,1,27.4302,25.6767
raw_single_channel_phase_gat_team_mean_seed23,2647,0,1,0.1811,1,False,0,20.6851,20.7033
raw_single_channel_phase_gat_team_mean_seed23,1969,1,2,0.1542,2,False,1,24.2418,24.059
raw_single_channel_phase_gat_team_mean_seed23,2027,0,1,0.0785,1,False,0,8.0179,11.4724
raw_single_channel_phase_gat_team_mean_seed23,3817,2,1,-0.2807,2,True,2,34.0144,29.9315
raw_single_channel_phase_gat_team_mean_seed23,4205,2,1,-0.1005,1,False,2,16.5657,15.6115
raw_single_channel_phase_gat_team_mean_seed23,948,1,2,0.3228,1,True,1,30.3084,29.7168
raw_single_channel_phase_gat_team_mean_seed23,2954,1,2,0.2953,2,False,1,39.6166,31.7378
raw_single_channel_phase_gat_team_mean_seed23,5903,1,2,0.1386,1,True,1,18.2414,9.1491
raw_single_channel_phase_gat_team_mean_seed23,6030,1,2,0.2992,2,False,1,35.3849,29.5168
raw_single_channel_phase_gat_team_mean_seed23,5553,1,0,-0.0585,0,False,1,7.5798,5.4786
raw_single_channel_phase_gat_team_mean_seed23,1677,1,0,-0.2972,1,True,1,29.8634,35.0613
raw_single_channel_phase_gat_team_mean_seed23,5812,1,0,-0.0437,0,False,1,14.9994,7.8427
raw_single_channel_phase_gat_team_mean_seed23,6057,1,2,0.0908,2,False,1,14.6236,9.3368
raw_single_channel_phase_gat_team_mean_seed23,1455,1,0,-0.1639,0,False,1,18.7259,12.8803
raw_single_channel_phase_gat_team_mean_seed23,2135,1,0,-0.3614,1,True,1,34.2271,
raw_single_channel_phase_gat_team_mean_seed23,3296,1,2,0.1455,2,False,1,23.3497,20.1166
raw_single_channel_phase_gat_team_mean_seed23,2555,1,2,0.189,1,True,1,16.4621,23.2354
raw_single_channel_phase_gat_team_mean_seed23,735,0,1,0.194,1,False,0,28.1092,21.8647
raw_single_channel_phase_gat_team_mean_seed23,4695,1,2,0.3326,1,True,1,33.8591,31.8272
raw_single_channel_phase_gat_team_mean_seed23,1661,1,0,-0.3485,1,True,1,30.7779,
raw_single_channel_phase_gat_team_mean_seed23,987,1,0,-0.2165,0,False,1,29.5135,27.4292
raw_single_channel_phase_gat_team_mean_seed23,4304,0,1,0.2002,1,False,0,26.6845,21.534
raw_single_channel_phase_gat_team_mean_seed23,2640,1,0,-0.105,0,False,1,15.4845,10.7131
raw_single_channel_phase_gat_team_mean_seed23,1337,1,0,-0.063,0,False,1,14.0419,13.3357
raw_single_channel_phase_gat_team_mean_seed23,6024,1,0,-0.2874,1,True,1,43.5751,32.0221
raw_single_channel_phase_gat_team_mean_seed23,1610,0,1,0.1385,1,False,0,22.5031,15.5647
raw_single_channel_phase_gat_team_mean_seed23,2770,1,0,-0.0703,0,False,1,11.8115,8.6814
raw_single_channel_phase_gat_team_mean_seed23,700,2,1,-0.0573,1,False,2,9.3918,9.8499
raw_single_channel_phase_gat_team_mean_seed23,1449,1,0,-0.1272,0,False,1,15.8867,13.4707
raw_single_channel_phase_gat_team_mean_seed23,5662,1,0,-0.0479,0,False,1,7.1979,5.4743
raw_single_channel_phase_gat_team_mean_seed23,3395,1,2,0.1162,1,True,1,16.7764,14.9471
raw_single_channel_phase_gat_team_mean_seed23,1409,1,0,-0.1284,0,False,1,20.5929,17.0133
raw_single_channel_phase_gat_team_mean_seed23,1100,2,1,-0.1337,1,False,2,23.0943,15.8956
raw_single_channel_phase_gat_team_mean_seed23,5757,1,0,-0.1408,1,True,1,18.2337,15.0771
raw_single_channel_phase_gat_team_mean_seed23,4144,1,2,0.3121,2,False,1,34.4006,34.6272
raw_single_channel_phase_gat_team_mean_seed23,2516,1,2,0.1861,1,True,1,27.4107,30.069
raw_single_channel_phase_gat_team_mean_seed23,726,0,1,0.2499,1,False,0,32.1198,23.6475
raw_single_channel_phase_gat_team_mean_seed23,2410,2,1,-0.2156,1,False,2,34.954,31.2634
raw_single_channel_phase_gat_team_mean_seed23,787,1,2,0.0352,1,True,1,6.9318,4.6779
raw_single_channel_phase_gat_team_mean_seed23,3900,1,2,0.036,1,True,1,5.0535,4.8432
raw_single_channel_phase_gat_team_mean_seed23,584,1,0,-0.235,0,False,1,28.4983,30.3455
raw_single_channel_phase_gat_team_mean_seed23,5732,1,0,-0.0703,0,False,1,9.8843,9.3354
raw_single_channel_phase_gat_team_mean_seed23,5666,1,0,-0.1407,0,False,1,19.1423,20.389
raw_single_channel_phase_gat_team_mean_seed23,3350,2,1,-0.2934,2,True,2,46.9588,25.7249
raw_single_channel_phase_gat_team_mean_seed23,2117,1,0,-0.1664,0,False,1,21.3375,12.6194
raw_single_channel_phase_gat_team_mean_seed23,4684,2,1,-0.1371,1,False,2,18.3589,18.2687
raw_single_channel_phase_gat_team_mean_seed23,2589,2,1,-0.0362,1,False,1,4.4632,5.5255
raw_single_channel_phase_gat_team_mean_seed23,793,2,1,-0.0335,1,False,1,5.8195,5.9654
raw_single_channel_phase_gat_team_mean_seed23,1640,1,0,-0.0901,1,True,1,12.4037,9.4073
raw_single_channel_phase_gat_team_mean_seed23,2361,2,1,-0.3623,2,True,2,53.1196,50.7846
raw_single_channel_phase_gat_team_mean_seed23,6124,0,1,0.1158,1,False,0,20.932,15.1327
raw_single_channel_phase_gat_team_mean_seed23,3437,1,0,-0.1057,1,True,1,16.5806,17.6391
raw_single_channel_phase_gat_team_mean_seed23,2724,1,0,-0.2969,1,True,1,32.1473,31.8462
raw_single_channel_phase_gat_team_mean_seed23,894,1,0,-0.1099,0,False,1,15.9582,11.2217
raw_single_channel_phase_gat_team_mean_seed23,2708,1,2,0.2108,1,True,1,30.8673,24.9509
raw_single_channel_phase_gat_team_mean_seed23,4159,1,0,-0.1565,0,False,1,22.3751,20.6504
raw_single_channel_phase_gat_team_mean_seed23,5454,0,1,0.1077,1,False,0,18.6119,13.1333
raw_single_channel_phase_gat_team_mean_seed23,5951,1,0,-0.2435,1,True,1,28.7804,31.4291
raw_single_channel_phase_gat_team_mean_seed23,4534,1,2,0.1506,2,False,1,22.3322,21.9141
raw_single_channel_phase_gat_team_mean_seed23,5749,1,0,-0.3128,1,True,1,40.3158,42.5755
raw_single_channel_phase_gat_team_mean_seed23,5365,1,0,-0.179,1,True,1,22.8642,27.2976
raw_single_channel_phase_gat_team_mean_seed23,5407,1,2,0.1518,1,True,1,21.24,15.8353
raw_single_channel_phase_gat_team_mean_seed23,5841,0,1,0.2599,1,False,0,32.9649,24.5015
raw_single_channel_phase_gat_team_mean_seed23,2622,1,2,0.1707,1,True,1,22.8651,22.87
raw_single_channel_phase_gat_team_mean_seed23,905,1,0,-0.0865,0,False,1,12.8684,10.1788
raw_single_channel_phase_gat_team_mean_seed23,3612,0,1,0.3333,1,False,0,38.8996,30.7894
raw_single_channel_phase_gat_team_mean_seed23,4800,2,1,-0.2774,1,False,2,36.3591,29.7493
raw_single_channel_phase_gat_team_mean_seed23,831,1,0,-0.2338,0,False,1,31.6326,21.9419
raw_single_channel_phase_gat_team_mean_seed23,1294,1,2,0.2186,1,True,1,26.2,18.746
raw_single_channel_phase_gat_team_mean_seed23,718,0,1,0.218,1,False,0,29.6795,23.9753
raw_single_channel_phase_gat_team_mean_seed23,4204,2,1,-0.1035,1,False,2,16.6205,16.3094
raw_single_channel_phase_gat_team_mean_seed23,5153,2,1,-0.0664,1,False,2,10.4456,10.4549
raw_single_channel_phase_gat_team_mean_seed23,3131,2,1,-0.3869,1,False,2,47.3254,46.3701
raw_single_channel_phase_gat_team_mean_seed23,4367,1,0,-0.0877,1,True,1,11.4303,13.284
raw_single_channel_phase_gat_team_mean_seed23,2201,1,0,-0.2099,0,False,1,26.171,29.1896
raw_single_channel_phase_gat_team_mean_seed23,4698,1,0,-0.3063,1,True,1,40.4743,29.7717
raw_single_channel_phase_gat_team_mean_seed23,2910,1,0,-0.2789,0,False,1,30.1826,27.6985
raw_single_channel_phase_gat_team_mean_seed23,1738,1,0,-0.1362,0,False,1,20.0613,16.6335
raw_single_channel_phase_gat_team_mean_seed23,4026,1,0,-0.0311,0,False,0,6.2574,6.2295
raw_single_channel_phase_gat_team_mean_seed23,3322,2,1,-0.0756,1,False,2,11.5975,10.9716
raw_single_channel_phase_gat_team_mean_seed23,3089,1,0,-0.1802,0,False,1,20.7384,18.9472
raw_single_channel_phase_gat_team_mean_seed23,4577,1,2,0.223,1,True,1,27.5234,15.9998
raw_single_channel_phase_gat_team_mean_seed23,5555,0,1,0.0411,1,False,1,4.5261,4.481
raw_single_channel_phase_gat_team_mean_seed23,6116,0,1,0.0882,1,False,0,15.6257,17.3135
raw_single_channel_phase_gat_team_mean_seed23,4533,1,2,0.1244,2,False,1,19.6709,20.5831
raw_single_channel_phase_gat_team_mean_seed23,3869,0,1,0.0383,1,False,1,6.7858,5.3218
raw_single_channel_phase_gat_team_mean_seed23,1246,1,0,-0.3169,1,True,1,31.4261,29.2677
raw_single_channel_phase_gat_team_mean_seed23,517,1,0,-0.3462,1,True,1,41.5994,39.2555
raw_single_channel_phase_gat_team_mean_seed23,1580,1,0,-0.0796,0,False,1,12.1781,9.1863
raw_single_channel_phase_gat_team_mean_seed23,935,1,0,-0.2524,0,False,1,36.5227,20.5598
raw_single_channel_phase_gat_team_mean_seed23,3560,1,0,-0.2073,1,True,1,24.6928,29.4425
raw_single_channel_phase_gat_team_mean_seed23,3005,1,2,0.2695,1,True,1,35.6537,30.3145
raw_single_channel_phase_gat_team_mean_seed23,4316,1,2,0.1617,2,False,1,19.5312,16.1646
raw_single_channel_phase_gat_team_mean_seed23,4323,2,1,-0.1028,1,False,2,17.2298,14.2436
raw_single_channel_phase_gat_team_mean_seed23,3653,1,2,0.3569,1,True,1,39.0727,
raw_single_channel_phase_gat_team_mean_seed23,5777,1,2,0.0364,2,False,1,6.0519,7.6818
raw_single_channel_phase_gat_team_mean_seed23,3434,0,1,0.1852,1,False,0,31.4431,17.3132
raw_single_channel_phase_gat_team_mean_seed23,1258,1,2,0.0876,2,False,1,16.5276,11.6159
raw_single_channel_phase_gat_team_mean_seed23,2373,2,1,-0.3702,2,True,2,53.9001,51.6641
raw_single_channel_phase_gat_team_mean_seed23,4473,1,0,-0.0819,0,False,1,9.4765,10.3729
raw_single_channel_phase_gat_team_mean_seed23,3956,2,1,-0.3746,2,True,2,59.7091,35.6854
raw_single_channel_phase_gat_team_mean_seed23,4694,1,2,0.301,2,False,1,31.6333,27.6665
raw_single_channel_phase_gat_team_mean_seed23,3847,2,1,-0.1186,1,False,2,20.8324,17.8021
raw_single_channel_phase_gat_team_mean_seed23,1460,1,0,-0.3387,1,True,1,33.521,29.9713
raw_single_channel_phase_gat_team_mean_seed23,5710,0,1,0.3627,1,False,0,52.2764,39.0118
raw_single_channel_phase_gat_team_mean_seed23,1994,1,2,0.3056,1,True,1,35.9269,37.3643
raw_single_channel_phase_gat_team_mean_seed23,849,1,0,-0.3581,0,False,1,39.7721,
raw_single_channel_phase_gat_team_mean_seed23,4031,0,1,0.0508,1,False,1,10.4556,9.2958
raw_single_channel_phase_gat_team_mean_seed23,2235,1,2,0.3498,1,True,1,33.9635,
raw_single_channel_phase_gat_team_mean_seed23,2483,1,0,-0.1326,0,False,1,17.2148,13.8718
raw_single_channel_phase_gat_team_mean_seed23,1705,2,1,-0.2574,1,False,2,34.6035,28.0308
raw_single_channel_phase_gat_team_mean_seed23,5195,0,1,0.044,1,False,1,8.341,6.2307
raw_single_channel_phase_gat_team_mean_seed23,2893,1,0,-0.3134,0,False,1,38.5088,31.0942
raw_single_channel_phase_gat_team_mean_seed23,5831,0,1,0.3566,1,False,0,39.1158,35.0851
raw_single_channel_phase_gat_team_mean_seed23,3401,1,2,0.3022,1,True,1,39.5979,29.1586
raw_single_channel_phase_gat_team_mean_seed23,2982,1,0,-0.1675,0,False,1,21.0037,15.7725
raw_single_channel_phase_gat_team_mean_seed23,3800,2,1,-0.0979,1,False,2,13.5592,14.5072
raw_single_channel_phase_gat_team_mean_seed23,5105,2,1,-0.3473,1,False,2,37.6534,37.189
raw_single_channel_phase_gat_team_mean_seed23,5329,1,0,-0.2866,1,True,1,44.8282,37.0571
raw_single_channel_phase_gat_team_mean_seed23,2495,1,0,-0.1291,0,False,1,16.8895,21.1913
raw_single_channel_phase_gat_team_mean_seed23,3648,1,2,0.2163,2,False,1,30.529,18.4441
raw_single_channel_phase_gat_team_mean_seed23,2370,2,1,-0.3605,2,True,2,53.0001,50.1461
raw_single_channel_phase_gat_team_mean_seed23,4415,0,1,0.0405,1,False,1,8.4097,8.0109
raw_single_channel_phase_gat_team_mean_seed23,4101,0,1,0.3737,1,False,0,40.2507,35.7742
raw_single_channel_phase_gat_team_mean_seed23,1423,1,0,-0.0664,0,False,1,12.2442,7.1518
raw_single_channel_phase_gat_team_mean_seed23,2599,1,2,0.2167,2,False,1,41.6823,28.3351
raw_single_channel_phase_gat_team_mean_seed23,3670,1,0,-0.2252,1,True,1,24.7729,29.2584
raw_single_channel_phase_gat_team_mean_seed23,1812,1,0,-0.237,0,False,1,23.9561,22.6872
raw_single_channel_phase_gat_team_mean_seed23,3680,0,1,0.0592,1,False,1,13.2973,9.7941
raw_single_channel_phase_gat_team_mean_seed23,2477,0,1,0.1708,1,False,0,21.748,22.5551
raw_single_channel_phase_gat_team_mean_seed23,5149,2,1,-0.192,1,False,2,25.2447,22.6511
raw_single_channel_phase_gat_team_mean_seed23,5522,1,0,-0.1467,1,True,1,15.0516,17.6464
raw_single_channel_phase_gat_team_mean_seed23,3030,2,1,-0.0742,1,False,2,12.4291,12.8978
raw_single_channel_phase_gat_team_mean_seed23,2898,1,0,-0.3043,0,False,1,36.3757,28.9129
raw_single_channel_phase_gat_team_mean_seed23,1408,1,0,-0.1241,0,False,1,19.9466,13.1136
raw_single_channel_phase_gat_team_mean_seed23,5511,1,0,-0.0722,1,True,1,6.7383,7.0407
raw_single_channel_phase_gat_team_mean_seed23,878,1,0,-0.3211,0,False,1,35.1922,31.3322
raw_single_channel_phase_gat_team_mean_seed23,3638,1,2,0.2023,2,False,1,30.2986,24.6289
raw_single_channel_phase_gat_team_mean_seed23,4855,1,0,-0.3221,1,True,1,41.5526,36.2871
raw_single_channel_phase_gat_team_mean_seed23,2189,0,1,0.2085,1,False,0,28.463,22.9936
raw_single_channel_phase_gat_team_mean_seed23,1289,1,2,0.2129,1,True,1,25.0312,21.9946
raw_single_channel_phase_gat_team_mean_seed23,4479,0,1,0.0521,1,False,0,8.7444,8.2726
raw_single_channel_phase_gat_team_mean_seed23,6119,0,1,0.0659,1,False,0,13.5383,8.9005
raw_single_channel_phase_gat_team_mean_seed23,5012,0,1,0.0839,1,False,0,17.4675,13.158
raw_single_channel_phase_gat_team_mean_seed23,6112,0,1,0.2138,1,False,0,27.4438,30.5609
raw_single_channel_phase_gat_team_mean_seed23,2550,1,2,0.314,1,True,1,23.8456,22.5384
raw_single_channel_phase_gat_team_mean_seed23,1243,1,0,-0.1779,1,True,1,18.5423,16.6537
raw_single_channel_phase_gat_team_mean_seed23,5590,1,2,0.1058,2,False,1,18.2022,14.9802
raw_single_channel_phase_gat_team_mean_seed23,3901,2,1,-0.0516,1,False,1,7.0799,7.2892
raw_single_channel_phase_gat_team_mean_seed23,2650,0,1,0.1718,1,False,0,21.7181,20.8542
raw_single_channel_phase_gat_team_mean_seed23,4874,1,0,-0.1837,1,True,1,26.5321,30.9845
raw_single_channel_phase_gat_team_mean_seed23,5372,1,0,-0.1372,1,True,1,17.6382,20.968
raw_single_channel_phase_gat_team_mean_seed23,5588,1,2,0.1248,2,False,1,19.3392,15.597
raw_single_channel_phase_gat_team_mean_seed23,5917,1,2,0.3099,2,False,1,31.7624,36.5508
raw_single_channel_phase_gat_team_mean_seed23,557,1,2,0.3122,1,True,1,28.0216,31.709
raw_single_channel_phase_gat_team_mean_seed23,5052,2,1,-0.0929,1,False,2,12.8844,12.6772
raw_single_channel_phase_gat_team_mean_seed23,3162,2,1,-0.3702,1,False,2,50.2616,46.5384
raw_single_channel_phase_gat_team_mean_seed23,5681,0,1,0.1931,1,False,0,33.6582,18.588
raw_single_channel_phase_gat_team_mean_seed23,5497,1,0,-0.0905,1,True,1,7.0643,7.4975
raw_single_channel_phase_gat_team_mean_seed23,3549,0,1,0.096,1,False,0,13.0772,11.2452
raw_single_channel_phase_gat_team_mean_seed23,961,2,1,-0.1579,1,False,2,22.8337,19.2008
raw_single_channel_phase_gat_team_mean_seed23,4018,1,0,-0.327,1,True,1,37.3657,38.8256
raw_single_channel_phase_gat_team_mean_seed23,652,1,0,-0.272,0,False,1,32.2453,26.6716
raw_single_channel_phase_gat_team_mean_seed23,1115,1,2,0.2246,1,True,1,30.138,32.6777
raw_single_channel_phase_gat_team_mean_seed23,647,1,2,0.084,2,False,1,13.6953,13.6344
raw_single_channel_phase_gat_team_mean_seed23,2733,1,0,-0.2124,0,False,1,23.0602,29.3597
raw_single_channel_phase_gat_team_mean_seed23,2173,1,2,0.2427,1,True,1,32.0271,31.4098
raw_single_channel_phase_gat_team_mean_seed23,3178,1,2,0.2411,2,False,1,39.6731,27.4831
raw_single_channel_phase_gat_team_mean_seed23,4452,1,2,0.3544,2,False,1,43.6228,
raw_single_channel_phase_gat_team_mean_seed23,976,1,2,0.2923,1,True,1,33.3038,35.7657
raw_single_channel_phase_gat_team_mean_seed23,1468,2,1,-0.2699,1,False,2,36.1178,31.4747
raw_single_channel_phase_gat_team_mean_seed23,4427,1,2,0.1942,1,True,1,24.9387,15.1367
raw_single_channel_phase_gat_team_mean_seed23,5219,1,0,-0.0605,1,True,1,7.9507,8.0864
raw_single_channel_phase_gat_team_mean_seed23,3530,1,0,-0.1702,1,True,1,26.336,26.2153
raw_single_channel_phase_gat_team_mean_seed23,5257,0,1,0.3529,1,False,0,44.4087,34.0767
raw_single_channel_phase_gat_team_mean_seed23,3234,0,1,0.1145,1,False,0,19.1487,11.3619
raw_single_channel_phase_gat_team_mean_seed23,4472,1,0,-0.0719,0,False,1,9.7736,11.0067
raw_single_channel_phase_gat_team_mean_seed23,3078,1,0,-0.2222,1,True,1,23.6194,19.582
raw_single_channel_phase_gat_team_mean_seed23,2451,1,2,0.145,1,True,1,15.8418,16.9118
raw_single_channel_phase_gat_team_mean_seed23,2602,1,2,0.0767,2,False,1,15.7914,16.5276
raw_single_channel_phase_gat_team_mean_seed23,3218,1,0,-0.2658,1,True,1,37.5082,38.0139
raw_single_channel_phase_gat_team_mean_seed23,4289,1,0,-0.2905,1,True,1,34.5076,28.9408
raw_single_channel_phase_gat_team_mean_seed23,3756,2,1,-0.0543,1,False,1,6.7278,6.5041
raw_single_channel_phase_gat_team_mean_seed23,1148,1,0,-0.3421,1,True,1,35.1408,36.5472
raw_single_channel_phase_gat_team_mean_seed23,5270,0,1,0.0664,1,False,0,7.8915,9.2235
raw_single_channel_phase_gat_team_mean_seed23,5480,1,0,-0.062,1,True,1,6.2067,6.7693
raw_single_channel_phase_gat_team_mean_seed23,4787,2,1,-0.1864,1,False,2,25.4559,24.4031
raw_single_channel_phase_gat_team_mean_seed23,1565,0,1,0.031,1,False,0,4.0055,5.098
raw_single_channel_phase_gat_team_mean_seed23,3258,2,1,-0.3192,1,False,2,39.213,28.9431
raw_single_channel_phase_gat_team_mean_seed23,5614,1,2,0.2579,2,False,1,36.6486,24.6284
raw_single_channel_phase_gat_team_mean_seed23,2322,2,1,-0.2962,1,False,2,41.7326,35.8506
raw_single_channel_phase_gat_team_mean_seed23,1343,0,1,0.0306,1,False,0,6.754,6.0648
raw_single_channel_phase_gat_team_mean_seed23,1314,1,0,-0.3494,1,True,1,34.09,
raw_single_channel_phase_gat_team_mean_seed23,5815,1,0,-0.1009,0,False,1,16.4333,16.3902
raw_single_channel_phase_gat_team_mean_seed23,6080,0,1,0.0604,1,False,0,8.7829,8.2844
raw_single_channel_phase_gat_team_mean_seed23,5610,1,2,0.2612,2,False,1,37.4985,27.521
raw_single_channel_phase_gat_team_mean_seed23,954,1,2,0.1717,1,True,1,19.962,20.9124
raw_single_channel_phase_gat_team_mean_seed23,2729,1,0,-0.2388,1,True,1,22.8049,30.5074
raw_single_channel_phase_gat_team_mean_seed23,3916,2,1,-0.1057,1,False,2,20.2944,16.7825
raw_single_channel_phase_gat_team_mean_seed23,5858,0,1,0.0575,1,False,1,9.8042,7.9705
raw_single_channel_phase_gat_team_mean_seed23,489,1,2,0.2287,2,False,1,24.4508,23.276
raw_single_channel_phase_gat_team_mean_seed23,1463,1,2,0.2017,1,True,1,22.9595,22.168
raw_single_channel_phase_gat_team_mean_seed23,2079,1,2,0.3108,2,False,1,38.4035,33.4855
raw_single_channel_phase_gat_team_mean_seed23,4558,1,0,-0.1766,1,True,1,22.9962,25.8121
raw_single_channel_phase_gat_team_mean_seed23,933,1,0,-0.2061,0,False,1,35.1808,18.1217
raw_single_channel_phase_gat_team_mean_seed23,5424,1,0,-0.1133,0,False,1,17.0986,13.4362
raw_single_channel_phase_gat_team_mean_seed23,1094,2,1,-0.1806,1,False,2,27.2776,24.8695
raw_single_channel_phase_gat_team_mean_seed23,607,1,0,-0.3314,0,False,1,43.7621,31.5756
raw_single_channel_phase_gat_team_mean_seed23,5592,1,2,0.0455,2,False,1,8.7988,7.4793
raw_single_channel_phase_gat_team_mean_seed23,5100,2,1,-0.0702,1,False,2,10.5568,11.4416
raw_single_channel_phase_gat_team_mean_seed23,3466,2,1,-0.1501,1,False,2,23.8148,22.3574
raw_single_channel_phase_gat_team_mean_seed23,1038,0,1,0.1542,1,False,0,21.2768,23.7838
raw_single_channel_phase_gat_team_mean_seed23,5683,0,1,0.2293,1,False,0,40.1888,21.0891
raw_single_channel_phase_gat_team_mean_seed23,2310,2,1,-0.0327,1,False,1,5.967,7.089
raw_single_channel_phase_gat_team_mean_seed23,3344,2,1,-0.2636,2,True,2,40.4948,26.5155
raw_single_channel_phase_gat_team_mean_seed23,4971,0,1,0.1538,1,False,0,31.6377,17.4752
raw_single_channel_phase_gat_team_mean_seed23,4750,1,0,-0.274,1,True,1,32.975,23.6031
raw_single_channel_phase_gat_team_mean_seed23,4238,1,2,0.0998,2,False,1,16.3744,13.0691
raw_single_channel_phase_gat_team_mean_seed23,568,1,0,-0.3548,1,True,1,33.7274,
raw_single_channel_phase_gat_team_mean_seed23,2190,0,1,0.1586,1,False,0,21.9179,17.4166
raw_single_channel_phase_gat_team_mean_seed23,5422,1,0,-0.0825,0,False,1,13.8037,10.8619
raw_single_channel_phase_gat_team_mean_seed23,4535,1,2,0.1757,2,False,1,26.668,22.6844
raw_single_channel_phase_gat_team_mean_seed23,2162,1,2,0.1494,2,False,1,20.0207,17.8491
raw_single_channel_phase_gat_team_mean_seed23,1342,1,0,-0.0373,0,False,1,8.7045,8.5411
raw_single_channel_phase_gat_team_mean_seed23,5403,1,2,0.2446,1,True,1,32.416,27.4178
raw_single_channel_phase_gat_team_mean_seed23,5203,1,0,-0.1049,1,True,1,14.943,11.4487
raw_single_channel_phase_gat_team_mean_seed23,3921,2,1,-0.1438,1,False,2,20.7104,21.4924
raw_single_channel_phase_gat_team_mean_seed23,3250,2,1,-0.1588,1,False,2,23.4213,20.437
raw_single_channel_phase_gat_team_mean_seed23,5904,1,2,0.145,1,True,1,19.9959,10.0935
raw_single_channel_phase_gat_team_mean_seed23,897,1,0,-0.0682,0,False,1,13.023,11.4204
raw_single_channel_phase_gat_team_mean_seed23,665,0,1,0.1987,1,False,0,26.0525,24.3678
raw_single_channel_phase_gat_team_mean_seed23,5462,1,0,-0.0389,0,False,1,5.8595,5.6182
raw_single_channel_phase_gat_team_mean_seed23,5448,0,1,0.2136,1,False,0,32.1556,19.0735
raw_single_channel_phase_gat_team_mean_seed23,3436,0,1,0.0364,1,False,1,8.9865,8.1755
raw_single_channel_phase_gat_team_mean_seed23,1761,1,2,0.3312,1,True,1,23.6609,28.6845
raw_single_channel_phase_gat_team_mean_seed23,4467,1,0,-0.0386,0,False,1,6.3218,5.9184
raw_single_channel_phase_gat_team_mean_seed23,1329,1,0,-0.1203,0,False,1,25.3437,20.1187
raw_single_channel_phase_gat_team_mean_seed23,4580,1,2,0.1764,1,True,1,19.4951,15.6629
raw_single_channel_phase_gat_team_mean_seed23,5771,1,2,0.2972,2,False,1,42.1072,34.1293
raw_single_channel_phase_gat_team_mean_seed23,2804,0,1,0.2458,1,False,0,39.6788,27.9782
raw_single_channel_phase_gat_team_mean_seed23,3432,0,1,0.2927,1,False,0,41.2168,23.4348
raw_single_channel_phase_gat_team_mean_seed23,2484,1,0,-0.1385,0,False,1,16.7297,13.636
raw_single_channel_phase_gat_team_mean_seed23,4181,1,0,-0.3111,1,True,1,36.8528,38.2217
raw_single_channel_phase_gat_team_mean_seed23,5634,1,2,0.2884,2,False,1,35.4971,24.0444
raw_single_channel_phase_gat_team_mean_seed23,1426,1,0,-0.1134,0,False,1,14.7006,11.3161
raw_single_channel_phase_gat_team_mean_seed23,2785,0,1,0.1928,1,False,0,35.9263,21.95
raw_single_channel_phase_gat_team_mean_seed23,1327,1,0,-0.1435,0,False,1,28.1325,22.9896
raw_single_channel_phase_gat_team_mean_seed23,4638,1,0,-0.08,0,False,1,12.9641,10.2916
raw_single_channel_phase_gat_team_mean_seed23,4014,1,2,0.2574,1,True,1,31.2533,26.0599
raw_single_channel_phase_gat_team_mean_seed23,3811,2,1,-0.0404,1,False,1,7.6209,6.4668
raw_single_channel_phase_gat_team_mean_seed23,4142,1,2,0.2403,1,True,1,29.5086,27.6116
raw_single_channel_phase_gat_team_mean_seed23,2107,1,2,0.2643,1,True,1,28.5869,27.8215
raw_single_channel_phase_gat_team_mean_seed23,1104,2,1,-0.1003,1,False,2,16.8766,12.4773
raw_single_channel_phase_gat_team_mean_seed23,1119,1,2,0.2921,1,True,1,36.5003,30.2736
raw_single_channel_phase_gat_team_mean_seed23,5066,2,1,-0.238,1,False,2,30.8652,28.6965
raw_single_channel_phase_gat_team_mean_seed23,3787,2,1,-0.2769,1,False,2,39.4997,28.4979
raw_single_channel_phase_gat_team_mean_seed23,4440,2,1,-0.0351,1,False,1,4.4102,6.7072
raw_single_channel_phase_gat_team_mean_seed23,1618,0,1,0.1529,1,False,0,28.567,19.3904
raw_single_channel_phase_gat_team_mean_seed23,3198,2,1,-0.0904,1,False,2,14.2943,12.3419
raw_single_channel_phase_gat_team_mean_seed23,3605,0,1,0.2626,1,False,0,34.034,22.8735
raw_single_channel_phase_gat_team_mean_seed23,3331,2,1,-0.1367,1,False,2,22.9656,18.9062
raw_single_channel_phase_gat_team_mean_seed23,868,1,0,-0.3203,0,False,1,36.1651,34.7764
raw_single_channel_phase_gat_team_mean_seed23,4590,1,2,0.2741,1,True,1,28.8608,23.7726
raw_single_channel_phase_gat_team_mean_seed23,2989,1,0,-0.0813,0,False,1,9.3415,10.9253
raw_single_channel_phase_gat_team_mean_seed23,5425,1,0,-0.1289,1,True,1,16.0922,13.544
raw_single_channel_phase_gat_team_mean_seed23,5674,0,1,0.1425,1,False,0,17.5638,12.9482
raw_single_channel_phase_gat_team_mean_seed23,810,1,0,-0.2861,1,True,1,25.2598,36.3706
raw_single_channel_phase_gat_team_mean_seed23,3761,2,1,-0.0482,2,True,2,6.1113,5.1859
raw_single_channel_phase_gat_team_mean_seed23,837,1,0,-0.2753,0,False,1,31.9597,25.5384
raw_single_channel_phase_gat_team_mean_seed23,2430,2,1,-0.1786,1,False,2,27.9237,20.2083
raw_single_channel_phase_gat_team_mean_seed23,3505,1,0,-0.2429,1,True,1,31.3119,28.1928
raw_single_channel_phase_gat_team_mean_seed23,5401,1,2,0.2877,1,True,1,36.1283,32.3778
raw_single_channel_phase_gat_team_mean_seed23,3142,2,1,-0.3743,1,False,2,55.4583,39.2802
raw_single_channel_phase_gat_team_mean_seed23,2149,1,2,0.3255,1,True,1,36.2518,32.1377
raw_single_channel_phase_gat_team_mean_seed23,3487,1,2,0.3249,2,False,1,43.1448,37.2586
raw_single_channel_phase_gat_team_mean_seed23,5266,0,1,0.1197,1,False,0,18.56,13.0844
raw_single_channel_phase_gat_team_mean_seed23,5498,1,0,-0.0902,1,True,1,7.4672,7.4509
raw_single_channel_phase_gat_team_mean_seed23,772,1,0,-0.2385,0,False,1,27.6714,27.442
raw_single_channel_phase_gat_team_mean_seed23,5474,1,0,-0.082,1,True,1,10.349,7.9942
raw_single_channel_phase_gat_team_mean_seed23,2115,1,0,-0.1104,0,False,1,14.0098,10.3887
raw_single_channel_phase_gat_team_mean_seed23,4164,1,0,-0.0705,0,False,1,10.2898,8.9585
raw_single_channel_phase_gat_team_mean_seed23,3205,1,2,0.1158,1,True,1,18.3017,19.0357
raw_single_channel_phase_gat_team_mean_seed23,6008,0,1,0.2111,1,False,0,29.753,20.2243
raw_single_channel_phase_gat_team_mean_seed23,625,1,2,0.265,1,True,1,27.6129,30.3449
raw_single_channel_phase_gat_team_mean_seed23,1562,1,0,-0.0361,0,False,0,4.7136,6.1718
raw_single_channel_phase_gat_team_mean_seed23,5226,0,1,0.3045,1,False,0,37.3686,31.0889
raw_single_channel_phase_gat_team_mean_seed23,4663,1,0,-0.1511,0,False,1,19.6906,17.4708
raw_single_channel_phase_gat_team_mean_seed23,4607,0,1,0.1226,1,False,0,19.1014,13.2623
raw_single_channel_phase_gat_team_mean_seed23,4110,0,1,0.1446,1,False,1,12.4841,13.498
raw_single_channel_phase_gat_team_mean_seed23,5543,1,0,-0.1866,1,True,1,16.8647,16.6034
raw_single_channel_phase_gat_team_mean_seed23,2680,1,0,-0.1348,0,False,1,20.3183,11.2336
raw_single_channel_phase_gat_team_mean_seed23,1694,2,1,-0.1736,1,False,2,26.1425,23.664
raw_single_channel_phase_gat_team_mean_seed23,3736,0,1,0.3282,1,False,0,42.0603,31.824
raw_single_channel_phase_gat_team_mean_seed23,663,0,1,0.2558,1,False,0,30.9126,28.352
raw_single_channel_phase_gat_team_mean_seed23,5397,1,0,-0.3248,1,True,1,40.9628,36.0108
raw_single_channel_phase_gat_team_mean_seed23,1765,1,0,-0.2563,0,False,1,28.3863,21.6997
raw_single_channel_phase_gat_team_mean_seed23,5937,1,2,0.1209,1,True,1,15.1306,12.7253
raw_single_channel_phase_gat_team_mean_seed23,1727,1,0,-0.1669,0,False,1,24.7598,17.0522
raw_single_channel_phase_gat_team_mean_seed23,3042,1,0,-0.2403,0,False,1,29.6707,19.7506
raw_single_channel_phase_gat_team_mean_seed23,3065,1,2,0.2438,1,True,1,22.1927,20.055
raw_single_channel_phase_gat_team_mean_seed23,3291,1,2,0.2103,2,False,1,28.2083,26.5789
raw_single_channel_phase_gat_team_mean_seed23,2738,1,0,-0.1962,0,False,1,20.3214,24.0784
raw_single_channel_phase_gat_team_mean_seed23,5963,0,1,0.1195,1,False,0,21.6397,12.9474
raw_single_channel_phase_gat_team_mean_seed23,4685,2,1,-0.0989,1,False,2,14.6121,14.3395
raw_single_channel_phase_gat_team_mean_seed23,618,1,2,0.1691,1,True,1,19.8369,19.3321
raw_single_channel_phase_gat_team_mean_seed23,679,1,0,-0.246,1,True,1,23.6812,23.9253
raw_single_channel_phase_gat_team_mean_seed23,3462,2,1,-0.1604,1,False,2,22.4574,21.7502
raw_single_channel_phase_gat_team_mean_seed23,5535,1,0,-0.2246,1,True,1,20.3922,20.0523
raw_single_channel_phase_gat_team_mean_seed23,5453,0,1,0.1218,1,False,0,19.9138,13.0898
raw_single_channel_phase_gat_team_mean_seed23,5669,1,0,-0.0326,0,False,0,6.1493,6.5539
raw_single_channel_phase_gat_team_mean_seed23,3659,1,0,-0.2656,1,True,1,27.8283,27.6317
raw_single_channel_phase_gat_team_mean_seed23,6023,1,0,-0.2594,1,True,1,39.4406,28.8523
raw_single_channel_phase_gat_team_mean_seed23,3537,1,0,-0.2586,1,True,1,29.8271,26.9067
raw_single_channel_phase_gat_team_mean_seed23,3492,1,0,-0.2484,1,True,1,38.0833,31.2303
raw_single_channel_phase_gat_team_mean_seed23,1672,1,0,-0.2827,1,True,1,28.0737,36.0385
raw_single_channel_phase_gat_team_mean_seed23,5417,1,0,-0.1167,0,False,1,13.2554,11.6275
raw_single_channel_phase_gat_team_mean_seed23,3768,2,1,-0.0811,1,False,2,12.4574,12.1874
raw_single_channel_phase_gat_team_mean_seed23,5860,0,1,0.0444,1,False,1,5.9225,5.4901
raw_single_channel_phase_gat_team_mean_seed23,4564,0,1,0.0517,1,False,0,8.0674,8.9502
raw_single_channel_phase_gat_team_mean_seed23,2520,1,2,0.181,1,True,1,25.5871,31.1072
raw_single_channel_phase_gat_team_mean_seed23,5010,0,1,0.09,1,False,0,18.517,14.317
raw_single_channel_phase_gat_team_mean_seed23,691,1,2,0.0618,2,False,1,9.7866,9.7052
raw_single_channel_phase_gat_team_mean_seed23,3026,1,2,0.0941,2,False,1,17.1691,13.6504
raw_single_channel_phase_gat_team_mean_seed23,744,0,1,0.1754,1,False,0,24.4722,19.7079
raw_single_channel_phase_gat_team_mean_seed23,2957,1,2,0.1205,2,False,1,18.715,20.9929
raw_single_channel_phase_gat_team_mean_seed23,4952,0,1,0.1961,1,False,0,28.3324,23.1216
raw_single_channel_phase_gat_team_mean_seed23,5830,0,1,0.3183,1,False,0,36.4199,36.0276
raw_single_channel_phase_gat_team_mean_seed23,5163,1,2,0.352,2,False,1,43.3775,
raw_single_channel_phase_gat_team_mean_seed23,2014,1,0,-0.2254,0,False,1,23.7217,18.5717
raw_single_channel_phase_gat_team_mean_seed23,2903,1,0,-0.279,0,False,1,35.1384,22.8186
raw_single_channel_phase_gat_team_mean_seed23,5821,0,1,0.0682,1,False,0,14.4992,11.2713
raw_single_channel_phase_gat_team_mean_seed23,1150,1,0,-0.3442,1,True,1,33.1432,34.861
raw_single_channel_phase_gat_team_mean_seed23,5938,1,2,0.2062,1,True,1,20.1734,21.2574
raw_single_channel_phase_gat_team_mean_seed23,4993,0,1,0.1346,1,False,0,26.2941,18.6378
raw_single_channel_phase_gat_team_mean_seed23,604,1,0,-0.2069,0,False,1,24.5215,28.8391
raw_single_channel_phase_gat_team_mean_seed23,910,1,0,-0.2086,0,False,1,23.6147,23.233
raw_single_channel_phase_gat_team_mean_seed23,4336,1,2,0.2878,2,False,1,38.2298,28.8745
raw_single_channel_phase_gat_team_mean_seed23,694,2,1,-0.052,1,False,1,8.9903,6.8077
raw_single_channel_phase_gat_team_mean_seed23,3465,2,1,-0.1476,1,False,2,23.2077,22.2184
raw_single_channel_phase_gat_team_mean_seed23,1547,0,1,0.0307,1,False,1,6.6733,5.9773
raw_single_channel_phase_gat_team_mean_seed23,2663,0,1,0.07,1,False,0,9.3693,10.2003
raw_single_channel_phase_gat_team_mean_seed23,4589,1,2,0.2575,2,False,1,28.4143,22.1456
raw_single_channel_phase_gat_team_mean_seed23,2462,1,0,-0.3149,0,False,1,37.7826,29.3839
raw_single_channel_phase_gat_team_mean_seed23,1110,1,2,0.0839,2,False,1,13.7274,13.7593
raw_single_channel_phase_gat_team_mean_seed23,2825,0,1,0.26,1,False,0,41.5545,29.0537
raw_single_channel_phase_gat_team_mean_seed23,5296,0,1,0.222,1,False,0,30.3777,22.9157
raw_single_channel_phase_gat_team_mean_seed23,3139,2,1,-0.3919,1,False,2,52.9393,42.0936
raw_single_channel_phase_gat_team_mean_seed23,2905,1,0,-0.2733,0,False,1,35.3531,24.4481
raw_single_channel_phase_gat_team_mean_seed23,1139,1,2,0.2917,1,True,1,31.1598,33.2952
raw_single_channel_phase_gat_team_mean_seed23,1116,1,2,0.245,1,True,1,31.3379,34.0108
raw_single_channel_phase_gat_team_mean_seed23,2287,2,1,-0.283,1,False,2,39.9006,27.9608
raw_single_channel_phase_gat_team_mean_seed23,4734,1,0,-0.2877,1,True,1,32.7886,29.7017
raw_single_channel_phase_gat_team_mean_seed23,2306,2,1,-0.0391,1,False,1,7.3895,7.2654
raw_single_channel_phase_gat_team_mean_seed23,3934,2,1,-0.1998,2,True,2,35.7239,24.6227
raw_single_channel_phase_gat_team_mean_seed23,1517,1,2,0.204,1,True,1,25.8811,20.9449
raw_single_channel_phase_gat_team_mean_seed23,2084,1,2,0.1959,2,False,1,25.3056,24.6369
raw_single_channel_phase_gat_team_mean_seed23,3674,1,0,-0.1205,1,True,1,17.2896,18.5167
raw_single_channel_phase_gat_team_mean_seed23,4203,2,1,-0.1161,1,False,2,19.9145,16.1353
raw_single_channel_phase_gat_team_mean_seed23,5011,0,1,0.0864,1,False,0,17.2313,14.9228
raw_single_channel_phase_gat_team_mean_seed23,2224,1,2,0.3512,1,True,1,26.973,
raw_single_channel_phase_gat_team_mean_seed23,2443,2,1,-0.0603,1,False,1,7.5745,8.6231
raw_single_channel_phase_gat_team_mean_seed23,2357,2,1,-0.3613,2,True,2,49.4948,47.8468
raw_single_channel_phase_gat_team_mean_seed23,1349,0,1,0.0964,1,False,0,16.4984,16.1162
raw_single_channel_phase_gat_team_mean_seed23,2872,1,0,-0.1503,0,False,1,15.2881,12.8134
raw_single_channel_phase_gat_team_mean_seed23,1707,2,1,-0.2919,1,False,2,43.7363,32.8021
raw_single_channel_phase_gat_team_mean_seed23,3197,2,1,-0.0593,1,False,2,8.9717,9.733
raw_single_channel_phase_gat_team_mean_seed23,445,2,1,-0.3341,1,False,2,43.8449,36.229
raw_single_channel_phase_gat_team_mean_seed23,4712,1,0,-0.0323,0,False,0,4.69,5.2364
raw_single_channel_phase_gat_team_mean_seed23,3890,0,1,0.0425,1,False,1,7.3186,6.8889
raw_single_channel_phase_gat_team_mean_seed23,5576,1,2,0.3077,2,False,1,38.9918,26.623
raw_single_channel_phase_gat_team_mean_seed23,3053,1,0,-0.2965,0,False,1,27.2974,21.418
raw_single_channel_phase_gat_team_mean_seed23,865,1,0,-0.3205,0,False,1,35.943,28.7148
raw_single_channel_phase_gat_team_mean_seed23,1114,1,2,0.1997,1,True,1,29.1483,29.965
raw_single_channel_phase_gat_team_mean_seed23,1194,1,2,0.3053,1,True,1,39.8107,31.9163
raw_single_channel_phase_gat_team_mean_seed23,1004,1,0,-0.0762,0,False,1,13.9558,9.277
raw_single_channel_phase_gat_team_mean_seed23,5881,1,0,-0.3283,1,True,1,44.6099,37.9181
raw_single_channel_phase_gat_team_mean_seed23,1877,1,2,0.2294,2,False,1,31.2535,32.3807
raw_single_channel_phase_gat_team_mean_seed23,3791,2,1,-0.3103,1,False,2,48.209,31.1881
raw_single_channel_phase_gat_team_mean_seed23,5995,1,0,-0.0451,0,False,1,9.8868,6.7974
raw_single_channel_phase_gat_team_mean_seed23,2075,1,0,-0.239,1,True,1,38.5758,32.0849
raw_single_channel_phase_gat_team_mean_seed23,5089,1,2,0.0873,2,False,1,14.3186,13.5369
raw_single_channel_phase_gat_team_mean_seed23,5261,0,1,0.2295,1,False,0,31.0514,20.493
raw_single_channel_phase_gat_team_mean_seed23,2245,2,1,-0.2454,1,False,2,35.3399,29.2498
raw_single_channel_phase_gat_team_mean_seed23,2968,1,2,0.0434,2,False,1,6.4558,6.4679
raw_single_channel_phase_gat_team_mean_seed23,4481,1,0,-0.0549,0,False,1,7.7436,7.5457
raw_single_channel_phase_gat_team_mean_seed23,5990,1,0,-0.1406,1,True,1,22.4528,24.0385
raw_single_channel_phase_gat_team_mean_seed23,3346,2,1,-0.2741,2,True,2,41.3259,26.8904
raw_single_channel_phase_gat_team_mean_seed23,2363,2,1,-0.3623,2,True,2,52.1432,50.3909
raw_single_channel_phase_gat_team_mean_seed23,1904,1,2,0.2322,1,True,1,27.9865,26.1234
raw_single_channel_phase_gat_team_mean_seed23,1909,1,2,0.194,1,True,1,22.2349,27.9871
raw_single_channel_phase_gat_team_mean_seed23,1418,0,1,0.0784,1,False,0,11.1938,11.6801
raw_single_channel_phase_gat_team_mean_seed23,2469,1,0,-0.1705,0,False,1,20.318,17.0253
raw_single_channel_phase_gat_team_mean_seed23,758,0,1,0.1723,1,False,0,26.2555,18.6466
raw_single_channel_phase_gat_team_mean_seed23,6120,0,1,0.0781,1,False,0,13.8574,11.1314
raw_single_channel_phase_gat_team_mean_seed23,2631,1,2,0.3102,1,True,1,32.1448,29.8345
raw_single_channel_phase_gat_team_mean_seed23,1085,2,1,-0.3418,1,False,2,43.4202,36.7429
raw_single_channel_phase_gat_team_mean_seed23,2482,1,0,-0.1123,0,False,1,13.5709,11.0795
raw_single_channel_phase_gat_team_mean_seed23,3326,2,1,-0.0919,1,False,2,16.1047,13.6421
raw_single_channel_phase_gat_team_mean_seed23,4414,0,1,0.0523,1,False,1,10.7617,10.2132
raw_single_channel_phase_gat_team_mean_seed23,739,0,1,0.2002,1,False,0,28.7967,22.5821
raw_single_channel_phase_gat_team_mean_seed23,2669,1,0,-0.0514,0,False,1,9.3126,7.8606
raw_single_channel_phase_gat_team_mean_seed23,5583,1,2,0.176,2,False,1,27.3983,20.4719
raw_single_channel_phase_gat_team_mean_seed23,4274,2,1,-0.0886,1,False,2,11.8841,10.5159
raw_single_channel_phase_gat_team_mean_seed23,1328,1,0,-0.1318,0,False,1,27.0529,21.4453
raw_single_channel_phase_gat_team_mean_seed23,4660,1,0,-0.185,1,True,1,22.8838,24.2419
raw_single_channel_phase_gat_team_mean_seed23,5599,1,2,0.0626,1,True,1,10.1179,10.7194
raw_single_channel_phase_gat_team_mean_seed23,4039,0,1,0.0705,1,False,0,14.2727,11.9915
raw_single_channel_phase_gat_team_mean_seed23,2694,1,0,-0.2478,0,False,1,31.2086,20.3386
raw_single_channel_phase_gat_team_mean_seed23,5696,0,1,0.3407,1,False,0,53.9507,39.3176
raw_single_channel_phase_gat_team_mean_seed23,2944,1,0,-0.0906,0,False,1,14.2074,11.6371
raw_single_channel_phase_gat_team_mean_seed23,3946,2,1,-0.3506,2,True,2,44.995,37.7774
raw_single_channel_phase_gat_team_mean_seed23,1786,1,0,-0.0584,0,False,1,9.4085,7.6152
raw_single_channel_phase_gat_team_mean_seed23,5273,1,0,-0.0694,0,False,1,12.1303,5.7522
raw_single_channel_phase_gat_team_mean_seed23,5582,1,2,0.1925,2,False,1,28.8428,22.0629
raw_single_channel_phase_gat_team_mean_seed23,2296,2,1,-0.0314,1,False,1,3.9403,5.4544
raw_single_channel_phase_gat_team_mean_seed23,3694,0,1,0.2862,1,False,0,43.7235,25.5172
raw_single_channel_phase_gat_team_mean_seed23,2559,2,1,-0.1988,1,False,2,26.3691,24.6304
raw_single_channel_phase_gat_team_mean_seed23,1233,1,0,-0.2177,0,False,1,25.5475,26.7696
raw_single_channel_phase_gat_team_mean_seed23,1814,1,0,-0.2484,0,False,1,23.8477,25.9234
raw_single_channel_phase_gat_team_mean_seed23,1596,1,0,-0.0502,0,False,1,8.9368,8.5062
raw_single_channel_phase_gat_team_mean_seed23,1290,1,2,0.2147,1,True,1,25.7483,22.0356
raw_single_channel_phase_gat_team_mean_seed23,3663,1,0,-0.246,1,True,1,25.5457,30.4709
raw_single_channel_phase_gat_team_mean_seed23,3075,1,0,-0.2377,0,False,1,26.9688,22.8827
raw_single_channel_phase_gat_team_mean_seed23,5202,1,0,-0.1336,1,True,1,17.1265,11.7146
raw_single_channel_phase_gat_team_mean_seed23,5064,2,1,-0.2408,1,False,2,30.2124,29.7118
raw_single_channel_phase_gat_team_mean_seed23,3450,2,1,-0.0739,1,False,2,11.3757,12.5533
raw_single_channel_phase_gat_team_mean_seed23,5972,0,1,0.0757,1,False,0,16.1807,15.2803
raw_single_channel_phase_gat_team_mean_seed23,5310,2,1,-0.1053,1,False,2,7.9588,13.1113
raw_single_channel_phase_gat_team_mean_seed23,2922,1,0,-0.2761,0,False,1,33.2989,25.1941
raw_single_channel_phase_gat_team_mean_seed23,2891,1,0,-0.3228,0,False,1,40.0047,33.6492
raw_single_channel_phase_gat_team_mean_seed23,3488,1,2,0.3623,2,False,1,42.7854,
raw_single_channel_phase_gat_team_mean_seed23,1277,1,2,0.1487,1,True,1,23.0095,21.1537
raw_single_channel_phase_gat_team_mean_seed23,4923,0,1,0.364,1,False,0,45.7943,32.2447
raw_single_channel_phase_gat_team_mean_seed23,1262,1,2,0.0356,2,False,1,5.354,6.2814
raw_single_channel_phase_gat_team_mean_seed23,2964,2,1,-0.1466,1,False,2,20.5672,23.093
raw_single_channel_phase_gat_team_mean_seed23,5430,1,0,-0.1929,1,True,1,19.4865,25.8709
raw_single_channel_phase_gat_team_mean_seed23,5712,0,1,0.3636,1,False,0,51.6361,38.5308
raw_single_channel_phase_gat_team_mean_seed23,2239,1,2,0.2277,1,True,1,25.5479,22.5833
raw_single_channel_phase_gat_team_mean_seed23,4544,1,2,0.3582,1,True,1,40.5168,
raw_single_channel_phase_gat_team_mean_seed23,2638,1,0,-0.1868,0,False,1,22.7467,15.1601
raw_single_channel_phase_gat_team_mean_seed23,4842,1,0,-0.2427,1,True,1,37.8596,35.0371
raw_single_channel_phase_gat_team_mean_seed23,782,1,2,0.1334,1,True,1,15.4835,16.2208
raw_single_channel_phase_gat_team_mean_seed23,5919,1,2,0.2872,1,True,1,26.4122,26.5583
raw_single_channel_phase_gat_team_mean_seed23,860,1,0,-0.3059,0,False,1,31.7626,24.0066
raw_single_channel_phase_gat_team_mean_seed23,1592,1,0,-0.102,0,False,1,15.1975,12.3675
raw_single_channel_phase_gat_team_mean_seed23,1054,1,2,0.3064,1,True,1,37.2489,23.5332
raw_single_channel_phase_gat_team_mean_seed23,4132,1,0,-0.3021,1,True,1,32.7025,37.3665
raw_single_channel_phase_gat_team_mean_seed23,1422,1,0,-0.0495,0,False,1,9.0969,7.1333
raw_single_channel_phase_gat_team_mean_seed23,4486,1,2,0.3536,1,True,1,35.1005,
raw_single_channel_phase_gat_team_mean_seed23,5650,1,2,0.1909,2,False,1,27.5645,25.9131
raw_single_channel_phase_gat_team_mean_seed23,5595,2,1,-0.107,1,False,2,14.8712,15.184
raw_single_channel_phase_gat_team_mean_seed23,4302,0,1,0.1939,1,False,0,27.7314,19.6567
raw_single_channel_phase_gat_team_mean_seed23,4174,1,0,-0.2813,1,True,1,25.2485,30.242
raw_single_channel_phase_gat_team_mean_seed23,5472,1,0,-0.0842,1,True,1,11.3662,9.7955
raw_single_channel_phase_gat_team_mean_seed23,855,1,0,-0.2818,0,False,1,34.8157,32.8846
raw_single_channel_phase_gat_team_mean_seed23,4492,1,2,0.1016,1,True,1,14.9061,14.6818
raw_single_channel_phase_gat_team_mean_seed23,5977,0,1,0.286,1,False,0,46.4774,22.3569
raw_single_channel_phase_gat_team_mean_seed23,4198,2,1,-0.1302,1,False,2,16.887,16.2744
raw_single_channel_phase_gat_team_mean_seed23,1841,1,2,0.176,2,False,1,28.0723,20.269
raw_single_channel_phase_gat_team_mean_seed23,6123,0,1,0.1173,1,False,0,19.9966,16.3821
raw_single_channel_phase_gat_team_mean_seed23,5229,0,1,0.3874,1,False,0,45.8135,40.2366
raw_single_channel_phase_gat_team_mean_seed23,3123,2,1,-0.1432,1,False,2,26.4606,19.4752
raw_single_channel_phase_gat_team_mean_seed23,1542,1,0,-0.1141,0,False,1,17.5757,11.4607
raw_single_channel_phase_gat_team_mean_seed23,2460,1,0,-0.3461,1,True,1,40.4611,33.5959
raw_single_channel_phase_gat_team_mean_seed23,5510,1,0,-0.07,1,True,1,6.9596,6.6239
raw_single_channel_phase_gat_team_mean_seed23,4792,2,1,-0.2351,1,False,2,33.2261,30.4786
raw_single_channel_phase_gat_team_mean_seed23,5793,1,2,0.3211,2,False,1,28.5113,25.5051
raw_single_channel_phase_gat_team_mean_seed23,2138,1,0,-0.3592,1,True,1,36.0401,
raw_single_channel_phase_gat_team_mean_seed23,3059,1,2,0.288,1,True,1,24.0442,21.7797
raw_single_channel_phase_gat_team_mean_seed23,1930,1,2,0.0725,2,False,1,10.6175,14.1368
raw_single_channel_phase_gat_team_mean_seed23,4920,0,1,0.2287,1,False,0,36.0924,16.4471
raw_single_channel_phase_gat_team_mean_seed23,2938,0,1,0.0825,1,False,0,13.3377,14.0945
raw_single_channel_phase_gat_team_mean_seed23,1152,1,0,-0.3442,1,True,1,31.3723,33.917
raw_single_channel_phase_gat_team_mean_seed23,506,1,0,-0.3038,0,False,1,32.6061,23.5021
raw_single_channel_phase_gat_team_mean_seed23,2967,2,1,-0.0658,1,False,2,11.0509,9.4931
raw_single_channel_phase_gat_team_mean_seed23,887,1,2,0.3271,1,True,1,32.82,31.3759
raw_single_channel_phase_gat_team_mean_seed23,2089,1,2,0.2601,1,True,1,29.8605,26.1218
raw_single_channel_phase_gat_team_mean_seed23,3629,1,0,-0.1798,1,True,1,20.8483,22.3036
raw_single_channel_phase_gat_team_mean_seed23,3583,1,0,-0.1014,0,False,1,16.519,17.8393
raw_single_channel_phase_gat_team_mean_seed23,938,1,0,-0.3198,0,False,1,40.2154,27.4615
raw_single_channel_phase_gat_team_mean_seed23,5020,0,1,0.1832,1,False,0,23.2811,18.1581
raw_single_channel_phase_gat_team_mean_seed23,2061,0,1,0.3397,1,False,1,41.8575,34.2315
raw_single_channel_phase_gat_team_mean_seed23,6048,2,1,-0.0609,1,False,1,9.3547,9.5741
raw_single_channel_phase_gat_team_mean_seed23,827,1,0,-0.3311,0,False,1,36.5843,29.9513
raw_single_channel_phase_gat_team_mean_seed23,4974,0,1,0.149,1,False,0,31.0648,17.1061
raw_single_channel_phase_gat_team_mean_seed23,809,1,0,-0.2651,1,True,1,25.2088,36.3984
raw_single_channel_phase_gat_team_mean_seed23,5030,0,1,0.069,1,False,0,13.3897,11.7277
raw_single_channel_phase_gat_team_mean_seed23,3141,2,1,-0.3879,1,False,2,53.0561,39.1792
raw_single_channel_phase_gat_team_mean_seed23,6063,1,2,0.305,1,True,1,29.0533,27.1428
raw_single_channel_phase_gat_team_mean_seed23,4527,2,1,-0.0329,1,False,1,5.1291,6.048
raw_single_channel_phase_gat_team_mean_seed23,1945,1,0,-0.1925,0,False,1,23.9769,24.0842
raw_single_channel_phase_gat_team_mean_seed23,2330,2,1,-0.3436,1,False,2,44.7032,43.8531
raw_single_channel_phase_gat_team_mean_seed23,3690,0,1,0.2487,1,False,0,41.6169,24.1634
raw_single_channel_phase_gat_team_mean_seed23,1372,1,0,-0.1561,0,False,1,25.1084,17.3076
raw_single_channel_phase_gat_team_mean_seed23,3217,1,0,-0.2858,1,True,1,39.9142,37.791
raw_single_channel_phase_gat_team_mean_seed23,5072,2,1,-0.2514,1,False,2,34.1714,29.7195
raw_single_channel_phase_gat_team_mean_seed23,2927,1,0,-0.2013,0,False,1,28.5525,25.946
raw_single_channel_phase_gat_team_mean_seed23,3297,1,2,0.0863,2,False,1,14.4318,10.9236
raw_single_channel_phase_gat_team_mean_seed23,530,1,0,-0.3481,1,True,1,43.5933,36.9442
raw_single_channel_phase_gat_team_mean_seed23,4030,0,1,0.0472,1,False,1,8.3323,12.6915
raw_single_channel_phase_gat_team_mean_seed23,5792,1,2,0.3188,1,True,1,31.4084,21.1774
raw_single_channel_phase_gat_team_mean_seed23,1207,1,2,0.3197,1,True,1,30.0272,36.6918
raw_single_channel_phase_gat_team_mean_seed23,3573,1,0,-0.279,1,True,1,33.0776,32.524
raw_single_channel_phase_gat_team_mean_seed23,2124,1,0,-0.3193,1,True,1,37.9711,31.4744
raw_single_channel_phase_gat_team_mean_seed23,1783,1,0,-0.0405,0,False,1,7.0884,6.3635
raw_single_channel_phase_gat_team_mean_seed23,4040,0,1,0.0871,1,False,0,18.1878,13.305
raw_single_channel_phase_gat_team_mean_seed23,2901,1,0,-0.2891,0,False,1,35.1405,24.285
raw_single_channel_phase_gat_team_mean_seed23,5272,1,0,-0.0344,0,False,1,5.186,3.6957
raw_single_channel_phase_gat_team_mean_seed23,2444,2,1,-0.041,1,False,1,4.3343,5.7503
raw_single_channel_phase_gat_team_mean_seed23,2819,0,1,0.2496,1,False,0,39.7968,26.7721
raw_single_channel_phase_gat_team_mean_seed23,1251,1,2,0.1639,2,False,1,20.908,18.1761
raw_single_channel_phase_gat_team_mean_seed23,1091,2,1,-0.2193,1,False,2,31.2231,28.0547
raw_single_channel_phase_gat_team_mean_seed23,2826,0,1,0.259,1,False,0,41.9772,30.7943
raw_single_channel_phase_gat_team_mean_seed23,4796,2,1,-0.2689,1,False,2,34.7779,28.9583
raw_single_channel_phase_gat_team_mean_seed23,2553,1,2,0.2498,1,True,1,19.5007,22.0684
raw_single_channel_phase_gat_team_mean_seed23,1947,1,0,-0.1125,0,False,1,15.4092,14.9982
raw_single_channel_phase_gat_team_mean_seed23,4747,1,0,-0.2738,1,True,1,34.9114,25.0164
raw_single_channel_phase_gat_team_mean_seed23,2011,1,0,-0.2191,0,False,1,22.2348,19.3041
raw_single_channel_phase_gat_team_mean_seed23,3062,1,2,0.2413,1,True,1,22.2653,23.2154
raw_single_channel_phase_gat_team_mean_seed23,2067,0,1,0.1598,1,False,1,25.8776,20.4942
raw_single_channel_phase_gat_team_mean_seed23,4163,1,0,-0.0796,0,False,1,13.1107,8.0314
raw_single_channel_phase_gat_team_mean_seed23,5523,1,0,-0.1557,1,True,1,15.6951,18.0125
raw_single_channel_phase_gat_team_mean_seed23,3561,1,0,-0.1911,1,True,1,24.2107,26.0986
raw_single_channel_phase_gat_team_mean_seed23,3164,2,1,-0.2948,1,False,2,40.9369,37.4532
raw_single_channel_phase_gat_team_mean_seed23,1256,1,2,0.1158,1,True,1,16.4963,17.3229
raw_single_channel_phase_gat_team_mean_seed23,4776,1,2,0.1042,2,False,1,16.0518,14.5128
raw_single_channel_phase_gat_team_mean_seed23,5502,1,0,-0.0854,1,True,1,7.2552,7.2502
raw_single_channel_phase_gat_team_mean_seed23,4147,1,0,-0.255,1,True,1,34.5072,26.0893
raw_single_channel_phase_gat_team_mean_seed23,1711,2,1,-0.3095,1,False,2,47.2871,39.1664
raw_single_channel_phase_gat_team_mean_seed23,4835,1,0,-0.2457,1,True,1,35.4447,28.363
raw_single_channel_phase_gat_team_mean_seed23,955,1,2,0.1142,1,True,1,15.4565,14.0725
raw_single_channel_phase_gat_team_mean_seed23,4654,1,0,-0.2112,0,False,1,30.4687,25.6112
raw_single_channel_phase_gat_team_mean_seed23,857,1,0,-0.2806,0,False,1,34.101,30.3739
raw_single_channel_phase_gat_team_mean_seed23,1102,2,1,-0.1216,1,False,2,19.4644,15.3273
raw_single_channel_phase_gat_team_mean_seed23,1755,1,2,0.1758,1,True,1,21.2215,18.0489
raw_single_channel_phase_gat_team_mean_seed23,1306,1,2,0.1323,2,False,1,18.3771,16.7816
raw_single_channel_phase_gat_team_mean_seed23,1490,2,1,-0.1954,1,False,2,29.8661,22.7352
raw_single_channel_phase_gat_team_mean_seed23,2793,0,1,0.2279,1,False,0,40.92,22.768
raw_single_channel_phase_gat_team_mean_seed23,2414,1,2,0.1196,2,False,1,21.5661,20.6148
raw_single_channel_phase_gat_team_mean_seed23,5982,0,1,0.1439,1,False,0,27.9302,16.308
raw_single_channel_phase_gat_team_mean_seed23,5053,2,1,-0.1002,1,False,2,12.8615,14.0714
raw_single_channel_phase_gat_team_mean_seed23,425,1,2,0.1858,1,True,1,22.428,22.7672
raw_single_channel_phase_gat_team_mean_seed23,1828,1,2,0.338,1,True,1,41.9525,29.7027
raw_single_channel_phase_gat_team_mean_seed23,2161,1,2,0.1527,2,False,1,20.4087,16.6173
raw_single_channel_phase_gat_team_mean_seed23,5717,0,1,0.3989,1,False,0,58.0398,47.9463
raw_single_channel_phase_gat_team_mean_seed23,4620,0,1,0.0875,1,False,0,14.6119,12.6169
raw_single_channel_phase_gat_team_mean_seed23,4418,0,1,0.0433,1,False,0,10.1155,7.7793
raw_single_channel_phase_gat_team_mean_seed23,2078,1,2,0.3551,2,False,1,44.2638,
raw_single_channel_phase_gat_team_mean_seed23,5155,1,2,0.0638,2,False,1,12.6178,9.5935
raw_single_channel_phase_gat_team_mean_seed23,5525,1,0,-0.1724,1,True,1,18.9902,21.2473
raw_single_channel_phase_gat_team_mean_seed23,4377,1,0,-0.1044,1,True,1,15.7462,15.9465
raw_single_channel_phase_gat_team_mean_seed23,1629,0,1,0.2229,1,False,0,36.2406,21.315
raw_single_channel_phase_gat_team_mean_seed23,1685,1,2,0.0457,1,True,1,8.3322,7.2522
raw_single_channel_phase_gat_team_mean_seed23,2509,1,2,0.275,1,True,1,38.0363,34.7928
raw_single_channel_phase_gat_team_mean_seed23,1741,1,0,-0.1091,0,False,1,18.4433,11.6798
raw_single_channel_phase_gat_team_mean_seed23,3259,2,1,-0.3281,1,False,2,39.2298,30.0442
raw_single_channel_phase_gat_team_mean_seed23,2875,1,0,-0.3309,0,False,1,26.9204,26.257
raw_single_channel_phase_gat_team_mean_seed23,682,1,2,0.3306,1,True,1,35.3461,27.3104
raw_single_channel_phase_gat_team_mean_seed23,1900,1,2,0.183,1,True,1,21.7482,22.1297
raw_single_channel_phase_gat_team_mean_seed23,3712,0,1,0.3232,1,False,0,49.4552,33.4458
raw_single_channel_phase_gat_team_mean_seed47,5954,1,0,-0.1909,1,True,1,25.0909,17.3463
raw_single_channel_phase_gat_team_mean_seed47,3150,2,1,-0.3984,1,False,2,43.4493,69.2804
raw_single_channel_phase_gat_team_mean_seed47,786,1,2,0.0477,2,False,1,6.6915,6.0924
raw_single_channel_phase_gat_team_mean_seed47,2975,1,0,-0.29,1,True,1,26.1429,28.9222
raw_single_channel_phase_gat_team_mean_seed47,5994,1,0,-0.073,0,False,1,13.0966,10.187
raw_single_channel_phase_gat_team_mean_seed47,4711,0,1,0.0434,1,False,1,7.9303,8.2865
raw_single_channel_phase_gat_team_mean_seed47,1096,2,1,-0.1609,1,False,2,23.3871,17.8685
raw_single_channel_phase_gat_team_mean_seed47,2529,1,0,-0.2046,0,False,1,17.2253,17.4095
raw_single_channel_phase_gat_team_mean_seed47,6032,1,2,0.2609,2,False,1,25.6041,41.2869
raw_single_channel_phase_gat_team_mean_seed47,5001,0,1,0.1407,1,False,0,27.7434,17.0856
raw_single_channel_phase_gat_team_mean_seed47,4245,1,2,0.1397,2,False,1,16.5018,10.9874
raw_single_channel_phase_gat_team_mean_seed47,4107,0,1,0.221,1,False,0,24.8336,22.3854
raw_single_channel_phase_gat_team_mean_seed47,3049,1,0,-0.2807,0,False,1,27.23,24.4666
raw_single_channel_phase_gat_team_mean_seed47,2145,1,0,-0.3354,1,True,1,28.3444,36.7957
raw_single_channel_phase_gat_team_mean_seed47,1509,1,2,0.0537,1,True,1,7.2329,5.8959
raw_single_channel_phase_gat_team_mean_seed47,873,1,2,0.3589,1,True,1,37.1705,
raw_single_channel_phase_gat_team_mean_seed47,5067,2,1,-0.2383,1,False,2,31.4557,25.5345
raw_single_channel_phase_gat_team_mean_seed47,639,1,2,0.3525,1,True,1,36.0617,
raw_single_channel_phase_gat_team_mean_seed47,2500,1,0,-0.2491,1,True,1,28.4062,33.6831
raw_single_channel_phase_gat_team_mean_seed47,3992,2,1,-0.0977,1,False,2,14.2329,12.0237
raw_single_channel_phase_gat_team_mean_seed47,5187,0,1,0.0683,1,False,0,11.7513,10.3041
raw_single_channel_phase_gat_team_mean_seed47,4305,0,1,0.1869,1,False,0,27.7821,21.2093
raw_single_channel_phase_gat_team_mean_seed47,5450,0,1,0.178,1,False,0,28.5998,15.8478
raw_single_channel_phase_gat_team_mean_seed47,921,0,1,0.0488,1,False,0,6.9309,6.7075
raw_single_channel_phase_gat_team_mean_seed47,1215,1,0,-0.3472,0,False,1,40.2553,33.5568
raw_single_channel_phase_gat_team_mean_seed47,1660,1,0,-0.3609,1,True,1,32.0322,
raw_single_channel_phase_gat_team_mean_seed47,3652,1,2,0.3106,2,False,1,33.8739,39.2844
raw_single_channel_phase_gat_team_mean_seed47,1968,1,2,0.2294,2,False,1,32.5545,20.5548
raw_single_channel_phase_gat_team_mean_seed47,4342,1,0,-0.257,1,True,1,31.9519,25.9317
raw_single_channel_phase_gat_team_mean_seed47,4873,1,0,-0.1398,1,True,1,25.6418,16.6919
raw_single_channel_phase_gat_team_mean_seed47,1339,1,0,-0.0549,0,False,1,7.9671,12.6009
raw_single_channel_phase_gat_team_mean_seed47,2768,1,0,-0.2254,1,True,1,23.2201,17.7188
raw_single_channel_phase_gat_team_mean_seed47,5708,0,1,0.3621,1,False,0,57.4476,30.5845
raw_single_channel_phase_gat_team_mean_seed47,813,1,0,-0.3146,1,True,1,31.429,34.0265
raw_single_channel_phase_gat_team_mean_seed47,5648,1,2,0.2059,2,False,1,26.7579,20.6383
raw_single_channel_phase_gat_team_mean_seed47,1387,1,0,-0.3601,1,True,1,31.9969,
raw_single_channel_phase_gat_team_mean_seed47,3280,1,2,0.212,2,False,1,27.5568,18.7209
raw_single_channel_phase_gat_team_mean_seed47,3949,2,1,-0.3753,1,False,2,47.6476,53.762
raw_single_channel_phase_gat_team_mean_seed47,1444,1,0,-0.1213,0,False,1,14.0289,9.8896
raw_single_channel_phase_gat_team_mean_seed47,3780,2,1,-0.2118,1,False,2,29.7682,26.0881
raw_single_channel_phase_gat_team_mean_seed47,2154,1,2,0.2268,2,False,1,24.0432,21.3095
raw_single_channel_phase_gat_team_mean_seed47,1853,1,0,-0.2857,1,True,1,28.9622,30.6451
raw_single_channel_phase_gat_team_mean_seed47,1196,1,2,0.2661,1,True,1,28.7564,23.541
raw_single_channel_phase_gat_team_mean_seed47,2823,0,1,0.262,1,False,0,42.4833,26.4051
raw_single_channel_phase_gat_team_mean_seed47,5368,1,0,-0.1574,1,True,1,21.5838,16.7865
raw_single_channel_phase_gat_team_mean_seed47,3884,1,0,-0.1202,1,True,1,16.5957,9.9748
raw_single_channel_phase_gat_team_mean_seed47,886,1,2,0.3424,1,True,1,36.4285,32.9783
raw_single_channel_phase_gat_team_mean_seed47,5099,2,1,-0.0354,1,False,2,5.1959,7.2718
raw_single_channel_phase_gat_team_mean_seed47,4912,0,1,0.1974,1,False,0,28.5873,23.0661
raw_single_channel_phase_gat_team_mean_seed47,5530,1,0,-0.2166,1,True,1,23.7247,19.9698
raw_single_channel_phase_gat_team_mean_seed47,4407,1,0,-0.1206,1,True,1,21.6161,16.381
raw_single_channel_phase_gat_team_mean_seed47,654,1,0,-0.0905,0,False,1,12.6819,10.8571
raw_single_channel_phase_gat_team_mean_seed47,2707,1,2,0.2379,1,True,1,38.084,23.025
raw_single_channel_phase_gat_team_mean_seed47,680,1,0,-0.3006,0,False,1,22.7013,26.6682
raw_single_channel_phase_gat_team_mean_seed47,3656,1,0,-0.2965,1,True,1,33.2741,26.2201
raw_single_channel_phase_gat_team_mean_seed47,3037,1,2,0.3288,1,True,1,36.5508,36.5777
raw_single_channel_phase_gat_team_mean_seed47,5597,2,1,-0.0688,1,False,2,8.5406,10.8111
raw_single_channel_phase_gat_team_mean_seed47,4627,0,1,0.0714,1,False,0,8.597,9.1465
raw_single_channel_phase_gat_team_mean_seed47,3965,2,1,-0.399,1,False,2,56.567,52.8668
raw_single_channel_phase_gat_team_mean_seed47,6126,0,1,0.1115,1,False,0,18.957,14.3571
raw_single_channel_phase_gat_team_mean_seed47,5244,0,1,0.3836,1,False,0,57.7301,31.915
raw_single_channel_phase_gat_team_mean_seed47,5025,0,1,0.1149,1,False,0,19.9063,15.2455
raw_single_channel_phase_gat_team_mean_seed47,1518,1,2,0.219,2,False,1,31.5682,19.178
raw_single_channel_phase_gat_team_mean_seed47,4625,0,1,0.0839,1,False,0,11.1439,8.91
raw_single_channel_phase_gat_team_mean_seed47,4554,1,0,-0.2509,1,True,1,32.8648,23.1319
raw_single_channel_phase_gat_team_mean_seed47,5806,1,0,-0.2729,1,True,1,31.7658,21.7208
raw_single_channel_phase_gat_team_mean_seed47,1216,1,0,-0.35,0,False,1,37.6708,
raw_single_channel_phase_gat_team_mean_seed47,2579,2,1,-0.0918,1,False,2,15.596,13.0896
raw_single_channel_phase_gat_team_mean_seed47,4771,1,2,0.3149,2,False,1,25.5252,30.5691
raw_single_channel_phase_gat_team_mean_seed47,1357,0,1,0.1658,1,False,0,27.4121,19.0368
raw_single_channel_phase_gat_team_mean_seed47,5991,1,0,-0.1408,1,True,1,21.7136,18.7368
raw_single_channel_phase_gat_team_mean_seed47,812,1,0,-0.3217,1,True,1,30.1855,33.5597
raw_single_channel_phase_gat_team_mean_seed47,1988,1,2,0.299,1,True,1,33.3503,25.0995
raw_single_channel_phase_gat_team_mean_seed47,1679,1,0,-0.3392,1,True,1,29.2771,31.8687
raw_single_channel_phase_gat_team_mean_seed47,1903,1,2,0.2161,1,True,1,28.7639,18.0928
raw_single_channel_phase_gat_team_mean_seed47,4788,2,1,-0.1954,1,False,2,23.1444,24.4546
raw_single_channel_phase_gat_team_mean_seed47,5295,0,1,0.2655,1,False,0,32.0044,31.7385
raw_single_channel_phase_gat_team_mean_seed47,4802,2,1,-0.275,1,False,2,33.0271,26.5055
raw_single_channel_phase_gat_team_mean_seed47,6067,1,2,0.2994,2,False,1,28.4611,27.2455
raw_single_channel_phase_gat_team_mean_seed47,5183,1,0,-0.0842,0,False,1,13.502,11.599
raw_single_channel_phase_gat_team_mean_seed47,1073,2,1,-0.0352,1,False,1,4.293,3.3619
raw_single_channel_phase_gat_team_mean_seed47,468,2,1,-0.1146,1,False,2,17.4746,14.7193
raw_single_channel_phase_gat_team_mean_seed47,5075,2,1,-0.2531,1,False,2,31.0018,25.699
raw_single_channel_phase_gat_team_mean_seed47,6036,1,2,0.2021,1,True,1,16.1758,10.4894
raw_single_channel_phase_gat_team_mean_seed47,1913,1,2,0.3137,1,True,1,41.4169,27.3972
raw_single_channel_phase_gat_team_mean_seed47,2839,0,1,0.197,1,False,0,28.9558,22.1031
raw_single_channel_phase_gat_team_mean_seed47,3610,0,1,0.3908,1,False,0,47.6069,33.7409
raw_single_channel_phase_gat_team_mean_seed47,2445,1,2,0.0358,1,True,1,3.5065,3.8823
raw_single_channel_phase_gat_team_mean_seed47,3132,2,1,-0.3785,1,False,2,44.0996,66.2805
raw_single_channel_phase_gat_team_mean_seed47,4514,1,2,0.1578,2,False,1,20.3699,19.9375
raw_single_channel_phase_gat_team_mean_seed47,5538,1,0,-0.2175,1,True,1,22.945,17.5643
raw_single_channel_phase_gat_team_mean_seed47,2366,2,1,-0.3598,1,False,2,48.7914,72.9433
raw_single_channel_phase_gat_team_mean_seed47,3639,1,2,0.1663,2,False,1,21.9975,19.3586
raw_single_channel_phase_gat_team_mean_seed47,2113,1,0,-0.1616,1,True,1,15.847,12.8809
raw_single_channel_phase_gat_team_mean_seed47,4667,1,0,-0.1434,0,False,1,15.049,13.6196
raw_single_channel_phase_gat_team_mean_seed47,5409,1,2,0.2008,1,True,1,21.3163,8.6512
raw_single_channel_phase_gat_team_mean_seed47,4264,1,0,-0.2305,1,True,1,36.923,23.9916
raw_single_channel_phase_gat_team_mean_seed47,493,1,2,0.1677,1,True,1,19.2983,17.5894
raw_single_channel_phase_gat_team_mean_seed47,5094,1,2,0.1114,2,False,1,13.3777,11.5811
raw_single_channel_phase_gat_team_mean_seed47,6003,0,1,0.1899,1,False,0,25.7092,18.4669
raw_single_channel_phase_gat_team_mean_seed47,2716,1,2,0.2981,1,True,1,38.26,25.0879
raw_single_channel_phase_gat_team_mean_seed47,3899,1,2,0.1012,1,True,1,10.3821,6.704
raw_single_channel_phase_gat_team_mean_seed47,1819,1,0,-0.2702,1,True,1,23.8546,24.5805
raw_single_channel_phase_gat_team_mean_seed47,2447,1,2,0.0672,2,False,1,8.7503,5.8707
raw_single_channel_phase_gat_team_mean_seed47,2662,0,1,0.0742,1,False,0,9.6377,9.5443
raw_single_channel_phase_gat_team_mean_seed47,4934,0,1,0.0362,1,False,1,7.1721,8.0525
raw_single_channel_phase_gat_team_mean_seed47,3944,2,1,-0.2797,1,False,2,42.0603,40.9599
raw_single_channel_phase_gat_team_mean_seed47,5832,0,1,0.3886,1,False,0,45.8549,32.7647
raw_single_channel_phase_gat_team_mean_seed47,5436,1,0,-0.2269,1,True,1,34.9116,16.5352
raw_single_channel_phase_gat_team_mean_seed47,539,1,0,-0.1579,0,False,1,16.546,12.6294
raw_single_channel_phase_gat_team_mean_seed47,2570,2,1,-0.2165,1,False,2,26.4404,25.7808
raw_single_channel_phase_gat_team_mean_seed47,2455,1,2,0.2379,2,False,1,27.5693,17.8566
raw_single_channel_phase_gat_team_mean_seed47,6118,0,1,0.074,1,False,0,10.6072,10.3582
raw_single_channel_phase_gat_team_mean_seed47,2539,1,0,-0.2092,1,True,1,21.1461,17.1922
raw_single_channel_phase_gat_team_mean_seed47,3852,1,2,0.1724,2,False,1,23.5922,26.1538
raw_single_channel_phase_gat_team_mean_seed47,1044,1,0,-0.1568,1,True,1,20.4895,20.3154
raw_single_channel_phase_gat_team_mean_seed47,2155,1,2,0.208,2,False,1,24.4469,18.813
raw_single_channel_phase_gat_team_mean_seed47,4293,0,1,0.0395,1,False,1,6.1075,6.3355
raw_single_channel_phase_gat_team_mean_seed47,4530,1,2,0.0475,2,False,1,7.5125,7.4748
raw_single_channel_phase_gat_team_mean_seed47,2094,1,2,0.2108,1,True,1,24.5796,18.5783
raw_single_channel_phase_gat_team_mean_seed47,6052,1,2,0.0397,1,True,1,8.4319,4.5748
raw_single_channel_phase_gat_team_mean_seed47,4037,0,1,0.0454,1,False,1,10.7797,9.0777
raw_single_channel_phase_gat_team_mean_seed47,4896,1,0,-0.0646,0,False,1,12.8464,9.1255
raw_single_channel_phase_gat_team_mean_seed47,4063,1,0,-0.1686,0,False,1,18.6804,13.4899
raw_single_channel_phase_gat_team_mean_seed47,4949,0,1,0.1733,1,False,0,27.8566,21.7641
raw_single_channel_phase_gat_team_mean_seed47,4422,1,0,-0.2061,1,True,1,26.7367,22.6838
raw_single_channel_phase_gat_team_mean_seed47,4060,1,0,-0.0319,0,False,1,5.0886,4.8637
raw_single_channel_phase_gat_team_mean_seed47,5514,1,0,-0.0846,1,True,1,9.4262,7.0221
raw_single_channel_phase_gat_team_mean_seed47,5456,0,1,0.0806,1,False,0,11.6655,11.4602
raw_single_channel_phase_gat_team_mean_seed47,3472,2,1,-0.1526,1,False,2,21.9099,19.3009
raw_single_channel_phase_gat_team_mean_seed47,5307,1,2,0.092,1,True,1,6.8858,7.1095
raw_single_channel_phase_gat_team_mean_seed47,5061,2,1,-0.2161,1,False,2,27.2736,20.4972
raw_single_channel_phase_gat_team_mean_seed47,1229,1,0,-0.2193,0,False,1,24.8623,29.6561
raw_single_channel_phase_gat_team_mean_seed47,6001,0,1,0.0979,1,False,0,16.2642,11.2136
raw_single_channel_phase_gat_team_mean_seed47,5364,1,0,-0.1874,1,True,1,25.3493,16.7935
raw_single_channel_phase_gat_team_mean_seed47,2535,1,0,-0.201,1,True,1,18.1442,16.2791
raw_single_channel_phase_gat_team_mean_seed47,1151,1,0,-0.3441,1,True,1,30.9904,36.1453
raw_single_channel_phase_gat_team_mean_seed47,3328,2,1,-0.1099,1,False,2,14.1042,14.0866
raw_single_channel_phase_gat_team_mean_seed47,1458,1,0,-0.2373,0,False,1,20.6259,20.6717
raw_single_channel_phase_gat_team_mean_seed47,3254,2,1,-0.268,1,False,2,32.3086,30.4522
raw_single_channel_phase_gat_team_mean_seed47,864,1,0,-0.3321,1,True,1,33.5104,33.8117
raw_single_channel_phase_gat_team_mean_seed47,1879,1,2,0.2117,2,False,1,30.4894,25.2923
raw_single_channel_phase_gat_team_mean_seed47,566,1,0,-0.3012,1,True,1,36.0916,29.3955
raw_single_channel_phase_gat_team_mean_seed47,4076,0,1,0.1994,1,False,0,25.3655,19.8836
raw_single_channel_phase_gat_team_mean_seed47,5092,1,2,0.1253,2,False,1,15.206,11.4447
raw_single_channel_phase_gat_team_mean_seed47,5562,0,1,0.087,1,False,0,12.9221,10.9034
raw_single_channel_phase_gat_team_mean_seed47,5423,1,0,-0.0972,0,False,1,14.6403,12.3066
raw_single_channel_phase_gat_team_mean_seed47,5495,1,0,-0.0902,1,True,1,10.5874,7.8664
raw_single_channel_phase_gat_team_mean_seed47,4476,1,0,-0.0503,0,False,1,6.4182,6.5435
raw_single_channel_phase_gat_team_mean_seed47,3684,0,1,0.151,1,False,0,28.4835,19.509
raw_single_channel_phase_gat_team_mean_seed47,2106,1,2,0.233,2,False,1,32.0909,22.0783
raw_single_channel_phase_gat_team_mean_seed47,5796,1,2,0.2484,1,True,1,22.1521,16.5145
raw_single_channel_phase_gat_team_mean_seed47,1070,1,2,0.2296,1,True,1,25.6346,21.7097
raw_single_channel_phase_gat_team_mean_seed47,4410,0,1,0.0717,1,False,0,12.8751,13.2196
raw_single_channel_phase_gat_team_mean_seed47,4664,1,0,-0.1441,0,False,1,16.0053,15.4508
raw_single_channel_phase_gat_team_mean_seed47,3264,2,1,-0.29,1,False,2,38.0259,30.958
raw_single_channel_phase_gat_team_mean_seed47,3023,1,2,0.1165,2,False,1,16.5444,19.3768
raw_single_channel_phase_gat_team_mean_seed47,5165,1,0,-0.2976,1,True,1,40.9559,31.1983
raw_single_channel_phase_gat_team_mean_seed47,5340,1,2,0.3122,2,False,1,33.4531,30.6733
raw_single_channel_phase_gat_team_mean_seed47,1687,2,1,-0.0781,1,False,2,14.1447,10.9958
raw_single_channel_phase_gat_team_mean_seed47,3786,2,1,-0.2665,1,False,2,35.6436,23.468
raw_single_channel_phase_gat_team_mean_seed47,4691,1,2,0.2021,2,False,1,21.5312,15.6849
raw_single_channel_phase_gat_team_mean_seed47,1380,1,0,-0.353,0,False,1,42.753,
raw_single_channel_phase_gat_team_mean_seed47,949,1,2,0.3154,1,True,1,33.7386,22.7976
raw_single_channel_phase_gat_team_mean_seed47,5786,1,2,0.0867,1,True,1,8.9631,7.1243
raw_single_channel_phase_gat_team_mean_seed47,2639,1,0,-0.1477,1,True,1,14.9104,11.2918
raw_single_channel_phase_gat_team_mean_seed47,2761,1,2,0.168,2,False,1,22.1861,15.6084
raw_single_channel_phase_gat_team_mean_seed47,651,1,0,-0.3558,1,True,1,30.4632,
raw_single_channel_phase_gat_team_mean_seed47,3863,1,0,-0.1458,0,False,1,15.1097,10.4901
raw_single_channel_phase_gat_team_mean_seed47,1692,2,1,-0.1571,1,False,2,25.1136,18.7072
raw_single_channel_phase_gat_team_mean_seed47,5503,1,0,-0.0811,1,True,1,10.3008,9.5732
raw_single_channel_phase_gat_team_mean_seed47,1416,0,1,0.0769,1,False,0,13.1397,11.2127
raw_single_channel_phase_gat_team_mean_seed47,2524,1,2,0.2706,1,True,1,33.6193,26.2428
raw_single_channel_phase_gat_team_mean_seed47,5722,0,1,0.2451,1,False,0,33.937,24.5539
raw_single_channel_phase_gat_team_mean_seed47,3964,2,1,-0.3957,1,False,2,56.267,52.9392
raw_single_channel_phase_gat_team_mean_seed47,5285,1,0,-0.2494,1,True,1,44.987,24.365
raw_single_channel_phase_gat_team_mean_seed47,3864,1,0,-0.1242,0,False,1,14.6159,11.0032
raw_single_channel_phase_gat_team_mean_seed47,3018,2,1,-0.0586,1,False,2,11.6721,9.2293
raw_single_channel_phase_gat_team_mean_seed47,4812,2,1,-0.2639,1,False,2,41.3456,22.842
raw_single_channel_phase_gat_team_mean_seed47,684,1,2,0.2496,2,False,1,27.0466,17.8257
raw_single_channel_phase_gat_team_mean_seed47,2221,1,2,0.3572,1,True,1,31.2395,
raw_single_channel_phase_gat_team_mean_seed47,5541,1,0,-0.2036,1,True,1,17.8803,17.6874
raw_single_channel_phase_gat_team_mean_seed47,4846,1,0,-0.1714,1,True,1,24.6208,17.1591
raw_single_channel_phase_gat_team_mean_seed47,1785,1,0,-0.0565,0,False,1,8.2836,8.4515
raw_single_channel_phase_gat_team_mean_seed47,4498,1,0,-0.2693,1,True,1,31.0971,23.3804
raw_single_channel_phase_gat_team_mean_seed47,1324,1,0,-0.1639,0,False,1,25.4354,27.6021
raw_single_channel_phase_gat_team_mean_seed47,3551,1,0,-0.1045,0,False,1,14.0046,12.5041
raw_single_channel_phase_gat_team_mean_seed47,1399,1,0,-0.1343,1,True,1,11.5844,9.1442
raw_single_channel_phase_gat_team_mean_seed47,3364,2,1,-0.3908,1,False,2,49.6845,57.4852
raw_single_channel_phase_gat_team_mean_seed47,2359,2,1,-0.3629,1,False,2,47.7872,69.6692
raw_single_channel_phase_gat_team_mean_seed47,4782,2,1,-0.1892,1,False,2,19.4928,27.4056
raw_single_channel_phase_gat_team_mean_seed47,5396,1,0,-0.2967,1,True,1,34.6341,26.9263
raw_single_channel_phase_gat_team_mean_seed47,6050,2,1,-0.0498,1,False,1,8.3858,5.6959
raw_single_channel_phase_gat_team_mean_seed47,4220,2,1,-0.2168,1,False,2,29.689,24.3071
raw_single_channel_phase_gat_team_mean_seed47,5891,1,2,0.2503,2,False,1,21.422,19.1679
raw_single_channel_phase_gat_team_mean_seed47,6043,1,2,0.1817,1,True,1,15.1474,16.9095
raw_single_channel_phase_gat_team_mean_seed47,1166,1,2,0.0787,1,True,1,8.1566,7.9165
raw_single_channel_phase_gat_team_mean_seed47,6018,1,0,-0.1165,0,False,1,18.3638,14.8314
raw_single_channel_phase_gat_team_mean_seed47,5604,1,2,0.1814,2,False,1,21.3994,17.9994
raw_single_channel_phase_gat_team_mean_seed47,1203,1,2,0.2529,1,True,1,36.0118,24.9172
raw_single_channel_phase_gat_team_mean_seed47,4282,1,2,0.1578,2,False,1,17.5833,14.7723
raw_single_channel_phase_gat_team_mean_seed47,3937,2,1,-0.2004,1,False,2,36.6633,37.251
raw_single_channel_phase_gat_team_mean_seed47,5941,1,0,-0.3332,1,True,1,38.9097,23.2216
raw_single_channel_phase_gat_team_mean_seed47,1265,2,1,-0.0334,1,False,1,6.5485,5.3961
raw_single_channel_phase_gat_team_mean_seed47,2147,1,2,0.3567,1,True,1,41.9626,
raw_single_channel_phase_gat_team_mean_seed47,3077,1,0,-0.206,0,False,1,19.8144,21.9844
raw_single_channel_phase_gat_team_mean_seed47,2732,1,0,-0.2219,0,False,1,23.6337,24.1188
raw_single_channel_phase_gat_team_mean_seed47,2921,1,0,-0.2835,0,False,1,29.063,27.9195
raw_single_channel_phase_gat_team_mean_seed47,5174,1,0,-0.1528,1,True,1,25.1695,22.9815
raw_single_channel_phase_gat_team_mean_seed47,1948,1,0,-0.051,0,False,1,7.4887,5.8473
raw_single_channel_phase_gat_team_mean_seed47,3746,1,2,0.3305,2,False,1,27.2653,23.9124
raw_single_channel_phase_gat_team_mean_seed47,2285,2,1,-0.3976,1,False,2,50.9681,68.6943
raw_single_channel_phase_gat_team_mean_seed47,1483,2,1,-0.2232,1,False,2,28.6572,26.3596
raw_single_channel_phase_gat_team_mean_seed47,5159,1,2,0.2076,2,False,1,32.6802,27.8555
raw_single_channel_phase_gat_team_mean_seed47,845,1,0,-0.3359,1,True,1,28.1792,32.5988
raw_single_channel_phase_gat_team_mean_seed47,3649,1,2,0.2056,2,False,1,23.3366,21.2072
raw_single_channel_phase_gat_team_mean_seed47,2313,1,2,0.0623,2,False,1,10.0988,12.0682
raw_single_channel_phase_gat_team_mean_seed47,2794,0,1,0.2275,1,False,0,37.5417,24.7251
raw_single_channel_phase_gat_team_mean_seed47,4211,2,1,-0.1824,1,False,2,25.7678,20.3089
raw_single_channel_phase_gat_team_mean_seed47,4233,1,2,0.0369,2,False,1,5.526,5.1534
raw_single_channel_phase_gat_team_mean_seed47,2496,1,0,-0.1366,0,False,1,17.9356,20.9737
raw_single_channel_phase_gat_team_mean_seed47,4069,0,1,0.0426,1,False,1,6.6535,10.6253
raw_single_channel_phase_gat_team_mean_seed47,2859,1,0,-0.1213,0,False,1,14.9718,9.0979
raw_single_channel_phase_gat_team_mean_seed47,5985,0,1,0.0358,1,False,1,6.1488,6.453
raw_single_channel_phase_gat_team_mean_seed47,1391,1,0,-0.3134,1,True,1,25.1508,27.6035
raw_single_channel_phase_gat_team_mean_seed47,560,1,2,0.3363,1,True,1,31.2102,34.4668
raw_single_channel_phase_gat_team_mean_seed47,4601,0,1,0.15,1,False,0,18.0435,15.5333
raw_single_channel_phase_gat_team_mean_seed47,2897,1,0,-0.3079,0,False,1,32.6176,25.8943
raw_single_channel_phase_gat_team_mean_seed47,5846,0,1,0.1843,1,False,0,21.6028,20.2291
raw_single_channel_phase_gat_team_mean_seed47,4858,1,0,-0.2824,1,True,1,27.7787,26.3911
raw_single_channel_phase_gat_team_mean_seed47,5979,0,1,0.2814,1,False,0,47.8287,21.6605
raw_single_channel_phase_gat_team_mean_seed47,5992,1,0,-0.13,1,True,1,19.3845,17.7444
raw_single_channel_phase_gat_team_mean_seed47,2780,0,1,0.1446,1,False,0,25.3627,21.8977
raw_single_channel_phase_gat_team_mean_seed47,1378,1,0,-0.3171,0,False,1,37.9875,34.2995
raw_single_channel_phase_gat_team_mean_seed47,4518,2,1,-0.1179,1,False,2,12.7332,14.4753
raw_single_channel_phase_gat_team_mean_seed47,862,1,0,-0.3311,1,True,1,31.979,32.4036
raw_single_channel_phase_gat_team_mean_seed47,6089,0,1,0.2267,1,False,0,26.1261,26.0074
raw_single_channel_phase_gat_team_mean_seed47,2300,1,2,0.129,2,False,1,18.7371,14.2018
raw_single_channel_phase_gat_team_mean_seed47,2735,1,0,-0.1977,1,True,1,21.4233,19.6231
raw_single_channel_phase_gat_team_mean_seed47,4744,1,0,-0.2756,1,True,1,32.7781,26.5605
raw_single_channel_phase_gat_team_mean_seed47,4614,0,1,0.0792,1,False,0,12.3477,8.7306
raw_single_channel_phase_gat_team_mean_seed47,495,1,2,0.1336,2,False,1,20.0726,14.9429
raw_single_channel_phase_gat_team_mean_seed47,3420,0,1,0.125,1,False,0,21.4458,12.6226
raw_single_channel_phase_gat_team_mean_seed47,5176,1,0,-0.148,1,True,1,24.2686,20.1782
raw_single_channel_phase_gat_team_mean_seed47,3614,0,1,0.2605,1,False,0,32.6751,24.3528
raw_single_channel_phase_gat_team_mean_seed47,2172,1,2,0.2089,1,True,1,27.8505,26.2575
raw_single_channel_phase_gat_team_mean_seed47,586,1,0,-0.2718,1,True,1,28.4517,29.5138
raw_single_channel_phase_gat_team_mean_seed47,1477,2,1,-0.2758,1,False,2,35.1209,34.9049
raw_single_channel_phase_gat_team_mean_seed47,3208,1,2,0.165,2,False,1,19.6225,14.2088
raw_single_channel_phase_gat_team_mean_seed47,1863,1,2,0.2922,1,True,1,37.97,26.5807
raw_single_channel_phase_gat_team_mean_seed47,6097,0,1,0.3504,1,False,0,44.7453,34.768
raw_single_channel_phase_gat_team_mean_seed47,1864,1,2,0.2827,1,True,1,35.9412,24.9001
raw_single_channel_phase_gat_team_mean_seed47,1000,1,0,-0.1945,0,False,1,24.9919,26.2171
raw_single_channel_phase_gat_team_mean_seed47,3522,1,0,-0.2393,1,True,1,31.4205,19.5241
raw_single_channel_phase_gat_team_mean_seed47,3919,2,1,-0.1292,1,False,2,17.5654,15.5084
raw_single_channel_phase_gat_team_mean_seed47,5647,1,2,0.2114,2,False,1,26.9156,19.9256
raw_single_channel_phase_gat_team_mean_seed47,2995,1,0,-0.2087,0,False,1,26.5337,23.2175
raw_single_channel_phase_gat_team_mean_seed47,4774,1,2,0.2065,2,False,1,20.861,23.3837
raw_single_channel_phase_gat_team_mean_seed47,4308,0,1,0.0491,1,False,1,7.6832,5.8123
raw_single_channel_phase_gat_team_mean_seed47,492,1,2,0.194,1,True,1,19.7599,17.6434
raw_single_channel_phase_gat_team_mean_seed47,4169,1,0,-0.161,1,True,1,19.5347,13.7418
raw_single_channel_phase_gat_team_mean_seed47,3671,1,0,-0.2097,1,True,1,32.5988,20.0397
raw_single_channel_phase_gat_team_mean_seed47,508,1,0,-0.2206,1,True,1,18.7102,17.6711
raw_single_channel_phase_gat_team_mean_seed47,1046,1,0,-0.2318,1,True,1,21.5995,11.3987
raw_single_channel_phase_gat_team_mean_seed47,2163,1,2,0.1448,2,False,1,17.5936,16.7087
raw_single_channel_phase_gat_team_mean_seed47,2799,0,1,0.2393,1,False,0,36.1333,28.0893
raw_single_channel_phase_gat_team_mean_seed47,5730,1,0,-0.0859,1,True,1,12.2942,8.8648
raw_single_channel_phase_gat_team_mean_seed47,4143,1,2,0.2716,2,False,1,31.1295,19.6089
raw_single_channel_phase_gat_team_mean_seed47,2301,1,2,0.1495,2,False,1,20.9298,17.1338
raw_single_channel_phase_gat_team_mean_seed47,879,1,0,-0.2859,1,True,1,30.7037,26.2415
raw_single_channel_phase_gat_team_mean_seed47,1601,0,1,0.0866,1,False,0,13.9296,11.8326
raw_single_channel_phase_gat_team_mean_seed47,2645,0,1,0.1267,1,False,0,15.3961,15.5234
raw_single_channel_phase_gat_team_mean_seed47,2888,1,0,-0.3441,0,False,1,35.6574,31.146
raw_single_channel_phase_gat_team_mean_seed47,4130,1,0,-0.285,1,True,1,40.9525,28.9919
raw_single_channel_phase_gat_team_mean_seed47,2527,1,0,-0.3177,0,False,1,27.7729,28.5463
raw_single_channel_phase_gat_team_mean_seed47,2329,2,1,-0.3401,1,False,2,37.4851,67.8297
raw_single_channel_phase_gat_team_mean_seed47,770,1,0,-0.1968,1,True,1,24.3925,25.5815
raw_single_channel_phase_gat_team_mean_seed47,5947,1,0,-0.2156,1,True,1,24.6027,17.9813
raw_single_channel_phase_gat_team_mean_seed47,1633,0,1,0.3664,1,False,0,45.3661,33.1295
raw_single_channel_phase_gat_team_mean_seed47,632,1,0,-0.1833,1,True,1,21.0768,16.8401
raw_single_channel_phase_gat_team_mean_seed47,2417,1,2,0.2141,2,False,1,31.5323,19.292
raw_single_channel_phase_gat_team_mean_seed47,2908,1,0,-0.2718,0,False,1,29.766,25.7952
raw_single_channel_phase_gat_team_mean_seed47,1733,1,0,-0.1088,0,False,1,15.8792,12.1744
raw_single_channel_phase_gat_team_mean_seed47,496,1,2,0.1344,2,False,1,20.0428,15.8897
raw_single_channel_phase_gat_team_mean_seed47,683,1,2,0.2882,2,False,1,31.9781,19.6681
raw_single_channel_phase_gat_team_mean_seed47,5839,0,1,0.3061,1,False,0,34.7397,30.1369
raw_single_channel_phase_gat_team_mean_seed47,2651,0,1,0.1609,1,False,0,18.2485,22.4945
raw_single_channel_phase_gat_team_mean_seed47,4227,2,1,-0.1187,1,False,2,16.6836,17.549
raw_single_channel_phase_gat_team_mean_seed47,2827,0,1,0.2605,1,False,0,43.5887,30.6026
raw_single_channel_phase_gat_team_mean_seed47,6084,0,1,0.1443,1,False,0,17.8752,18.7967
raw_single_channel_phase_gat_team_mean_seed47,1169,1,2,0.0486,2,False,2,6.757,6.2545
raw_single_channel_phase_gat_team_mean_seed47,2142,1,0,-0.3351,1,True,1,28.0054,37.848
raw_single_channel_phase_gat_team_mean_seed47,5369,1,0,-0.1521,1,True,1,23.5698,16.9332
raw_single_channel_phase_gat_team_mean_seed47,5911,1,2,0.1453,2,False,1,19.0685,11.7299
raw_single_channel_phase_gat_team_mean_seed47,4817,2,1,-0.0846,1,False,2,11.6101,12.4538
raw_single_channel_phase_gat_team_mean_seed47,2421,2,1,-0.0325,1,False,1,5.7865,5.6124
raw_single_channel_phase_gat_team_mean_seed47,3658,1,0,-0.2684,1,True,1,29.2358,24.3806
raw_single_channel_phase_gat_team_mean_seed47,2412,2,1,-0.0731,1,False,2,13.776,9.6192
raw_single_channel_phase_gat_team_mean_seed47,5228,0,1,0.364,1,False,0,39.4198,26.9806
raw_single_channel_phase_gat_team_mean_seed47,1183,1,2,0.1361,1,True,1,13.952,15.8473
raw_single_channel_phase_gat_team_mean_seed47,3156,2,1,-0.3998,1,False,2,51.5511,78.7749
raw_single_channel_phase_gat_team_mean_seed47,4346,0,1,0.0756,1,False,0,10.9849,10.491
raw_single_channel_phase_gat_team_mean_seed47,2626,1,2,0.1341,2,False,1,19.3046,14.6074
raw_single_channel_phase_gat_team_mean_seed47,430,1,2,0.1592,1,True,1,19.5757,17.3147
raw_single_channel_phase_gat_team_mean_seed47,3905,2,1,-0.0353,1,False,1,3.0568,3.8629
raw_single_channel_phase_gat_team_mean_seed47,3012,1,2,0.1359,2,False,1,24.2102,20.9093
raw_single_channel_phase_gat_team_mean_seed47,1481,2,1,-0.2315,1,False,2,30.4132,29.7188
raw_single_channel_phase_gat_team_mean_seed47,4784,2,1,-0.1767,1,False,2,20.8311,24.279
raw_single_channel_phase_gat_team_mean_seed47,3646,1,2,0.2569,2,False,1,26.9807,22.3661
raw_single_channel_phase_gat_team_mean_seed47,4860,1,0,-0.1682,1,True,1,20.3809,11.5065
raw_single_channel_phase_gat_team_mean_seed47,5390,1,0,-0.0843,1,True,1,13.8647,10.3867
raw_single_channel_phase_gat_team_mean_seed47,760,0,1,0.2229,1,False,0,33.5731,22.2988
raw_single_channel_phase_gat_team_mean_seed47,6037,1,2,0.2093,1,True,1,14.7154,15.4498
raw_single_channel_phase_gat_team_mean_seed47,2017,1,0,-0.218,0,False,1,20.597,14.1351
raw_single_channel_phase_gat_team_mean_seed47,2571,2,1,-0.2005,1,False,2,25.2632,21.7387
raw_single_channel_phase_gat_team_mean_seed47,2736,1,0,-0.1894,1,True,1,21.4012,17.5318
raw_single_channel_phase_gat_team_mean_seed47,4429,1,2,0.048,1,True,1,6.4923,7.7289
raw_single_channel_phase_gat_team_mean_seed47,4156,1,0,-0.2266,1,True,1,26.0582,17.5191
raw_single_channel_phase_gat_team_mean_seed47,3404,1,0,-0.2796,1,True,1,38.0017,27.8075
raw_single_channel_phase_gat_team_mean_seed47,2461,1,0,-0.3258,0,False,1,33.9131,35.9379
raw_single_channel_phase_gat_team_mean_seed47,2128,1,0,-0.3495,1,True,1,28.8142,
raw_single_channel_phase_gat_team_mean_seed47,623,1,2,0.1981,1,True,1,24.5831,19.8154
raw_single_channel_phase_gat_team_mean_seed47,1964,1,0,-0.2293,0,False,1,27.5943,31.4837
raw_single_channel_phase_gat_team_mean_seed47,4931,0,1,0.1338,1,False,0,27.0062,15.9748
raw_single_channel_phase_gat_team_mean_seed47,3955,2,1,-0.3725,1,False,2,51.2606,60.7319
raw_single_channel_phase_gat_team_mean_seed47,5761,1,0,-0.1523,1,True,1,20.8996,17.7599
raw_single_channel_phase_gat_team_mean_seed47,2522,1,2,0.2278,1,True,1,33.1091,27.8844
raw_single_channel_phase_gat_team_mean_seed47,3252,2,1,-0.2154,1,False,2,26.7678,25.5532
raw_single_channel_phase_gat_team_mean_seed47,5221,0,1,0.0952,1,False,0,9.8031,11.7623
raw_single_channel_phase_gat_team_mean_seed47,3004,1,2,0.2948,1,True,1,37.5481,23.465
raw_single_channel_phase_gat_team_mean_seed47,4457,1,0,-0.2706,1,True,1,39.3059,29.0277
raw_single_channel_phase_gat_team_mean_seed47,588,1,0,-0.3157,1,True,1,31.0779,27.8362
raw_single_channel_phase_gat_team_mean_seed47,6053,1,2,0.0539,1,True,1,9.4675,6.2438
raw_single_channel_phase_gat_team_mean_seed47,3149,2,1,-0.3801,1,False,2,41.2158,64.4529
raw_single_channel_phase_gat_team_mean_seed47,440,2,1,-0.2046,1,False,2,23.9791,20.1883
raw_single_channel_phase_gat_team_mean_seed47,3569,1,0,-0.195,1,True,1,21.7079,20.1041
raw_single_channel_phase_gat_team_mean_seed47,3660,1,0,-0.2634,1,True,1,28.1747,22.6926
raw_single_channel_phase_gat_team_mean_seed47,1478,2,1,-0.2598,1,False,2,34.6262,33.9919
raw_single_channel_phase_gat_team_mean_seed47,4189,1,2,0.2894,2,False,1,32.6273,30.028
raw_single_channel_phase_gat_team_mean_seed47,1893,1,2,0.1307,1,True,1,16.3134,15.1046
raw_single_channel_phase_gat_team_mean_seed47,4621,0,1,0.0886,1,False,0,11.818,11.3686
raw_single_channel_phase_gat_team_mean_seed47,3609,0,1,0.395,1,False,0,46.8965,33.0229
raw_single_channel_phase_gat_team_mean_seed47,5013,0,1,0.0844,1,False,0,17.7422,14.649
raw_single_channel_phase_gat_team_mean_seed47,3927,2,1,-0.1809,1,False,2,24.7313,19.6773
raw_single_channel_phase_gat_team_mean_seed47,609,1,2,0.2937,1,True,1,34.5519,25.1906
raw_single_channel_phase_gat_team_mean_seed47,3557,1,0,-0.2381,1,True,1,25.5932,21.3249
raw_single_channel_phase_gat_team_mean_seed47,2031,0,1,0.275,1,False,0,38.8728,26.564
raw_single_channel_phase_gat_team_mean_seed47,759,0,1,0.1949,1,False,0,31.0498,19.4787
raw_single_channel_phase_gat_team_mean_seed47,5611,1,2,0.2994,2,False,1,30.8229,30.4521
raw_single_channel_phase_gat_team_mean_seed47,4273,2,1,-0.0831,1,False,2,11.7215,10.0191
raw_single_channel_phase_gat_team_mean_seed47,1670,1,0,-0.282,1,True,1,27.3851,27.7954
raw_single_channel_phase_gat_team_mean_seed47,3271,2,1,-0.2938,1,False,2,36.6489,26.4864
raw_single_channel_phase_gat_team_mean_seed47,3476,2,1,-0.1655,1,False,2,22.9988,19.4037
raw_single_channel_phase_gat_team_mean_seed47,529,1,2,0.356,2,False,1,39.5224,
raw_single_channel_phase_gat_team_mean_seed47,3209,1,2,0.1832,2,False,1,20.0863,14.9306
raw_single_channel_phase_gat_team_mean_seed47,1530,2,1,-0.0332,1,False,1,3.9227,3.9851
raw_single_channel_phase_gat_team_mean_seed47,838,1,0,-0.2844,1,True,1,33.4434,29.3663
raw_single_channel_phase_gat_team_mean_seed47,1922,2,1,-0.0566,1,False,2,13.5493,8.2539
raw_single_channel_phase_gat_team_mean_seed47,4650,1,0,-0.1968,0,False,1,24.2075,17.8191
raw_single_channel_phase_gat_team_mean_seed47,1662,1,0,-0.3367,1,True,1,26.3253,39.1547
raw_single_channel_phase_gat_team_mean_seed47,2600,1,2,0.1754,2,False,1,34.5604,23.5259
raw_single_channel_phase_gat_team_mean_seed47,5913,1,2,0.2255,1,True,1,24.4581,18.9262
raw_single_channel_phase_gat_team_mean_seed47,5863,1,0,-0.0518,1,True,1,8.2644,8.6958
raw_single_channel_phase_gat_team_mean_seed47,4215,2,1,-0.2272,1,False,2,28.7965,24.0392
raw_single_channel_phase_gat_team_mean_seed47,4017,1,2,0.3499,2,False,1,36.6823,
raw_single_channel_phase_gat_team_mean_seed47,2726,1,0,-0.2684,1,True,1,27.2319,23.345
raw_single_channel_phase_gat_team_mean_seed47,3410,0,1,0.052,1,False,1,7.6256,9.8441
raw_single_channel_phase_gat_team_mean_seed47,3284,1,2,0.2287,2,False,1,27.5974,17.6177
raw_single_channel_phase_gat_team_mean_seed47,2592,1,2,0.1105,2,False,1,14.1974,13.3834
raw_single_channel_phase_gat_team_mean_seed47,3330,2,1,-0.1228,1,False,2,17.0486,13.7853
raw_single_channel_phase_gat_team_mean_seed47,4122,1,0,-0.1806,1,True,1,30.1437,20.5112
raw_single_channel_phase_gat_team_mean_seed47,4602,0,1,0.1526,1,False,0,18.9701,16.752
raw_single_channel_phase_gat_team_mean_seed47,2331,2,1,-0.3481,1,False,2,39.0293,59.9447
raw_single_channel_phase_gat_team_mean_seed47,1541,1,0,-0.1192,0,False,1,14.2793,12.9347
raw_single_channel_phase_gat_team_mean_seed47,2605,2,1,-0.1806,1,False,2,23.8602,21.2025
raw_single_channel_phase_gat_team_mean_seed47,4196,2,1,-0.0388,1,False,2,6.1985,6.8943
raw_single_channel_phase_gat_team_mean_seed47,4772,1,2,0.2723,2,False,1,24.2082,24.4885
raw_single_channel_phase_gat_team_mean_seed47,1213,1,0,-0.3318,0,False,1,35.0993,31.0633
raw_single_channel_phase_gat_team_mean_seed47,4979,0,1,0.1561,1,False,0,31.1372,17.3702
raw_single_channel_phase_gat_team_mean_seed47,1282,1,2,0.1782,2,False,1,20.4969,16.5732
raw_single_channel_phase_gat_team_mean_seed47,847,1,0,-0.357,1,True,1,31.4743,
raw_single_channel_phase_gat_team_mean_seed47,1646,1,2,0.2888,1,True,1,31.4417,22.4219
raw_single_channel_phase_gat_team_mean_seed47,2002,1,0,-0.1389,0,False,1,16.7997,7.006
raw_single_channel_phase_gat_team_mean_seed47,2882,1,2,0.3486,1,True,1,34.2532,
raw_single_channel_phase_gat_team_mean_seed47,915,1,0,-0.3239,1,True,1,35.1293,35.2436
raw_single_channel_phase_gat_team_mean_seed47,5004,0,1,0.1341,1,False,0,24.6313,17.9662
raw_single_channel_phase_gat_team_mean_seed47,3739,0,1,0.3173,1,False,0,48.3329,24.5821
raw_single_channel_phase_gat_team_mean_seed47,2234,1,0,-0.3596,1,True,1,39.4254,
raw_single_channel_phase_gat_team_mean_seed47,3175,1,2,0.1685,2,False,1,21.7819,17.6879
raw_single_channel_phase_gat_team_mean_seed47,2197,1,0,-0.1338,0,False,1,15.7327,10.7961
raw_single_channel_phase_gat_team_mean_seed47,4161,1,0,-0.1216,1,True,1,15.3085,15.8686
raw_single_channel_phase_gat_team_mean_seed47,5069,2,1,-0.2431,1,False,2,30.7361,25.6428
raw_single_channel_phase_gat_team_mean_seed47,2742,1,0,-0.2172,0,False,1,23.5123,20.3792
raw_single_channel_phase_gat_team_mean_seed47,871,1,0,-0.3376,1,True,1,33.3288,31.8679
raw_single_channel_phase_gat_team_mean_seed47,874,1,2,0.3461,1,True,1,37.8954,32.1548
raw_single_channel_phase_gat_team_mean_seed47,5251,0,1,0.3446,1,False,0,45.7046,30.443
raw_single_channel_phase_gat_team_mean_seed47,2450,1,2,0.1232,2,False,1,14.2394,13.1082
raw_single_channel_phase_gat_team_mean_seed47,3376,2,1,-0.2915,1,False,2,29.4166,26.9092
raw_single_channel_phase_gat_team_mean_seed47,4951,0,1,0.2081,1,False,0,29.7738,21.595
raw_single_channel_phase_gat_team_mean_seed47,899,1,0,-0.0837,0,False,1,12.3693,10.0475
raw_single_channel_phase_gat_team_mean_seed47,3705,0,1,0.324,1,False,0,45.0684,27.0593
raw_single_channel_phase_gat_team_mean_seed47,5567,1,0,-0.0764,1,True,1,10.6331,8.9161
raw_single_channel_phase_gat_team_mean_seed47,4109,0,1,0.1697,1,False,0,22.486,15.7023
raw_single_channel_phase_gat_team_mean_seed47,1501,2,1,-0.1856,1,False,2,26.3476,26.0956
raw_single_channel_phase_gat_team_mean_seed47,1106,2,1,-0.0729,2,True,2,9.9034,10.334
raw_single_channel_phase_gat_team_mean_seed47,532,1,0,-0.3104,1,True,1,27.92,27.0989
raw_single_channel_phase_gat_team_mean_seed47,5625,1,2,0.1569,2,False,1,22.3469,18.9254
raw_single_channel_phase_gat_team_mean_seed47,3621,0,1,0.1092,1,False,0,14.2716,13.9718
raw_single_channel_phase_gat_team_mean_seed47,4125,1,0,-0.2204,1,True,1,31.2663,32.275
raw_single_channel_phase_gat_team_mean_seed47,4883,1,0,-0.0875,0,False,1,12.8836,11.085
raw_single_channel_phase_gat_team_mean_seed47,1010,0,1,0.2654,1,False,0,31.1043,34.8223
raw_single_channel_phase_gat_team_mean_seed47,3137,2,1,-0.3807,1,False,2,43.0074,55.7689
raw_single_channel_phase_gat_team_mean_seed47,1496,2,1,-0.1376,1,False,2,21.0503,18.6191
raw_single_channel_phase_gat_team_mean_seed47,2319,2,1,-0.2372,1,False,2,33.1576,26.5848
raw_single_channel_phase_gat_team_mean_seed47,509,1,0,-0.2352,1,True,1,19.8389,19.457
raw_single_channel_phase_gat_team_mean_seed47,4409,1,0,-0.0434,1,True,1,9.201,7.1984
raw_single_channel_phase_gat_team_mean_seed47,3897,1,2,0.2627,2,False,1,24.9956,24.3908
raw_single_channel_phase_gat_team_mean_seed47,2371,2,1,-0.3608,1,False,2,48.6247,72.7976
raw_single_channel_phase_gat_team_mean_seed47,2641,1,0,-0.0727,1,True,1,8.7068,7.7776
raw_single_channel_phase_gat_team_mean_seed47,1441,1,0,-0.1201,0,False,1,14.4144,9.9931
raw_single_channel_phase_gat_team_mean_seed47,4027,1,0,-0.0306,0,False,1,5.3281,5.6818
raw_single_channel_phase_gat_team_mean_seed47,1524,1,2,0.0382,1,True,1,4.9731,3.0334
raw_single_channel_phase_gat_team_mean_seed47,1113,1,2,0.171,1,True,1,23.9046,20.2319
raw_single_channel_phase_gat_team_mean_seed47,595,1,0,-0.2238,0,False,1,26.4594,21.4864
raw_single_channel_phase_gat_team_mean_seed47,2647,0,1,0.1811,1,False,0,20.4061,24.493
raw_single_channel_phase_gat_team_mean_seed47,1969,1,2,0.1542,2,False,1,20.1166,19.7573
raw_single_channel_phase_gat_team_mean_seed47,2027,0,1,0.0785,1,False,0,8.2591,10.5197
raw_single_channel_phase_gat_team_mean_seed47,3817,2,1,-0.2807,1,False,2,31.3098,30.2622
raw_single_channel_phase_gat_team_mean_seed47,4205,2,1,-0.1005,1,False,2,16.193,14.4151
raw_single_channel_phase_gat_team_mean_seed47,948,1,2,0.3228,1,True,1,34.1743,21.3226
raw_single_channel_phase_gat_team_mean_seed47,2954,1,2,0.2953,1,True,1,40.1467,25.0715
raw_single_channel_phase_gat_team_mean_seed47,5903,1,2,0.1386,1,True,1,17.2724,7.8702
raw_single_channel_phase_gat_team_mean_seed47,6030,1,2,0.2992,2,False,1,31.5266,42.2961
raw_single_channel_phase_gat_team_mean_seed47,5553,1,0,-0.0585,1,True,1,5.6299,5.6276
raw_single_channel_phase_gat_team_mean_seed47,1677,1,0,-0.2972,1,True,1,25.9478,29.4091
raw_single_channel_phase_gat_team_mean_seed47,5812,1,0,-0.0437,1,True,1,9.3517,6.5953
raw_single_channel_phase_gat_team_mean_seed47,6057,1,2,0.0908,2,False,1,12.1025,7.9694
raw_single_channel_phase_gat_team_mean_seed47,1455,1,0,-0.1639,0,False,1,15.2095,11.5247
raw_single_channel_phase_gat_team_mean_seed47,2135,1,0,-0.3614,1,True,1,31.561,
raw_single_channel_phase_gat_team_mean_seed47,3296,1,2,0.1455,2,False,1,19.5166,14.7319
raw_single_channel_phase_gat_team_mean_seed47,2555,1,2,0.189,2,False,1,21.9298,19.4531
raw_single_channel_phase_gat_team_mean_seed47,735,0,1,0.194,1,False,0,25.4187,24.8678
raw_single_channel_phase_gat_team_mean_seed47,4695,1,2,0.3326,1,True,1,32.6689,38.1551
raw_single_channel_phase_gat_team_mean_seed47,1661,1,0,-0.3485,1,True,1,28.1977,
raw_single_channel_phase_gat_team_mean_seed47,987,1,0,-0.2165,0,False,1,27.943,26.4142
raw_single_channel_phase_gat_team_mean_seed47,4304,0,1,0.2002,1,False,0,26.1836,24.8338
raw_single_channel_phase_gat_team_mean_seed47,2640,1,0,-0.105,1,True,1,12.3019,8.6454
raw_single_channel_phase_gat_team_mean_seed47,1337,1,0,-0.063,0,False,1,11.2335,13.8218
raw_single_channel_phase_gat_team_mean_seed47,6024,1,0,-0.2874,1,True,1,40.1102,24.7264
raw_single_channel_phase_gat_team_mean_seed47,1610,0,1,0.1385,1,False,0,26.0216,13.4566
raw_single_channel_phase_gat_team_mean_seed47,2770,1,0,-0.0703,0,False,1,9.1299,6.3304
raw_single_channel_phase_gat_team_mean_seed47,700,2,1,-0.0573,1,False,2,7.4668,9.3949
raw_single_channel_phase_gat_team_mean_seed47,1449,1,0,-0.1272,0,False,1,13.1451,10.0319
raw_single_channel_phase_gat_team_mean_seed47,5662,1,0,-0.0479,1,True,1,6.0069,4.7945
raw_single_channel_phase_gat_team_mean_seed47,3395,1,2,0.1162,2,False,1,14.4553,12.7371
raw_single_channel_phase_gat_team_mean_seed47,1409,1,0,-0.1284,0,False,1,18.6926,12.6775
raw_single_channel_phase_gat_team_mean_seed47,1100,2,1,-0.1337,1,False,2,20.1677,17.0206
raw_single_channel_phase_gat_team_mean_seed47,5757,1,0,-0.1408,1,True,1,17.9102,15.4864
raw_single_channel_phase_gat_team_mean_seed47,4144,1,2,0.3121,2,False,1,34.3609,25.7703
raw_single_channel_phase_gat_team_mean_seed47,2516,1,2,0.1861,2,False,1,33.5313,21.4765
raw_single_channel_phase_gat_team_mean_seed47,726,0,1,0.2499,1,False,0,35.2719,27.4382
raw_single_channel_phase_gat_team_mean_seed47,2410,2,1,-0.2156,1,False,2,30.823,31.4771
raw_single_channel_phase_gat_team_mean_seed47,787,1,2,0.0352,2,False,1,5.2465,6.1664
raw_single_channel_phase_gat_team_mean_seed47,3900,1,2,0.036,1,True,1,4.295,3.4484
raw_single_channel_phase_gat_team_mean_seed47,584,1,0,-0.235,0,False,1,27.2923,27.5262
raw_single_channel_phase_gat_team_mean_seed47,5732,1,0,-0.0703,0,False,1,10.2326,7.672
raw_single_channel_phase_gat_team_mean_seed47,5666,1,0,-0.1407,0,False,1,19.3158,19.3349
raw_single_channel_phase_gat_team_mean_seed47,3350,2,1,-0.2934,1,False,2,47.8717,35.1031
raw_single_channel_phase_gat_team_mean_seed47,2117,1,0,-0.1664,1,True,1,14.7822,12.1712
raw_single_channel_phase_gat_team_mean_seed47,4684,2,1,-0.1371,1,False,2,14.068,16.2619
raw_single_channel_phase_gat_team_mean_seed47,2589,2,1,-0.0362,1,False,1,5.4921,5.4832
raw_single_channel_phase_gat_team_mean_seed47,793,2,1,-0.0335,1,False,1,4.6815,4.5509
raw_single_channel_phase_gat_team_mean_seed47,1640,1,0,-0.0901,0,False,1,12.7866,9.971
raw_single_channel_phase_gat_team_mean_seed47,2361,2,1,-0.3623,1,False,2,48.8113,73.4984
raw_single_channel_phase_gat_team_mean_seed47,6124,0,1,0.1158,1,False,0,20.8275,13.5482
raw_single_channel_phase_gat_team_mean_seed47,3437,1,0,-0.1057,1,True,1,16.9103,16.1255
raw_single_channel_phase_gat_team_mean_seed47,2724,1,0,-0.2969,1,True,1,29.0998,26.9417
raw_single_channel_phase_gat_team_mean_seed47,894,1,0,-0.1099,1,True,1,11.3347,7.7364
raw_single_channel_phase_gat_team_mean_seed47,2708,1,2,0.2108,2,False,1,36.9835,21.5151
raw_single_channel_phase_gat_team_mean_seed47,4159,1,0,-0.1565,0,False,1,22.3968,18.8351
raw_single_channel_phase_gat_team_mean_seed47,5454,0,1,0.1077,1,False,0,17.3259,13.8829
raw_single_channel_phase_gat_team_mean_seed47,5951,1,0,-0.2435,1,True,1,28.4246,24.3855
raw_single_channel_phase_gat_team_mean_seed47,4534,1,2,0.1506,2,False,1,17.5156,17.3341
raw_single_channel_phase_gat_team_mean_seed47,5749,1,0,-0.3128,1,True,1,36.353,34.5932
raw_single_channel_phase_gat_team_mean_seed47,5365,1,0,-0.179,1,True,1,24.8318,16.5171
raw_single_channel_phase_gat_team_mean_seed47,5407,1,2,0.1518,1,True,1,16.8626,9.1575
raw_single_channel_phase_gat_team_mean_seed47,5841,0,1,0.2599,1,False,0,31.0846,24.8957
raw_single_channel_phase_gat_team_mean_seed47,2622,1,2,0.1707,2,False,1,24.1867,17.1018
raw_single_channel_phase_gat_team_mean_seed47,905,1,0,-0.0865,0,False,1,12.7314,10.8285
raw_single_channel_phase_gat_team_mean_seed47,3612,0,1,0.3333,1,False,0,40.4428,29.4453
raw_single_channel_phase_gat_team_mean_seed47,4800,2,1,-0.2774,1,False,2,33.2763,24.5125
raw_single_channel_phase_gat_team_mean_seed47,831,1,0,-0.2338,0,False,1,26.8745,29.2439
raw_single_channel_phase_gat_team_mean_seed47,1294,1,2,0.2186,2,False,1,25.0448,11.794
raw_single_channel_phase_gat_team_mean_seed47,718,0,1,0.218,1,False,0,31.0312,25.8118
raw_single_channel_phase_gat_team_mean_seed47,4204,2,1,-0.1035,1,False,2,17.7557,14.9795
raw_single_channel_phase_gat_team_mean_seed47,5153,2,1,-0.0664,2,True,2,11.2513,6.7277
raw_single_channel_phase_gat_team_mean_seed47,3131,2,1,-0.3869,1,False,2,45.5472,64.3439
raw_single_channel_phase_gat_team_mean_seed47,4367,1,0,-0.0877,1,True,1,12.4917,10.8218
raw_single_channel_phase_gat_team_mean_seed47,2201,1,0,-0.2099,0,False,1,23.1029,22.6967
raw_single_channel_phase_gat_team_mean_seed47,4698,1,0,-0.3063,1,True,1,39.1745,29.8451
raw_single_channel_phase_gat_team_mean_seed47,2910,1,0,-0.2789,0,False,1,28.2147,25.1637
raw_single_channel_phase_gat_team_mean_seed47,1738,1,0,-0.1362,0,False,1,17.1541,16.4211
raw_single_channel_phase_gat_team_mean_seed47,4026,1,0,-0.0311,0,False,1,6.0408,5.028
raw_single_channel_phase_gat_team_mean_seed47,3322,2,1,-0.0756,1,False,2,9.8962,10.7853
raw_single_channel_phase_gat_team_mean_seed47,3089,1,0,-0.1802,0,False,1,19.2438,14.3091
raw_single_channel_phase_gat_team_mean_seed47,4577,1,2,0.223,2,False,1,23.1536,22.8248
raw_single_channel_phase_gat_team_mean_seed47,5555,0,1,0.0411,1,False,1,4.3625,5.3837
raw_single_channel_phase_gat_team_mean_seed47,6116,0,1,0.0882,1,False,0,13.2831,14.9041
raw_single_channel_phase_gat_team_mean_seed47,4533,1,2,0.1244,2,False,1,14.9635,16.1273
raw_single_channel_phase_gat_team_mean_seed47,3869,0,1,0.0383,1,False,1,5.7154,6.9684
raw_single_channel_phase_gat_team_mean_seed47,1246,1,0,-0.3169,1,True,1,27.5087,33.5302
raw_single_channel_phase_gat_team_mean_seed47,517,1,0,-0.3462,0,False,1,42.4862,56.6841
raw_single_channel_phase_gat_team_mean_seed47,1580,1,0,-0.0796,0,False,1,11.4375,14.3827
raw_single_channel_phase_gat_team_mean_seed47,935,1,0,-0.2524,0,False,1,28.3013,19.364
raw_single_channel_phase_gat_team_mean_seed47,3560,1,0,-0.2073,1,True,1,24.7263,19.692
raw_single_channel_phase_gat_team_mean_seed47,3005,1,2,0.2695,1,True,1,36.8142,22.2633
raw_single_channel_phase_gat_team_mean_seed47,4316,1,2,0.1617,1,True,1,17.302,10.0464
raw_single_channel_phase_gat_team_mean_seed47,4323,2,1,-0.1028,1,False,2,13.158,14.108
raw_single_channel_phase_gat_team_mean_seed47,3653,1,2,0.3569,2,False,1,35.4813,
raw_single_channel_phase_gat_team_mean_seed47,5777,1,2,0.0364,1,True,1,5.0527,4.5255
raw_single_channel_phase_gat_team_mean_seed47,3434,0,1,0.1852,1,False,0,32.519,14.7352
raw_single_channel_phase_gat_team_mean_seed47,1258,1,2,0.0876,2,False,1,15.6387,9.0929
raw_single_channel_phase_gat_team_mean_seed47,2373,2,1,-0.3702,1,False,2,47.7829,75.4684
raw_single_channel_phase_gat_team_mean_seed47,4473,1,0,-0.0819,0,False,1,8.818,9.7991
raw_single_channel_phase_gat_team_mean_seed47,3956,2,1,-0.3746,1,False,2,49.7231,60.8497
raw_single_channel_phase_gat_team_mean_seed47,4694,1,2,0.301,1,True,1,28.4782,28.536
raw_single_channel_phase_gat_team_mean_seed47,3847,2,1,-0.1186,1,False,2,16.2814,17.3089
raw_single_channel_phase_gat_team_mean_seed47,1460,1,0,-0.3387,1,True,1,28.9509,37.7266
raw_single_channel_phase_gat_team_mean_seed47,5710,0,1,0.3627,1,False,0,57.249,30.95
raw_single_channel_phase_gat_team_mean_seed47,1994,1,2,0.3056,2,False,1,35.3382,24.5526
raw_single_channel_phase_gat_team_mean_seed47,849,1,0,-0.3581,1,True,1,32.9432,
raw_single_channel_phase_gat_team_mean_seed47,4031,0,1,0.0508,1,False,1,8.614,7.6118
raw_single_channel_phase_gat_team_mean_seed47,2235,1,2,0.3498,1,True,1,38.0109,
raw_single_channel_phase_gat_team_mean_seed47,2483,1,0,-0.1326,0,False,1,17.2781,18.9075
raw_single_channel_phase_gat_team_mean_seed47,1705,2,1,-0.2574,1,False,2,33.9778,28.929
raw_single_channel_phase_gat_team_mean_seed47,5195,0,1,0.044,1,False,1,5.908,6.2412
raw_single_channel_phase_gat_team_mean_seed47,2893,1,0,-0.3134,0,False,1,33.9737,27.1025
raw_single_channel_phase_gat_team_mean_seed47,5831,0,1,0.3566,1,False,0,41.6145,31.0625
raw_single_channel_phase_gat_team_mean_seed47,3401,1,2,0.3022,2,False,1,34.4848,23.3051
raw_single_channel_phase_gat_team_mean_seed47,2982,1,0,-0.1675,0,False,1,19.4559,14.5399
raw_single_channel_phase_gat_team_mean_seed47,3800,2,1,-0.0979,1,False,2,14.2027,14.4867
raw_single_channel_phase_gat_team_mean_seed47,5105,2,1,-0.3473,1,False,2,38.2439,44.7701
raw_single_channel_phase_gat_team_mean_seed47,5329,1,0,-0.2866,1,True,1,36.8845,27.224
raw_single_channel_phase_gat_team_mean_seed47,2495,1,0,-0.1291,0,False,1,15.3217,20.218
raw_single_channel_phase_gat_team_mean_seed47,3648,1,2,0.2163,2,False,1,26.262,22.3288
raw_single_channel_phase_gat_team_mean_seed47,2370,2,1,-0.3605,1,False,2,47.1528,72.7196
raw_single_channel_phase_gat_team_mean_seed47,4415,0,1,0.0405,1,False,1,5.7889,6.86
raw_single_channel_phase_gat_team_mean_seed47,4101,0,1,0.3737,1,False,0,42.2135,31.6171
raw_single_channel_phase_gat_team_mean_seed47,1423,1,0,-0.0664,0,False,1,11.4194,7.5161
raw_single_channel_phase_gat_team_mean_seed47,2599,1,2,0.2167,2,False,1,38.4487,24.6844
raw_single_channel_phase_gat_team_mean_seed47,3670,1,0,-0.2252,1,True,1,31.1915,21.8829
raw_single_channel_phase_gat_team_mean_seed47,1812,1,0,-0.237,0,False,1,23.8675,20.4511
raw_single_channel_phase_gat_team_mean_seed47,3680,0,1,0.0592,1,False,1,12.1661,12.5843
raw_single_channel_phase_gat_team_mean_seed47,2477,0,1,0.1708,1,False,0,21.6688,17.2673
raw_single_channel_phase_gat_team_mean_seed47,5149,2,1,-0.192,2,True,2,21.9107,32.3039
raw_single_channel_phase_gat_team_mean_seed47,5522,1,0,-0.1467,0,False,1,16.7366,14.133
raw_single_channel_phase_gat_team_mean_seed47,3030,2,1,-0.0742,1,False,2,15.2751,10.3282
raw_single_channel_phase_gat_team_mean_seed47,2898,1,0,-0.3043,0,False,1,32.0285,29.2386
raw_single_channel_phase_gat_team_mean_seed47,1408,1,0,-0.1241,0,False,1,16.5946,11.4064
raw_single_channel_phase_gat_team_mean_seed47,5511,1,0,-0.0722,1,True,1,6.6041,8.7324
raw_single_channel_phase_gat_team_mean_seed47,878,1,0,-0.3211,1,True,1,33.2138,33.0869
raw_single_channel_phase_gat_team_mean_seed47,3638,1,2,0.2023,2,False,1,25.1981,19.8801
raw_single_channel_phase_gat_team_mean_seed47,4855,1,0,-0.3221,1,True,1,30.7695,32.1997
raw_single_channel_phase_gat_team_mean_seed47,2189,0,1,0.2085,1,False,0,29.1795,24.9558
raw_single_channel_phase_gat_team_mean_seed47,1289,1,2,0.2129,2,False,1,25.6396,13.3399
raw_single_channel_phase_gat_team_mean_seed47,4479,0,1,0.0521,1,False,1,7.0622,8.8207
raw_single_channel_phase_gat_team_mean_seed47,6119,0,1,0.0659,1,False,0,10.917,8.8131
raw_single_channel_phase_gat_team_mean_seed47,5012,0,1,0.0839,1,False,0,16.8988,13.9832
raw_single_channel_phase_gat_team_mean_seed47,6112,0,1,0.2138,1,False,0,29.0348,25.269
raw_single_channel_phase_gat_team_mean_seed47,2550,1,2,0.314,1,True,1,27.9205,22.9832
raw_single_channel_phase_gat_team_mean_seed47,1243,1,0,-0.1779,0,False,1,15.8176,15.1267
raw_single_channel_phase_gat_team_mean_seed47,5590,1,2,0.1058,2,False,1,17.8359,14.2911
raw_single_channel_phase_gat_team_mean_seed47,3901,2,1,-0.0516,1,False,1,5.5476,5.8261
raw_single_channel_phase_gat_team_mean_seed47,2650,0,1,0.1718,1,False,0,19.8255,23.6052
raw_single_channel_phase_gat_team_mean_seed47,4874,1,0,-0.1837,1,True,1,29.5125,20.12
raw_single_channel_phase_gat_team_mean_seed47,5372,1,0,-0.1372,1,True,1,21.2399,14.8788
raw_single_channel_phase_gat_team_mean_seed47,5588,1,2,0.1248,2,False,1,19.2057,14.3475
raw_single_channel_phase_gat_team_mean_seed47,5917,1,2,0.3099,1,True,1,29.3254,38.5906
raw_single_channel_phase_gat_team_mean_seed47,557,1,2,0.3122,1,True,1,29.3678,27.1461
raw_single_channel_phase_gat_team_mean_seed47,5052,2,1,-0.0929,1,False,2,10.4568,12.0775
raw_single_channel_phase_gat_team_mean_seed47,3162,2,1,-0.3702,1,False,2,44.0001,58.0606
raw_single_channel_phase_gat_team_mean_seed47,5681,0,1,0.1931,1,False,0,32.5764,17.1167
raw_single_channel_phase_gat_team_mean_seed47,5497,1,0,-0.0905,1,True,1,9.7274,9.3903
raw_single_channel_phase_gat_team_mean_seed47,3549,0,1,0.096,1,False,0,13.8451,12.6013
raw_single_channel_phase_gat_team_mean_seed47,961,2,1,-0.1579,1,False,2,23.7163,14.5788
raw_single_channel_phase_gat_team_mean_seed47,4018,1,0,-0.327,1,True,1,37.1435,30.1337
raw_single_channel_phase_gat_team_mean_seed47,652,1,0,-0.272,0,False,1,26.0557,30.7646
raw_single_channel_phase_gat_team_mean_seed47,1115,1,2,0.2246,1,True,1,32.9132,22.8318
raw_single_channel_phase_gat_team_mean_seed47,647,1,2,0.084,2,False,1,17.63,11.5532
raw_single_channel_phase_gat_team_mean_seed47,2733,1,0,-0.2124,1,True,1,23.5411,23.3945
raw_single_channel_phase_gat_team_mean_seed47,2173,1,2,0.2427,1,True,1,31.5792,27.0554
raw_single_channel_phase_gat_team_mean_seed47,3178,1,2,0.2411,2,False,1,35.2158,21.1564
raw_single_channel_phase_gat_team_mean_seed47,4452,1,2,0.3544,2,False,1,40.5185,
raw_single_channel_phase_gat_team_mean_seed47,976,1,2,0.2923,1,True,1,36.5467,24.9345
raw_single_channel_phase_gat_team_mean_seed47,1468,2,1,-0.2699,1,False,2,33.0893,29.632
raw_single_channel_phase_gat_team_mean_seed47,4427,1,2,0.1942,2,False,1,22.8724,11.7059
raw_single_channel_phase_gat_team_mean_seed47,5219,1,0,-0.0605,1,True,1,6.6083,6.2977
raw_single_channel_phase_gat_team_mean_seed47,3530,1,0,-0.1702,1,True,1,21.6832,23.1858
raw_single_channel_phase_gat_team_mean_seed47,5257,0,1,0.3529,1,False,0,46.5837,29.0957
raw_single_channel_phase_gat_team_mean_seed47,3234,0,1,0.1145,1,False,0,19.1485,14.023
raw_single_channel_phase_gat_team_mean_seed47,4472,1,0,-0.0719,0,False,1,9.6504,8.0892
raw_single_channel_phase_gat_team_mean_seed47,3078,1,0,-0.2222,0,False,1,21.3633,22.1809
raw_single_channel_phase_gat_team_mean_seed47,2451,1,2,0.145,2,False,1,17.847,15.5872
raw_single_channel_phase_gat_team_mean_seed47,2602,1,2,0.0767,2,False,1,14.2846,13.6297
raw_single_channel_phase_gat_team_mean_seed47,3218,1,0,-0.2658,1,True,1,33.9985,25.0715
raw_single_channel_phase_gat_team_mean_seed47,4289,1,0,-0.2905,1,True,1,40.0485,26.0468
raw_single_channel_phase_gat_team_mean_seed47,3756,2,1,-0.0543,1,False,1,4.3655,4.334
raw_single_channel_phase_gat_team_mean_seed47,1148,1,0,-0.3421,1,True,1,30.3781,35.2721
raw_single_channel_phase_gat_team_mean_seed47,5270,0,1,0.0664,1,False,0,7.8099,7.4808
raw_single_channel_phase_gat_team_mean_seed47,5480,1,0,-0.062,1,True,1,6.9789,7.4093
raw_single_channel_phase_gat_team_mean_seed47,4787,2,1,-0.1864,1,False,2,21.293,23.6277
raw_single_channel_phase_gat_team_mean_seed47,1565,0,1,0.031,1,False,1,3.9874,4.1748
raw_single_channel_phase_gat_team_mean_seed47,3258,2,1,-0.3192,1,False,2,39.0912,35.7204
raw_single_channel_phase_gat_team_mean_seed47,5614,1,2,0.2579,2,False,1,28.5435,25.7593
raw_single_channel_phase_gat_team_mean_seed47,2322,2,1,-0.2962,1,False,2,38.0374,42.9143
raw_single_channel_phase_gat_team_mean_seed47,1343,0,1,0.0306,1,False,1,6.097,5.3816
raw_single_channel_phase_gat_team_mean_seed47,1314,1,0,-0.3494,1,True,1,29.7522,
raw_single_channel_phase_gat_team_mean_seed47,5815,1,0,-0.1009,0,False,1,15.727,12.135
raw_single_channel_phase_gat_team_mean_seed47,6080,0,1,0.0604,1,False,0,8.002,7.1863
raw_single_channel_phase_gat_team_mean_seed47,5610,1,2,0.2612,2,False,1,29.7448,24.8066
raw_single_channel_phase_gat_team_mean_seed47,954,1,2,0.1717,2,False,1,22.2169,15.975
raw_single_channel_phase_gat_team_mean_seed47,2729,1,0,-0.2388,1,True,1,25.4209,22.4346
raw_single_channel_phase_gat_team_mean_seed47,3916,2,1,-0.1057,1,False,2,18.9627,11.5361
raw_single_channel_phase_gat_team_mean_seed47,5858,0,1,0.0575,1,False,1,11.5442,7.606
raw_single_channel_phase_gat_team_mean_seed47,489,1,2,0.2287,1,True,1,25.0046,20.39
raw_single_channel_phase_gat_team_mean_seed47,1463,1,2,0.2017,1,True,1,28.0774,19.0294
raw_single_channel_phase_gat_team_mean_seed47,2079,1,2,0.3108,1,True,1,46.7927,31.7716
raw_single_channel_phase_gat_team_mean_seed47,4558,1,0,-0.1766,1,True,1,27.5316,14.431
raw_single_channel_phase_gat_team_mean_seed47,933,1,0,-0.2061,0,False,1,28.0463,15.7845
raw_single_channel_phase_gat_team_mean_seed47,5424,1,0,-0.1133,0,False,1,16.1013,12.4151
raw_single_channel_phase_gat_team_mean_seed47,1094,2,1,-0.1806,1,False,2,24.4801,22.2141
raw_single_channel_phase_gat_team_mean_seed47,607,1,0,-0.3314,0,False,1,35.1004,31.4141
raw_single_channel_phase_gat_team_mean_seed47,5592,1,2,0.0455,2,False,1,9.4123,7.3024
raw_single_channel_phase_gat_team_mean_seed47,5100,2,1,-0.0702,1,False,2,8.233,10.1084
raw_single_channel_phase_gat_team_mean_seed47,3466,2,1,-0.1501,1,False,2,19.4309,19.8702
raw_single_channel_phase_gat_team_mean_seed47,1038,0,1,0.1542,1,False,1,23.5926,18.9641
raw_single_channel_phase_gat_team_mean_seed47,5683,0,1,0.2293,1,False,0,40.6222,19.6516
raw_single_channel_phase_gat_team_mean_seed47,2310,2,1,-0.0327,1,False,2,5.8531,7.4721
raw_single_channel_phase_gat_team_mean_seed47,3344,2,1,-0.2636,1,False,2,37.8124,25.1041
raw_single_channel_phase_gat_team_mean_seed47,4971,0,1,0.1538,1,False,0,28.4937,17.6519
raw_single_channel_phase_gat_team_mean_seed47,4750,1,0,-0.274,1,True,1,33.6282,23.4243
raw_single_channel_phase_gat_team_mean_seed47,4238,1,2,0.0998,2,False,1,15.2655,7.4949
raw_single_channel_phase_gat_team_mean_seed47,568,1,0,-0.3548,1,True,1,35.7966,
raw_single_channel_phase_gat_team_mean_seed47,2190,0,1,0.1586,1,False,0,22.3165,20.6043
raw_single_channel_phase_gat_team_mean_seed47,5422,1,0,-0.0825,0,False,1,11.3457,12.08
raw_single_channel_phase_gat_team_mean_seed47,4535,1,2,0.1757,2,False,1,21.0888,18.5282
raw_single_channel_phase_gat_team_mean_seed47,2162,1,2,0.1494,2,False,1,17.2768,16.8063
raw_single_channel_phase_gat_team_mean_seed47,1342,1,0,-0.0373,0,False,1,7.8357,7.1227
raw_single_channel_phase_gat_team_mean_seed47,5403,1,2,0.2446,2,False,1,26.9731,19.2283
raw_single_channel_phase_gat_team_mean_seed47,5203,1,0,-0.1049,1,True,1,13.7603,12.0882
raw_single_channel_phase_gat_team_mean_seed47,3921,2,1,-0.1438,1,False,2,18.9487,16.8477
raw_single_channel_phase_gat_team_mean_seed47,3250,2,1,-0.1588,1,False,2,19.1142,21.2848
raw_single_channel_phase_gat_team_mean_seed47,5904,1,2,0.145,1,True,1,15.7167,9.0377
raw_single_channel_phase_gat_team_mean_seed47,897,1,0,-0.0682,0,False,1,10.9973,9.2038
raw_single_channel_phase_gat_team_mean_seed47,665,0,1,0.1987,1,False,0,25.1532,26.8272
raw_single_channel_phase_gat_team_mean_seed47,5462,1,0,-0.0389,0,False,1,7.5628,4.5849
raw_single_channel_phase_gat_team_mean_seed47,5448,0,1,0.2136,1,False,0,34.2287,18.3834
raw_single_channel_phase_gat_team_mean_seed47,3436,0,1,0.0364,1,False,1,6.7883,7.7585
raw_single_channel_phase_gat_team_mean_seed47,1761,1,2,0.3312,1,True,1,33.853,28.8727
raw_single_channel_phase_gat_team_mean_seed47,4467,1,0,-0.0386,0,False,1,5.9578,6.2286
raw_single_channel_phase_gat_team_mean_seed47,1329,1,0,-0.1203,0,False,1,19.2962,22.1796
raw_single_channel_phase_gat_team_mean_seed47,4580,1,2,0.1764,2,False,1,16.5678,13.7649
raw_single_channel_phase_gat_team_mean_seed47,5771,1,2,0.2972,2,False,1,33.6332,30.5502
raw_single_channel_phase_gat_team_mean_seed47,2804,0,1,0.2458,1,False,0,36.3522,28.0067
raw_single_channel_phase_gat_team_mean_seed47,3432,0,1,0.2927,1,False,0,42.3537,25.1302
raw_single_channel_phase_gat_team_mean_seed47,2484,1,0,-0.1385,0,False,1,18.48,19.3089
raw_single_channel_phase_gat_team_mean_seed47,4181,1,0,-0.3111,1,True,1,31.5189,29.0192
raw_single_channel_phase_gat_team_mean_seed47,5634,1,2,0.2884,2,False,1,29.6867,27.9611
raw_single_channel_phase_gat_team_mean_seed47,1426,1,0,-0.1134,0,False,1,13.094,10.9337
raw_single_channel_phase_gat_team_mean_seed47,2785,0,1,0.1928,1,False,0,29.0029,19.8979
raw_single_channel_phase_gat_team_mean_seed47,1327,1,0,-0.1435,1,True,1,20.3163,25.6359
raw_single_channel_phase_gat_team_mean_seed47,4638,1,0,-0.08,1,True,1,9.8681,8.3214
raw_single_channel_phase_gat_team_mean_seed47,4014,1,2,0.2574,2,False,1,31.4813,17.4195
raw_single_channel_phase_gat_team_mean_seed47,3811,2,1,-0.0404,1,False,2,6.3306,7.0994
raw_single_channel_phase_gat_team_mean_seed47,4142,1,2,0.2403,2,False,1,27.6149,17.9091
raw_single_channel_phase_gat_team_mean_seed47,2107,1,2,0.2643,2,False,1,32.6586,24.3761
raw_single_channel_phase_gat_team_mean_seed47,1104,2,1,-0.1003,2,True,2,14.2854,13.2444
raw_single_channel_phase_gat_team_mean_seed47,1119,1,2,0.2921,1,True,1,29.846,23.5977
raw_single_channel_phase_gat_team_mean_seed47,5066,2,1,-0.238,1,False,2,31.5313,25.8712
raw_single_channel_phase_gat_team_mean_seed47,3787,2,1,-0.2769,1,False,2,34.2732,25.499
raw_single_channel_phase_gat_team_mean_seed47,4440,2,1,-0.0351,1,False,1,5.1304,5.5353
raw_single_channel_phase_gat_team_mean_seed47,1618,0,1,0.1529,1,False,0,30.0227,15.752
raw_single_channel_phase_gat_team_mean_seed47,3198,2,1,-0.0904,1,False,2,13.2163,12.2675
raw_single_channel_phase_gat_team_mean_seed47,3605,0,1,0.2626,1,False,0,34.6863,25.5153
raw_single_channel_phase_gat_team_mean_seed47,3331,2,1,-0.1367,1,False,2,18.4725,16.5593
raw_single_channel_phase_gat_team_mean_seed47,868,1,0,-0.3203,0,False,1,33.1765,32.8583
raw_single_channel_phase_gat_team_mean_seed47,4590,1,2,0.2741,1,True,1,28.085,24.0673
raw_single_channel_phase_gat_team_mean_seed47,2989,1,0,-0.0813,0,False,1,12.1636,10.3272
raw_single_channel_phase_gat_team_mean_seed47,5425,1,0,-0.1289,0,False,1,16.5282,13.8269
raw_single_channel_phase_gat_team_mean_seed47,5674,0,1,0.1425,1,False,0,21.7656,12.4122
raw_single_channel_phase_gat_team_mean_seed47,810,1,0,-0.2861,1,True,1,24.1103,27.0969
raw_single_channel_phase_gat_team_mean_seed47,3761,2,1,-0.0482,1,False,2,3.4706,4.1911
raw_single_channel_phase_gat_team_mean_seed47,837,1,0,-0.2753,1,True,1,32.9588,29.7157
raw_single_channel_phase_gat_team_mean_seed47,2430,2,1,-0.1786,1,False,2,22.9211,21.1243
raw_single_channel_phase_gat_team_mean_seed47,3505,1,0,-0.2429,1,True,1,28.5315,21.1928
raw_single_channel_phase_gat_team_mean_seed47,5401,1,2,0.2877,1,True,1,31.1298,20.1609
raw_single_channel_phase_gat_team_mean_seed47,3142,2,1,-0.3743,1,False,2,43.8441,60.9812
raw_single_channel_phase_gat_team_mean_seed47,2149,1,2,0.3255,1,True,1,35.1384,24.2874
raw_single_channel_phase_gat_team_mean_seed47,3487,1,2,0.3249,2,False,1,38.7545,39.0095
raw_single_channel_phase_gat_team_mean_seed47,5266,0,1,0.1197,1,False,0,17.3227,14.0424
raw_single_channel_phase_gat_team_mean_seed47,5498,1,0,-0.0902,1,True,1,10.7707,8.0121
raw_single_channel_phase_gat_team_mean_seed47,772,1,0,-0.2385,1,True,1,27.265,28.7224
raw_single_channel_phase_gat_team_mean_seed47,5474,1,0,-0.082,1,True,1,11.602,7.5939
raw_single_channel_phase_gat_team_mean_seed47,2115,1,0,-0.1104,1,True,1,10.3989,6.8811
raw_single_channel_phase_gat_team_mean_seed47,4164,1,0,-0.0705,1,True,1,7.3586,8.8753
raw_single_channel_phase_gat_team_mean_seed47,3205,1,2,0.1158,2,False,1,15.3552,12.688
raw_single_channel_phase_gat_team_mean_seed47,6008,0,1,0.2111,1,False,0,29.2382,22.0061
raw_single_channel_phase_gat_team_mean_seed47,625,1,2,0.265,1,True,1,32.5406,22.3838
raw_single_channel_phase_gat_team_mean_seed47,1562,1,0,-0.0361,0,False,1,4.8767,4.1494
raw_single_channel_phase_gat_team_mean_seed47,5226,0,1,0.3045,1,False,0,32.8371,25.8206
raw_single_channel_phase_gat_team_mean_seed47,4663,1,0,-0.1511,0,False,1,17.1732,16.7724
raw_single_channel_phase_gat_team_mean_seed47,4607,0,1,0.1226,1,False,0,18.1112,13.9958
raw_single_channel_phase_gat_team_mean_seed47,4110,0,1,0.1446,1,False,1,19.2214,14.5119
raw_single_channel_phase_gat_team_mean_seed47,5543,1,0,-0.1866,1,True,1,17.0924,14.6882
raw_single_channel_phase_gat_team_mean_seed47,2680,1,0,-0.1348,0,False,1,14.0304,8.155
raw_single_channel_phase_gat_team_mean_seed47,1694,2,1,-0.1736,1,False,2,27.2009,19.1612
raw_single_channel_phase_gat_team_mean_seed47,3736,0,1,0.3282,1,False,0,44.2181,27.3555
raw_single_channel_phase_gat_team_mean_seed47,663,0,1,0.2558,1,False,0,33.0879,33.9799
raw_single_channel_phase_gat_team_mean_seed47,5397,1,0,-0.3248,1,True,1,32.3021,29.8285
raw_single_channel_phase_gat_team_mean_seed47,1765,1,0,-0.2563,1,True,1,25.368,20.8822
raw_single_channel_phase_gat_team_mean_seed47,5937,1,2,0.1209,2,False,1,13.1545,11.8205
raw_single_channel_phase_gat_team_mean_seed47,1727,1,0,-0.1669,0,False,1,19.2575,17.2545
raw_single_channel_phase_gat_team_mean_seed47,3042,1,0,-0.2403,1,True,1,27.3013,20.2954
raw_single_channel_phase_gat_team_mean_seed47,3065,1,2,0.2438,1,True,1,29.2014,16.9723
raw_single_channel_phase_gat_team_mean_seed47,3291,1,2,0.2103,2,False,1,30.0191,24.8911
raw_single_channel_phase_gat_team_mean_seed47,2738,1,0,-0.1962,1,True,1,20.8754,19.0252
raw_single_channel_phase_gat_team_mean_seed47,5963,0,1,0.1195,1,False,0,19.5653,12.8214
raw_single_channel_phase_gat_team_mean_seed47,4685,2,1,-0.0989,1,False,2,10.5987,13.1628
raw_single_channel_phase_gat_team_mean_seed47,618,1,2,0.1691,1,True,1,21.1611,17.7608
raw_single_channel_phase_gat_team_mean_seed47,679,1,0,-0.246,0,False,1,20.9105,21.5422
raw_single_channel_phase_gat_team_mean_seed47,3462,2,1,-0.1604,1,False,2,18.8919,21.0354
raw_single_channel_phase_gat_team_mean_seed47,5535,1,0,-0.2246,1,True,1,24.4634,18.184
raw_single_channel_phase_gat_team_mean_seed47,5453,0,1,0.1218,1,False,0,19.1531,14.4821
raw_single_channel_phase_gat_team_mean_seed47,5669,1,0,-0.0326,0,False,1,5.1409,5.2934
raw_single_channel_phase_gat_team_mean_seed47,3659,1,0,-0.2656,1,True,1,27.7729,21.7186
raw_single_channel_phase_gat_team_mean_seed47,6023,1,0,-0.2594,1,True,1,34.4661,23.5361
raw_single_channel_phase_gat_team_mean_seed47,3537,1,0,-0.2586,1,True,1,32.1843,24.4358
raw_single_channel_phase_gat_team_mean_seed47,3492,1,0,-0.2484,1,True,1,35.3726,24.2914
raw_single_channel_phase_gat_team_mean_seed47,1672,1,0,-0.2827,1,True,1,27.4909,28.1785
raw_single_channel_phase_gat_team_mean_seed47,5417,1,0,-0.1167,0,False,1,12.5773,10.4936
raw_single_channel_phase_gat_team_mean_seed47,3768,2,1,-0.0811,1,False,2,11.7098,8.8829
raw_single_channel_phase_gat_team_mean_seed47,5860,0,1,0.0444,1,False,1,6.6277,7.4601
raw_single_channel_phase_gat_team_mean_seed47,4564,0,1,0.0517,1,False,1,7.6981,8.2887
raw_single_channel_phase_gat_team_mean_seed47,2520,1,2,0.181,2,False,1,29.3828,21.1949
raw_single_channel_phase_gat_team_mean_seed47,5010,0,1,0.09,1,False,0,17.1664,14.0779
raw_single_channel_phase_gat_team_mean_seed47,691,1,2,0.0618,2,False,1,7.5416,9.6055
raw_single_channel_phase_gat_team_mean_seed47,3026,1,2,0.0941,2,False,1,17.253,13.8237
raw_single_channel_phase_gat_team_mean_seed47,744,0,1,0.1754,1,False,0,24.9049,21.2779
raw_single_channel_phase_gat_team_mean_seed47,2957,1,2,0.1205,2,False,1,19.4612,14.7752
raw_single_channel_phase_gat_team_mean_seed47,4952,0,1,0.1961,1,False,0,28.5211,22.1207
raw_single_channel_phase_gat_team_mean_seed47,5830,0,1,0.3183,1,False,0,38.6444,26.6934
raw_single_channel_phase_gat_team_mean_seed47,5163,1,2,0.352,2,False,1,38.8654,
raw_single_channel_phase_gat_team_mean_seed47,2014,1,0,-0.2254,1,True,1,19.4154,15.3316
raw_single_channel_phase_gat_team_mean_seed47,2903,1,0,-0.279,1,True,1,28.0545,26.3041
raw_single_channel_phase_gat_team_mean_seed47,5821,0,1,0.0682,1,False,1,12.8423,12.4677
raw_single_channel_phase_gat_team_mean_seed47,1150,1,0,-0.3442,1,True,1,31.1295,34.2504
raw_single_channel_phase_gat_team_mean_seed47,5938,1,2,0.2062,2,False,1,18.3388,14.2038
raw_single_channel_phase_gat_team_mean_seed47,4993,0,1,0.1346,1,False,0,25.1598,16.9403
raw_single_channel_phase_gat_team_mean_seed47,604,1,0,-0.2069,0,False,1,25.009,23.522
raw_single_channel_phase_gat_team_mean_seed47,910,1,0,-0.2086,1,True,1,18.9602,21.3963
raw_single_channel_phase_gat_team_mean_seed47,4336,1,2,0.2878,2,False,1,33.1851,22.7784
raw_single_channel_phase_gat_team_mean_seed47,694,2,1,-0.052,1,False,2,7.267,7.2654
raw_single_channel_phase_gat_team_mean_seed47,3465,2,1,-0.1476,1,False,2,18.6486,19.2957
raw_single_channel_phase_gat_team_mean_seed47,1547,0,1,0.0307,1,False,1,6.4265,6.4787
raw_single_channel_phase_gat_team_mean_seed47,2663,0,1,0.07,1,False,0,7.7938,9.16
raw_single_channel_phase_gat_team_mean_seed47,4589,1,2,0.2575,2,False,1,28.2448,21.4577
raw_single_channel_phase_gat_team_mean_seed47,2462,1,0,-0.3149,1,True,1,31.9902,32.0363
raw_single_channel_phase_gat_team_mean_seed47,1110,1,2,0.0839,2,False,1,13.6584,11.3992
raw_single_channel_phase_gat_team_mean_seed47,2825,0,1,0.26,1,False,0,44.5415,27.1072
raw_single_channel_phase_gat_team_mean_seed47,5296,0,1,0.222,1,False,0,26.7395,28.5204
raw_single_channel_phase_gat_team_mean_seed47,3139,2,1,-0.3919,1,False,2,45.2987,62.5108
raw_single_channel_phase_gat_team_mean_seed47,2905,1,0,-0.2733,0,False,1,28.2339,27.8488
raw_single_channel_phase_gat_team_mean_seed47,1139,1,2,0.2917,1,True,1,29.6974,24.7019
raw_single_channel_phase_gat_team_mean_seed47,1116,1,2,0.245,1,True,1,30.6706,23.867
raw_single_channel_phase_gat_team_mean_seed47,2287,2,1,-0.283,1,False,2,35.546,29.3374
raw_single_channel_phase_gat_team_mean_seed47,4734,1,0,-0.2877,1,True,1,32.0161,22.6814
raw_single_channel_phase_gat_team_mean_seed47,2306,2,1,-0.0391,1,False,1,6.4594,5.7242
raw_single_channel_phase_gat_team_mean_seed47,3934,2,1,-0.1998,1,False,2,34.8168,32.9552
raw_single_channel_phase_gat_team_mean_seed47,1517,1,2,0.204,2,False,1,30.3853,20.5827
raw_single_channel_phase_gat_team_mean_seed47,2084,1,2,0.1959,2,False,1,33.0083,28.0115
raw_single_channel_phase_gat_team_mean_seed47,3674,1,0,-0.1205,1,True,1,17.6915,16.2079
raw_single_channel_phase_gat_team_mean_seed47,4203,2,1,-0.1161,1,False,2,18.8141,16.7667
raw_single_channel_phase_gat_team_mean_seed47,5011,0,1,0.0864,1,False,0,16.0207,14.1773
raw_single_channel_phase_gat_team_mean_seed47,2224,1,2,0.3512,1,True,1,29.3848,
raw_single_channel_phase_gat_team_mean_seed47,2443,2,1,-0.0603,1,False,1,5.1872,6.9462
raw_single_channel_phase_gat_team_mean_seed47,2357,2,1,-0.3613,1,False,2,46.3592,71.5322
raw_single_channel_phase_gat_team_mean_seed47,1349,0,1,0.0964,1,False,0,17.4586,19.1095
raw_single_channel_phase_gat_team_mean_seed47,2872,1,0,-0.1503,1,True,1,13.3003,12.6431
raw_single_channel_phase_gat_team_mean_seed47,1707,2,1,-0.2919,1,False,2,36.389,41.5074
raw_single_channel_phase_gat_team_mean_seed47,3197,2,1,-0.0593,1,False,2,9.3157,10.1842
raw_single_channel_phase_gat_team_mean_seed47,445,2,1,-0.3341,1,False,2,40.8621,48.2629
raw_single_channel_phase_gat_team_mean_seed47,4712,1,0,-0.0323,0,False,1,5.6568,4.5867
raw_single_channel_phase_gat_team_mean_seed47,3890,0,1,0.0425,1,False,1,8.4512,8.3452
raw_single_channel_phase_gat_team_mean_seed47,5576,1,2,0.3077,2,False,1,35.0515,23.6616
raw_single_channel_phase_gat_team_mean_seed47,3053,1,0,-0.2965,0,False,1,28.5801,27.5283
raw_single_channel_phase_gat_team_mean_seed47,865,1,0,-0.3205,1,True,1,33.8571,33.4432
raw_single_channel_phase_gat_team_mean_seed47,1114,1,2,0.1997,1,True,1,30.4459,20.7825
raw_single_channel_phase_gat_team_mean_seed47,1194,1,2,0.3053,1,True,1,35.4259,24.7006
raw_single_channel_phase_gat_team_mean_seed47,1004,1,0,-0.0762,0,False,1,10.8727,10.384
raw_single_channel_phase_gat_team_mean_seed47,5881,1,0,-0.3283,1,True,1,41.4373,32.0369
raw_single_channel_phase_gat_team_mean_seed47,1877,1,2,0.2294,2,False,1,30.5901,24.5384
raw_single_channel_phase_gat_team_mean_seed47,3791,2,1,-0.3103,1,False,2,39.8971,22.3119
raw_single_channel_phase_gat_team_mean_seed47,5995,1,0,-0.0451,0,False,1,8.1886,7.5488
raw_single_channel_phase_gat_team_mean_seed47,2075,1,0,-0.239,1,True,1,47.1527,31.0215
raw_single_channel_phase_gat_team_mean_seed47,5089,1,2,0.0873,2,False,1,11.4464,8.2364
raw_single_channel_phase_gat_team_mean_seed47,5261,0,1,0.2295,1,False,0,32.0999,21.0953
raw_single_channel_phase_gat_team_mean_seed47,2245,2,1,-0.2454,1,False,2,30.0868,24.4954
raw_single_channel_phase_gat_team_mean_seed47,2968,1,2,0.0434,2,False,1,5.695,6.1959
raw_single_channel_phase_gat_team_mean_seed47,4481,1,0,-0.0549,0,False,1,7.907,6.5964
raw_single_channel_phase_gat_team_mean_seed47,5990,1,0,-0.1406,1,True,1,20.5418,19.2026
raw_single_channel_phase_gat_team_mean_seed47,3346,2,1,-0.2741,1,False,2,42.4318,29.7605
raw_single_channel_phase_gat_team_mean_seed47,2363,2,1,-0.3623,1,False,2,46.8078,74.026
raw_single_channel_phase_gat_team_mean_seed47,1904,1,2,0.2322,1,True,1,31.5773,20.1412
raw_single_channel_phase_gat_team_mean_seed47,1909,1,2,0.194,2,False,1,22.3615,19.9216
raw_single_channel_phase_gat_team_mean_seed47,1418,0,1,0.0784,1,False,0,14.9971,11.638
raw_single_channel_phase_gat_team_mean_seed47,2469,1,0,-0.1705,0,False,1,19.6191,17.7677
raw_single_channel_phase_gat_team_mean_seed47,758,0,1,0.1723,1,False,0,28.1434,18.3353
raw_single_channel_phase_gat_team_mean_seed47,6120,0,1,0.0781,1,False,0,11.4295,9.8151
raw_single_channel_phase_gat_team_mean_seed47,2631,1,2,0.3102,2,False,1,30.7643,23.3219
raw_single_channel_phase_gat_team_mean_seed47,1085,2,1,-0.3418,1,False,2,42.705,40.8977
raw_single_channel_phase_gat_team_mean_seed47,2482,1,0,-0.1123,0,False,1,14.4985,15.7594
raw_single_channel_phase_gat_team_mean_seed47,3326,2,1,-0.0919,1,False,2,12.3169,12.9768
raw_single_channel_phase_gat_team_mean_seed47,4414,0,1,0.0523,1,False,1,8.4312,10.4888
raw_single_channel_phase_gat_team_mean_seed47,739,0,1,0.2002,1,False,0,27.2504,23.0535
raw_single_channel_phase_gat_team_mean_seed47,2669,1,0,-0.0514,0,False,1,8.3085,6.1572
raw_single_channel_phase_gat_team_mean_seed47,5583,1,2,0.176,2,False,1,26.5482,19.2382
raw_single_channel_phase_gat_team_mean_seed47,4274,2,1,-0.0886,1,False,2,10.181,10.9929
raw_single_channel_phase_gat_team_mean_seed47,1328,1,0,-0.1318,0,False,1,21.2817,23.8399
raw_single_channel_phase_gat_team_mean_seed47,4660,1,0,-0.185,0,False,1,23.0132,20.9833
raw_single_channel_phase_gat_team_mean_seed47,5599,1,2,0.0626,2,False,1,8.638,7.7875
raw_single_channel_phase_gat_team_mean_seed47,4039,0,1,0.0705,1,False,0,15.008,11.1798
raw_single_channel_phase_gat_team_mean_seed47,2694,1,0,-0.2478,0,False,1,25.6852,18.8476
raw_single_channel_phase_gat_team_mean_seed47,5696,0,1,0.3407,1,False,0,58.2456,31.7901
raw_single_channel_phase_gat_team_mean_seed47,2944,1,0,-0.0906,0,False,1,12.1442,10.9898
raw_single_channel_phase_gat_team_mean_seed47,3946,2,1,-0.3506,1,False,2,43.274,47.3707
raw_single_channel_phase_gat_team_mean_seed47,1786,1,0,-0.0584,0,False,1,7.8071,8.0197
raw_single_channel_phase_gat_team_mean_seed47,5273,1,0,-0.0694,0,False,1,9.6682,8.3731
raw_single_channel_phase_gat_team_mean_seed47,5582,1,2,0.1925,2,False,1,28.3147,21.9993
raw_single_channel_phase_gat_team_mean_seed47,2296,2,1,-0.0314,1,False,1,6.1693,6.3405
raw_single_channel_phase_gat_team_mean_seed47,3694,0,1,0.2862,1,False,0,45.4775,22.5332
raw_single_channel_phase_gat_team_mean_seed47,2559,2,1,-0.1988,1,False,2,22.9122,23.7252
raw_single_channel_phase_gat_team_mean_seed47,1233,1,0,-0.2177,0,False,1,23.1397,27.8073
raw_single_channel_phase_gat_team_mean_seed47,1814,1,0,-0.2484,0,False,1,24.9693,22.2782
raw_single_channel_phase_gat_team_mean_seed47,1596,1,0,-0.0502,0,False,1,7.9426,8.7793
raw_single_channel_phase_gat_team_mean_seed47,1290,1,2,0.2147,2,False,1,25.2158,13.0715
raw_single_channel_phase_gat_team_mean_seed47,3663,1,0,-0.246,1,True,1,31.4302,24.0799
raw_single_channel_phase_gat_team_mean_seed47,3075,1,0,-0.2377,0,False,1,23.5594,23.7398
raw_single_channel_phase_gat_team_mean_seed47,5202,1,0,-0.1336,1,True,1,17.4536,13.9076
raw_single_channel_phase_gat_team_mean_seed47,5064,2,1,-0.2408,1,False,2,30.7939,25.0548
raw_single_channel_phase_gat_team_mean_seed47,3450,2,1,-0.0739,1,False,2,8.6885,11.695
raw_single_channel_phase_gat_team_mean_seed47,5972,0,1,0.0757,1,False,0,15.5314,12.9345
raw_single_channel_phase_gat_team_mean_seed47,5310,2,1,-0.1053,1,False,2,6.2012,13.3444
raw_single_channel_phase_gat_team_mean_seed47,2922,1,0,-0.2761,0,False,1,29.1245,27.1155
raw_single_channel_phase_gat_team_mean_seed47,2891,1,0,-0.3228,0,False,1,35.9756,28.3169
raw_single_channel_phase_gat_team_mean_seed47,3488,1,2,0.3623,2,False,1,41.0364,
raw_single_channel_phase_gat_team_mean_seed47,1277,1,2,0.1487,2,False,1,19.0013,14.846
raw_single_channel_phase_gat_team_mean_seed47,4923,0,1,0.364,1,False,0,48.171,33.4332
raw_single_channel_phase_gat_team_mean_seed47,1262,1,2,0.0356,2,False,1,5.6604,5.6959
raw_single_channel_phase_gat_team_mean_seed47,2964,2,1,-0.1466,1,False,2,19.6387,16.2354
raw_single_channel_phase_gat_team_mean_seed47,5430,1,0,-0.1929,0,False,1,21.6679,21.1073
raw_single_channel_phase_gat_team_mean_seed47,5712,0,1,0.3636,1,False,0,55.0584,30.1979
raw_single_channel_phase_gat_team_mean_seed47,2239,1,2,0.2277,1,True,1,25.1595,17.0161
raw_single_channel_phase_gat_team_mean_seed47,4544,1,2,0.3582,2,False,1,37.4369,
raw_single_channel_phase_gat_team_mean_seed47,2638,1,0,-0.1868,1,True,1,17.4364,13.7343
raw_single_channel_phase_gat_team_mean_seed47,4842,1,0,-0.2427,1,True,1,36.6206,26.2539
raw_single_channel_phase_gat_team_mean_seed47,782,1,2,0.1334,2,False,1,16.2904,14.9098
raw_single_channel_phase_gat_team_mean_seed47,5919,1,2,0.2872,2,False,1,25.5057,29.1266
raw_single_channel_phase_gat_team_mean_seed47,860,1,0,-0.3059,1,True,1,31.0997,25.6969
raw_single_channel_phase_gat_team_mean_seed47,1592,1,0,-0.102,0,False,1,14.7386,11.8677
raw_single_channel_phase_gat_team_mean_seed47,1054,1,2,0.3064,1,True,1,40.8579,23.6353
raw_single_channel_phase_gat_team_mean_seed47,4132,1,0,-0.3021,1,True,1,39.0022,29.5923
raw_single_channel_phase_gat_team_mean_seed47,1422,1,0,-0.0495,0,False,1,7.0541,10.4903
raw_single_channel_phase_gat_team_mean_seed47,4486,1,2,0.3536,2,False,1,27.8855,
raw_single_channel_phase_gat_team_mean_seed47,5650,1,2,0.1909,2,False,1,25.329,20.156
raw_single_channel_phase_gat_team_mean_seed47,5595,2,1,-0.107,1,False,2,13.0386,16.079
raw_single_channel_phase_gat_team_mean_seed47,4302,0,1,0.1939,1,False,0,25.6076,20.2721
raw_single_channel_phase_gat_team_mean_seed47,4174,1,0,-0.2813,1,True,1,26.9034,20.4037
raw_single_channel_phase_gat_team_mean_seed47,5472,1,0,-0.0842,0,False,1,13.1673,8.9033
raw_single_channel_phase_gat_team_mean_seed47,855,1,0,-0.2818,1,True,1,33.526,31.8099
raw_single_channel_phase_gat_team_mean_seed47,4492,1,2,0.1016,2,False,1,12.4449,11.3791
raw_single_channel_phase_gat_team_mean_seed47,5977,0,1,0.286,1,False,0,44.3445,22.6879
raw_single_channel_phase_gat_team_mean_seed47,4198,2,1,-0.1302,1,False,2,14.4115,17.3619
raw_single_channel_phase_gat_team_mean_seed47,1841,1,2,0.176,2,False,1,26.2043,16.5854
raw_single_channel_phase_gat_team_mean_seed47,6123,0,1,0.1173,1,False,0,18.4018,14.0731
raw_single_channel_phase_gat_team_mean_seed47,5229,0,1,0.3874,1,False,0,43.3221,26.1953
raw_single_channel_phase_gat_team_mean_seed47,3123,2,1,-0.1432,1,False,2,22.3166,15.6636
raw_single_channel_phase_gat_team_mean_seed47,1542,1,0,-0.1141,0,False,1,13.7504,12.573
raw_single_channel_phase_gat_team_mean_seed47,2460,1,0,-0.3461,1,True,1,35.3667,42.0062
raw_single_channel_phase_gat_team_mean_seed47,5510,1,0,-0.07,0,False,1,8.4322,7.4904
raw_single_channel_phase_gat_team_mean_seed47,4792,2,1,-0.2351,1,False,2,28.395,27.8813
raw_single_channel_phase_gat_team_mean_seed47,5793,1,2,0.3211,1,True,1,24.9943,23.2721
raw_single_channel_phase_gat_team_mean_seed47,2138,1,0,-0.3592,1,True,1,28.1674,
raw_single_channel_phase_gat_team_mean_seed47,3059,1,2,0.288,1,True,1,29.9832,21.0941
raw_single_channel_phase_gat_team_mean_seed47,1930,1,2,0.0725,2,False,1,11.0978,13.255
raw_single_channel_phase_gat_team_mean_seed47,4920,0,1,0.2287,1,False,0,34.1119,19.9609
raw_single_channel_phase_gat_team_mean_seed47,2938,0,1,0.0825,1,False,0,15.208,12.4733
raw_single_channel_phase_gat_team_mean_seed47,1152,1,0,-0.3442,1,True,1,30.4999,35.2501
raw_single_channel_phase_gat_team_mean_seed47,506,1,0,-0.3038,0,False,1,27.0704,30.0656
raw_single_channel_phase_gat_team_mean_seed47,2967,2,1,-0.0658,1,False,2,9.7469,9.3599
raw_single_channel_phase_gat_team_mean_seed47,887,1,2,0.3271,1,True,1,34.4488,28.9151
raw_single_channel_phase_gat_team_mean_seed47,2089,1,2,0.2601,1,True,1,37.1097,25.4142
raw_single_channel_phase_gat_team_mean_seed47,3629,1,0,-0.1798,1,True,1,23.992,18.1407
raw_single_channel_phase_gat_team_mean_seed47,3583,1,0,-0.1014,0,False,1,13.1524,13.8596
raw_single_channel_phase_gat_team_mean_seed47,938,1,0,-0.3198,0,False,1,29.1397,30.0446
raw_single_channel_phase_gat_team_mean_seed47,5020,0,1,0.1832,1,False,0,23.3483,21.7013
raw_single_channel_phase_gat_team_mean_seed47,2061,0,1,0.3397,1,False,0,58.0069,25.0904
raw_single_channel_phase_gat_team_mean_seed47,6048,2,1,-0.0609,1,False,2,7.1218,11.7699
raw_single_channel_phase_gat_team_mean_seed47,827,1,0,-0.3311,0,False,1,32.9219,32.7258
raw_single_channel_phase_gat_team_mean_seed47,4974,0,1,0.149,1,False,0,27.1903,17.8629
raw_single_channel_phase_gat_team_mean_seed47,809,1,0,-0.2651,1,True,1,23.3749,24.0843
raw_single_channel_phase_gat_team_mean_seed47,5030,0,1,0.069,1,False,0,14.018,12.8167
raw_single_channel_phase_gat_team_mean_seed47,3141,2,1,-0.3879,1,False,2,44.2764,61.3311
raw_single_channel_phase_gat_team_mean_seed47,6063,1,2,0.305,2,False,1,31.6142,28.0856
raw_single_channel_phase_gat_team_mean_seed47,4527,2,1,-0.0329,1,False,2,4.5965,5.4427
raw_single_channel_phase_gat_team_mean_seed47,1945,1,0,-0.1925,0,False,1,21.6486,21.5425
raw_single_channel_phase_gat_team_mean_seed47,2330,2,1,-0.3436,1,False,2,36.6414,63.2186
raw_single_channel_phase_gat_team_mean_seed47,3690,0,1,0.2487,1,False,0,46.2666,18.7457
raw_single_channel_phase_gat_team_mean_seed47,1372,1,0,-0.1561,0,False,1,20.5484,16.55
raw_single_channel_phase_gat_team_mean_seed47,3217,1,0,-0.2858,1,True,1,36.0096,27.391
raw_single_channel_phase_gat_team_mean_seed47,5072,2,1,-0.2514,1,False,2,32.2669,26.1778
raw_single_channel_phase_gat_team_mean_seed47,2927,1,0,-0.2013,0,False,1,25.673,25.0537
raw_single_channel_phase_gat_team_mean_seed47,3297,1,2,0.0863,2,False,1,11.7367,9.0839
raw_single_channel_phase_gat_team_mean_seed47,530,1,0,-0.3481,1,True,1,31.2549,35.7142
raw_single_channel_phase_gat_team_mean_seed47,4030,0,1,0.0472,1,False,1,7.5151,8.9926
raw_single_channel_phase_gat_team_mean_seed47,5792,1,2,0.3188,1,True,1,29.7532,24.1649
raw_single_channel_phase_gat_team_mean_seed47,1207,1,2,0.3197,1,True,1,38.1555,30.6268
raw_single_channel_phase_gat_team_mean_seed47,3573,1,0,-0.279,1,True,1,30.0211,22.0099
raw_single_channel_phase_gat_team_mean_seed47,2124,1,0,-0.3193,1,True,1,31.2524,30.6203
raw_single_channel_phase_gat_team_mean_seed47,1783,1,0,-0.0405,0,False,1,6.7767,5.3511
raw_single_channel_phase_gat_team_mean_seed47,4040,0,1,0.0871,1,False,0,18.3487,12.4618
raw_single_channel_phase_gat_team_mean_seed47,2901,1,0,-0.2891,0,False,1,29.6164,26.0039
raw_single_channel_phase_gat_team_mean_seed47,5272,1,0,-0.0344,0,False,1,4.6621,3.5929
raw_single_channel_phase_gat_team_mean_seed47,2444,2,1,-0.041,1,False,1,3.6577,4.2502
raw_single_channel_phase_gat_team_mean_seed47,2819,0,1,0.2496,1,False,0,38.3185,27.0511
raw_single_channel_phase_gat_team_mean_seed47,1251,1,2,0.1639,2,False,1,17.6559,14.616
raw_single_channel_phase_gat_team_mean_seed47,1091,2,1,-0.2193,1,False,2,26.2936,25.2385
raw_single_channel_phase_gat_team_mean_seed47,2826,0,1,0.259,1,False,0,43.7266,28.2709
raw_single_channel_phase_gat_team_mean_seed47,4796,2,1,-0.2689,1,False,2,29.5559,25.6859
raw_single_channel_phase_gat_team_mean_seed47,2553,1,2,0.2498,1,True,1,28.5154,19.1629
raw_single_channel_phase_gat_team_mean_seed47,1947,1,0,-0.1125,1,True,1,13.5632,11.1211
raw_single_channel_phase_gat_team_mean_seed47,4747,1,0,-0.2738,1,True,1,32.1907,28.3526
raw_single_channel_phase_gat_team_mean_seed47,2011,1,0,-0.2191,1,True,1,18.0377,18.3884
raw_single_channel_phase_gat_team_mean_seed47,3062,1,2,0.2413,1,True,1,29.1136,15.9741
raw_single_channel_phase_gat_team_mean_seed47,2067,0,1,0.1598,1,False,0,37.483,23.4735
raw_single_channel_phase_gat_team_mean_seed47,4163,1,0,-0.0796,1,True,1,8.464,10.7501
raw_single_channel_phase_gat_team_mean_seed47,5523,1,0,-0.1557,0,False,1,17.2171,13.7068
raw_single_channel_phase_gat_team_mean_seed47,3561,1,0,-0.1911,1,True,1,24.7549,18.1922
raw_single_channel_phase_gat_team_mean_seed47,3164,2,1,-0.2948,1,False,2,37.7527,40.3798
raw_single_channel_phase_gat_team_mean_seed47,1256,1,2,0.1158,2,False,1,16.3007,11.6767
raw_single_channel_phase_gat_team_mean_seed47,4776,1,2,0.1042,2,False,1,14.1225,11.5903
raw_single_channel_phase_gat_team_mean_seed47,5502,1,0,-0.0854,1,True,1,10.9988,9.254
raw_single_channel_phase_gat_team_mean_seed47,4147,1,0,-0.255,1,True,1,32.4497,22.7984
raw_single_channel_phase_gat_team_mean_seed47,1711,2,1,-0.3095,2,True,2,35.5754,52.2701
raw_single_channel_phase_gat_team_mean_seed47,4835,1,0,-0.2457,1,True,1,32.8488,23.7333
raw_single_channel_phase_gat_team_mean_seed47,955,1,2,0.1142,2,False,1,16.77,13.0253
raw_single_channel_phase_gat_team_mean_seed47,4654,1,0,-0.2112,0,False,1,28.9273,18.4342
raw_single_channel_phase_gat_team_mean_seed47,857,1,0,-0.2806,1,True,1,30.4399,30.7456
raw_single_channel_phase_gat_team_mean_seed47,1102,2,1,-0.1216,1,False,2,17.1942,15.9143
raw_single_channel_phase_gat_team_mean_seed47,1755,1,2,0.1758,2,False,1,21.807,12.8876
raw_single_channel_phase_gat_team_mean_seed47,1306,1,2,0.1323,2,False,1,17.0699,12.8727
raw_single_channel_phase_gat_team_mean_seed47,1490,2,1,-0.1954,1,False,2,25.502,22.9029
raw_single_channel_phase_gat_team_mean_seed47,2793,0,1,0.2279,1,False,0,37.4522,24.1311
raw_single_channel_phase_gat_team_mean_seed47,2414,1,2,0.1196,2,False,1,20.9367,20.3522
raw_single_channel_phase_gat_team_mean_seed47,5982,0,1,0.1439,1,False,0,28.4289,17.5165
raw_single_channel_phase_gat_team_mean_seed47,5053,2,1,-0.1002,1,False,2,10.5101,12.0134
raw_single_channel_phase_gat_team_mean_seed47,425,1,2,0.1858,1,True,1,26.9595,27.6541
raw_single_channel_phase_gat_team_mean_seed47,1828,1,2,0.338,1,True,1,44.3171,26.7244
raw_single_channel_phase_gat_team_mean_seed47,2161,1,2,0.1527,2,False,1,18.0526,17.5056
raw_single_channel_phase_gat_team_mean_seed47,5717,0,1,0.3989,1,False,0,61.0698,41.2484
raw_single_channel_phase_gat_team_mean_seed47,4620,0,1,0.0875,1,False,0,12.3069,10.5041
raw_single_channel_phase_gat_team_mean_seed47,4418,0,1,0.0433,1,False,1,7.7857,6.5993
raw_single_channel_phase_gat_team_mean_seed47,2078,1,2,0.3551,1,True,1,50.9224,
raw_single_channel_phase_gat_team_mean_seed47,5155,1,2,0.0638,2,False,2,9.8986,11.9267
raw_single_channel_phase_gat_team_mean_seed47,5525,1,0,-0.1724,1,True,1,20.6772,16.364
raw_single_channel_phase_gat_team_mean_seed47,4377,1,0,-0.1044,1,True,1,16.4732,11.0822
raw_single_channel_phase_gat_team_mean_seed47,1629,0,1,0.2229,1,False,0,37.2313,24.1079
raw_single_channel_phase_gat_team_mean_seed47,1685,1,2,0.0457,2,False,1,6.842,6.5744
raw_single_channel_phase_gat_team_mean_seed47,2509,1,2,0.275,1,True,1,39.3113,25.4316
raw_single_channel_phase_gat_team_mean_seed47,1741,1,0,-0.1091,0,False,1,16.541,10.1403
raw_single_channel_phase_gat_team_mean_seed47,3259,2,1,-0.3281,1,False,2,40.329,36.7363
raw_single_channel_phase_gat_team_mean_seed47,2875,1,0,-0.3309,1,True,1,23.8948,27.2058
raw_single_channel_phase_gat_team_mean_seed47,682,1,2,0.3306,2,False,1,35.366,22.3355
raw_single_channel_phase_gat_team_mean_seed47,1900,1,2,0.183,1,True,1,22.2493,16.3722
raw_single_channel_phase_gat_team_mean_seed47,3712,0,1,0.3232,1,False,0,44.3123,27.3631
