checkpoint,checkpoint_sha256,train_source,train_source_sha256,train_n,bank,bank_sha256,n_quartets,old_parent_new_edit_quartets,unseen_parent_quartets,exact_static_state_duplicates,serialized_static_state_matches,near_parent_quartets,augmentation_exact_state_audit,train_source_resolution
artifacts/f095_campaign/D01/w512_s23/clean/model.pt,630bd37324e96f7ad833ea9fd7dba40f9beea993fdb392183584838543fce48a,artifacts/f095_campaign/D01/scenes_N/scenes.npz,620ea1dc1e443dc6c238317463dc64ab3a9ae05fb592743f3a7d67d7ce17262c,512,dev512,2178613957f459f82b3418cfda92ce24f61b4fa85dbff4c243d11b77adf961ac,237,0,237,0,0,0,NO_AUGMENTATION (clean-only inputs); see exact_static_state_duplicates / serialized_static_state_matches,resolved: run_manifest+checkpoint_fingerprint; train_source=artifacts/f095_campaign/D01/scenes_N/scenes.npz sha256=620ea1dc1e443dc6...; ckpt mu/sd bit-exact
artifacts/f095_campaign/D01/w512_s23/flipmine/model.pt,a8aef8bbd7356e06ccddc4abd51ebf664108bebb7587b2ca96a27f0d78f8c108,artifacts/f095_campaign/D01/scenes_N/scenes.npz,620ea1dc1e443dc6c238317463dc64ab3a9ae05fb592743f3a7d67d7ce17262c,512,dev512,2178613957f459f82b3418cfda92ce24f61b4fa85dbff4c243d11b77adf961ac,237,0,237,0,0,0,AUDITED set=mined_flip n_states=1534; quartet exact_le1e-6=0 near_le1e-4=0 min_linf=0.201; singles exact_le1e-6=0 near_le1e-4=0 min_linf=0.111; byte_identical=0; mined_recomputed_seed=5,resolved: run_manifest+checkpoint_fingerprint; train_source=artifacts/f095_campaign/D01/scenes_N/scenes.npz sha256=620ea1dc1e443dc6...; ckpt mu/sd bit-exact
artifacts/f095_campaign/D01/w256_s47/clean/model.pt,ec05af11668e85cea2894370a8f9e53226a35dc0fe912701d432b0bfb8bb7274,artifacts/f095_campaign/D01/scenes_N/scenes.npz,620ea1dc1e443dc6c238317463dc64ab3a9ae05fb592743f3a7d67d7ce17262c,512,dev512,2178613957f459f82b3418cfda92ce24f61b4fa85dbff4c243d11b77adf961ac,237,0,237,0,0,0,NO_AUGMENTATION (clean-only inputs); see exact_static_state_duplicates / serialized_static_state_matches,resolved: run_manifest+checkpoint_fingerprint; train_source=artifacts/f095_campaign/D01/scenes_N/scenes.npz sha256=620ea1dc1e443dc6...; ckpt mu/sd bit-exact
artifacts/f095_campaign/D01/w256_s47/flipmine/model.pt,2109ef097527272c387ce24c678933b911790e32ddee3d14ebbf7bec71e89142,artifacts/f095_campaign/D01/scenes_N/scenes.npz,620ea1dc1e443dc6c238317463dc64ab3a9ae05fb592743f3a7d67d7ce17262c,512,dev512,2178613957f459f82b3418cfda92ce24f61b4fa85dbff4c243d11b77adf961ac,237,0,237,0,0,0,AUDITED set=mined_flip n_states=1534; quartet exact_le1e-6=0 near_le1e-4=0 min_linf=0.201; singles exact_le1e-6=0 near_le1e-4=0 min_linf=0.111; byte_identical=0; mined_recomputed_seed=5,resolved: run_manifest+checkpoint_fingerprint; train_source=artifacts/f095_campaign/D01/scenes_N/scenes.npz sha256=620ea1dc1e443dc6...; ckpt mu/sd bit-exact
artifacts/f095_campaign/D01/w256_s11/clean/model.pt,9b74883539a28fb0cc5efe2b64f3bf4ab88f9c76d06f18950bae79d0d7af89b2,artifacts/f095_campaign/D01/scenes_N/scenes.npz,620ea1dc1e443dc6c238317463dc64ab3a9ae05fb592743f3a7d67d7ce17262c,512,dev512,2178613957f459f82b3418cfda92ce24f61b4fa85dbff4c243d11b77adf961ac,237,0,237,0,0,0,NO_AUGMENTATION (clean-only inputs); see exact_static_state_duplicates / serialized_static_state_matches,resolved: run_manifest+checkpoint_fingerprint; train_source=artifacts/f095_campaign/D01/scenes_N/scenes.npz sha256=620ea1dc1e443dc6...; ckpt mu/sd bit-exact
artifacts/f095_campaign/D01/w256_s11/flipmine/model.pt,7dc096aaf72bfdf1b05c30e3f0677fc83f05fe41816f4dd18bf6b6093905e0f4,artifacts/f095_campaign/D01/scenes_N/scenes.npz,620ea1dc1e443dc6c238317463dc64ab3a9ae05fb592743f3a7d67d7ce17262c,512,dev512,2178613957f459f82b3418cfda92ce24f61b4fa85dbff4c243d11b77adf961ac,237,0,237,0,0,0,AUDITED set=mined_flip n_states=1534; quartet exact_le1e-6=0 near_le1e-4=0 min_linf=0.201; singles exact_le1e-6=0 near_le1e-4=0 min_linf=0.111; byte_identical=0; mined_recomputed_seed=5,resolved: run_manifest+checkpoint_fingerprint; train_source=artifacts/f095_campaign/D01/scenes_N/scenes.npz sha256=620ea1dc1e443dc6...; ckpt mu/sd bit-exact
artifacts/f095_campaign/D01/w512_s11/clean/model.pt,58a51e45df79ae2cb17e70b4e348cc46dd850f3d377e2f508da60794041d6c9d,artifacts/f095_campaign/D01/scenes_N/scenes.npz,620ea1dc1e443dc6c238317463dc64ab3a9ae05fb592743f3a7d67d7ce17262c,512,dev512,2178613957f459f82b3418cfda92ce24f61b4fa85dbff4c243d11b77adf961ac,237,0,237,0,0,0,NO_AUGMENTATION (clean-only inputs); see exact_static_state_duplicates / serialized_static_state_matches,resolved: run_manifest+checkpoint_fingerprint; train_source=artifacts/f095_campaign/D01/scenes_N/scenes.npz sha256=620ea1dc1e443dc6...; ckpt mu/sd bit-exact
artifacts/f095_campaign/D01/w512_s11/flipmine/model.pt,93f533fa6feba927222533996ad246b1a0e0e97d26537999a78ef8468c0a65b6,artifacts/f095_campaign/D01/scenes_N/scenes.npz,620ea1dc1e443dc6c238317463dc64ab3a9ae05fb592743f3a7d67d7ce17262c,512,dev512,2178613957f459f82b3418cfda92ce24f61b4fa85dbff4c243d11b77adf961ac,237,0,237,0,0,0,AUDITED set=mined_flip n_states=1534; quartet exact_le1e-6=0 near_le1e-4=0 min_linf=0.201; singles exact_le1e-6=0 near_le1e-4=0 min_linf=0.111; byte_identical=0; mined_recomputed_seed=5,resolved: run_manifest+checkpoint_fingerprint; train_source=artifacts/f095_campaign/D01/scenes_N/scenes.npz sha256=620ea1dc1e443dc6...; ckpt mu/sd bit-exact
artifacts/f095_campaign/D01/w256_s23/clean/model.pt,855d4d4daf764a490029ef5aff28208e05297a385af49e9dd9c887a7e0e9c984,artifacts/f095_campaign/D01/scenes_N/scenes.npz,620ea1dc1e443dc6c238317463dc64ab3a9ae05fb592743f3a7d67d7ce17262c,512,dev512,2178613957f459f82b3418cfda92ce24f61b4fa85dbff4c243d11b77adf961ac,237,0,237,0,0,0,NO_AUGMENTATION (clean-only inputs); see exact_static_state_duplicates / serialized_static_state_matches,resolved: run_manifest+checkpoint_fingerprint; train_source=artifacts/f095_campaign/D01/scenes_N/scenes.npz sha256=620ea1dc1e443dc6...; ckpt mu/sd bit-exact
artifacts/f095_campaign/D01/w256_s23/flipmine/model.pt,f3f98d75acc04ed67353ed147564c3d77b83456865f07382fdfb24975755e7e5,artifacts/f095_campaign/D01/scenes_N/scenes.npz,620ea1dc1e443dc6c238317463dc64ab3a9ae05fb592743f3a7d67d7ce17262c,512,dev512,2178613957f459f82b3418cfda92ce24f61b4fa85dbff4c243d11b77adf961ac,237,0,237,0,0,0,AUDITED set=mined_flip n_states=1534; quartet exact_le1e-6=0 near_le1e-4=0 min_linf=0.201; singles exact_le1e-6=0 near_le1e-4=0 min_linf=0.111; byte_identical=0; mined_recomputed_seed=5,resolved: run_manifest+checkpoint_fingerprint; train_source=artifacts/f095_campaign/D01/scenes_N/scenes.npz sha256=620ea1dc1e443dc6...; ckpt mu/sd bit-exact
artifacts/f095_campaign/D01/w512_s47/clean/model.pt,5819d14ed683e1436c09f639d47bc09c65f2507b98d4b207c2a315adf339f935,artifacts/f095_campaign/D01/scenes_N/scenes.npz,620ea1dc1e443dc6c238317463dc64ab3a9ae05fb592743f3a7d67d7ce17262c,512,dev512,2178613957f459f82b3418cfda92ce24f61b4fa85dbff4c243d11b77adf961ac,237,0,237,0,0,0,NO_AUGMENTATION (clean-only inputs); see exact_static_state_duplicates / serialized_static_state_matches,resolved: run_manifest+checkpoint_fingerprint; train_source=artifacts/f095_campaign/D01/scenes_N/scenes.npz sha256=620ea1dc1e443dc6...; ckpt mu/sd bit-exact
artifacts/f095_campaign/D01/w512_s47/flipmine/model.pt,0eb6dbec47821621b62a84c14bae971f578647ca59866fade4c9f217e87161fd,artifacts/f095_campaign/D01/scenes_N/scenes.npz,620ea1dc1e443dc6c238317463dc64ab3a9ae05fb592743f3a7d67d7ce17262c,512,dev512,2178613957f459f82b3418cfda92ce24f61b4fa85dbff4c243d11b77adf961ac,237,0,237,0,0,0,AUDITED set=mined_flip n_states=1534; quartet exact_le1e-6=0 near_le1e-4=0 min_linf=0.201; singles exact_le1e-6=0 near_le1e-4=0 min_linf=0.111; byte_identical=0; mined_recomputed_seed=5,resolved: run_manifest+checkpoint_fingerprint; train_source=artifacts/f095_campaign/D01/scenes_N/scenes.npz sha256=620ea1dc1e443dc6...; ckpt mu/sd bit-exact
artifacts/f095_campaign/D02/aug_rep_s47/clean/model.pt,691976405fc5436b04f2180c3debec12e3c4129338c77a3eae74bb1ac5121000,artifacts/f095_campaign/D01/scenes_N/scenes.npz,620ea1dc1e443dc6c238317463dc64ab3a9ae05fb592743f3a7d67d7ce17262c,512,dev512,2178613957f459f82b3418cfda92ce24f61b4fa85dbff4c243d11b77adf961ac,237,0,237,0,0,0,NO_AUGMENTATION (clean-only inputs); see exact_static_state_duplicates / serialized_static_state_matches,resolved: run_manifest+checkpoint_fingerprint; train_source=artifacts/f095_campaign/D01/scenes_N/scenes.npz sha256=620ea1dc1e443dc6...; ckpt mu/sd bit-exact
artifacts/f095_campaign/D02/aug_rep_s47/flipmine/model.pt,c8c5d8499652368bd2e31fc6f8c43302120a3c55897e1c7a039f95c952b2fde6,artifacts/f095_campaign/D01/scenes_N/scenes.npz,620ea1dc1e443dc6c238317463dc64ab3a9ae05fb592743f3a7d67d7ce17262c,512,dev512,2178613957f459f82b3418cfda92ce24f61b4fa85dbff4c243d11b77adf961ac,237,0,237,0,0,0,AUDITED set=mined_flip n_states=1534; quartet exact_le1e-6=0 near_le1e-4=0 min_linf=0.201; singles exact_le1e-6=0 near_le1e-4=0 min_linf=0.111; byte_identical=0; mined_recomputed_seed=5,resolved: run_manifest+checkpoint_fingerprint; train_source=artifacts/f095_campaign/D01/scenes_N/scenes.npz sha256=620ea1dc1e443dc6...; ckpt mu/sd bit-exact
artifacts/f095_campaign/D02/aug_rep_s23/clean/model.pt,9af402eb511f7b6cb5a22f109e7f257bca793474155c825c42048c30b2672bef,artifacts/f095_campaign/D01/scenes_N/scenes.npz,620ea1dc1e443dc6c238317463dc64ab3a9ae05fb592743f3a7d67d7ce17262c,512,dev512,2178613957f459f82b3418cfda92ce24f61b4fa85dbff4c243d11b77adf961ac,237,0,237,0,0,0,NO_AUGMENTATION (clean-only inputs); see exact_static_state_duplicates / serialized_static_state_matches,resolved: run_manifest+checkpoint_fingerprint; train_source=artifacts/f095_campaign/D01/scenes_N/scenes.npz sha256=620ea1dc1e443dc6...; ckpt mu/sd bit-exact
artifacts/f095_campaign/D02/aug_rep_s23/flipmine/model.pt,b68335f8191280b79d69c35fe29fe1fbaac1f8a61ce40a84ea700343494ee6e3,artifacts/f095_campaign/D01/scenes_N/scenes.npz,620ea1dc1e443dc6c238317463dc64ab3a9ae05fb592743f3a7d67d7ce17262c,512,dev512,2178613957f459f82b3418cfda92ce24f61b4fa85dbff4c243d11b77adf961ac,237,0,237,0,0,0,AUDITED set=mined_flip n_states=1534; quartet exact_le1e-6=0 near_le1e-4=0 min_linf=0.201; singles exact_le1e-6=0 near_le1e-4=0 min_linf=0.111; byte_identical=0; mined_recomputed_seed=5,resolved: run_manifest+checkpoint_fingerprint; train_source=artifacts/f095_campaign/D01/scenes_N/scenes.npz sha256=620ea1dc1e443dc6...; ckpt mu/sd bit-exact
artifacts/f095_campaign/D02/aug_g8_s11/clean/model.pt,0d031d4efed829bf637e58289d0237ed142800006f5dc2070c29ce4896cf711f,artifacts/f095_campaign/D01/scenes_N/scenes.npz,620ea1dc1e443dc6c238317463dc64ab3a9ae05fb592743f3a7d67d7ce17262c,512,dev512,2178613957f459f82b3418cfda92ce24f61b4fa85dbff4c243d11b77adf961ac,237,0,237,0,0,0,AUDITED set=g8_orbit_clean n_states=4096; quartet exact_le1e-6=0 near_le1e-4=0 min_linf=0.132; singles exact_le1e-6=0 near_le1e-4=0 min_linf=0.0523; byte_identical=0; G8 role-permutation orbit (superset of the 300-epoch draws),resolved: run_manifest+checkpoint_fingerprint; train_source=artifacts/f095_campaign/D01/scenes_N/scenes.npz sha256=620ea1dc1e443dc6...; ckpt mu/sd bit-exact
artifacts/f095_campaign/D02/aug_g8_s11/flipmine/model.pt,eb56de222649d7e4331254f98316bc7e48fbee711a05aeeaed69d1a1670365e8,artifacts/f095_campaign/D01/scenes_N/scenes.npz,620ea1dc1e443dc6c238317463dc64ab3a9ae05fb592743f3a7d67d7ce17262c,512,dev512,2178613957f459f82b3418cfda92ce24f61b4fa85dbff4c243d11b77adf961ac,237,0,237,0,0,0,AUDITED set=g8_orbit_clean+g8_orbit_mined n_states=16368; quartet exact_le1e-6=0 near_le1e-4=0 min_linf=0.112; singles exact_le1e-6=0 near_le1e-4=0 min_linf=0.0473; byte_identical=0; G8 role-permutation orbit (superset of the 300-epoch draws),resolved: run_manifest+checkpoint_fingerprint; train_source=artifacts/f095_campaign/D01/scenes_N/scenes.npz sha256=620ea1dc1e443dc6...; ckpt mu/sd bit-exact
artifacts/f095_campaign/D02/aug_rep_s11/clean/model.pt,c0c7c0995e23f43a629ca3df6eb75febcebd4faf4030118b093d34cbcd43979a,artifacts/f095_campaign/D01/scenes_N/scenes.npz,620ea1dc1e443dc6c238317463dc64ab3a9ae05fb592743f3a7d67d7ce17262c,512,dev512,2178613957f459f82b3418cfda92ce24f61b4fa85dbff4c243d11b77adf961ac,237,0,237,0,0,0,NO_AUGMENTATION (clean-only inputs); see exact_static_state_duplicates / serialized_static_state_matches,resolved: run_manifest+checkpoint_fingerprint; train_source=artifacts/f095_campaign/D01/scenes_N/scenes.npz sha256=620ea1dc1e443dc6...; ckpt mu/sd bit-exact
artifacts/f095_campaign/D02/aug_rep_s11/flipmine/model.pt,802157b331b0f37813e9ac0ab75c1077ff1f7f5f03156694329903577f1222d2,artifacts/f095_campaign/D01/scenes_N/scenes.npz,620ea1dc1e443dc6c238317463dc64ab3a9ae05fb592743f3a7d67d7ce17262c,512,dev512,2178613957f459f82b3418cfda92ce24f61b4fa85dbff4c243d11b77adf961ac,237,0,237,0,0,0,AUDITED set=mined_flip n_states=1534; quartet exact_le1e-6=0 near_le1e-4=0 min_linf=0.201; singles exact_le1e-6=0 near_le1e-4=0 min_linf=0.111; byte_identical=0; mined_recomputed_seed=5,resolved: run_manifest+checkpoint_fingerprint; train_source=artifacts/f095_campaign/D01/scenes_N/scenes.npz sha256=620ea1dc1e443dc6...; ckpt mu/sd bit-exact
artifacts/f095_campaign/D02/aug_g8_s23/clean/model.pt,f063c6ac5fa258cb5597b65faaefd8bc867a17a073eee3c403e7ceaa66549fce,artifacts/f095_campaign/D01/scenes_N/scenes.npz,620ea1dc1e443dc6c238317463dc64ab3a9ae05fb592743f3a7d67d7ce17262c,512,dev512,2178613957f459f82b3418cfda92ce24f61b4fa85dbff4c243d11b77adf961ac,237,0,237,0,0,0,AUDITED set=g8_orbit_clean n_states=4096; quartet exact_le1e-6=0 near_le1e-4=0 min_linf=0.132; singles exact_le1e-6=0 near_le1e-4=0 min_linf=0.0523; byte_identical=0; G8 role-permutation orbit (superset of the 300-epoch draws),resolved: run_manifest+checkpoint_fingerprint; train_source=artifacts/f095_campaign/D01/scenes_N/scenes.npz sha256=620ea1dc1e443dc6...; ckpt mu/sd bit-exact
artifacts/f095_campaign/D02/aug_g8_s23/flipmine/model.pt,23b71046c4c5b6ab5440f8876379fdee599e621157a6e46c52bd1f8b51537351,artifacts/f095_campaign/D01/scenes_N/scenes.npz,620ea1dc1e443dc6c238317463dc64ab3a9ae05fb592743f3a7d67d7ce17262c,512,dev512,2178613957f459f82b3418cfda92ce24f61b4fa85dbff4c243d11b77adf961ac,237,0,237,0,0,0,AUDITED set=g8_orbit_clean+g8_orbit_mined n_states=16368; quartet exact_le1e-6=0 near_le1e-4=0 min_linf=0.112; singles exact_le1e-6=0 near_le1e-4=0 min_linf=0.0473; byte_identical=0; G8 role-permutation orbit (superset of the 300-epoch draws),resolved: run_manifest+checkpoint_fingerprint; train_source=artifacts/f095_campaign/D01/scenes_N/scenes.npz sha256=620ea1dc1e443dc6...; ckpt mu/sd bit-exact
artifacts/f095_campaign/D02/aug_g8_s47/clean/model.pt,5f973682efa1a4562b64b15350a1e117547268b3e122656ccdd0ece789d2c3b0,artifacts/f095_campaign/D01/scenes_N/scenes.npz,620ea1dc1e443dc6c238317463dc64ab3a9ae05fb592743f3a7d67d7ce17262c,512,dev512,2178613957f459f82b3418cfda92ce24f61b4fa85dbff4c243d11b77adf961ac,237,0,237,0,0,0,AUDITED set=g8_orbit_clean n_states=4096; quartet exact_le1e-6=0 near_le1e-4=0 min_linf=0.132; singles exact_le1e-6=0 near_le1e-4=0 min_linf=0.0523; byte_identical=0; G8 role-permutation orbit (superset of the 300-epoch draws),resolved: run_manifest+checkpoint_fingerprint; train_source=artifacts/f095_campaign/D01/scenes_N/scenes.npz sha256=620ea1dc1e443dc6...; ckpt mu/sd bit-exact
artifacts/f095_campaign/D02/aug_g8_s47/flipmine/model.pt,e0f82b33f152a1a10fb634f4e0f97396fe3e1516fe5a81649d6e5b02f5726e5d,artifacts/f095_campaign/D01/scenes_N/scenes.npz,620ea1dc1e443dc6c238317463dc64ab3a9ae05fb592743f3a7d67d7ce17262c,512,dev512,2178613957f459f82b3418cfda92ce24f61b4fa85dbff4c243d11b77adf961ac,237,0,237,0,0,0,AUDITED set=g8_orbit_clean+g8_orbit_mined n_states=16368; quartet exact_le1e-6=0 near_le1e-4=0 min_linf=0.112; singles exact_le1e-6=0 near_le1e-4=0 min_linf=0.0473; byte_identical=0; G8 role-permutation orbit (superset of the 300-epoch draws),resolved: run_manifest+checkpoint_fingerprint; train_source=artifacts/f095_campaign/D01/scenes_N/scenes.npz sha256=620ea1dc1e443dc6...; ckpt mu/sd bit-exact
artifacts/f095_campaign/U01/typed_w64_s23/clean/model.pt,3683673c058376014e31bccff04b21e28bf252acbf542990498e4f1a0137c576,artifacts/f095_campaign/D01/scenes_N/scenes.npz,620ea1dc1e443dc6c238317463dc64ab3a9ae05fb592743f3a7d67d7ce17262c,512,dev512,2178613957f459f82b3418cfda92ce24f61b4fa85dbff4c243d11b77adf961ac,237,0,237,0,0,0,NO_AUGMENTATION (clean-only inputs); see exact_static_state_duplicates / serialized_static_state_matches,resolved: run_manifest+checkpoint_fingerprint; train_source=artifacts/f095_campaign/D01/scenes_N/scenes.npz sha256=620ea1dc1e443dc6...; ckpt mu/sd bit-exact
artifacts/f095_campaign/U01/typed_w64_s23/flipmine/model.pt,d8cedf6c6255e93c2cb3a70be1cc65fece980f7d3445c2fb472b541810acd11c,artifacts/f095_campaign/D01/scenes_N/scenes.npz,620ea1dc1e443dc6c238317463dc64ab3a9ae05fb592743f3a7d67d7ce17262c,512,dev512,2178613957f459f82b3418cfda92ce24f61b4fa85dbff4c243d11b77adf961ac,237,0,237,0,0,0,AUDITED set=mined_flip n_states=1534; quartet exact_le1e-6=0 near_le1e-4=0 min_linf=0.201; singles exact_le1e-6=0 near_le1e-4=0 min_linf=0.111; byte_identical=0; mined_recomputed_seed=5,resolved: run_manifest+checkpoint_fingerprint; train_source=artifacts/f095_campaign/D01/scenes_N/scenes.npz sha256=620ea1dc1e443dc6...; ckpt mu/sd bit-exact
artifacts/f095_campaign/U01/typed_w64_s47/clean/model.pt,1851adfbbfba346e25895f72e1d3a9379eb482f21c04acd08aa9d064225d0671,artifacts/f095_campaign/D01/scenes_N/scenes.npz,620ea1dc1e443dc6c238317463dc64ab3a9ae05fb592743f3a7d67d7ce17262c,512,dev512,2178613957f459f82b3418cfda92ce24f61b4fa85dbff4c243d11b77adf961ac,237,0,237,0,0,0,NO_AUGMENTATION (clean-only inputs); see exact_static_state_duplicates / serialized_static_state_matches,resolved: run_manifest+checkpoint_fingerprint; train_source=artifacts/f095_campaign/D01/scenes_N/scenes.npz sha256=620ea1dc1e443dc6...; ckpt mu/sd bit-exact
artifacts/f095_campaign/U01/typed_w64_s47/flipmine/model.pt,1b6b2c4ea0663ef866d09cd949dd05326e04e958806e2f820b2b943141f604f1,artifacts/f095_campaign/D01/scenes_N/scenes.npz,620ea1dc1e443dc6c238317463dc64ab3a9ae05fb592743f3a7d67d7ce17262c,512,dev512,2178613957f459f82b3418cfda92ce24f61b4fa85dbff4c243d11b77adf961ac,237,0,237,0,0,0,AUDITED set=mined_flip n_states=1534; quartet exact_le1e-6=0 near_le1e-4=0 min_linf=0.201; singles exact_le1e-6=0 near_le1e-4=0 min_linf=0.111; byte_identical=0; mined_recomputed_seed=5,resolved: run_manifest+checkpoint_fingerprint; train_source=artifacts/f095_campaign/D01/scenes_N/scenes.npz sha256=620ea1dc1e443dc6...; ckpt mu/sd bit-exact
artifacts/f095_campaign/U01/typed_w64_s11/clean/model.pt,9d457e56d83ee2b6f785429caa9387838df99dc89e1b9c19bbb99d3043cb25fd,artifacts/f095_campaign/D01/scenes_N/scenes.npz,620ea1dc1e443dc6c238317463dc64ab3a9ae05fb592743f3a7d67d7ce17262c,512,dev512,2178613957f459f82b3418cfda92ce24f61b4fa85dbff4c243d11b77adf961ac,237,0,237,0,0,0,NO_AUGMENTATION (clean-only inputs); see exact_static_state_duplicates / serialized_static_state_matches,resolved: run_manifest+checkpoint_fingerprint; train_source=artifacts/f095_campaign/D01/scenes_N/scenes.npz sha256=620ea1dc1e443dc6...; ckpt mu/sd bit-exact
artifacts/f095_campaign/U01/typed_w64_s11/flipmine/model.pt,aa5e18b748265e1cc157bab63ef2b109488928cf139ab6232ae89cbf0020e41b,artifacts/f095_campaign/D01/scenes_N/scenes.npz,620ea1dc1e443dc6c238317463dc64ab3a9ae05fb592743f3a7d67d7ce17262c,512,dev512,2178613957f459f82b3418cfda92ce24f61b4fa85dbff4c243d11b77adf961ac,237,0,237,0,0,0,AUDITED set=mined_flip n_states=1534; quartet exact_le1e-6=0 near_le1e-4=0 min_linf=0.201; singles exact_le1e-6=0 near_le1e-4=0 min_linf=0.111; byte_identical=0; mined_recomputed_seed=5,resolved: run_manifest+checkpoint_fingerprint; train_source=artifacts/f095_campaign/D01/scenes_N/scenes.npz sha256=620ea1dc1e443dc6...; ckpt mu/sd bit-exact
artifacts/f095_campaign/U02/sixdist_w64_s47/clean/model.pt,9d9b0f8ad5c04ff2b7bbd8f0bb60bb9e83e4ed05ce65d22efbad34006b1708e5,artifacts/f095_campaign/D01/scenes_N/scenes.npz,620ea1dc1e443dc6c238317463dc64ab3a9ae05fb592743f3a7d67d7ce17262c,512,dev512,2178613957f459f82b3418cfda92ce24f61b4fa85dbff4c243d11b77adf961ac,237,0,237,0,0,0,NO_AUGMENTATION (clean-only inputs); see exact_static_state_duplicates / serialized_static_state_matches,resolved: run_manifest+checkpoint_fingerprint; train_source=artifacts/f095_campaign/D01/scenes_N/scenes.npz sha256=620ea1dc1e443dc6...; ckpt mu/sd bit-exact
artifacts/f095_campaign/U02/sixdist_w64_s47/flipmine/model.pt,36528c59a5e3cefbd493b20720cffc886ecf8035d356f553a1411b3780b3052d,artifacts/f095_campaign/D01/scenes_N/scenes.npz,620ea1dc1e443dc6c238317463dc64ab3a9ae05fb592743f3a7d67d7ce17262c,512,dev512,2178613957f459f82b3418cfda92ce24f61b4fa85dbff4c243d11b77adf961ac,237,0,237,0,0,0,AUDITED set=mined_flip n_states=1534; quartet exact_le1e-6=0 near_le1e-4=0 min_linf=0.201; singles exact_le1e-6=0 near_le1e-4=0 min_linf=0.111; byte_identical=0; mined_recomputed_seed=5,resolved: run_manifest+checkpoint_fingerprint; train_source=artifacts/f095_campaign/D01/scenes_N/scenes.npz sha256=620ea1dc1e443dc6...; ckpt mu/sd bit-exact
artifacts/f095_campaign/U02/concat_w64_s47/clean/model.pt,66cd83a51eb81f4a89434411e9ce26b2b26e5d92c5c27944d82525267bd7216c,artifacts/f095_campaign/D01/scenes_N/scenes.npz,620ea1dc1e443dc6c238317463dc64ab3a9ae05fb592743f3a7d67d7ce17262c,512,dev512,2178613957f459f82b3418cfda92ce24f61b4fa85dbff4c243d11b77adf961ac,237,0,237,0,0,0,NO_AUGMENTATION (clean-only inputs); see exact_static_state_duplicates / serialized_static_state_matches,resolved: run_manifest+checkpoint_fingerprint; train_source=artifacts/f095_campaign/D01/scenes_N/scenes.npz sha256=620ea1dc1e443dc6...; ckpt mu/sd bit-exact
artifacts/f095_campaign/U02/concat_w64_s47/flipmine/model.pt,33fa4df2a341fcab7e2a3cef58b31ad027b81d281f409443ab7afad33e638d80,artifacts/f095_campaign/D01/scenes_N/scenes.npz,620ea1dc1e443dc6c238317463dc64ab3a9ae05fb592743f3a7d67d7ce17262c,512,dev512,2178613957f459f82b3418cfda92ce24f61b4fa85dbff4c243d11b77adf961ac,237,0,237,0,0,0,AUDITED set=mined_flip n_states=1534; quartet exact_le1e-6=0 near_le1e-4=0 min_linf=0.201; singles exact_le1e-6=0 near_le1e-4=0 min_linf=0.111; byte_identical=0; mined_recomputed_seed=5,resolved: run_manifest+checkpoint_fingerprint; train_source=artifacts/f095_campaign/D01/scenes_N/scenes.npz sha256=620ea1dc1e443dc6...; ckpt mu/sd bit-exact
artifacts/f095_campaign/U02/sixdist_w64_s23/clean/model.pt,94e39b5419d1011b1a85fe373174107ae40795c1f495263639033a84e1b22f20,artifacts/f095_campaign/D01/scenes_N/scenes.npz,620ea1dc1e443dc6c238317463dc64ab3a9ae05fb592743f3a7d67d7ce17262c,512,dev512,2178613957f459f82b3418cfda92ce24f61b4fa85dbff4c243d11b77adf961ac,237,0,237,0,0,0,NO_AUGMENTATION (clean-only inputs); see exact_static_state_duplicates / serialized_static_state_matches,resolved: run_manifest+checkpoint_fingerprint; train_source=artifacts/f095_campaign/D01/scenes_N/scenes.npz sha256=620ea1dc1e443dc6...; ckpt mu/sd bit-exact
artifacts/f095_campaign/U02/sixdist_w64_s23/flipmine/model.pt,6f30c2fb0bd9776119c524baeab8da45b8dd02fbea666b0dda0ebff5fa954210,artifacts/f095_campaign/D01/scenes_N/scenes.npz,620ea1dc1e443dc6c238317463dc64ab3a9ae05fb592743f3a7d67d7ce17262c,512,dev512,2178613957f459f82b3418cfda92ce24f61b4fa85dbff4c243d11b77adf961ac,237,0,237,0,0,0,AUDITED set=mined_flip n_states=1534; quartet exact_le1e-6=0 near_le1e-4=0 min_linf=0.201; singles exact_le1e-6=0 near_le1e-4=0 min_linf=0.111; byte_identical=0; mined_recomputed_seed=5,resolved: run_manifest+checkpoint_fingerprint; train_source=artifacts/f095_campaign/D01/scenes_N/scenes.npz sha256=620ea1dc1e443dc6...; ckpt mu/sd bit-exact
artifacts/f095_campaign/U02/concat_w64_s11/clean/model.pt,cbfbb320acc7c5a3c67a9eeadc2a193f127960a372b352590620f8c72fa844ae,artifacts/f095_campaign/D01/scenes_N/scenes.npz,620ea1dc1e443dc6c238317463dc64ab3a9ae05fb592743f3a7d67d7ce17262c,512,dev512,2178613957f459f82b3418cfda92ce24f61b4fa85dbff4c243d11b77adf961ac,237,0,237,0,0,0,NO_AUGMENTATION (clean-only inputs); see exact_static_state_duplicates / serialized_static_state_matches,resolved: run_manifest+checkpoint_fingerprint; train_source=artifacts/f095_campaign/D01/scenes_N/scenes.npz sha256=620ea1dc1e443dc6...; ckpt mu/sd bit-exact
artifacts/f095_campaign/U02/concat_w64_s11/flipmine/model.pt,4947e5fb2d9ead8a33637597bd37334ae1e46e6b7f720763c5a9e4d0d9dca292,artifacts/f095_campaign/D01/scenes_N/scenes.npz,620ea1dc1e443dc6c238317463dc64ab3a9ae05fb592743f3a7d67d7ce17262c,512,dev512,2178613957f459f82b3418cfda92ce24f61b4fa85dbff4c243d11b77adf961ac,237,0,237,0,0,0,AUDITED set=mined_flip n_states=1534; quartet exact_le1e-6=0 near_le1e-4=0 min_linf=0.201; singles exact_le1e-6=0 near_le1e-4=0 min_linf=0.111; byte_identical=0; mined_recomputed_seed=5,resolved: run_manifest+checkpoint_fingerprint; train_source=artifacts/f095_campaign/D01/scenes_N/scenes.npz sha256=620ea1dc1e443dc6...; ckpt mu/sd bit-exact
artifacts/f095_campaign/U02/concat_w64_s23/clean/model.pt,902d806f8b9fd0258de67ab6d884c0a2de9c1edd91ec377c317fc77daee78d44,artifacts/f095_campaign/D01/scenes_N/scenes.npz,620ea1dc1e443dc6c238317463dc64ab3a9ae05fb592743f3a7d67d7ce17262c,512,dev512,2178613957f459f82b3418cfda92ce24f61b4fa85dbff4c243d11b77adf961ac,237,0,237,0,0,0,NO_AUGMENTATION (clean-only inputs); see exact_static_state_duplicates / serialized_static_state_matches,resolved: run_manifest+checkpoint_fingerprint; train_source=artifacts/f095_campaign/D01/scenes_N/scenes.npz sha256=620ea1dc1e443dc6...; ckpt mu/sd bit-exact
artifacts/f095_campaign/U02/concat_w64_s23/flipmine/model.pt,aeb128c92d7e754bb438d01a266bdcfadb7964cb093abce441e6411a8dd04863,artifacts/f095_campaign/D01/scenes_N/scenes.npz,620ea1dc1e443dc6c238317463dc64ab3a9ae05fb592743f3a7d67d7ce17262c,512,dev512,2178613957f459f82b3418cfda92ce24f61b4fa85dbff4c243d11b77adf961ac,237,0,237,0,0,0,AUDITED set=mined_flip n_states=1534; quartet exact_le1e-6=0 near_le1e-4=0 min_linf=0.201; singles exact_le1e-6=0 near_le1e-4=0 min_linf=0.111; byte_identical=0; mined_recomputed_seed=5,resolved: run_manifest+checkpoint_fingerprint; train_source=artifacts/f095_campaign/D01/scenes_N/scenes.npz sha256=620ea1dc1e443dc6...; ckpt mu/sd bit-exact
artifacts/f095_campaign/U02/sixdist_w64_s11/clean/model.pt,1a43ff12356b3f6446e39613e99a6dff6004bba831f6828069a5f72db7cb6ac8,artifacts/f095_campaign/D01/scenes_N/scenes.npz,620ea1dc1e443dc6c238317463dc64ab3a9ae05fb592743f3a7d67d7ce17262c,512,dev512,2178613957f459f82b3418cfda92ce24f61b4fa85dbff4c243d11b77adf961ac,237,0,237,0,0,0,NO_AUGMENTATION (clean-only inputs); see exact_static_state_duplicates / serialized_static_state_matches,resolved: run_manifest+checkpoint_fingerprint; train_source=artifacts/f095_campaign/D01/scenes_N/scenes.npz sha256=620ea1dc1e443dc6...; ckpt mu/sd bit-exact
artifacts/f095_campaign/U02/sixdist_w64_s11/flipmine/model.pt,1db4b6f01bc1b8f696399a52835d118bdd5fa3b5c8df59c48f09d26bf6b436d4,artifacts/f095_campaign/D01/scenes_N/scenes.npz,620ea1dc1e443dc6c238317463dc64ab3a9ae05fb592743f3a7d67d7ce17262c,512,dev512,2178613957f459f82b3418cfda92ce24f61b4fa85dbff4c243d11b77adf961ac,237,0,237,0,0,0,AUDITED set=mined_flip n_states=1534; quartet exact_le1e-6=0 near_le1e-4=0 min_linf=0.201; singles exact_le1e-6=0 near_le1e-4=0 min_linf=0.111; byte_identical=0; mined_recomputed_seed=5,resolved: run_manifest+checkpoint_fingerprint; train_source=artifacts/f095_campaign/D01/scenes_N/scenes.npz sha256=620ea1dc1e443dc6...; ckpt mu/sd bit-exact
artifacts/f095_campaign/U07/six_N_f25_s11/flip_fx/model.pt,66f7264934acc2f9b34dfed5f3578ed8eca6dc5bf34b1c58dbe8c0c8169aee31,artifacts/f095_campaign/D01/scenes_N/scenes.npz,620ea1dc1e443dc6c238317463dc64ab3a9ae05fb592743f3a7d67d7ce17262c,512,dev512,2178613957f459f82b3418cfda92ce24f61b4fa85dbff4c243d11b77adf961ac,237,0,237,0,0,0,AUDITED set=mined_flip n_states=1534; quartet exact_le1e-6=0 near_le1e-4=0 min_linf=0.201; singles exact_le1e-6=0 near_le1e-4=0 min_linf=0.111; byte_identical=0; mined_recomputed_seed=5,resolved: run_manifest+checkpoint_fingerprint; train_source=artifacts/f095_campaign/D01/scenes_N/scenes.npz sha256=620ea1dc1e443dc6...; ckpt mu/sd bit-exact
artifacts/f095_campaign/U07/raw_N_f25_s11/flip_fx/model.pt,4de85f20966d7acce03f7fff844c9933c2f8bd0a3767d1fee2999e80cf26e028,artifacts/f095_campaign/D01/scenes_N/scenes.npz,620ea1dc1e443dc6c238317463dc64ab3a9ae05fb592743f3a7d67d7ce17262c,512,dev512,2178613957f459f82b3418cfda92ce24f61b4fa85dbff4c243d11b77adf961ac,237,0,237,0,0,0,AUDITED set=mined_flip n_states=1534; quartet exact_le1e-6=0 near_le1e-4=0 min_linf=0.201; singles exact_le1e-6=0 near_le1e-4=0 min_linf=0.111; byte_identical=0; mined_recomputed_seed=5,resolved: run_manifest+checkpoint_fingerprint; train_source=artifacts/f095_campaign/D01/scenes_N/scenes.npz sha256=620ea1dc1e443dc6...; ckpt mu/sd bit-exact
artifacts/f095_campaign/U07/six_N_f25_s47/flip_fx/model.pt,d7a2a3dcae4ae3c755afdd3201b0730dd81ae667b7446ebe0d32a05cf94b59e5,artifacts/f095_campaign/D01/scenes_N/scenes.npz,620ea1dc1e443dc6c238317463dc64ab3a9ae05fb592743f3a7d67d7ce17262c,512,dev512,2178613957f459f82b3418cfda92ce24f61b4fa85dbff4c243d11b77adf961ac,237,0,237,0,0,0,AUDITED set=mined_flip n_states=1534; quartet exact_le1e-6=0 near_le1e-4=0 min_linf=0.201; singles exact_le1e-6=0 near_le1e-4=0 min_linf=0.111; byte_identical=0; mined_recomputed_seed=5,resolved: run_manifest+checkpoint_fingerprint; train_source=artifacts/f095_campaign/D01/scenes_N/scenes.npz sha256=620ea1dc1e443dc6...; ckpt mu/sd bit-exact
artifacts/f095_campaign/U07/six_N_f25_s23/flip_fx/model.pt,7edca2a3fa0edcb3f110878a813150dd4000852db8035cb40f12b72be371e62b,artifacts/f095_campaign/D01/scenes_N/scenes.npz,620ea1dc1e443dc6c238317463dc64ab3a9ae05fb592743f3a7d67d7ce17262c,512,dev512,2178613957f459f82b3418cfda92ce24f61b4fa85dbff4c243d11b77adf961ac,237,0,237,0,0,0,AUDITED set=mined_flip n_states=1534; quartet exact_le1e-6=0 near_le1e-4=0 min_linf=0.201; singles exact_le1e-6=0 near_le1e-4=0 min_linf=0.111; byte_identical=0; mined_recomputed_seed=5,resolved: run_manifest+checkpoint_fingerprint; train_source=artifacts/f095_campaign/D01/scenes_N/scenes.npz sha256=620ea1dc1e443dc6...; ckpt mu/sd bit-exact
artifacts/f095_campaign/U07/raw_N_f25_s23/flip_fx/model.pt,f5f06f64b60ebbf2e93388884807b11a40e7b9442130944ead49bde413da90b9,artifacts/f095_campaign/D01/scenes_N/scenes.npz,620ea1dc1e443dc6c238317463dc64ab3a9ae05fb592743f3a7d67d7ce17262c,512,dev512,2178613957f459f82b3418cfda92ce24f61b4fa85dbff4c243d11b77adf961ac,237,0,237,0,0,0,AUDITED set=mined_flip n_states=1534; quartet exact_le1e-6=0 near_le1e-4=0 min_linf=0.201; singles exact_le1e-6=0 near_le1e-4=0 min_linf=0.111; byte_identical=0; mined_recomputed_seed=5,resolved: run_manifest+checkpoint_fingerprint; train_source=artifacts/f095_campaign/D01/scenes_N/scenes.npz sha256=620ea1dc1e443dc6...; ckpt mu/sd bit-exact
artifacts/f095_campaign/U07/raw_N_f25_s47/flip_fx/model.pt,d5cd13d4e39485125932a327b3a16cd910e88c7608df05272e4db2b12e5f3444,artifacts/f095_campaign/D01/scenes_N/scenes.npz,620ea1dc1e443dc6c238317463dc64ab3a9ae05fb592743f3a7d67d7ce17262c,512,dev512,2178613957f459f82b3418cfda92ce24f61b4fa85dbff4c243d11b77adf961ac,237,0,237,0,0,0,AUDITED set=mined_flip n_states=1534; quartet exact_le1e-6=0 near_le1e-4=0 min_linf=0.201; singles exact_le1e-6=0 near_le1e-4=0 min_linf=0.111; byte_identical=0; mined_recomputed_seed=5,resolved: run_manifest+checkpoint_fingerprint; train_source=artifacts/f095_campaign/D01/scenes_N/scenes.npz sha256=620ea1dc1e443dc6...; ckpt mu/sd bit-exact
artifacts/discovery_campaign/r04b_s11/auxmargin/model.pt,109e33d25aeff74f6d09fe69835dbb94bc7b0b0dead61a590fe9bda8601ae2ed,artifacts/f095_campaign/D01/scenes_N/scenes.npz,620ea1dc1e443dc6c238317463dc64ab3a9ae05fb592743f3a7d67d7ce17262c,512,dev512,2178613957f459f82b3418cfda92ce24f61b4fa85dbff4c243d11b77adf961ac,237,0,237,0,0,0,NO_AUGMENTATION (clean-only inputs); see exact_static_state_duplicates / serialized_static_state_matches,resolved: run_receipt+script_literal+checkpoint_fingerprint; receipt --train=artifacts/discovery_campaign/scenes/train_101; train_source=artifacts/f095_campaign/D01/scenes_N/scenes.npz sha256=620ea1dc1e443dc6...; ckpt mu/sd bit-exact
artifacts/discovery_campaign/r04b_s11/clean/model.pt,8b20dfeee6b6269697664e42d4b3c73caf2f8baee091a1aec4cb88e128956fb8,artifacts/f095_campaign/D01/scenes_N/scenes.npz,620ea1dc1e443dc6c238317463dc64ab3a9ae05fb592743f3a7d67d7ce17262c,512,dev512,2178613957f459f82b3418cfda92ce24f61b4fa85dbff4c243d11b77adf961ac,237,0,237,0,0,0,NO_AUGMENTATION (clean-only inputs); see exact_static_state_duplicates / serialized_static_state_matches,resolved: run_receipt+script_literal+checkpoint_fingerprint; receipt --train=artifacts/discovery_campaign/scenes/train_101; train_source=artifacts/f095_campaign/D01/scenes_N/scenes.npz sha256=620ea1dc1e443dc6...; ckpt mu/sd bit-exact
artifacts/discovery_campaign/r04b_s11/supmine/model.pt,1b671746849bdf8f08554db6837726b649871d19063a563303909a7aa2de5f02,artifacts/f095_campaign/D01/scenes_N/scenes.npz,620ea1dc1e443dc6c238317463dc64ab3a9ae05fb592743f3a7d67d7ce17262c,512,dev512,2178613957f459f82b3418cfda92ce24f61b4fa85dbff4c243d11b77adf961ac,237,0,237,0,0,0,AUDITED set=mined_flip n_states=1534; quartet exact_le1e-6=0 near_le1e-4=0 min_linf=0.201; singles exact_le1e-6=0 near_le1e-4=0 min_linf=0.111; byte_identical=0; mined_recomputed_seed=5,resolved: run_receipt+script_literal+checkpoint_fingerprint; receipt --train=artifacts/discovery_campaign/scenes/train_101; train_source=artifacts/f095_campaign/D01/scenes_N/scenes.npz sha256=620ea1dc1e443dc6...; ckpt mu/sd bit-exact
artifacts/discovery_campaign/r04b_s11/flipmine/model.pt,8b566fa3607f03ceb56eba63ed18952f555f00d9e6f2a8c5738f46f4cb8c2688,artifacts/f095_campaign/D01/scenes_N/scenes.npz,620ea1dc1e443dc6c238317463dc64ab3a9ae05fb592743f3a7d67d7ce17262c,512,dev512,2178613957f459f82b3418cfda92ce24f61b4fa85dbff4c243d11b77adf961ac,237,0,237,0,0,0,AUDITED set=mined_flip n_states=1534; quartet exact_le1e-6=0 near_le1e-4=0 min_linf=0.201; singles exact_le1e-6=0 near_le1e-4=0 min_linf=0.111; byte_identical=0; mined_recomputed_seed=5,resolved: run_receipt+script_literal+checkpoint_fingerprint; receipt --train=artifacts/discovery_campaign/scenes/train_101; train_source=artifacts/f095_campaign/D01/scenes_N/scenes.npz sha256=620ea1dc1e443dc6...; ckpt mu/sd bit-exact
artifacts/discovery_campaign/r04b_s11/relfeat/model.pt,da47c9293cc0c2500a7a7a70d4ba238300d3047a9a6433e31c9990cd09d8e36d,artifacts/f095_campaign/D01/scenes_N/scenes.npz,620ea1dc1e443dc6c238317463dc64ab3a9ae05fb592743f3a7d67d7ce17262c,512,dev512,2178613957f459f82b3418cfda92ce24f61b4fa85dbff4c243d11b77adf961ac,237,0,237,0,0,0,NO_AUGMENTATION (clean-only inputs); see exact_static_state_duplicates / serialized_static_state_matches,resolved: run_receipt+script_literal+checkpoint_fingerprint; receipt --train=artifacts/discovery_campaign/scenes/train_101; train_source=artifacts/f095_campaign/D01/scenes_N/scenes.npz sha256=620ea1dc1e443dc6...; ckpt mu/sd bit-exact
artifacts/discovery_campaign/r04b_s11/fliprand/model.pt,c763fab7e7c7adb7463df8d5088f318202e7018bfcd38aa0ce58adc743036e09,artifacts/f095_campaign/D01/scenes_N/scenes.npz,620ea1dc1e443dc6c238317463dc64ab3a9ae05fb592743f3a7d67d7ce17262c,512,dev512,2178613957f459f82b3418cfda92ce24f61b4fa85dbff4c243d11b77adf961ac,237,0,237,0,0,0,AUDITED set=mined_flip n_states=1534; quartet exact_le1e-6=0 near_le1e-4=0 min_linf=0.201; singles exact_le1e-6=0 near_le1e-4=0 min_linf=0.111; byte_identical=0; mined_recomputed_seed=5,resolved: run_receipt+script_literal+checkpoint_fingerprint; receipt --train=artifacts/discovery_campaign/scenes/train_101; train_source=artifacts/f095_campaign/D01/scenes_N/scenes.npz sha256=620ea1dc1e443dc6...; ckpt mu/sd bit-exact
artifacts/discovery_campaign/r04b_s47/clean/model.pt,d50ee48788fbe83b4045f4e6b3f97ee49ce4fbf39bc44f5d498c4fc420769903,artifacts/f095_campaign/D01/scenes_N/scenes.npz,620ea1dc1e443dc6c238317463dc64ab3a9ae05fb592743f3a7d67d7ce17262c,512,dev512,2178613957f459f82b3418cfda92ce24f61b4fa85dbff4c243d11b77adf961ac,237,0,237,0,0,0,NO_AUGMENTATION (clean-only inputs); see exact_static_state_duplicates / serialized_static_state_matches,resolved: run_receipt+script_literal+checkpoint_fingerprint; receipt --train=artifacts/discovery_campaign/scenes/train_101; train_source=artifacts/f095_campaign/D01/scenes_N/scenes.npz sha256=620ea1dc1e443dc6...; ckpt mu/sd bit-exact
artifacts/discovery_campaign/r04b_s47/flipmine/model.pt,48dbf9209c6da6aaf213c0a526d54c8a14e2ac3c472d1fa5b34f1768ac658b72,artifacts/f095_campaign/D01/scenes_N/scenes.npz,620ea1dc1e443dc6c238317463dc64ab3a9ae05fb592743f3a7d67d7ce17262c,512,dev512,2178613957f459f82b3418cfda92ce24f61b4fa85dbff4c243d11b77adf961ac,237,0,237,0,0,0,AUDITED set=mined_flip n_states=1534; quartet exact_le1e-6=0 near_le1e-4=0 min_linf=0.201; singles exact_le1e-6=0 near_le1e-4=0 min_linf=0.111; byte_identical=0; mined_recomputed_seed=5,resolved: run_receipt+script_literal+checkpoint_fingerprint; receipt --train=artifacts/discovery_campaign/scenes/train_101; train_source=artifacts/f095_campaign/D01/scenes_N/scenes.npz sha256=620ea1dc1e443dc6...; ckpt mu/sd bit-exact
artifacts/discovery_campaign/r04b_s23/clean/model.pt,cf09fd3a9fef6bdc0362640ceaf2ab05244d3058866b306c1ef1e1cc7fa868dd,artifacts/f095_campaign/D01/scenes_N/scenes.npz,620ea1dc1e443dc6c238317463dc64ab3a9ae05fb592743f3a7d67d7ce17262c,512,dev512,2178613957f459f82b3418cfda92ce24f61b4fa85dbff4c243d11b77adf961ac,237,0,237,0,0,0,NO_AUGMENTATION (clean-only inputs); see exact_static_state_duplicates / serialized_static_state_matches,resolved: run_receipt+script_literal+checkpoint_fingerprint; receipt --train=artifacts/discovery_campaign/scenes/train_101; train_source=artifacts/f095_campaign/D01/scenes_N/scenes.npz sha256=620ea1dc1e443dc6...; ckpt mu/sd bit-exact
artifacts/discovery_campaign/r04b_s23/flipmine/model.pt,d7051dcc1ef83017e13f94d5c799a87ad5f4a9546a3581e20d4a80db90a55c31,artifacts/f095_campaign/D01/scenes_N/scenes.npz,620ea1dc1e443dc6c238317463dc64ab3a9ae05fb592743f3a7d67d7ce17262c,512,dev512,2178613957f459f82b3418cfda92ce24f61b4fa85dbff4c243d11b77adf961ac,237,0,237,0,0,0,AUDITED set=mined_flip n_states=1534; quartet exact_le1e-6=0 near_le1e-4=0 min_linf=0.201; singles exact_le1e-6=0 near_le1e-4=0 min_linf=0.111; byte_identical=0; mined_recomputed_seed=5,resolved: run_receipt+script_literal+checkpoint_fingerprint; receipt --train=artifacts/discovery_campaign/scenes/train_101; train_source=artifacts/f095_campaign/D01/scenes_N/scenes.npz sha256=620ea1dc1e443dc6...; ckpt mu/sd bit-exact
artifacts/discovery_campaign/r04b_s47_relfeat/relfeat/model.pt,6c5ae437b92cd1b36c45f2588c74f1334c154cc4dc4e1b309ee8a4f834a73355,artifacts/f095_campaign/D01/scenes_N/scenes.npz,620ea1dc1e443dc6c238317463dc64ab3a9ae05fb592743f3a7d67d7ce17262c,512,dev512,2178613957f459f82b3418cfda92ce24f61b4fa85dbff4c243d11b77adf961ac,237,0,237,0,0,0,NO_AUGMENTATION (clean-only inputs); see exact_static_state_duplicates / serialized_static_state_matches,resolved: run_receipt+script_literal+checkpoint_fingerprint; receipt --train=artifacts/discovery_campaign/scenes/train_101; train_source=artifacts/f095_campaign/D01/scenes_N/scenes.npz sha256=620ea1dc1e443dc6...; ckpt mu/sd bit-exact
artifacts/discovery_campaign/r04b_s23_relfeat/relfeat/model.pt,568392fd1eaf2bd0dcd4bc7608c9aa53045220bfb56d4ea05950456b63157d1e,artifacts/f095_campaign/D01/scenes_N/scenes.npz,620ea1dc1e443dc6c238317463dc64ab3a9ae05fb592743f3a7d67d7ce17262c,512,dev512,2178613957f459f82b3418cfda92ce24f61b4fa85dbff4c243d11b77adf961ac,237,0,237,0,0,0,NO_AUGMENTATION (clean-only inputs); see exact_static_state_duplicates / serialized_static_state_matches,resolved: run_receipt+script_literal+checkpoint_fingerprint; receipt --train=artifacts/discovery_campaign/scenes/train_101; train_source=artifacts/f095_campaign/D01/scenes_N/scenes.npz sha256=620ea1dc1e443dc6...; ckpt mu/sd bit-exact
artifacts/next_novelty/relflip/s23/model.pt,32662eb5488e86abfa2d6fbfef872cebc4e13a8e6f63da3f5eef8a3b9a727f06,artifacts/f095_campaign/D01/scenes_N/scenes.npz,620ea1dc1e443dc6c238317463dc64ab3a9ae05fb592743f3a7d67d7ce17262c,512,dev512,2178613957f459f82b3418cfda92ce24f61b4fa85dbff4c243d11b77adf961ac,237,0,237,0,0,0,AUDITED set=mined_flip n_states=1534; quartet exact_le1e-6=0 near_le1e-4=0 min_linf=0.201; singles exact_le1e-6=0 near_le1e-4=0 min_linf=0.111; byte_identical=0; mined_recomputed_seed=5,resolved: run_receipt+script_literal+checkpoint_fingerprint; train_source=artifacts/f095_campaign/D01/scenes_N/scenes.npz sha256=620ea1dc1e443dc6...; ckpt mu/sd bit-exact
artifacts/next_novelty/relflip/s47/model.pt,c9f2be9c33102033e12b85060d71e5812b67525375a069e2c2c750cc8cf98d4d,artifacts/f095_campaign/D01/scenes_N/scenes.npz,620ea1dc1e443dc6c238317463dc64ab3a9ae05fb592743f3a7d67d7ce17262c,512,dev512,2178613957f459f82b3418cfda92ce24f61b4fa85dbff4c243d11b77adf961ac,237,0,237,0,0,0,AUDITED set=mined_flip n_states=1534; quartet exact_le1e-6=0 near_le1e-4=0 min_linf=0.201; singles exact_le1e-6=0 near_le1e-4=0 min_linf=0.111; byte_identical=0; mined_recomputed_seed=5,resolved: run_receipt+script_literal+checkpoint_fingerprint; train_source=artifacts/f095_campaign/D01/scenes_N/scenes.npz sha256=620ea1dc1e443dc6...; ckpt mu/sd bit-exact
artifacts/next_novelty/relflip/s11/model.pt,dca6fb715bfcfde662eed5a5876872c0c6f4aa96e0e6bbc49ec5e1eec81a1d54,artifacts/f095_campaign/D01/scenes_N/scenes.npz,620ea1dc1e443dc6c238317463dc64ab3a9ae05fb592743f3a7d67d7ce17262c,512,dev512,2178613957f459f82b3418cfda92ce24f61b4fa85dbff4c243d11b77adf961ac,237,0,237,0,0,0,AUDITED set=mined_flip n_states=1534; quartet exact_le1e-6=0 near_le1e-4=0 min_linf=0.201; singles exact_le1e-6=0 near_le1e-4=0 min_linf=0.111; byte_identical=0; mined_recomputed_seed=5,resolved: run_receipt+script_literal+checkpoint_fingerprint; train_source=artifacts/f095_campaign/D01/scenes_N/scenes.npz sha256=620ea1dc1e443dc6...; ckpt mu/sd bit-exact
artifacts/f095_campaign/D01/rel_4N_s47/clean/model.pt,6cf4f405d9e1cfac042cf6713189fb3f4bb8f66712120a455d6456a32094f192,artifacts/f095_campaign/D01/scenes_4N/scenes.npz,ae12d7d2443203214d1a1b6e6c0a259704d5a2a78dd3372c3eba05c56b325c96,2048,dev512,2178613957f459f82b3418cfda92ce24f61b4fa85dbff4c243d11b77adf961ac,237,0,237,0,0,0,NO_AUGMENTATION (clean-only inputs); see exact_static_state_duplicates / serialized_static_state_matches,resolved: run_manifest+checkpoint_fingerprint; train_source=artifacts/f095_campaign/D01/scenes_4N/scenes.npz sha256=ae12d7d244320321...; ckpt mu/sd bit-exact
artifacts/f095_campaign/D01/rel_4N_s47/flipmine/model.pt,8c99173a91caa6d289185cc828dc21cd6f5e02ce0eed04819db56a9e8c1cdcc7,artifacts/f095_campaign/D01/scenes_4N/scenes.npz,ae12d7d2443203214d1a1b6e6c0a259704d5a2a78dd3372c3eba05c56b325c96,2048,dev512,2178613957f459f82b3418cfda92ce24f61b4fa85dbff4c243d11b77adf961ac,237,0,237,0,0,0,AUDITED set=mined_flip n_states=6390; quartet exact_le1e-6=0 near_le1e-4=0 min_linf=0.151; singles exact_le1e-6=0 near_le1e-4=0 min_linf=0.101; byte_identical=0; mined_recomputed_seed=5,resolved: run_manifest+checkpoint_fingerprint; train_source=artifacts/f095_campaign/D01/scenes_4N/scenes.npz sha256=ae12d7d244320321...; ckpt mu/sd bit-exact
artifacts/f095_campaign/D01/w256_4N_s11/clean/model.pt,3db6ff937d37b42f3956bb62c4e4f225a4b02a6d40fba2b214ee0fa074575c1e,artifacts/f095_campaign/D01/scenes_4N/scenes.npz,ae12d7d2443203214d1a1b6e6c0a259704d5a2a78dd3372c3eba05c56b325c96,2048,dev512,2178613957f459f82b3418cfda92ce24f61b4fa85dbff4c243d11b77adf961ac,237,0,237,0,0,0,NO_AUGMENTATION (clean-only inputs); see exact_static_state_duplicates / serialized_static_state_matches,resolved: run_manifest+checkpoint_fingerprint; train_source=artifacts/f095_campaign/D01/scenes_4N/scenes.npz sha256=ae12d7d244320321...; ckpt mu/sd bit-exact
artifacts/f095_campaign/D01/w256_4N_s11/flipmine/model.pt,e5a1706eb8f3a312c8108dcb547cd24bddbcdd135426e5470766fbf09cb3cd5a,artifacts/f095_campaign/D01/scenes_4N/scenes.npz,ae12d7d2443203214d1a1b6e6c0a259704d5a2a78dd3372c3eba05c56b325c96,2048,dev512,2178613957f459f82b3418cfda92ce24f61b4fa85dbff4c243d11b77adf961ac,237,0,237,0,0,0,AUDITED set=mined_flip n_states=6390; quartet exact_le1e-6=0 near_le1e-4=0 min_linf=0.151; singles exact_le1e-6=0 near_le1e-4=0 min_linf=0.101; byte_identical=0; mined_recomputed_seed=5,resolved: run_manifest+checkpoint_fingerprint; train_source=artifacts/f095_campaign/D01/scenes_4N/scenes.npz sha256=ae12d7d244320321...; ckpt mu/sd bit-exact
artifacts/f095_campaign/D01/rel_4N_s23/clean/model.pt,06d8c0a64358834f93bfdcbc3d8f17688428f0a9879cbb4c2a5a2416b367d015,artifacts/f095_campaign/D01/scenes_4N/scenes.npz,ae12d7d2443203214d1a1b6e6c0a259704d5a2a78dd3372c3eba05c56b325c96,2048,dev512,2178613957f459f82b3418cfda92ce24f61b4fa85dbff4c243d11b77adf961ac,237,0,237,0,0,0,NO_AUGMENTATION (clean-only inputs); see exact_static_state_duplicates / serialized_static_state_matches,resolved: run_manifest+checkpoint_fingerprint; train_source=artifacts/f095_campaign/D01/scenes_4N/scenes.npz sha256=ae12d7d244320321...; ckpt mu/sd bit-exact
artifacts/f095_campaign/D01/rel_4N_s23/flipmine/model.pt,82760dd8683a56dfacbbe90486c0217cd61327da75d7a1342031234db32e1610,artifacts/f095_campaign/D01/scenes_4N/scenes.npz,ae12d7d2443203214d1a1b6e6c0a259704d5a2a78dd3372c3eba05c56b325c96,2048,dev512,2178613957f459f82b3418cfda92ce24f61b4fa85dbff4c243d11b77adf961ac,237,0,237,0,0,0,AUDITED set=mined_flip n_states=6390; quartet exact_le1e-6=0 near_le1e-4=0 min_linf=0.151; singles exact_le1e-6=0 near_le1e-4=0 min_linf=0.101; byte_identical=0; mined_recomputed_seed=5,resolved: run_manifest+checkpoint_fingerprint; train_source=artifacts/f095_campaign/D01/scenes_4N/scenes.npz sha256=ae12d7d244320321...; ckpt mu/sd bit-exact
artifacts/f095_campaign/D01/w256_4N_s47/clean/model.pt,7a65181d3213e04e97f1e931cb6ea8e89267457e5d301dfb50d8f4cdea8d101e,artifacts/f095_campaign/D01/scenes_4N/scenes.npz,ae12d7d2443203214d1a1b6e6c0a259704d5a2a78dd3372c3eba05c56b325c96,2048,dev512,2178613957f459f82b3418cfda92ce24f61b4fa85dbff4c243d11b77adf961ac,237,0,237,0,0,0,NO_AUGMENTATION (clean-only inputs); see exact_static_state_duplicates / serialized_static_state_matches,resolved: run_manifest+checkpoint_fingerprint; train_source=artifacts/f095_campaign/D01/scenes_4N/scenes.npz sha256=ae12d7d244320321...; ckpt mu/sd bit-exact
artifacts/f095_campaign/D01/w256_4N_s47/flipmine/model.pt,75f05a77d2a5f82e95e6bed0e7bb82d579c770729bcacec838df99503340c347,artifacts/f095_campaign/D01/scenes_4N/scenes.npz,ae12d7d2443203214d1a1b6e6c0a259704d5a2a78dd3372c3eba05c56b325c96,2048,dev512,2178613957f459f82b3418cfda92ce24f61b4fa85dbff4c243d11b77adf961ac,237,0,237,0,0,0,AUDITED set=mined_flip n_states=6390; quartet exact_le1e-6=0 near_le1e-4=0 min_linf=0.151; singles exact_le1e-6=0 near_le1e-4=0 min_linf=0.101; byte_identical=0; mined_recomputed_seed=5,resolved: run_manifest+checkpoint_fingerprint; train_source=artifacts/f095_campaign/D01/scenes_4N/scenes.npz sha256=ae12d7d244320321...; ckpt mu/sd bit-exact
artifacts/f095_campaign/D01/w256_4N_s23/clean/model.pt,4110cf05245aaba7b141d3a9512b0670906a3368e85fa4967d9d40535299b6db,artifacts/f095_campaign/D01/scenes_4N/scenes.npz,ae12d7d2443203214d1a1b6e6c0a259704d5a2a78dd3372c3eba05c56b325c96,2048,dev512,2178613957f459f82b3418cfda92ce24f61b4fa85dbff4c243d11b77adf961ac,237,0,237,0,0,0,NO_AUGMENTATION (clean-only inputs); see exact_static_state_duplicates / serialized_static_state_matches,resolved: run_manifest+checkpoint_fingerprint; train_source=artifacts/f095_campaign/D01/scenes_4N/scenes.npz sha256=ae12d7d244320321...; ckpt mu/sd bit-exact
artifacts/f095_campaign/D01/w256_4N_s23/flipmine/model.pt,81c705f0230d7b1969b9cb3cf8a3d2ad9b7f26ab5277356211b2fd50df7f54d6,artifacts/f095_campaign/D01/scenes_4N/scenes.npz,ae12d7d2443203214d1a1b6e6c0a259704d5a2a78dd3372c3eba05c56b325c96,2048,dev512,2178613957f459f82b3418cfda92ce24f61b4fa85dbff4c243d11b77adf961ac,237,0,237,0,0,0,AUDITED set=mined_flip n_states=6390; quartet exact_le1e-6=0 near_le1e-4=0 min_linf=0.151; singles exact_le1e-6=0 near_le1e-4=0 min_linf=0.101; byte_identical=0; mined_recomputed_seed=5,resolved: run_manifest+checkpoint_fingerprint; train_source=artifacts/f095_campaign/D01/scenes_4N/scenes.npz sha256=ae12d7d244320321...; ckpt mu/sd bit-exact
artifacts/f095_campaign/D01/rel_4N_s11/clean/model.pt,c06becc74d48a25834f9b08dec83be1050c3da82093e3b47c392afb0c27a0573,artifacts/f095_campaign/D01/scenes_4N/scenes.npz,ae12d7d2443203214d1a1b6e6c0a259704d5a2a78dd3372c3eba05c56b325c96,2048,dev512,2178613957f459f82b3418cfda92ce24f61b4fa85dbff4c243d11b77adf961ac,237,0,237,0,0,0,NO_AUGMENTATION (clean-only inputs); see exact_static_state_duplicates / serialized_static_state_matches,resolved: run_manifest+checkpoint_fingerprint; train_source=artifacts/f095_campaign/D01/scenes_4N/scenes.npz sha256=ae12d7d244320321...; ckpt mu/sd bit-exact
artifacts/f095_campaign/D01/rel_4N_s11/flipmine/model.pt,7f9d3b534595fec2e368e327098301bcc4ba14ea2e7fa72f6c34f519320a60b3,artifacts/f095_campaign/D01/scenes_4N/scenes.npz,ae12d7d2443203214d1a1b6e6c0a259704d5a2a78dd3372c3eba05c56b325c96,2048,dev512,2178613957f459f82b3418cfda92ce24f61b4fa85dbff4c243d11b77adf961ac,237,0,237,0,0,0,AUDITED set=mined_flip n_states=6390; quartet exact_le1e-6=0 near_le1e-4=0 min_linf=0.151; singles exact_le1e-6=0 near_le1e-4=0 min_linf=0.101; byte_identical=0; mined_recomputed_seed=5,resolved: run_manifest+checkpoint_fingerprint; train_source=artifacts/f095_campaign/D01/scenes_4N/scenes.npz sha256=ae12d7d244320321...; ckpt mu/sd bit-exact
artifacts/f095_campaign/U07/six_4N_s11/clean/model.pt,b340bd07f1a0b824e2fe3001f8327e14941ff7c562493fe42db3d5c28eb5f1f0,artifacts/f095_campaign/D01/scenes_4N/scenes.npz,ae12d7d2443203214d1a1b6e6c0a259704d5a2a78dd3372c3eba05c56b325c96,2048,dev512,2178613957f459f82b3418cfda92ce24f61b4fa85dbff4c243d11b77adf961ac,237,0,237,0,0,0,NO_AUGMENTATION (clean-only inputs); see exact_static_state_duplicates / serialized_static_state_matches,resolved: run_manifest+checkpoint_fingerprint; train_source=artifacts/f095_campaign/D01/scenes_4N/scenes.npz sha256=ae12d7d244320321...; ckpt mu/sd bit-exact
artifacts/f095_campaign/U07/six_4N_s11/flipmine/model.pt,31b5a0f583df01fd8b030c97f7b0b8dc2fe72e324353834dfc1655df5058fe60,artifacts/f095_campaign/D01/scenes_4N/scenes.npz,ae12d7d2443203214d1a1b6e6c0a259704d5a2a78dd3372c3eba05c56b325c96,2048,dev512,2178613957f459f82b3418cfda92ce24f61b4fa85dbff4c243d11b77adf961ac,237,0,237,0,0,0,AUDITED set=mined_flip n_states=6390; quartet exact_le1e-6=0 near_le1e-4=0 min_linf=0.151; singles exact_le1e-6=0 near_le1e-4=0 min_linf=0.101; byte_identical=0; mined_recomputed_seed=5,resolved: run_manifest+checkpoint_fingerprint; train_source=artifacts/f095_campaign/D01/scenes_4N/scenes.npz sha256=ae12d7d244320321...; ckpt mu/sd bit-exact
artifacts/f095_campaign/U07/six_4N_s11/flip_fx/model.pt,a0a64360ed2e2d4198e3af60ebed7ee702e72c4a599d1fbd6333158b08eb98cc,artifacts/f095_campaign/D01/scenes_4N/scenes.npz,ae12d7d2443203214d1a1b6e6c0a259704d5a2a78dd3372c3eba05c56b325c96,2048,dev512,2178613957f459f82b3418cfda92ce24f61b4fa85dbff4c243d11b77adf961ac,237,0,237,0,0,0,AUDITED set=mined_flip n_states=6390; quartet exact_le1e-6=0 near_le1e-4=0 min_linf=0.151; singles exact_le1e-6=0 near_le1e-4=0 min_linf=0.101; byte_identical=0; mined_recomputed_seed=5,resolved: run_manifest+checkpoint_fingerprint; train_source=artifacts/f095_campaign/D01/scenes_4N/scenes.npz sha256=ae12d7d244320321...; ckpt mu/sd bit-exact
artifacts/f095_campaign/U07/raw_4N_f25_s47/flip_fx/model.pt,e48d44f428ba942baf4d9b9b425f8844ad4b1dc44c5b71b7781a3f509701fd98,artifacts/f095_campaign/D01/scenes_4N/scenes.npz,ae12d7d2443203214d1a1b6e6c0a259704d5a2a78dd3372c3eba05c56b325c96,2048,dev512,2178613957f459f82b3418cfda92ce24f61b4fa85dbff4c243d11b77adf961ac,237,0,237,0,0,0,AUDITED set=mined_flip n_states=6390; quartet exact_le1e-6=0 near_le1e-4=0 min_linf=0.151; singles exact_le1e-6=0 near_le1e-4=0 min_linf=0.101; byte_identical=0; mined_recomputed_seed=5,resolved: run_manifest+checkpoint_fingerprint; train_source=artifacts/f095_campaign/D01/scenes_4N/scenes.npz sha256=ae12d7d244320321...; ckpt mu/sd bit-exact
artifacts/f095_campaign/U07/raw_4N_full_s11/flipmine/model.pt,243db903f1db7f53d26691f4426fccfd9527e2cc05d539d70d69cb8c753686f7,artifacts/f095_campaign/D01/scenes_4N/scenes.npz,ae12d7d2443203214d1a1b6e6c0a259704d5a2a78dd3372c3eba05c56b325c96,2048,dev512,2178613957f459f82b3418cfda92ce24f61b4fa85dbff4c243d11b77adf961ac,237,0,237,0,0,0,AUDITED set=mined_flip n_states=6390; quartet exact_le1e-6=0 near_le1e-4=0 min_linf=0.151; singles exact_le1e-6=0 near_le1e-4=0 min_linf=0.101; byte_identical=0; mined_recomputed_seed=5,resolved: run_manifest+checkpoint_fingerprint; train_source=artifacts/f095_campaign/D01/scenes_4N/scenes.npz sha256=ae12d7d244320321...; ckpt mu/sd bit-exact
artifacts/f095_campaign/U07/raw_4N_full_s23/flipmine/model.pt,24e5f32332e5693f4c4873371429dd1ea2da3372c1be70efae527a89e0c8a377,artifacts/f095_campaign/D01/scenes_4N/scenes.npz,ae12d7d2443203214d1a1b6e6c0a259704d5a2a78dd3372c3eba05c56b325c96,2048,dev512,2178613957f459f82b3418cfda92ce24f61b4fa85dbff4c243d11b77adf961ac,237,0,237,0,0,0,AUDITED set=mined_flip n_states=6390; quartet exact_le1e-6=0 near_le1e-4=0 min_linf=0.151; singles exact_le1e-6=0 near_le1e-4=0 min_linf=0.101; byte_identical=0; mined_recomputed_seed=5,resolved: run_manifest+checkpoint_fingerprint; train_source=artifacts/f095_campaign/D01/scenes_4N/scenes.npz sha256=ae12d7d244320321...; ckpt mu/sd bit-exact
artifacts/f095_campaign/U07/six_4N_s47/clean/model.pt,6ebe65b3e4b01b3c9a3b80d5800c77c278e3c13e556b21366a57c36303b52ae8,artifacts/f095_campaign/D01/scenes_4N/scenes.npz,ae12d7d2443203214d1a1b6e6c0a259704d5a2a78dd3372c3eba05c56b325c96,2048,dev512,2178613957f459f82b3418cfda92ce24f61b4fa85dbff4c243d11b77adf961ac,237,0,237,0,0,0,NO_AUGMENTATION (clean-only inputs); see exact_static_state_duplicates / serialized_static_state_matches,resolved: run_manifest+checkpoint_fingerprint; train_source=artifacts/f095_campaign/D01/scenes_4N/scenes.npz sha256=ae12d7d244320321...; ckpt mu/sd bit-exact
artifacts/f095_campaign/U07/six_4N_s47/flipmine/model.pt,b3470617b831c2f485d53073a50ecbcebc2410a247cfb0ac10cb9dbb8f95685f,artifacts/f095_campaign/D01/scenes_4N/scenes.npz,ae12d7d2443203214d1a1b6e6c0a259704d5a2a78dd3372c3eba05c56b325c96,2048,dev512,2178613957f459f82b3418cfda92ce24f61b4fa85dbff4c243d11b77adf961ac,237,0,237,0,0,0,AUDITED set=mined_flip n_states=6390; quartet exact_le1e-6=0 near_le1e-4=0 min_linf=0.151; singles exact_le1e-6=0 near_le1e-4=0 min_linf=0.101; byte_identical=0; mined_recomputed_seed=5,resolved: run_manifest+checkpoint_fingerprint; train_source=artifacts/f095_campaign/D01/scenes_4N/scenes.npz sha256=ae12d7d244320321...; ckpt mu/sd bit-exact
artifacts/f095_campaign/U07/six_4N_s47/flip_fx/model.pt,a4e7f36ffe28b4d169cab1f4af9b0904229b236440a7f470dfb1ae908e6e559e,artifacts/f095_campaign/D01/scenes_4N/scenes.npz,ae12d7d2443203214d1a1b6e6c0a259704d5a2a78dd3372c3eba05c56b325c96,2048,dev512,2178613957f459f82b3418cfda92ce24f61b4fa85dbff4c243d11b77adf961ac,237,0,237,0,0,0,AUDITED set=mined_flip n_states=6390; quartet exact_le1e-6=0 near_le1e-4=0 min_linf=0.151; singles exact_le1e-6=0 near_le1e-4=0 min_linf=0.101; byte_identical=0; mined_recomputed_seed=5,resolved: run_manifest+checkpoint_fingerprint; train_source=artifacts/f095_campaign/D01/scenes_4N/scenes.npz sha256=ae12d7d244320321...; ckpt mu/sd bit-exact
artifacts/f095_campaign/U07/six_4N_s23/clean/model.pt,c538734e009ba926cea7d360b06c58fa868a833baca1fe8e4056dda6a1432142,artifacts/f095_campaign/D01/scenes_4N/scenes.npz,ae12d7d2443203214d1a1b6e6c0a259704d5a2a78dd3372c3eba05c56b325c96,2048,dev512,2178613957f459f82b3418cfda92ce24f61b4fa85dbff4c243d11b77adf961ac,237,0,237,0,0,0,NO_AUGMENTATION (clean-only inputs); see exact_static_state_duplicates / serialized_static_state_matches,resolved: run_manifest+checkpoint_fingerprint; train_source=artifacts/f095_campaign/D01/scenes_4N/scenes.npz sha256=ae12d7d244320321...; ckpt mu/sd bit-exact
artifacts/f095_campaign/U07/six_4N_s23/flipmine/model.pt,637afdbea7cdfb589903be350ce4397990bd94ad09b41f77f17a598d66b7a791,artifacts/f095_campaign/D01/scenes_4N/scenes.npz,ae12d7d2443203214d1a1b6e6c0a259704d5a2a78dd3372c3eba05c56b325c96,2048,dev512,2178613957f459f82b3418cfda92ce24f61b4fa85dbff4c243d11b77adf961ac,237,0,237,0,0,0,AUDITED set=mined_flip n_states=6390; quartet exact_le1e-6=0 near_le1e-4=0 min_linf=0.151; singles exact_le1e-6=0 near_le1e-4=0 min_linf=0.101; byte_identical=0; mined_recomputed_seed=5,resolved: run_manifest+checkpoint_fingerprint; train_source=artifacts/f095_campaign/D01/scenes_4N/scenes.npz sha256=ae12d7d244320321...; ckpt mu/sd bit-exact
artifacts/f095_campaign/U07/six_4N_s23/flip_fx/model.pt,f26d540be1222660347742f21eb11c6b94b402c4e11dfd39712425d592239b2d,artifacts/f095_campaign/D01/scenes_4N/scenes.npz,ae12d7d2443203214d1a1b6e6c0a259704d5a2a78dd3372c3eba05c56b325c96,2048,dev512,2178613957f459f82b3418cfda92ce24f61b4fa85dbff4c243d11b77adf961ac,237,0,237,0,0,0,AUDITED set=mined_flip n_states=6390; quartet exact_le1e-6=0 near_le1e-4=0 min_linf=0.151; singles exact_le1e-6=0 near_le1e-4=0 min_linf=0.101; byte_identical=0; mined_recomputed_seed=5,resolved: run_manifest+checkpoint_fingerprint; train_source=artifacts/f095_campaign/D01/scenes_4N/scenes.npz sha256=ae12d7d244320321...; ckpt mu/sd bit-exact
artifacts/f095_campaign/U07/raw_4N_f25_s11/flip_fx/model.pt,e0d1c94ca24d798314cf95528ae87aef74c47647f5c911fe1f6276a07351be6c,artifacts/f095_campaign/D01/scenes_4N/scenes.npz,ae12d7d2443203214d1a1b6e6c0a259704d5a2a78dd3372c3eba05c56b325c96,2048,dev512,2178613957f459f82b3418cfda92ce24f61b4fa85dbff4c243d11b77adf961ac,237,0,237,0,0,0,AUDITED set=mined_flip n_states=6390; quartet exact_le1e-6=0 near_le1e-4=0 min_linf=0.151; singles exact_le1e-6=0 near_le1e-4=0 min_linf=0.101; byte_identical=0; mined_recomputed_seed=5,resolved: run_manifest+checkpoint_fingerprint; train_source=artifacts/f095_campaign/D01/scenes_4N/scenes.npz sha256=ae12d7d244320321...; ckpt mu/sd bit-exact
artifacts/f095_campaign/U07/raw_4N_full_s47/flipmine/model.pt,f5c2286414a03a08b005e214025c62c7bf6d5984781a3e85604b7f9a8793105e,artifacts/f095_campaign/D01/scenes_4N/scenes.npz,ae12d7d2443203214d1a1b6e6c0a259704d5a2a78dd3372c3eba05c56b325c96,2048,dev512,2178613957f459f82b3418cfda92ce24f61b4fa85dbff4c243d11b77adf961ac,237,0,237,0,0,0,AUDITED set=mined_flip n_states=6390; quartet exact_le1e-6=0 near_le1e-4=0 min_linf=0.151; singles exact_le1e-6=0 near_le1e-4=0 min_linf=0.101; byte_identical=0; mined_recomputed_seed=5,resolved: run_manifest+checkpoint_fingerprint; train_source=artifacts/f095_campaign/D01/scenes_4N/scenes.npz sha256=ae12d7d244320321...; ckpt mu/sd bit-exact
artifacts/f095_campaign/U07/raw_4N_f25_s23/flip_fx/model.pt,cb883be4d8cd3f683f48338fefac95e0ec4918faabb439f68b842ac903f088a0,artifacts/f095_campaign/D01/scenes_4N/scenes.npz,ae12d7d2443203214d1a1b6e6c0a259704d5a2a78dd3372c3eba05c56b325c96,2048,dev512,2178613957f459f82b3418cfda92ce24f61b4fa85dbff4c243d11b77adf961ac,237,0,237,0,0,0,AUDITED set=mined_flip n_states=6390; quartet exact_le1e-6=0 near_le1e-4=0 min_linf=0.151; singles exact_le1e-6=0 near_le1e-4=0 min_linf=0.101; byte_identical=0; mined_recomputed_seed=5,resolved: run_manifest+checkpoint_fingerprint; train_source=artifacts/f095_campaign/D01/scenes_4N/scenes.npz sha256=ae12d7d244320321...; ckpt mu/sd bit-exact
artifacts/f095_campaign/D01/w256_16N_s11/clean/model.pt,526217afee45144737b9f499cb68d8264e9a1c8958c5e98868a629bc31075a08,artifacts/f095_campaign/D01/scenes_16N/scenes.npz,5b3d2cf87e6ea45cbf376b3a04442a80870aa09267f27b181d99a104cd1d85b0,8192,dev512,2178613957f459f82b3418cfda92ce24f61b4fa85dbff4c243d11b77adf961ac,237,0,237,0,0,0,NO_AUGMENTATION (clean-only inputs); see exact_static_state_duplicates / serialized_static_state_matches,resolved: run_manifest+checkpoint_fingerprint; train_source=artifacts/f095_campaign/D01/scenes_16N/scenes.npz sha256=5b3d2cf87e6ea45c...; ckpt mu/sd bit-exact
artifacts/f095_campaign/D01/w256_16N_s11/flipmine/model.pt,ab40169e8141d8e312ade0aea41f67552201980c70e769ddc602550338fa43ab,artifacts/f095_campaign/D01/scenes_16N/scenes.npz,5b3d2cf87e6ea45cbf376b3a04442a80870aa09267f27b181d99a104cd1d85b0,8192,dev512,2178613957f459f82b3418cfda92ce24f61b4fa85dbff4c243d11b77adf961ac,237,0,237,0,0,0,AUDITED set=mined_flip n_states=26120; quartet exact_le1e-6=0 near_le1e-4=0 min_linf=0.122; singles exact_le1e-6=0 near_le1e-4=0 min_linf=0.0651; byte_identical=0; mined_recomputed_seed=5,resolved: run_manifest+checkpoint_fingerprint; train_source=artifacts/f095_campaign/D01/scenes_16N/scenes.npz sha256=5b3d2cf87e6ea45c...; ckpt mu/sd bit-exact
artifacts/f095_campaign/D01/w256_16N_s47/clean/model.pt,d0d6d7f5e92f14e4e08d2e9295a4a99c263f416558b7de5475e391afedf76b81,artifacts/f095_campaign/D01/scenes_16N/scenes.npz,5b3d2cf87e6ea45cbf376b3a04442a80870aa09267f27b181d99a104cd1d85b0,8192,dev512,2178613957f459f82b3418cfda92ce24f61b4fa85dbff4c243d11b77adf961ac,237,0,237,0,0,0,NO_AUGMENTATION (clean-only inputs); see exact_static_state_duplicates / serialized_static_state_matches,resolved: run_manifest+checkpoint_fingerprint; train_source=artifacts/f095_campaign/D01/scenes_16N/scenes.npz sha256=5b3d2cf87e6ea45c...; ckpt mu/sd bit-exact
artifacts/f095_campaign/D01/w256_16N_s47/flipmine/model.pt,5e33a1b4cd19da895b8d5b33611b688920152bdb747190037da7c6eca144ef99,artifacts/f095_campaign/D01/scenes_16N/scenes.npz,5b3d2cf87e6ea45cbf376b3a04442a80870aa09267f27b181d99a104cd1d85b0,8192,dev512,2178613957f459f82b3418cfda92ce24f61b4fa85dbff4c243d11b77adf961ac,237,0,237,0,0,0,AUDITED set=mined_flip n_states=26120; quartet exact_le1e-6=0 near_le1e-4=0 min_linf=0.122; singles exact_le1e-6=0 near_le1e-4=0 min_linf=0.0651; byte_identical=0; mined_recomputed_seed=5,resolved: run_manifest+checkpoint_fingerprint; train_source=artifacts/f095_campaign/D01/scenes_16N/scenes.npz sha256=5b3d2cf87e6ea45c...; ckpt mu/sd bit-exact
artifacts/f095_campaign/D01/w256_16N_s23/clean/model.pt,68e0f2da0632313a6883dc0dbcd821d886950278f96699163df19e3070e42253,artifacts/f095_campaign/D01/scenes_16N/scenes.npz,5b3d2cf87e6ea45cbf376b3a04442a80870aa09267f27b181d99a104cd1d85b0,8192,dev512,2178613957f459f82b3418cfda92ce24f61b4fa85dbff4c243d11b77adf961ac,237,0,237,0,0,0,NO_AUGMENTATION (clean-only inputs); see exact_static_state_duplicates / serialized_static_state_matches,resolved: run_manifest+checkpoint_fingerprint; train_source=artifacts/f095_campaign/D01/scenes_16N/scenes.npz sha256=5b3d2cf87e6ea45c...; ckpt mu/sd bit-exact
artifacts/f095_campaign/D01/w256_16N_s23/flipmine/model.pt,102f25688234d689c4e54d224e29f42cc7c7faf74f45f0a4ad94dde8a60a7ba0,artifacts/f095_campaign/D01/scenes_16N/scenes.npz,5b3d2cf87e6ea45cbf376b3a04442a80870aa09267f27b181d99a104cd1d85b0,8192,dev512,2178613957f459f82b3418cfda92ce24f61b4fa85dbff4c243d11b77adf961ac,237,0,237,0,0,0,AUDITED set=mined_flip n_states=26120; quartet exact_le1e-6=0 near_le1e-4=0 min_linf=0.122; singles exact_le1e-6=0 near_le1e-4=0 min_linf=0.0651; byte_identical=0; mined_recomputed_seed=5,resolved: run_manifest+checkpoint_fingerprint; train_source=artifacts/f095_campaign/D01/scenes_16N/scenes.npz sha256=5b3d2cf87e6ea45c...; ckpt mu/sd bit-exact
artifacts/f095_campaign/D01/w512_s23/clean/model.pt,630bd37324e96f7ad833ea9fd7dba40f9beea993fdb392183584838543fce48a,artifacts/f095_campaign/D01/scenes_N/scenes.npz,620ea1dc1e443dc6c238317463dc64ab3a9ae05fb592743f3a7d67d7ce17262c,512,d03E,140161d99a424b2d367d4c07c1b00a91c1d35713406c144e33003cf551109d48,1838,0,1838,0,0,0,NO_AUGMENTATION (clean-only inputs); see exact_static_state_duplicates / serialized_static_state_matches,resolved: run_manifest+checkpoint_fingerprint; train_source=artifacts/f095_campaign/D01/scenes_N/scenes.npz sha256=620ea1dc1e443dc6...; ckpt mu/sd bit-exact
artifacts/f095_campaign/D01/w512_s23/flipmine/model.pt,a8aef8bbd7356e06ccddc4abd51ebf664108bebb7587b2ca96a27f0d78f8c108,artifacts/f095_campaign/D01/scenes_N/scenes.npz,620ea1dc1e443dc6c238317463dc64ab3a9ae05fb592743f3a7d67d7ce17262c,512,d03E,140161d99a424b2d367d4c07c1b00a91c1d35713406c144e33003cf551109d48,1838,0,1838,0,0,0,AUDITED set=mined_flip n_states=1534; quartet exact_le1e-6=0 near_le1e-4=0 min_linf=0.101; singles exact_le1e-6=0 near_le1e-4=0 min_linf=n/a; byte_identical=0; mined_recomputed_seed=5,resolved: run_manifest+checkpoint_fingerprint; train_source=artifacts/f095_campaign/D01/scenes_N/scenes.npz sha256=620ea1dc1e443dc6...; ckpt mu/sd bit-exact
artifacts/f095_campaign/D01/w256_s47/clean/model.pt,ec05af11668e85cea2894370a8f9e53226a35dc0fe912701d432b0bfb8bb7274,artifacts/f095_campaign/D01/scenes_N/scenes.npz,620ea1dc1e443dc6c238317463dc64ab3a9ae05fb592743f3a7d67d7ce17262c,512,d03E,140161d99a424b2d367d4c07c1b00a91c1d35713406c144e33003cf551109d48,1838,0,1838,0,0,0,NO_AUGMENTATION (clean-only inputs); see exact_static_state_duplicates / serialized_static_state_matches,resolved: run_manifest+checkpoint_fingerprint; train_source=artifacts/f095_campaign/D01/scenes_N/scenes.npz sha256=620ea1dc1e443dc6...; ckpt mu/sd bit-exact
artifacts/f095_campaign/D01/w256_s47/flipmine/model.pt,2109ef097527272c387ce24c678933b911790e32ddee3d14ebbf7bec71e89142,artifacts/f095_campaign/D01/scenes_N/scenes.npz,620ea1dc1e443dc6c238317463dc64ab3a9ae05fb592743f3a7d67d7ce17262c,512,d03E,140161d99a424b2d367d4c07c1b00a91c1d35713406c144e33003cf551109d48,1838,0,1838,0,0,0,AUDITED set=mined_flip n_states=1534; quartet exact_le1e-6=0 near_le1e-4=0 min_linf=0.101; singles exact_le1e-6=0 near_le1e-4=0 min_linf=n/a; byte_identical=0; mined_recomputed_seed=5,resolved: run_manifest+checkpoint_fingerprint; train_source=artifacts/f095_campaign/D01/scenes_N/scenes.npz sha256=620ea1dc1e443dc6...; ckpt mu/sd bit-exact
artifacts/f095_campaign/D01/w256_s11/clean/model.pt,9b74883539a28fb0cc5efe2b64f3bf4ab88f9c76d06f18950bae79d0d7af89b2,artifacts/f095_campaign/D01/scenes_N/scenes.npz,620ea1dc1e443dc6c238317463dc64ab3a9ae05fb592743f3a7d67d7ce17262c,512,d03E,140161d99a424b2d367d4c07c1b00a91c1d35713406c144e33003cf551109d48,1838,0,1838,0,0,0,NO_AUGMENTATION (clean-only inputs); see exact_static_state_duplicates / serialized_static_state_matches,resolved: run_manifest+checkpoint_fingerprint; train_source=artifacts/f095_campaign/D01/scenes_N/scenes.npz sha256=620ea1dc1e443dc6...; ckpt mu/sd bit-exact
artifacts/f095_campaign/D01/w256_s11/flipmine/model.pt,7dc096aaf72bfdf1b05c30e3f0677fc83f05fe41816f4dd18bf6b6093905e0f4,artifacts/f095_campaign/D01/scenes_N/scenes.npz,620ea1dc1e443dc6c238317463dc64ab3a9ae05fb592743f3a7d67d7ce17262c,512,d03E,140161d99a424b2d367d4c07c1b00a91c1d35713406c144e33003cf551109d48,1838,0,1838,0,0,0,AUDITED set=mined_flip n_states=1534; quartet exact_le1e-6=0 near_le1e-4=0 min_linf=0.101; singles exact_le1e-6=0 near_le1e-4=0 min_linf=n/a; byte_identical=0; mined_recomputed_seed=5,resolved: run_manifest+checkpoint_fingerprint; train_source=artifacts/f095_campaign/D01/scenes_N/scenes.npz sha256=620ea1dc1e443dc6...; ckpt mu/sd bit-exact
artifacts/f095_campaign/D01/w512_s11/clean/model.pt,58a51e45df79ae2cb17e70b4e348cc46dd850f3d377e2f508da60794041d6c9d,artifacts/f095_campaign/D01/scenes_N/scenes.npz,620ea1dc1e443dc6c238317463dc64ab3a9ae05fb592743f3a7d67d7ce17262c,512,d03E,140161d99a424b2d367d4c07c1b00a91c1d35713406c144e33003cf551109d48,1838,0,1838,0,0,0,NO_AUGMENTATION (clean-only inputs); see exact_static_state_duplicates / serialized_static_state_matches,resolved: run_manifest+checkpoint_fingerprint; train_source=artifacts/f095_campaign/D01/scenes_N/scenes.npz sha256=620ea1dc1e443dc6...; ckpt mu/sd bit-exact
artifacts/f095_campaign/D01/w512_s11/flipmine/model.pt,93f533fa6feba927222533996ad246b1a0e0e97d26537999a78ef8468c0a65b6,artifacts/f095_campaign/D01/scenes_N/scenes.npz,620ea1dc1e443dc6c238317463dc64ab3a9ae05fb592743f3a7d67d7ce17262c,512,d03E,140161d99a424b2d367d4c07c1b00a91c1d35713406c144e33003cf551109d48,1838,0,1838,0,0,0,AUDITED set=mined_flip n_states=1534; quartet exact_le1e-6=0 near_le1e-4=0 min_linf=0.101; singles exact_le1e-6=0 near_le1e-4=0 min_linf=n/a; byte_identical=0; mined_recomputed_seed=5,resolved: run_manifest+checkpoint_fingerprint; train_source=artifacts/f095_campaign/D01/scenes_N/scenes.npz sha256=620ea1dc1e443dc6...; ckpt mu/sd bit-exact
artifacts/f095_campaign/D01/w256_s23/clean/model.pt,855d4d4daf764a490029ef5aff28208e05297a385af49e9dd9c887a7e0e9c984,artifacts/f095_campaign/D01/scenes_N/scenes.npz,620ea1dc1e443dc6c238317463dc64ab3a9ae05fb592743f3a7d67d7ce17262c,512,d03E,140161d99a424b2d367d4c07c1b00a91c1d35713406c144e33003cf551109d48,1838,0,1838,0,0,0,NO_AUGMENTATION (clean-only inputs); see exact_static_state_duplicates / serialized_static_state_matches,resolved: run_manifest+checkpoint_fingerprint; train_source=artifacts/f095_campaign/D01/scenes_N/scenes.npz sha256=620ea1dc1e443dc6...; ckpt mu/sd bit-exact
artifacts/f095_campaign/D01/w256_s23/flipmine/model.pt,f3f98d75acc04ed67353ed147564c3d77b83456865f07382fdfb24975755e7e5,artifacts/f095_campaign/D01/scenes_N/scenes.npz,620ea1dc1e443dc6c238317463dc64ab3a9ae05fb592743f3a7d67d7ce17262c,512,d03E,140161d99a424b2d367d4c07c1b00a91c1d35713406c144e33003cf551109d48,1838,0,1838,0,0,0,AUDITED set=mined_flip n_states=1534; quartet exact_le1e-6=0 near_le1e-4=0 min_linf=0.101; singles exact_le1e-6=0 near_le1e-4=0 min_linf=n/a; byte_identical=0; mined_recomputed_seed=5,resolved: run_manifest+checkpoint_fingerprint; train_source=artifacts/f095_campaign/D01/scenes_N/scenes.npz sha256=620ea1dc1e443dc6...; ckpt mu/sd bit-exact
artifacts/f095_campaign/D01/w512_s47/clean/model.pt,5819d14ed683e1436c09f639d47bc09c65f2507b98d4b207c2a315adf339f935,artifacts/f095_campaign/D01/scenes_N/scenes.npz,620ea1dc1e443dc6c238317463dc64ab3a9ae05fb592743f3a7d67d7ce17262c,512,d03E,140161d99a424b2d367d4c07c1b00a91c1d35713406c144e33003cf551109d48,1838,0,1838,0,0,0,NO_AUGMENTATION (clean-only inputs); see exact_static_state_duplicates / serialized_static_state_matches,resolved: run_manifest+checkpoint_fingerprint; train_source=artifacts/f095_campaign/D01/scenes_N/scenes.npz sha256=620ea1dc1e443dc6...; ckpt mu/sd bit-exact
artifacts/f095_campaign/D01/w512_s47/flipmine/model.pt,0eb6dbec47821621b62a84c14bae971f578647ca59866fade4c9f217e87161fd,artifacts/f095_campaign/D01/scenes_N/scenes.npz,620ea1dc1e443dc6c238317463dc64ab3a9ae05fb592743f3a7d67d7ce17262c,512,d03E,140161d99a424b2d367d4c07c1b00a91c1d35713406c144e33003cf551109d48,1838,0,1838,0,0,0,AUDITED set=mined_flip n_states=1534; quartet exact_le1e-6=0 near_le1e-4=0 min_linf=0.101; singles exact_le1e-6=0 near_le1e-4=0 min_linf=n/a; byte_identical=0; mined_recomputed_seed=5,resolved: run_manifest+checkpoint_fingerprint; train_source=artifacts/f095_campaign/D01/scenes_N/scenes.npz sha256=620ea1dc1e443dc6...; ckpt mu/sd bit-exact
artifacts/f095_campaign/D02/aug_rep_s47/clean/model.pt,691976405fc5436b04f2180c3debec12e3c4129338c77a3eae74bb1ac5121000,artifacts/f095_campaign/D01/scenes_N/scenes.npz,620ea1dc1e443dc6c238317463dc64ab3a9ae05fb592743f3a7d67d7ce17262c,512,d03E,140161d99a424b2d367d4c07c1b00a91c1d35713406c144e33003cf551109d48,1838,0,1838,0,0,0,NO_AUGMENTATION (clean-only inputs); see exact_static_state_duplicates / serialized_static_state_matches,resolved: run_manifest+checkpoint_fingerprint; train_source=artifacts/f095_campaign/D01/scenes_N/scenes.npz sha256=620ea1dc1e443dc6...; ckpt mu/sd bit-exact
artifacts/f095_campaign/D02/aug_rep_s47/flipmine/model.pt,c8c5d8499652368bd2e31fc6f8c43302120a3c55897e1c7a039f95c952b2fde6,artifacts/f095_campaign/D01/scenes_N/scenes.npz,620ea1dc1e443dc6c238317463dc64ab3a9ae05fb592743f3a7d67d7ce17262c,512,d03E,140161d99a424b2d367d4c07c1b00a91c1d35713406c144e33003cf551109d48,1838,0,1838,0,0,0,AUDITED set=mined_flip n_states=1534; quartet exact_le1e-6=0 near_le1e-4=0 min_linf=0.101; singles exact_le1e-6=0 near_le1e-4=0 min_linf=n/a; byte_identical=0; mined_recomputed_seed=5,resolved: run_manifest+checkpoint_fingerprint; train_source=artifacts/f095_campaign/D01/scenes_N/scenes.npz sha256=620ea1dc1e443dc6...; ckpt mu/sd bit-exact
artifacts/f095_campaign/D02/aug_rep_s23/clean/model.pt,9af402eb511f7b6cb5a22f109e7f257bca793474155c825c42048c30b2672bef,artifacts/f095_campaign/D01/scenes_N/scenes.npz,620ea1dc1e443dc6c238317463dc64ab3a9ae05fb592743f3a7d67d7ce17262c,512,d03E,140161d99a424b2d367d4c07c1b00a91c1d35713406c144e33003cf551109d48,1838,0,1838,0,0,0,NO_AUGMENTATION (clean-only inputs); see exact_static_state_duplicates / serialized_static_state_matches,resolved: run_manifest+checkpoint_fingerprint; train_source=artifacts/f095_campaign/D01/scenes_N/scenes.npz sha256=620ea1dc1e443dc6...; ckpt mu/sd bit-exact
artifacts/f095_campaign/D02/aug_rep_s23/flipmine/model.pt,b68335f8191280b79d69c35fe29fe1fbaac1f8a61ce40a84ea700343494ee6e3,artifacts/f095_campaign/D01/scenes_N/scenes.npz,620ea1dc1e443dc6c238317463dc64ab3a9ae05fb592743f3a7d67d7ce17262c,512,d03E,140161d99a424b2d367d4c07c1b00a91c1d35713406c144e33003cf551109d48,1838,0,1838,0,0,0,AUDITED set=mined_flip n_states=1534; quartet exact_le1e-6=0 near_le1e-4=0 min_linf=0.101; singles exact_le1e-6=0 near_le1e-4=0 min_linf=n/a; byte_identical=0; mined_recomputed_seed=5,resolved: run_manifest+checkpoint_fingerprint; train_source=artifacts/f095_campaign/D01/scenes_N/scenes.npz sha256=620ea1dc1e443dc6...; ckpt mu/sd bit-exact
artifacts/f095_campaign/D02/aug_g8_s11/clean/model.pt,0d031d4efed829bf637e58289d0237ed142800006f5dc2070c29ce4896cf711f,artifacts/f095_campaign/D01/scenes_N/scenes.npz,620ea1dc1e443dc6c238317463dc64ab3a9ae05fb592743f3a7d67d7ce17262c,512,d03E,140161d99a424b2d367d4c07c1b00a91c1d35713406c144e33003cf551109d48,1838,0,1838,0,0,0,AUDITED set=g8_orbit_clean n_states=4096; quartet exact_le1e-6=0 near_le1e-4=0 min_linf=0.092; singles exact_le1e-6=0 near_le1e-4=0 min_linf=n/a; byte_identical=0; G8 role-permutation orbit (superset of the 300-epoch draws),resolved: run_manifest+checkpoint_fingerprint; train_source=artifacts/f095_campaign/D01/scenes_N/scenes.npz sha256=620ea1dc1e443dc6...; ckpt mu/sd bit-exact
artifacts/f095_campaign/D02/aug_g8_s11/flipmine/model.pt,eb56de222649d7e4331254f98316bc7e48fbee711a05aeeaed69d1a1670365e8,artifacts/f095_campaign/D01/scenes_N/scenes.npz,620ea1dc1e443dc6c238317463dc64ab3a9ae05fb592743f3a7d67d7ce17262c,512,d03E,140161d99a424b2d367d4c07c1b00a91c1d35713406c144e33003cf551109d48,1838,0,1838,0,0,0,AUDITED set=g8_orbit_clean+g8_orbit_mined n_states=16368; quartet exact_le1e-6=0 near_le1e-4=0 min_linf=0.0828; singles exact_le1e-6=0 near_le1e-4=0 min_linf=n/a; byte_identical=0; G8 role-permutation orbit (superset of the 300-epoch draws),resolved: run_manifest+checkpoint_fingerprint; train_source=artifacts/f095_campaign/D01/scenes_N/scenes.npz sha256=620ea1dc1e443dc6...; ckpt mu/sd bit-exact
artifacts/f095_campaign/D02/aug_rep_s11/clean/model.pt,c0c7c0995e23f43a629ca3df6eb75febcebd4faf4030118b093d34cbcd43979a,artifacts/f095_campaign/D01/scenes_N/scenes.npz,620ea1dc1e443dc6c238317463dc64ab3a9ae05fb592743f3a7d67d7ce17262c,512,d03E,140161d99a424b2d367d4c07c1b00a91c1d35713406c144e33003cf551109d48,1838,0,1838,0,0,0,NO_AUGMENTATION (clean-only inputs); see exact_static_state_duplicates / serialized_static_state_matches,resolved: run_manifest+checkpoint_fingerprint; train_source=artifacts/f095_campaign/D01/scenes_N/scenes.npz sha256=620ea1dc1e443dc6...; ckpt mu/sd bit-exact
artifacts/f095_campaign/D02/aug_rep_s11/flipmine/model.pt,802157b331b0f37813e9ac0ab75c1077ff1f7f5f03156694329903577f1222d2,artifacts/f095_campaign/D01/scenes_N/scenes.npz,620ea1dc1e443dc6c238317463dc64ab3a9ae05fb592743f3a7d67d7ce17262c,512,d03E,140161d99a424b2d367d4c07c1b00a91c1d35713406c144e33003cf551109d48,1838,0,1838,0,0,0,AUDITED set=mined_flip n_states=1534; quartet exact_le1e-6=0 near_le1e-4=0 min_linf=0.101; singles exact_le1e-6=0 near_le1e-4=0 min_linf=n/a; byte_identical=0; mined_recomputed_seed=5,resolved: run_manifest+checkpoint_fingerprint; train_source=artifacts/f095_campaign/D01/scenes_N/scenes.npz sha256=620ea1dc1e443dc6...; ckpt mu/sd bit-exact
artifacts/f095_campaign/D02/aug_g8_s23/clean/model.pt,f063c6ac5fa258cb5597b65faaefd8bc867a17a073eee3c403e7ceaa66549fce,artifacts/f095_campaign/D01/scenes_N/scenes.npz,620ea1dc1e443dc6c238317463dc64ab3a9ae05fb592743f3a7d67d7ce17262c,512,d03E,140161d99a424b2d367d4c07c1b00a91c1d35713406c144e33003cf551109d48,1838,0,1838,0,0,0,AUDITED set=g8_orbit_clean n_states=4096; quartet exact_le1e-6=0 near_le1e-4=0 min_linf=0.092; singles exact_le1e-6=0 near_le1e-4=0 min_linf=n/a; byte_identical=0; G8 role-permutation orbit (superset of the 300-epoch draws),resolved: run_manifest+checkpoint_fingerprint; train_source=artifacts/f095_campaign/D01/scenes_N/scenes.npz sha256=620ea1dc1e443dc6...; ckpt mu/sd bit-exact
artifacts/f095_campaign/D02/aug_g8_s23/flipmine/model.pt,23b71046c4c5b6ab5440f8876379fdee599e621157a6e46c52bd1f8b51537351,artifacts/f095_campaign/D01/scenes_N/scenes.npz,620ea1dc1e443dc6c238317463dc64ab3a9ae05fb592743f3a7d67d7ce17262c,512,d03E,140161d99a424b2d367d4c07c1b00a91c1d35713406c144e33003cf551109d48,1838,0,1838,0,0,0,AUDITED set=g8_orbit_clean+g8_orbit_mined n_states=16368; quartet exact_le1e-6=0 near_le1e-4=0 min_linf=0.0828; singles exact_le1e-6=0 near_le1e-4=0 min_linf=n/a; byte_identical=0; G8 role-permutation orbit (superset of the 300-epoch draws),resolved: run_manifest+checkpoint_fingerprint; train_source=artifacts/f095_campaign/D01/scenes_N/scenes.npz sha256=620ea1dc1e443dc6...; ckpt mu/sd bit-exact
artifacts/f095_campaign/D02/aug_g8_s47/clean/model.pt,5f973682efa1a4562b64b15350a1e117547268b3e122656ccdd0ece789d2c3b0,artifacts/f095_campaign/D01/scenes_N/scenes.npz,620ea1dc1e443dc6c238317463dc64ab3a9ae05fb592743f3a7d67d7ce17262c,512,d03E,140161d99a424b2d367d4c07c1b00a91c1d35713406c144e33003cf551109d48,1838,0,1838,0,0,0,AUDITED set=g8_orbit_clean n_states=4096; quartet exact_le1e-6=0 near_le1e-4=0 min_linf=0.092; singles exact_le1e-6=0 near_le1e-4=0 min_linf=n/a; byte_identical=0; G8 role-permutation orbit (superset of the 300-epoch draws),resolved: run_manifest+checkpoint_fingerprint; train_source=artifacts/f095_campaign/D01/scenes_N/scenes.npz sha256=620ea1dc1e443dc6...; ckpt mu/sd bit-exact
artifacts/f095_campaign/D02/aug_g8_s47/flipmine/model.pt,e0f82b33f152a1a10fb634f4e0f97396fe3e1516fe5a81649d6e5b02f5726e5d,artifacts/f095_campaign/D01/scenes_N/scenes.npz,620ea1dc1e443dc6c238317463dc64ab3a9ae05fb592743f3a7d67d7ce17262c,512,d03E,140161d99a424b2d367d4c07c1b00a91c1d35713406c144e33003cf551109d48,1838,0,1838,0,0,0,AUDITED set=g8_orbit_clean+g8_orbit_mined n_states=16368; quartet exact_le1e-6=0 near_le1e-4=0 min_linf=0.0828; singles exact_le1e-6=0 near_le1e-4=0 min_linf=n/a; byte_identical=0; G8 role-permutation orbit (superset of the 300-epoch draws),resolved: run_manifest+checkpoint_fingerprint; train_source=artifacts/f095_campaign/D01/scenes_N/scenes.npz sha256=620ea1dc1e443dc6...; ckpt mu/sd bit-exact
artifacts/f095_campaign/U01/typed_w64_s23/clean/model.pt,3683673c058376014e31bccff04b21e28bf252acbf542990498e4f1a0137c576,artifacts/f095_campaign/D01/scenes_N/scenes.npz,620ea1dc1e443dc6c238317463dc64ab3a9ae05fb592743f3a7d67d7ce17262c,512,d03E,140161d99a424b2d367d4c07c1b00a91c1d35713406c144e33003cf551109d48,1838,0,1838,0,0,0,NO_AUGMENTATION (clean-only inputs); see exact_static_state_duplicates / serialized_static_state_matches,resolved: run_manifest+checkpoint_fingerprint; train_source=artifacts/f095_campaign/D01/scenes_N/scenes.npz sha256=620ea1dc1e443dc6...; ckpt mu/sd bit-exact
artifacts/f095_campaign/U01/typed_w64_s23/flipmine/model.pt,d8cedf6c6255e93c2cb3a70be1cc65fece980f7d3445c2fb472b541810acd11c,artifacts/f095_campaign/D01/scenes_N/scenes.npz,620ea1dc1e443dc6c238317463dc64ab3a9ae05fb592743f3a7d67d7ce17262c,512,d03E,140161d99a424b2d367d4c07c1b00a91c1d35713406c144e33003cf551109d48,1838,0,1838,0,0,0,AUDITED set=mined_flip n_states=1534; quartet exact_le1e-6=0 near_le1e-4=0 min_linf=0.101; singles exact_le1e-6=0 near_le1e-4=0 min_linf=n/a; byte_identical=0; mined_recomputed_seed=5,resolved: run_manifest+checkpoint_fingerprint; train_source=artifacts/f095_campaign/D01/scenes_N/scenes.npz sha256=620ea1dc1e443dc6...; ckpt mu/sd bit-exact
artifacts/f095_campaign/U01/typed_w64_s47/clean/model.pt,1851adfbbfba346e25895f72e1d3a9379eb482f21c04acd08aa9d064225d0671,artifacts/f095_campaign/D01/scenes_N/scenes.npz,620ea1dc1e443dc6c238317463dc64ab3a9ae05fb592743f3a7d67d7ce17262c,512,d03E,140161d99a424b2d367d4c07c1b00a91c1d35713406c144e33003cf551109d48,1838,0,1838,0,0,0,NO_AUGMENTATION (clean-only inputs); see exact_static_state_duplicates / serialized_static_state_matches,resolved: run_manifest+checkpoint_fingerprint; train_source=artifacts/f095_campaign/D01/scenes_N/scenes.npz sha256=620ea1dc1e443dc6...; ckpt mu/sd bit-exact
artifacts/f095_campaign/U01/typed_w64_s47/flipmine/model.pt,1b6b2c4ea0663ef866d09cd949dd05326e04e958806e2f820b2b943141f604f1,artifacts/f095_campaign/D01/scenes_N/scenes.npz,620ea1dc1e443dc6c238317463dc64ab3a9ae05fb592743f3a7d67d7ce17262c,512,d03E,140161d99a424b2d367d4c07c1b00a91c1d35713406c144e33003cf551109d48,1838,0,1838,0,0,0,AUDITED set=mined_flip n_states=1534; quartet exact_le1e-6=0 near_le1e-4=0 min_linf=0.101; singles exact_le1e-6=0 near_le1e-4=0 min_linf=n/a; byte_identical=0; mined_recomputed_seed=5,resolved: run_manifest+checkpoint_fingerprint; train_source=artifacts/f095_campaign/D01/scenes_N/scenes.npz sha256=620ea1dc1e443dc6...; ckpt mu/sd bit-exact
artifacts/f095_campaign/U01/typed_w64_s11/clean/model.pt,9d457e56d83ee2b6f785429caa9387838df99dc89e1b9c19bbb99d3043cb25fd,artifacts/f095_campaign/D01/scenes_N/scenes.npz,620ea1dc1e443dc6c238317463dc64ab3a9ae05fb592743f3a7d67d7ce17262c,512,d03E,140161d99a424b2d367d4c07c1b00a91c1d35713406c144e33003cf551109d48,1838,0,1838,0,0,0,NO_AUGMENTATION (clean-only inputs); see exact_static_state_duplicates / serialized_static_state_matches,resolved: run_manifest+checkpoint_fingerprint; train_source=artifacts/f095_campaign/D01/scenes_N/scenes.npz sha256=620ea1dc1e443dc6...; ckpt mu/sd bit-exact
artifacts/f095_campaign/U01/typed_w64_s11/flipmine/model.pt,aa5e18b748265e1cc157bab63ef2b109488928cf139ab6232ae89cbf0020e41b,artifacts/f095_campaign/D01/scenes_N/scenes.npz,620ea1dc1e443dc6c238317463dc64ab3a9ae05fb592743f3a7d67d7ce17262c,512,d03E,140161d99a424b2d367d4c07c1b00a91c1d35713406c144e33003cf551109d48,1838,0,1838,0,0,0,AUDITED set=mined_flip n_states=1534; quartet exact_le1e-6=0 near_le1e-4=0 min_linf=0.101; singles exact_le1e-6=0 near_le1e-4=0 min_linf=n/a; byte_identical=0; mined_recomputed_seed=5,resolved: run_manifest+checkpoint_fingerprint; train_source=artifacts/f095_campaign/D01/scenes_N/scenes.npz sha256=620ea1dc1e443dc6...; ckpt mu/sd bit-exact
artifacts/f095_campaign/U02/sixdist_w64_s47/clean/model.pt,9d9b0f8ad5c04ff2b7bbd8f0bb60bb9e83e4ed05ce65d22efbad34006b1708e5,artifacts/f095_campaign/D01/scenes_N/scenes.npz,620ea1dc1e443dc6c238317463dc64ab3a9ae05fb592743f3a7d67d7ce17262c,512,d03E,140161d99a424b2d367d4c07c1b00a91c1d35713406c144e33003cf551109d48,1838,0,1838,0,0,0,NO_AUGMENTATION (clean-only inputs); see exact_static_state_duplicates / serialized_static_state_matches,resolved: run_manifest+checkpoint_fingerprint; train_source=artifacts/f095_campaign/D01/scenes_N/scenes.npz sha256=620ea1dc1e443dc6...; ckpt mu/sd bit-exact
artifacts/f095_campaign/U02/sixdist_w64_s47/flipmine/model.pt,36528c59a5e3cefbd493b20720cffc886ecf8035d356f553a1411b3780b3052d,artifacts/f095_campaign/D01/scenes_N/scenes.npz,620ea1dc1e443dc6c238317463dc64ab3a9ae05fb592743f3a7d67d7ce17262c,512,d03E,140161d99a424b2d367d4c07c1b00a91c1d35713406c144e33003cf551109d48,1838,0,1838,0,0,0,AUDITED set=mined_flip n_states=1534; quartet exact_le1e-6=0 near_le1e-4=0 min_linf=0.101; singles exact_le1e-6=0 near_le1e-4=0 min_linf=n/a; byte_identical=0; mined_recomputed_seed=5,resolved: run_manifest+checkpoint_fingerprint; train_source=artifacts/f095_campaign/D01/scenes_N/scenes.npz sha256=620ea1dc1e443dc6...; ckpt mu/sd bit-exact
artifacts/f095_campaign/U02/concat_w64_s47/clean/model.pt,66cd83a51eb81f4a89434411e9ce26b2b26e5d92c5c27944d82525267bd7216c,artifacts/f095_campaign/D01/scenes_N/scenes.npz,620ea1dc1e443dc6c238317463dc64ab3a9ae05fb592743f3a7d67d7ce17262c,512,d03E,140161d99a424b2d367d4c07c1b00a91c1d35713406c144e33003cf551109d48,1838,0,1838,0,0,0,NO_AUGMENTATION (clean-only inputs); see exact_static_state_duplicates / serialized_static_state_matches,resolved: run_manifest+checkpoint_fingerprint; train_source=artifacts/f095_campaign/D01/scenes_N/scenes.npz sha256=620ea1dc1e443dc6...; ckpt mu/sd bit-exact
artifacts/f095_campaign/U02/concat_w64_s47/flipmine/model.pt,33fa4df2a341fcab7e2a3cef58b31ad027b81d281f409443ab7afad33e638d80,artifacts/f095_campaign/D01/scenes_N/scenes.npz,620ea1dc1e443dc6c238317463dc64ab3a9ae05fb592743f3a7d67d7ce17262c,512,d03E,140161d99a424b2d367d4c07c1b00a91c1d35713406c144e33003cf551109d48,1838,0,1838,0,0,0,AUDITED set=mined_flip n_states=1534; quartet exact_le1e-6=0 near_le1e-4=0 min_linf=0.101; singles exact_le1e-6=0 near_le1e-4=0 min_linf=n/a; byte_identical=0; mined_recomputed_seed=5,resolved: run_manifest+checkpoint_fingerprint; train_source=artifacts/f095_campaign/D01/scenes_N/scenes.npz sha256=620ea1dc1e443dc6...; ckpt mu/sd bit-exact
artifacts/f095_campaign/U02/sixdist_w64_s23/clean/model.pt,94e39b5419d1011b1a85fe373174107ae40795c1f495263639033a84e1b22f20,artifacts/f095_campaign/D01/scenes_N/scenes.npz,620ea1dc1e443dc6c238317463dc64ab3a9ae05fb592743f3a7d67d7ce17262c,512,d03E,140161d99a424b2d367d4c07c1b00a91c1d35713406c144e33003cf551109d48,1838,0,1838,0,0,0,NO_AUGMENTATION (clean-only inputs); see exact_static_state_duplicates / serialized_static_state_matches,resolved: run_manifest+checkpoint_fingerprint; train_source=artifacts/f095_campaign/D01/scenes_N/scenes.npz sha256=620ea1dc1e443dc6...; ckpt mu/sd bit-exact
artifacts/f095_campaign/U02/sixdist_w64_s23/flipmine/model.pt,6f30c2fb0bd9776119c524baeab8da45b8dd02fbea666b0dda0ebff5fa954210,artifacts/f095_campaign/D01/scenes_N/scenes.npz,620ea1dc1e443dc6c238317463dc64ab3a9ae05fb592743f3a7d67d7ce17262c,512,d03E,140161d99a424b2d367d4c07c1b00a91c1d35713406c144e33003cf551109d48,1838,0,1838,0,0,0,AUDITED set=mined_flip n_states=1534; quartet exact_le1e-6=0 near_le1e-4=0 min_linf=0.101; singles exact_le1e-6=0 near_le1e-4=0 min_linf=n/a; byte_identical=0; mined_recomputed_seed=5,resolved: run_manifest+checkpoint_fingerprint; train_source=artifacts/f095_campaign/D01/scenes_N/scenes.npz sha256=620ea1dc1e443dc6...; ckpt mu/sd bit-exact
artifacts/f095_campaign/U02/concat_w64_s11/clean/model.pt,cbfbb320acc7c5a3c67a9eeadc2a193f127960a372b352590620f8c72fa844ae,artifacts/f095_campaign/D01/scenes_N/scenes.npz,620ea1dc1e443dc6c238317463dc64ab3a9ae05fb592743f3a7d67d7ce17262c,512,d03E,140161d99a424b2d367d4c07c1b00a91c1d35713406c144e33003cf551109d48,1838,0,1838,0,0,0,NO_AUGMENTATION (clean-only inputs); see exact_static_state_duplicates / serialized_static_state_matches,resolved: run_manifest+checkpoint_fingerprint; train_source=artifacts/f095_campaign/D01/scenes_N/scenes.npz sha256=620ea1dc1e443dc6...; ckpt mu/sd bit-exact
artifacts/f095_campaign/U02/concat_w64_s11/flipmine/model.pt,4947e5fb2d9ead8a33637597bd37334ae1e46e6b7f720763c5a9e4d0d9dca292,artifacts/f095_campaign/D01/scenes_N/scenes.npz,620ea1dc1e443dc6c238317463dc64ab3a9ae05fb592743f3a7d67d7ce17262c,512,d03E,140161d99a424b2d367d4c07c1b00a91c1d35713406c144e33003cf551109d48,1838,0,1838,0,0,0,AUDITED set=mined_flip n_states=1534; quartet exact_le1e-6=0 near_le1e-4=0 min_linf=0.101; singles exact_le1e-6=0 near_le1e-4=0 min_linf=n/a; byte_identical=0; mined_recomputed_seed=5,resolved: run_manifest+checkpoint_fingerprint; train_source=artifacts/f095_campaign/D01/scenes_N/scenes.npz sha256=620ea1dc1e443dc6...; ckpt mu/sd bit-exact
artifacts/f095_campaign/U02/concat_w64_s23/clean/model.pt,902d806f8b9fd0258de67ab6d884c0a2de9c1edd91ec377c317fc77daee78d44,artifacts/f095_campaign/D01/scenes_N/scenes.npz,620ea1dc1e443dc6c238317463dc64ab3a9ae05fb592743f3a7d67d7ce17262c,512,d03E,140161d99a424b2d367d4c07c1b00a91c1d35713406c144e33003cf551109d48,1838,0,1838,0,0,0,NO_AUGMENTATION (clean-only inputs); see exact_static_state_duplicates / serialized_static_state_matches,resolved: run_manifest+checkpoint_fingerprint; train_source=artifacts/f095_campaign/D01/scenes_N/scenes.npz sha256=620ea1dc1e443dc6...; ckpt mu/sd bit-exact
artifacts/f095_campaign/U02/concat_w64_s23/flipmine/model.pt,aeb128c92d7e754bb438d01a266bdcfadb7964cb093abce441e6411a8dd04863,artifacts/f095_campaign/D01/scenes_N/scenes.npz,620ea1dc1e443dc6c238317463dc64ab3a9ae05fb592743f3a7d67d7ce17262c,512,d03E,140161d99a424b2d367d4c07c1b00a91c1d35713406c144e33003cf551109d48,1838,0,1838,0,0,0,AUDITED set=mined_flip n_states=1534; quartet exact_le1e-6=0 near_le1e-4=0 min_linf=0.101; singles exact_le1e-6=0 near_le1e-4=0 min_linf=n/a; byte_identical=0; mined_recomputed_seed=5,resolved: run_manifest+checkpoint_fingerprint; train_source=artifacts/f095_campaign/D01/scenes_N/scenes.npz sha256=620ea1dc1e443dc6...; ckpt mu/sd bit-exact
artifacts/f095_campaign/U02/sixdist_w64_s11/clean/model.pt,1a43ff12356b3f6446e39613e99a6dff6004bba831f6828069a5f72db7cb6ac8,artifacts/f095_campaign/D01/scenes_N/scenes.npz,620ea1dc1e443dc6c238317463dc64ab3a9ae05fb592743f3a7d67d7ce17262c,512,d03E,140161d99a424b2d367d4c07c1b00a91c1d35713406c144e33003cf551109d48,1838,0,1838,0,0,0,NO_AUGMENTATION (clean-only inputs); see exact_static_state_duplicates / serialized_static_state_matches,resolved: run_manifest+checkpoint_fingerprint; train_source=artifacts/f095_campaign/D01/scenes_N/scenes.npz sha256=620ea1dc1e443dc6...; ckpt mu/sd bit-exact
artifacts/f095_campaign/U02/sixdist_w64_s11/flipmine/model.pt,1db4b6f01bc1b8f696399a52835d118bdd5fa3b5c8df59c48f09d26bf6b436d4,artifacts/f095_campaign/D01/scenes_N/scenes.npz,620ea1dc1e443dc6c238317463dc64ab3a9ae05fb592743f3a7d67d7ce17262c,512,d03E,140161d99a424b2d367d4c07c1b00a91c1d35713406c144e33003cf551109d48,1838,0,1838,0,0,0,AUDITED set=mined_flip n_states=1534; quartet exact_le1e-6=0 near_le1e-4=0 min_linf=0.101; singles exact_le1e-6=0 near_le1e-4=0 min_linf=n/a; byte_identical=0; mined_recomputed_seed=5,resolved: run_manifest+checkpoint_fingerprint; train_source=artifacts/f095_campaign/D01/scenes_N/scenes.npz sha256=620ea1dc1e443dc6...; ckpt mu/sd bit-exact
artifacts/f095_campaign/U07/six_N_f25_s11/flip_fx/model.pt,66f7264934acc2f9b34dfed5f3578ed8eca6dc5bf34b1c58dbe8c0c8169aee31,artifacts/f095_campaign/D01/scenes_N/scenes.npz,620ea1dc1e443dc6c238317463dc64ab3a9ae05fb592743f3a7d67d7ce17262c,512,d03E,140161d99a424b2d367d4c07c1b00a91c1d35713406c144e33003cf551109d48,1838,0,1838,0,0,0,AUDITED set=mined_flip n_states=1534; quartet exact_le1e-6=0 near_le1e-4=0 min_linf=0.101; singles exact_le1e-6=0 near_le1e-4=0 min_linf=n/a; byte_identical=0; mined_recomputed_seed=5,resolved: run_manifest+checkpoint_fingerprint; train_source=artifacts/f095_campaign/D01/scenes_N/scenes.npz sha256=620ea1dc1e443dc6...; ckpt mu/sd bit-exact
artifacts/f095_campaign/U07/raw_N_f25_s11/flip_fx/model.pt,4de85f20966d7acce03f7fff844c9933c2f8bd0a3767d1fee2999e80cf26e028,artifacts/f095_campaign/D01/scenes_N/scenes.npz,620ea1dc1e443dc6c238317463dc64ab3a9ae05fb592743f3a7d67d7ce17262c,512,d03E,140161d99a424b2d367d4c07c1b00a91c1d35713406c144e33003cf551109d48,1838,0,1838,0,0,0,AUDITED set=mined_flip n_states=1534; quartet exact_le1e-6=0 near_le1e-4=0 min_linf=0.101; singles exact_le1e-6=0 near_le1e-4=0 min_linf=n/a; byte_identical=0; mined_recomputed_seed=5,resolved: run_manifest+checkpoint_fingerprint; train_source=artifacts/f095_campaign/D01/scenes_N/scenes.npz sha256=620ea1dc1e443dc6...; ckpt mu/sd bit-exact
artifacts/f095_campaign/U07/six_N_f25_s47/flip_fx/model.pt,d7a2a3dcae4ae3c755afdd3201b0730dd81ae667b7446ebe0d32a05cf94b59e5,artifacts/f095_campaign/D01/scenes_N/scenes.npz,620ea1dc1e443dc6c238317463dc64ab3a9ae05fb592743f3a7d67d7ce17262c,512,d03E,140161d99a424b2d367d4c07c1b00a91c1d35713406c144e33003cf551109d48,1838,0,1838,0,0,0,AUDITED set=mined_flip n_states=1534; quartet exact_le1e-6=0 near_le1e-4=0 min_linf=0.101; singles exact_le1e-6=0 near_le1e-4=0 min_linf=n/a; byte_identical=0; mined_recomputed_seed=5,resolved: run_manifest+checkpoint_fingerprint; train_source=artifacts/f095_campaign/D01/scenes_N/scenes.npz sha256=620ea1dc1e443dc6...; ckpt mu/sd bit-exact
artifacts/f095_campaign/U07/six_N_f25_s23/flip_fx/model.pt,7edca2a3fa0edcb3f110878a813150dd4000852db8035cb40f12b72be371e62b,artifacts/f095_campaign/D01/scenes_N/scenes.npz,620ea1dc1e443dc6c238317463dc64ab3a9ae05fb592743f3a7d67d7ce17262c,512,d03E,140161d99a424b2d367d4c07c1b00a91c1d35713406c144e33003cf551109d48,1838,0,1838,0,0,0,AUDITED set=mined_flip n_states=1534; quartet exact_le1e-6=0 near_le1e-4=0 min_linf=0.101; singles exact_le1e-6=0 near_le1e-4=0 min_linf=n/a; byte_identical=0; mined_recomputed_seed=5,resolved: run_manifest+checkpoint_fingerprint; train_source=artifacts/f095_campaign/D01/scenes_N/scenes.npz sha256=620ea1dc1e443dc6...; ckpt mu/sd bit-exact
artifacts/f095_campaign/U07/raw_N_f25_s23/flip_fx/model.pt,f5f06f64b60ebbf2e93388884807b11a40e7b9442130944ead49bde413da90b9,artifacts/f095_campaign/D01/scenes_N/scenes.npz,620ea1dc1e443dc6c238317463dc64ab3a9ae05fb592743f3a7d67d7ce17262c,512,d03E,140161d99a424b2d367d4c07c1b00a91c1d35713406c144e33003cf551109d48,1838,0,1838,0,0,0,AUDITED set=mined_flip n_states=1534; quartet exact_le1e-6=0 near_le1e-4=0 min_linf=0.101; singles exact_le1e-6=0 near_le1e-4=0 min_linf=n/a; byte_identical=0; mined_recomputed_seed=5,resolved: run_manifest+checkpoint_fingerprint; train_source=artifacts/f095_campaign/D01/scenes_N/scenes.npz sha256=620ea1dc1e443dc6...; ckpt mu/sd bit-exact
artifacts/f095_campaign/U07/raw_N_f25_s47/flip_fx/model.pt,d5cd13d4e39485125932a327b3a16cd910e88c7608df05272e4db2b12e5f3444,artifacts/f095_campaign/D01/scenes_N/scenes.npz,620ea1dc1e443dc6c238317463dc64ab3a9ae05fb592743f3a7d67d7ce17262c,512,d03E,140161d99a424b2d367d4c07c1b00a91c1d35713406c144e33003cf551109d48,1838,0,1838,0,0,0,AUDITED set=mined_flip n_states=1534; quartet exact_le1e-6=0 near_le1e-4=0 min_linf=0.101; singles exact_le1e-6=0 near_le1e-4=0 min_linf=n/a; byte_identical=0; mined_recomputed_seed=5,resolved: run_manifest+checkpoint_fingerprint; train_source=artifacts/f095_campaign/D01/scenes_N/scenes.npz sha256=620ea1dc1e443dc6...; ckpt mu/sd bit-exact
artifacts/discovery_campaign/r04b_s11/auxmargin/model.pt,109e33d25aeff74f6d09fe69835dbb94bc7b0b0dead61a590fe9bda8601ae2ed,artifacts/f095_campaign/D01/scenes_N/scenes.npz,620ea1dc1e443dc6c238317463dc64ab3a9ae05fb592743f3a7d67d7ce17262c,512,d03E,140161d99a424b2d367d4c07c1b00a91c1d35713406c144e33003cf551109d48,1838,0,1838,0,0,0,NO_AUGMENTATION (clean-only inputs); see exact_static_state_duplicates / serialized_static_state_matches,resolved: run_receipt+script_literal+checkpoint_fingerprint; receipt --train=artifacts/discovery_campaign/scenes/train_101; train_source=artifacts/f095_campaign/D01/scenes_N/scenes.npz sha256=620ea1dc1e443dc6...; ckpt mu/sd bit-exact
artifacts/discovery_campaign/r04b_s11/clean/model.pt,8b20dfeee6b6269697664e42d4b3c73caf2f8baee091a1aec4cb88e128956fb8,artifacts/f095_campaign/D01/scenes_N/scenes.npz,620ea1dc1e443dc6c238317463dc64ab3a9ae05fb592743f3a7d67d7ce17262c,512,d03E,140161d99a424b2d367d4c07c1b00a91c1d35713406c144e33003cf551109d48,1838,0,1838,0,0,0,NO_AUGMENTATION (clean-only inputs); see exact_static_state_duplicates / serialized_static_state_matches,resolved: run_receipt+script_literal+checkpoint_fingerprint; receipt --train=artifacts/discovery_campaign/scenes/train_101; train_source=artifacts/f095_campaign/D01/scenes_N/scenes.npz sha256=620ea1dc1e443dc6...; ckpt mu/sd bit-exact
artifacts/discovery_campaign/r04b_s11/supmine/model.pt,1b671746849bdf8f08554db6837726b649871d19063a563303909a7aa2de5f02,artifacts/f095_campaign/D01/scenes_N/scenes.npz,620ea1dc1e443dc6c238317463dc64ab3a9ae05fb592743f3a7d67d7ce17262c,512,d03E,140161d99a424b2d367d4c07c1b00a91c1d35713406c144e33003cf551109d48,1838,0,1838,0,0,0,AUDITED set=mined_flip n_states=1534; quartet exact_le1e-6=0 near_le1e-4=0 min_linf=0.101; singles exact_le1e-6=0 near_le1e-4=0 min_linf=n/a; byte_identical=0; mined_recomputed_seed=5,resolved: run_receipt+script_literal+checkpoint_fingerprint; receipt --train=artifacts/discovery_campaign/scenes/train_101; train_source=artifacts/f095_campaign/D01/scenes_N/scenes.npz sha256=620ea1dc1e443dc6...; ckpt mu/sd bit-exact
artifacts/discovery_campaign/r04b_s11/flipmine/model.pt,8b566fa3607f03ceb56eba63ed18952f555f00d9e6f2a8c5738f46f4cb8c2688,artifacts/f095_campaign/D01/scenes_N/scenes.npz,620ea1dc1e443dc6c238317463dc64ab3a9ae05fb592743f3a7d67d7ce17262c,512,d03E,140161d99a424b2d367d4c07c1b00a91c1d35713406c144e33003cf551109d48,1838,0,1838,0,0,0,AUDITED set=mined_flip n_states=1534; quartet exact_le1e-6=0 near_le1e-4=0 min_linf=0.101; singles exact_le1e-6=0 near_le1e-4=0 min_linf=n/a; byte_identical=0; mined_recomputed_seed=5,resolved: run_receipt+script_literal+checkpoint_fingerprint; receipt --train=artifacts/discovery_campaign/scenes/train_101; train_source=artifacts/f095_campaign/D01/scenes_N/scenes.npz sha256=620ea1dc1e443dc6...; ckpt mu/sd bit-exact
artifacts/discovery_campaign/r04b_s11/relfeat/model.pt,da47c9293cc0c2500a7a7a70d4ba238300d3047a9a6433e31c9990cd09d8e36d,artifacts/f095_campaign/D01/scenes_N/scenes.npz,620ea1dc1e443dc6c238317463dc64ab3a9ae05fb592743f3a7d67d7ce17262c,512,d03E,140161d99a424b2d367d4c07c1b00a91c1d35713406c144e33003cf551109d48,1838,0,1838,0,0,0,NO_AUGMENTATION (clean-only inputs); see exact_static_state_duplicates / serialized_static_state_matches,resolved: run_receipt+script_literal+checkpoint_fingerprint; receipt --train=artifacts/discovery_campaign/scenes/train_101; train_source=artifacts/f095_campaign/D01/scenes_N/scenes.npz sha256=620ea1dc1e443dc6...; ckpt mu/sd bit-exact
artifacts/discovery_campaign/r04b_s11/fliprand/model.pt,c763fab7e7c7adb7463df8d5088f318202e7018bfcd38aa0ce58adc743036e09,artifacts/f095_campaign/D01/scenes_N/scenes.npz,620ea1dc1e443dc6c238317463dc64ab3a9ae05fb592743f3a7d67d7ce17262c,512,d03E,140161d99a424b2d367d4c07c1b00a91c1d35713406c144e33003cf551109d48,1838,0,1838,0,0,0,AUDITED set=mined_flip n_states=1534; quartet exact_le1e-6=0 near_le1e-4=0 min_linf=0.101; singles exact_le1e-6=0 near_le1e-4=0 min_linf=n/a; byte_identical=0; mined_recomputed_seed=5,resolved: run_receipt+script_literal+checkpoint_fingerprint; receipt --train=artifacts/discovery_campaign/scenes/train_101; train_source=artifacts/f095_campaign/D01/scenes_N/scenes.npz sha256=620ea1dc1e443dc6...; ckpt mu/sd bit-exact
artifacts/discovery_campaign/r04b_s47/clean/model.pt,d50ee48788fbe83b4045f4e6b3f97ee49ce4fbf39bc44f5d498c4fc420769903,artifacts/f095_campaign/D01/scenes_N/scenes.npz,620ea1dc1e443dc6c238317463dc64ab3a9ae05fb592743f3a7d67d7ce17262c,512,d03E,140161d99a424b2d367d4c07c1b00a91c1d35713406c144e33003cf551109d48,1838,0,1838,0,0,0,NO_AUGMENTATION (clean-only inputs); see exact_static_state_duplicates / serialized_static_state_matches,resolved: run_receipt+script_literal+checkpoint_fingerprint; receipt --train=artifacts/discovery_campaign/scenes/train_101; train_source=artifacts/f095_campaign/D01/scenes_N/scenes.npz sha256=620ea1dc1e443dc6...; ckpt mu/sd bit-exact
artifacts/discovery_campaign/r04b_s47/flipmine/model.pt,48dbf9209c6da6aaf213c0a526d54c8a14e2ac3c472d1fa5b34f1768ac658b72,artifacts/f095_campaign/D01/scenes_N/scenes.npz,620ea1dc1e443dc6c238317463dc64ab3a9ae05fb592743f3a7d67d7ce17262c,512,d03E,140161d99a424b2d367d4c07c1b00a91c1d35713406c144e33003cf551109d48,1838,0,1838,0,0,0,AUDITED set=mined_flip n_states=1534; quartet exact_le1e-6=0 near_le1e-4=0 min_linf=0.101; singles exact_le1e-6=0 near_le1e-4=0 min_linf=n/a; byte_identical=0; mined_recomputed_seed=5,resolved: run_receipt+script_literal+checkpoint_fingerprint; receipt --train=artifacts/discovery_campaign/scenes/train_101; train_source=artifacts/f095_campaign/D01/scenes_N/scenes.npz sha256=620ea1dc1e443dc6...; ckpt mu/sd bit-exact
artifacts/discovery_campaign/r04b_s23/clean/model.pt,cf09fd3a9fef6bdc0362640ceaf2ab05244d3058866b306c1ef1e1cc7fa868dd,artifacts/f095_campaign/D01/scenes_N/scenes.npz,620ea1dc1e443dc6c238317463dc64ab3a9ae05fb592743f3a7d67d7ce17262c,512,d03E,140161d99a424b2d367d4c07c1b00a91c1d35713406c144e33003cf551109d48,1838,0,1838,0,0,0,NO_AUGMENTATION (clean-only inputs); see exact_static_state_duplicates / serialized_static_state_matches,resolved: run_receipt+script_literal+checkpoint_fingerprint; receipt --train=artifacts/discovery_campaign/scenes/train_101; train_source=artifacts/f095_campaign/D01/scenes_N/scenes.npz sha256=620ea1dc1e443dc6...; ckpt mu/sd bit-exact
artifacts/discovery_campaign/r04b_s23/flipmine/model.pt,d7051dcc1ef83017e13f94d5c799a87ad5f4a9546a3581e20d4a80db90a55c31,artifacts/f095_campaign/D01/scenes_N/scenes.npz,620ea1dc1e443dc6c238317463dc64ab3a9ae05fb592743f3a7d67d7ce17262c,512,d03E,140161d99a424b2d367d4c07c1b00a91c1d35713406c144e33003cf551109d48,1838,0,1838,0,0,0,AUDITED set=mined_flip n_states=1534; quartet exact_le1e-6=0 near_le1e-4=0 min_linf=0.101; singles exact_le1e-6=0 near_le1e-4=0 min_linf=n/a; byte_identical=0; mined_recomputed_seed=5,resolved: run_receipt+script_literal+checkpoint_fingerprint; receipt --train=artifacts/discovery_campaign/scenes/train_101; train_source=artifacts/f095_campaign/D01/scenes_N/scenes.npz sha256=620ea1dc1e443dc6...; ckpt mu/sd bit-exact
artifacts/discovery_campaign/r04b_s47_relfeat/relfeat/model.pt,6c5ae437b92cd1b36c45f2588c74f1334c154cc4dc4e1b309ee8a4f834a73355,artifacts/f095_campaign/D01/scenes_N/scenes.npz,620ea1dc1e443dc6c238317463dc64ab3a9ae05fb592743f3a7d67d7ce17262c,512,d03E,140161d99a424b2d367d4c07c1b00a91c1d35713406c144e33003cf551109d48,1838,0,1838,0,0,0,NO_AUGMENTATION (clean-only inputs); see exact_static_state_duplicates / serialized_static_state_matches,resolved: run_receipt+script_literal+checkpoint_fingerprint; receipt --train=artifacts/discovery_campaign/scenes/train_101; train_source=artifacts/f095_campaign/D01/scenes_N/scenes.npz sha256=620ea1dc1e443dc6...; ckpt mu/sd bit-exact
artifacts/discovery_campaign/r04b_s23_relfeat/relfeat/model.pt,568392fd1eaf2bd0dcd4bc7608c9aa53045220bfb56d4ea05950456b63157d1e,artifacts/f095_campaign/D01/scenes_N/scenes.npz,620ea1dc1e443dc6c238317463dc64ab3a9ae05fb592743f3a7d67d7ce17262c,512,d03E,140161d99a424b2d367d4c07c1b00a91c1d35713406c144e33003cf551109d48,1838,0,1838,0,0,0,NO_AUGMENTATION (clean-only inputs); see exact_static_state_duplicates / serialized_static_state_matches,resolved: run_receipt+script_literal+checkpoint_fingerprint; receipt --train=artifacts/discovery_campaign/scenes/train_101; train_source=artifacts/f095_campaign/D01/scenes_N/scenes.npz sha256=620ea1dc1e443dc6...; ckpt mu/sd bit-exact
artifacts/next_novelty/relflip/s23/model.pt,32662eb5488e86abfa2d6fbfef872cebc4e13a8e6f63da3f5eef8a3b9a727f06,artifacts/f095_campaign/D01/scenes_N/scenes.npz,620ea1dc1e443dc6c238317463dc64ab3a9ae05fb592743f3a7d67d7ce17262c,512,d03E,140161d99a424b2d367d4c07c1b00a91c1d35713406c144e33003cf551109d48,1838,0,1838,0,0,0,AUDITED set=mined_flip n_states=1534; quartet exact_le1e-6=0 near_le1e-4=0 min_linf=0.101; singles exact_le1e-6=0 near_le1e-4=0 min_linf=n/a; byte_identical=0; mined_recomputed_seed=5,resolved: run_receipt+script_literal+checkpoint_fingerprint; train_source=artifacts/f095_campaign/D01/scenes_N/scenes.npz sha256=620ea1dc1e443dc6...; ckpt mu/sd bit-exact
artifacts/next_novelty/relflip/s47/model.pt,c9f2be9c33102033e12b85060d71e5812b67525375a069e2c2c750cc8cf98d4d,artifacts/f095_campaign/D01/scenes_N/scenes.npz,620ea1dc1e443dc6c238317463dc64ab3a9ae05fb592743f3a7d67d7ce17262c,512,d03E,140161d99a424b2d367d4c07c1b00a91c1d35713406c144e33003cf551109d48,1838,0,1838,0,0,0,AUDITED set=mined_flip n_states=1534; quartet exact_le1e-6=0 near_le1e-4=0 min_linf=0.101; singles exact_le1e-6=0 near_le1e-4=0 min_linf=n/a; byte_identical=0; mined_recomputed_seed=5,resolved: run_receipt+script_literal+checkpoint_fingerprint; train_source=artifacts/f095_campaign/D01/scenes_N/scenes.npz sha256=620ea1dc1e443dc6...; ckpt mu/sd bit-exact
artifacts/next_novelty/relflip/s11/model.pt,dca6fb715bfcfde662eed5a5876872c0c6f4aa96e0e6bbc49ec5e1eec81a1d54,artifacts/f095_campaign/D01/scenes_N/scenes.npz,620ea1dc1e443dc6c238317463dc64ab3a9ae05fb592743f3a7d67d7ce17262c,512,d03E,140161d99a424b2d367d4c07c1b00a91c1d35713406c144e33003cf551109d48,1838,0,1838,0,0,0,AUDITED set=mined_flip n_states=1534; quartet exact_le1e-6=0 near_le1e-4=0 min_linf=0.101; singles exact_le1e-6=0 near_le1e-4=0 min_linf=n/a; byte_identical=0; mined_recomputed_seed=5,resolved: run_receipt+script_literal+checkpoint_fingerprint; train_source=artifacts/f095_campaign/D01/scenes_N/scenes.npz sha256=620ea1dc1e443dc6...; ckpt mu/sd bit-exact
artifacts/f095_campaign/D01/rel_4N_s47/clean/model.pt,6cf4f405d9e1cfac042cf6713189fb3f4bb8f66712120a455d6456a32094f192,artifacts/f095_campaign/D01/scenes_4N/scenes.npz,ae12d7d2443203214d1a1b6e6c0a259704d5a2a78dd3372c3eba05c56b325c96,2048,d03E,140161d99a424b2d367d4c07c1b00a91c1d35713406c144e33003cf551109d48,1838,391,1447,0,0,0,NO_AUGMENTATION (clean-only inputs); see exact_static_state_duplicates / serialized_static_state_matches,resolved: run_manifest+checkpoint_fingerprint; train_source=artifacts/f095_campaign/D01/scenes_4N/scenes.npz sha256=ae12d7d244320321...; ckpt mu/sd bit-exact
artifacts/f095_campaign/D01/rel_4N_s47/flipmine/model.pt,8c99173a91caa6d289185cc828dc21cd6f5e02ce0eed04819db56a9e8c1cdcc7,artifacts/f095_campaign/D01/scenes_4N/scenes.npz,ae12d7d2443203214d1a1b6e6c0a259704d5a2a78dd3372c3eba05c56b325c96,2048,d03E,140161d99a424b2d367d4c07c1b00a91c1d35713406c144e33003cf551109d48,1838,391,1447,0,0,0,AUDITED set=mined_flip n_states=6390; quartet exact_le1e-6=0 near_le1e-4=0 min_linf=0.0388; singles exact_le1e-6=0 near_le1e-4=0 min_linf=n/a; byte_identical=0; mined_recomputed_seed=5,resolved: run_manifest+checkpoint_fingerprint; train_source=artifacts/f095_campaign/D01/scenes_4N/scenes.npz sha256=ae12d7d244320321...; ckpt mu/sd bit-exact
artifacts/f095_campaign/D01/w256_4N_s11/clean/model.pt,3db6ff937d37b42f3956bb62c4e4f225a4b02a6d40fba2b214ee0fa074575c1e,artifacts/f095_campaign/D01/scenes_4N/scenes.npz,ae12d7d2443203214d1a1b6e6c0a259704d5a2a78dd3372c3eba05c56b325c96,2048,d03E,140161d99a424b2d367d4c07c1b00a91c1d35713406c144e33003cf551109d48,1838,391,1447,0,0,0,NO_AUGMENTATION (clean-only inputs); see exact_static_state_duplicates / serialized_static_state_matches,resolved: run_manifest+checkpoint_fingerprint; train_source=artifacts/f095_campaign/D01/scenes_4N/scenes.npz sha256=ae12d7d244320321...; ckpt mu/sd bit-exact
artifacts/f095_campaign/D01/w256_4N_s11/flipmine/model.pt,e5a1706eb8f3a312c8108dcb547cd24bddbcdd135426e5470766fbf09cb3cd5a,artifacts/f095_campaign/D01/scenes_4N/scenes.npz,ae12d7d2443203214d1a1b6e6c0a259704d5a2a78dd3372c3eba05c56b325c96,2048,d03E,140161d99a424b2d367d4c07c1b00a91c1d35713406c144e33003cf551109d48,1838,391,1447,0,0,0,AUDITED set=mined_flip n_states=6390; quartet exact_le1e-6=0 near_le1e-4=0 min_linf=0.0388; singles exact_le1e-6=0 near_le1e-4=0 min_linf=n/a; byte_identical=0; mined_recomputed_seed=5,resolved: run_manifest+checkpoint_fingerprint; train_source=artifacts/f095_campaign/D01/scenes_4N/scenes.npz sha256=ae12d7d244320321...; ckpt mu/sd bit-exact
artifacts/f095_campaign/D01/rel_4N_s23/clean/model.pt,06d8c0a64358834f93bfdcbc3d8f17688428f0a9879cbb4c2a5a2416b367d015,artifacts/f095_campaign/D01/scenes_4N/scenes.npz,ae12d7d2443203214d1a1b6e6c0a259704d5a2a78dd3372c3eba05c56b325c96,2048,d03E,140161d99a424b2d367d4c07c1b00a91c1d35713406c144e33003cf551109d48,1838,391,1447,0,0,0,NO_AUGMENTATION (clean-only inputs); see exact_static_state_duplicates / serialized_static_state_matches,resolved: run_manifest+checkpoint_fingerprint; train_source=artifacts/f095_campaign/D01/scenes_4N/scenes.npz sha256=ae12d7d244320321...; ckpt mu/sd bit-exact
artifacts/f095_campaign/D01/rel_4N_s23/flipmine/model.pt,82760dd8683a56dfacbbe90486c0217cd61327da75d7a1342031234db32e1610,artifacts/f095_campaign/D01/scenes_4N/scenes.npz,ae12d7d2443203214d1a1b6e6c0a259704d5a2a78dd3372c3eba05c56b325c96,2048,d03E,140161d99a424b2d367d4c07c1b00a91c1d35713406c144e33003cf551109d48,1838,391,1447,0,0,0,AUDITED set=mined_flip n_states=6390; quartet exact_le1e-6=0 near_le1e-4=0 min_linf=0.0388; singles exact_le1e-6=0 near_le1e-4=0 min_linf=n/a; byte_identical=0; mined_recomputed_seed=5,resolved: run_manifest+checkpoint_fingerprint; train_source=artifacts/f095_campaign/D01/scenes_4N/scenes.npz sha256=ae12d7d244320321...; ckpt mu/sd bit-exact
artifacts/f095_campaign/D01/w256_4N_s47/clean/model.pt,7a65181d3213e04e97f1e931cb6ea8e89267457e5d301dfb50d8f4cdea8d101e,artifacts/f095_campaign/D01/scenes_4N/scenes.npz,ae12d7d2443203214d1a1b6e6c0a259704d5a2a78dd3372c3eba05c56b325c96,2048,d03E,140161d99a424b2d367d4c07c1b00a91c1d35713406c144e33003cf551109d48,1838,391,1447,0,0,0,NO_AUGMENTATION (clean-only inputs); see exact_static_state_duplicates / serialized_static_state_matches,resolved: run_manifest+checkpoint_fingerprint; train_source=artifacts/f095_campaign/D01/scenes_4N/scenes.npz sha256=ae12d7d244320321...; ckpt mu/sd bit-exact
artifacts/f095_campaign/D01/w256_4N_s47/flipmine/model.pt,75f05a77d2a5f82e95e6bed0e7bb82d579c770729bcacec838df99503340c347,artifacts/f095_campaign/D01/scenes_4N/scenes.npz,ae12d7d2443203214d1a1b6e6c0a259704d5a2a78dd3372c3eba05c56b325c96,2048,d03E,140161d99a424b2d367d4c07c1b00a91c1d35713406c144e33003cf551109d48,1838,391,1447,0,0,0,AUDITED set=mined_flip n_states=6390; quartet exact_le1e-6=0 near_le1e-4=0 min_linf=0.0388; singles exact_le1e-6=0 near_le1e-4=0 min_linf=n/a; byte_identical=0; mined_recomputed_seed=5,resolved: run_manifest+checkpoint_fingerprint; train_source=artifacts/f095_campaign/D01/scenes_4N/scenes.npz sha256=ae12d7d244320321...; ckpt mu/sd bit-exact
artifacts/f095_campaign/D01/w256_4N_s23/clean/model.pt,4110cf05245aaba7b141d3a9512b0670906a3368e85fa4967d9d40535299b6db,artifacts/f095_campaign/D01/scenes_4N/scenes.npz,ae12d7d2443203214d1a1b6e6c0a259704d5a2a78dd3372c3eba05c56b325c96,2048,d03E,140161d99a424b2d367d4c07c1b00a91c1d35713406c144e33003cf551109d48,1838,391,1447,0,0,0,NO_AUGMENTATION (clean-only inputs); see exact_static_state_duplicates / serialized_static_state_matches,resolved: run_manifest+checkpoint_fingerprint; train_source=artifacts/f095_campaign/D01/scenes_4N/scenes.npz sha256=ae12d7d244320321...; ckpt mu/sd bit-exact
artifacts/f095_campaign/D01/w256_4N_s23/flipmine/model.pt,81c705f0230d7b1969b9cb3cf8a3d2ad9b7f26ab5277356211b2fd50df7f54d6,artifacts/f095_campaign/D01/scenes_4N/scenes.npz,ae12d7d2443203214d1a1b6e6c0a259704d5a2a78dd3372c3eba05c56b325c96,2048,d03E,140161d99a424b2d367d4c07c1b00a91c1d35713406c144e33003cf551109d48,1838,391,1447,0,0,0,AUDITED set=mined_flip n_states=6390; quartet exact_le1e-6=0 near_le1e-4=0 min_linf=0.0388; singles exact_le1e-6=0 near_le1e-4=0 min_linf=n/a; byte_identical=0; mined_recomputed_seed=5,resolved: run_manifest+checkpoint_fingerprint; train_source=artifacts/f095_campaign/D01/scenes_4N/scenes.npz sha256=ae12d7d244320321...; ckpt mu/sd bit-exact
artifacts/f095_campaign/D01/rel_4N_s11/clean/model.pt,c06becc74d48a25834f9b08dec83be1050c3da82093e3b47c392afb0c27a0573,artifacts/f095_campaign/D01/scenes_4N/scenes.npz,ae12d7d2443203214d1a1b6e6c0a259704d5a2a78dd3372c3eba05c56b325c96,2048,d03E,140161d99a424b2d367d4c07c1b00a91c1d35713406c144e33003cf551109d48,1838,391,1447,0,0,0,NO_AUGMENTATION (clean-only inputs); see exact_static_state_duplicates / serialized_static_state_matches,resolved: run_manifest+checkpoint_fingerprint; train_source=artifacts/f095_campaign/D01/scenes_4N/scenes.npz sha256=ae12d7d244320321...; ckpt mu/sd bit-exact
artifacts/f095_campaign/D01/rel_4N_s11/flipmine/model.pt,7f9d3b534595fec2e368e327098301bcc4ba14ea2e7fa72f6c34f519320a60b3,artifacts/f095_campaign/D01/scenes_4N/scenes.npz,ae12d7d2443203214d1a1b6e6c0a259704d5a2a78dd3372c3eba05c56b325c96,2048,d03E,140161d99a424b2d367d4c07c1b00a91c1d35713406c144e33003cf551109d48,1838,391,1447,0,0,0,AUDITED set=mined_flip n_states=6390; quartet exact_le1e-6=0 near_le1e-4=0 min_linf=0.0388; singles exact_le1e-6=0 near_le1e-4=0 min_linf=n/a; byte_identical=0; mined_recomputed_seed=5,resolved: run_manifest+checkpoint_fingerprint; train_source=artifacts/f095_campaign/D01/scenes_4N/scenes.npz sha256=ae12d7d244320321...; ckpt mu/sd bit-exact
artifacts/f095_campaign/U07/six_4N_s11/clean/model.pt,b340bd07f1a0b824e2fe3001f8327e14941ff7c562493fe42db3d5c28eb5f1f0,artifacts/f095_campaign/D01/scenes_4N/scenes.npz,ae12d7d2443203214d1a1b6e6c0a259704d5a2a78dd3372c3eba05c56b325c96,2048,d03E,140161d99a424b2d367d4c07c1b00a91c1d35713406c144e33003cf551109d48,1838,391,1447,0,0,0,NO_AUGMENTATION (clean-only inputs); see exact_static_state_duplicates / serialized_static_state_matches,resolved: run_manifest+checkpoint_fingerprint; train_source=artifacts/f095_campaign/D01/scenes_4N/scenes.npz sha256=ae12d7d244320321...; ckpt mu/sd bit-exact
artifacts/f095_campaign/U07/six_4N_s11/flipmine/model.pt,31b5a0f583df01fd8b030c97f7b0b8dc2fe72e324353834dfc1655df5058fe60,artifacts/f095_campaign/D01/scenes_4N/scenes.npz,ae12d7d2443203214d1a1b6e6c0a259704d5a2a78dd3372c3eba05c56b325c96,2048,d03E,140161d99a424b2d367d4c07c1b00a91c1d35713406c144e33003cf551109d48,1838,391,1447,0,0,0,AUDITED set=mined_flip n_states=6390; quartet exact_le1e-6=0 near_le1e-4=0 min_linf=0.0388; singles exact_le1e-6=0 near_le1e-4=0 min_linf=n/a; byte_identical=0; mined_recomputed_seed=5,resolved: run_manifest+checkpoint_fingerprint; train_source=artifacts/f095_campaign/D01/scenes_4N/scenes.npz sha256=ae12d7d244320321...; ckpt mu/sd bit-exact
artifacts/f095_campaign/U07/six_4N_s11/flip_fx/model.pt,a0a64360ed2e2d4198e3af60ebed7ee702e72c4a599d1fbd6333158b08eb98cc,artifacts/f095_campaign/D01/scenes_4N/scenes.npz,ae12d7d2443203214d1a1b6e6c0a259704d5a2a78dd3372c3eba05c56b325c96,2048,d03E,140161d99a424b2d367d4c07c1b00a91c1d35713406c144e33003cf551109d48,1838,391,1447,0,0,0,AUDITED set=mined_flip n_states=6390; quartet exact_le1e-6=0 near_le1e-4=0 min_linf=0.0388; singles exact_le1e-6=0 near_le1e-4=0 min_linf=n/a; byte_identical=0; mined_recomputed_seed=5,resolved: run_manifest+checkpoint_fingerprint; train_source=artifacts/f095_campaign/D01/scenes_4N/scenes.npz sha256=ae12d7d244320321...; ckpt mu/sd bit-exact
artifacts/f095_campaign/U07/raw_4N_f25_s47/flip_fx/model.pt,e48d44f428ba942baf4d9b9b425f8844ad4b1dc44c5b71b7781a3f509701fd98,artifacts/f095_campaign/D01/scenes_4N/scenes.npz,ae12d7d2443203214d1a1b6e6c0a259704d5a2a78dd3372c3eba05c56b325c96,2048,d03E,140161d99a424b2d367d4c07c1b00a91c1d35713406c144e33003cf551109d48,1838,391,1447,0,0,0,AUDITED set=mined_flip n_states=6390; quartet exact_le1e-6=0 near_le1e-4=0 min_linf=0.0388; singles exact_le1e-6=0 near_le1e-4=0 min_linf=n/a; byte_identical=0; mined_recomputed_seed=5,resolved: run_manifest+checkpoint_fingerprint; train_source=artifacts/f095_campaign/D01/scenes_4N/scenes.npz sha256=ae12d7d244320321...; ckpt mu/sd bit-exact
artifacts/f095_campaign/U07/raw_4N_full_s11/flipmine/model.pt,243db903f1db7f53d26691f4426fccfd9527e2cc05d539d70d69cb8c753686f7,artifacts/f095_campaign/D01/scenes_4N/scenes.npz,ae12d7d2443203214d1a1b6e6c0a259704d5a2a78dd3372c3eba05c56b325c96,2048,d03E,140161d99a424b2d367d4c07c1b00a91c1d35713406c144e33003cf551109d48,1838,391,1447,0,0,0,AUDITED set=mined_flip n_states=6390; quartet exact_le1e-6=0 near_le1e-4=0 min_linf=0.0388; singles exact_le1e-6=0 near_le1e-4=0 min_linf=n/a; byte_identical=0; mined_recomputed_seed=5,resolved: run_manifest+checkpoint_fingerprint; train_source=artifacts/f095_campaign/D01/scenes_4N/scenes.npz sha256=ae12d7d244320321...; ckpt mu/sd bit-exact
artifacts/f095_campaign/U07/raw_4N_full_s23/flipmine/model.pt,24e5f32332e5693f4c4873371429dd1ea2da3372c1be70efae527a89e0c8a377,artifacts/f095_campaign/D01/scenes_4N/scenes.npz,ae12d7d2443203214d1a1b6e6c0a259704d5a2a78dd3372c3eba05c56b325c96,2048,d03E,140161d99a424b2d367d4c07c1b00a91c1d35713406c144e33003cf551109d48,1838,391,1447,0,0,0,AUDITED set=mined_flip n_states=6390; quartet exact_le1e-6=0 near_le1e-4=0 min_linf=0.0388; singles exact_le1e-6=0 near_le1e-4=0 min_linf=n/a; byte_identical=0; mined_recomputed_seed=5,resolved: run_manifest+checkpoint_fingerprint; train_source=artifacts/f095_campaign/D01/scenes_4N/scenes.npz sha256=ae12d7d244320321...; ckpt mu/sd bit-exact
artifacts/f095_campaign/U07/six_4N_s47/clean/model.pt,6ebe65b3e4b01b3c9a3b80d5800c77c278e3c13e556b21366a57c36303b52ae8,artifacts/f095_campaign/D01/scenes_4N/scenes.npz,ae12d7d2443203214d1a1b6e6c0a259704d5a2a78dd3372c3eba05c56b325c96,2048,d03E,140161d99a424b2d367d4c07c1b00a91c1d35713406c144e33003cf551109d48,1838,391,1447,0,0,0,NO_AUGMENTATION (clean-only inputs); see exact_static_state_duplicates / serialized_static_state_matches,resolved: run_manifest+checkpoint_fingerprint; train_source=artifacts/f095_campaign/D01/scenes_4N/scenes.npz sha256=ae12d7d244320321...; ckpt mu/sd bit-exact
artifacts/f095_campaign/U07/six_4N_s47/flipmine/model.pt,b3470617b831c2f485d53073a50ecbcebc2410a247cfb0ac10cb9dbb8f95685f,artifacts/f095_campaign/D01/scenes_4N/scenes.npz,ae12d7d2443203214d1a1b6e6c0a259704d5a2a78dd3372c3eba05c56b325c96,2048,d03E,140161d99a424b2d367d4c07c1b00a91c1d35713406c144e33003cf551109d48,1838,391,1447,0,0,0,AUDITED set=mined_flip n_states=6390; quartet exact_le1e-6=0 near_le1e-4=0 min_linf=0.0388; singles exact_le1e-6=0 near_le1e-4=0 min_linf=n/a; byte_identical=0; mined_recomputed_seed=5,resolved: run_manifest+checkpoint_fingerprint; train_source=artifacts/f095_campaign/D01/scenes_4N/scenes.npz sha256=ae12d7d244320321...; ckpt mu/sd bit-exact
artifacts/f095_campaign/U07/six_4N_s47/flip_fx/model.pt,a4e7f36ffe28b4d169cab1f4af9b0904229b236440a7f470dfb1ae908e6e559e,artifacts/f095_campaign/D01/scenes_4N/scenes.npz,ae12d7d2443203214d1a1b6e6c0a259704d5a2a78dd3372c3eba05c56b325c96,2048,d03E,140161d99a424b2d367d4c07c1b00a91c1d35713406c144e33003cf551109d48,1838,391,1447,0,0,0,AUDITED set=mined_flip n_states=6390; quartet exact_le1e-6=0 near_le1e-4=0 min_linf=0.0388; singles exact_le1e-6=0 near_le1e-4=0 min_linf=n/a; byte_identical=0; mined_recomputed_seed=5,resolved: run_manifest+checkpoint_fingerprint; train_source=artifacts/f095_campaign/D01/scenes_4N/scenes.npz sha256=ae12d7d244320321...; ckpt mu/sd bit-exact
artifacts/f095_campaign/U07/six_4N_s23/clean/model.pt,c538734e009ba926cea7d360b06c58fa868a833baca1fe8e4056dda6a1432142,artifacts/f095_campaign/D01/scenes_4N/scenes.npz,ae12d7d2443203214d1a1b6e6c0a259704d5a2a78dd3372c3eba05c56b325c96,2048,d03E,140161d99a424b2d367d4c07c1b00a91c1d35713406c144e33003cf551109d48,1838,391,1447,0,0,0,NO_AUGMENTATION (clean-only inputs); see exact_static_state_duplicates / serialized_static_state_matches,resolved: run_manifest+checkpoint_fingerprint; train_source=artifacts/f095_campaign/D01/scenes_4N/scenes.npz sha256=ae12d7d244320321...; ckpt mu/sd bit-exact
artifacts/f095_campaign/U07/six_4N_s23/flipmine/model.pt,637afdbea7cdfb589903be350ce4397990bd94ad09b41f77f17a598d66b7a791,artifacts/f095_campaign/D01/scenes_4N/scenes.npz,ae12d7d2443203214d1a1b6e6c0a259704d5a2a78dd3372c3eba05c56b325c96,2048,d03E,140161d99a424b2d367d4c07c1b00a91c1d35713406c144e33003cf551109d48,1838,391,1447,0,0,0,AUDITED set=mined_flip n_states=6390; quartet exact_le1e-6=0 near_le1e-4=0 min_linf=0.0388; singles exact_le1e-6=0 near_le1e-4=0 min_linf=n/a; byte_identical=0; mined_recomputed_seed=5,resolved: run_manifest+checkpoint_fingerprint; train_source=artifacts/f095_campaign/D01/scenes_4N/scenes.npz sha256=ae12d7d244320321...; ckpt mu/sd bit-exact
artifacts/f095_campaign/U07/six_4N_s23/flip_fx/model.pt,f26d540be1222660347742f21eb11c6b94b402c4e11dfd39712425d592239b2d,artifacts/f095_campaign/D01/scenes_4N/scenes.npz,ae12d7d2443203214d1a1b6e6c0a259704d5a2a78dd3372c3eba05c56b325c96,2048,d03E,140161d99a424b2d367d4c07c1b00a91c1d35713406c144e33003cf551109d48,1838,391,1447,0,0,0,AUDITED set=mined_flip n_states=6390; quartet exact_le1e-6=0 near_le1e-4=0 min_linf=0.0388; singles exact_le1e-6=0 near_le1e-4=0 min_linf=n/a; byte_identical=0; mined_recomputed_seed=5,resolved: run_manifest+checkpoint_fingerprint; train_source=artifacts/f095_campaign/D01/scenes_4N/scenes.npz sha256=ae12d7d244320321...; ckpt mu/sd bit-exact
artifacts/f095_campaign/U07/raw_4N_f25_s11/flip_fx/model.pt,e0d1c94ca24d798314cf95528ae87aef74c47647f5c911fe1f6276a07351be6c,artifacts/f095_campaign/D01/scenes_4N/scenes.npz,ae12d7d2443203214d1a1b6e6c0a259704d5a2a78dd3372c3eba05c56b325c96,2048,d03E,140161d99a424b2d367d4c07c1b00a91c1d35713406c144e33003cf551109d48,1838,391,1447,0,0,0,AUDITED set=mined_flip n_states=6390; quartet exact_le1e-6=0 near_le1e-4=0 min_linf=0.0388; singles exact_le1e-6=0 near_le1e-4=0 min_linf=n/a; byte_identical=0; mined_recomputed_seed=5,resolved: run_manifest+checkpoint_fingerprint; train_source=artifacts/f095_campaign/D01/scenes_4N/scenes.npz sha256=ae12d7d244320321...; ckpt mu/sd bit-exact
artifacts/f095_campaign/U07/raw_4N_full_s47/flipmine/model.pt,f5c2286414a03a08b005e214025c62c7bf6d5984781a3e85604b7f9a8793105e,artifacts/f095_campaign/D01/scenes_4N/scenes.npz,ae12d7d2443203214d1a1b6e6c0a259704d5a2a78dd3372c3eba05c56b325c96,2048,d03E,140161d99a424b2d367d4c07c1b00a91c1d35713406c144e33003cf551109d48,1838,391,1447,0,0,0,AUDITED set=mined_flip n_states=6390; quartet exact_le1e-6=0 near_le1e-4=0 min_linf=0.0388; singles exact_le1e-6=0 near_le1e-4=0 min_linf=n/a; byte_identical=0; mined_recomputed_seed=5,resolved: run_manifest+checkpoint_fingerprint; train_source=artifacts/f095_campaign/D01/scenes_4N/scenes.npz sha256=ae12d7d244320321...; ckpt mu/sd bit-exact
artifacts/f095_campaign/U07/raw_4N_f25_s23/flip_fx/model.pt,cb883be4d8cd3f683f48338fefac95e0ec4918faabb439f68b842ac903f088a0,artifacts/f095_campaign/D01/scenes_4N/scenes.npz,ae12d7d2443203214d1a1b6e6c0a259704d5a2a78dd3372c3eba05c56b325c96,2048,d03E,140161d99a424b2d367d4c07c1b00a91c1d35713406c144e33003cf551109d48,1838,391,1447,0,0,0,AUDITED set=mined_flip n_states=6390; quartet exact_le1e-6=0 near_le1e-4=0 min_linf=0.0388; singles exact_le1e-6=0 near_le1e-4=0 min_linf=n/a; byte_identical=0; mined_recomputed_seed=5,resolved: run_manifest+checkpoint_fingerprint; train_source=artifacts/f095_campaign/D01/scenes_4N/scenes.npz sha256=ae12d7d244320321...; ckpt mu/sd bit-exact
artifacts/f095_campaign/D01/w256_16N_s11/clean/model.pt,526217afee45144737b9f499cb68d8264e9a1c8958c5e98868a629bc31075a08,artifacts/f095_campaign/D01/scenes_16N/scenes.npz,5b3d2cf87e6ea45cbf376b3a04442a80870aa09267f27b181d99a104cd1d85b0,8192,d03E,140161d99a424b2d367d4c07c1b00a91c1d35713406c144e33003cf551109d48,1838,1838,0,0,0,0,NO_AUGMENTATION (clean-only inputs); see exact_static_state_duplicates / serialized_static_state_matches,resolved: run_manifest+checkpoint_fingerprint; train_source=artifacts/f095_campaign/D01/scenes_16N/scenes.npz sha256=5b3d2cf87e6ea45c...; ckpt mu/sd bit-exact
artifacts/f095_campaign/D01/w256_16N_s11/flipmine/model.pt,ab40169e8141d8e312ade0aea41f67552201980c70e769ddc602550338fa43ab,artifacts/f095_campaign/D01/scenes_16N/scenes.npz,5b3d2cf87e6ea45cbf376b3a04442a80870aa09267f27b181d99a104cd1d85b0,8192,d03E,140161d99a424b2d367d4c07c1b00a91c1d35713406c144e33003cf551109d48,1838,1838,0,0,0,0,AUDITED set=mined_flip n_states=26120; quartet exact_le1e-6=0 near_le1e-4=0 min_linf=0.0131; singles exact_le1e-6=0 near_le1e-4=0 min_linf=n/a; byte_identical=0; mined_recomputed_seed=5,resolved: run_manifest+checkpoint_fingerprint; train_source=artifacts/f095_campaign/D01/scenes_16N/scenes.npz sha256=5b3d2cf87e6ea45c...; ckpt mu/sd bit-exact
artifacts/f095_campaign/D01/w256_16N_s47/clean/model.pt,d0d6d7f5e92f14e4e08d2e9295a4a99c263f416558b7de5475e391afedf76b81,artifacts/f095_campaign/D01/scenes_16N/scenes.npz,5b3d2cf87e6ea45cbf376b3a04442a80870aa09267f27b181d99a104cd1d85b0,8192,d03E,140161d99a424b2d367d4c07c1b00a91c1d35713406c144e33003cf551109d48,1838,1838,0,0,0,0,NO_AUGMENTATION (clean-only inputs); see exact_static_state_duplicates / serialized_static_state_matches,resolved: run_manifest+checkpoint_fingerprint; train_source=artifacts/f095_campaign/D01/scenes_16N/scenes.npz sha256=5b3d2cf87e6ea45c...; ckpt mu/sd bit-exact
artifacts/f095_campaign/D01/w256_16N_s47/flipmine/model.pt,5e33a1b4cd19da895b8d5b33611b688920152bdb747190037da7c6eca144ef99,artifacts/f095_campaign/D01/scenes_16N/scenes.npz,5b3d2cf87e6ea45cbf376b3a04442a80870aa09267f27b181d99a104cd1d85b0,8192,d03E,140161d99a424b2d367d4c07c1b00a91c1d35713406c144e33003cf551109d48,1838,1838,0,0,0,0,AUDITED set=mined_flip n_states=26120; quartet exact_le1e-6=0 near_le1e-4=0 min_linf=0.0131; singles exact_le1e-6=0 near_le1e-4=0 min_linf=n/a; byte_identical=0; mined_recomputed_seed=5,resolved: run_manifest+checkpoint_fingerprint; train_source=artifacts/f095_campaign/D01/scenes_16N/scenes.npz sha256=5b3d2cf87e6ea45c...; ckpt mu/sd bit-exact
artifacts/f095_campaign/D01/w256_16N_s23/clean/model.pt,68e0f2da0632313a6883dc0dbcd821d886950278f96699163df19e3070e42253,artifacts/f095_campaign/D01/scenes_16N/scenes.npz,5b3d2cf87e6ea45cbf376b3a04442a80870aa09267f27b181d99a104cd1d85b0,8192,d03E,140161d99a424b2d367d4c07c1b00a91c1d35713406c144e33003cf551109d48,1838,1838,0,0,0,0,NO_AUGMENTATION (clean-only inputs); see exact_static_state_duplicates / serialized_static_state_matches,resolved: run_manifest+checkpoint_fingerprint; train_source=artifacts/f095_campaign/D01/scenes_16N/scenes.npz sha256=5b3d2cf87e6ea45c...; ckpt mu/sd bit-exact
artifacts/f095_campaign/D01/w256_16N_s23/flipmine/model.pt,102f25688234d689c4e54d224e29f42cc7c7faf74f45f0a4ad94dde8a60a7ba0,artifacts/f095_campaign/D01/scenes_16N/scenes.npz,5b3d2cf87e6ea45cbf376b3a04442a80870aa09267f27b181d99a104cd1d85b0,8192,d03E,140161d99a424b2d367d4c07c1b00a91c1d35713406c144e33003cf551109d48,1838,1838,0,0,0,0,AUDITED set=mined_flip n_states=26120; quartet exact_le1e-6=0 near_le1e-4=0 min_linf=0.0131; singles exact_le1e-6=0 near_le1e-4=0 min_linf=n/a; byte_identical=0; mined_recomputed_seed=5,resolved: run_manifest+checkpoint_fingerprint; train_source=artifacts/f095_campaign/D01/scenes_16N/scenes.npz sha256=5b3d2cf87e6ea45c...; ckpt mu/sd bit-exact
artifacts/f095_campaign/D01/w512_s23/clean/model.pt,630bd37324e96f7ad833ea9fd7dba40f9beea993fdb392183584838543fce48a,artifacts/f095_campaign/D01/scenes_N/scenes.npz,620ea1dc1e443dc6c238317463dc64ab3a9ae05fb592743f3a7d67d7ce17262c,512,d09fresh665,d184fc57a3e9609397de6161791de269b8d51899b5da14428536715e14ff453a,236,0,236,0,0,0,NO_AUGMENTATION (clean-only inputs); see exact_static_state_duplicates / serialized_static_state_matches,resolved: run_manifest+checkpoint_fingerprint; train_source=artifacts/f095_campaign/D01/scenes_N/scenes.npz sha256=620ea1dc1e443dc6...; ckpt mu/sd bit-exact
artifacts/f095_campaign/D01/w512_s23/flipmine/model.pt,a8aef8bbd7356e06ccddc4abd51ebf664108bebb7587b2ca96a27f0d78f8c108,artifacts/f095_campaign/D01/scenes_N/scenes.npz,620ea1dc1e443dc6c238317463dc64ab3a9ae05fb592743f3a7d67d7ce17262c,512,d09fresh665,d184fc57a3e9609397de6161791de269b8d51899b5da14428536715e14ff453a,236,0,236,0,0,0,AUDITED set=mined_flip n_states=1534; quartet exact_le1e-6=0 near_le1e-4=0 min_linf=0.136; singles exact_le1e-6=0 near_le1e-4=0 min_linf=0.109; byte_identical=0; mined_recomputed_seed=5,resolved: run_manifest+checkpoint_fingerprint; train_source=artifacts/f095_campaign/D01/scenes_N/scenes.npz sha256=620ea1dc1e443dc6...; ckpt mu/sd bit-exact
artifacts/f095_campaign/D01/w256_s47/clean/model.pt,ec05af11668e85cea2894370a8f9e53226a35dc0fe912701d432b0bfb8bb7274,artifacts/f095_campaign/D01/scenes_N/scenes.npz,620ea1dc1e443dc6c238317463dc64ab3a9ae05fb592743f3a7d67d7ce17262c,512,d09fresh665,d184fc57a3e9609397de6161791de269b8d51899b5da14428536715e14ff453a,236,0,236,0,0,0,NO_AUGMENTATION (clean-only inputs); see exact_static_state_duplicates / serialized_static_state_matches,resolved: run_manifest+checkpoint_fingerprint; train_source=artifacts/f095_campaign/D01/scenes_N/scenes.npz sha256=620ea1dc1e443dc6...; ckpt mu/sd bit-exact
artifacts/f095_campaign/D01/w256_s47/flipmine/model.pt,2109ef097527272c387ce24c678933b911790e32ddee3d14ebbf7bec71e89142,artifacts/f095_campaign/D01/scenes_N/scenes.npz,620ea1dc1e443dc6c238317463dc64ab3a9ae05fb592743f3a7d67d7ce17262c,512,d09fresh665,d184fc57a3e9609397de6161791de269b8d51899b5da14428536715e14ff453a,236,0,236,0,0,0,AUDITED set=mined_flip n_states=1534; quartet exact_le1e-6=0 near_le1e-4=0 min_linf=0.136; singles exact_le1e-6=0 near_le1e-4=0 min_linf=0.109; byte_identical=0; mined_recomputed_seed=5,resolved: run_manifest+checkpoint_fingerprint; train_source=artifacts/f095_campaign/D01/scenes_N/scenes.npz sha256=620ea1dc1e443dc6...; ckpt mu/sd bit-exact
artifacts/f095_campaign/D01/w256_s11/clean/model.pt,9b74883539a28fb0cc5efe2b64f3bf4ab88f9c76d06f18950bae79d0d7af89b2,artifacts/f095_campaign/D01/scenes_N/scenes.npz,620ea1dc1e443dc6c238317463dc64ab3a9ae05fb592743f3a7d67d7ce17262c,512,d09fresh665,d184fc57a3e9609397de6161791de269b8d51899b5da14428536715e14ff453a,236,0,236,0,0,0,NO_AUGMENTATION (clean-only inputs); see exact_static_state_duplicates / serialized_static_state_matches,resolved: run_manifest+checkpoint_fingerprint; train_source=artifacts/f095_campaign/D01/scenes_N/scenes.npz sha256=620ea1dc1e443dc6...; ckpt mu/sd bit-exact
artifacts/f095_campaign/D01/w256_s11/flipmine/model.pt,7dc096aaf72bfdf1b05c30e3f0677fc83f05fe41816f4dd18bf6b6093905e0f4,artifacts/f095_campaign/D01/scenes_N/scenes.npz,620ea1dc1e443dc6c238317463dc64ab3a9ae05fb592743f3a7d67d7ce17262c,512,d09fresh665,d184fc57a3e9609397de6161791de269b8d51899b5da14428536715e14ff453a,236,0,236,0,0,0,AUDITED set=mined_flip n_states=1534; quartet exact_le1e-6=0 near_le1e-4=0 min_linf=0.136; singles exact_le1e-6=0 near_le1e-4=0 min_linf=0.109; byte_identical=0; mined_recomputed_seed=5,resolved: run_manifest+checkpoint_fingerprint; train_source=artifacts/f095_campaign/D01/scenes_N/scenes.npz sha256=620ea1dc1e443dc6...; ckpt mu/sd bit-exact
artifacts/f095_campaign/D01/w512_s11/clean/model.pt,58a51e45df79ae2cb17e70b4e348cc46dd850f3d377e2f508da60794041d6c9d,artifacts/f095_campaign/D01/scenes_N/scenes.npz,620ea1dc1e443dc6c238317463dc64ab3a9ae05fb592743f3a7d67d7ce17262c,512,d09fresh665,d184fc57a3e9609397de6161791de269b8d51899b5da14428536715e14ff453a,236,0,236,0,0,0,NO_AUGMENTATION (clean-only inputs); see exact_static_state_duplicates / serialized_static_state_matches,resolved: run_manifest+checkpoint_fingerprint; train_source=artifacts/f095_campaign/D01/scenes_N/scenes.npz sha256=620ea1dc1e443dc6...; ckpt mu/sd bit-exact
artifacts/f095_campaign/D01/w512_s11/flipmine/model.pt,93f533fa6feba927222533996ad246b1a0e0e97d26537999a78ef8468c0a65b6,artifacts/f095_campaign/D01/scenes_N/scenes.npz,620ea1dc1e443dc6c238317463dc64ab3a9ae05fb592743f3a7d67d7ce17262c,512,d09fresh665,d184fc57a3e9609397de6161791de269b8d51899b5da14428536715e14ff453a,236,0,236,0,0,0,AUDITED set=mined_flip n_states=1534; quartet exact_le1e-6=0 near_le1e-4=0 min_linf=0.136; singles exact_le1e-6=0 near_le1e-4=0 min_linf=0.109; byte_identical=0; mined_recomputed_seed=5,resolved: run_manifest+checkpoint_fingerprint; train_source=artifacts/f095_campaign/D01/scenes_N/scenes.npz sha256=620ea1dc1e443dc6...; ckpt mu/sd bit-exact
artifacts/f095_campaign/D01/w256_s23/clean/model.pt,855d4d4daf764a490029ef5aff28208e05297a385af49e9dd9c887a7e0e9c984,artifacts/f095_campaign/D01/scenes_N/scenes.npz,620ea1dc1e443dc6c238317463dc64ab3a9ae05fb592743f3a7d67d7ce17262c,512,d09fresh665,d184fc57a3e9609397de6161791de269b8d51899b5da14428536715e14ff453a,236,0,236,0,0,0,NO_AUGMENTATION (clean-only inputs); see exact_static_state_duplicates / serialized_static_state_matches,resolved: run_manifest+checkpoint_fingerprint; train_source=artifacts/f095_campaign/D01/scenes_N/scenes.npz sha256=620ea1dc1e443dc6...; ckpt mu/sd bit-exact
artifacts/f095_campaign/D01/w256_s23/flipmine/model.pt,f3f98d75acc04ed67353ed147564c3d77b83456865f07382fdfb24975755e7e5,artifacts/f095_campaign/D01/scenes_N/scenes.npz,620ea1dc1e443dc6c238317463dc64ab3a9ae05fb592743f3a7d67d7ce17262c,512,d09fresh665,d184fc57a3e9609397de6161791de269b8d51899b5da14428536715e14ff453a,236,0,236,0,0,0,AUDITED set=mined_flip n_states=1534; quartet exact_le1e-6=0 near_le1e-4=0 min_linf=0.136; singles exact_le1e-6=0 near_le1e-4=0 min_linf=0.109; byte_identical=0; mined_recomputed_seed=5,resolved: run_manifest+checkpoint_fingerprint; train_source=artifacts/f095_campaign/D01/scenes_N/scenes.npz sha256=620ea1dc1e443dc6...; ckpt mu/sd bit-exact
artifacts/f095_campaign/D01/w512_s47/clean/model.pt,5819d14ed683e1436c09f639d47bc09c65f2507b98d4b207c2a315adf339f935,artifacts/f095_campaign/D01/scenes_N/scenes.npz,620ea1dc1e443dc6c238317463dc64ab3a9ae05fb592743f3a7d67d7ce17262c,512,d09fresh665,d184fc57a3e9609397de6161791de269b8d51899b5da14428536715e14ff453a,236,0,236,0,0,0,NO_AUGMENTATION (clean-only inputs); see exact_static_state_duplicates / serialized_static_state_matches,resolved: run_manifest+checkpoint_fingerprint; train_source=artifacts/f095_campaign/D01/scenes_N/scenes.npz sha256=620ea1dc1e443dc6...; ckpt mu/sd bit-exact
artifacts/f095_campaign/D01/w512_s47/flipmine/model.pt,0eb6dbec47821621b62a84c14bae971f578647ca59866fade4c9f217e87161fd,artifacts/f095_campaign/D01/scenes_N/scenes.npz,620ea1dc1e443dc6c238317463dc64ab3a9ae05fb592743f3a7d67d7ce17262c,512,d09fresh665,d184fc57a3e9609397de6161791de269b8d51899b5da14428536715e14ff453a,236,0,236,0,0,0,AUDITED set=mined_flip n_states=1534; quartet exact_le1e-6=0 near_le1e-4=0 min_linf=0.136; singles exact_le1e-6=0 near_le1e-4=0 min_linf=0.109; byte_identical=0; mined_recomputed_seed=5,resolved: run_manifest+checkpoint_fingerprint; train_source=artifacts/f095_campaign/D01/scenes_N/scenes.npz sha256=620ea1dc1e443dc6...; ckpt mu/sd bit-exact
artifacts/f095_campaign/D02/aug_rep_s47/clean/model.pt,691976405fc5436b04f2180c3debec12e3c4129338c77a3eae74bb1ac5121000,artifacts/f095_campaign/D01/scenes_N/scenes.npz,620ea1dc1e443dc6c238317463dc64ab3a9ae05fb592743f3a7d67d7ce17262c,512,d09fresh665,d184fc57a3e9609397de6161791de269b8d51899b5da14428536715e14ff453a,236,0,236,0,0,0,NO_AUGMENTATION (clean-only inputs); see exact_static_state_duplicates / serialized_static_state_matches,resolved: run_manifest+checkpoint_fingerprint; train_source=artifacts/f095_campaign/D01/scenes_N/scenes.npz sha256=620ea1dc1e443dc6...; ckpt mu/sd bit-exact
artifacts/f095_campaign/D02/aug_rep_s47/flipmine/model.pt,c8c5d8499652368bd2e31fc6f8c43302120a3c55897e1c7a039f95c952b2fde6,artifacts/f095_campaign/D01/scenes_N/scenes.npz,620ea1dc1e443dc6c238317463dc64ab3a9ae05fb592743f3a7d67d7ce17262c,512,d09fresh665,d184fc57a3e9609397de6161791de269b8d51899b5da14428536715e14ff453a,236,0,236,0,0,0,AUDITED set=mined_flip n_states=1534; quartet exact_le1e-6=0 near_le1e-4=0 min_linf=0.136; singles exact_le1e-6=0 near_le1e-4=0 min_linf=0.109; byte_identical=0; mined_recomputed_seed=5,resolved: run_manifest+checkpoint_fingerprint; train_source=artifacts/f095_campaign/D01/scenes_N/scenes.npz sha256=620ea1dc1e443dc6...; ckpt mu/sd bit-exact
artifacts/f095_campaign/D02/aug_rep_s23/clean/model.pt,9af402eb511f7b6cb5a22f109e7f257bca793474155c825c42048c30b2672bef,artifacts/f095_campaign/D01/scenes_N/scenes.npz,620ea1dc1e443dc6c238317463dc64ab3a9ae05fb592743f3a7d67d7ce17262c,512,d09fresh665,d184fc57a3e9609397de6161791de269b8d51899b5da14428536715e14ff453a,236,0,236,0,0,0,NO_AUGMENTATION (clean-only inputs); see exact_static_state_duplicates / serialized_static_state_matches,resolved: run_manifest+checkpoint_fingerprint; train_source=artifacts/f095_campaign/D01/scenes_N/scenes.npz sha256=620ea1dc1e443dc6...; ckpt mu/sd bit-exact
artifacts/f095_campaign/D02/aug_rep_s23/flipmine/model.pt,b68335f8191280b79d69c35fe29fe1fbaac1f8a61ce40a84ea700343494ee6e3,artifacts/f095_campaign/D01/scenes_N/scenes.npz,620ea1dc1e443dc6c238317463dc64ab3a9ae05fb592743f3a7d67d7ce17262c,512,d09fresh665,d184fc57a3e9609397de6161791de269b8d51899b5da14428536715e14ff453a,236,0,236,0,0,0,AUDITED set=mined_flip n_states=1534; quartet exact_le1e-6=0 near_le1e-4=0 min_linf=0.136; singles exact_le1e-6=0 near_le1e-4=0 min_linf=0.109; byte_identical=0; mined_recomputed_seed=5,resolved: run_manifest+checkpoint_fingerprint; train_source=artifacts/f095_campaign/D01/scenes_N/scenes.npz sha256=620ea1dc1e443dc6...; ckpt mu/sd bit-exact
artifacts/f095_campaign/D02/aug_g8_s11/clean/model.pt,0d031d4efed829bf637e58289d0237ed142800006f5dc2070c29ce4896cf711f,artifacts/f095_campaign/D01/scenes_N/scenes.npz,620ea1dc1e443dc6c238317463dc64ab3a9ae05fb592743f3a7d67d7ce17262c,512,d09fresh665,d184fc57a3e9609397de6161791de269b8d51899b5da14428536715e14ff453a,236,0,236,0,0,0,AUDITED set=g8_orbit_clean n_states=4096; quartet exact_le1e-6=0 near_le1e-4=0 min_linf=0.106; singles exact_le1e-6=0 near_le1e-4=0 min_linf=0.0891; byte_identical=0; G8 role-permutation orbit (superset of the 300-epoch draws),resolved: run_manifest+checkpoint_fingerprint; train_source=artifacts/f095_campaign/D01/scenes_N/scenes.npz sha256=620ea1dc1e443dc6...; ckpt mu/sd bit-exact
artifacts/f095_campaign/D02/aug_g8_s11/flipmine/model.pt,eb56de222649d7e4331254f98316bc7e48fbee711a05aeeaed69d1a1670365e8,artifacts/f095_campaign/D01/scenes_N/scenes.npz,620ea1dc1e443dc6c238317463dc64ab3a9ae05fb592743f3a7d67d7ce17262c,512,d09fresh665,d184fc57a3e9609397de6161791de269b8d51899b5da14428536715e14ff453a,236,0,236,0,0,0,AUDITED set=g8_orbit_clean+g8_orbit_mined n_states=16368; quartet exact_le1e-6=0 near_le1e-4=0 min_linf=0.0878; singles exact_le1e-6=0 near_le1e-4=0 min_linf=0.0605; byte_identical=0; G8 role-permutation orbit (superset of the 300-epoch draws),resolved: run_manifest+checkpoint_fingerprint; train_source=artifacts/f095_campaign/D01/scenes_N/scenes.npz sha256=620ea1dc1e443dc6...; ckpt mu/sd bit-exact
artifacts/f095_campaign/D02/aug_rep_s11/clean/model.pt,c0c7c0995e23f43a629ca3df6eb75febcebd4faf4030118b093d34cbcd43979a,artifacts/f095_campaign/D01/scenes_N/scenes.npz,620ea1dc1e443dc6c238317463dc64ab3a9ae05fb592743f3a7d67d7ce17262c,512,d09fresh665,d184fc57a3e9609397de6161791de269b8d51899b5da14428536715e14ff453a,236,0,236,0,0,0,NO_AUGMENTATION (clean-only inputs); see exact_static_state_duplicates / serialized_static_state_matches,resolved: run_manifest+checkpoint_fingerprint; train_source=artifacts/f095_campaign/D01/scenes_N/scenes.npz sha256=620ea1dc1e443dc6...; ckpt mu/sd bit-exact
artifacts/f095_campaign/D02/aug_rep_s11/flipmine/model.pt,802157b331b0f37813e9ac0ab75c1077ff1f7f5f03156694329903577f1222d2,artifacts/f095_campaign/D01/scenes_N/scenes.npz,620ea1dc1e443dc6c238317463dc64ab3a9ae05fb592743f3a7d67d7ce17262c,512,d09fresh665,d184fc57a3e9609397de6161791de269b8d51899b5da14428536715e14ff453a,236,0,236,0,0,0,AUDITED set=mined_flip n_states=1534; quartet exact_le1e-6=0 near_le1e-4=0 min_linf=0.136; singles exact_le1e-6=0 near_le1e-4=0 min_linf=0.109; byte_identical=0; mined_recomputed_seed=5,resolved: run_manifest+checkpoint_fingerprint; train_source=artifacts/f095_campaign/D01/scenes_N/scenes.npz sha256=620ea1dc1e443dc6...; ckpt mu/sd bit-exact
artifacts/f095_campaign/D02/aug_g8_s23/clean/model.pt,f063c6ac5fa258cb5597b65faaefd8bc867a17a073eee3c403e7ceaa66549fce,artifacts/f095_campaign/D01/scenes_N/scenes.npz,620ea1dc1e443dc6c238317463dc64ab3a9ae05fb592743f3a7d67d7ce17262c,512,d09fresh665,d184fc57a3e9609397de6161791de269b8d51899b5da14428536715e14ff453a,236,0,236,0,0,0,AUDITED set=g8_orbit_clean n_states=4096; quartet exact_le1e-6=0 near_le1e-4=0 min_linf=0.106; singles exact_le1e-6=0 near_le1e-4=0 min_linf=0.0891; byte_identical=0; G8 role-permutation orbit (superset of the 300-epoch draws),resolved: run_manifest+checkpoint_fingerprint; train_source=artifacts/f095_campaign/D01/scenes_N/scenes.npz sha256=620ea1dc1e443dc6...; ckpt mu/sd bit-exact
artifacts/f095_campaign/D02/aug_g8_s23/flipmine/model.pt,23b71046c4c5b6ab5440f8876379fdee599e621157a6e46c52bd1f8b51537351,artifacts/f095_campaign/D01/scenes_N/scenes.npz,620ea1dc1e443dc6c238317463dc64ab3a9ae05fb592743f3a7d67d7ce17262c,512,d09fresh665,d184fc57a3e9609397de6161791de269b8d51899b5da14428536715e14ff453a,236,0,236,0,0,0,AUDITED set=g8_orbit_clean+g8_orbit_mined n_states=16368; quartet exact_le1e-6=0 near_le1e-4=0 min_linf=0.0878; singles exact_le1e-6=0 near_le1e-4=0 min_linf=0.0605; byte_identical=0; G8 role-permutation orbit (superset of the 300-epoch draws),resolved: run_manifest+checkpoint_fingerprint; train_source=artifacts/f095_campaign/D01/scenes_N/scenes.npz sha256=620ea1dc1e443dc6...; ckpt mu/sd bit-exact
artifacts/f095_campaign/D02/aug_g8_s47/clean/model.pt,5f973682efa1a4562b64b15350a1e117547268b3e122656ccdd0ece789d2c3b0,artifacts/f095_campaign/D01/scenes_N/scenes.npz,620ea1dc1e443dc6c238317463dc64ab3a9ae05fb592743f3a7d67d7ce17262c,512,d09fresh665,d184fc57a3e9609397de6161791de269b8d51899b5da14428536715e14ff453a,236,0,236,0,0,0,AUDITED set=g8_orbit_clean n_states=4096; quartet exact_le1e-6=0 near_le1e-4=0 min_linf=0.106; singles exact_le1e-6=0 near_le1e-4=0 min_linf=0.0891; byte_identical=0; G8 role-permutation orbit (superset of the 300-epoch draws),resolved: run_manifest+checkpoint_fingerprint; train_source=artifacts/f095_campaign/D01/scenes_N/scenes.npz sha256=620ea1dc1e443dc6...; ckpt mu/sd bit-exact
artifacts/f095_campaign/D02/aug_g8_s47/flipmine/model.pt,e0f82b33f152a1a10fb634f4e0f97396fe3e1516fe5a81649d6e5b02f5726e5d,artifacts/f095_campaign/D01/scenes_N/scenes.npz,620ea1dc1e443dc6c238317463dc64ab3a9ae05fb592743f3a7d67d7ce17262c,512,d09fresh665,d184fc57a3e9609397de6161791de269b8d51899b5da14428536715e14ff453a,236,0,236,0,0,0,AUDITED set=g8_orbit_clean+g8_orbit_mined n_states=16368; quartet exact_le1e-6=0 near_le1e-4=0 min_linf=0.0878; singles exact_le1e-6=0 near_le1e-4=0 min_linf=0.0605; byte_identical=0; G8 role-permutation orbit (superset of the 300-epoch draws),resolved: run_manifest+checkpoint_fingerprint; train_source=artifacts/f095_campaign/D01/scenes_N/scenes.npz sha256=620ea1dc1e443dc6...; ckpt mu/sd bit-exact
artifacts/f095_campaign/U01/typed_w64_s23/clean/model.pt,3683673c058376014e31bccff04b21e28bf252acbf542990498e4f1a0137c576,artifacts/f095_campaign/D01/scenes_N/scenes.npz,620ea1dc1e443dc6c238317463dc64ab3a9ae05fb592743f3a7d67d7ce17262c,512,d09fresh665,d184fc57a3e9609397de6161791de269b8d51899b5da14428536715e14ff453a,236,0,236,0,0,0,NO_AUGMENTATION (clean-only inputs); see exact_static_state_duplicates / serialized_static_state_matches,resolved: run_manifest+checkpoint_fingerprint; train_source=artifacts/f095_campaign/D01/scenes_N/scenes.npz sha256=620ea1dc1e443dc6...; ckpt mu/sd bit-exact
artifacts/f095_campaign/U01/typed_w64_s23/flipmine/model.pt,d8cedf6c6255e93c2cb3a70be1cc65fece980f7d3445c2fb472b541810acd11c,artifacts/f095_campaign/D01/scenes_N/scenes.npz,620ea1dc1e443dc6c238317463dc64ab3a9ae05fb592743f3a7d67d7ce17262c,512,d09fresh665,d184fc57a3e9609397de6161791de269b8d51899b5da14428536715e14ff453a,236,0,236,0,0,0,AUDITED set=mined_flip n_states=1534; quartet exact_le1e-6=0 near_le1e-4=0 min_linf=0.136; singles exact_le1e-6=0 near_le1e-4=0 min_linf=0.109; byte_identical=0; mined_recomputed_seed=5,resolved: run_manifest+checkpoint_fingerprint; train_source=artifacts/f095_campaign/D01/scenes_N/scenes.npz sha256=620ea1dc1e443dc6...; ckpt mu/sd bit-exact
artifacts/f095_campaign/U01/typed_w64_s47/clean/model.pt,1851adfbbfba346e25895f72e1d3a9379eb482f21c04acd08aa9d064225d0671,artifacts/f095_campaign/D01/scenes_N/scenes.npz,620ea1dc1e443dc6c238317463dc64ab3a9ae05fb592743f3a7d67d7ce17262c,512,d09fresh665,d184fc57a3e9609397de6161791de269b8d51899b5da14428536715e14ff453a,236,0,236,0,0,0,NO_AUGMENTATION (clean-only inputs); see exact_static_state_duplicates / serialized_static_state_matches,resolved: run_manifest+checkpoint_fingerprint; train_source=artifacts/f095_campaign/D01/scenes_N/scenes.npz sha256=620ea1dc1e443dc6...; ckpt mu/sd bit-exact
artifacts/f095_campaign/U01/typed_w64_s47/flipmine/model.pt,1b6b2c4ea0663ef866d09cd949dd05326e04e958806e2f820b2b943141f604f1,artifacts/f095_campaign/D01/scenes_N/scenes.npz,620ea1dc1e443dc6c238317463dc64ab3a9ae05fb592743f3a7d67d7ce17262c,512,d09fresh665,d184fc57a3e9609397de6161791de269b8d51899b5da14428536715e14ff453a,236,0,236,0,0,0,AUDITED set=mined_flip n_states=1534; quartet exact_le1e-6=0 near_le1e-4=0 min_linf=0.136; singles exact_le1e-6=0 near_le1e-4=0 min_linf=0.109; byte_identical=0; mined_recomputed_seed=5,resolved: run_manifest+checkpoint_fingerprint; train_source=artifacts/f095_campaign/D01/scenes_N/scenes.npz sha256=620ea1dc1e443dc6...; ckpt mu/sd bit-exact
artifacts/f095_campaign/U01/typed_w64_s11/clean/model.pt,9d457e56d83ee2b6f785429caa9387838df99dc89e1b9c19bbb99d3043cb25fd,artifacts/f095_campaign/D01/scenes_N/scenes.npz,620ea1dc1e443dc6c238317463dc64ab3a9ae05fb592743f3a7d67d7ce17262c,512,d09fresh665,d184fc57a3e9609397de6161791de269b8d51899b5da14428536715e14ff453a,236,0,236,0,0,0,NO_AUGMENTATION (clean-only inputs); see exact_static_state_duplicates / serialized_static_state_matches,resolved: run_manifest+checkpoint_fingerprint; train_source=artifacts/f095_campaign/D01/scenes_N/scenes.npz sha256=620ea1dc1e443dc6...; ckpt mu/sd bit-exact
artifacts/f095_campaign/U01/typed_w64_s11/flipmine/model.pt,aa5e18b748265e1cc157bab63ef2b109488928cf139ab6232ae89cbf0020e41b,artifacts/f095_campaign/D01/scenes_N/scenes.npz,620ea1dc1e443dc6c238317463dc64ab3a9ae05fb592743f3a7d67d7ce17262c,512,d09fresh665,d184fc57a3e9609397de6161791de269b8d51899b5da14428536715e14ff453a,236,0,236,0,0,0,AUDITED set=mined_flip n_states=1534; quartet exact_le1e-6=0 near_le1e-4=0 min_linf=0.136; singles exact_le1e-6=0 near_le1e-4=0 min_linf=0.109; byte_identical=0; mined_recomputed_seed=5,resolved: run_manifest+checkpoint_fingerprint; train_source=artifacts/f095_campaign/D01/scenes_N/scenes.npz sha256=620ea1dc1e443dc6...; ckpt mu/sd bit-exact
artifacts/f095_campaign/U02/sixdist_w64_s47/clean/model.pt,9d9b0f8ad5c04ff2b7bbd8f0bb60bb9e83e4ed05ce65d22efbad34006b1708e5,artifacts/f095_campaign/D01/scenes_N/scenes.npz,620ea1dc1e443dc6c238317463dc64ab3a9ae05fb592743f3a7d67d7ce17262c,512,d09fresh665,d184fc57a3e9609397de6161791de269b8d51899b5da14428536715e14ff453a,236,0,236,0,0,0,NO_AUGMENTATION (clean-only inputs); see exact_static_state_duplicates / serialized_static_state_matches,resolved: run_manifest+checkpoint_fingerprint; train_source=artifacts/f095_campaign/D01/scenes_N/scenes.npz sha256=620ea1dc1e443dc6...; ckpt mu/sd bit-exact
artifacts/f095_campaign/U02/sixdist_w64_s47/flipmine/model.pt,36528c59a5e3cefbd493b20720cffc886ecf8035d356f553a1411b3780b3052d,artifacts/f095_campaign/D01/scenes_N/scenes.npz,620ea1dc1e443dc6c238317463dc64ab3a9ae05fb592743f3a7d67d7ce17262c,512,d09fresh665,d184fc57a3e9609397de6161791de269b8d51899b5da14428536715e14ff453a,236,0,236,0,0,0,AUDITED set=mined_flip n_states=1534; quartet exact_le1e-6=0 near_le1e-4=0 min_linf=0.136; singles exact_le1e-6=0 near_le1e-4=0 min_linf=0.109; byte_identical=0; mined_recomputed_seed=5,resolved: run_manifest+checkpoint_fingerprint; train_source=artifacts/f095_campaign/D01/scenes_N/scenes.npz sha256=620ea1dc1e443dc6...; ckpt mu/sd bit-exact
artifacts/f095_campaign/U02/concat_w64_s47/clean/model.pt,66cd83a51eb81f4a89434411e9ce26b2b26e5d92c5c27944d82525267bd7216c,artifacts/f095_campaign/D01/scenes_N/scenes.npz,620ea1dc1e443dc6c238317463dc64ab3a9ae05fb592743f3a7d67d7ce17262c,512,d09fresh665,d184fc57a3e9609397de6161791de269b8d51899b5da14428536715e14ff453a,236,0,236,0,0,0,NO_AUGMENTATION (clean-only inputs); see exact_static_state_duplicates / serialized_static_state_matches,resolved: run_manifest+checkpoint_fingerprint; train_source=artifacts/f095_campaign/D01/scenes_N/scenes.npz sha256=620ea1dc1e443dc6...; ckpt mu/sd bit-exact
artifacts/f095_campaign/U02/concat_w64_s47/flipmine/model.pt,33fa4df2a341fcab7e2a3cef58b31ad027b81d281f409443ab7afad33e638d80,artifacts/f095_campaign/D01/scenes_N/scenes.npz,620ea1dc1e443dc6c238317463dc64ab3a9ae05fb592743f3a7d67d7ce17262c,512,d09fresh665,d184fc57a3e9609397de6161791de269b8d51899b5da14428536715e14ff453a,236,0,236,0,0,0,AUDITED set=mined_flip n_states=1534; quartet exact_le1e-6=0 near_le1e-4=0 min_linf=0.136; singles exact_le1e-6=0 near_le1e-4=0 min_linf=0.109; byte_identical=0; mined_recomputed_seed=5,resolved: run_manifest+checkpoint_fingerprint; train_source=artifacts/f095_campaign/D01/scenes_N/scenes.npz sha256=620ea1dc1e443dc6...; ckpt mu/sd bit-exact
artifacts/f095_campaign/U02/sixdist_w64_s23/clean/model.pt,94e39b5419d1011b1a85fe373174107ae40795c1f495263639033a84e1b22f20,artifacts/f095_campaign/D01/scenes_N/scenes.npz,620ea1dc1e443dc6c238317463dc64ab3a9ae05fb592743f3a7d67d7ce17262c,512,d09fresh665,d184fc57a3e9609397de6161791de269b8d51899b5da14428536715e14ff453a,236,0,236,0,0,0,NO_AUGMENTATION (clean-only inputs); see exact_static_state_duplicates / serialized_static_state_matches,resolved: run_manifest+checkpoint_fingerprint; train_source=artifacts/f095_campaign/D01/scenes_N/scenes.npz sha256=620ea1dc1e443dc6...; ckpt mu/sd bit-exact
artifacts/f095_campaign/U02/sixdist_w64_s23/flipmine/model.pt,6f30c2fb0bd9776119c524baeab8da45b8dd02fbea666b0dda0ebff5fa954210,artifacts/f095_campaign/D01/scenes_N/scenes.npz,620ea1dc1e443dc6c238317463dc64ab3a9ae05fb592743f3a7d67d7ce17262c,512,d09fresh665,d184fc57a3e9609397de6161791de269b8d51899b5da14428536715e14ff453a,236,0,236,0,0,0,AUDITED set=mined_flip n_states=1534; quartet exact_le1e-6=0 near_le1e-4=0 min_linf=0.136; singles exact_le1e-6=0 near_le1e-4=0 min_linf=0.109; byte_identical=0; mined_recomputed_seed=5,resolved: run_manifest+checkpoint_fingerprint; train_source=artifacts/f095_campaign/D01/scenes_N/scenes.npz sha256=620ea1dc1e443dc6...; ckpt mu/sd bit-exact
artifacts/f095_campaign/U02/concat_w64_s11/clean/model.pt,cbfbb320acc7c5a3c67a9eeadc2a193f127960a372b352590620f8c72fa844ae,artifacts/f095_campaign/D01/scenes_N/scenes.npz,620ea1dc1e443dc6c238317463dc64ab3a9ae05fb592743f3a7d67d7ce17262c,512,d09fresh665,d184fc57a3e9609397de6161791de269b8d51899b5da14428536715e14ff453a,236,0,236,0,0,0,NO_AUGMENTATION (clean-only inputs); see exact_static_state_duplicates / serialized_static_state_matches,resolved: run_manifest+checkpoint_fingerprint; train_source=artifacts/f095_campaign/D01/scenes_N/scenes.npz sha256=620ea1dc1e443dc6...; ckpt mu/sd bit-exact
artifacts/f095_campaign/U02/concat_w64_s11/flipmine/model.pt,4947e5fb2d9ead8a33637597bd37334ae1e46e6b7f720763c5a9e4d0d9dca292,artifacts/f095_campaign/D01/scenes_N/scenes.npz,620ea1dc1e443dc6c238317463dc64ab3a9ae05fb592743f3a7d67d7ce17262c,512,d09fresh665,d184fc57a3e9609397de6161791de269b8d51899b5da14428536715e14ff453a,236,0,236,0,0,0,AUDITED set=mined_flip n_states=1534; quartet exact_le1e-6=0 near_le1e-4=0 min_linf=0.136; singles exact_le1e-6=0 near_le1e-4=0 min_linf=0.109; byte_identical=0; mined_recomputed_seed=5,resolved: run_manifest+checkpoint_fingerprint; train_source=artifacts/f095_campaign/D01/scenes_N/scenes.npz sha256=620ea1dc1e443dc6...; ckpt mu/sd bit-exact
artifacts/f095_campaign/U02/concat_w64_s23/clean/model.pt,902d806f8b9fd0258de67ab6d884c0a2de9c1edd91ec377c317fc77daee78d44,artifacts/f095_campaign/D01/scenes_N/scenes.npz,620ea1dc1e443dc6c238317463dc64ab3a9ae05fb592743f3a7d67d7ce17262c,512,d09fresh665,d184fc57a3e9609397de6161791de269b8d51899b5da14428536715e14ff453a,236,0,236,0,0,0,NO_AUGMENTATION (clean-only inputs); see exact_static_state_duplicates / serialized_static_state_matches,resolved: run_manifest+checkpoint_fingerprint; train_source=artifacts/f095_campaign/D01/scenes_N/scenes.npz sha256=620ea1dc1e443dc6...; ckpt mu/sd bit-exact
artifacts/f095_campaign/U02/concat_w64_s23/flipmine/model.pt,aeb128c92d7e754bb438d01a266bdcfadb7964cb093abce441e6411a8dd04863,artifacts/f095_campaign/D01/scenes_N/scenes.npz,620ea1dc1e443dc6c238317463dc64ab3a9ae05fb592743f3a7d67d7ce17262c,512,d09fresh665,d184fc57a3e9609397de6161791de269b8d51899b5da14428536715e14ff453a,236,0,236,0,0,0,AUDITED set=mined_flip n_states=1534; quartet exact_le1e-6=0 near_le1e-4=0 min_linf=0.136; singles exact_le1e-6=0 near_le1e-4=0 min_linf=0.109; byte_identical=0; mined_recomputed_seed=5,resolved: run_manifest+checkpoint_fingerprint; train_source=artifacts/f095_campaign/D01/scenes_N/scenes.npz sha256=620ea1dc1e443dc6...; ckpt mu/sd bit-exact
artifacts/f095_campaign/U02/sixdist_w64_s11/clean/model.pt,1a43ff12356b3f6446e39613e99a6dff6004bba831f6828069a5f72db7cb6ac8,artifacts/f095_campaign/D01/scenes_N/scenes.npz,620ea1dc1e443dc6c238317463dc64ab3a9ae05fb592743f3a7d67d7ce17262c,512,d09fresh665,d184fc57a3e9609397de6161791de269b8d51899b5da14428536715e14ff453a,236,0,236,0,0,0,NO_AUGMENTATION (clean-only inputs); see exact_static_state_duplicates / serialized_static_state_matches,resolved: run_manifest+checkpoint_fingerprint; train_source=artifacts/f095_campaign/D01/scenes_N/scenes.npz sha256=620ea1dc1e443dc6...; ckpt mu/sd bit-exact
artifacts/f095_campaign/U02/sixdist_w64_s11/flipmine/model.pt,1db4b6f01bc1b8f696399a52835d118bdd5fa3b5c8df59c48f09d26bf6b436d4,artifacts/f095_campaign/D01/scenes_N/scenes.npz,620ea1dc1e443dc6c238317463dc64ab3a9ae05fb592743f3a7d67d7ce17262c,512,d09fresh665,d184fc57a3e9609397de6161791de269b8d51899b5da14428536715e14ff453a,236,0,236,0,0,0,AUDITED set=mined_flip n_states=1534; quartet exact_le1e-6=0 near_le1e-4=0 min_linf=0.136; singles exact_le1e-6=0 near_le1e-4=0 min_linf=0.109; byte_identical=0; mined_recomputed_seed=5,resolved: run_manifest+checkpoint_fingerprint; train_source=artifacts/f095_campaign/D01/scenes_N/scenes.npz sha256=620ea1dc1e443dc6...; ckpt mu/sd bit-exact
artifacts/f095_campaign/U07/six_N_f25_s11/flip_fx/model.pt,66f7264934acc2f9b34dfed5f3578ed8eca6dc5bf34b1c58dbe8c0c8169aee31,artifacts/f095_campaign/D01/scenes_N/scenes.npz,620ea1dc1e443dc6c238317463dc64ab3a9ae05fb592743f3a7d67d7ce17262c,512,d09fresh665,d184fc57a3e9609397de6161791de269b8d51899b5da14428536715e14ff453a,236,0,236,0,0,0,AUDITED set=mined_flip n_states=1534; quartet exact_le1e-6=0 near_le1e-4=0 min_linf=0.136; singles exact_le1e-6=0 near_le1e-4=0 min_linf=0.109; byte_identical=0; mined_recomputed_seed=5,resolved: run_manifest+checkpoint_fingerprint; train_source=artifacts/f095_campaign/D01/scenes_N/scenes.npz sha256=620ea1dc1e443dc6...; ckpt mu/sd bit-exact
artifacts/f095_campaign/U07/raw_N_f25_s11/flip_fx/model.pt,4de85f20966d7acce03f7fff844c9933c2f8bd0a3767d1fee2999e80cf26e028,artifacts/f095_campaign/D01/scenes_N/scenes.npz,620ea1dc1e443dc6c238317463dc64ab3a9ae05fb592743f3a7d67d7ce17262c,512,d09fresh665,d184fc57a3e9609397de6161791de269b8d51899b5da14428536715e14ff453a,236,0,236,0,0,0,AUDITED set=mined_flip n_states=1534; quartet exact_le1e-6=0 near_le1e-4=0 min_linf=0.136; singles exact_le1e-6=0 near_le1e-4=0 min_linf=0.109; byte_identical=0; mined_recomputed_seed=5,resolved: run_manifest+checkpoint_fingerprint; train_source=artifacts/f095_campaign/D01/scenes_N/scenes.npz sha256=620ea1dc1e443dc6...; ckpt mu/sd bit-exact
artifacts/f095_campaign/U07/six_N_f25_s47/flip_fx/model.pt,d7a2a3dcae4ae3c755afdd3201b0730dd81ae667b7446ebe0d32a05cf94b59e5,artifacts/f095_campaign/D01/scenes_N/scenes.npz,620ea1dc1e443dc6c238317463dc64ab3a9ae05fb592743f3a7d67d7ce17262c,512,d09fresh665,d184fc57a3e9609397de6161791de269b8d51899b5da14428536715e14ff453a,236,0,236,0,0,0,AUDITED set=mined_flip n_states=1534; quartet exact_le1e-6=0 near_le1e-4=0 min_linf=0.136; singles exact_le1e-6=0 near_le1e-4=0 min_linf=0.109; byte_identical=0; mined_recomputed_seed=5,resolved: run_manifest+checkpoint_fingerprint; train_source=artifacts/f095_campaign/D01/scenes_N/scenes.npz sha256=620ea1dc1e443dc6...; ckpt mu/sd bit-exact
artifacts/f095_campaign/U07/six_N_f25_s23/flip_fx/model.pt,7edca2a3fa0edcb3f110878a813150dd4000852db8035cb40f12b72be371e62b,artifacts/f095_campaign/D01/scenes_N/scenes.npz,620ea1dc1e443dc6c238317463dc64ab3a9ae05fb592743f3a7d67d7ce17262c,512,d09fresh665,d184fc57a3e9609397de6161791de269b8d51899b5da14428536715e14ff453a,236,0,236,0,0,0,AUDITED set=mined_flip n_states=1534; quartet exact_le1e-6=0 near_le1e-4=0 min_linf=0.136; singles exact_le1e-6=0 near_le1e-4=0 min_linf=0.109; byte_identical=0; mined_recomputed_seed=5,resolved: run_manifest+checkpoint_fingerprint; train_source=artifacts/f095_campaign/D01/scenes_N/scenes.npz sha256=620ea1dc1e443dc6...; ckpt mu/sd bit-exact
artifacts/f095_campaign/U07/raw_N_f25_s23/flip_fx/model.pt,f5f06f64b60ebbf2e93388884807b11a40e7b9442130944ead49bde413da90b9,artifacts/f095_campaign/D01/scenes_N/scenes.npz,620ea1dc1e443dc6c238317463dc64ab3a9ae05fb592743f3a7d67d7ce17262c,512,d09fresh665,d184fc57a3e9609397de6161791de269b8d51899b5da14428536715e14ff453a,236,0,236,0,0,0,AUDITED set=mined_flip n_states=1534; quartet exact_le1e-6=0 near_le1e-4=0 min_linf=0.136; singles exact_le1e-6=0 near_le1e-4=0 min_linf=0.109; byte_identical=0; mined_recomputed_seed=5,resolved: run_manifest+checkpoint_fingerprint; train_source=artifacts/f095_campaign/D01/scenes_N/scenes.npz sha256=620ea1dc1e443dc6...; ckpt mu/sd bit-exact
artifacts/f095_campaign/U07/raw_N_f25_s47/flip_fx/model.pt,d5cd13d4e39485125932a327b3a16cd910e88c7608df05272e4db2b12e5f3444,artifacts/f095_campaign/D01/scenes_N/scenes.npz,620ea1dc1e443dc6c238317463dc64ab3a9ae05fb592743f3a7d67d7ce17262c,512,d09fresh665,d184fc57a3e9609397de6161791de269b8d51899b5da14428536715e14ff453a,236,0,236,0,0,0,AUDITED set=mined_flip n_states=1534; quartet exact_le1e-6=0 near_le1e-4=0 min_linf=0.136; singles exact_le1e-6=0 near_le1e-4=0 min_linf=0.109; byte_identical=0; mined_recomputed_seed=5,resolved: run_manifest+checkpoint_fingerprint; train_source=artifacts/f095_campaign/D01/scenes_N/scenes.npz sha256=620ea1dc1e443dc6...; ckpt mu/sd bit-exact
artifacts/discovery_campaign/r04b_s11/auxmargin/model.pt,109e33d25aeff74f6d09fe69835dbb94bc7b0b0dead61a590fe9bda8601ae2ed,artifacts/f095_campaign/D01/scenes_N/scenes.npz,620ea1dc1e443dc6c238317463dc64ab3a9ae05fb592743f3a7d67d7ce17262c,512,d09fresh665,d184fc57a3e9609397de6161791de269b8d51899b5da14428536715e14ff453a,236,0,236,0,0,0,NO_AUGMENTATION (clean-only inputs); see exact_static_state_duplicates / serialized_static_state_matches,resolved: run_receipt+script_literal+checkpoint_fingerprint; receipt --train=artifacts/discovery_campaign/scenes/train_101; train_source=artifacts/f095_campaign/D01/scenes_N/scenes.npz sha256=620ea1dc1e443dc6...; ckpt mu/sd bit-exact
artifacts/discovery_campaign/r04b_s11/clean/model.pt,8b20dfeee6b6269697664e42d4b3c73caf2f8baee091a1aec4cb88e128956fb8,artifacts/f095_campaign/D01/scenes_N/scenes.npz,620ea1dc1e443dc6c238317463dc64ab3a9ae05fb592743f3a7d67d7ce17262c,512,d09fresh665,d184fc57a3e9609397de6161791de269b8d51899b5da14428536715e14ff453a,236,0,236,0,0,0,NO_AUGMENTATION (clean-only inputs); see exact_static_state_duplicates / serialized_static_state_matches,resolved: run_receipt+script_literal+checkpoint_fingerprint; receipt --train=artifacts/discovery_campaign/scenes/train_101; train_source=artifacts/f095_campaign/D01/scenes_N/scenes.npz sha256=620ea1dc1e443dc6...; ckpt mu/sd bit-exact
artifacts/discovery_campaign/r04b_s11/supmine/model.pt,1b671746849bdf8f08554db6837726b649871d19063a563303909a7aa2de5f02,artifacts/f095_campaign/D01/scenes_N/scenes.npz,620ea1dc1e443dc6c238317463dc64ab3a9ae05fb592743f3a7d67d7ce17262c,512,d09fresh665,d184fc57a3e9609397de6161791de269b8d51899b5da14428536715e14ff453a,236,0,236,0,0,0,AUDITED set=mined_flip n_states=1534; quartet exact_le1e-6=0 near_le1e-4=0 min_linf=0.136; singles exact_le1e-6=0 near_le1e-4=0 min_linf=0.109; byte_identical=0; mined_recomputed_seed=5,resolved: run_receipt+script_literal+checkpoint_fingerprint; receipt --train=artifacts/discovery_campaign/scenes/train_101; train_source=artifacts/f095_campaign/D01/scenes_N/scenes.npz sha256=620ea1dc1e443dc6...; ckpt mu/sd bit-exact
artifacts/discovery_campaign/r04b_s11/flipmine/model.pt,8b566fa3607f03ceb56eba63ed18952f555f00d9e6f2a8c5738f46f4cb8c2688,artifacts/f095_campaign/D01/scenes_N/scenes.npz,620ea1dc1e443dc6c238317463dc64ab3a9ae05fb592743f3a7d67d7ce17262c,512,d09fresh665,d184fc57a3e9609397de6161791de269b8d51899b5da14428536715e14ff453a,236,0,236,0,0,0,AUDITED set=mined_flip n_states=1534; quartet exact_le1e-6=0 near_le1e-4=0 min_linf=0.136; singles exact_le1e-6=0 near_le1e-4=0 min_linf=0.109; byte_identical=0; mined_recomputed_seed=5,resolved: run_receipt+script_literal+checkpoint_fingerprint; receipt --train=artifacts/discovery_campaign/scenes/train_101; train_source=artifacts/f095_campaign/D01/scenes_N/scenes.npz sha256=620ea1dc1e443dc6...; ckpt mu/sd bit-exact
artifacts/discovery_campaign/r04b_s11/relfeat/model.pt,da47c9293cc0c2500a7a7a70d4ba238300d3047a9a6433e31c9990cd09d8e36d,artifacts/f095_campaign/D01/scenes_N/scenes.npz,620ea1dc1e443dc6c238317463dc64ab3a9ae05fb592743f3a7d67d7ce17262c,512,d09fresh665,d184fc57a3e9609397de6161791de269b8d51899b5da14428536715e14ff453a,236,0,236,0,0,0,NO_AUGMENTATION (clean-only inputs); see exact_static_state_duplicates / serialized_static_state_matches,resolved: run_receipt+script_literal+checkpoint_fingerprint; receipt --train=artifacts/discovery_campaign/scenes/train_101; train_source=artifacts/f095_campaign/D01/scenes_N/scenes.npz sha256=620ea1dc1e443dc6...; ckpt mu/sd bit-exact
artifacts/discovery_campaign/r04b_s11/fliprand/model.pt,c763fab7e7c7adb7463df8d5088f318202e7018bfcd38aa0ce58adc743036e09,artifacts/f095_campaign/D01/scenes_N/scenes.npz,620ea1dc1e443dc6c238317463dc64ab3a9ae05fb592743f3a7d67d7ce17262c,512,d09fresh665,d184fc57a3e9609397de6161791de269b8d51899b5da14428536715e14ff453a,236,0,236,0,0,0,AUDITED set=mined_flip n_states=1534; quartet exact_le1e-6=0 near_le1e-4=0 min_linf=0.136; singles exact_le1e-6=0 near_le1e-4=0 min_linf=0.109; byte_identical=0; mined_recomputed_seed=5,resolved: run_receipt+script_literal+checkpoint_fingerprint; receipt --train=artifacts/discovery_campaign/scenes/train_101; train_source=artifacts/f095_campaign/D01/scenes_N/scenes.npz sha256=620ea1dc1e443dc6...; ckpt mu/sd bit-exact
artifacts/discovery_campaign/r04b_s47/clean/model.pt,d50ee48788fbe83b4045f4e6b3f97ee49ce4fbf39bc44f5d498c4fc420769903,artifacts/f095_campaign/D01/scenes_N/scenes.npz,620ea1dc1e443dc6c238317463dc64ab3a9ae05fb592743f3a7d67d7ce17262c,512,d09fresh665,d184fc57a3e9609397de6161791de269b8d51899b5da14428536715e14ff453a,236,0,236,0,0,0,NO_AUGMENTATION (clean-only inputs); see exact_static_state_duplicates / serialized_static_state_matches,resolved: run_receipt+script_literal+checkpoint_fingerprint; receipt --train=artifacts/discovery_campaign/scenes/train_101; train_source=artifacts/f095_campaign/D01/scenes_N/scenes.npz sha256=620ea1dc1e443dc6...; ckpt mu/sd bit-exact
artifacts/discovery_campaign/r04b_s47/flipmine/model.pt,48dbf9209c6da6aaf213c0a526d54c8a14e2ac3c472d1fa5b34f1768ac658b72,artifacts/f095_campaign/D01/scenes_N/scenes.npz,620ea1dc1e443dc6c238317463dc64ab3a9ae05fb592743f3a7d67d7ce17262c,512,d09fresh665,d184fc57a3e9609397de6161791de269b8d51899b5da14428536715e14ff453a,236,0,236,0,0,0,AUDITED set=mined_flip n_states=1534; quartet exact_le1e-6=0 near_le1e-4=0 min_linf=0.136; singles exact_le1e-6=0 near_le1e-4=0 min_linf=0.109; byte_identical=0; mined_recomputed_seed=5,resolved: run_receipt+script_literal+checkpoint_fingerprint; receipt --train=artifacts/discovery_campaign/scenes/train_101; train_source=artifacts/f095_campaign/D01/scenes_N/scenes.npz sha256=620ea1dc1e443dc6...; ckpt mu/sd bit-exact
artifacts/discovery_campaign/r04b_s23/clean/model.pt,cf09fd3a9fef6bdc0362640ceaf2ab05244d3058866b306c1ef1e1cc7fa868dd,artifacts/f095_campaign/D01/scenes_N/scenes.npz,620ea1dc1e443dc6c238317463dc64ab3a9ae05fb592743f3a7d67d7ce17262c,512,d09fresh665,d184fc57a3e9609397de6161791de269b8d51899b5da14428536715e14ff453a,236,0,236,0,0,0,NO_AUGMENTATION (clean-only inputs); see exact_static_state_duplicates / serialized_static_state_matches,resolved: run_receipt+script_literal+checkpoint_fingerprint; receipt --train=artifacts/discovery_campaign/scenes/train_101; train_source=artifacts/f095_campaign/D01/scenes_N/scenes.npz sha256=620ea1dc1e443dc6...; ckpt mu/sd bit-exact
artifacts/discovery_campaign/r04b_s23/flipmine/model.pt,d7051dcc1ef83017e13f94d5c799a87ad5f4a9546a3581e20d4a80db90a55c31,artifacts/f095_campaign/D01/scenes_N/scenes.npz,620ea1dc1e443dc6c238317463dc64ab3a9ae05fb592743f3a7d67d7ce17262c,512,d09fresh665,d184fc57a3e9609397de6161791de269b8d51899b5da14428536715e14ff453a,236,0,236,0,0,0,AUDITED set=mined_flip n_states=1534; quartet exact_le1e-6=0 near_le1e-4=0 min_linf=0.136; singles exact_le1e-6=0 near_le1e-4=0 min_linf=0.109; byte_identical=0; mined_recomputed_seed=5,resolved: run_receipt+script_literal+checkpoint_fingerprint; receipt --train=artifacts/discovery_campaign/scenes/train_101; train_source=artifacts/f095_campaign/D01/scenes_N/scenes.npz sha256=620ea1dc1e443dc6...; ckpt mu/sd bit-exact
artifacts/discovery_campaign/r04b_s47_relfeat/relfeat/model.pt,6c5ae437b92cd1b36c45f2588c74f1334c154cc4dc4e1b309ee8a4f834a73355,artifacts/f095_campaign/D01/scenes_N/scenes.npz,620ea1dc1e443dc6c238317463dc64ab3a9ae05fb592743f3a7d67d7ce17262c,512,d09fresh665,d184fc57a3e9609397de6161791de269b8d51899b5da14428536715e14ff453a,236,0,236,0,0,0,NO_AUGMENTATION (clean-only inputs); see exact_static_state_duplicates / serialized_static_state_matches,resolved: run_receipt+script_literal+checkpoint_fingerprint; receipt --train=artifacts/discovery_campaign/scenes/train_101; train_source=artifacts/f095_campaign/D01/scenes_N/scenes.npz sha256=620ea1dc1e443dc6...; ckpt mu/sd bit-exact
artifacts/discovery_campaign/r04b_s23_relfeat/relfeat/model.pt,568392fd1eaf2bd0dcd4bc7608c9aa53045220bfb56d4ea05950456b63157d1e,artifacts/f095_campaign/D01/scenes_N/scenes.npz,620ea1dc1e443dc6c238317463dc64ab3a9ae05fb592743f3a7d67d7ce17262c,512,d09fresh665,d184fc57a3e9609397de6161791de269b8d51899b5da14428536715e14ff453a,236,0,236,0,0,0,NO_AUGMENTATION (clean-only inputs); see exact_static_state_duplicates / serialized_static_state_matches,resolved: run_receipt+script_literal+checkpoint_fingerprint; receipt --train=artifacts/discovery_campaign/scenes/train_101; train_source=artifacts/f095_campaign/D01/scenes_N/scenes.npz sha256=620ea1dc1e443dc6...; ckpt mu/sd bit-exact
artifacts/next_novelty/relflip/s23/model.pt,32662eb5488e86abfa2d6fbfef872cebc4e13a8e6f63da3f5eef8a3b9a727f06,artifacts/f095_campaign/D01/scenes_N/scenes.npz,620ea1dc1e443dc6c238317463dc64ab3a9ae05fb592743f3a7d67d7ce17262c,512,d09fresh665,d184fc57a3e9609397de6161791de269b8d51899b5da14428536715e14ff453a,236,0,236,0,0,0,AUDITED set=mined_flip n_states=1534; quartet exact_le1e-6=0 near_le1e-4=0 min_linf=0.136; singles exact_le1e-6=0 near_le1e-4=0 min_linf=0.109; byte_identical=0; mined_recomputed_seed=5,resolved: run_receipt+script_literal+checkpoint_fingerprint; train_source=artifacts/f095_campaign/D01/scenes_N/scenes.npz sha256=620ea1dc1e443dc6...; ckpt mu/sd bit-exact
artifacts/next_novelty/relflip/s47/model.pt,c9f2be9c33102033e12b85060d71e5812b67525375a069e2c2c750cc8cf98d4d,artifacts/f095_campaign/D01/scenes_N/scenes.npz,620ea1dc1e443dc6c238317463dc64ab3a9ae05fb592743f3a7d67d7ce17262c,512,d09fresh665,d184fc57a3e9609397de6161791de269b8d51899b5da14428536715e14ff453a,236,0,236,0,0,0,AUDITED set=mined_flip n_states=1534; quartet exact_le1e-6=0 near_le1e-4=0 min_linf=0.136; singles exact_le1e-6=0 near_le1e-4=0 min_linf=0.109; byte_identical=0; mined_recomputed_seed=5,resolved: run_receipt+script_literal+checkpoint_fingerprint; train_source=artifacts/f095_campaign/D01/scenes_N/scenes.npz sha256=620ea1dc1e443dc6...; ckpt mu/sd bit-exact
artifacts/next_novelty/relflip/s11/model.pt,dca6fb715bfcfde662eed5a5876872c0c6f4aa96e0e6bbc49ec5e1eec81a1d54,artifacts/f095_campaign/D01/scenes_N/scenes.npz,620ea1dc1e443dc6c238317463dc64ab3a9ae05fb592743f3a7d67d7ce17262c,512,d09fresh665,d184fc57a3e9609397de6161791de269b8d51899b5da14428536715e14ff453a,236,0,236,0,0,0,AUDITED set=mined_flip n_states=1534; quartet exact_le1e-6=0 near_le1e-4=0 min_linf=0.136; singles exact_le1e-6=0 near_le1e-4=0 min_linf=0.109; byte_identical=0; mined_recomputed_seed=5,resolved: run_receipt+script_literal+checkpoint_fingerprint; train_source=artifacts/f095_campaign/D01/scenes_N/scenes.npz sha256=620ea1dc1e443dc6...; ckpt mu/sd bit-exact
artifacts/f095_campaign/D01/rel_4N_s47/clean/model.pt,6cf4f405d9e1cfac042cf6713189fb3f4bb8f66712120a455d6456a32094f192,artifacts/f095_campaign/D01/scenes_4N/scenes.npz,ae12d7d2443203214d1a1b6e6c0a259704d5a2a78dd3372c3eba05c56b325c96,2048,d09fresh665,d184fc57a3e9609397de6161791de269b8d51899b5da14428536715e14ff453a,236,58,178,0,0,0,NO_AUGMENTATION (clean-only inputs); see exact_static_state_duplicates / serialized_static_state_matches,resolved: run_manifest+checkpoint_fingerprint; train_source=artifacts/f095_campaign/D01/scenes_4N/scenes.npz sha256=ae12d7d244320321...; ckpt mu/sd bit-exact
artifacts/f095_campaign/D01/rel_4N_s47/flipmine/model.pt,8c99173a91caa6d289185cc828dc21cd6f5e02ce0eed04819db56a9e8c1cdcc7,artifacts/f095_campaign/D01/scenes_4N/scenes.npz,ae12d7d2443203214d1a1b6e6c0a259704d5a2a78dd3372c3eba05c56b325c96,2048,d09fresh665,d184fc57a3e9609397de6161791de269b8d51899b5da14428536715e14ff453a,236,58,178,0,0,0,AUDITED set=mined_flip n_states=6390; quartet exact_le1e-6=0 near_le1e-4=0 min_linf=0.0529; singles exact_le1e-6=163 near_le1e-4=0 min_linf=0; byte_identical=26; bank_states_hit=163; mined_recomputed_seed=5,resolved: run_manifest+checkpoint_fingerprint; train_source=artifacts/f095_campaign/D01/scenes_4N/scenes.npz sha256=ae12d7d244320321...; ckpt mu/sd bit-exact
artifacts/f095_campaign/D01/w256_4N_s11/clean/model.pt,3db6ff937d37b42f3956bb62c4e4f225a4b02a6d40fba2b214ee0fa074575c1e,artifacts/f095_campaign/D01/scenes_4N/scenes.npz,ae12d7d2443203214d1a1b6e6c0a259704d5a2a78dd3372c3eba05c56b325c96,2048,d09fresh665,d184fc57a3e9609397de6161791de269b8d51899b5da14428536715e14ff453a,236,58,178,0,0,0,NO_AUGMENTATION (clean-only inputs); see exact_static_state_duplicates / serialized_static_state_matches,resolved: run_manifest+checkpoint_fingerprint; train_source=artifacts/f095_campaign/D01/scenes_4N/scenes.npz sha256=ae12d7d244320321...; ckpt mu/sd bit-exact
artifacts/f095_campaign/D01/w256_4N_s11/flipmine/model.pt,e5a1706eb8f3a312c8108dcb547cd24bddbcdd135426e5470766fbf09cb3cd5a,artifacts/f095_campaign/D01/scenes_4N/scenes.npz,ae12d7d2443203214d1a1b6e6c0a259704d5a2a78dd3372c3eba05c56b325c96,2048,d09fresh665,d184fc57a3e9609397de6161791de269b8d51899b5da14428536715e14ff453a,236,58,178,0,0,0,AUDITED set=mined_flip n_states=6390; quartet exact_le1e-6=0 near_le1e-4=0 min_linf=0.0529; singles exact_le1e-6=163 near_le1e-4=0 min_linf=0; byte_identical=26; bank_states_hit=163; mined_recomputed_seed=5,resolved: run_manifest+checkpoint_fingerprint; train_source=artifacts/f095_campaign/D01/scenes_4N/scenes.npz sha256=ae12d7d244320321...; ckpt mu/sd bit-exact
artifacts/f095_campaign/D01/rel_4N_s23/clean/model.pt,06d8c0a64358834f93bfdcbc3d8f17688428f0a9879cbb4c2a5a2416b367d015,artifacts/f095_campaign/D01/scenes_4N/scenes.npz,ae12d7d2443203214d1a1b6e6c0a259704d5a2a78dd3372c3eba05c56b325c96,2048,d09fresh665,d184fc57a3e9609397de6161791de269b8d51899b5da14428536715e14ff453a,236,58,178,0,0,0,NO_AUGMENTATION (clean-only inputs); see exact_static_state_duplicates / serialized_static_state_matches,resolved: run_manifest+checkpoint_fingerprint; train_source=artifacts/f095_campaign/D01/scenes_4N/scenes.npz sha256=ae12d7d244320321...; ckpt mu/sd bit-exact
artifacts/f095_campaign/D01/rel_4N_s23/flipmine/model.pt,82760dd8683a56dfacbbe90486c0217cd61327da75d7a1342031234db32e1610,artifacts/f095_campaign/D01/scenes_4N/scenes.npz,ae12d7d2443203214d1a1b6e6c0a259704d5a2a78dd3372c3eba05c56b325c96,2048,d09fresh665,d184fc57a3e9609397de6161791de269b8d51899b5da14428536715e14ff453a,236,58,178,0,0,0,AUDITED set=mined_flip n_states=6390; quartet exact_le1e-6=0 near_le1e-4=0 min_linf=0.0529; singles exact_le1e-6=163 near_le1e-4=0 min_linf=0; byte_identical=26; bank_states_hit=163; mined_recomputed_seed=5,resolved: run_manifest+checkpoint_fingerprint; train_source=artifacts/f095_campaign/D01/scenes_4N/scenes.npz sha256=ae12d7d244320321...; ckpt mu/sd bit-exact
artifacts/f095_campaign/D01/w256_4N_s47/clean/model.pt,7a65181d3213e04e97f1e931cb6ea8e89267457e5d301dfb50d8f4cdea8d101e,artifacts/f095_campaign/D01/scenes_4N/scenes.npz,ae12d7d2443203214d1a1b6e6c0a259704d5a2a78dd3372c3eba05c56b325c96,2048,d09fresh665,d184fc57a3e9609397de6161791de269b8d51899b5da14428536715e14ff453a,236,58,178,0,0,0,NO_AUGMENTATION (clean-only inputs); see exact_static_state_duplicates / serialized_static_state_matches,resolved: run_manifest+checkpoint_fingerprint; train_source=artifacts/f095_campaign/D01/scenes_4N/scenes.npz sha256=ae12d7d244320321...; ckpt mu/sd bit-exact
artifacts/f095_campaign/D01/w256_4N_s47/flipmine/model.pt,75f05a77d2a5f82e95e6bed0e7bb82d579c770729bcacec838df99503340c347,artifacts/f095_campaign/D01/scenes_4N/scenes.npz,ae12d7d2443203214d1a1b6e6c0a259704d5a2a78dd3372c3eba05c56b325c96,2048,d09fresh665,d184fc57a3e9609397de6161791de269b8d51899b5da14428536715e14ff453a,236,58,178,0,0,0,AUDITED set=mined_flip n_states=6390; quartet exact_le1e-6=0 near_le1e-4=0 min_linf=0.0529; singles exact_le1e-6=163 near_le1e-4=0 min_linf=0; byte_identical=26; bank_states_hit=163; mined_recomputed_seed=5,resolved: run_manifest+checkpoint_fingerprint; train_source=artifacts/f095_campaign/D01/scenes_4N/scenes.npz sha256=ae12d7d244320321...; ckpt mu/sd bit-exact
artifacts/f095_campaign/D01/w256_4N_s23/clean/model.pt,4110cf05245aaba7b141d3a9512b0670906a3368e85fa4967d9d40535299b6db,artifacts/f095_campaign/D01/scenes_4N/scenes.npz,ae12d7d2443203214d1a1b6e6c0a259704d5a2a78dd3372c3eba05c56b325c96,2048,d09fresh665,d184fc57a3e9609397de6161791de269b8d51899b5da14428536715e14ff453a,236,58,178,0,0,0,NO_AUGMENTATION (clean-only inputs); see exact_static_state_duplicates / serialized_static_state_matches,resolved: run_manifest+checkpoint_fingerprint; train_source=artifacts/f095_campaign/D01/scenes_4N/scenes.npz sha256=ae12d7d244320321...; ckpt mu/sd bit-exact
artifacts/f095_campaign/D01/w256_4N_s23/flipmine/model.pt,81c705f0230d7b1969b9cb3cf8a3d2ad9b7f26ab5277356211b2fd50df7f54d6,artifacts/f095_campaign/D01/scenes_4N/scenes.npz,ae12d7d2443203214d1a1b6e6c0a259704d5a2a78dd3372c3eba05c56b325c96,2048,d09fresh665,d184fc57a3e9609397de6161791de269b8d51899b5da14428536715e14ff453a,236,58,178,0,0,0,AUDITED set=mined_flip n_states=6390; quartet exact_le1e-6=0 near_le1e-4=0 min_linf=0.0529; singles exact_le1e-6=163 near_le1e-4=0 min_linf=0; byte_identical=26; bank_states_hit=163; mined_recomputed_seed=5,resolved: run_manifest+checkpoint_fingerprint; train_source=artifacts/f095_campaign/D01/scenes_4N/scenes.npz sha256=ae12d7d244320321...; ckpt mu/sd bit-exact
artifacts/f095_campaign/D01/rel_4N_s11/clean/model.pt,c06becc74d48a25834f9b08dec83be1050c3da82093e3b47c392afb0c27a0573,artifacts/f095_campaign/D01/scenes_4N/scenes.npz,ae12d7d2443203214d1a1b6e6c0a259704d5a2a78dd3372c3eba05c56b325c96,2048,d09fresh665,d184fc57a3e9609397de6161791de269b8d51899b5da14428536715e14ff453a,236,58,178,0,0,0,NO_AUGMENTATION (clean-only inputs); see exact_static_state_duplicates / serialized_static_state_matches,resolved: run_manifest+checkpoint_fingerprint; train_source=artifacts/f095_campaign/D01/scenes_4N/scenes.npz sha256=ae12d7d244320321...; ckpt mu/sd bit-exact
artifacts/f095_campaign/D01/rel_4N_s11/flipmine/model.pt,7f9d3b534595fec2e368e327098301bcc4ba14ea2e7fa72f6c34f519320a60b3,artifacts/f095_campaign/D01/scenes_4N/scenes.npz,ae12d7d2443203214d1a1b6e6c0a259704d5a2a78dd3372c3eba05c56b325c96,2048,d09fresh665,d184fc57a3e9609397de6161791de269b8d51899b5da14428536715e14ff453a,236,58,178,0,0,0,AUDITED set=mined_flip n_states=6390; quartet exact_le1e-6=0 near_le1e-4=0 min_linf=0.0529; singles exact_le1e-6=163 near_le1e-4=0 min_linf=0; byte_identical=26; bank_states_hit=163; mined_recomputed_seed=5,resolved: run_manifest+checkpoint_fingerprint; train_source=artifacts/f095_campaign/D01/scenes_4N/scenes.npz sha256=ae12d7d244320321...; ckpt mu/sd bit-exact
artifacts/f095_campaign/U07/six_4N_s11/clean/model.pt,b340bd07f1a0b824e2fe3001f8327e14941ff7c562493fe42db3d5c28eb5f1f0,artifacts/f095_campaign/D01/scenes_4N/scenes.npz,ae12d7d2443203214d1a1b6e6c0a259704d5a2a78dd3372c3eba05c56b325c96,2048,d09fresh665,d184fc57a3e9609397de6161791de269b8d51899b5da14428536715e14ff453a,236,58,178,0,0,0,NO_AUGMENTATION (clean-only inputs); see exact_static_state_duplicates / serialized_static_state_matches,resolved: run_manifest+checkpoint_fingerprint; train_source=artifacts/f095_campaign/D01/scenes_4N/scenes.npz sha256=ae12d7d244320321...; ckpt mu/sd bit-exact
artifacts/f095_campaign/U07/six_4N_s11/flipmine/model.pt,31b5a0f583df01fd8b030c97f7b0b8dc2fe72e324353834dfc1655df5058fe60,artifacts/f095_campaign/D01/scenes_4N/scenes.npz,ae12d7d2443203214d1a1b6e6c0a259704d5a2a78dd3372c3eba05c56b325c96,2048,d09fresh665,d184fc57a3e9609397de6161791de269b8d51899b5da14428536715e14ff453a,236,58,178,0,0,0,AUDITED set=mined_flip n_states=6390; quartet exact_le1e-6=0 near_le1e-4=0 min_linf=0.0529; singles exact_le1e-6=163 near_le1e-4=0 min_linf=0; byte_identical=26; bank_states_hit=163; mined_recomputed_seed=5,resolved: run_manifest+checkpoint_fingerprint; train_source=artifacts/f095_campaign/D01/scenes_4N/scenes.npz sha256=ae12d7d244320321...; ckpt mu/sd bit-exact
artifacts/f095_campaign/U07/six_4N_s11/flip_fx/model.pt,a0a64360ed2e2d4198e3af60ebed7ee702e72c4a599d1fbd6333158b08eb98cc,artifacts/f095_campaign/D01/scenes_4N/scenes.npz,ae12d7d2443203214d1a1b6e6c0a259704d5a2a78dd3372c3eba05c56b325c96,2048,d09fresh665,d184fc57a3e9609397de6161791de269b8d51899b5da14428536715e14ff453a,236,58,178,0,0,0,AUDITED set=mined_flip n_states=6390; quartet exact_le1e-6=0 near_le1e-4=0 min_linf=0.0529; singles exact_le1e-6=163 near_le1e-4=0 min_linf=0; byte_identical=26; bank_states_hit=163; mined_recomputed_seed=5,resolved: run_manifest+checkpoint_fingerprint; train_source=artifacts/f095_campaign/D01/scenes_4N/scenes.npz sha256=ae12d7d244320321...; ckpt mu/sd bit-exact
artifacts/f095_campaign/U07/raw_4N_f25_s47/flip_fx/model.pt,e48d44f428ba942baf4d9b9b425f8844ad4b1dc44c5b71b7781a3f509701fd98,artifacts/f095_campaign/D01/scenes_4N/scenes.npz,ae12d7d2443203214d1a1b6e6c0a259704d5a2a78dd3372c3eba05c56b325c96,2048,d09fresh665,d184fc57a3e9609397de6161791de269b8d51899b5da14428536715e14ff453a,236,58,178,0,0,0,AUDITED set=mined_flip n_states=6390; quartet exact_le1e-6=0 near_le1e-4=0 min_linf=0.0529; singles exact_le1e-6=163 near_le1e-4=0 min_linf=0; byte_identical=26; bank_states_hit=163; mined_recomputed_seed=5,resolved: run_manifest+checkpoint_fingerprint; train_source=artifacts/f095_campaign/D01/scenes_4N/scenes.npz sha256=ae12d7d244320321...; ckpt mu/sd bit-exact
artifacts/f095_campaign/U07/raw_4N_full_s11/flipmine/model.pt,243db903f1db7f53d26691f4426fccfd9527e2cc05d539d70d69cb8c753686f7,artifacts/f095_campaign/D01/scenes_4N/scenes.npz,ae12d7d2443203214d1a1b6e6c0a259704d5a2a78dd3372c3eba05c56b325c96,2048,d09fresh665,d184fc57a3e9609397de6161791de269b8d51899b5da14428536715e14ff453a,236,58,178,0,0,0,AUDITED set=mined_flip n_states=6390; quartet exact_le1e-6=0 near_le1e-4=0 min_linf=0.0529; singles exact_le1e-6=163 near_le1e-4=0 min_linf=0; byte_identical=26; bank_states_hit=163; mined_recomputed_seed=5,resolved: run_manifest+checkpoint_fingerprint; train_source=artifacts/f095_campaign/D01/scenes_4N/scenes.npz sha256=ae12d7d244320321...; ckpt mu/sd bit-exact
artifacts/f095_campaign/U07/raw_4N_full_s23/flipmine/model.pt,24e5f32332e5693f4c4873371429dd1ea2da3372c1be70efae527a89e0c8a377,artifacts/f095_campaign/D01/scenes_4N/scenes.npz,ae12d7d2443203214d1a1b6e6c0a259704d5a2a78dd3372c3eba05c56b325c96,2048,d09fresh665,d184fc57a3e9609397de6161791de269b8d51899b5da14428536715e14ff453a,236,58,178,0,0,0,AUDITED set=mined_flip n_states=6390; quartet exact_le1e-6=0 near_le1e-4=0 min_linf=0.0529; singles exact_le1e-6=163 near_le1e-4=0 min_linf=0; byte_identical=26; bank_states_hit=163; mined_recomputed_seed=5,resolved: run_manifest+checkpoint_fingerprint; train_source=artifacts/f095_campaign/D01/scenes_4N/scenes.npz sha256=ae12d7d244320321...; ckpt mu/sd bit-exact
artifacts/f095_campaign/U07/six_4N_s47/clean/model.pt,6ebe65b3e4b01b3c9a3b80d5800c77c278e3c13e556b21366a57c36303b52ae8,artifacts/f095_campaign/D01/scenes_4N/scenes.npz,ae12d7d2443203214d1a1b6e6c0a259704d5a2a78dd3372c3eba05c56b325c96,2048,d09fresh665,d184fc57a3e9609397de6161791de269b8d51899b5da14428536715e14ff453a,236,58,178,0,0,0,NO_AUGMENTATION (clean-only inputs); see exact_static_state_duplicates / serialized_static_state_matches,resolved: run_manifest+checkpoint_fingerprint; train_source=artifacts/f095_campaign/D01/scenes_4N/scenes.npz sha256=ae12d7d244320321...; ckpt mu/sd bit-exact
artifacts/f095_campaign/U07/six_4N_s47/flipmine/model.pt,b3470617b831c2f485d53073a50ecbcebc2410a247cfb0ac10cb9dbb8f95685f,artifacts/f095_campaign/D01/scenes_4N/scenes.npz,ae12d7d2443203214d1a1b6e6c0a259704d5a2a78dd3372c3eba05c56b325c96,2048,d09fresh665,d184fc57a3e9609397de6161791de269b8d51899b5da14428536715e14ff453a,236,58,178,0,0,0,AUDITED set=mined_flip n_states=6390; quartet exact_le1e-6=0 near_le1e-4=0 min_linf=0.0529; singles exact_le1e-6=163 near_le1e-4=0 min_linf=0; byte_identical=26; bank_states_hit=163; mined_recomputed_seed=5,resolved: run_manifest+checkpoint_fingerprint; train_source=artifacts/f095_campaign/D01/scenes_4N/scenes.npz sha256=ae12d7d244320321...; ckpt mu/sd bit-exact
artifacts/f095_campaign/U07/six_4N_s47/flip_fx/model.pt,a4e7f36ffe28b4d169cab1f4af9b0904229b236440a7f470dfb1ae908e6e559e,artifacts/f095_campaign/D01/scenes_4N/scenes.npz,ae12d7d2443203214d1a1b6e6c0a259704d5a2a78dd3372c3eba05c56b325c96,2048,d09fresh665,d184fc57a3e9609397de6161791de269b8d51899b5da14428536715e14ff453a,236,58,178,0,0,0,AUDITED set=mined_flip n_states=6390; quartet exact_le1e-6=0 near_le1e-4=0 min_linf=0.0529; singles exact_le1e-6=163 near_le1e-4=0 min_linf=0; byte_identical=26; bank_states_hit=163; mined_recomputed_seed=5,resolved: run_manifest+checkpoint_fingerprint; train_source=artifacts/f095_campaign/D01/scenes_4N/scenes.npz sha256=ae12d7d244320321...; ckpt mu/sd bit-exact
artifacts/f095_campaign/U07/six_4N_s23/clean/model.pt,c538734e009ba926cea7d360b06c58fa868a833baca1fe8e4056dda6a1432142,artifacts/f095_campaign/D01/scenes_4N/scenes.npz,ae12d7d2443203214d1a1b6e6c0a259704d5a2a78dd3372c3eba05c56b325c96,2048,d09fresh665,d184fc57a3e9609397de6161791de269b8d51899b5da14428536715e14ff453a,236,58,178,0,0,0,NO_AUGMENTATION (clean-only inputs); see exact_static_state_duplicates / serialized_static_state_matches,resolved: run_manifest+checkpoint_fingerprint; train_source=artifacts/f095_campaign/D01/scenes_4N/scenes.npz sha256=ae12d7d244320321...; ckpt mu/sd bit-exact
artifacts/f095_campaign/U07/six_4N_s23/flipmine/model.pt,637afdbea7cdfb589903be350ce4397990bd94ad09b41f77f17a598d66b7a791,artifacts/f095_campaign/D01/scenes_4N/scenes.npz,ae12d7d2443203214d1a1b6e6c0a259704d5a2a78dd3372c3eba05c56b325c96,2048,d09fresh665,d184fc57a3e9609397de6161791de269b8d51899b5da14428536715e14ff453a,236,58,178,0,0,0,AUDITED set=mined_flip n_states=6390; quartet exact_le1e-6=0 near_le1e-4=0 min_linf=0.0529; singles exact_le1e-6=163 near_le1e-4=0 min_linf=0; byte_identical=26; bank_states_hit=163; mined_recomputed_seed=5,resolved: run_manifest+checkpoint_fingerprint; train_source=artifacts/f095_campaign/D01/scenes_4N/scenes.npz sha256=ae12d7d244320321...; ckpt mu/sd bit-exact
artifacts/f095_campaign/U07/six_4N_s23/flip_fx/model.pt,f26d540be1222660347742f21eb11c6b94b402c4e11dfd39712425d592239b2d,artifacts/f095_campaign/D01/scenes_4N/scenes.npz,ae12d7d2443203214d1a1b6e6c0a259704d5a2a78dd3372c3eba05c56b325c96,2048,d09fresh665,d184fc57a3e9609397de6161791de269b8d51899b5da14428536715e14ff453a,236,58,178,0,0,0,AUDITED set=mined_flip n_states=6390; quartet exact_le1e-6=0 near_le1e-4=0 min_linf=0.0529; singles exact_le1e-6=163 near_le1e-4=0 min_linf=0; byte_identical=26; bank_states_hit=163; mined_recomputed_seed=5,resolved: run_manifest+checkpoint_fingerprint; train_source=artifacts/f095_campaign/D01/scenes_4N/scenes.npz sha256=ae12d7d244320321...; ckpt mu/sd bit-exact
artifacts/f095_campaign/U07/raw_4N_f25_s11/flip_fx/model.pt,e0d1c94ca24d798314cf95528ae87aef74c47647f5c911fe1f6276a07351be6c,artifacts/f095_campaign/D01/scenes_4N/scenes.npz,ae12d7d2443203214d1a1b6e6c0a259704d5a2a78dd3372c3eba05c56b325c96,2048,d09fresh665,d184fc57a3e9609397de6161791de269b8d51899b5da14428536715e14ff453a,236,58,178,0,0,0,AUDITED set=mined_flip n_states=6390; quartet exact_le1e-6=0 near_le1e-4=0 min_linf=0.0529; singles exact_le1e-6=163 near_le1e-4=0 min_linf=0; byte_identical=26; bank_states_hit=163; mined_recomputed_seed=5,resolved: run_manifest+checkpoint_fingerprint; train_source=artifacts/f095_campaign/D01/scenes_4N/scenes.npz sha256=ae12d7d244320321...; ckpt mu/sd bit-exact
artifacts/f095_campaign/U07/raw_4N_full_s47/flipmine/model.pt,f5c2286414a03a08b005e214025c62c7bf6d5984781a3e85604b7f9a8793105e,artifacts/f095_campaign/D01/scenes_4N/scenes.npz,ae12d7d2443203214d1a1b6e6c0a259704d5a2a78dd3372c3eba05c56b325c96,2048,d09fresh665,d184fc57a3e9609397de6161791de269b8d51899b5da14428536715e14ff453a,236,58,178,0,0,0,AUDITED set=mined_flip n_states=6390; quartet exact_le1e-6=0 near_le1e-4=0 min_linf=0.0529; singles exact_le1e-6=163 near_le1e-4=0 min_linf=0; byte_identical=26; bank_states_hit=163; mined_recomputed_seed=5,resolved: run_manifest+checkpoint_fingerprint; train_source=artifacts/f095_campaign/D01/scenes_4N/scenes.npz sha256=ae12d7d244320321...; ckpt mu/sd bit-exact
artifacts/f095_campaign/U07/raw_4N_f25_s23/flip_fx/model.pt,cb883be4d8cd3f683f48338fefac95e0ec4918faabb439f68b842ac903f088a0,artifacts/f095_campaign/D01/scenes_4N/scenes.npz,ae12d7d2443203214d1a1b6e6c0a259704d5a2a78dd3372c3eba05c56b325c96,2048,d09fresh665,d184fc57a3e9609397de6161791de269b8d51899b5da14428536715e14ff453a,236,58,178,0,0,0,AUDITED set=mined_flip n_states=6390; quartet exact_le1e-6=0 near_le1e-4=0 min_linf=0.0529; singles exact_le1e-6=163 near_le1e-4=0 min_linf=0; byte_identical=26; bank_states_hit=163; mined_recomputed_seed=5,resolved: run_manifest+checkpoint_fingerprint; train_source=artifacts/f095_campaign/D01/scenes_4N/scenes.npz sha256=ae12d7d244320321...; ckpt mu/sd bit-exact
artifacts/f095_campaign/D01/w256_16N_s11/clean/model.pt,526217afee45144737b9f499cb68d8264e9a1c8958c5e98868a629bc31075a08,artifacts/f095_campaign/D01/scenes_16N/scenes.npz,5b3d2cf87e6ea45cbf376b3a04442a80870aa09267f27b181d99a104cd1d85b0,8192,d09fresh665,d184fc57a3e9609397de6161791de269b8d51899b5da14428536715e14ff453a,236,236,0,0,0,0,NO_AUGMENTATION (clean-only inputs); see exact_static_state_duplicates / serialized_static_state_matches,resolved: run_manifest+checkpoint_fingerprint; train_source=artifacts/f095_campaign/D01/scenes_16N/scenes.npz sha256=5b3d2cf87e6ea45c...; ckpt mu/sd bit-exact
artifacts/f095_campaign/D01/w256_16N_s11/flipmine/model.pt,ab40169e8141d8e312ade0aea41f67552201980c70e769ddc602550338fa43ab,artifacts/f095_campaign/D01/scenes_16N/scenes.npz,5b3d2cf87e6ea45cbf376b3a04442a80870aa09267f27b181d99a104cd1d85b0,8192,d09fresh665,d184fc57a3e9609397de6161791de269b8d51899b5da14428536715e14ff453a,236,236,0,0,0,0,AUDITED set=mined_flip n_states=26120; quartet exact_le1e-6=0 near_le1e-4=0 min_linf=0.0324; singles exact_le1e-6=761 near_le1e-4=0 min_linf=0; byte_identical=127; bank_states_hit=761; mined_recomputed_seed=5,resolved: run_manifest+checkpoint_fingerprint; train_source=artifacts/f095_campaign/D01/scenes_16N/scenes.npz sha256=5b3d2cf87e6ea45c...; ckpt mu/sd bit-exact
artifacts/f095_campaign/D01/w256_16N_s47/clean/model.pt,d0d6d7f5e92f14e4e08d2e9295a4a99c263f416558b7de5475e391afedf76b81,artifacts/f095_campaign/D01/scenes_16N/scenes.npz,5b3d2cf87e6ea45cbf376b3a04442a80870aa09267f27b181d99a104cd1d85b0,8192,d09fresh665,d184fc57a3e9609397de6161791de269b8d51899b5da14428536715e14ff453a,236,236,0,0,0,0,NO_AUGMENTATION (clean-only inputs); see exact_static_state_duplicates / serialized_static_state_matches,resolved: run_manifest+checkpoint_fingerprint; train_source=artifacts/f095_campaign/D01/scenes_16N/scenes.npz sha256=5b3d2cf87e6ea45c...; ckpt mu/sd bit-exact
artifacts/f095_campaign/D01/w256_16N_s47/flipmine/model.pt,5e33a1b4cd19da895b8d5b33611b688920152bdb747190037da7c6eca144ef99,artifacts/f095_campaign/D01/scenes_16N/scenes.npz,5b3d2cf87e6ea45cbf376b3a04442a80870aa09267f27b181d99a104cd1d85b0,8192,d09fresh665,d184fc57a3e9609397de6161791de269b8d51899b5da14428536715e14ff453a,236,236,0,0,0,0,AUDITED set=mined_flip n_states=26120; quartet exact_le1e-6=0 near_le1e-4=0 min_linf=0.0324; singles exact_le1e-6=761 near_le1e-4=0 min_linf=0; byte_identical=127; bank_states_hit=761; mined_recomputed_seed=5,resolved: run_manifest+checkpoint_fingerprint; train_source=artifacts/f095_campaign/D01/scenes_16N/scenes.npz sha256=5b3d2cf87e6ea45c...; ckpt mu/sd bit-exact
artifacts/f095_campaign/D01/w256_16N_s23/clean/model.pt,68e0f2da0632313a6883dc0dbcd821d886950278f96699163df19e3070e42253,artifacts/f095_campaign/D01/scenes_16N/scenes.npz,5b3d2cf87e6ea45cbf376b3a04442a80870aa09267f27b181d99a104cd1d85b0,8192,d09fresh665,d184fc57a3e9609397de6161791de269b8d51899b5da14428536715e14ff453a,236,236,0,0,0,0,NO_AUGMENTATION (clean-only inputs); see exact_static_state_duplicates / serialized_static_state_matches,resolved: run_manifest+checkpoint_fingerprint; train_source=artifacts/f095_campaign/D01/scenes_16N/scenes.npz sha256=5b3d2cf87e6ea45c...; ckpt mu/sd bit-exact
artifacts/f095_campaign/D01/w256_16N_s23/flipmine/model.pt,102f25688234d689c4e54d224e29f42cc7c7faf74f45f0a4ad94dde8a60a7ba0,artifacts/f095_campaign/D01/scenes_16N/scenes.npz,5b3d2cf87e6ea45cbf376b3a04442a80870aa09267f27b181d99a104cd1d85b0,8192,d09fresh665,d184fc57a3e9609397de6161791de269b8d51899b5da14428536715e14ff453a,236,236,0,0,0,0,AUDITED set=mined_flip n_states=26120; quartet exact_le1e-6=0 near_le1e-4=0 min_linf=0.0324; singles exact_le1e-6=761 near_le1e-4=0 min_linf=0; byte_identical=127; bank_states_hit=761; mined_recomputed_seed=5,resolved: run_manifest+checkpoint_fingerprint; train_source=artifacts/f095_campaign/D01/scenes_16N/scenes.npz sha256=5b3d2cf87e6ea45c...; ckpt mu/sd bit-exact
