bank,bank_sha256,sample_id,qid,original_parent_id,reconstructed_parent_hash,matched_16N_parent,canonical_parent_hash,nearest_16N_linf
dev512,2178613957f459f82b3418cfda92ce24f61b4fa85dbff4c243d11b77adf961ac,2178613957f459f82b3418cfda92ce24f61b4fa85dbff4c243d11b77adf961ac:0,0,173,38c3372edd8fe8db13aed32c9a3964515c5557a10eb2b87ec3c5019de7a9fed8,,,0.13363859350769314
dev512,2178613957f459f82b3418cfda92ce24f61b4fa85dbff4c243d11b77adf961ac,2178613957f459f82b3418cfda92ce24f61b4fa85dbff4c243d11b77adf961ac:1,1,433,dc36faaeb71e4b2ae9d7308e4a957a850037134974cfbd78e95e0ae69ca9feb6,,,0.2048967278799957
dev512,2178613957f459f82b3418cfda92ce24f61b4fa85dbff4c243d11b77adf961ac,2178613957f459f82b3418cfda92ce24f61b4fa85dbff4c243d11b77adf961ac:2,2,433,5afebafbee87a8303bc49d0f9ec314577b89a84337deb34cccdc7b125054cefe,,,0.2048967278799957
dev512,2178613957f459f82b3418cfda92ce24f61b4fa85dbff4c243d11b77adf961ac,2178613957f459f82b3418cfda92ce24f61b4fa85dbff4c243d11b77adf961ac:3,3,433,5afebafbee87a8303bc49d0f9ec314577b89a84337deb34cccdc7b125054cefe,,,0.2048967278799957
dev512,2178613957f459f82b3418cfda92ce24f61b4fa85dbff4c243d11b77adf961ac,2178613957f459f82b3418cfda92ce24f61b4fa85dbff4c243d11b77adf961ac:4,4,105,77239f48feac851cb51530a6915a0c07fa7491a0ee1697ea94d5ed49eea34dbd,,,0.24619399696183086
dev512,2178613957f459f82b3418cfda92ce24f61b4fa85dbff4c243d11b77adf961ac,2178613957f459f82b3418cfda92ce24f61b4fa85dbff4c243d11b77adf961ac:5,5,161,0c35a1ae0f1777f49504eed166a8dbbbd1dab49d51a9dd90cf13a3b149d83114,,,0.2962099122217243
dev512,2178613957f459f82b3418cfda92ce24f61b4fa85dbff4c243d11b77adf961ac,2178613957f459f82b3418cfda92ce24f61b4fa85dbff4c243d11b77adf961ac:6,6,336,6141b652688505ede770f2190dd599acf338869c1e5f0cf3c0f905b6a80a8ea6,,,0.2968915764298874
dev512,2178613957f459f82b3418cfda92ce24f61b4fa85dbff4c243d11b77adf961ac,2178613957f459f82b3418cfda92ce24f61b4fa85dbff4c243d11b77adf961ac:7,7,136,2eecfefe496b6e81efd66a22bdcbd161fb6be2a49d5ec8e88963658119240f41,,,0.2787047615201571
dev512,2178613957f459f82b3418cfda92ce24f61b4fa85dbff4c243d11b77adf961ac,2178613957f459f82b3418cfda92ce24f61b4fa85dbff4c243d11b77adf961ac:8,8,136,bd279aebcf71e4458ec269d61f84bba3dbabd04b88ba9fd469ead21ba9c120eb,,,0.2787047615201571
dev512,2178613957f459f82b3418cfda92ce24f61b4fa85dbff4c243d11b77adf961ac,2178613957f459f82b3418cfda92ce24f61b4fa85dbff4c243d11b77adf961ac:9,9,136,f0b54298457a86c22c2a9444b93d95a60f80c11128e7f9cffd2209de32140a8d,,,0.2787047615201571
dev512,2178613957f459f82b3418cfda92ce24f61b4fa85dbff4c243d11b77adf961ac,2178613957f459f82b3418cfda92ce24f61b4fa85dbff4c243d11b77adf961ac:10,10,136,bd279aebcf71e4458ec269d61f84bba3dbabd04b88ba9fd469ead21ba9c120eb,,,0.2787047615201571
dev512,2178613957f459f82b3418cfda92ce24f61b4fa85dbff4c243d11b77adf961ac,2178613957f459f82b3418cfda92ce24f61b4fa85dbff4c243d11b77adf961ac:11,11,246,2e47c0b08d8323b72c1874a28892630da290c431327579507e20c848e94ef87d,,,0.19815146996171284
dev512,2178613957f459f82b3418cfda92ce24f61b4fa85dbff4c243d11b77adf961ac,2178613957f459f82b3418cfda92ce24f61b4fa85dbff4c243d11b77adf961ac:12,12,246,e4573ecbc3a1ec9862677d1d5f1ff0d574072121f7e812a4c10f43d9ade23e1f,,,0.19815145506055165
dev512,2178613957f459f82b3418cfda92ce24f61b4fa85dbff4c243d11b77adf961ac,2178613957f459f82b3418cfda92ce24f61b4fa85dbff4c243d11b77adf961ac:13,13,246,93b0a8b641c564a9a1597f5c6a203d966bdef71eee5d7e52af7bd05fd5859913,,,0.19815146996171284
dev512,2178613957f459f82b3418cfda92ce24f61b4fa85dbff4c243d11b77adf961ac,2178613957f459f82b3418cfda92ce24f61b4fa85dbff4c243d11b77adf961ac:14,14,246,e4573ecbc3a1ec9862677d1d5f1ff0d574072121f7e812a4c10f43d9ade23e1f,,,0.19815145506055165
dev512,2178613957f459f82b3418cfda92ce24f61b4fa85dbff4c243d11b77adf961ac,2178613957f459f82b3418cfda92ce24f61b4fa85dbff4c243d11b77adf961ac:15,15,246,93b0a8b641c564a9a1597f5c6a203d966bdef71eee5d7e52af7bd05fd5859913,,,0.19815146996171284
dev512,2178613957f459f82b3418cfda92ce24f61b4fa85dbff4c243d11b77adf961ac,2178613957f459f82b3418cfda92ce24f61b4fa85dbff4c243d11b77adf961ac:16,16,246,93b0a8b641c564a9a1597f5c6a203d966bdef71eee5d7e52af7bd05fd5859913,,,0.19815146996171284
dev512,2178613957f459f82b3418cfda92ce24f61b4fa85dbff4c243d11b77adf961ac,2178613957f459f82b3418cfda92ce24f61b4fa85dbff4c243d11b77adf961ac:17,17,331,1e070d06680b0e53376007ce7d5ce075c463a938c52a95c8acbde0231b43fbc8,,,0.3186755207258628
dev512,2178613957f459f82b3418cfda92ce24f61b4fa85dbff4c243d11b77adf961ac,2178613957f459f82b3418cfda92ce24f61b4fa85dbff4c243d11b77adf961ac:18,18,331,e8ecd5bab689f84689e120415b00cdfffbd1d084ff6552028bc851bd46d95922,,,0.3186755244511531
dev512,2178613957f459f82b3418cfda92ce24f61b4fa85dbff4c243d11b77adf961ac,2178613957f459f82b3418cfda92ce24f61b4fa85dbff4c243d11b77adf961ac:19,19,331,7334f03c38f1b307d5ebd828ee71bec55c67acf5775fc5f2b2c80843f5acdf63,,,0.3186755207258628
dev512,2178613957f459f82b3418cfda92ce24f61b4fa85dbff4c243d11b77adf961ac,2178613957f459f82b3418cfda92ce24f61b4fa85dbff4c243d11b77adf961ac:20,20,331,e8ecd5bab689f84689e120415b00cdfffbd1d084ff6552028bc851bd46d95922,,,0.3186755244511531
dev512,2178613957f459f82b3418cfda92ce24f61b4fa85dbff4c243d11b77adf961ac,2178613957f459f82b3418cfda92ce24f61b4fa85dbff4c243d11b77adf961ac:21,21,331,7334f03c38f1b307d5ebd828ee71bec55c67acf5775fc5f2b2c80843f5acdf63,,,0.3186755207258628
dev512,2178613957f459f82b3418cfda92ce24f61b4fa85dbff4c243d11b77adf961ac,2178613957f459f82b3418cfda92ce24f61b4fa85dbff4c243d11b77adf961ac:22,22,331,7334f03c38f1b307d5ebd828ee71bec55c67acf5775fc5f2b2c80843f5acdf63,,,0.3186755207258628
dev512,2178613957f459f82b3418cfda92ce24f61b4fa85dbff4c243d11b77adf961ac,2178613957f459f82b3418cfda92ce24f61b4fa85dbff4c243d11b77adf961ac:23,23,81,c24b2c6a3caac4c849ebbcedd873c263fe88b6e43884cdf36360bbbe099bd503,,,0.2793374362918952
dev512,2178613957f459f82b3418cfda92ce24f61b4fa85dbff4c243d11b77adf961ac,2178613957f459f82b3418cfda92ce24f61b4fa85dbff4c243d11b77adf961ac:24,24,81,143315ed50f0e3a479fe87df6b9d6e13a74d557fbc9eb7f9004babc1e078d7d0,,,0.27933742884131463
dev512,2178613957f459f82b3418cfda92ce24f61b4fa85dbff4c243d11b77adf961ac,2178613957f459f82b3418cfda92ce24f61b4fa85dbff4c243d11b77adf961ac:25,25,81,143315ed50f0e3a479fe87df6b9d6e13a74d557fbc9eb7f9004babc1e078d7d0,,,0.27933742884131463
dev512,2178613957f459f82b3418cfda92ce24f61b4fa85dbff4c243d11b77adf961ac,2178613957f459f82b3418cfda92ce24f61b4fa85dbff4c243d11b77adf961ac:26,26,357,6b4447fcb453fdee993f5109db20676fc17574dafa4775fa4c0625dd6020d5e2,,,0.24049231137817562
dev512,2178613957f459f82b3418cfda92ce24f61b4fa85dbff4c243d11b77adf961ac,2178613957f459f82b3418cfda92ce24f61b4fa85dbff4c243d11b77adf961ac:27,27,106,e18479fe6593afd4fb286906c8b1d77d6321014ee8295d2ddb14fe5847c6d728,,,0.24999976912985122
dev512,2178613957f459f82b3418cfda92ce24f61b4fa85dbff4c243d11b77adf961ac,2178613957f459f82b3418cfda92ce24f61b4fa85dbff4c243d11b77adf961ac:28,28,485,0b619a72e4a1ec7491a6ab44983260ec5c0edfad9259a4ab8d17026cec51ae6e,,,0.2240745289685242
dev512,2178613957f459f82b3418cfda92ce24f61b4fa85dbff4c243d11b77adf961ac,2178613957f459f82b3418cfda92ce24f61b4fa85dbff4c243d11b77adf961ac:29,29,485,07c2b1645013ac679d7ae89ca913b2b62fdf1174b3b94301d05583192085404d,,,0.2240745252432339
dev512,2178613957f459f82b3418cfda92ce24f61b4fa85dbff4c243d11b77adf961ac,2178613957f459f82b3418cfda92ce24f61b4fa85dbff4c243d11b77adf961ac:30,30,418,21313d5063ff955f06833e8d836b4579f8b172128858764d578f0babd83607f2,,,0.29873349266272164
dev512,2178613957f459f82b3418cfda92ce24f61b4fa85dbff4c243d11b77adf961ac,2178613957f459f82b3418cfda92ce24f61b4fa85dbff4c243d11b77adf961ac:31,31,418,91955f5c4ea93a576ede48435b3b54b60cb52083f962d719b0b10ababe9cdce2,,,0.29873349266272164
dev512,2178613957f459f82b3418cfda92ce24f61b4fa85dbff4c243d11b77adf961ac,2178613957f459f82b3418cfda92ce24f61b4fa85dbff4c243d11b77adf961ac:32,32,109,591fcb0018491695425ea1ec5680e111cf2e5bf74f0b7232d008ea115dbb962e,,,0.2515633933268093
dev512,2178613957f459f82b3418cfda92ce24f61b4fa85dbff4c243d11b77adf961ac,2178613957f459f82b3418cfda92ce24f61b4fa85dbff4c243d11b77adf961ac:33,33,13,4fa6b571a5adf90efe6ac7e7cebca6c7db07b684da84c350a1cf1086b72e2905,,,0.26641417203335394
dev512,2178613957f459f82b3418cfda92ce24f61b4fa85dbff4c243d11b77adf961ac,2178613957f459f82b3418cfda92ce24f61b4fa85dbff4c243d11b77adf961ac:34,34,326,b78f320e3cdbf285e157519f46d17138937abead8ee39c483186c14a83e5b1e6,,,0.2816217940061472
dev512,2178613957f459f82b3418cfda92ce24f61b4fa85dbff4c243d11b77adf961ac,2178613957f459f82b3418cfda92ce24f61b4fa85dbff4c243d11b77adf961ac:35,35,285,926619c6602347dca6a9feb1cd2218291e49bd87404c3fe8b0f421220c4de6fe,,,0.32973817126634375
dev512,2178613957f459f82b3418cfda92ce24f61b4fa85dbff4c243d11b77adf961ac,2178613957f459f82b3418cfda92ce24f61b4fa85dbff4c243d11b77adf961ac:36,36,285,58eed661d258dbe81ac4ca18ad17dda4cdda4d4565f84e30439091e11d816c03,,,0.32973816381576315
dev512,2178613957f459f82b3418cfda92ce24f61b4fa85dbff4c243d11b77adf961ac,2178613957f459f82b3418cfda92ce24f61b4fa85dbff4c243d11b77adf961ac:37,37,285,d9c900af4ff534a974f8ec4e05e73e5f804c10b0e09018ff382731a64b1cc8e5,,,0.32973817499163405
dev512,2178613957f459f82b3418cfda92ce24f61b4fa85dbff4c243d11b77adf961ac,2178613957f459f82b3418cfda92ce24f61b4fa85dbff4c243d11b77adf961ac:38,38,342,e3c3b58ab861072a0019145b330ddbe74b88d2f6299ebdb4ba6ebe20e474a28c,,,0.2411794873049502
dev512,2178613957f459f82b3418cfda92ce24f61b4fa85dbff4c243d11b77adf961ac,2178613957f459f82b3418cfda92ce24f61b4fa85dbff4c243d11b77adf961ac:39,39,230,dc3edc571bd1df0c9d2f5f2ed7fc90ba84e25da1c2710c43f52ea954864a8b83,,,0.22145231414096922
dev512,2178613957f459f82b3418cfda92ce24f61b4fa85dbff4c243d11b77adf961ac,2178613957f459f82b3418cfda92ce24f61b4fa85dbff4c243d11b77adf961ac:40,40,174,a612fbf2e5a9986e66c7353306ca21f2ad8706713c2e29d003e26880bf3fe1bf,,,0.3382297071656202
dev512,2178613957f459f82b3418cfda92ce24f61b4fa85dbff4c243d11b77adf961ac,2178613957f459f82b3418cfda92ce24f61b4fa85dbff4c243d11b77adf961ac:41,41,149,65da8c7bdaff7619833975fcec36337a1e1e7440d590a639da05b04b2971ed4f,,,0.2866783848470311
dev512,2178613957f459f82b3418cfda92ce24f61b4fa85dbff4c243d11b77adf961ac,2178613957f459f82b3418cfda92ce24f61b4fa85dbff4c243d11b77adf961ac:42,42,362,89b7e9a46c38f5009050bbe825d06569f678fca61557c91c68a6692acf8d8269,,,0.2784168742370172
dev512,2178613957f459f82b3418cfda92ce24f61b4fa85dbff4c243d11b77adf961ac,2178613957f459f82b3418cfda92ce24f61b4fa85dbff4c243d11b77adf961ac:43,43,362,9bfa8ccd15ff6f6fea8c4e918a5cf87e6715b82399ee35386b0c554bd9572dab,,,0.2784168667864366
dev512,2178613957f459f82b3418cfda92ce24f61b4fa85dbff4c243d11b77adf961ac,2178613957f459f82b3418cfda92ce24f61b4fa85dbff4c243d11b77adf961ac:44,44,362,9bfa8ccd15ff6f6fea8c4e918a5cf87e6715b82399ee35386b0c554bd9572dab,,,0.2784168667864366
dev512,2178613957f459f82b3418cfda92ce24f61b4fa85dbff4c243d11b77adf961ac,2178613957f459f82b3418cfda92ce24f61b4fa85dbff4c243d11b77adf961ac:45,45,399,58af8a9cb7d4248363ed127019160f58dafa208d11cf49b2e0bd0be81d7089b3,,,0.27843348702586557
dev512,2178613957f459f82b3418cfda92ce24f61b4fa85dbff4c243d11b77adf961ac,2178613957f459f82b3418cfda92ce24f61b4fa85dbff4c243d11b77adf961ac:46,46,399,b688797cd24e215c8b6f7715535a0313269d20c0817dfab3120984f6db338ed6,,,0.27843350192702676
dev512,2178613957f459f82b3418cfda92ce24f61b4fa85dbff4c243d11b77adf961ac,2178613957f459f82b3418cfda92ce24f61b4fa85dbff4c243d11b77adf961ac:47,47,399,b688797cd24e215c8b6f7715535a0313269d20c0817dfab3120984f6db338ed6,,,0.27843350192702676
dev512,2178613957f459f82b3418cfda92ce24f61b4fa85dbff4c243d11b77adf961ac,2178613957f459f82b3418cfda92ce24f61b4fa85dbff4c243d11b77adf961ac:48,48,39,f97d9c9ea6c93bf65dc0dfe84ff7b19cfda0af58f2ae73787de23411e326e23f,,,0.2394598268833702
dev512,2178613957f459f82b3418cfda92ce24f61b4fa85dbff4c243d11b77adf961ac,2178613957f459f82b3418cfda92ce24f61b4fa85dbff4c243d11b77adf961ac:49,49,84,ff18e8edc03153a1abfeb61f3948b9863fdc489244f573be2fcc7016809424cf,,,0.20835734443817278
dev512,2178613957f459f82b3418cfda92ce24f61b4fa85dbff4c243d11b77adf961ac,2178613957f459f82b3418cfda92ce24f61b4fa85dbff4c243d11b77adf961ac:50,50,84,b30a45d29f7b6569d0d27616402efa0ac1cd21f2d8bf74da8afc845caaad0468,,,0.20835734443817278
dev512,2178613957f459f82b3418cfda92ce24f61b4fa85dbff4c243d11b77adf961ac,2178613957f459f82b3418cfda92ce24f61b4fa85dbff4c243d11b77adf961ac:51,51,84,3b69451ea2e53a30c6f47d537324f4240847da66d309cac251efe7069f34c348,,,0.20835734443817278
dev512,2178613957f459f82b3418cfda92ce24f61b4fa85dbff4c243d11b77adf961ac,2178613957f459f82b3418cfda92ce24f61b4fa85dbff4c243d11b77adf961ac:52,52,84,b30a45d29f7b6569d0d27616402efa0ac1cd21f2d8bf74da8afc845caaad0468,,,0.20835734443817278
dev512,2178613957f459f82b3418cfda92ce24f61b4fa85dbff4c243d11b77adf961ac,2178613957f459f82b3418cfda92ce24f61b4fa85dbff4c243d11b77adf961ac:53,53,84,3b69451ea2e53a30c6f47d537324f4240847da66d309cac251efe7069f34c348,,,0.20835734443817278
dev512,2178613957f459f82b3418cfda92ce24f61b4fa85dbff4c243d11b77adf961ac,2178613957f459f82b3418cfda92ce24f61b4fa85dbff4c243d11b77adf961ac:54,54,84,b30a45d29f7b6569d0d27616402efa0ac1cd21f2d8bf74da8afc845caaad0468,,,0.20835734443817278
dev512,2178613957f459f82b3418cfda92ce24f61b4fa85dbff4c243d11b77adf961ac,2178613957f459f82b3418cfda92ce24f61b4fa85dbff4c243d11b77adf961ac:55,55,84,3b69451ea2e53a30c6f47d537324f4240847da66d309cac251efe7069f34c348,,,0.20835734443817278
dev512,2178613957f459f82b3418cfda92ce24f61b4fa85dbff4c243d11b77adf961ac,2178613957f459f82b3418cfda92ce24f61b4fa85dbff4c243d11b77adf961ac:56,56,84,3b69451ea2e53a30c6f47d537324f4240847da66d309cac251efe7069f34c348,,,0.20835734443817278
dev512,2178613957f459f82b3418cfda92ce24f61b4fa85dbff4c243d11b77adf961ac,2178613957f459f82b3418cfda92ce24f61b4fa85dbff4c243d11b77adf961ac:57,57,15,9bc197b5a45a288d3edc374c5e8c389021ec966f7872b3f9a7b6989a42e85f58,,,0.20406727073377096
dev512,2178613957f459f82b3418cfda92ce24f61b4fa85dbff4c243d11b77adf961ac,2178613957f459f82b3418cfda92ce24f61b4fa85dbff4c243d11b77adf961ac:58,58,15,33e01ffc94e8779903d40c4a4e2aa7beb2ae1e2477e82d3c24e01a345713e220,,,0.20406726793980323
dev512,2178613957f459f82b3418cfda92ce24f61b4fa85dbff4c243d11b77adf961ac,2178613957f459f82b3418cfda92ce24f61b4fa85dbff4c243d11b77adf961ac:59,59,15,9bc197b5a45a288d3edc374c5e8c389021ec966f7872b3f9a7b6989a42e85f58,,,0.20406727073377096
dev512,2178613957f459f82b3418cfda92ce24f61b4fa85dbff4c243d11b77adf961ac,2178613957f459f82b3418cfda92ce24f61b4fa85dbff4c243d11b77adf961ac:60,60,15,33e01ffc94e8779903d40c4a4e2aa7beb2ae1e2477e82d3c24e01a345713e220,,,0.20406726793980323
dev512,2178613957f459f82b3418cfda92ce24f61b4fa85dbff4c243d11b77adf961ac,2178613957f459f82b3418cfda92ce24f61b4fa85dbff4c243d11b77adf961ac:61,61,15,33e01ffc94e8779903d40c4a4e2aa7beb2ae1e2477e82d3c24e01a345713e220,,,0.20406726793980323
dev512,2178613957f459f82b3418cfda92ce24f61b4fa85dbff4c243d11b77adf961ac,2178613957f459f82b3418cfda92ce24f61b4fa85dbff4c243d11b77adf961ac:62,62,363,21bcaaede970353b1e1cd3c61e4506cffe6c74cd4fdfa5e91b0c605b1149856f,,,0.24251095112401144
dev512,2178613957f459f82b3418cfda92ce24f61b4fa85dbff4c243d11b77adf961ac,2178613957f459f82b3418cfda92ce24f61b4fa85dbff4c243d11b77adf961ac:63,63,140,50687a387d79a39666e14430dad138dbdc2fbea0293ac065a19147d497896cd5,,,0.3386672805094273
dev512,2178613957f459f82b3418cfda92ce24f61b4fa85dbff4c243d11b77adf961ac,2178613957f459f82b3418cfda92ce24f61b4fa85dbff4c243d11b77adf961ac:64,64,236,d7840e63849bb3ce84f22a3d146d8953fca8c46002c7fd37545c4070cf0ec6f1,,,0.3064448626940429
dev512,2178613957f459f82b3418cfda92ce24f61b4fa85dbff4c243d11b77adf961ac,2178613957f459f82b3418cfda92ce24f61b4fa85dbff4c243d11b77adf961ac:65,65,35,f0be2fd25522d4a47976c68b48d8a81d1aaa00cae17922adfe0acc4c7ed9d2a4,,,0.26162375899701706
dev512,2178613957f459f82b3418cfda92ce24f61b4fa85dbff4c243d11b77adf961ac,2178613957f459f82b3418cfda92ce24f61b4fa85dbff4c243d11b77adf961ac:66,66,192,fb96c1f7b4b24ab9613c9a8f00f6a8337a2c14d7a29ce1cedd7c748d9db34b6e,,,0.30162170424702484
dev512,2178613957f459f82b3418cfda92ce24f61b4fa85dbff4c243d11b77adf961ac,2178613957f459f82b3418cfda92ce24f61b4fa85dbff4c243d11b77adf961ac:67,67,192,8afd828d8d7f1afd9296fa76ea29d498696087d012207641a4c2f429295b759c,,,0.30162170424702484
dev512,2178613957f459f82b3418cfda92ce24f61b4fa85dbff4c243d11b77adf961ac,2178613957f459f82b3418cfda92ce24f61b4fa85dbff4c243d11b77adf961ac:68,68,99,2272f609b0002c3d320b0723af4a8d12bc4be2307f3af9442fe311ed24b09258,,,0.2591101898339627
dev512,2178613957f459f82b3418cfda92ce24f61b4fa85dbff4c243d11b77adf961ac,2178613957f459f82b3418cfda92ce24f61b4fa85dbff4c243d11b77adf961ac:69,69,489,d6c1d89829140482dc6d8a705aff5c4a47b41ec9e1bfd5bd201e72f862716ec1,,,0.26976988522565903
dev512,2178613957f459f82b3418cfda92ce24f61b4fa85dbff4c243d11b77adf961ac,2178613957f459f82b3418cfda92ce24f61b4fa85dbff4c243d11b77adf961ac:70,70,484,745964c0da2cc266687c88913bca31c9929dc4f35030c997d8b9d398663442f2,,,0.25144227717625833
dev512,2178613957f459f82b3418cfda92ce24f61b4fa85dbff4c243d11b77adf961ac,2178613957f459f82b3418cfda92ce24f61b4fa85dbff4c243d11b77adf961ac:71,71,484,dd21d7e75ed8088d08c96f8bbe52c48aa198a8c7630c8e08a5ab3fc9a6924a6b,,,0.2514422706570003
dev512,2178613957f459f82b3418cfda92ce24f61b4fa85dbff4c243d11b77adf961ac,2178613957f459f82b3418cfda92ce24f61b4fa85dbff4c243d11b77adf961ac:72,72,49,37f261f5c4113ab55e01bcc3033db414092b1ac38f7a36a40b993ba134035378,,,0.13394070355816512
dev512,2178613957f459f82b3418cfda92ce24f61b4fa85dbff4c243d11b77adf961ac,2178613957f459f82b3418cfda92ce24f61b4fa85dbff4c243d11b77adf961ac:73,73,493,e379f79ca579625d8256065488ac27abacaa2ec9fee4b57ac60a1ed727f2a91c,,,0.1963913197030639
dev512,2178613957f459f82b3418cfda92ce24f61b4fa85dbff4c243d11b77adf961ac,2178613957f459f82b3418cfda92ce24f61b4fa85dbff4c243d11b77adf961ac:74,74,493,2ea425b1d4bb1be0ba83045fd986c886a4da20ddc7f9a31dc41bc1269ea8f8cd,,,0.1963913159777736
dev512,2178613957f459f82b3418cfda92ce24f61b4fa85dbff4c243d11b77adf961ac,2178613957f459f82b3418cfda92ce24f61b4fa85dbff4c243d11b77adf961ac:75,75,493,c717463dc9b122bb6a7d1411cf4fded8f4d691aed9396bcdf06c005c7ba62857,,,0.19639132994761221
dev512,2178613957f459f82b3418cfda92ce24f61b4fa85dbff4c243d11b77adf961ac,2178613957f459f82b3418cfda92ce24f61b4fa85dbff4c243d11b77adf961ac:76,76,493,2ea425b1d4bb1be0ba83045fd986c886a4da20ddc7f9a31dc41bc1269ea8f8cd,,,0.1963913159777736
dev512,2178613957f459f82b3418cfda92ce24f61b4fa85dbff4c243d11b77adf961ac,2178613957f459f82b3418cfda92ce24f61b4fa85dbff4c243d11b77adf961ac:77,77,493,c717463dc9b122bb6a7d1411cf4fded8f4d691aed9396bcdf06c005c7ba62857,,,0.19639132994761221
dev512,2178613957f459f82b3418cfda92ce24f61b4fa85dbff4c243d11b77adf961ac,2178613957f459f82b3418cfda92ce24f61b4fa85dbff4c243d11b77adf961ac:78,78,493,c717463dc9b122bb6a7d1411cf4fded8f4d691aed9396bcdf06c005c7ba62857,,,0.19639132994761221
dev512,2178613957f459f82b3418cfda92ce24f61b4fa85dbff4c243d11b77adf961ac,2178613957f459f82b3418cfda92ce24f61b4fa85dbff4c243d11b77adf961ac:79,79,171,854dc22c9c019a097bde46e001bb99e0cac704712bb4a8b78fdbb24d09a76426,,,0.273807342714518
dev512,2178613957f459f82b3418cfda92ce24f61b4fa85dbff4c243d11b77adf961ac,2178613957f459f82b3418cfda92ce24f61b4fa85dbff4c243d11b77adf961ac:80,80,190,4c164206d7d8c9106a1cbb5197e0ee4c1154401e59367f6f925dd532caaa501c,,,0.22750892930249345
dev512,2178613957f459f82b3418cfda92ce24f61b4fa85dbff4c243d11b77adf961ac,2178613957f459f82b3418cfda92ce24f61b4fa85dbff4c243d11b77adf961ac:81,81,237,1419744b2510d96078beccd19670db433f0308b8fe95c231aedd5ad2fd64d93b,,,0.28456739812693055
dev512,2178613957f459f82b3418cfda92ce24f61b4fa85dbff4c243d11b77adf961ac,2178613957f459f82b3418cfda92ce24f61b4fa85dbff4c243d11b77adf961ac:82,82,237,a6a45a9fb54d2df6fadd97e690fef2f8909060db48467b9cd2a8ce7c10956876,,,0.28456737577518876
dev512,2178613957f459f82b3418cfda92ce24f61b4fa85dbff4c243d11b77adf961ac,2178613957f459f82b3418cfda92ce24f61b4fa85dbff4c243d11b77adf961ac:83,83,87,d475fcdace726b16f6e4cf9828f7e65c7699339ce35bfe30b93307548f8f580b,,,0.21803571767336755
dev512,2178613957f459f82b3418cfda92ce24f61b4fa85dbff4c243d11b77adf961ac,2178613957f459f82b3418cfda92ce24f61b4fa85dbff4c243d11b77adf961ac:84,84,288,431fbdde7a6366a86bf3c352cc039373e7089bc1161836db1e4325dc1d4b9f9f,,,0.20709622817144047
dev512,2178613957f459f82b3418cfda92ce24f61b4fa85dbff4c243d11b77adf961ac,2178613957f459f82b3418cfda92ce24f61b4fa85dbff4c243d11b77adf961ac:85,85,288,431fbdde7a6366a86bf3c352cc039373e7089bc1161836db1e4325dc1d4b9f9f,,,0.20709622817144047
dev512,2178613957f459f82b3418cfda92ce24f61b4fa85dbff4c243d11b77adf961ac,2178613957f459f82b3418cfda92ce24f61b4fa85dbff4c243d11b77adf961ac:86,86,272,6fa44cca381228bfce4ab044eace65720388f62abf1ef774d3dd3f5ab1c58fc5,,,0.21303177399824147
dev512,2178613957f459f82b3418cfda92ce24f61b4fa85dbff4c243d11b77adf961ac,2178613957f459f82b3418cfda92ce24f61b4fa85dbff4c243d11b77adf961ac:87,87,272,0cc6e74fdd5b08174b8d7b461e607f31c8c5964f9821c54847cf52082f032d86,,,0.21303174419591908
dev512,2178613957f459f82b3418cfda92ce24f61b4fa85dbff4c243d11b77adf961ac,2178613957f459f82b3418cfda92ce24f61b4fa85dbff4c243d11b77adf961ac:88,88,272,ac65781da10d1c63361162868b2e98431c3807cc2e4564abd1effcfd302812e0,,,0.21303177399824147
dev512,2178613957f459f82b3418cfda92ce24f61b4fa85dbff4c243d11b77adf961ac,2178613957f459f82b3418cfda92ce24f61b4fa85dbff4c243d11b77adf961ac:89,89,272,82a22c6a37a06b1a3147100d3021d4950acc7d5e784955ddb1f9e87ae8097b50,,,0.21303176654766087
dev512,2178613957f459f82b3418cfda92ce24f61b4fa85dbff4c243d11b77adf961ac,2178613957f459f82b3418cfda92ce24f61b4fa85dbff4c243d11b77adf961ac:90,90,272,82a22c6a37a06b1a3147100d3021d4950acc7d5e784955ddb1f9e87ae8097b50,,,0.21303176654766087
dev512,2178613957f459f82b3418cfda92ce24f61b4fa85dbff4c243d11b77adf961ac,2178613957f459f82b3418cfda92ce24f61b4fa85dbff4c243d11b77adf961ac:91,91,491,f370d1f65f7a0dd37bd0f6df827edea89c212d697318d8a642d626d71dba0efb,,,0.2587686016760278
dev512,2178613957f459f82b3418cfda92ce24f61b4fa85dbff4c243d11b77adf961ac,2178613957f459f82b3418cfda92ce24f61b4fa85dbff4c243d11b77adf961ac:92,92,82,682dc63ccf4a6fdfb1969bd28ab292f934f6758963fa54f0906f57ff58c5660d,,,0.16931685429156684
dev512,2178613957f459f82b3418cfda92ce24f61b4fa85dbff4c243d11b77adf961ac,2178613957f459f82b3418cfda92ce24f61b4fa85dbff4c243d11b77adf961ac:93,93,82,9d61298a43662f735a2df7f12226473d2d757c78966a931f2e9d01697c98e508,,,0.16931686919272804
dev512,2178613957f459f82b3418cfda92ce24f61b4fa85dbff4c243d11b77adf961ac,2178613957f459f82b3418cfda92ce24f61b4fa85dbff4c243d11b77adf961ac:94,94,82,9d61298a43662f735a2df7f12226473d2d757c78966a931f2e9d01697c98e508,,,0.16931686919272804
dev512,2178613957f459f82b3418cfda92ce24f61b4fa85dbff4c243d11b77adf961ac,2178613957f459f82b3418cfda92ce24f61b4fa85dbff4c243d11b77adf961ac:95,95,82,423f7060cbd79ba04af4fdb3aba78dc3852fa9ceae2db140cf544863e8c9c253,,,0.16931686919272804
dev512,2178613957f459f82b3418cfda92ce24f61b4fa85dbff4c243d11b77adf961ac,2178613957f459f82b3418cfda92ce24f61b4fa85dbff4c243d11b77adf961ac:96,96,330,f314cb6329600163bd7cb2baecccbc17be991e2f807d518cf09ad155c03d2480,,,0.16860089283050372
dev512,2178613957f459f82b3418cfda92ce24f61b4fa85dbff4c243d11b77adf961ac,2178613957f459f82b3418cfda92ce24f61b4fa85dbff4c243d11b77adf961ac:97,97,330,49c8b49bdc1097917b7c03f77fdc5abd02bd37644700affbc5b5b2b62a373406,,,0.16860089283050372
dev512,2178613957f459f82b3418cfda92ce24f61b4fa85dbff4c243d11b77adf961ac,2178613957f459f82b3418cfda92ce24f61b4fa85dbff4c243d11b77adf961ac:98,98,372,dee817a423cd39d8b61d6dbc1e9eba4e8a77d76f0daf8b4cb42af6e6c4273499,,,0.28323585839253906
dev512,2178613957f459f82b3418cfda92ce24f61b4fa85dbff4c243d11b77adf961ac,2178613957f459f82b3418cfda92ce24f61b4fa85dbff4c243d11b77adf961ac:99,99,372,da2e9b53d7a247b139c813cc0c313fd257c332a9b995327ce45cdb0e2501cae9,,,0.2832358569955552
dev512,2178613957f459f82b3418cfda92ce24f61b4fa85dbff4c243d11b77adf961ac,2178613957f459f82b3418cfda92ce24f61b4fa85dbff4c243d11b77adf961ac:100,100,372,da2e9b53d7a247b139c813cc0c313fd257c332a9b995327ce45cdb0e2501cae9,,,0.2832358569955552
dev512,2178613957f459f82b3418cfda92ce24f61b4fa85dbff4c243d11b77adf961ac,2178613957f459f82b3418cfda92ce24f61b4fa85dbff4c243d11b77adf961ac:101,101,55,9ba0df62e563197127b25ef0df1f7cea6440f8904a1acb809c1ce013f3d16b65,,,0.22951567666121198
dev512,2178613957f459f82b3418cfda92ce24f61b4fa85dbff4c243d11b77adf961ac,2178613957f459f82b3418cfda92ce24f61b4fa85dbff4c243d11b77adf961ac:102,102,55,9ba0df62e563197127b25ef0df1f7cea6440f8904a1acb809c1ce013f3d16b65,,,0.22951567666121198
dev512,2178613957f459f82b3418cfda92ce24f61b4fa85dbff4c243d11b77adf961ac,2178613957f459f82b3418cfda92ce24f61b4fa85dbff4c243d11b77adf961ac:103,103,427,8946dec901daf77b0aa6b900a20fbfea095524c1c2fe32f40af88cce79222d76,,,0.30242802932716795
dev512,2178613957f459f82b3418cfda92ce24f61b4fa85dbff4c243d11b77adf961ac,2178613957f459f82b3418cfda92ce24f61b4fa85dbff4c243d11b77adf961ac:104,104,102,b3008c13584fb65a086ecffe4b0e21c26df198c857fbf4908e962a9594124610,,,0.3172767382125239
dev512,2178613957f459f82b3418cfda92ce24f61b4fa85dbff4c243d11b77adf961ac,2178613957f459f82b3418cfda92ce24f61b4fa85dbff4c243d11b77adf961ac:105,105,102,b3008c13584fb65a086ecffe4b0e21c26df198c857fbf4908e962a9594124610,,,0.3172767382125239
dev512,2178613957f459f82b3418cfda92ce24f61b4fa85dbff4c243d11b77adf961ac,2178613957f459f82b3418cfda92ce24f61b4fa85dbff4c243d11b77adf961ac:106,106,376,08a8971f6f80957509d4a7dc7f816c21e8bb6f6dd229011c0ee0dc4f919917d2,,,0.30440139693738844
dev512,2178613957f459f82b3418cfda92ce24f61b4fa85dbff4c243d11b77adf961ac,2178613957f459f82b3418cfda92ce24f61b4fa85dbff4c243d11b77adf961ac:107,107,422,7dfda1d8a2ab7f5ffdac7705b8272356b26d86dd2fbc9cb9213b775cd630effb,,,0.26059440457162597
dev512,2178613957f459f82b3418cfda92ce24f61b4fa85dbff4c243d11b77adf961ac,2178613957f459f82b3418cfda92ce24f61b4fa85dbff4c243d11b77adf961ac:108,108,100,e0c03c2bc6f118c535654b248be363c9b5c691d617c3e5b0d88ba4b7225259f3,,,0.25339520523911085
dev512,2178613957f459f82b3418cfda92ce24f61b4fa85dbff4c243d11b77adf961ac,2178613957f459f82b3418cfda92ce24f61b4fa85dbff4c243d11b77adf961ac:109,109,100,6bbdd37b932dcb2bc4945618f8c1f082bab5cffcdb47157078a1e5e1f35bff55,,,0.25339519033794966
dev512,2178613957f459f82b3418cfda92ce24f61b4fa85dbff4c243d11b77adf961ac,2178613957f459f82b3418cfda92ce24f61b4fa85dbff4c243d11b77adf961ac:110,110,100,6bbdd37b932dcb2bc4945618f8c1f082bab5cffcdb47157078a1e5e1f35bff55,,,0.25339519033794966
dev512,2178613957f459f82b3418cfda92ce24f61b4fa85dbff4c243d11b77adf961ac,2178613957f459f82b3418cfda92ce24f61b4fa85dbff4c243d11b77adf961ac:111,111,463,eb5fdeeadec44360c1aab3d618caa1f032030946e53fddb374d8ee0f2bb10967,,,0.3619968072359775
dev512,2178613957f459f82b3418cfda92ce24f61b4fa85dbff4c243d11b77adf961ac,2178613957f459f82b3418cfda92ce24f61b4fa85dbff4c243d11b77adf961ac:112,112,444,7a0d900880c7330cca4dcc3a11fa6a2e59bd5252385fb748216472587c6256d5,,,0.24829590791505352
dev512,2178613957f459f82b3418cfda92ce24f61b4fa85dbff4c243d11b77adf961ac,2178613957f459f82b3418cfda92ce24f61b4fa85dbff4c243d11b77adf961ac:113,113,444,c3c5b03dd4da8cd0849e15b496ef234c8918698c8fe5a4a319a867785cce4b35,,,0.2482959228162147
dev512,2178613957f459f82b3418cfda92ce24f61b4fa85dbff4c243d11b77adf961ac,2178613957f459f82b3418cfda92ce24f61b4fa85dbff4c243d11b77adf961ac:114,114,444,97f8f04b36b845b9462493b26c5a4817524a2302aeca376ee95291789e421711,,,0.24829590791505352
dev512,2178613957f459f82b3418cfda92ce24f61b4fa85dbff4c243d11b77adf961ac,2178613957f459f82b3418cfda92ce24f61b4fa85dbff4c243d11b77adf961ac:115,115,444,c3c5b03dd4da8cd0849e15b496ef234c8918698c8fe5a4a319a867785cce4b35,,,0.2482959228162147
dev512,2178613957f459f82b3418cfda92ce24f61b4fa85dbff4c243d11b77adf961ac,2178613957f459f82b3418cfda92ce24f61b4fa85dbff4c243d11b77adf961ac:116,116,444,97f8f04b36b845b9462493b26c5a4817524a2302aeca376ee95291789e421711,,,0.24829590791505352
dev512,2178613957f459f82b3418cfda92ce24f61b4fa85dbff4c243d11b77adf961ac,2178613957f459f82b3418cfda92ce24f61b4fa85dbff4c243d11b77adf961ac:117,117,444,97f8f04b36b845b9462493b26c5a4817524a2302aeca376ee95291789e421711,,,0.24829590791505352
dev512,2178613957f459f82b3418cfda92ce24f61b4fa85dbff4c243d11b77adf961ac,2178613957f459f82b3418cfda92ce24f61b4fa85dbff4c243d11b77adf961ac:118,118,370,dfbf27fb25961692acddb4b5b78f5531e414d72452a8dd0c41bc6e684fbd411b,,,0.23729250927594592
dev512,2178613957f459f82b3418cfda92ce24f61b4fa85dbff4c243d11b77adf961ac,2178613957f459f82b3418cfda92ce24f61b4fa85dbff4c243d11b77adf961ac:119,119,370,dfbf27fb25961692acddb4b5b78f5531e414d72452a8dd0c41bc6e684fbd411b,,,0.23729250927594592
dev512,2178613957f459f82b3418cfda92ce24f61b4fa85dbff4c243d11b77adf961ac,2178613957f459f82b3418cfda92ce24f61b4fa85dbff4c243d11b77adf961ac:120,120,53,964eab321ca52260276f765fc148abd92afb155f12cda6bac97b4316904d0c1e,,,0.2501188788015065
dev512,2178613957f459f82b3418cfda92ce24f61b4fa85dbff4c243d11b77adf961ac,2178613957f459f82b3418cfda92ce24f61b4fa85dbff4c243d11b77adf961ac:121,121,37,6a1676bef9848aad5fac5270a03779042955344501351aa33df205e6fa7f8198,,,0.23069554501021927
dev512,2178613957f459f82b3418cfda92ce24f61b4fa85dbff4c243d11b77adf961ac,2178613957f459f82b3418cfda92ce24f61b4fa85dbff4c243d11b77adf961ac:122,122,183,3881623869a90e084c6bd03c42497efee7c88a84c5899b2a83284810a491e20f,,,0.2809038219108143
dev512,2178613957f459f82b3418cfda92ce24f61b4fa85dbff4c243d11b77adf961ac,2178613957f459f82b3418cfda92ce24f61b4fa85dbff4c243d11b77adf961ac:123,123,183,bc82412e77e226b06d1351909d890cee22070098a22d472e864263104c66565f,,,0.28090380887229827
dev512,2178613957f459f82b3418cfda92ce24f61b4fa85dbff4c243d11b77adf961ac,2178613957f459f82b3418cfda92ce24f61b4fa85dbff4c243d11b77adf961ac:124,124,126,b21072fc627cc43229b0b71ab16706cf13c1aa26eb3af6aa55a5a263951a14aa,,,0.2675452288218838
dev512,2178613957f459f82b3418cfda92ce24f61b4fa85dbff4c243d11b77adf961ac,2178613957f459f82b3418cfda92ce24f61b4fa85dbff4c243d11b77adf961ac:125,125,126,6eadca5b5a8373225a48c1b519c8b4eb89853461e851bb3fcc4869073426553d,,,0.2675452139207226
dev512,2178613957f459f82b3418cfda92ce24f61b4fa85dbff4c243d11b77adf961ac,2178613957f459f82b3418cfda92ce24f61b4fa85dbff4c243d11b77adf961ac:126,126,126,6eadca5b5a8373225a48c1b519c8b4eb89853461e851bb3fcc4869073426553d,,,0.2675452139207226
dev512,2178613957f459f82b3418cfda92ce24f61b4fa85dbff4c243d11b77adf961ac,2178613957f459f82b3418cfda92ce24f61b4fa85dbff4c243d11b77adf961ac:127,127,90,9dbd202e75e41f70cd5d32434bcc1e3e78623c07f7daf34df24ab451fb14aa34,,,0.2215791877467772
dev512,2178613957f459f82b3418cfda92ce24f61b4fa85dbff4c243d11b77adf961ac,2178613957f459f82b3418cfda92ce24f61b4fa85dbff4c243d11b77adf961ac:128,128,90,6ba8a8766d4889d87f92efa72c4a7a0e894920032ad74f06411714ab75d044d7,,,0.2215791877467772
dev512,2178613957f459f82b3418cfda92ce24f61b4fa85dbff4c243d11b77adf961ac,2178613957f459f82b3418cfda92ce24f61b4fa85dbff4c243d11b77adf961ac:129,129,90,7ee4c4ab9b4010b098e28425d8027648d858cb29f46416cf1c792556caa921aa,,,0.2215791877467772
dev512,2178613957f459f82b3418cfda92ce24f61b4fa85dbff4c243d11b77adf961ac,2178613957f459f82b3418cfda92ce24f61b4fa85dbff4c243d11b77adf961ac:130,130,90,4805c3a065e28bce426a916fea37f2f8ef7427681cb15db161e099c7f03e1746,,,0.22157919799132553
dev512,2178613957f459f82b3418cfda92ce24f61b4fa85dbff4c243d11b77adf961ac,2178613957f459f82b3418cfda92ce24f61b4fa85dbff4c243d11b77adf961ac:131,131,90,cc8bc49a2ba1eabf723098ace25a9c1ea6fe52ab33a6236662f48027fc3ab81d,,,0.2215791877467772
dev512,2178613957f459f82b3418cfda92ce24f61b4fa85dbff4c243d11b77adf961ac,2178613957f459f82b3418cfda92ce24f61b4fa85dbff4c243d11b77adf961ac:132,132,90,7ee4c4ab9b4010b098e28425d8027648d858cb29f46416cf1c792556caa921aa,,,0.2215791877467772
dev512,2178613957f459f82b3418cfda92ce24f61b4fa85dbff4c243d11b77adf961ac,2178613957f459f82b3418cfda92ce24f61b4fa85dbff4c243d11b77adf961ac:133,133,90,4805c3a065e28bce426a916fea37f2f8ef7427681cb15db161e099c7f03e1746,,,0.22157919799132553
dev512,2178613957f459f82b3418cfda92ce24f61b4fa85dbff4c243d11b77adf961ac,2178613957f459f82b3418cfda92ce24f61b4fa85dbff4c243d11b77adf961ac:134,134,90,cc8bc49a2ba1eabf723098ace25a9c1ea6fe52ab33a6236662f48027fc3ab81d,,,0.2215791877467772
dev512,2178613957f459f82b3418cfda92ce24f61b4fa85dbff4c243d11b77adf961ac,2178613957f459f82b3418cfda92ce24f61b4fa85dbff4c243d11b77adf961ac:135,135,90,4805c3a065e28bce426a916fea37f2f8ef7427681cb15db161e099c7f03e1746,,,0.22157919799132553
dev512,2178613957f459f82b3418cfda92ce24f61b4fa85dbff4c243d11b77adf961ac,2178613957f459f82b3418cfda92ce24f61b4fa85dbff4c243d11b77adf961ac:136,136,90,cc8bc49a2ba1eabf723098ace25a9c1ea6fe52ab33a6236662f48027fc3ab81d,,,0.2215791877467772
dev512,2178613957f459f82b3418cfda92ce24f61b4fa85dbff4c243d11b77adf961ac,2178613957f459f82b3418cfda92ce24f61b4fa85dbff4c243d11b77adf961ac:137,137,244,ad5b9f2568597baf5430497ddf61f71e812753f2aa86d3927b9b7db4576c031c,,,0.23596688600425209
dev512,2178613957f459f82b3418cfda92ce24f61b4fa85dbff4c243d11b77adf961ac,2178613957f459f82b3418cfda92ce24f61b4fa85dbff4c243d11b77adf961ac:138,138,315,da83e18eb428593d073c74f5662edea7ffe9230aea14f2215a9c2ea62e4e70cf,,,0.3566611388829618
dev512,2178613957f459f82b3418cfda92ce24f61b4fa85dbff4c243d11b77adf961ac,2178613957f459f82b3418cfda92ce24f61b4fa85dbff4c243d11b77adf961ac:139,139,343,5c073c63102b82dee50c7a29ca70fe20f5d1e12636da58a6ed2de59b935ce7ca,,,0.30653002530505125
dev512,2178613957f459f82b3418cfda92ce24f61b4fa85dbff4c243d11b77adf961ac,2178613957f459f82b3418cfda92ce24f61b4fa85dbff4c243d11b77adf961ac:140,140,443,9821f84f1712d6f428bc45380726482100fb5ca4a0ea3cb49df3eb258b9167f3,,,0.3055255844403866
dev512,2178613957f459f82b3418cfda92ce24f61b4fa85dbff4c243d11b77adf961ac,2178613957f459f82b3418cfda92ce24f61b4fa85dbff4c243d11b77adf961ac:141,141,98,bb1a091d7839b45b3cfe61accd8bb7368e0a24a08ef9cbde78c6a3bac4994242,,,0.28489694017610745
dev512,2178613957f459f82b3418cfda92ce24f61b4fa85dbff4c243d11b77adf961ac,2178613957f459f82b3418cfda92ce24f61b4fa85dbff4c243d11b77adf961ac:142,142,98,bb1a091d7839b45b3cfe61accd8bb7368e0a24a08ef9cbde78c6a3bac4994242,,,0.28489694017610745
dev512,2178613957f459f82b3418cfda92ce24f61b4fa85dbff4c243d11b77adf961ac,2178613957f459f82b3418cfda92ce24f61b4fa85dbff4c243d11b77adf961ac:143,143,10,da6530e4806e61decb62a5c5e42a1e495ac52b44e2d5727995f8b006acbbbe11,,,0.26178155655295443
dev512,2178613957f459f82b3418cfda92ce24f61b4fa85dbff4c243d11b77adf961ac,2178613957f459f82b3418cfda92ce24f61b4fa85dbff4c243d11b77adf961ac:144,144,502,ae91b05d712f42dab306b259d661614af3dae7f9e6ec516d0a24d8379028fe54,,,0.3079686588410744
dev512,2178613957f459f82b3418cfda92ce24f61b4fa85dbff4c243d11b77adf961ac,2178613957f459f82b3418cfda92ce24f61b4fa85dbff4c243d11b77adf961ac:145,145,502,ae91b05d712f42dab306b259d661614af3dae7f9e6ec516d0a24d8379028fe54,,,0.3079686588410744
dev512,2178613957f459f82b3418cfda92ce24f61b4fa85dbff4c243d11b77adf961ac,2178613957f459f82b3418cfda92ce24f61b4fa85dbff4c243d11b77adf961ac:146,146,502,280b0e228c82a434e1604976c3f57c37772e27bac2d8308db080bdb6906ffd2c,,,0.3079686616350421
dev512,2178613957f459f82b3418cfda92ce24f61b4fa85dbff4c243d11b77adf961ac,2178613957f459f82b3418cfda92ce24f61b4fa85dbff4c243d11b77adf961ac:147,147,208,e33dea0bcd35aba7f0843141597774cd12e846fbf913f5b5b6ea0f881ccd5b71,,,0.31019851360841666
dev512,2178613957f459f82b3418cfda92ce24f61b4fa85dbff4c243d11b77adf961ac,2178613957f459f82b3418cfda92ce24f61b4fa85dbff4c243d11b77adf961ac:148,148,208,5a858a64d023591f150141c6c819a67e1604618afa34f06dba17fc8f1722673d,,,0.31019852105899726
dev512,2178613957f459f82b3418cfda92ce24f61b4fa85dbff4c243d11b77adf961ac,2178613957f459f82b3418cfda92ce24f61b4fa85dbff4c243d11b77adf961ac:149,149,245,92cf9239bbf1241b8c97bf886cd0a39505276eb76d3c8028de0076c0ae009419,,,0.2301313826430802
dev512,2178613957f459f82b3418cfda92ce24f61b4fa85dbff4c243d11b77adf961ac,2178613957f459f82b3418cfda92ce24f61b4fa85dbff4c243d11b77adf961ac:150,150,380,c071ae601e15e990897b6257e9d720fe9e86ea68b0a9fea3d85fe164d4fd86b1,,,0.29861792445047824
dev512,2178613957f459f82b3418cfda92ce24f61b4fa85dbff4c243d11b77adf961ac,2178613957f459f82b3418cfda92ce24f61b4fa85dbff4c243d11b77adf961ac:151,151,380,0e44c180cd4e2b635429220a24792ffb921cc9264b8fc2f271cee87e6d0ccf90,,,0.29861794680222004
dev512,2178613957f459f82b3418cfda92ce24f61b4fa85dbff4c243d11b77adf961ac,2178613957f459f82b3418cfda92ce24f61b4fa85dbff4c243d11b77adf961ac:152,152,380,0e44c180cd4e2b635429220a24792ffb921cc9264b8fc2f271cee87e6d0ccf90,,,0.29861794680222004
dev512,2178613957f459f82b3418cfda92ce24f61b4fa85dbff4c243d11b77adf961ac,2178613957f459f82b3418cfda92ce24f61b4fa85dbff4c243d11b77adf961ac:153,153,292,f611c384ceb2c4eef91607eb04fd0eb955bd1ca7f8c8f9824c87c4d81bb91493,,,0.22923744058584128
dev512,2178613957f459f82b3418cfda92ce24f61b4fa85dbff4c243d11b77adf961ac,2178613957f459f82b3418cfda92ce24f61b4fa85dbff4c243d11b77adf961ac:154,154,469,30e698335370d328583c27b82667a5d660d19ed7916337215cbea79ca77821e5,,,0.2816819751700381
dev512,2178613957f459f82b3418cfda92ce24f61b4fa85dbff4c243d11b77adf961ac,2178613957f459f82b3418cfda92ce24f61b4fa85dbff4c243d11b77adf961ac:155,155,469,424b5d7b8592c87ca9b875c5ae11bddb57ed560eaa921fcdad06f0282d384547,,,0.2816819751700381
dev512,2178613957f459f82b3418cfda92ce24f61b4fa85dbff4c243d11b77adf961ac,2178613957f459f82b3418cfda92ce24f61b4fa85dbff4c243d11b77adf961ac:156,156,469,0e58c8585ee8435b92e83f7864aa31f4994ec135814bdc2d7a3ca4b1e51d4ad8,,,0.2816819751700381
dev512,2178613957f459f82b3418cfda92ce24f61b4fa85dbff4c243d11b77adf961ac,2178613957f459f82b3418cfda92ce24f61b4fa85dbff4c243d11b77adf961ac:157,157,135,f565817992fa10c27273bf5c93cc939405b69b7e2253b343b163f166c5ff1c20,,,0.24227867179471796
dev512,2178613957f459f82b3418cfda92ce24f61b4fa85dbff4c243d11b77adf961ac,2178613957f459f82b3418cfda92ce24f61b4fa85dbff4c243d11b77adf961ac:158,158,286,7b07e8e1875cc630e6b2c01ddfe5c38e17ffb0dcc4781af6fb255b43b6eba0de,,,0.21882252692949855
dev512,2178613957f459f82b3418cfda92ce24f61b4fa85dbff4c243d11b77adf961ac,2178613957f459f82b3418cfda92ce24f61b4fa85dbff4c243d11b77adf961ac:159,159,437,2cabfdca63dfdc28f7a0230bf9bb3544b5db97b41ce7a8cd26259f809a7915d4,,,0.22473803965366057
dev512,2178613957f459f82b3418cfda92ce24f61b4fa85dbff4c243d11b77adf961ac,2178613957f459f82b3418cfda92ce24f61b4fa85dbff4c243d11b77adf961ac:160,160,117,89a7ac4327e4c663dd2c77566a956859acb18bd5aeab7ed85b4c6859624083b0,,,0.24857961554635333
dev512,2178613957f459f82b3418cfda92ce24f61b4fa85dbff4c243d11b77adf961ac,2178613957f459f82b3418cfda92ce24f61b4fa85dbff4c243d11b77adf961ac:161,161,147,49c58cab88fd5a3a1af6c97c2d4985a8ad548c2f53ff0e6fb4e1419d542c777a,,,0.2378120068139825
dev512,2178613957f459f82b3418cfda92ce24f61b4fa85dbff4c243d11b77adf961ac,2178613957f459f82b3418cfda92ce24f61b4fa85dbff4c243d11b77adf961ac:162,162,191,29ad0c1a8b4b68aae4e58b7d52f5a5fc916d4273cf873bb6a7ba6eb466cf337a,,,0.2868597885275459
dev512,2178613957f459f82b3418cfda92ce24f61b4fa85dbff4c243d11b77adf961ac,2178613957f459f82b3418cfda92ce24f61b4fa85dbff4c243d11b77adf961ac:163,163,191,aa2c816120c986e6d1e5ff1b4a80d49ad532d874a64219c8682efb0d8cdac334,,,0.2868597885275459
dev512,2178613957f459f82b3418cfda92ce24f61b4fa85dbff4c243d11b77adf961ac,2178613957f459f82b3418cfda92ce24f61b4fa85dbff4c243d11b77adf961ac:164,164,191,ace5f19b8e3ed18b3d05f2afb298e1c53386210334162e2a524b09f536e807a8,,,0.2868597885275459
dev512,2178613957f459f82b3418cfda92ce24f61b4fa85dbff4c243d11b77adf961ac,2178613957f459f82b3418cfda92ce24f61b4fa85dbff4c243d11b77adf961ac:165,165,191,aa2c816120c986e6d1e5ff1b4a80d49ad532d874a64219c8682efb0d8cdac334,,,0.2868597885275459
dev512,2178613957f459f82b3418cfda92ce24f61b4fa85dbff4c243d11b77adf961ac,2178613957f459f82b3418cfda92ce24f61b4fa85dbff4c243d11b77adf961ac:166,166,271,c5ab29d22593ad3e9182bbabb58805baaf485900473f57c3de6294ea7feb675b,,,0.3480915414871224
dev512,2178613957f459f82b3418cfda92ce24f61b4fa85dbff4c243d11b77adf961ac,2178613957f459f82b3418cfda92ce24f61b4fa85dbff4c243d11b77adf961ac:167,167,115,bf4141a6e9347ce93468363dea581992f6899b7af5ea10b9bf24741d1bc4a833,,,0.2575280233202038
dev512,2178613957f459f82b3418cfda92ce24f61b4fa85dbff4c243d11b77adf961ac,2178613957f459f82b3418cfda92ce24f61b4fa85dbff4c243d11b77adf961ac:168,168,457,90d11bb3b017a08a50f313412b9e9605db8e56eb5fdc019a6e7b67e946409402,,,0.2935470379074371
dev512,2178613957f459f82b3418cfda92ce24f61b4fa85dbff4c243d11b77adf961ac,2178613957f459f82b3418cfda92ce24f61b4fa85dbff4c243d11b77adf961ac:169,169,457,3f826787bdeb35977c3a06e989e5b64de933ff7ceed02242035e7b9727ecb487,,,0.2935470379074371
dev512,2178613957f459f82b3418cfda92ce24f61b4fa85dbff4c243d11b77adf961ac,2178613957f459f82b3418cfda92ce24f61b4fa85dbff4c243d11b77adf961ac:170,170,457,3f826787bdeb35977c3a06e989e5b64de933ff7ceed02242035e7b9727ecb487,,,0.2935470379074371
dev512,2178613957f459f82b3418cfda92ce24f61b4fa85dbff4c243d11b77adf961ac,2178613957f459f82b3418cfda92ce24f61b4fa85dbff4c243d11b77adf961ac:171,171,1,cca5727cb4ef0e5a07a6b32fc65d5bdf4b79e9aa939c6fc19edf3a88f9a31278,,,0.2546551334144759
dev512,2178613957f459f82b3418cfda92ce24f61b4fa85dbff4c243d11b77adf961ac,2178613957f459f82b3418cfda92ce24f61b4fa85dbff4c243d11b77adf961ac:172,172,197,57e9e18ad62ab6a511c8d2017b53abec63fb07e5235ffc545887001e3e3954a0,,,0.26268290309553866
dev512,2178613957f459f82b3418cfda92ce24f61b4fa85dbff4c243d11b77adf961ac,2178613957f459f82b3418cfda92ce24f61b4fa85dbff4c243d11b77adf961ac:173,173,197,98b60720b23b817c75cbd83fc37652d92c85aa5129013f2ccf7bb4f27ab4032a,,,0.26268290309553866
dev512,2178613957f459f82b3418cfda92ce24f61b4fa85dbff4c243d11b77adf961ac,2178613957f459f82b3418cfda92ce24f61b4fa85dbff4c243d11b77adf961ac:174,174,455,4613d32337bad72ca87d6fb4c5599a7952ce8281d1a2487ed929aed8d6f46799,,,0.2755163087271839
dev512,2178613957f459f82b3418cfda92ce24f61b4fa85dbff4c243d11b77adf961ac,2178613957f459f82b3418cfda92ce24f61b4fa85dbff4c243d11b77adf961ac:175,175,455,5ee1e2f46f16b061a46e81a0da78fbf45fc52bb61aa652ad151055216f8abbac,,,0.2755163161777645
dev512,2178613957f459f82b3418cfda92ce24f61b4fa85dbff4c243d11b77adf961ac,2178613957f459f82b3418cfda92ce24f61b4fa85dbff4c243d11b77adf961ac:176,176,125,1773a7876dc0017ae16b8402c6d1f98ba7c8a7e43aea1d094e4d9090189a98fd,,,0.2871378864661427
dev512,2178613957f459f82b3418cfda92ce24f61b4fa85dbff4c243d11b77adf961ac,2178613957f459f82b3418cfda92ce24f61b4fa85dbff4c243d11b77adf961ac:177,177,229,6fb47bc085f4a278fd8c0a9f0d85aa0055ec659b624a64d98cd0588190970f79,,,0.2521102621321459
dev512,2178613957f459f82b3418cfda92ce24f61b4fa85dbff4c243d11b77adf961ac,2178613957f459f82b3418cfda92ce24f61b4fa85dbff4c243d11b77adf961ac:178,178,229,caaed9d89c7ccdb03ed11822fe78d38a9266e93df56a26b109dbaaa06a07d66a,,,0.2521102621321459
dev512,2178613957f459f82b3418cfda92ce24f61b4fa85dbff4c243d11b77adf961ac,2178613957f459f82b3418cfda92ce24f61b4fa85dbff4c243d11b77adf961ac:179,179,229,caaed9d89c7ccdb03ed11822fe78d38a9266e93df56a26b109dbaaa06a07d66a,,,0.2521102621321459
dev512,2178613957f459f82b3418cfda92ce24f61b4fa85dbff4c243d11b77adf961ac,2178613957f459f82b3418cfda92ce24f61b4fa85dbff4c243d11b77adf961ac:180,180,311,f1bc3d56a305bfb841a72ebc4b63b61dae89769fcdfbde482918ab822ca23ea8,,,0.18113680016162337
dev512,2178613957f459f82b3418cfda92ce24f61b4fa85dbff4c243d11b77adf961ac,2178613957f459f82b3418cfda92ce24f61b4fa85dbff4c243d11b77adf961ac:181,181,311,7ea4e2c014f5e17153f9990b3ade2fdabf5584ec144a70b816b1343d5ffc7fa6,,,0.18113680016162337
dev512,2178613957f459f82b3418cfda92ce24f61b4fa85dbff4c243d11b77adf961ac,2178613957f459f82b3418cfda92ce24f61b4fa85dbff4c243d11b77adf961ac:182,182,311,4ae92a57708e9ad6fe22dec12bcc62d10d1c4a56c340e4efab1b64ae2ef864e0,,,0.18113679271104277
dev512,2178613957f459f82b3418cfda92ce24f61b4fa85dbff4c243d11b77adf961ac,2178613957f459f82b3418cfda92ce24f61b4fa85dbff4c243d11b77adf961ac:183,183,311,7ea4e2c014f5e17153f9990b3ade2fdabf5584ec144a70b816b1343d5ffc7fa6,,,0.18113680016162337
dev512,2178613957f459f82b3418cfda92ce24f61b4fa85dbff4c243d11b77adf961ac,2178613957f459f82b3418cfda92ce24f61b4fa85dbff4c243d11b77adf961ac:184,184,340,b9a447b1aead8d5f6cf1a3da381ffa75b169c5a9b34c795365ef4279387fe88e,,,0.30713344221762945
dev512,2178613957f459f82b3418cfda92ce24f61b4fa85dbff4c243d11b77adf961ac,2178613957f459f82b3418cfda92ce24f61b4fa85dbff4c243d11b77adf961ac:185,185,145,c85d7c14e89d1c20c479a75d084102b25032224c7270ce6025709ffcdd21ab59,,,0.3360976536324418
dev512,2178613957f459f82b3418cfda92ce24f61b4fa85dbff4c243d11b77adf961ac,2178613957f459f82b3418cfda92ce24f61b4fa85dbff4c243d11b77adf961ac:186,186,96,0799413acc66389ce9bbc81cfc049d2addd279f1afd32973bd6e5e4d10d46555,,,0.23486722888453876
dev512,2178613957f459f82b3418cfda92ce24f61b4fa85dbff4c243d11b77adf961ac,2178613957f459f82b3418cfda92ce24f61b4fa85dbff4c243d11b77adf961ac:187,187,96,0799413acc66389ce9bbc81cfc049d2addd279f1afd32973bd6e5e4d10d46555,,,0.23486722888453876
dev512,2178613957f459f82b3418cfda92ce24f61b4fa85dbff4c243d11b77adf961ac,2178613957f459f82b3418cfda92ce24f61b4fa85dbff4c243d11b77adf961ac:188,188,335,52e9a76f2f6a1f62c6215a13ad2ebf1b47512b9bb2dbc27541089ebfd537238f,,,0.26593698593920506
dev512,2178613957f459f82b3418cfda92ce24f61b4fa85dbff4c243d11b77adf961ac,2178613957f459f82b3418cfda92ce24f61b4fa85dbff4c243d11b77adf961ac:189,189,335,765d7827a2a9434f8b746f7dfa62bd53ba0871c1791ffa7e5b1e4b987d948987,,,0.26593698593920506
dev512,2178613957f459f82b3418cfda92ce24f61b4fa85dbff4c243d11b77adf961ac,2178613957f459f82b3418cfda92ce24f61b4fa85dbff4c243d11b77adf961ac:190,190,335,6d42779c496cd754403105d3615a48dea0d88c82d555417198e2d74d6f2c96b9,,,0.26593700084036626
dev512,2178613957f459f82b3418cfda92ce24f61b4fa85dbff4c243d11b77adf961ac,2178613957f459f82b3418cfda92ce24f61b4fa85dbff4c243d11b77adf961ac:191,191,16,1d802ecab9955fa130a26b00e6962c39a191cb2dcd2eb2221a9cc8b15fb2f02f,,,0.20704855817367207
dev512,2178613957f459f82b3418cfda92ce24f61b4fa85dbff4c243d11b77adf961ac,2178613957f459f82b3418cfda92ce24f61b4fa85dbff4c243d11b77adf961ac:192,192,16,4c1199edb25dd9063f4d47198679636f465772686d652ba7aaee83b433fa5e25,,,0.20704855631102692
dev512,2178613957f459f82b3418cfda92ce24f61b4fa85dbff4c243d11b77adf961ac,2178613957f459f82b3418cfda92ce24f61b4fa85dbff4c243d11b77adf961ac:193,193,16,a0af1ed490178a49690d6c39e89ebf913af34d7fd843fca39950d7914ab56455,,,0.20704855817367207
dev512,2178613957f459f82b3418cfda92ce24f61b4fa85dbff4c243d11b77adf961ac,2178613957f459f82b3418cfda92ce24f61b4fa85dbff4c243d11b77adf961ac:194,194,16,a0af1ed490178a49690d6c39e89ebf913af34d7fd843fca39950d7914ab56455,,,0.20704855817367207
dev512,2178613957f459f82b3418cfda92ce24f61b4fa85dbff4c243d11b77adf961ac,2178613957f459f82b3418cfda92ce24f61b4fa85dbff4c243d11b77adf961ac:195,195,107,9ea4c9b989e64c100053e59ad5f03e132b357559e76cf61612923658cde518d5,,,0.3044442247038731
dev512,2178613957f459f82b3418cfda92ce24f61b4fa85dbff4c243d11b77adf961ac,2178613957f459f82b3418cfda92ce24f61b4fa85dbff4c243d11b77adf961ac:196,196,107,22c74fc443610f0ba3f0d25124b6e6414a406c8698c374e3eb44eaf5d5f7cfe5,,,0.3044442284291634
dev512,2178613957f459f82b3418cfda92ce24f61b4fa85dbff4c243d11b77adf961ac,2178613957f459f82b3418cfda92ce24f61b4fa85dbff4c243d11b77adf961ac:197,197,107,f03517a68cb0d6a57964f4dbc6c4b64147f5674d4353aaa062080e5aa3b63361,,,0.3044442247038731
dev512,2178613957f459f82b3418cfda92ce24f61b4fa85dbff4c243d11b77adf961ac,2178613957f459f82b3418cfda92ce24f61b4fa85dbff4c243d11b77adf961ac:198,198,107,22c74fc443610f0ba3f0d25124b6e6414a406c8698c374e3eb44eaf5d5f7cfe5,,,0.3044442284291634
dev512,2178613957f459f82b3418cfda92ce24f61b4fa85dbff4c243d11b77adf961ac,2178613957f459f82b3418cfda92ce24f61b4fa85dbff4c243d11b77adf961ac:199,199,107,f03517a68cb0d6a57964f4dbc6c4b64147f5674d4353aaa062080e5aa3b63361,,,0.3044442247038731
dev512,2178613957f459f82b3418cfda92ce24f61b4fa85dbff4c243d11b77adf961ac,2178613957f459f82b3418cfda92ce24f61b4fa85dbff4c243d11b77adf961ac:200,200,107,f03517a68cb0d6a57964f4dbc6c4b64147f5674d4353aaa062080e5aa3b63361,,,0.3044442247038731
dev512,2178613957f459f82b3418cfda92ce24f61b4fa85dbff4c243d11b77adf961ac,2178613957f459f82b3418cfda92ce24f61b4fa85dbff4c243d11b77adf961ac:201,201,134,5fe099bace14343d1531940364d18dd7655f6480212be9b4b998b5390c52d1a6,,,0.2812841895305316
dev512,2178613957f459f82b3418cfda92ce24f61b4fa85dbff4c243d11b77adf961ac,2178613957f459f82b3418cfda92ce24f61b4fa85dbff4c243d11b77adf961ac:202,202,419,b381508b876659fcb36cebb895829bf419f562ef4659b24e1b84a56faf6f338d,,,0.2387479260730907
dev512,2178613957f459f82b3418cfda92ce24f61b4fa85dbff4c243d11b77adf961ac,2178613957f459f82b3418cfda92ce24f61b4fa85dbff4c243d11b77adf961ac:203,203,295,26bfdec17fb4d1fa3545d11303eae409b5cf2204e765532e93a6f1df39548be9,,,0.2536031891756364
dev512,2178613957f459f82b3418cfda92ce24f61b4fa85dbff4c243d11b77adf961ac,2178613957f459f82b3418cfda92ce24f61b4fa85dbff4c243d11b77adf961ac:204,204,289,bb8aefc8aeb3a7e924aaee886767f65f9715372cf401bc7807247c96ba93b95e,,,0.2879284352366074
dev512,2178613957f459f82b3418cfda92ce24f61b4fa85dbff4c243d11b77adf961ac,2178613957f459f82b3418cfda92ce24f61b4fa85dbff4c243d11b77adf961ac:205,205,289,5dbea8238dd5ea42205b78f49ef7cd5bdc3e36f6b56332ede7626478881a3ebe,,,0.2879284277860268
dev512,2178613957f459f82b3418cfda92ce24f61b4fa85dbff4c243d11b77adf961ac,2178613957f459f82b3418cfda92ce24f61b4fa85dbff4c243d11b77adf961ac:206,206,354,ab351a595ee5243f9f4e7823439616217db1d7ca3a4b75d0f80087dff17087e3,,,0.3755123742109959
dev512,2178613957f459f82b3418cfda92ce24f61b4fa85dbff4c243d11b77adf961ac,2178613957f459f82b3418cfda92ce24f61b4fa85dbff4c243d11b77adf961ac:207,207,354,588e88c400b3f969916a9079d0f08769384001760768470381fdd67139611832,,,0.3755123742109959
dev512,2178613957f459f82b3418cfda92ce24f61b4fa85dbff4c243d11b77adf961ac,2178613957f459f82b3418cfda92ce24f61b4fa85dbff4c243d11b77adf961ac:208,208,354,85204f99ca05c344b25c73866c8d2da4c4fdc04f0d4783495b4cbda9e00696ae,,,0.3755123742109959
dev512,2178613957f459f82b3418cfda92ce24f61b4fa85dbff4c243d11b77adf961ac,2178613957f459f82b3418cfda92ce24f61b4fa85dbff4c243d11b77adf961ac:209,209,354,588e88c400b3f969916a9079d0f08769384001760768470381fdd67139611832,,,0.3755123742109959
dev512,2178613957f459f82b3418cfda92ce24f61b4fa85dbff4c243d11b77adf961ac,2178613957f459f82b3418cfda92ce24f61b4fa85dbff4c243d11b77adf961ac:210,210,354,2653657d7a6a24b704596fb00e3f2f14a6189ffa257af41c74cb2a4c7ee418a8,,,0.3755123853868668
dev512,2178613957f459f82b3418cfda92ce24f61b4fa85dbff4c243d11b77adf961ac,2178613957f459f82b3418cfda92ce24f61b4fa85dbff4c243d11b77adf961ac:211,211,354,85204f99ca05c344b25c73866c8d2da4c4fdc04f0d4783495b4cbda9e00696ae,,,0.3755123742109959
dev512,2178613957f459f82b3418cfda92ce24f61b4fa85dbff4c243d11b77adf961ac,2178613957f459f82b3418cfda92ce24f61b4fa85dbff4c243d11b77adf961ac:212,212,304,2dc41c3a3ce581066ef6b560f94748b0b6e956150746cd5a269b11fa78928faa,,,0.24771923105055715
dev512,2178613957f459f82b3418cfda92ce24f61b4fa85dbff4c243d11b77adf961ac,2178613957f459f82b3418cfda92ce24f61b4fa85dbff4c243d11b77adf961ac:213,213,304,2dc41c3a3ce581066ef6b560f94748b0b6e956150746cd5a269b11fa78928faa,,,0.24771923105055715
dev512,2178613957f459f82b3418cfda92ce24f61b4fa85dbff4c243d11b77adf961ac,2178613957f459f82b3418cfda92ce24f61b4fa85dbff4c243d11b77adf961ac:214,214,304,aebed31f290e67c3a9c0e3397577695068adae22d2060514e266d0e4dd62e846,,,0.2477192403637829
dev512,2178613957f459f82b3418cfda92ce24f61b4fa85dbff4c243d11b77adf961ac,2178613957f459f82b3418cfda92ce24f61b4fa85dbff4c243d11b77adf961ac:215,215,276,8856df96349e089c54cc9190480b256363ee620fa9fe13b290b9f001ed15b900,,,0.23460313595818283
dev512,2178613957f459f82b3418cfda92ce24f61b4fa85dbff4c243d11b77adf961ac,2178613957f459f82b3418cfda92ce24f61b4fa85dbff4c243d11b77adf961ac:216,216,276,dd2e07ff9d2fa2436370d335a2a0253be5b999cb4f5ed5697f125fc5fe92d6be,,,0.23460313595818283
dev512,2178613957f459f82b3418cfda92ce24f61b4fa85dbff4c243d11b77adf961ac,2178613957f459f82b3418cfda92ce24f61b4fa85dbff4c243d11b77adf961ac:217,217,276,dd2e07ff9d2fa2436370d335a2a0253be5b999cb4f5ed5697f125fc5fe92d6be,,,0.23460313595818283
dev512,2178613957f459f82b3418cfda92ce24f61b4fa85dbff4c243d11b77adf961ac,2178613957f459f82b3418cfda92ce24f61b4fa85dbff4c243d11b77adf961ac:218,218,233,8424ea5370521ac569df8e6743f5b25b2579eca99d52f33be4cfe5869cedb54f,,,0.29073962258185415
dev512,2178613957f459f82b3418cfda92ce24f61b4fa85dbff4c243d11b77adf961ac,2178613957f459f82b3418cfda92ce24f61b4fa85dbff4c243d11b77adf961ac:219,219,233,9b7182d7c40a92545aea98ca27905151bf4b6175eccb71e62e2cc3e6fe2f4e76,,,0.29073962258185415
dev512,2178613957f459f82b3418cfda92ce24f61b4fa85dbff4c243d11b77adf961ac,2178613957f459f82b3418cfda92ce24f61b4fa85dbff4c243d11b77adf961ac:220,220,233,dfc5c415741514dec5125f85a68cb0d4c8a2784cac1718d6df955fbab24fe970,,,0.2907396169939187
dev512,2178613957f459f82b3418cfda92ce24f61b4fa85dbff4c243d11b77adf961ac,2178613957f459f82b3418cfda92ce24f61b4fa85dbff4c243d11b77adf961ac:221,221,233,ee16ee764178989a646ea4ed240ba8e8bc81f18ea06cbc7779d2b44c50092f57,,,0.29073962258185415
dev512,2178613957f459f82b3418cfda92ce24f61b4fa85dbff4c243d11b77adf961ac,2178613957f459f82b3418cfda92ce24f61b4fa85dbff4c243d11b77adf961ac:222,222,233,dfc5c415741514dec5125f85a68cb0d4c8a2784cac1718d6df955fbab24fe970,,,0.2907396169939187
dev512,2178613957f459f82b3418cfda92ce24f61b4fa85dbff4c243d11b77adf961ac,2178613957f459f82b3418cfda92ce24f61b4fa85dbff4c243d11b77adf961ac:223,223,233,ee16ee764178989a646ea4ed240ba8e8bc81f18ea06cbc7779d2b44c50092f57,,,0.29073962258185415
dev512,2178613957f459f82b3418cfda92ce24f61b4fa85dbff4c243d11b77adf961ac,2178613957f459f82b3418cfda92ce24f61b4fa85dbff4c243d11b77adf961ac:224,224,233,ee16ee764178989a646ea4ed240ba8e8bc81f18ea06cbc7779d2b44c50092f57,,,0.29073962258185415
dev512,2178613957f459f82b3418cfda92ce24f61b4fa85dbff4c243d11b77adf961ac,2178613957f459f82b3418cfda92ce24f61b4fa85dbff4c243d11b77adf961ac:225,225,325,d3608a0a5c46ea47e7af22a78376e87338cafd6954c1bbe66d6854a45d1e20f3,,,0.27179171178013156
dev512,2178613957f459f82b3418cfda92ce24f61b4fa85dbff4c243d11b77adf961ac,2178613957f459f82b3418cfda92ce24f61b4fa85dbff4c243d11b77adf961ac:226,226,325,cf687229aa5827f3c5d6696b070d5796dfd36714fee6ab843d20b6257faf4982,,,0.27179171178013156
dev512,2178613957f459f82b3418cfda92ce24f61b4fa85dbff4c243d11b77adf961ac,2178613957f459f82b3418cfda92ce24f61b4fa85dbff4c243d11b77adf961ac:227,227,400,5d792c6277234a4e60422e017204e418bd976de2fe94b65f34166e1d73193393,,,0.31693334693497166
dev512,2178613957f459f82b3418cfda92ce24f61b4fa85dbff4c243d11b77adf961ac,2178613957f459f82b3418cfda92ce24f61b4fa85dbff4c243d11b77adf961ac:228,228,400,f418df54bf27ce27c6d832ff7cc3d94e3e7bc0d6cb277b51aca6392a4a5aa0a5,,,0.31693334693497166
dev512,2178613957f459f82b3418cfda92ce24f61b4fa85dbff4c243d11b77adf961ac,2178613957f459f82b3418cfda92ce24f61b4fa85dbff4c243d11b77adf961ac:229,229,400,dbb23497b6b86d32ab9217a68ba41362867cc17ed81fb00f2a906c3ca92fac6a,,,0.31693334693497166
dev512,2178613957f459f82b3418cfda92ce24f61b4fa85dbff4c243d11b77adf961ac,2178613957f459f82b3418cfda92ce24f61b4fa85dbff4c243d11b77adf961ac:230,230,400,f418df54bf27ce27c6d832ff7cc3d94e3e7bc0d6cb277b51aca6392a4a5aa0a5,,,0.31693334693497166
dev512,2178613957f459f82b3418cfda92ce24f61b4fa85dbff4c243d11b77adf961ac,2178613957f459f82b3418cfda92ce24f61b4fa85dbff4c243d11b77adf961ac:231,231,400,dbb23497b6b86d32ab9217a68ba41362867cc17ed81fb00f2a906c3ca92fac6a,,,0.31693334693497166
dev512,2178613957f459f82b3418cfda92ce24f61b4fa85dbff4c243d11b77adf961ac,2178613957f459f82b3418cfda92ce24f61b4fa85dbff4c243d11b77adf961ac:232,232,400,5f33c0ece896ce0ffe3b823bbe1e888a019d387e97de68e913b67dfd58a2df3a,,,0.31693334693497166
dev512,2178613957f459f82b3418cfda92ce24f61b4fa85dbff4c243d11b77adf961ac,2178613957f459f82b3418cfda92ce24f61b4fa85dbff4c243d11b77adf961ac:233,233,275,f51309acc3ca5fa0f665dba1335f38c34577ff82d35940f75c1cedbd01afddd0,,,0.3497910237834965
dev512,2178613957f459f82b3418cfda92ce24f61b4fa85dbff4c243d11b77adf961ac,2178613957f459f82b3418cfda92ce24f61b4fa85dbff4c243d11b77adf961ac:234,234,66,1d5fb82dffd4205231f58f94434517483e06e46fcfd4af2f61f2e6781f9389f1,,,0.30663741111188847
dev512,2178613957f459f82b3418cfda92ce24f61b4fa85dbff4c243d11b77adf961ac,2178613957f459f82b3418cfda92ce24f61b4fa85dbff4c243d11b77adf961ac:235,235,302,c752bbe1d2062316177f4298e2294d1d93257d64a7a0595027ccff8acf6d0606,,,0.3260959515933255
dev512,2178613957f459f82b3418cfda92ce24f61b4fa85dbff4c243d11b77adf961ac,2178613957f459f82b3418cfda92ce24f61b4fa85dbff4c243d11b77adf961ac:236,236,302,72fc41fc78ca350046a26ae322b6b76ca70a6c4764a3aa4bc70ce81c9d7a2b27,,,0.3260959478680352
d03E,140161d99a424b2d367d4c07c1b00a91c1d35713406c144e33003cf551109d48,140161d99a424b2d367d4c07c1b00a91c1d35713406c144e33003cf551109d48:0,0,533,fcfdaba8100a53164bcd1006848e65154b13eb23f4644b28676ae036242e8ba6,533,20996288fe60f6d07ff56ab283c8ac76edb55ac977459c5d77a2c2940353ad20,2.915342012244082e-08
d03E,140161d99a424b2d367d4c07c1b00a91c1d35713406c144e33003cf551109d48,140161d99a424b2d367d4c07c1b00a91c1d35713406c144e33003cf551109d48:1,1,533,614c373ba3428ba2846c673c8b92361420e29827ee18c65c991b3525e7cd3a01,533,20996288fe60f6d07ff56ab283c8ac76edb55ac977459c5d77a2c2940353ad20,9.59037060876966e-09
d03E,140161d99a424b2d367d4c07c1b00a91c1d35713406c144e33003cf551109d48,140161d99a424b2d367d4c07c1b00a91c1d35713406c144e33003cf551109d48:2,2,533,cd831026fd8883b1cc010c0028882167efd0e90bb12165d654bbeca4a959ecde,533,20996288fe60f6d07ff56ab283c8ac76edb55ac977459c5d77a2c2940353ad20,2.4496807249363428e-08
d03E,140161d99a424b2d367d4c07c1b00a91c1d35713406c144e33003cf551109d48,140161d99a424b2d367d4c07c1b00a91c1d35713406c144e33003cf551109d48:3,3,567,3eaba0825b20289729a9cfa51f7ce1ca6467b728806fe204d9e761a5e51ed41e,567,eca73890756de0ead938360c809083e53505d9096f44d1f0e8d51f503fb6a295,1.674341110202704e-08
d03E,140161d99a424b2d367d4c07c1b00a91c1d35713406c144e33003cf551109d48,140161d99a424b2d367d4c07c1b00a91c1d35713406c144e33003cf551109d48:4,4,567,3eaba0825b20289729a9cfa51f7ce1ca6467b728806fe204d9e761a5e51ed41e,567,eca73890756de0ead938360c809083e53505d9096f44d1f0e8d51f503fb6a295,1.674341110202704e-08
d03E,140161d99a424b2d367d4c07c1b00a91c1d35713406c144e33003cf551109d48,140161d99a424b2d367d4c07c1b00a91c1d35713406c144e33003cf551109d48:5,5,567,3eaba0825b20289729a9cfa51f7ce1ca6467b728806fe204d9e761a5e51ed41e,567,eca73890756de0ead938360c809083e53505d9096f44d1f0e8d51f503fb6a295,1.674341110202704e-08
d03E,140161d99a424b2d367d4c07c1b00a91c1d35713406c144e33003cf551109d48,140161d99a424b2d367d4c07c1b00a91c1d35713406c144e33003cf551109d48:6,6,567,3eaba0825b20289729a9cfa51f7ce1ca6467b728806fe204d9e761a5e51ed41e,567,eca73890756de0ead938360c809083e53505d9096f44d1f0e8d51f503fb6a295,1.674341110202704e-08
d03E,140161d99a424b2d367d4c07c1b00a91c1d35713406c144e33003cf551109d48,140161d99a424b2d367d4c07c1b00a91c1d35713406c144e33003cf551109d48:7,7,567,3eaba0825b20289729a9cfa51f7ce1ca6467b728806fe204d9e761a5e51ed41e,567,eca73890756de0ead938360c809083e53505d9096f44d1f0e8d51f503fb6a295,1.674341110202704e-08
d03E,140161d99a424b2d367d4c07c1b00a91c1d35713406c144e33003cf551109d48,140161d99a424b2d367d4c07c1b00a91c1d35713406c144e33003cf551109d48:8,8,567,3eaba0825b20289729a9cfa51f7ce1ca6467b728806fe204d9e761a5e51ed41e,567,eca73890756de0ead938360c809083e53505d9096f44d1f0e8d51f503fb6a295,1.674341110202704e-08
d03E,140161d99a424b2d367d4c07c1b00a91c1d35713406c144e33003cf551109d48,140161d99a424b2d367d4c07c1b00a91c1d35713406c144e33003cf551109d48:9,9,567,d581acf40c6dc15651c5ee682d2b37ebff998a4ea4858634d924ef5117603295,567,eca73890756de0ead938360c809083e53505d9096f44d1f0e8d51f503fb6a295,2.4193991698950867e-08
d03E,140161d99a424b2d367d4c07c1b00a91c1d35713406c144e33003cf551109d48,140161d99a424b2d367d4c07c1b00a91c1d35713406c144e33003cf551109d48:10,10,567,efad40c620d4fae291e430aa41a4bc5046e4b48331a0838df8d7fca9f87c2d35,567,eca73890756de0ead938360c809083e53505d9096f44d1f0e8d51f503fb6a295,3.01624780707499e-08
d03E,140161d99a424b2d367d4c07c1b00a91c1d35713406c144e33003cf551109d48,140161d99a424b2d367d4c07c1b00a91c1d35713406c144e33003cf551109d48:11,11,583,dc719bceb04d20408180d1db0589221e2a211454a8627f784315775f01d5102b,583,9c1ecdeb45d9b58691f3b38321fe3d15c984ea79ca8dc9146e4e0cb93a5f4a3f,2.4096682205154707e-08
d03E,140161d99a424b2d367d4c07c1b00a91c1d35713406c144e33003cf551109d48,140161d99a424b2d367d4c07c1b00a91c1d35713406c144e33003cf551109d48:12,12,583,85e88239e2e3cfcfac75dfd1817c3f02babd39b1cfa0557e0da6592018e873c9,583,9c1ecdeb45d9b58691f3b38321fe3d15c984ea79ca8dc9146e4e0cb93a5f4a3f,2.688694789032553e-08
d03E,140161d99a424b2d367d4c07c1b00a91c1d35713406c144e33003cf551109d48,140161d99a424b2d367d4c07c1b00a91c1d35713406c144e33003cf551109d48:13,13,583,3529c793cc0353ddf7236243b856566da1b8f035fc31849495c9d64800ffde47,583,9c1ecdeb45d9b58691f3b38321fe3d15c984ea79ca8dc9146e4e0cb93a5f4a3f,3.0036522380427755e-08
d03E,140161d99a424b2d367d4c07c1b00a91c1d35713406c144e33003cf551109d48,140161d99a424b2d367d4c07c1b00a91c1d35713406c144e33003cf551109d48:14,14,583,a5ca65d0941d761e2d9f54e7c44f2c0ce95264ef899ea129e1a00136321fe7f5,583,9c1ecdeb45d9b58691f3b38321fe3d15c984ea79ca8dc9146e4e0cb93a5f4a3f,2.3388427861092964e-08
d03E,140161d99a424b2d367d4c07c1b00a91c1d35713406c144e33003cf551109d48,140161d99a424b2d367d4c07c1b00a91c1d35713406c144e33003cf551109d48:15,15,583,1802bdd42c5db14974ced7fcc505bb97f699a440a6120975598a703bc0e8125c,583,9c1ecdeb45d9b58691f3b38321fe3d15c984ea79ca8dc9146e4e0cb93a5f4a3f,2.688694789032553e-08
d03E,140161d99a424b2d367d4c07c1b00a91c1d35713406c144e33003cf551109d48,140161d99a424b2d367d4c07c1b00a91c1d35713406c144e33003cf551109d48:16,16,583,1802bdd42c5db14974ced7fcc505bb97f699a440a6120975598a703bc0e8125c,583,9c1ecdeb45d9b58691f3b38321fe3d15c984ea79ca8dc9146e4e0cb93a5f4a3f,2.688694789032553e-08
d03E,140161d99a424b2d367d4c07c1b00a91c1d35713406c144e33003cf551109d48,140161d99a424b2d367d4c07c1b00a91c1d35713406c144e33003cf551109d48:17,17,583,85e88239e2e3cfcfac75dfd1817c3f02babd39b1cfa0557e0da6592018e873c9,583,9c1ecdeb45d9b58691f3b38321fe3d15c984ea79ca8dc9146e4e0cb93a5f4a3f,2.688694789032553e-08
d03E,140161d99a424b2d367d4c07c1b00a91c1d35713406c144e33003cf551109d48,140161d99a424b2d367d4c07c1b00a91c1d35713406c144e33003cf551109d48:18,18,595,3f4094a9b9985b49756d2e5bb2d55f04e194b5c91c924eb00349613bcc8cae91,595,960e9e406089d5912f7a373b8d07bb05bb4315c7b1e83ac3c9dd8bb8cb9cf7ac,2.8094741866269146e-08
d03E,140161d99a424b2d367d4c07c1b00a91c1d35713406c144e33003cf551109d48,140161d99a424b2d367d4c07c1b00a91c1d35713406c144e33003cf551109d48:19,19,699,1a7ad0fd270dde9b6ecb981334e4fefa7115a31919e25138b1e578e3cf984d4b,699,07b2a7e9119f275e2af752a47b5a182919edf0d8e9fe03d14b0b1641f8f454e8,2.3736281384856284e-08
d03E,140161d99a424b2d367d4c07c1b00a91c1d35713406c144e33003cf551109d48,140161d99a424b2d367d4c07c1b00a91c1d35713406c144e33003cf551109d48:20,20,699,d851a83952c04151f1481bee02e152ae587a575d1ad515e06e26b57056c9ef35,699,07b2a7e9119f275e2af752a47b5a182919edf0d8e9fe03d14b0b1641f8f454e8,1.9104557047455728e-08
d03E,140161d99a424b2d367d4c07c1b00a91c1d35713406c144e33003cf551109d48,140161d99a424b2d367d4c07c1b00a91c1d35713406c144e33003cf551109d48:21,21,699,82e987f7d5531bfb508b1f105cc2d44acde3c365de925e1495896b79300cd7ca,699,07b2a7e9119f275e2af752a47b5a182919edf0d8e9fe03d14b0b1641f8f454e8,2.9609410923114865e-08
d03E,140161d99a424b2d367d4c07c1b00a91c1d35713406c144e33003cf551109d48,140161d99a424b2d367d4c07c1b00a91c1d35713406c144e33003cf551109d48:22,22,699,bfbcf4a3b6a167b695bb8a7380eb1bc50810d876fdd293cc1a19086f0fc28fa7,699,07b2a7e9119f275e2af752a47b5a182919edf0d8e9fe03d14b0b1641f8f454e8,2.9609410923114865e-08
d03E,140161d99a424b2d367d4c07c1b00a91c1d35713406c144e33003cf551109d48,140161d99a424b2d367d4c07c1b00a91c1d35713406c144e33003cf551109d48:23,23,699,1a7ad0fd270dde9b6ecb981334e4fefa7115a31919e25138b1e578e3cf984d4b,699,07b2a7e9119f275e2af752a47b5a182919edf0d8e9fe03d14b0b1641f8f454e8,2.3736281384856284e-08
d03E,140161d99a424b2d367d4c07c1b00a91c1d35713406c144e33003cf551109d48,140161d99a424b2d367d4c07c1b00a91c1d35713406c144e33003cf551109d48:24,24,699,7c3e4e599b3737d167de5a4a2fa9856008b92158bd5fd92e4899e586ff96d677,699,07b2a7e9119f275e2af752a47b5a182919edf0d8e9fe03d14b0b1641f8f454e8,2.9609410923114865e-08
d03E,140161d99a424b2d367d4c07c1b00a91c1d35713406c144e33003cf551109d48,140161d99a424b2d367d4c07c1b00a91c1d35713406c144e33003cf551109d48:25,25,699,353b6854ade14a80c18c509abb6f16bb1227b46369536758ac425135dde57fa7,699,07b2a7e9119f275e2af752a47b5a182919edf0d8e9fe03d14b0b1641f8f454e8,2.559892653408724e-08
d03E,140161d99a424b2d367d4c07c1b00a91c1d35713406c144e33003cf551109d48,140161d99a424b2d367d4c07c1b00a91c1d35713406c144e33003cf551109d48:26,26,699,725238fd628f5018e0fb7b70dbb8db462985f92b48c4afa13d10835b0f46883f,699,07b2a7e9119f275e2af752a47b5a182919edf0d8e9fe03d14b0b1641f8f454e8,1.506504643256079e-08
d03E,140161d99a424b2d367d4c07c1b00a91c1d35713406c144e33003cf551109d48,140161d99a424b2d367d4c07c1b00a91c1d35713406c144e33003cf551109d48:27,27,699,2ada91bca1ac6f7a2fb7edd8571aa056d4c60aba6ab4bb481abda37d90de92b6,699,07b2a7e9119f275e2af752a47b5a182919edf0d8e9fe03d14b0b1641f8f454e8,7.928686152069986e-09
d03E,140161d99a424b2d367d4c07c1b00a91c1d35713406c144e33003cf551109d48,140161d99a424b2d367d4c07c1b00a91c1d35713406c144e33003cf551109d48:28,28,727,2ec22a459ec204344985c45731ceabcd0577b15b4c9530de5ced6fe94afe0f65,727,0e100fee452966159ae32d94e5b15d0d8fde389d11c558d3966dd39a56c2a1d4,2.7930143087218084e-08
d03E,140161d99a424b2d367d4c07c1b00a91c1d35713406c144e33003cf551109d48,140161d99a424b2d367d4c07c1b00a91c1d35713406c144e33003cf551109d48:29,29,736,681fe4687351b81684abf10accc007833c1712c7880822d22615ae94b839c15c,736,f27ee7783045fa89d2f68e4f353aabe3b7523fccdbc08393c38357bd00a0356c,1.2285095274400248e-08
d03E,140161d99a424b2d367d4c07c1b00a91c1d35713406c144e33003cf551109d48,140161d99a424b2d367d4c07c1b00a91c1d35713406c144e33003cf551109d48:30,30,736,608b38865f9ea58b6b63e364447146f96c88027ae1177852dc87b166be2c14ed,736,f27ee7783045fa89d2f68e4f353aabe3b7523fccdbc08393c38357bd00a0356c,2.7828498172510763e-08
d03E,140161d99a424b2d367d4c07c1b00a91c1d35713406c144e33003cf551109d48,140161d99a424b2d367d4c07c1b00a91c1d35713406c144e33003cf551109d48:31,31,736,bbcde96cb7b7d51f0b6387d2ebfaebf854fab4296c32c2260986a4eebac61e27,736,f27ee7783045fa89d2f68e4f353aabe3b7523fccdbc08393c38357bd00a0356c,1.4894506961127263e-08
d03E,140161d99a424b2d367d4c07c1b00a91c1d35713406c144e33003cf551109d48,140161d99a424b2d367d4c07c1b00a91c1d35713406c144e33003cf551109d48:32,32,736,03148a932a5e51bb0dbd6d86c5f6b36d34ee01532d4f9c9e14ae12a170e707ac,736,f27ee7783045fa89d2f68e4f353aabe3b7523fccdbc08393c38357bd00a0356c,2.346096616978599e-08
d03E,140161d99a424b2d367d4c07c1b00a91c1d35713406c144e33003cf551109d48,140161d99a424b2d367d4c07c1b00a91c1d35713406c144e33003cf551109d48:33,33,742,cfb4d76f04374f47c2306444fdaba700200e7cadf0afa219ecf13977d4a04a41,742,c4aac2c673a738fe05d5bf7ab182b34d1df6432d1e9fa5d21ca6cbc3d7d3b20c,2.7679790792767278e-08
d03E,140161d99a424b2d367d4c07c1b00a91c1d35713406c144e33003cf551109d48,140161d99a424b2d367d4c07c1b00a91c1d35713406c144e33003cf551109d48:34,34,742,cfb4d76f04374f47c2306444fdaba700200e7cadf0afa219ecf13977d4a04a41,742,c4aac2c673a738fe05d5bf7ab182b34d1df6432d1e9fa5d21ca6cbc3d7d3b20c,2.7679790792767278e-08
d03E,140161d99a424b2d367d4c07c1b00a91c1d35713406c144e33003cf551109d48,140161d99a424b2d367d4c07c1b00a91c1d35713406c144e33003cf551109d48:35,35,742,cfb4d76f04374f47c2306444fdaba700200e7cadf0afa219ecf13977d4a04a41,742,c4aac2c673a738fe05d5bf7ab182b34d1df6432d1e9fa5d21ca6cbc3d7d3b20c,2.7679790792767278e-08
d03E,140161d99a424b2d367d4c07c1b00a91c1d35713406c144e33003cf551109d48,140161d99a424b2d367d4c07c1b00a91c1d35713406c144e33003cf551109d48:36,36,742,cfb4d76f04374f47c2306444fdaba700200e7cadf0afa219ecf13977d4a04a41,742,c4aac2c673a738fe05d5bf7ab182b34d1df6432d1e9fa5d21ca6cbc3d7d3b20c,2.7679790792767278e-08
d03E,140161d99a424b2d367d4c07c1b00a91c1d35713406c144e33003cf551109d48,140161d99a424b2d367d4c07c1b00a91c1d35713406c144e33003cf551109d48:37,37,742,7631bd71789e6d01a7d66a09ea48745fea88339d430bd2a4a93599b7fcb07325,742,c4aac2c673a738fe05d5bf7ab182b34d1df6432d1e9fa5d21ca6cbc3d7d3b20c,2.2091855345074407e-08
d03E,140161d99a424b2d367d4c07c1b00a91c1d35713406c144e33003cf551109d48,140161d99a424b2d367d4c07c1b00a91c1d35713406c144e33003cf551109d48:38,38,742,4f909fac7c7782d382fdbc31bbbcb5b9b776c6d8b700deb78544c33369dac703,742,c4aac2c673a738fe05d5bf7ab182b34d1df6432d1e9fa5d21ca6cbc3d7d3b20c,1.702369278877569e-08
d03E,140161d99a424b2d367d4c07c1b00a91c1d35713406c144e33003cf551109d48,140161d99a424b2d367d4c07c1b00a91c1d35713406c144e33003cf551109d48:39,39,742,cfb4d76f04374f47c2306444fdaba700200e7cadf0afa219ecf13977d4a04a41,742,c4aac2c673a738fe05d5bf7ab182b34d1df6432d1e9fa5d21ca6cbc3d7d3b20c,2.7679790792767278e-08
d03E,140161d99a424b2d367d4c07c1b00a91c1d35713406c144e33003cf551109d48,140161d99a424b2d367d4c07c1b00a91c1d35713406c144e33003cf551109d48:40,40,742,cfb4d76f04374f47c2306444fdaba700200e7cadf0afa219ecf13977d4a04a41,742,c4aac2c673a738fe05d5bf7ab182b34d1df6432d1e9fa5d21ca6cbc3d7d3b20c,2.7679790792767278e-08
d03E,140161d99a424b2d367d4c07c1b00a91c1d35713406c144e33003cf551109d48,140161d99a424b2d367d4c07c1b00a91c1d35713406c144e33003cf551109d48:41,41,742,cfb4d76f04374f47c2306444fdaba700200e7cadf0afa219ecf13977d4a04a41,742,c4aac2c673a738fe05d5bf7ab182b34d1df6432d1e9fa5d21ca6cbc3d7d3b20c,2.7679790792767278e-08
d03E,140161d99a424b2d367d4c07c1b00a91c1d35713406c144e33003cf551109d48,140161d99a424b2d367d4c07c1b00a91c1d35713406c144e33003cf551109d48:42,42,805,428d777173a15aa8a57234a0e113857cc1898047c5bffcdb3ef6d7851a7a62aa,805,d4f0e0e1ef1a10b584175e1087f343128465540cf44b6af7637dc9562bacad40,1.8333153994909424e-08
d03E,140161d99a424b2d367d4c07c1b00a91c1d35713406c144e33003cf551109d48,140161d99a424b2d367d4c07c1b00a91c1d35713406c144e33003cf551109d48:43,43,805,4c090799715c81a7a90a26098e00bb3bf2bf71199d775dccd5cc2cd48375a12f,805,d4f0e0e1ef1a10b584175e1087f343128465540cf44b6af7637dc9562bacad40,1.0714868825534296e-08
d03E,140161d99a424b2d367d4c07c1b00a91c1d35713406c144e33003cf551109d48,140161d99a424b2d367d4c07c1b00a91c1d35713406c144e33003cf551109d48:44,44,805,054eda9d4419061f8962e71e269c416085bee518db82592477840ed1ae4807f4,805,d4f0e0e1ef1a10b584175e1087f343128465540cf44b6af7637dc9562bacad40,2.0253173582673867e-08
d03E,140161d99a424b2d367d4c07c1b00a91c1d35713406c144e33003cf551109d48,140161d99a424b2d367d4c07c1b00a91c1d35713406c144e33003cf551109d48:45,45,826,584116c8467ee3cc63813d66cbce4482d2b4fa857f4343313b1ac5d6ed42d28c,826,3a4838fc9c3cf0d21696025fecd829882189cac560869f1fd7b589bff01893cd,2.8557425757469446e-08
d03E,140161d99a424b2d367d4c07c1b00a91c1d35713406c144e33003cf551109d48,140161d99a424b2d367d4c07c1b00a91c1d35713406c144e33003cf551109d48:46,46,826,584116c8467ee3cc63813d66cbce4482d2b4fa857f4343313b1ac5d6ed42d28c,826,3a4838fc9c3cf0d21696025fecd829882189cac560869f1fd7b589bff01893cd,2.8557425757469446e-08
d03E,140161d99a424b2d367d4c07c1b00a91c1d35713406c144e33003cf551109d48,140161d99a424b2d367d4c07c1b00a91c1d35713406c144e33003cf551109d48:47,47,866,a281d5fd3024c99608f9fadb15a716a85ef7e57a290d892459961ad3153786ab,866,3926ec2b44d8a028f2309739827c45a275ba2b8e24a7a4b85af7c99aca521de0,2.8868709200935427e-08
d03E,140161d99a424b2d367d4c07c1b00a91c1d35713406c144e33003cf551109d48,140161d99a424b2d367d4c07c1b00a91c1d35713406c144e33003cf551109d48:48,48,866,f5e1280a2c89b72522773c8cfb3cccf191698bd2f8987569d3c3ba56eaf08199,866,3926ec2b44d8a028f2309739827c45a275ba2b8e24a7a4b85af7c99aca521de0,2.8868709200935427e-08
d03E,140161d99a424b2d367d4c07c1b00a91c1d35713406c144e33003cf551109d48,140161d99a424b2d367d4c07c1b00a91c1d35713406c144e33003cf551109d48:49,49,866,dd405e56b5427f16b6839ab15755e8f9bf5b7685eb6a858cb52c72ee1abb11e2,866,3926ec2b44d8a028f2309739827c45a275ba2b8e24a7a4b85af7c99aca521de0,1.9739724521627977e-08
d03E,140161d99a424b2d367d4c07c1b00a91c1d35713406c144e33003cf551109d48,140161d99a424b2d367d4c07c1b00a91c1d35713406c144e33003cf551109d48:50,50,866,01d9e6d105d7f6f7df80e155f72697362b6b6a4fede5f4ef1795ddf6f2f48e60,866,3926ec2b44d8a028f2309739827c45a275ba2b8e24a7a4b85af7c99aca521de0,2.346501482008989e-08
d03E,140161d99a424b2d367d4c07c1b00a91c1d35713406c144e33003cf551109d48,140161d99a424b2d367d4c07c1b00a91c1d35713406c144e33003cf551109d48:51,51,888,4f647bad01710d3abd797f08979c674787e175193d73ae07efedd29aed925f53,888,ba50588085a93191f769149adb857319760b1fe0335bc9ccd840f14d08945367,2.4454367197890292e-08
d03E,140161d99a424b2d367d4c07c1b00a91c1d35713406c144e33003cf551109d48,140161d99a424b2d367d4c07c1b00a91c1d35713406c144e33003cf551109d48:52,52,901,7861a15bcc1f0bb8915b449ae62e812c825b7c8fc43fb629d02097fde0e04209,901,822f015ccaa583087e87fdc966920fe3842f5fe43566515d6a14846df3d003f8,3.0365936654064285e-08
d03E,140161d99a424b2d367d4c07c1b00a91c1d35713406c144e33003cf551109d48,140161d99a424b2d367d4c07c1b00a91c1d35713406c144e33003cf551109d48:53,53,904,540381c3820b7c44683aadecece220e10543c4d1ed1a9f83df1d41f5923324c6,904,072613cd29aefd759e7145c3982080cc0da97f9ff595b0b4d186817b5d63de4a,2.82782623983735e-08
d03E,140161d99a424b2d367d4c07c1b00a91c1d35713406c144e33003cf551109d48,140161d99a424b2d367d4c07c1b00a91c1d35713406c144e33003cf551109d48:54,54,904,540381c3820b7c44683aadecece220e10543c4d1ed1a9f83df1d41f5923324c6,904,072613cd29aefd759e7145c3982080cc0da97f9ff595b0b4d186817b5d63de4a,2.82782623983735e-08
d03E,140161d99a424b2d367d4c07c1b00a91c1d35713406c144e33003cf551109d48,140161d99a424b2d367d4c07c1b00a91c1d35713406c144e33003cf551109d48:55,55,904,540381c3820b7c44683aadecece220e10543c4d1ed1a9f83df1d41f5923324c6,904,072613cd29aefd759e7145c3982080cc0da97f9ff595b0b4d186817b5d63de4a,2.82782623983735e-08
d03E,140161d99a424b2d367d4c07c1b00a91c1d35713406c144e33003cf551109d48,140161d99a424b2d367d4c07c1b00a91c1d35713406c144e33003cf551109d48:56,56,904,540381c3820b7c44683aadecece220e10543c4d1ed1a9f83df1d41f5923324c6,904,072613cd29aefd759e7145c3982080cc0da97f9ff595b0b4d186817b5d63de4a,2.82782623983735e-08
d03E,140161d99a424b2d367d4c07c1b00a91c1d35713406c144e33003cf551109d48,140161d99a424b2d367d4c07c1b00a91c1d35713406c144e33003cf551109d48:57,57,904,50397c21572be5548e90bcebac0a4e85ed1f7b367c286d5f22450f03ae0cd801,904,072613cd29aefd759e7145c3982080cc0da97f9ff595b0b4d186817b5d63de4a,2.6977646339076955e-08
d03E,140161d99a424b2d367d4c07c1b00a91c1d35713406c144e33003cf551109d48,140161d99a424b2d367d4c07c1b00a91c1d35713406c144e33003cf551109d48:58,58,904,540381c3820b7c44683aadecece220e10543c4d1ed1a9f83df1d41f5923324c6,904,072613cd29aefd759e7145c3982080cc0da97f9ff595b0b4d186817b5d63de4a,2.82782623983735e-08
d03E,140161d99a424b2d367d4c07c1b00a91c1d35713406c144e33003cf551109d48,140161d99a424b2d367d4c07c1b00a91c1d35713406c144e33003cf551109d48:59,59,904,540381c3820b7c44683aadecece220e10543c4d1ed1a9f83df1d41f5923324c6,904,072613cd29aefd759e7145c3982080cc0da97f9ff595b0b4d186817b5d63de4a,2.82782623983735e-08
d03E,140161d99a424b2d367d4c07c1b00a91c1d35713406c144e33003cf551109d48,140161d99a424b2d367d4c07c1b00a91c1d35713406c144e33003cf551109d48:60,60,904,540381c3820b7c44683aadecece220e10543c4d1ed1a9f83df1d41f5923324c6,904,072613cd29aefd759e7145c3982080cc0da97f9ff595b0b4d186817b5d63de4a,2.82782623983735e-08
d03E,140161d99a424b2d367d4c07c1b00a91c1d35713406c144e33003cf551109d48,140161d99a424b2d367d4c07c1b00a91c1d35713406c144e33003cf551109d48:61,61,918,75e267fc59f056fa4ed23cb47c30d9f1a515098e110674e20df4e174141ba167,918,ada6db9b1b253e2146919d508efea2ae3be7165bf93c6fafb820940150703723,1.761510182163306e-08
d03E,140161d99a424b2d367d4c07c1b00a91c1d35713406c144e33003cf551109d48,140161d99a424b2d367d4c07c1b00a91c1d35713406c144e33003cf551109d48:62,62,918,f5eac9e2579c3ffdc65118dcf8a23a61deee5d6c10425deb1f5ee2924fa3c5ed,918,ada6db9b1b253e2146919d508efea2ae3be7165bf93c6fafb820940150703723,1.603960358975698e-08
d03E,140161d99a424b2d367d4c07c1b00a91c1d35713406c144e33003cf551109d48,140161d99a424b2d367d4c07c1b00a91c1d35713406c144e33003cf551109d48:63,63,944,9ae3df9c59864db4e692c0e7b1c7dfc0023568b4894ef34667adbf052dc1d06f,944,de859acefda8bd5d9f71cfc024c0ba83ece427851d5b75ec206a589b88857c46,2.904851881257997e-08
d03E,140161d99a424b2d367d4c07c1b00a91c1d35713406c144e33003cf551109d48,140161d99a424b2d367d4c07c1b00a91c1d35713406c144e33003cf551109d48:64,64,944,3a926a7baec888859c0b4fe5ab4c23fed64574653f8e513195446ad25b4f0c0c,944,de859acefda8bd5d9f71cfc024c0ba83ece427851d5b75ec206a589b88857c46,2.904851881257997e-08
d03E,140161d99a424b2d367d4c07c1b00a91c1d35713406c144e33003cf551109d48,140161d99a424b2d367d4c07c1b00a91c1d35713406c144e33003cf551109d48:65,65,944,9ae3df9c59864db4e692c0e7b1c7dfc0023568b4894ef34667adbf052dc1d06f,944,de859acefda8bd5d9f71cfc024c0ba83ece427851d5b75ec206a589b88857c46,2.904851881257997e-08
d03E,140161d99a424b2d367d4c07c1b00a91c1d35713406c144e33003cf551109d48,140161d99a424b2d367d4c07c1b00a91c1d35713406c144e33003cf551109d48:66,66,944,8b730443d52c7043644c502e6e37997414c4af18f43415fed2384d13bc4e16c5,944,de859acefda8bd5d9f71cfc024c0ba83ece427851d5b75ec206a589b88857c46,2.904851881257997e-08
d03E,140161d99a424b2d367d4c07c1b00a91c1d35713406c144e33003cf551109d48,140161d99a424b2d367d4c07c1b00a91c1d35713406c144e33003cf551109d48:67,67,944,1d7dc121971faca8fce9b4a553e0e2a45e57a33fb6925d95558f06bc08ceeb33,944,de859acefda8bd5d9f71cfc024c0ba83ece427851d5b75ec206a589b88857c46,9.252552723992835e-09
d03E,140161d99a424b2d367d4c07c1b00a91c1d35713406c144e33003cf551109d48,140161d99a424b2d367d4c07c1b00a91c1d35713406c144e33003cf551109d48:68,68,951,e830c2d2647b0956c4c3e5c094dcc70def998ed2d9d5131a685c4a3442263078,951,37c0e8a0cd790371dbcf27732c8e709f0f9ae831dde0d6a4efea430d6f8af378,2.6211499859485343e-08
d03E,140161d99a424b2d367d4c07c1b00a91c1d35713406c144e33003cf551109d48,140161d99a424b2d367d4c07c1b00a91c1d35713406c144e33003cf551109d48:69,69,951,4f7cfb5aba21e276f294bd0b2a98ce1cd9a8a9941474ef7ee97da07bef9b9071,951,37c0e8a0cd790371dbcf27732c8e709f0f9ae831dde0d6a4efea430d6f8af378,1.8630292863974773e-08
d03E,140161d99a424b2d367d4c07c1b00a91c1d35713406c144e33003cf551109d48,140161d99a424b2d367d4c07c1b00a91c1d35713406c144e33003cf551109d48:70,70,951,178cfd564d04b229679cec1aeb9074c1fd1b6e4506bd0def356a8a3ea0786d63,951,37c0e8a0cd790371dbcf27732c8e709f0f9ae831dde0d6a4efea430d6f8af378,2.6211499859485343e-08
d03E,140161d99a424b2d367d4c07c1b00a91c1d35713406c144e33003cf551109d48,140161d99a424b2d367d4c07c1b00a91c1d35713406c144e33003cf551109d48:71,71,951,178cfd564d04b229679cec1aeb9074c1fd1b6e4506bd0def356a8a3ea0786d63,951,37c0e8a0cd790371dbcf27732c8e709f0f9ae831dde0d6a4efea430d6f8af378,2.6211499859485343e-08
d03E,140161d99a424b2d367d4c07c1b00a91c1d35713406c144e33003cf551109d48,140161d99a424b2d367d4c07c1b00a91c1d35713406c144e33003cf551109d48:72,72,951,7395796a77b05d4b550f5ccce7a64937ff3ac8e7aa02435463a89be95d0b99eb,951,37c0e8a0cd790371dbcf27732c8e709f0f9ae831dde0d6a4efea430d6f8af378,2.920219333013563e-08
d03E,140161d99a424b2d367d4c07c1b00a91c1d35713406c144e33003cf551109d48,140161d99a424b2d367d4c07c1b00a91c1d35713406c144e33003cf551109d48:73,73,961,778ba6c6e9e392d8590575671198264c8bafb2ff3a3d273ad51ccdc6669d46e5,961,30a29fa311472ba72c14cffff25491a47a4c12caa5304123e2e90f63d7f2f45c,3.107849955163999e-08
d03E,140161d99a424b2d367d4c07c1b00a91c1d35713406c144e33003cf551109d48,140161d99a424b2d367d4c07c1b00a91c1d35713406c144e33003cf551109d48:74,74,961,17804d8eaadebcc4a48b4bc5c261829fff8da99350cfb043206598f703ad1424,961,30a29fa311472ba72c14cffff25491a47a4c12caa5304123e2e90f63d7f2f45c,2.5087603994222718e-08
d03E,140161d99a424b2d367d4c07c1b00a91c1d35713406c144e33003cf551109d48,140161d99a424b2d367d4c07c1b00a91c1d35713406c144e33003cf551109d48:75,75,961,8197e574dad923c9cd6010498de4edb2efae76819c3051b0a0f1978e0c6e7b12,961,30a29fa311472ba72c14cffff25491a47a4c12caa5304123e2e90f63d7f2f45c,1.841469399188611e-08
d03E,140161d99a424b2d367d4c07c1b00a91c1d35713406c144e33003cf551109d48,140161d99a424b2d367d4c07c1b00a91c1d35713406c144e33003cf551109d48:76,76,961,778ba6c6e9e392d8590575671198264c8bafb2ff3a3d273ad51ccdc6669d46e5,961,30a29fa311472ba72c14cffff25491a47a4c12caa5304123e2e90f63d7f2f45c,3.107849955163999e-08
d03E,140161d99a424b2d367d4c07c1b00a91c1d35713406c144e33003cf551109d48,140161d99a424b2d367d4c07c1b00a91c1d35713406c144e33003cf551109d48:77,77,1022,6070c77b76e604d8a15487740c7808ebc565367073f4b455c596b1ca9b703612,1022,fc89f048709ca146ab04b15659241bbfa43c6dccacdffd1517fd59bd1c69aa55,1.603249955017816e-08
d03E,140161d99a424b2d367d4c07c1b00a91c1d35713406c144e33003cf551109d48,140161d99a424b2d367d4c07c1b00a91c1d35713406c144e33003cf551109d48:78,78,1022,2e6c74b070ad147469591c1bbcf7df7d7e59358e6e041d82b80f8d7e1bde8faf,1022,fc89f048709ca146ab04b15659241bbfa43c6dccacdffd1517fd59bd1c69aa55,2.1220403434440982e-08
d03E,140161d99a424b2d367d4c07c1b00a91c1d35713406c144e33003cf551109d48,140161d99a424b2d367d4c07c1b00a91c1d35713406c144e33003cf551109d48:79,79,1057,ce7d51d9f81cddd19514df3fdf56dd1353d3c55931880cdb2d1f4c0847b4c3a7,1057,5df6d2779af2c1236822261366a3a6b18ff46cb81597f2f87729d8621349f273,2.0258561717056978e-08
d03E,140161d99a424b2d367d4c07c1b00a91c1d35713406c144e33003cf551109d48,140161d99a424b2d367d4c07c1b00a91c1d35713406c144e33003cf551109d48:80,80,1057,f503090ad6ade51dc8951fac1f6f8e29be4925f73295b1c5834480968c05dea4,1057,5df6d2779af2c1236822261366a3a6b18ff46cb81597f2f87729d8621349f273,2.744924865183407e-08
d03E,140161d99a424b2d367d4c07c1b00a91c1d35713406c144e33003cf551109d48,140161d99a424b2d367d4c07c1b00a91c1d35713406c144e33003cf551109d48:81,81,1057,6e6718c6505ca8a280d13d11d7c5bf67ad3290f55d041a66dfb28a34bb7e4e33,1057,5df6d2779af2c1236822261366a3a6b18ff46cb81597f2f87729d8621349f273,3.00095410743495e-08
d03E,140161d99a424b2d367d4c07c1b00a91c1d35713406c144e33003cf551109d48,140161d99a424b2d367d4c07c1b00a91c1d35713406c144e33003cf551109d48:82,82,1057,9bbbd9815ee8dc4687650a02f5068dd13b0126a4e6d2f35ff19534dd08c4e5ec,1057,5df6d2779af2c1236822261366a3a6b18ff46cb81597f2f87729d8621349f273,2.8170212162947905e-08
d03E,140161d99a424b2d367d4c07c1b00a91c1d35713406c144e33003cf551109d48,140161d99a424b2d367d4c07c1b00a91c1d35713406c144e33003cf551109d48:83,83,1057,ce7d51d9f81cddd19514df3fdf56dd1353d3c55931880cdb2d1f4c0847b4c3a7,1057,5df6d2779af2c1236822261366a3a6b18ff46cb81597f2f87729d8621349f273,2.0258561717056978e-08
d03E,140161d99a424b2d367d4c07c1b00a91c1d35713406c144e33003cf551109d48,140161d99a424b2d367d4c07c1b00a91c1d35713406c144e33003cf551109d48:84,84,1057,0bbccc88503ce727229a07565676031ad9b8e9a16738edb77e5a4d23367cdfb4,1057,5df6d2779af2c1236822261366a3a6b18ff46cb81597f2f87729d8621349f273,2.444492186448599e-08
d03E,140161d99a424b2d367d4c07c1b00a91c1d35713406c144e33003cf551109d48,140161d99a424b2d367d4c07c1b00a91c1d35713406c144e33003cf551109d48:85,85,1057,72d4599c0120d7fa2aefee8d8771845cc2a221b23a19078f7917fbe4075cd43d,1057,5df6d2779af2c1236822261366a3a6b18ff46cb81597f2f87729d8621349f273,1.7950088304630185e-08
d03E,140161d99a424b2d367d4c07c1b00a91c1d35713406c144e33003cf551109d48,140161d99a424b2d367d4c07c1b00a91c1d35713406c144e33003cf551109d48:86,86,1057,ce7d51d9f81cddd19514df3fdf56dd1353d3c55931880cdb2d1f4c0847b4c3a7,1057,5df6d2779af2c1236822261366a3a6b18ff46cb81597f2f87729d8621349f273,2.0258561717056978e-08
d03E,140161d99a424b2d367d4c07c1b00a91c1d35713406c144e33003cf551109d48,140161d99a424b2d367d4c07c1b00a91c1d35713406c144e33003cf551109d48:87,87,1113,f47e38c57446172fe2633324f0c23f48ae6ec68ce272e0a3eace4448d1d1aea3,1113,aefaf8592c97aa093019784ace15dc588a60b9e0b8ab09736c41ebdc23585b77,2.0053106841722013e-08
d03E,140161d99a424b2d367d4c07c1b00a91c1d35713406c144e33003cf551109d48,140161d99a424b2d367d4c07c1b00a91c1d35713406c144e33003cf551109d48:88,88,1113,f47e38c57446172fe2633324f0c23f48ae6ec68ce272e0a3eace4448d1d1aea3,1113,aefaf8592c97aa093019784ace15dc588a60b9e0b8ab09736c41ebdc23585b77,2.0053106841722013e-08
d03E,140161d99a424b2d367d4c07c1b00a91c1d35713406c144e33003cf551109d48,140161d99a424b2d367d4c07c1b00a91c1d35713406c144e33003cf551109d48:89,89,1115,26be1cd656b92410422b44e8607274868ea8c4494684858f57979775d1e752ae,1115,0919922e6d8e4ccc5e0c61cdda3135acb7aff9fa8e687731c3a34bd63c7e8215,1.7076237535107452e-08
d03E,140161d99a424b2d367d4c07c1b00a91c1d35713406c144e33003cf551109d48,140161d99a424b2d367d4c07c1b00a91c1d35713406c144e33003cf551109d48:90,90,1115,5d4131c2d4b0b824b4c9f7810bf6835c3f5a2cd4d7a83c5c2cfbe38abfe3e177,1115,0919922e6d8e4ccc5e0c61cdda3135acb7aff9fa8e687731c3a34bd63c7e8215,1.6451375151049774e-08
d03E,140161d99a424b2d367d4c07c1b00a91c1d35713406c144e33003cf551109d48,140161d99a424b2d367d4c07c1b00a91c1d35713406c144e33003cf551109d48:91,91,1115,5d4131c2d4b0b824b4c9f7810bf6835c3f5a2cd4d7a83c5c2cfbe38abfe3e177,1115,0919922e6d8e4ccc5e0c61cdda3135acb7aff9fa8e687731c3a34bd63c7e8215,1.6451375151049774e-08
d03E,140161d99a424b2d367d4c07c1b00a91c1d35713406c144e33003cf551109d48,140161d99a424b2d367d4c07c1b00a91c1d35713406c144e33003cf551109d48:92,92,1115,63570b8fd2ac2f7ad0ca41eccc414eb546253c7c155241f07622250e5426ed76,1115,0919922e6d8e4ccc5e0c61cdda3135acb7aff9fa8e687731c3a34bd63c7e8215,2.7627246046435516e-08
d03E,140161d99a424b2d367d4c07c1b00a91c1d35713406c144e33003cf551109d48,140161d99a424b2d367d4c07c1b00a91c1d35713406c144e33003cf551109d48:93,93,1133,84e1bea37def491dfb1b0ec836ff53ed5a1e4659b4bd39775f3b84904fd0bea5,1133,8d6ee2cc78f7cd9f9161515f1dff7df56241b0c6f3fde892301849495fd0e53d,2.964566658825163e-08
d03E,140161d99a424b2d367d4c07c1b00a91c1d35713406c144e33003cf551109d48,140161d99a424b2d367d4c07c1b00a91c1d35713406c144e33003cf551109d48:94,94,1133,acb832fca69bc0cf8e82823ce0b4d13a319baea20c3503e23b366d3e2e397c1e,1133,8d6ee2cc78f7cd9f9161515f1dff7df56241b0c6f3fde892301849495fd0e53d,1.8611413521441023e-08
d03E,140161d99a424b2d367d4c07c1b00a91c1d35713406c144e33003cf551109d48,140161d99a424b2d367d4c07c1b00a91c1d35713406c144e33003cf551109d48:95,95,1134,ce93acc2b3aac8c043f5740428f9cbea8e597f7be9e56f04a3f60570c982e9c9,1134,0dfbd13e5f9f7803839db4795cd1eda8fac57f4c0ef15ad33927143f6862ac5c,7.3419913482197785e-09
d03E,140161d99a424b2d367d4c07c1b00a91c1d35713406c144e33003cf551109d48,140161d99a424b2d367d4c07c1b00a91c1d35713406c144e33003cf551109d48:96,96,1134,c9d559f73a1e02f44da0c9e6277d27cf524fa952bbf261c0193692c97e12c31d,1134,0dfbd13e5f9f7803839db4795cd1eda8fac57f4c0ef15ad33927143f6862ac5c,1.5945579412424138e-08
d03E,140161d99a424b2d367d4c07c1b00a91c1d35713406c144e33003cf551109d48,140161d99a424b2d367d4c07c1b00a91c1d35713406c144e33003cf551109d48:97,97,1134,c9d559f73a1e02f44da0c9e6277d27cf524fa952bbf261c0193692c97e12c31d,1134,0dfbd13e5f9f7803839db4795cd1eda8fac57f4c0ef15ad33927143f6862ac5c,1.5945579412424138e-08
d03E,140161d99a424b2d367d4c07c1b00a91c1d35713406c144e33003cf551109d48,140161d99a424b2d367d4c07c1b00a91c1d35713406c144e33003cf551109d48:98,98,1189,bed9a824614b29206855faec2f46a5edf187b4e3f820f1d3729ef28571686216,1189,64dddd703f1641d76ad9dd653545d0f9ef7c153617a7bcabe4ee76bd35011096,2.5741747622376465e-08
d03E,140161d99a424b2d367d4c07c1b00a91c1d35713406c144e33003cf551109d48,140161d99a424b2d367d4c07c1b00a91c1d35713406c144e33003cf551109d48:99,99,1189,9355c63ecb6bdcd8ebe0b853056380d2071b268fad1005cb84363a66e2351fb8,1189,64dddd703f1641d76ad9dd653545d0f9ef7c153617a7bcabe4ee76bd35011096,1.3233774964760414e-08
d03E,140161d99a424b2d367d4c07c1b00a91c1d35713406c144e33003cf551109d48,140161d99a424b2d367d4c07c1b00a91c1d35713406c144e33003cf551109d48:100,100,1189,61685b5fb619cc39cde00f021f9546d6c105c6b32a2548a43893a25e6e28cb86,1189,64dddd703f1641d76ad9dd653545d0f9ef7c153617a7bcabe4ee76bd35011096,2.8467634693996047e-08
d03E,140161d99a424b2d367d4c07c1b00a91c1d35713406c144e33003cf551109d48,140161d99a424b2d367d4c07c1b00a91c1d35713406c144e33003cf551109d48:101,101,1189,7b5119fccdc6e83114f26bc55874e61935d8fe93cd030d29ae2637b514cf489e,1189,64dddd703f1641d76ad9dd653545d0f9ef7c153617a7bcabe4ee76bd35011096,2.8467634693996047e-08
d03E,140161d99a424b2d367d4c07c1b00a91c1d35713406c144e33003cf551109d48,140161d99a424b2d367d4c07c1b00a91c1d35713406c144e33003cf551109d48:102,102,1189,92bafdada7cc33801cd711a8c23d67442c8c436e3417bd1a1e24d07d67db1c48,1189,64dddd703f1641d76ad9dd653545d0f9ef7c153617a7bcabe4ee76bd35011096,1.2908139224165893e-08
d03E,140161d99a424b2d367d4c07c1b00a91c1d35713406c144e33003cf551109d48,140161d99a424b2d367d4c07c1b00a91c1d35713406c144e33003cf551109d48:103,103,1189,bed9a824614b29206855faec2f46a5edf187b4e3f820f1d3729ef28571686216,1189,64dddd703f1641d76ad9dd653545d0f9ef7c153617a7bcabe4ee76bd35011096,2.5741747622376465e-08
d03E,140161d99a424b2d367d4c07c1b00a91c1d35713406c144e33003cf551109d48,140161d99a424b2d367d4c07c1b00a91c1d35713406c144e33003cf551109d48:104,104,1189,8b14d73a2c52d50370d7015d82265f2e730e3b8bb0c7b499062e5532a19f2473,1189,64dddd703f1641d76ad9dd653545d0f9ef7c153617a7bcabe4ee76bd35011096,2.5741747622376465e-08
d03E,140161d99a424b2d367d4c07c1b00a91c1d35713406c144e33003cf551109d48,140161d99a424b2d367d4c07c1b00a91c1d35713406c144e33003cf551109d48:105,105,1189,5e7d296117fe4df921ef7cdd9acf5b1a18f6c487a778c38e387d35d3f33ff726,1189,64dddd703f1641d76ad9dd653545d0f9ef7c153617a7bcabe4ee76bd35011096,2.5670946257605465e-08
d03E,140161d99a424b2d367d4c07c1b00a91c1d35713406c144e33003cf551109d48,140161d99a424b2d367d4c07c1b00a91c1d35713406c144e33003cf551109d48:106,106,1189,8b14d73a2c52d50370d7015d82265f2e730e3b8bb0c7b499062e5532a19f2473,1189,64dddd703f1641d76ad9dd653545d0f9ef7c153617a7bcabe4ee76bd35011096,2.5741747622376465e-08
d03E,140161d99a424b2d367d4c07c1b00a91c1d35713406c144e33003cf551109d48,140161d99a424b2d367d4c07c1b00a91c1d35713406c144e33003cf551109d48:107,107,1189,cb999e82a6ec3d547a2034e22940ac72b97780e4d34930a689a0600e1dee3052,1189,64dddd703f1641d76ad9dd653545d0f9ef7c153617a7bcabe4ee76bd35011096,2.9326176376187618e-08
d03E,140161d99a424b2d367d4c07c1b00a91c1d35713406c144e33003cf551109d48,140161d99a424b2d367d4c07c1b00a91c1d35713406c144e33003cf551109d48:108,108,1189,4a120a30358eb697ba53d14b1513cdfc25201ef93aea181c17d43c1a2ff00f95,1189,64dddd703f1641d76ad9dd653545d0f9ef7c153617a7bcabe4ee76bd35011096,2.8467634693996047e-08
d03E,140161d99a424b2d367d4c07c1b00a91c1d35713406c144e33003cf551109d48,140161d99a424b2d367d4c07c1b00a91c1d35713406c144e33003cf551109d48:109,109,1189,442c04f59208898164b58615b93aefe66bdcaa06c5deed36346ac5492eddc114,1189,64dddd703f1641d76ad9dd653545d0f9ef7c153617a7bcabe4ee76bd35011096,2.5741747622376465e-08
d03E,140161d99a424b2d367d4c07c1b00a91c1d35713406c144e33003cf551109d48,140161d99a424b2d367d4c07c1b00a91c1d35713406c144e33003cf551109d48:110,110,1189,9355c63ecb6bdcd8ebe0b853056380d2071b268fad1005cb84363a66e2351fb8,1189,64dddd703f1641d76ad9dd653545d0f9ef7c153617a7bcabe4ee76bd35011096,1.3233774964760414e-08
d03E,140161d99a424b2d367d4c07c1b00a91c1d35713406c144e33003cf551109d48,140161d99a424b2d367d4c07c1b00a91c1d35713406c144e33003cf551109d48:111,111,1189,f61a7d3bc19e7db29cf7449ad9ae10a6c9993e9864159cd1db92b497b9ae82b9,1189,64dddd703f1641d76ad9dd653545d0f9ef7c153617a7bcabe4ee76bd35011096,2.368642948447075e-08
d03E,140161d99a424b2d367d4c07c1b00a91c1d35713406c144e33003cf551109d48,140161d99a424b2d367d4c07c1b00a91c1d35713406c144e33003cf551109d48:112,112,1189,5e7d296117fe4df921ef7cdd9acf5b1a18f6c487a778c38e387d35d3f33ff726,1189,64dddd703f1641d76ad9dd653545d0f9ef7c153617a7bcabe4ee76bd35011096,2.5670946257605465e-08
d03E,140161d99a424b2d367d4c07c1b00a91c1d35713406c144e33003cf551109d48,140161d99a424b2d367d4c07c1b00a91c1d35713406c144e33003cf551109d48:113,113,1189,4a0ce84f42677e9f8a534ab47d8146efe309f27cd736888c264df447d0595aba,1189,64dddd703f1641d76ad9dd653545d0f9ef7c153617a7bcabe4ee76bd35011096,2.0143512524661844e-08
d03E,140161d99a424b2d367d4c07c1b00a91c1d35713406c144e33003cf551109d48,140161d99a424b2d367d4c07c1b00a91c1d35713406c144e33003cf551109d48:114,114,1189,5e7d296117fe4df921ef7cdd9acf5b1a18f6c487a778c38e387d35d3f33ff726,1189,64dddd703f1641d76ad9dd653545d0f9ef7c153617a7bcabe4ee76bd35011096,2.5670946257605465e-08
d03E,140161d99a424b2d367d4c07c1b00a91c1d35713406c144e33003cf551109d48,140161d99a424b2d367d4c07c1b00a91c1d35713406c144e33003cf551109d48:115,115,1189,9355c63ecb6bdcd8ebe0b853056380d2071b268fad1005cb84363a66e2351fb8,1189,64dddd703f1641d76ad9dd653545d0f9ef7c153617a7bcabe4ee76bd35011096,1.3233774964760414e-08
d03E,140161d99a424b2d367d4c07c1b00a91c1d35713406c144e33003cf551109d48,140161d99a424b2d367d4c07c1b00a91c1d35713406c144e33003cf551109d48:116,116,1189,9355c63ecb6bdcd8ebe0b853056380d2071b268fad1005cb84363a66e2351fb8,1189,64dddd703f1641d76ad9dd653545d0f9ef7c153617a7bcabe4ee76bd35011096,1.3233774964760414e-08
d03E,140161d99a424b2d367d4c07c1b00a91c1d35713406c144e33003cf551109d48,140161d99a424b2d367d4c07c1b00a91c1d35713406c144e33003cf551109d48:117,117,1191,61599fbb332dd8b133f401a49848cda63cdab5804e3e23a6e3bee89fb4121eb0,1191,759a76aad725be3c4535baf84ff7fa947aac06f77320868c370b2b9b9159969a,1.982276698342389e-08
d03E,140161d99a424b2d367d4c07c1b00a91c1d35713406c144e33003cf551109d48,140161d99a424b2d367d4c07c1b00a91c1d35713406c144e33003cf551109d48:118,118,1191,8fb7da9029ce61779e11afc5f1090c0695ef231a3a5b8bacb14ac383a9e9ea23,1191,759a76aad725be3c4535baf84ff7fa947aac06f77320868c370b2b9b9159969a,3.1019439683532823e-08
d03E,140161d99a424b2d367d4c07c1b00a91c1d35713406c144e33003cf551109d48,140161d99a424b2d367d4c07c1b00a91c1d35713406c144e33003cf551109d48:119,119,1191,c626784377985cd47768c12649698443293d5fb09805439497f893cbb1789a12,1191,759a76aad725be3c4535baf84ff7fa947aac06f77320868c370b2b9b9159969a,1.982276698342389e-08
d03E,140161d99a424b2d367d4c07c1b00a91c1d35713406c144e33003cf551109d48,140161d99a424b2d367d4c07c1b00a91c1d35713406c144e33003cf551109d48:120,120,1191,8684dbae58af572475a920369ac8f6d05f7119fa47d0e9393eb28917780f1572,1191,759a76aad725be3c4535baf84ff7fa947aac06f77320868c370b2b9b9159969a,2.6490240667698117e-08
d03E,140161d99a424b2d367d4c07c1b00a91c1d35713406c144e33003cf551109d48,140161d99a424b2d367d4c07c1b00a91c1d35713406c144e33003cf551109d48:121,121,1191,d024bea55b3a617767eaab2a33f391f46806833586d91434dc33adbe45a7772d,1191,759a76aad725be3c4535baf84ff7fa947aac06f77320868c370b2b9b9159969a,2.6490240667698117e-08
d03E,140161d99a424b2d367d4c07c1b00a91c1d35713406c144e33003cf551109d48,140161d99a424b2d367d4c07c1b00a91c1d35713406c144e33003cf551109d48:122,122,1194,bb58646f6c87075d01715ec3ac7b60bc2ad17468bf304dd69dba49203e075b55,1194,697e008f58255aba72dfdad4468bf6a91827056fd6d1eeb832ca8d5e26386bd2,2.0074884199416942e-08
d03E,140161d99a424b2d367d4c07c1b00a91c1d35713406c144e33003cf551109d48,140161d99a424b2d367d4c07c1b00a91c1d35713406c144e33003cf551109d48:123,123,1194,33b56d2dd418df1424c903ede1cd1b9709a6150d962e9661affaa7f7cc7bf101,1194,697e008f58255aba72dfdad4468bf6a91827056fd6d1eeb832ca8d5e26386bd2,3.002236104165945e-08
d03E,140161d99a424b2d367d4c07c1b00a91c1d35713406c144e33003cf551109d48,140161d99a424b2d367d4c07c1b00a91c1d35713406c144e33003cf551109d48:124,124,1194,2c4fbf8181c6be80b034cf5b523068384b5078d4134d541f199e2cf48f5ee1ff,1194,697e008f58255aba72dfdad4468bf6a91827056fd6d1eeb832ca8d5e26386bd2,2.8756346637237584e-08
d03E,140161d99a424b2d367d4c07c1b00a91c1d35713406c144e33003cf551109d48,140161d99a424b2d367d4c07c1b00a91c1d35713406c144e33003cf551109d48:125,125,1194,0f5554c918abb3fb1e88c4a7860621e8883ced2ee2b34e605ed851c7ae696275,1194,697e008f58255aba72dfdad4468bf6a91827056fd6d1eeb832ca8d5e26386bd2,2.8402325602527867e-08
d03E,140161d99a424b2d367d4c07c1b00a91c1d35713406c144e33003cf551109d48,140161d99a424b2d367d4c07c1b00a91c1d35713406c144e33003cf551109d48:126,126,1194,082d035fd8cf60140b3560896aed23579bc7cb22596768cc0fe288d5805ecb02,1194,697e008f58255aba72dfdad4468bf6a91827056fd6d1eeb832ca8d5e26386bd2,2.9052281025343518e-08
d03E,140161d99a424b2d367d4c07c1b00a91c1d35713406c144e33003cf551109d48,140161d99a424b2d367d4c07c1b00a91c1d35713406c144e33003cf551109d48:127,127,1194,dec330fc4c68cd117de83f99357fcfef70c073f2f34d7fe3a078a68fe77b9af8,1194,697e008f58255aba72dfdad4468bf6a91827056fd6d1eeb832ca8d5e26386bd2,3.055236375004711e-08
d03E,140161d99a424b2d367d4c07c1b00a91c1d35713406c144e33003cf551109d48,140161d99a424b2d367d4c07c1b00a91c1d35713406c144e33003cf551109d48:128,128,1203,7f444ef5610dabfda20fa87bf44774ded8181825eb64034d307f3b5a39905dbc,1203,a88607dc27bf2665b254ddcdc146c3402fef22149433cab7151f206c928c8116,2.743628102486184e-08
d03E,140161d99a424b2d367d4c07c1b00a91c1d35713406c144e33003cf551109d48,140161d99a424b2d367d4c07c1b00a91c1d35713406c144e33003cf551109d48:129,129,1203,766f388ace258f20941f7614638057b484e833c5e4e35110e644623061d50ab1,1203,a88607dc27bf2665b254ddcdc146c3402fef22149433cab7151f206c928c8116,1.8174624250022475e-08
d03E,140161d99a424b2d367d4c07c1b00a91c1d35713406c144e33003cf551109d48,140161d99a424b2d367d4c07c1b00a91c1d35713406c144e33003cf551109d48:130,130,1203,766f388ace258f20941f7614638057b484e833c5e4e35110e644623061d50ab1,1203,a88607dc27bf2665b254ddcdc146c3402fef22149433cab7151f206c928c8116,1.8174624250022475e-08
d03E,140161d99a424b2d367d4c07c1b00a91c1d35713406c144e33003cf551109d48,140161d99a424b2d367d4c07c1b00a91c1d35713406c144e33003cf551109d48:131,131,1227,99a1b7b4994cb6facebcb4645063540e1f2202c515077d8b4878e480ec2ef9ad,1227,4d63e2498a1c0a1c0c8eb975b9635fbebf1179bc45f40c034c2cefc8331f8ffc,1.4834231176763524e-08
d03E,140161d99a424b2d367d4c07c1b00a91c1d35713406c144e33003cf551109d48,140161d99a424b2d367d4c07c1b00a91c1d35713406c144e33003cf551109d48:132,132,1227,31076b14798b290d4810f8d7bf0518f31c2a4dc679014da7f185745def7fb3d7,1227,4d63e2498a1c0a1c0c8eb975b9635fbebf1179bc45f40c034c2cefc8331f8ffc,1.4034369888449305e-08
d03E,140161d99a424b2d367d4c07c1b00a91c1d35713406c144e33003cf551109d48,140161d99a424b2d367d4c07c1b00a91c1d35713406c144e33003cf551109d48:133,133,1227,059d139b3816b6e50f98ef3c9343b988c90fc5e24a843d0fd1dd7a7a3d08bdb8,1227,4d63e2498a1c0a1c0c8eb975b9635fbebf1179bc45f40c034c2cefc8331f8ffc,1.949324279770792e-08
d03E,140161d99a424b2d367d4c07c1b00a91c1d35713406c144e33003cf551109d48,140161d99a424b2d367d4c07c1b00a91c1d35713406c144e33003cf551109d48:134,134,1227,671fd5ae3dbb1660ded42721f096e746f1cea1f98ac3be5855ad6d5cd29aacce,1227,4d63e2498a1c0a1c0c8eb975b9635fbebf1179bc45f40c034c2cefc8331f8ffc,2.9869252404779445e-08
d03E,140161d99a424b2d367d4c07c1b00a91c1d35713406c144e33003cf551109d48,140161d99a424b2d367d4c07c1b00a91c1d35713406c144e33003cf551109d48:135,135,1227,9f99804fce83c2f72487b740aedf4a8d6ce8f48b4a1d3d2033b948b5e4f02d1b,1227,4d63e2498a1c0a1c0c8eb975b9635fbebf1179bc45f40c034c2cefc8331f8ffc,1.1043639114305392e-08
d03E,140161d99a424b2d367d4c07c1b00a91c1d35713406c144e33003cf551109d48,140161d99a424b2d367d4c07c1b00a91c1d35713406c144e33003cf551109d48:136,136,1227,2047f36c04582e7156a9feab21b61ba3e08b0c44ff6349d78d8c36ac2443759f,1227,4d63e2498a1c0a1c0c8eb975b9635fbebf1179bc45f40c034c2cefc8331f8ffc,1.4834231176763524e-08
d03E,140161d99a424b2d367d4c07c1b00a91c1d35713406c144e33003cf551109d48,140161d99a424b2d367d4c07c1b00a91c1d35713406c144e33003cf551109d48:137,137,1227,ed7a5aa36efd8edd99806e626bb1083561fbda0cbfe4fdba7bbdbe2f94163442,1227,4d63e2498a1c0a1c0c8eb975b9635fbebf1179bc45f40c034c2cefc8331f8ffc,2.993954462127135e-08
d03E,140161d99a424b2d367d4c07c1b00a91c1d35713406c144e33003cf551109d48,140161d99a424b2d367d4c07c1b00a91c1d35713406c144e33003cf551109d48:138,138,1227,6ef257690aca1a81cf1c4859d4182ed37c8e4ca90d2e1db55787a46bc6569aa8,1227,4d63e2498a1c0a1c0c8eb975b9635fbebf1179bc45f40c034c2cefc8331f8ffc,2.04245653723234e-08
d03E,140161d99a424b2d367d4c07c1b00a91c1d35713406c144e33003cf551109d48,140161d99a424b2d367d4c07c1b00a91c1d35713406c144e33003cf551109d48:139,139,1227,3e1b95250d3038e3d04918a62f7ef894f9f637b4e2ddbe4d710649d042d9c265,1227,4d63e2498a1c0a1c0c8eb975b9635fbebf1179bc45f40c034c2cefc8331f8ffc,1.3554223687872735e-08
d03E,140161d99a424b2d367d4c07c1b00a91c1d35713406c144e33003cf551109d48,140161d99a424b2d367d4c07c1b00a91c1d35713406c144e33003cf551109d48:140,140,1236,47ccbd95d92db6b67fd374dd01c3d8dd35c22979b0b473855e3a27e60ab624fc,1236,a5b692078c4f9aa15c898de5f6ef6001b0e01b4d5b6e0a556b4c1785fc32a7cf,2.2141710243062107e-08
d03E,140161d99a424b2d367d4c07c1b00a91c1d35713406c144e33003cf551109d48,140161d99a424b2d367d4c07c1b00a91c1d35713406c144e33003cf551109d48:141,141,1236,cc0c06ce461be03eb4af61cc46cc07a1df833fe93c943aa703be82e1f18c08d8,1236,a5b692078c4f9aa15c898de5f6ef6001b0e01b4d5b6e0a556b4c1785fc32a7cf,2.256177333848086e-08
d03E,140161d99a424b2d367d4c07c1b00a91c1d35713406c144e33003cf551109d48,140161d99a424b2d367d4c07c1b00a91c1d35713406c144e33003cf551109d48:142,142,1236,f565c8c6063e6677033fe2963fa3ead7f1edd0c5683a42f90bdd19926c93dc63,1236,a5b692078c4f9aa15c898de5f6ef6001b0e01b4d5b6e0a556b4c1785fc32a7cf,2.2135724364602538e-08
d03E,140161d99a424b2d367d4c07c1b00a91c1d35713406c144e33003cf551109d48,140161d99a424b2d367d4c07c1b00a91c1d35713406c144e33003cf551109d48:143,143,1236,4fa3774f248c93b42a6641527b946ae9dda50f4e5dfccba21d8524b862028a78,1236,a5b692078c4f9aa15c898de5f6ef6001b0e01b4d5b6e0a556b4c1785fc32a7cf,2.442441848771182e-08
d03E,140161d99a424b2d367d4c07c1b00a91c1d35713406c144e33003cf551109d48,140161d99a424b2d367d4c07c1b00a91c1d35713406c144e33003cf551109d48:144,144,1236,5dc5f5b6e9db172dda2c70ff09a28d8b072db9fcf0d958773fd13e8f123bd507,1236,a5b692078c4f9aa15c898de5f6ef6001b0e01b4d5b6e0a556b4c1785fc32a7cf,2.256177333848086e-08
d03E,140161d99a424b2d367d4c07c1b00a91c1d35713406c144e33003cf551109d48,140161d99a424b2d367d4c07c1b00a91c1d35713406c144e33003cf551109d48:145,145,1236,c6731bae36cef1477839aa641b8b8b22bc0e510306d9a6e043d0acb1024c59eb,1236,a5b692078c4f9aa15c898de5f6ef6001b0e01b4d5b6e0a556b4c1785fc32a7cf,1.4691129646138279e-08
d03E,140161d99a424b2d367d4c07c1b00a91c1d35713406c144e33003cf551109d48,140161d99a424b2d367d4c07c1b00a91c1d35713406c144e33003cf551109d48:146,146,1236,0963d84b428805e5e5177a7dd55295db79ca83baccc0a0f805b7913457509a9a,1236,a5b692078c4f9aa15c898de5f6ef6001b0e01b4d5b6e0a556b4c1785fc32a7cf,2.5271393755410543e-08
d03E,140161d99a424b2d367d4c07c1b00a91c1d35713406c144e33003cf551109d48,140161d99a424b2d367d4c07c1b00a91c1d35713406c144e33003cf551109d48:147,147,1236,f565c8c6063e6677033fe2963fa3ead7f1edd0c5683a42f90bdd19926c93dc63,1236,a5b692078c4f9aa15c898de5f6ef6001b0e01b4d5b6e0a556b4c1785fc32a7cf,2.2135724364602538e-08
d03E,140161d99a424b2d367d4c07c1b00a91c1d35713406c144e33003cf551109d48,140161d99a424b2d367d4c07c1b00a91c1d35713406c144e33003cf551109d48:148,148,1236,5b4e14fb046a2c11852ab075c8403cc01a35811b66633eaf2660be81c6ef72f0,1236,a5b692078c4f9aa15c898de5f6ef6001b0e01b4d5b6e0a556b4c1785fc32a7cf,2.2141710243062107e-08
d03E,140161d99a424b2d367d4c07c1b00a91c1d35713406c144e33003cf551109d48,140161d99a424b2d367d4c07c1b00a91c1d35713406c144e33003cf551109d48:149,149,1258,8d42f2b946648718c5217e09afa25899d43a489d396363610e3f550caceb2a3f,1258,8d63ee15a944902ce224799c89719c70d358ccdbb98f033e86662dde801e504f,1.975010910371111e-08
d03E,140161d99a424b2d367d4c07c1b00a91c1d35713406c144e33003cf551109d48,140161d99a424b2d367d4c07c1b00a91c1d35713406c144e33003cf551109d48:150,150,1258,6a2d76eb5777f3e547339508ebf5229e77893ffaccb0e8c4a6da2f5440a08f63,1258,8d63ee15a944902ce224799c89719c70d358ccdbb98f033e86662dde801e504f,1.9365439030138987e-08
d03E,140161d99a424b2d367d4c07c1b00a91c1d35713406c144e33003cf551109d48,140161d99a424b2d367d4c07c1b00a91c1d35713406c144e33003cf551109d48:151,151,1258,b408478ff88c59af258c97f36a76f72b4b48bb6e20a75c07d24c34c594f73b80,1258,8d63ee15a944902ce224799c89719c70d358ccdbb98f033e86662dde801e504f,1.975010910371111e-08
d03E,140161d99a424b2d367d4c07c1b00a91c1d35713406c144e33003cf551109d48,140161d99a424b2d367d4c07c1b00a91c1d35713406c144e33003cf551109d48:152,152,1258,ca91d5b3034bdc6b325423d45da6d9dd618121c8becab257b488947ca7d8352a,1258,8d63ee15a944902ce224799c89719c70d358ccdbb98f033e86662dde801e504f,2.4953374477831858e-08
d03E,140161d99a424b2d367d4c07c1b00a91c1d35713406c144e33003cf551109d48,140161d99a424b2d367d4c07c1b00a91c1d35713406c144e33003cf551109d48:153,153,1258,43f8630989ff950965873e3a79c01a6cc206f422f8d1f11cc14fb771167c7c64,1258,8d63ee15a944902ce224799c89719c70d358ccdbb98f033e86662dde801e504f,1.3981844626531625e-08
d03E,140161d99a424b2d367d4c07c1b00a91c1d35713406c144e33003cf551109d48,140161d99a424b2d367d4c07c1b00a91c1d35713406c144e33003cf551109d48:154,154,1262,bf5638163b369330f8e9b04f6c22755310362926e32395ec28bfd8dcbb59e8dd,1262,eb7ebd994fb6e8a4f37292b50117542b635e511e96223d1396d3ecee9f0b2731,2.8276323171816387e-08
d03E,140161d99a424b2d367d4c07c1b00a91c1d35713406c144e33003cf551109d48,140161d99a424b2d367d4c07c1b00a91c1d35713406c144e33003cf551109d48:155,155,1262,b57d6a213a07f19f9bc2c28e4da0783cbd86b3bf3d500956cc028bc0218caf5e,1262,eb7ebd994fb6e8a4f37292b50117542b635e511e96223d1396d3ecee9f0b2731,2.9749015029167936e-08
d03E,140161d99a424b2d367d4c07c1b00a91c1d35713406c144e33003cf551109d48,140161d99a424b2d367d4c07c1b00a91c1d35713406c144e33003cf551109d48:156,156,1262,0555e83b622357d0a381e87774396adbf588b101cb355aa201c6b5af8acb529b,1262,eb7ebd994fb6e8a4f37292b50117542b635e511e96223d1396d3ecee9f0b2731,2.6650846418618812e-08
d03E,140161d99a424b2d367d4c07c1b00a91c1d35713406c144e33003cf551109d48,140161d99a424b2d367d4c07c1b00a91c1d35713406c144e33003cf551109d48:157,157,1262,9f4c18aeaead1f88ab8e6b070259dbac6dd087c625a7431044bc605810a55431,1262,eb7ebd994fb6e8a4f37292b50117542b635e511e96223d1396d3ecee9f0b2731,1.604907962082791e-08
d03E,140161d99a424b2d367d4c07c1b00a91c1d35713406c144e33003cf551109d48,140161d99a424b2d367d4c07c1b00a91c1d35713406c144e33003cf551109d48:158,158,1262,178f8c0778a4c1cdbcd760aa5b2809e0826b8382a41404eba32d7be7438cb1cf,1262,eb7ebd994fb6e8a4f37292b50117542b635e511e96223d1396d3ecee9f0b2731,1.6685605785937696e-08
d03E,140161d99a424b2d367d4c07c1b00a91c1d35713406c144e33003cf551109d48,140161d99a424b2d367d4c07c1b00a91c1d35713406c144e33003cf551109d48:159,159,1262,293cda111d3dce6b0da0386356836b103eb60d6f8077e5b94f7160071a54bc82,1262,eb7ebd994fb6e8a4f37292b50117542b635e511e96223d1396d3ecee9f0b2731,2.082574257489256e-08
d03E,140161d99a424b2d367d4c07c1b00a91c1d35713406c144e33003cf551109d48,140161d99a424b2d367d4c07c1b00a91c1d35713406c144e33003cf551109d48:160,160,1262,a6e6d6a5ab5e4ab4992fa2492c840d57ffdafccaaad391dd966eff3b6134204f,1262,eb7ebd994fb6e8a4f37292b50117542b635e511e96223d1396d3ecee9f0b2731,1.8052637162924157e-08
d03E,140161d99a424b2d367d4c07c1b00a91c1d35713406c144e33003cf551109d48,140161d99a424b2d367d4c07c1b00a91c1d35713406c144e33003cf551109d48:161,161,1262,605768457b9ce15421aed099f0348b01eae469a59024ed192acb55a1718b3bf0,1262,eb7ebd994fb6e8a4f37292b50117542b635e511e96223d1396d3ecee9f0b2731,2.8043492528162517e-08
d03E,140161d99a424b2d367d4c07c1b00a91c1d35713406c144e33003cf551109d48,140161d99a424b2d367d4c07c1b00a91c1d35713406c144e33003cf551109d48:162,162,1262,a6e6d6a5ab5e4ab4992fa2492c840d57ffdafccaaad391dd966eff3b6134204f,1262,eb7ebd994fb6e8a4f37292b50117542b635e511e96223d1396d3ecee9f0b2731,1.8052637162924157e-08
d03E,140161d99a424b2d367d4c07c1b00a91c1d35713406c144e33003cf551109d48,140161d99a424b2d367d4c07c1b00a91c1d35713406c144e33003cf551109d48:163,163,1262,b6b764cabaa30905d5ba5198154da9134aca1176c1393b3ab3a45275199adc9f,1262,eb7ebd994fb6e8a4f37292b50117542b635e511e96223d1396d3ecee9f0b2731,3.132832160357424e-08
d03E,140161d99a424b2d367d4c07c1b00a91c1d35713406c144e33003cf551109d48,140161d99a424b2d367d4c07c1b00a91c1d35713406c144e33003cf551109d48:164,164,1262,a6e6d6a5ab5e4ab4992fa2492c840d57ffdafccaaad391dd966eff3b6134204f,1262,eb7ebd994fb6e8a4f37292b50117542b635e511e96223d1396d3ecee9f0b2731,1.8052637162924157e-08
d03E,140161d99a424b2d367d4c07c1b00a91c1d35713406c144e33003cf551109d48,140161d99a424b2d367d4c07c1b00a91c1d35713406c144e33003cf551109d48:165,165,1295,425fd8a7bae043b12103043271647d3fc30faa266636b99fb38a9492147140a7,1295,de409953770d77dda5623e6d9a035e6b18a6af5dfc656f12d9f182a2a0ebd9c2,2.6702435818037884e-08
d03E,140161d99a424b2d367d4c07c1b00a91c1d35713406c144e33003cf551109d48,140161d99a424b2d367d4c07c1b00a91c1d35713406c144e33003cf551109d48:166,166,1295,81e1d58a7755dc4609eaec1f7754262796db09724c56d45e18ddfcbbe8696f38,1295,de409953770d77dda5623e6d9a035e6b18a6af5dfc656f12d9f182a2a0ebd9c2,2.402794407885267e-08
d03E,140161d99a424b2d367d4c07c1b00a91c1d35713406c144e33003cf551109d48,140161d99a424b2d367d4c07c1b00a91c1d35713406c144e33003cf551109d48:167,167,1295,c0ce5721c1264ee2cca5e5abb523db7b962a5cb86567ec015b5a5026e2fc5cd0,1295,de409953770d77dda5623e6d9a035e6b18a6af5dfc656f12d9f182a2a0ebd9c2,2.7621785303466595e-08
d03E,140161d99a424b2d367d4c07c1b00a91c1d35713406c144e33003cf551109d48,140161d99a424b2d367d4c07c1b00a91c1d35713406c144e33003cf551109d48:168,168,1295,f217fbccd622fcb79f992df4f1cfbff6b4f3b65ebe0be8890df8f258ad50bfc8,1295,de409953770d77dda5623e6d9a035e6b18a6af5dfc656f12d9f182a2a0ebd9c2,2.06755395026903e-08
d03E,140161d99a424b2d367d4c07c1b00a91c1d35713406c144e33003cf551109d48,140161d99a424b2d367d4c07c1b00a91c1d35713406c144e33003cf551109d48:169,169,1295,075370e27b9f9c8653e9d69e614628fec7fdf9970646e50acddae855567a3ed8,1295,de409953770d77dda5623e6d9a035e6b18a6af5dfc656f12d9f182a2a0ebd9c2,2.7621785303466595e-08
d03E,140161d99a424b2d367d4c07c1b00a91c1d35713406c144e33003cf551109d48,140161d99a424b2d367d4c07c1b00a91c1d35713406c144e33003cf551109d48:170,170,1295,09b68252a7335172b8753fc628118d8df9eea8c2d63c553614d121d361e1adb8,1295,de409953770d77dda5623e6d9a035e6b18a6af5dfc656f12d9f182a2a0ebd9c2,2.4549680288643572e-08
d03E,140161d99a424b2d367d4c07c1b00a91c1d35713406c144e33003cf551109d48,140161d99a424b2d367d4c07c1b00a91c1d35713406c144e33003cf551109d48:171,171,1295,80fa73fa46960ea029d0482fbfda725b8825338476c76c0fb3974243e4b56f97,1295,de409953770d77dda5623e6d9a035e6b18a6af5dfc656f12d9f182a2a0ebd9c2,2.06755395026903e-08
d03E,140161d99a424b2d367d4c07c1b00a91c1d35713406c144e33003cf551109d48,140161d99a424b2d367d4c07c1b00a91c1d35713406c144e33003cf551109d48:172,172,1295,2357413a06dc284a9c732e64589c1974b50404f9ce77f5b3049b45b177558a16,1295,de409953770d77dda5623e6d9a035e6b18a6af5dfc656f12d9f182a2a0ebd9c2,2.2687035139412615e-08
d03E,140161d99a424b2d367d4c07c1b00a91c1d35713406c144e33003cf551109d48,140161d99a424b2d367d4c07c1b00a91c1d35713406c144e33003cf551109d48:173,173,1295,436f8b734834485d8774e07efe1445e593743bab23a5db7c79de492a3a8a4a95,1295,de409953770d77dda5623e6d9a035e6b18a6af5dfc656f12d9f182a2a0ebd9c2,2.4549680288643572e-08
d03E,140161d99a424b2d367d4c07c1b00a91c1d35713406c144e33003cf551109d48,140161d99a424b2d367d4c07c1b00a91c1d35713406c144e33003cf551109d48:174,174,1295,436f8b734834485d8774e07efe1445e593743bab23a5db7c79de492a3a8a4a95,1295,de409953770d77dda5623e6d9a035e6b18a6af5dfc656f12d9f182a2a0ebd9c2,2.4549680288643572e-08
d03E,140161d99a424b2d367d4c07c1b00a91c1d35713406c144e33003cf551109d48,140161d99a424b2d367d4c07c1b00a91c1d35713406c144e33003cf551109d48:175,175,1316,0047558411294066005a06568f8951cda1a5fb2d20204e4269878bd841f3bc13,1316,374f5501c5a9e217961ae97411cbe9625c7916d3f2ebed5b96c07eb249457786,1.486907574843599e-08
d03E,140161d99a424b2d367d4c07c1b00a91c1d35713406c144e33003cf551109d48,140161d99a424b2d367d4c07c1b00a91c1d35713406c144e33003cf551109d48:176,176,1316,d78564b960cefcfa3915aed6809b327fa1513ca4c0f964ae6fc27bfe878a60bd,1316,374f5501c5a9e217961ae97411cbe9625c7916d3f2ebed5b96c07eb249457786,2.9310475269106462e-08
d03E,140161d99a424b2d367d4c07c1b00a91c1d35713406c144e33003cf551109d48,140161d99a424b2d367d4c07c1b00a91c1d35713406c144e33003cf551109d48:177,177,1316,fbf7be086a4a7a48bb3ad8db61849bd0f799feddd596b3ff91ba9a852d86882f,1316,374f5501c5a9e217961ae97411cbe9625c7916d3f2ebed5b96c07eb249457786,1.4572990814087916e-08
d03E,140161d99a424b2d367d4c07c1b00a91c1d35713406c144e33003cf551109d48,140161d99a424b2d367d4c07c1b00a91c1d35713406c144e33003cf551109d48:178,178,1316,404c50a0f8410ebab2167fab2747ce7f8db366c061989553bd5bd9a0064a6aa7,1316,374f5501c5a9e217961ae97411cbe9625c7916d3f2ebed5b96c07eb249457786,2.9310475269106462e-08
d03E,140161d99a424b2d367d4c07c1b00a91c1d35713406c144e33003cf551109d48,140161d99a424b2d367d4c07c1b00a91c1d35713406c144e33003cf551109d48:179,179,1316,dd5f97eb3670101e7aa3f47036bf728fc7b08f921c8b3b6089c41e09a700318b,1316,374f5501c5a9e217961ae97411cbe9625c7916d3f2ebed5b96c07eb249457786,2.1092248836396266e-08
d03E,140161d99a424b2d367d4c07c1b00a91c1d35713406c144e33003cf551109d48,140161d99a424b2d367d4c07c1b00a91c1d35713406c144e33003cf551109d48:180,180,1316,65df14e980c28bd02bf6806d76f81ea90c313df88fe8991a4f81c4dc5bf83257,1316,374f5501c5a9e217961ae97411cbe9625c7916d3f2ebed5b96c07eb249457786,2.323440728702053e-08
d03E,140161d99a424b2d367d4c07c1b00a91c1d35713406c144e33003cf551109d48,140161d99a424b2d367d4c07c1b00a91c1d35713406c144e33003cf551109d48:181,181,1316,65df14e980c28bd02bf6806d76f81ea90c313df88fe8991a4f81c4dc5bf83257,1316,374f5501c5a9e217961ae97411cbe9625c7916d3f2ebed5b96c07eb249457786,2.323440728702053e-08
d03E,140161d99a424b2d367d4c07c1b00a91c1d35713406c144e33003cf551109d48,140161d99a424b2d367d4c07c1b00a91c1d35713406c144e33003cf551109d48:182,182,1316,d78564b960cefcfa3915aed6809b327fa1513ca4c0f964ae6fc27bfe878a60bd,1316,374f5501c5a9e217961ae97411cbe9625c7916d3f2ebed5b96c07eb249457786,2.9310475269106462e-08
d03E,140161d99a424b2d367d4c07c1b00a91c1d35713406c144e33003cf551109d48,140161d99a424b2d367d4c07c1b00a91c1d35713406c144e33003cf551109d48:183,183,1316,ae94541cc6d4ecb90f247151ff4a02cc6919ee4dbf15175b32f3fc52c472839d,1316,374f5501c5a9e217961ae97411cbe9625c7916d3f2ebed5b96c07eb249457786,2.9310475269106462e-08
d03E,140161d99a424b2d367d4c07c1b00a91c1d35713406c144e33003cf551109d48,140161d99a424b2d367d4c07c1b00a91c1d35713406c144e33003cf551109d48:184,184,1316,83020d7dfa607807db6f1e4211ffcc329f8d1eb5d573f6cc5f409f45ce2739c9,1316,374f5501c5a9e217961ae97411cbe9625c7916d3f2ebed5b96c07eb249457786,2.1469076294522438e-08
d03E,140161d99a424b2d367d4c07c1b00a91c1d35713406c144e33003cf551109d48,140161d99a424b2d367d4c07c1b00a91c1d35713406c144e33003cf551109d48:185,185,1316,b259cf4524c9da911caecd239de58cad9fd9e754e1f9f6644a6588e54023ad6f,1316,374f5501c5a9e217961ae97411cbe9625c7916d3f2ebed5b96c07eb249457786,2.9310475269106462e-08
d03E,140161d99a424b2d367d4c07c1b00a91c1d35713406c144e33003cf551109d48,140161d99a424b2d367d4c07c1b00a91c1d35713406c144e33003cf551109d48:186,186,1316,c0e08363d766124ad6579beced8ea7fa3a9ab19f0a59a7011ab6c866105b4293,1316,374f5501c5a9e217961ae97411cbe9625c7916d3f2ebed5b96c07eb249457786,3.292446049130149e-08
d03E,140161d99a424b2d367d4c07c1b00a91c1d35713406c144e33003cf551109d48,140161d99a424b2d367d4c07c1b00a91c1d35713406c144e33003cf551109d48:187,187,1316,0047558411294066005a06568f8951cda1a5fb2d20204e4269878bd841f3bc13,1316,374f5501c5a9e217961ae97411cbe9625c7916d3f2ebed5b96c07eb249457786,1.486907574843599e-08
d03E,140161d99a424b2d367d4c07c1b00a91c1d35713406c144e33003cf551109d48,140161d99a424b2d367d4c07c1b00a91c1d35713406c144e33003cf551109d48:188,188,1316,c0e08363d766124ad6579beced8ea7fa3a9ab19f0a59a7011ab6c866105b4293,1316,374f5501c5a9e217961ae97411cbe9625c7916d3f2ebed5b96c07eb249457786,3.292446049130149e-08
d03E,140161d99a424b2d367d4c07c1b00a91c1d35713406c144e33003cf551109d48,140161d99a424b2d367d4c07c1b00a91c1d35713406c144e33003cf551109d48:189,189,1316,c0286009c2c3ddd726d374a804c16821e50f8e3c18dd3efe728ef9c6e976beed,1316,374f5501c5a9e217961ae97411cbe9625c7916d3f2ebed5b96c07eb249457786,1.4933246639259323e-08
d03E,140161d99a424b2d367d4c07c1b00a91c1d35713406c144e33003cf551109d48,140161d99a424b2d367d4c07c1b00a91c1d35713406c144e33003cf551109d48:190,190,1316,fbf7be086a4a7a48bb3ad8db61849bd0f799feddd596b3ff91ba9a852d86882f,1316,374f5501c5a9e217961ae97411cbe9625c7916d3f2ebed5b96c07eb249457786,1.4572990814087916e-08
d03E,140161d99a424b2d367d4c07c1b00a91c1d35713406c144e33003cf551109d48,140161d99a424b2d367d4c07c1b00a91c1d35713406c144e33003cf551109d48:191,191,1316,5848022483cac6035099f9024f53efd9a1463105eb63e837e3a3c7113a62a9b1,1316,374f5501c5a9e217961ae97411cbe9625c7916d3f2ebed5b96c07eb249457786,3.0376640314244696e-08
d03E,140161d99a424b2d367d4c07c1b00a91c1d35713406c144e33003cf551109d48,140161d99a424b2d367d4c07c1b00a91c1d35713406c144e33003cf551109d48:192,192,1331,e284575e6986e147da7af246a04eefd419a05da797aad44a26ffa808f7114651,1331,9fd00f2274dc99620f5eef1d8eb824cfa97c6f1a7b2d37aff4c911a8cfd060b7,2.1321277410280004e-08
d03E,140161d99a424b2d367d4c07c1b00a91c1d35713406c144e33003cf551109d48,140161d99a424b2d367d4c07c1b00a91c1d35713406c144e33003cf551109d48:193,193,1342,f66e994629b4dc42d8e33c61fec6b47e52193cd17a273a576d0eee9b2d6fc6a5,1342,f9f57d88134f8d79b96b7e118a1bb890ae13f3e5b446c68e7f63692befac5e23,1.8653596500772807e-08
d03E,140161d99a424b2d367d4c07c1b00a91c1d35713406c144e33003cf551109d48,140161d99a424b2d367d4c07c1b00a91c1d35713406c144e33003cf551109d48:194,194,1342,1f7ec0a6263c2b4a9b7427fbd2bb64ea6c07ed873a61fcda7c7cf8a07e01e70a,1342,f9f57d88134f8d79b96b7e118a1bb890ae13f3e5b446c68e7f63692befac5e23,2.6104177097696635e-08
d03E,140161d99a424b2d367d4c07c1b00a91c1d35713406c144e33003cf551109d48,140161d99a424b2d367d4c07c1b00a91c1d35713406c144e33003cf551109d48:195,195,1342,33527a881018fc0b2d2c467654022035a6207171a85813650699003855cd31e5,1342,f9f57d88134f8d79b96b7e118a1bb890ae13f3e5b446c68e7f63692befac5e23,1.4184899921332317e-08
d03E,140161d99a424b2d367d4c07c1b00a91c1d35713406c144e33003cf551109d48,140161d99a424b2d367d4c07c1b00a91c1d35713406c144e33003cf551109d48:196,196,1366,8dad0af67ddc0cf9873daa7d944f63f3e2a5a76c92a8b317228f1363b7524b07,1366,c08e2ec1161fdc7ab575e5c4ed18decb72fdd99937d278db32970d66ab3015bf,2.509662599958773e-08
d03E,140161d99a424b2d367d4c07c1b00a91c1d35713406c144e33003cf551109d48,140161d99a424b2d367d4c07c1b00a91c1d35713406c144e33003cf551109d48:197,197,1366,f34f3c62c805a8ef50bf3538e3b4952bf675a860e278ed2fbb4e3360ebaec961,1366,c08e2ec1161fdc7ab575e5c4ed18decb72fdd99937d278db32970d66ab3015bf,2.3969580431604243e-08
d03E,140161d99a424b2d367d4c07c1b00a91c1d35713406c144e33003cf551109d48,140161d99a424b2d367d4c07c1b00a91c1d35713406c144e33003cf551109d48:198,198,1366,f7708c4ef827c01f3b6d1b864f12817c2a4d174252b6055c91605aafbff3faf2,1366,c08e2ec1161fdc7ab575e5c4ed18decb72fdd99937d278db32970d66ab3015bf,2.8482322833589535e-08
d03E,140161d99a424b2d367d4c07c1b00a91c1d35713406c144e33003cf551109d48,140161d99a424b2d367d4c07c1b00a91c1d35713406c144e33003cf551109d48:199,199,1366,8b00fdc2402909df67537a7b6b4af09f2890f1b339c3047fc7b6a17272f4df5b,1366,c08e2ec1161fdc7ab575e5c4ed18decb72fdd99937d278db32970d66ab3015bf,2.842166579863914e-08
d03E,140161d99a424b2d367d4c07c1b00a91c1d35713406c144e33003cf551109d48,140161d99a424b2d367d4c07c1b00a91c1d35713406c144e33003cf551109d48:200,200,1366,cf1703e8a9d52a9410176185e5101e51989d7f0555e1cf61f4284a51d0f654cb,1366,c08e2ec1161fdc7ab575e5c4ed18decb72fdd99937d278db32970d66ab3015bf,2.7057438178879067e-08
d03E,140161d99a424b2d367d4c07c1b00a91c1d35713406c144e33003cf551109d48,140161d99a424b2d367d4c07c1b00a91c1d35713406c144e33003cf551109d48:201,201,1366,cf1703e8a9d52a9410176185e5101e51989d7f0555e1cf61f4284a51d0f654cb,1366,c08e2ec1161fdc7ab575e5c4ed18decb72fdd99937d278db32970d66ab3015bf,2.7057438178879067e-08
d03E,140161d99a424b2d367d4c07c1b00a91c1d35713406c144e33003cf551109d48,140161d99a424b2d367d4c07c1b00a91c1d35713406c144e33003cf551109d48:202,202,1366,84f9792eea5477356d76e93e89f28d12d7bdd9571d9eed297a0e72aea4a8a0c6,1366,c08e2ec1161fdc7ab575e5c4ed18decb72fdd99937d278db32970d66ab3015bf,2.8482322833589535e-08
d03E,140161d99a424b2d367d4c07c1b00a91c1d35713406c144e33003cf551109d48,140161d99a424b2d367d4c07c1b00a91c1d35713406c144e33003cf551109d48:203,203,1366,f34f3c62c805a8ef50bf3538e3b4952bf675a860e278ed2fbb4e3360ebaec961,1366,c08e2ec1161fdc7ab575e5c4ed18decb72fdd99937d278db32970d66ab3015bf,2.3969580431604243e-08
d03E,140161d99a424b2d367d4c07c1b00a91c1d35713406c144e33003cf551109d48,140161d99a424b2d367d4c07c1b00a91c1d35713406c144e33003cf551109d48:204,204,1366,cf1703e8a9d52a9410176185e5101e51989d7f0555e1cf61f4284a51d0f654cb,1366,c08e2ec1161fdc7ab575e5c4ed18decb72fdd99937d278db32970d66ab3015bf,2.7057438178879067e-08
d03E,140161d99a424b2d367d4c07c1b00a91c1d35713406c144e33003cf551109d48,140161d99a424b2d367d4c07c1b00a91c1d35713406c144e33003cf551109d48:205,205,1366,cf1703e8a9d52a9410176185e5101e51989d7f0555e1cf61f4284a51d0f654cb,1366,c08e2ec1161fdc7ab575e5c4ed18decb72fdd99937d278db32970d66ab3015bf,2.7057438178879067e-08
d03E,140161d99a424b2d367d4c07c1b00a91c1d35713406c144e33003cf551109d48,140161d99a424b2d367d4c07c1b00a91c1d35713406c144e33003cf551109d48:206,206,1366,cf1703e8a9d52a9410176185e5101e51989d7f0555e1cf61f4284a51d0f654cb,1366,c08e2ec1161fdc7ab575e5c4ed18decb72fdd99937d278db32970d66ab3015bf,2.7057438178879067e-08
d03E,140161d99a424b2d367d4c07c1b00a91c1d35713406c144e33003cf551109d48,140161d99a424b2d367d4c07c1b00a91c1d35713406c144e33003cf551109d48:207,207,1397,68b6aa12efdc5b040b0f926da2000bc4d91430a623e2cc661ce6c3a1e3a3e53d,1397,71828e995f2c461063d1d8b97dedc17cd06a201b65314574118f38ddd836c830,2.1040159836616112e-08
d03E,140161d99a424b2d367d4c07c1b00a91c1d35713406c144e33003cf551109d48,140161d99a424b2d367d4c07c1b00a91c1d35713406c144e33003cf551109d48:208,208,1397,68b6aa12efdc5b040b0f926da2000bc4d91430a623e2cc661ce6c3a1e3a3e53d,1397,71828e995f2c461063d1d8b97dedc17cd06a201b65314574118f38ddd836c830,2.1040159836616112e-08
d03E,140161d99a424b2d367d4c07c1b00a91c1d35713406c144e33003cf551109d48,140161d99a424b2d367d4c07c1b00a91c1d35713406c144e33003cf551109d48:209,209,1397,362e3b6c7ef19087f292f503f2daa3527ab65d9d4fb96da5180b363abdaeee33,1397,71828e995f2c461063d1d8b97dedc17cd06a201b65314574118f38ddd836c830,1.6532348046105483e-08
d03E,140161d99a424b2d367d4c07c1b00a91c1d35713406c144e33003cf551109d48,140161d99a424b2d367d4c07c1b00a91c1d35713406c144e33003cf551109d48:210,210,1397,a6c78b129ed5a0d7fa7240cfd8ddb137c5bbbdec6f337d996ffa9ede97b5292f,1397,71828e995f2c461063d1d8b97dedc17cd06a201b65314574118f38ddd836c830,2.9367674514446662e-08
d03E,140161d99a424b2d367d4c07c1b00a91c1d35713406c144e33003cf551109d48,140161d99a424b2d367d4c07c1b00a91c1d35713406c144e33003cf551109d48:211,211,1397,19fd251aea06846a7769040de708b3739fd03e0ed3cee7e2d0aa8c8456620567,1397,71828e995f2c461063d1d8b97dedc17cd06a201b65314574118f38ddd836c830,3.143350923995314e-08
d03E,140161d99a424b2d367d4c07c1b00a91c1d35713406c144e33003cf551109d48,140161d99a424b2d367d4c07c1b00a91c1d35713406c144e33003cf551109d48:212,212,1397,68b6aa12efdc5b040b0f926da2000bc4d91430a623e2cc661ce6c3a1e3a3e53d,1397,71828e995f2c461063d1d8b97dedc17cd06a201b65314574118f38ddd836c830,2.1040159836616112e-08
d03E,140161d99a424b2d367d4c07c1b00a91c1d35713406c144e33003cf551109d48,140161d99a424b2d367d4c07c1b00a91c1d35713406c144e33003cf551109d48:213,213,1397,68b6aa12efdc5b040b0f926da2000bc4d91430a623e2cc661ce6c3a1e3a3e53d,1397,71828e995f2c461063d1d8b97dedc17cd06a201b65314574118f38ddd836c830,2.1040159836616112e-08
d03E,140161d99a424b2d367d4c07c1b00a91c1d35713406c144e33003cf551109d48,140161d99a424b2d367d4c07c1b00a91c1d35713406c144e33003cf551109d48:214,214,1397,ace8a089c7e293d0f76d95d8c9d61b1f58c53a4f804f42b9073c773fc11aced0,1397,71828e995f2c461063d1d8b97dedc17cd06a201b65314574118f38ddd836c830,2.2786389664020135e-08
d03E,140161d99a424b2d367d4c07c1b00a91c1d35713406c144e33003cf551109d48,140161d99a424b2d367d4c07c1b00a91c1d35713406c144e33003cf551109d48:215,215,1397,19fd251aea06846a7769040de708b3739fd03e0ed3cee7e2d0aa8c8456620567,1397,71828e995f2c461063d1d8b97dedc17cd06a201b65314574118f38ddd836c830,3.143350923995314e-08
d03E,140161d99a424b2d367d4c07c1b00a91c1d35713406c144e33003cf551109d48,140161d99a424b2d367d4c07c1b00a91c1d35713406c144e33003cf551109d48:216,216,1411,cf7e83d8e9b06635caa2d2d34a9eef18e439645b487d844f1279d480551480de,1411,ccd908e80ef59529e2b7ba20c3ce102c06d64f6751d78bfdc2c981b97a3c5f0b,2.7680390424222878e-08
d03E,140161d99a424b2d367d4c07c1b00a91c1d35713406c144e33003cf551109d48,140161d99a424b2d367d4c07c1b00a91c1d35713406c144e33003cf551109d48:217,217,1411,6b7bfc7658e5187c53929980bbc99aeca41d1c2394c7a3c3e07f3f2930276535,1411,ccd908e80ef59529e2b7ba20c3ce102c06d64f6751d78bfdc2c981b97a3c5f0b,2.7680390424222878e-08
d03E,140161d99a424b2d367d4c07c1b00a91c1d35713406c144e33003cf551109d48,140161d99a424b2d367d4c07c1b00a91c1d35713406c144e33003cf551109d48:218,218,1411,cf7e83d8e9b06635caa2d2d34a9eef18e439645b487d844f1279d480551480de,1411,ccd908e80ef59529e2b7ba20c3ce102c06d64f6751d78bfdc2c981b97a3c5f0b,2.7680390424222878e-08
d03E,140161d99a424b2d367d4c07c1b00a91c1d35713406c144e33003cf551109d48,140161d99a424b2d367d4c07c1b00a91c1d35713406c144e33003cf551109d48:219,219,1411,cf7e83d8e9b06635caa2d2d34a9eef18e439645b487d844f1279d480551480de,1411,ccd908e80ef59529e2b7ba20c3ce102c06d64f6751d78bfdc2c981b97a3c5f0b,2.7680390424222878e-08
d03E,140161d99a424b2d367d4c07c1b00a91c1d35713406c144e33003cf551109d48,140161d99a424b2d367d4c07c1b00a91c1d35713406c144e33003cf551109d48:220,220,1411,7c5353eedcd2f6f93b31240820f4d74754ded5184e702cb6fc1e8d98b8fcd2bc,1411,ccd908e80ef59529e2b7ba20c3ce102c06d64f6751d78bfdc2c981b97a3c5f0b,2.7680390424222878e-08
d03E,140161d99a424b2d367d4c07c1b00a91c1d35713406c144e33003cf551109d48,140161d99a424b2d367d4c07c1b00a91c1d35713406c144e33003cf551109d48:221,221,1411,cf7e83d8e9b06635caa2d2d34a9eef18e439645b487d844f1279d480551480de,1411,ccd908e80ef59529e2b7ba20c3ce102c06d64f6751d78bfdc2c981b97a3c5f0b,2.7680390424222878e-08
d03E,140161d99a424b2d367d4c07c1b00a91c1d35713406c144e33003cf551109d48,140161d99a424b2d367d4c07c1b00a91c1d35713406c144e33003cf551109d48:222,222,1411,7c5353eedcd2f6f93b31240820f4d74754ded5184e702cb6fc1e8d98b8fcd2bc,1411,ccd908e80ef59529e2b7ba20c3ce102c06d64f6751d78bfdc2c981b97a3c5f0b,2.7680390424222878e-08
d03E,140161d99a424b2d367d4c07c1b00a91c1d35713406c144e33003cf551109d48,140161d99a424b2d367d4c07c1b00a91c1d35713406c144e33003cf551109d48:223,223,1411,903613adc545ad7a162eaadff9c7c67f3a0d4591f04986ce77935ae68b6fd008,1411,ccd908e80ef59529e2b7ba20c3ce102c06d64f6751d78bfdc2c981b97a3c5f0b,1.1281640843741059e-08
d03E,140161d99a424b2d367d4c07c1b00a91c1d35713406c144e33003cf551109d48,140161d99a424b2d367d4c07c1b00a91c1d35713406c144e33003cf551109d48:224,224,1411,daccc3f60234473901134ffd3f33ae3716b18e9ee63c2ff1fff7af139990eca6,1411,ccd908e80ef59529e2b7ba20c3ce102c06d64f6751d78bfdc2c981b97a3c5f0b,2.46648419466311e-08
d03E,140161d99a424b2d367d4c07c1b00a91c1d35713406c144e33003cf551109d48,140161d99a424b2d367d4c07c1b00a91c1d35713406c144e33003cf551109d48:225,225,1411,979ecd51df520962c46da5de827c70db4fdced04e25fad0df46dfeb3ddffe2d7,1411,ccd908e80ef59529e2b7ba20c3ce102c06d64f6751d78bfdc2c981b97a3c5f0b,2.7680390424222878e-08
d03E,140161d99a424b2d367d4c07c1b00a91c1d35713406c144e33003cf551109d48,140161d99a424b2d367d4c07c1b00a91c1d35713406c144e33003cf551109d48:226,226,1411,e527a9d52fbfb4d110e32981279963a62a3363a96bdf67d060dac0e713ba8026,1411,ccd908e80ef59529e2b7ba20c3ce102c06d64f6751d78bfdc2c981b97a3c5f0b,2.894156159172212e-08
d03E,140161d99a424b2d367d4c07c1b00a91c1d35713406c144e33003cf551109d48,140161d99a424b2d367d4c07c1b00a91c1d35713406c144e33003cf551109d48:227,227,1411,903613adc545ad7a162eaadff9c7c67f3a0d4591f04986ce77935ae68b6fd008,1411,ccd908e80ef59529e2b7ba20c3ce102c06d64f6751d78bfdc2c981b97a3c5f0b,1.1281640843741059e-08
d03E,140161d99a424b2d367d4c07c1b00a91c1d35713406c144e33003cf551109d48,140161d99a424b2d367d4c07c1b00a91c1d35713406c144e33003cf551109d48:228,228,1411,084585b0e64f3dd7b6bc617a8813f60cfd74bf6cddb7b54b619837cb35135773,1411,ccd908e80ef59529e2b7ba20c3ce102c06d64f6751d78bfdc2c981b97a3c5f0b,2.46648419466311e-08
d03E,140161d99a424b2d367d4c07c1b00a91c1d35713406c144e33003cf551109d48,140161d99a424b2d367d4c07c1b00a91c1d35713406c144e33003cf551109d48:229,229,1411,903613adc545ad7a162eaadff9c7c67f3a0d4591f04986ce77935ae68b6fd008,1411,ccd908e80ef59529e2b7ba20c3ce102c06d64f6751d78bfdc2c981b97a3c5f0b,1.1281640843741059e-08
d03E,140161d99a424b2d367d4c07c1b00a91c1d35713406c144e33003cf551109d48,140161d99a424b2d367d4c07c1b00a91c1d35713406c144e33003cf551109d48:230,230,1411,daccc3f60234473901134ffd3f33ae3716b18e9ee63c2ff1fff7af139990eca6,1411,ccd908e80ef59529e2b7ba20c3ce102c06d64f6751d78bfdc2c981b97a3c5f0b,2.46648419466311e-08
d03E,140161d99a424b2d367d4c07c1b00a91c1d35713406c144e33003cf551109d48,140161d99a424b2d367d4c07c1b00a91c1d35713406c144e33003cf551109d48:231,231,1411,903613adc545ad7a162eaadff9c7c67f3a0d4591f04986ce77935ae68b6fd008,1411,ccd908e80ef59529e2b7ba20c3ce102c06d64f6751d78bfdc2c981b97a3c5f0b,1.1281640843741059e-08
d03E,140161d99a424b2d367d4c07c1b00a91c1d35713406c144e33003cf551109d48,140161d99a424b2d367d4c07c1b00a91c1d35713406c144e33003cf551109d48:232,232,1480,49b53c80da269cbfe460c629fd7b29923ba50a30a1988d50059ecee87f3b62b4,1480,488ae94ef4ab9486d00fb1d0fc967edbe2cfd146ec69bcda82dcea1f9cfd9eb7,2.4405807597105422e-08
d03E,140161d99a424b2d367d4c07c1b00a91c1d35713406c144e33003cf551109d48,140161d99a424b2d367d4c07c1b00a91c1d35713406c144e33003cf551109d48:233,233,1480,7d12acf22af414f72bc85fbe2be9f73f2ad5532ce3b55d6ed3c267b2537d9564,1480,488ae94ef4ab9486d00fb1d0fc967edbe2cfd146ec69bcda82dcea1f9cfd9eb7,2.4405807597105422e-08
d03E,140161d99a424b2d367d4c07c1b00a91c1d35713406c144e33003cf551109d48,140161d99a424b2d367d4c07c1b00a91c1d35713406c144e33003cf551109d48:234,234,1480,54d463ec98ac31de4cf7c2ff5480e2d13d6d2c600b8ebe190bd77a5e024b1af2,1480,488ae94ef4ab9486d00fb1d0fc967edbe2cfd146ec69bcda82dcea1f9cfd9eb7,2.4405807597105422e-08
d03E,140161d99a424b2d367d4c07c1b00a91c1d35713406c144e33003cf551109d48,140161d99a424b2d367d4c07c1b00a91c1d35713406c144e33003cf551109d48:235,235,1480,c77cc67fb8a9948ddc6e8a66d5e4cc28b1c3b255fde95e97c978fbc0312e42f2,1480,488ae94ef4ab9486d00fb1d0fc967edbe2cfd146ec69bcda82dcea1f9cfd9eb7,2.1611839873258987e-08
d03E,140161d99a424b2d367d4c07c1b00a91c1d35713406c144e33003cf551109d48,140161d99a424b2d367d4c07c1b00a91c1d35713406c144e33003cf551109d48:236,236,1480,196a4aa22d100cd725785be009320cc43ecbe466779346ed617217b8484ee08c,1480,488ae94ef4ab9486d00fb1d0fc967edbe2cfd146ec69bcda82dcea1f9cfd9eb7,3.0443300547133845e-08
d03E,140161d99a424b2d367d4c07c1b00a91c1d35713406c144e33003cf551109d48,140161d99a424b2d367d4c07c1b00a91c1d35713406c144e33003cf551109d48:237,237,1480,d26bedd8e90940c9473396f1c460f215ffd313cab7e652eb20448ba2ba6ff5ba,1480,488ae94ef4ab9486d00fb1d0fc967edbe2cfd146ec69bcda82dcea1f9cfd9eb7,2.492388362362874e-08
d03E,140161d99a424b2d367d4c07c1b00a91c1d35713406c144e33003cf551109d48,140161d99a424b2d367d4c07c1b00a91c1d35713406c144e33003cf551109d48:238,238,1480,54d463ec98ac31de4cf7c2ff5480e2d13d6d2c600b8ebe190bd77a5e024b1af2,1480,488ae94ef4ab9486d00fb1d0fc967edbe2cfd146ec69bcda82dcea1f9cfd9eb7,2.4405807597105422e-08
d03E,140161d99a424b2d367d4c07c1b00a91c1d35713406c144e33003cf551109d48,140161d99a424b2d367d4c07c1b00a91c1d35713406c144e33003cf551109d48:239,239,1480,54d463ec98ac31de4cf7c2ff5480e2d13d6d2c600b8ebe190bd77a5e024b1af2,1480,488ae94ef4ab9486d00fb1d0fc967edbe2cfd146ec69bcda82dcea1f9cfd9eb7,2.4405807597105422e-08
d03E,140161d99a424b2d367d4c07c1b00a91c1d35713406c144e33003cf551109d48,140161d99a424b2d367d4c07c1b00a91c1d35713406c144e33003cf551109d48:240,240,1494,80a7b4e516a256b0bc83e7fef4bb399afdc11d5fa18c85ae12e81bc77fe40154,1494,1c9c28548147d3645731fdc0089c7e1cee773ba618d68287f65a93f4b879c64a,3.292912320596031e-08
d03E,140161d99a424b2d367d4c07c1b00a91c1d35713406c144e33003cf551109d48,140161d99a424b2d367d4c07c1b00a91c1d35713406c144e33003cf551109d48:241,241,1497,5717099ca1bdc812e6359c5d97211c2a5faf481b6f6ceee2f973f96f9f9cbd0e,1497,84706073c37e2a6892089faad892530aef4255aed0c4da0209c947238f34d72a,2.5806555781215934e-08
d03E,140161d99a424b2d367d4c07c1b00a91c1d35713406c144e33003cf551109d48,140161d99a424b2d367d4c07c1b00a91c1d35713406c144e33003cf551109d48:242,242,1497,c6a5f9bb55689c31956b855a453b24e32a0240b34e524a55cd00b8b50c1b189b,1497,84706073c37e2a6892089faad892530aef4255aed0c4da0209c947238f34d72a,1.8355975184292106e-08
d03E,140161d99a424b2d367d4c07c1b00a91c1d35713406c144e33003cf551109d48,140161d99a424b2d367d4c07c1b00a91c1d35713406c144e33003cf551109d48:243,243,1497,5717099ca1bdc812e6359c5d97211c2a5faf481b6f6ceee2f973f96f9f9cbd0e,1497,84706073c37e2a6892089faad892530aef4255aed0c4da0209c947238f34d72a,2.5806555781215934e-08
d03E,140161d99a424b2d367d4c07c1b00a91c1d35713406c144e33003cf551109d48,140161d99a424b2d367d4c07c1b00a91c1d35713406c144e33003cf551109d48:244,244,1497,5027c4ebf456a469926be27a01a776333ffe6306239176976b97155f84190bd2,1497,84706073c37e2a6892089faad892530aef4255aed0c4da0209c947238f34d72a,2.1689773532784784e-08
d03E,140161d99a424b2d367d4c07c1b00a91c1d35713406c144e33003cf551109d48,140161d99a424b2d367d4c07c1b00a91c1d35713406c144e33003cf551109d48:245,245,1497,e32558f8384fdc90bb1ce4f61a3d269522db42ff1b9f6c8dfc5dbee5a9f01926,1497,84706073c37e2a6892089faad892530aef4255aed0c4da0209c947238f34d72a,2.752048333665158e-08
d03E,140161d99a424b2d367d4c07c1b00a91c1d35713406c144e33003cf551109d48,140161d99a424b2d367d4c07c1b00a91c1d35713406c144e33003cf551109d48:246,246,1497,5027c4ebf456a469926be27a01a776333ffe6306239176976b97155f84190bd2,1497,84706073c37e2a6892089faad892530aef4255aed0c4da0209c947238f34d72a,2.1689773532784784e-08
d03E,140161d99a424b2d367d4c07c1b00a91c1d35713406c144e33003cf551109d48,140161d99a424b2d367d4c07c1b00a91c1d35713406c144e33003cf551109d48:247,247,1520,da2b3352acf191412490518db4570de30814c1bf533eda82588121d14edbd9cb,1520,8a468b226d185623a57eaab6e69d21c1f0b98a3a8212a2968575eb86c6b4f2fe,3.3677353128425125e-08
d03E,140161d99a424b2d367d4c07c1b00a91c1d35713406c144e33003cf551109d48,140161d99a424b2d367d4c07c1b00a91c1d35713406c144e33003cf551109d48:248,248,1520,201f92ae22d585cc07983dd6d21fc905a500dd03edf3e54dfbaefd724a66d6b6,1520,8a468b226d185623a57eaab6e69d21c1f0b98a3a8212a2968575eb86c6b4f2fe,2.2092934592876645e-08
d03E,140161d99a424b2d367d4c07c1b00a91c1d35713406c144e33003cf551109d48,140161d99a424b2d367d4c07c1b00a91c1d35713406c144e33003cf551109d48:249,249,1520,da2b3352acf191412490518db4570de30814c1bf533eda82588121d14edbd9cb,1520,8a468b226d185623a57eaab6e69d21c1f0b98a3a8212a2968575eb86c6b4f2fe,3.3677353128425125e-08
d03E,140161d99a424b2d367d4c07c1b00a91c1d35713406c144e33003cf551109d48,140161d99a424b2d367d4c07c1b00a91c1d35713406c144e33003cf551109d48:250,250,1521,2fa1d22e7a3ab05aac5a147d1d120ef8de043608515eca5a8101f6f8530e000d,1521,137422b2abfbdf39590e889441cbdc3f638ad346fa0be03aadd2e0b1c5b97355,2.6192056967744293e-08
d03E,140161d99a424b2d367d4c07c1b00a91c1d35713406c144e33003cf551109d48,140161d99a424b2d367d4c07c1b00a91c1d35713406c144e33003cf551109d48:251,251,1521,9839f6b6b5f2f09b32a1362b7850b4ba336793886d41cd158fd9c7ac16b8f231,1521,137422b2abfbdf39590e889441cbdc3f638ad346fa0be03aadd2e0b1c5b97355,1.7735529267426386e-08
d03E,140161d99a424b2d367d4c07c1b00a91c1d35713406c144e33003cf551109d48,140161d99a424b2d367d4c07c1b00a91c1d35713406c144e33003cf551109d48:252,252,1521,acac0c420323f8b8fc79eb98b33bd36ce497bb34a5349f27d7235661d5031bcb,1521,137422b2abfbdf39590e889441cbdc3f638ad346fa0be03aadd2e0b1c5b97355,1.8511426613798676e-08
d03E,140161d99a424b2d367d4c07c1b00a91c1d35713406c144e33003cf551109d48,140161d99a424b2d367d4c07c1b00a91c1d35713406c144e33003cf551109d48:253,253,1521,9236312bd08f2747c6268ccef7a40392f3a991c6c2e580f918979c67cca34a67,1521,137422b2abfbdf39590e889441cbdc3f638ad346fa0be03aadd2e0b1c5b97355,2.4338806969836924e-08
d03E,140161d99a424b2d367d4c07c1b00a91c1d35713406c144e33003cf551109d48,140161d99a424b2d367d4c07c1b00a91c1d35713406c144e33003cf551109d48:254,254,1521,2b8718129137d6ac6520c39babbd68d052c48b859faaf516d0c6b429e294f6a7,1521,137422b2abfbdf39590e889441cbdc3f638ad346fa0be03aadd2e0b1c5b97355,1.7735529267426386e-08
d03E,140161d99a424b2d367d4c07c1b00a91c1d35713406c144e33003cf551109d48,140161d99a424b2d367d4c07c1b00a91c1d35713406c144e33003cf551109d48:255,255,1521,8d2da1bea1315a88826e9e975f365d0ceef71405f0de64d54e25950d67cfcedd,1521,137422b2abfbdf39590e889441cbdc3f638ad346fa0be03aadd2e0b1c5b97355,1.8511426613798676e-08
d03E,140161d99a424b2d367d4c07c1b00a91c1d35713406c144e33003cf551109d48,140161d99a424b2d367d4c07c1b00a91c1d35713406c144e33003cf551109d48:256,256,1521,a366e8d4800c65772bf538662be21d4889e35b83389f01e605cfdf8969255db8,1521,137422b2abfbdf39590e889441cbdc3f638ad346fa0be03aadd2e0b1c5b97355,2.6967954314116582e-08
d03E,140161d99a424b2d367d4c07c1b00a91c1d35713406c144e33003cf551109d48,140161d99a424b2d367d4c07c1b00a91c1d35713406c144e33003cf551109d48:257,257,1521,9839f6b6b5f2f09b32a1362b7850b4ba336793886d41cd158fd9c7ac16b8f231,1521,137422b2abfbdf39590e889441cbdc3f638ad346fa0be03aadd2e0b1c5b97355,1.7735529267426386e-08
d03E,140161d99a424b2d367d4c07c1b00a91c1d35713406c144e33003cf551109d48,140161d99a424b2d367d4c07c1b00a91c1d35713406c144e33003cf551109d48:258,258,1521,e6271a240d67c8323576eb71093b5511d4c99e86700eae9a3c0f85a13908257e,1521,137422b2abfbdf39590e889441cbdc3f638ad346fa0be03aadd2e0b1c5b97355,1.8511426613798676e-08
d03E,140161d99a424b2d367d4c07c1b00a91c1d35713406c144e33003cf551109d48,140161d99a424b2d367d4c07c1b00a91c1d35713406c144e33003cf551109d48:259,259,1521,b3aa572950fa3b96244545c4e4f82246b2ef961e0e93d7aced5a416d12bb0591,1521,137422b2abfbdf39590e889441cbdc3f638ad346fa0be03aadd2e0b1c5b97355,1.8741476370820465e-08
d03E,140161d99a424b2d367d4c07c1b00a91c1d35713406c144e33003cf551109d48,140161d99a424b2d367d4c07c1b00a91c1d35713406c144e33003cf551109d48:260,260,1521,293cad15c20835015956475aa03d30fb4bb926164db40cf1f7c2625885b3cd7f,1521,137422b2abfbdf39590e889441cbdc3f638ad346fa0be03aadd2e0b1c5b97355,2.891140016281213e-08
d03E,140161d99a424b2d367d4c07c1b00a91c1d35713406c144e33003cf551109d48,140161d99a424b2d367d4c07c1b00a91c1d35713406c144e33003cf551109d48:261,261,1521,b3aa572950fa3b96244545c4e4f82246b2ef961e0e93d7aced5a416d12bb0591,1521,137422b2abfbdf39590e889441cbdc3f638ad346fa0be03aadd2e0b1c5b97355,1.8741476370820465e-08
d03E,140161d99a424b2d367d4c07c1b00a91c1d35713406c144e33003cf551109d48,140161d99a424b2d367d4c07c1b00a91c1d35713406c144e33003cf551109d48:262,262,1521,c56e0ef051bd2a6661c035032757d8ccaf86dccda1a9056942eada50de609930,1521,137422b2abfbdf39590e889441cbdc3f638ad346fa0be03aadd2e0b1c5b97355,2.6967954314116582e-08
d03E,140161d99a424b2d367d4c07c1b00a91c1d35713406c144e33003cf551109d48,140161d99a424b2d367d4c07c1b00a91c1d35713406c144e33003cf551109d48:263,263,1521,89af6f2323161711fbb943e7c64297828b33e9e9e610206d70618963f3f6f81a,1521,137422b2abfbdf39590e889441cbdc3f638ad346fa0be03aadd2e0b1c5b97355,1.9517373717192754e-08
d03E,140161d99a424b2d367d4c07c1b00a91c1d35713406c144e33003cf551109d48,140161d99a424b2d367d4c07c1b00a91c1d35713406c144e33003cf551109d48:264,264,1521,153ad59412b2247f91ae20e3905df4251bab5ccf686304a45a4ad7eed1cf03eb,1521,137422b2abfbdf39590e889441cbdc3f638ad346fa0be03aadd2e0b1c5b97355,1.7735529267426386e-08
d03E,140161d99a424b2d367d4c07c1b00a91c1d35713406c144e33003cf551109d48,140161d99a424b2d367d4c07c1b00a91c1d35713406c144e33003cf551109d48:265,265,1521,9236312bd08f2747c6268ccef7a40392f3a991c6c2e580f918979c67cca34a67,1521,137422b2abfbdf39590e889441cbdc3f638ad346fa0be03aadd2e0b1c5b97355,2.4338806969836924e-08
d03E,140161d99a424b2d367d4c07c1b00a91c1d35713406c144e33003cf551109d48,140161d99a424b2d367d4c07c1b00a91c1d35713406c144e33003cf551109d48:266,266,1521,9839f6b6b5f2f09b32a1362b7850b4ba336793886d41cd158fd9c7ac16b8f231,1521,137422b2abfbdf39590e889441cbdc3f638ad346fa0be03aadd2e0b1c5b97355,1.7735529267426386e-08
d03E,140161d99a424b2d367d4c07c1b00a91c1d35713406c144e33003cf551109d48,140161d99a424b2d367d4c07c1b00a91c1d35713406c144e33003cf551109d48:267,267,1521,c8e0463b12e7a33306c06b44cc224a15fb91fbde4dfe3d532f47c1e44b935ba4,1521,137422b2abfbdf39590e889441cbdc3f638ad346fa0be03aadd2e0b1c5b97355,2.6967954314116582e-08
d03E,140161d99a424b2d367d4c07c1b00a91c1d35713406c144e33003cf551109d48,140161d99a424b2d367d4c07c1b00a91c1d35713406c144e33003cf551109d48:268,268,1521,c8e0463b12e7a33306c06b44cc224a15fb91fbde4dfe3d532f47c1e44b935ba4,1521,137422b2abfbdf39590e889441cbdc3f638ad346fa0be03aadd2e0b1c5b97355,2.6967954314116582e-08
d03E,140161d99a424b2d367d4c07c1b00a91c1d35713406c144e33003cf551109d48,140161d99a424b2d367d4c07c1b00a91c1d35713406c144e33003cf551109d48:269,269,1521,9236312bd08f2747c6268ccef7a40392f3a991c6c2e580f918979c67cca34a67,1521,137422b2abfbdf39590e889441cbdc3f638ad346fa0be03aadd2e0b1c5b97355,2.4338806969836924e-08
d03E,140161d99a424b2d367d4c07c1b00a91c1d35713406c144e33003cf551109d48,140161d99a424b2d367d4c07c1b00a91c1d35713406c144e33003cf551109d48:270,270,1525,2858eac163bdb7a71fc0bb6ac59dfd381df868efd5d71c54312c67b5ad55eae3,1525,1ea630d4b1ad4a20744aad55ec5934f6f1635945ecd48c868086a6900c5db235,1.3959285949383116e-08
d03E,140161d99a424b2d367d4c07c1b00a91c1d35713406c144e33003cf551109d48,140161d99a424b2d367d4c07c1b00a91c1d35713406c144e33003cf551109d48:271,271,1525,d7a11e97f228c8e6c6b1a8db9c58c6b7bf7ba40708f016d95b2aa0c3234d9658,1525,1ea630d4b1ad4a20744aad55ec5934f6f1635945ecd48c868086a6900c5db235,2.975889912271157e-08
d03E,140161d99a424b2d367d4c07c1b00a91c1d35713406c144e33003cf551109d48,140161d99a424b2d367d4c07c1b00a91c1d35713406c144e33003cf551109d48:272,272,1525,2858eac163bdb7a71fc0bb6ac59dfd381df868efd5d71c54312c67b5ad55eae3,1525,1ea630d4b1ad4a20744aad55ec5934f6f1635945ecd48c868086a6900c5db235,1.3959285949383116e-08
d03E,140161d99a424b2d367d4c07c1b00a91c1d35713406c144e33003cf551109d48,140161d99a424b2d367d4c07c1b00a91c1d35713406c144e33003cf551109d48:273,273,1525,587a6b6dc91ca79c46a9617c4721eea55f661d31c9b4356d40adc16879a131fb,1525,1ea630d4b1ad4a20744aad55ec5934f6f1635945ecd48c868086a6900c5db235,2.32725116955379e-08
d03E,140161d99a424b2d367d4c07c1b00a91c1d35713406c144e33003cf551109d48,140161d99a424b2d367d4c07c1b00a91c1d35713406c144e33003cf551109d48:274,274,1525,587a6b6dc91ca79c46a9617c4721eea55f661d31c9b4356d40adc16879a131fb,1525,1ea630d4b1ad4a20744aad55ec5934f6f1635945ecd48c868086a6900c5db235,2.32725116955379e-08
d03E,140161d99a424b2d367d4c07c1b00a91c1d35713406c144e33003cf551109d48,140161d99a424b2d367d4c07c1b00a91c1d35713406c144e33003cf551109d48:275,275,1527,b4e9916d9ebfb6ab5fad2eeb01f5e6ab7ae8b2e3f6a6887f1c290c116a36091d,1527,fa552da67106bf628db530500ed6e17e82372758613485ec0181762bcbb375a2,1.7961355958107106e-08
d03E,140161d99a424b2d367d4c07c1b00a91c1d35713406c144e33003cf551109d48,140161d99a424b2d367d4c07c1b00a91c1d35713406c144e33003cf551109d48:276,276,1527,8e0d8ed24f318b49839dad286bd2899b8c4fb38d20230fdf6b74142895c91235,1527,fa552da67106bf628db530500ed6e17e82372758613485ec0181762bcbb375a2,1.7961355958107106e-08
d03E,140161d99a424b2d367d4c07c1b00a91c1d35713406c144e33003cf551109d48,140161d99a424b2d367d4c07c1b00a91c1d35713406c144e33003cf551109d48:277,277,1527,d6ca25569a560379984b56be785ecdb3be2bf1ce4806fd394a1a3de9541133dc,1527,fa552da67106bf628db530500ed6e17e82372758613485ec0181762bcbb375a2,2.8687399122873103e-08
d03E,140161d99a424b2d367d4c07c1b00a91c1d35713406c144e33003cf551109d48,140161d99a424b2d367d4c07c1b00a91c1d35713406c144e33003cf551109d48:278,278,1565,019d2408e2299f9cc78c1002d6d1f94e24dacef4ea68f2fd1ad98cfd57fe432d,1565,7e8cbee1e6910ac0e01933dadc729f21de9933bca4be5699a1a09ff1c154e4e6,2.7715267858496873e-08
d03E,140161d99a424b2d367d4c07c1b00a91c1d35713406c144e33003cf551109d48,140161d99a424b2d367d4c07c1b00a91c1d35713406c144e33003cf551109d48:279,279,1570,edb64734d13c3c7c18e9abdbc93ad47d588a4423af6b965bc9e3c2781eebf837,1570,4e905075cc99eee6b25389e013dbaf210b89132714c55d63aafddc3d0fe57abd,1.416392159114821e-08
d03E,140161d99a424b2d367d4c07c1b00a91c1d35713406c144e33003cf551109d48,140161d99a424b2d367d4c07c1b00a91c1d35713406c144e33003cf551109d48:280,280,1570,edb64734d13c3c7c18e9abdbc93ad47d588a4423af6b965bc9e3c2781eebf837,1570,4e905075cc99eee6b25389e013dbaf210b89132714c55d63aafddc3d0fe57abd,1.416392159114821e-08
d03E,140161d99a424b2d367d4c07c1b00a91c1d35713406c144e33003cf551109d48,140161d99a424b2d367d4c07c1b00a91c1d35713406c144e33003cf551109d48:281,281,1570,109c8668acb6280f2b65311652ca52d6ccdb681703e71db869b8dbf65a396bba,1570,4e905075cc99eee6b25389e013dbaf210b89132714c55d63aafddc3d0fe57abd,7.529563805785955e-09
d03E,140161d99a424b2d367d4c07c1b00a91c1d35713406c144e33003cf551109d48,140161d99a424b2d367d4c07c1b00a91c1d35713406c144e33003cf551109d48:282,282,1583,2d758e212b4d65d164517d259d50fd4a1e770651f90f4659324e132a92e56c3a,1583,d45cdab89d6ae96072420eb1f75c1ea7bce386219fcb29103964a442c249f80d,2.5014345483853617e-08
d03E,140161d99a424b2d367d4c07c1b00a91c1d35713406c144e33003cf551109d48,140161d99a424b2d367d4c07c1b00a91c1d35713406c144e33003cf551109d48:283,283,1583,74e6924725482b19e4c0c5e7c87a95643a864558867f1e22c59cc2176ca93142,1583,d45cdab89d6ae96072420eb1f75c1ea7bce386219fcb29103964a442c249f80d,2.6954878329377152e-08
d03E,140161d99a424b2d367d4c07c1b00a91c1d35713406c144e33003cf551109d48,140161d99a424b2d367d4c07c1b00a91c1d35713406c144e33003cf551109d48:284,284,1583,1e7d8752e1a0eee788a4b78b40d725b231e79dcc115486122ae8e1e514d92ff9,1583,d45cdab89d6ae96072420eb1f75c1ea7bce386219fcb29103964a442c249f80d,1.9611250401396774e-08
d03E,140161d99a424b2d367d4c07c1b00a91c1d35713406c144e33003cf551109d48,140161d99a424b2d367d4c07c1b00a91c1d35713406c144e33003cf551109d48:285,285,1583,54a31bb6b88f3132af3d69fe6e165506fe59f0b57cd6fbfdb5597531daa22ea5,1583,d45cdab89d6ae96072420eb1f75c1ea7bce386219fcb29103964a442c249f80d,2.897783424327116e-08
d03E,140161d99a424b2d367d4c07c1b00a91c1d35713406c144e33003cf551109d48,140161d99a424b2d367d4c07c1b00a91c1d35713406c144e33003cf551109d48:286,286,1583,0617fe6dd1d1e8a819763aa641e05213b58c90705f535d35646752213a3fea49,1583,d45cdab89d6ae96072420eb1f75c1ea7bce386219fcb29103964a442c249f80d,2.690152023365755e-08
d03E,140161d99a424b2d367d4c07c1b00a91c1d35713406c144e33003cf551109d48,140161d99a424b2d367d4c07c1b00a91c1d35713406c144e33003cf551109d48:287,287,1583,afb9065cb1400ba9813c256447794f218464b1e62a68082350f5dd21605de48a,1583,d45cdab89d6ae96072420eb1f75c1ea7bce386219fcb29103964a442c249f80d,2.6954878329377152e-08
d03E,140161d99a424b2d367d4c07c1b00a91c1d35713406c144e33003cf551109d48,140161d99a424b2d367d4c07c1b00a91c1d35713406c144e33003cf551109d48:288,288,1583,afb9065cb1400ba9813c256447794f218464b1e62a68082350f5dd21605de48a,1583,d45cdab89d6ae96072420eb1f75c1ea7bce386219fcb29103964a442c249f80d,2.6954878329377152e-08
d03E,140161d99a424b2d367d4c07c1b00a91c1d35713406c144e33003cf551109d48,140161d99a424b2d367d4c07c1b00a91c1d35713406c144e33003cf551109d48:289,289,1583,5e68f8ea31c46eb70b76049811cb896b7ae61ae33cd09d71f4fb0178b7c3ac6b,1583,d45cdab89d6ae96072420eb1f75c1ea7bce386219fcb29103964a442c249f80d,2.642775354111393e-08
d03E,140161d99a424b2d367d4c07c1b00a91c1d35713406c144e33003cf551109d48,140161d99a424b2d367d4c07c1b00a91c1d35713406c144e33003cf551109d48:290,290,1583,bbc89aebc6628e418528c5168a35768a747ca5a7f9f742d6a245aeeadc75a130,1583,d45cdab89d6ae96072420eb1f75c1ea7bce386219fcb29103964a442c249f80d,2.66605841847678e-08
d03E,140161d99a424b2d367d4c07c1b00a91c1d35713406c144e33003cf551109d48,140161d99a424b2d367d4c07c1b00a91c1d35713406c144e33003cf551109d48:291,291,1583,1e7d8752e1a0eee788a4b78b40d725b231e79dcc115486122ae8e1e514d92ff9,1583,d45cdab89d6ae96072420eb1f75c1ea7bce386219fcb29103964a442c249f80d,1.9611250401396774e-08
d03E,140161d99a424b2d367d4c07c1b00a91c1d35713406c144e33003cf551109d48,140161d99a424b2d367d4c07c1b00a91c1d35713406c144e33003cf551109d48:292,292,1583,bbc89aebc6628e418528c5168a35768a747ca5a7f9f742d6a245aeeadc75a130,1583,d45cdab89d6ae96072420eb1f75c1ea7bce386219fcb29103964a442c249f80d,2.66605841847678e-08
d03E,140161d99a424b2d367d4c07c1b00a91c1d35713406c144e33003cf551109d48,140161d99a424b2d367d4c07c1b00a91c1d35713406c144e33003cf551109d48:293,293,1583,0617fe6dd1d1e8a819763aa641e05213b58c90705f535d35646752213a3fea49,1583,d45cdab89d6ae96072420eb1f75c1ea7bce386219fcb29103964a442c249f80d,2.690152023365755e-08
d03E,140161d99a424b2d367d4c07c1b00a91c1d35713406c144e33003cf551109d48,140161d99a424b2d367d4c07c1b00a91c1d35713406c144e33003cf551109d48:294,294,1610,80defd23660cba5f3f5d579b5db122254992744e52b95b1324f35f42a545a88e,1610,677829f45f4fe8034b9d1e0e6bfe7a93c906c33312abfa0c67e55d02a855eba4,1.2796957049587832e-08
d03E,140161d99a424b2d367d4c07c1b00a91c1d35713406c144e33003cf551109d48,140161d99a424b2d367d4c07c1b00a91c1d35713406c144e33003cf551109d48:295,295,1637,e348bf0cda7f32305c9c1bcc8353a85b02d478057860e2590a5f79ce78fdfc20,1637,d5e75958634abfd4970a9310693aab96984f2bf67229819deee752cd925ee719,2.5880938281375165e-08
d03E,140161d99a424b2d367d4c07c1b00a91c1d35713406c144e33003cf551109d48,140161d99a424b2d367d4c07c1b00a91c1d35713406c144e33003cf551109d48:296,296,1637,25c03f694dcbb73ce69724aa167df1e5f19e06436cac3a8485d9b6a2a936403f,1637,d5e75958634abfd4970a9310693aab96984f2bf67229819deee752cd925ee719,2.5880938281375165e-08
d03E,140161d99a424b2d367d4c07c1b00a91c1d35713406c144e33003cf551109d48,140161d99a424b2d367d4c07c1b00a91c1d35713406c144e33003cf551109d48:297,297,1637,b55b820b165a11188d3807ef9f25ff35bd89412c4634b4486bfee9c1b3e130de,1637,d5e75958634abfd4970a9310693aab96984f2bf67229819deee752cd925ee719,1.1275415934264288e-08
d03E,140161d99a424b2d367d4c07c1b00a91c1d35713406c144e33003cf551109d48,140161d99a424b2d367d4c07c1b00a91c1d35713406c144e33003cf551109d48:298,298,1637,25c03f694dcbb73ce69724aa167df1e5f19e06436cac3a8485d9b6a2a936403f,1637,d5e75958634abfd4970a9310693aab96984f2bf67229819deee752cd925ee719,2.5880938281375165e-08
d03E,140161d99a424b2d367d4c07c1b00a91c1d35713406c144e33003cf551109d48,140161d99a424b2d367d4c07c1b00a91c1d35713406c144e33003cf551109d48:299,299,1637,8c8a5a52681b71a0627250c0850735d393601143793127ee16de8df856dfc499,1637,d5e75958634abfd4970a9310693aab96984f2bf67229819deee752cd925ee719,1.8822545300167803e-08
d03E,140161d99a424b2d367d4c07c1b00a91c1d35713406c144e33003cf551109d48,140161d99a424b2d367d4c07c1b00a91c1d35713406c144e33003cf551109d48:300,300,1637,62826b5e82f80a9386fa56b4cb73cc71bd250b152a1d4135d8532061481098c8,1637,d5e75958634abfd4970a9310693aab96984f2bf67229819deee752cd925ee719,2.5880938281375165e-08
d03E,140161d99a424b2d367d4c07c1b00a91c1d35713406c144e33003cf551109d48,140161d99a424b2d367d4c07c1b00a91c1d35713406c144e33003cf551109d48:301,301,1637,d482b779a6363cf59a07261ca31ea0bfd4bdaada1b19f1f529c380c5a8a51669,1637,d5e75958634abfd4970a9310693aab96984f2bf67229819deee752cd925ee719,1.2206738508879766e-08
d03E,140161d99a424b2d367d4c07c1b00a91c1d35713406c144e33003cf551109d48,140161d99a424b2d367d4c07c1b00a91c1d35713406c144e33003cf551109d48:302,302,1699,66ac53ecfc4503e1e59c3a13e06b86011d523ffeba5859810fe78be3d74e911b,1699,e2b3174c97e2ccfa5956c5ead486ef86adbf8fc3ffd700cb70ede8f04b47b74c,2.1157723018028207e-08
d03E,140161d99a424b2d367d4c07c1b00a91c1d35713406c144e33003cf551109d48,140161d99a424b2d367d4c07c1b00a91c1d35713406c144e33003cf551109d48:303,303,1699,44cc01ca4b30fa37fdf3d3380c71d40779de383f11053f9d8bb8e32a2534d781,1699,e2b3174c97e2ccfa5956c5ead486ef86adbf8fc3ffd700cb70ede8f04b47b74c,2.3244508762232385e-08
d03E,140161d99a424b2d367d4c07c1b00a91c1d35713406c144e33003cf551109d48,140161d99a424b2d367d4c07c1b00a91c1d35713406c144e33003cf551109d48:304,304,1699,82838e34a7d5302bcbc72f0bf660a304347a0e73d25c7c1ac064fe07317b5ab3,1699,e2b3174c97e2ccfa5956c5ead486ef86adbf8fc3ffd700cb70ede8f04b47b74c,2.1157723018028207e-08
d03E,140161d99a424b2d367d4c07c1b00a91c1d35713406c144e33003cf551109d48,140161d99a424b2d367d4c07c1b00a91c1d35713406c144e33003cf551109d48:305,305,1699,039d77cc631076b167803ebf4b58f2285aaa9ea738eb6f22ee969c07e142ab1a,1699,e2b3174c97e2ccfa5956c5ead486ef86adbf8fc3ffd700cb70ede8f04b47b74c,2.7271050861976676e-08
d03E,140161d99a424b2d367d4c07c1b00a91c1d35713406c144e33003cf551109d48,140161d99a424b2d367d4c07c1b00a91c1d35713406c144e33003cf551109d48:306,306,1699,daec3e11810218faa9a5e90a059035707b3af539e41b2125decb251c38f41360,1699,e2b3174c97e2ccfa5956c5ead486ef86adbf8fc3ffd700cb70ede8f04b47b74c,2.8608303614952035e-08
d03E,140161d99a424b2d367d4c07c1b00a91c1d35713406c144e33003cf551109d48,140161d99a424b2d367d4c07c1b00a91c1d35713406c144e33003cf551109d48:307,307,1699,81750ee1cad06624ba7e31d82f370a53495e9ef286871afccafa19b4c5bd072d,1699,e2b3174c97e2ccfa5956c5ead486ef86adbf8fc3ffd700cb70ede8f04b47b74c,2.890955541623441e-08
d03E,140161d99a424b2d367d4c07c1b00a91c1d35713406c144e33003cf551109d48,140161d99a424b2d367d4c07c1b00a91c1d35713406c144e33003cf551109d48:308,308,1699,81750ee1cad06624ba7e31d82f370a53495e9ef286871afccafa19b4c5bd072d,1699,e2b3174c97e2ccfa5956c5ead486ef86adbf8fc3ffd700cb70ede8f04b47b74c,2.890955541623441e-08
d03E,140161d99a424b2d367d4c07c1b00a91c1d35713406c144e33003cf551109d48,140161d99a424b2d367d4c07c1b00a91c1d35713406c144e33003cf551109d48:309,309,1699,8561816db46a41ba95d6e5433f0c0a22360ebf6d00f07c696b23cc7893e94406,1699,e2b3174c97e2ccfa5956c5ead486ef86adbf8fc3ffd700cb70ede8f04b47b74c,2.5441741380305416e-08
d03E,140161d99a424b2d367d4c07c1b00a91c1d35713406c144e33003cf551109d48,140161d99a424b2d367d4c07c1b00a91c1d35713406c144e33003cf551109d48:310,310,1703,67959775148e2510e44b2813c2910830dbee9d372dd0af3f9567bf88a13120e5,1703,156c09a25379e7925c7fc0e0d2da290479021c8144f17de5fbddda5d9d689c2b,2.7756091758313062e-08
d03E,140161d99a424b2d367d4c07c1b00a91c1d35713406c144e33003cf551109d48,140161d99a424b2d367d4c07c1b00a91c1d35713406c144e33003cf551109d48:311,311,1760,11c3055dc6e640cf5262957c7c3f328d776a34c8bd9735563a975e2cbd4a8de0,1760,733a260b5da47043432737f33beea67ae012d05ba5791378964a6374af46c920,2.2327450555081896e-08
d03E,140161d99a424b2d367d4c07c1b00a91c1d35713406c144e33003cf551109d48,140161d99a424b2d367d4c07c1b00a91c1d35713406c144e33003cf551109d48:312,312,1760,11c3055dc6e640cf5262957c7c3f328d776a34c8bd9735563a975e2cbd4a8de0,1760,733a260b5da47043432737f33beea67ae012d05ba5791378964a6374af46c920,2.2327450555081896e-08
d03E,140161d99a424b2d367d4c07c1b00a91c1d35713406c144e33003cf551109d48,140161d99a424b2d367d4c07c1b00a91c1d35713406c144e33003cf551109d48:313,313,1760,11a92b0f91bec738dfcda456d16adcbb06a1bff1365c03a22edb25c1546e9dad,1760,733a260b5da47043432737f33beea67ae012d05ba5791378964a6374af46c920,2.8778373462046147e-08
d03E,140161d99a424b2d367d4c07c1b00a91c1d35713406c144e33003cf551109d48,140161d99a424b2d367d4c07c1b00a91c1d35713406c144e33003cf551109d48:314,314,1762,77af34b0560ed2e2ce8a5cb1c6f1f7b3c9e18ff0b770907053a7751447154115,1762,67f46a5c2dbb725b23d5fe16d371b59aeadde4c9741b31dec99d26224503ce37,2.0402396438967685e-08
d03E,140161d99a424b2d367d4c07c1b00a91c1d35713406c144e33003cf551109d48,140161d99a424b2d367d4c07c1b00a91c1d35713406c144e33003cf551109d48:315,315,1762,7a3fa2f34e7342ec54dec9345d9b92a0d8a97d654ca902a06312faa722e1cdcf,1762,67f46a5c2dbb725b23d5fe16d371b59aeadde4c9741b31dec99d26224503ce37,2.7284675852001783e-08
d03E,140161d99a424b2d367d4c07c1b00a91c1d35713406c144e33003cf551109d48,140161d99a424b2d367d4c07c1b00a91c1d35713406c144e33003cf551109d48:316,316,1762,078254e740efb4766519a8acc964c0ed550ee5b1119d393b354ed8d10dff99c3,1762,67f46a5c2dbb725b23d5fe16d371b59aeadde4c9741b31dec99d26224503ce37,2.0402396438967685e-08
d03E,140161d99a424b2d367d4c07c1b00a91c1d35713406c144e33003cf551109d48,140161d99a424b2d367d4c07c1b00a91c1d35713406c144e33003cf551109d48:317,317,1762,38dc9562f5d9308c047d4856b64c13851247514f335e61664647974e4a1448b8,1762,67f46a5c2dbb725b23d5fe16d371b59aeadde4c9741b31dec99d26224503ce37,2.0402396438967685e-08
d03E,140161d99a424b2d367d4c07c1b00a91c1d35713406c144e33003cf551109d48,140161d99a424b2d367d4c07c1b00a91c1d35713406c144e33003cf551109d48:318,318,1780,37c7272e33fd51448df2c8c416fd7ed00c8c003fc406d48440c74f8c557083e3,1780,8c1a4b162db0b9feab30e8f58b1b93dd48c2a5989a226de7869696d756eda657,2.676828259051689e-08
d03E,140161d99a424b2d367d4c07c1b00a91c1d35713406c144e33003cf551109d48,140161d99a424b2d367d4c07c1b00a91c1d35713406c144e33003cf551109d48:319,319,1780,cc3038e01200526b372131e02bfba9e771678c1fd17bed492558f19f1387eb93,1780,8c1a4b162db0b9feab30e8f58b1b93dd48c2a5989a226de7869696d756eda657,2.676828259051689e-08
d03E,140161d99a424b2d367d4c07c1b00a91c1d35713406c144e33003cf551109d48,140161d99a424b2d367d4c07c1b00a91c1d35713406c144e33003cf551109d48:320,320,1780,4113fc5a5df4ba6c9eae66758061ee935a971b30234adc3fe1b1c94aecac6b29,1780,8c1a4b162db0b9feab30e8f58b1b93dd48c2a5989a226de7869696d756eda657,2.2251060771694142e-08
d03E,140161d99a424b2d367d4c07c1b00a91c1d35713406c144e33003cf551109d48,140161d99a424b2d367d4c07c1b00a91c1d35713406c144e33003cf551109d48:321,321,1780,20b0a85274855e20194c8e41598580ab8edc54d47845e24c37d953c158c4b698,1780,8c1a4b162db0b9feab30e8f58b1b93dd48c2a5989a226de7869696d756eda657,1.931770199359306e-08
d03E,140161d99a424b2d367d4c07c1b00a91c1d35713406c144e33003cf551109d48,140161d99a424b2d367d4c07c1b00a91c1d35713406c144e33003cf551109d48:322,322,1780,b10175c773578ed1ee192b199f6ba6b3c573dc47c171a4c6b7b7ebe3b8e18e68,1780,8c1a4b162db0b9feab30e8f58b1b93dd48c2a5989a226de7869696d756eda657,1.759444789861675e-08
d03E,140161d99a424b2d367d4c07c1b00a91c1d35713406c144e33003cf551109d48,140161d99a424b2d367d4c07c1b00a91c1d35713406c144e33003cf551109d48:323,323,1857,f8d257e0584242411e01d1c079894ab617a4e2d18520549bfba042ce20df9b35,1857,3ca78dc58b40773dcb901a41a3fc7ba994f9464e13470024158bcd059a804027,2.6938978714419193e-08
d03E,140161d99a424b2d367d4c07c1b00a91c1d35713406c144e33003cf551109d48,140161d99a424b2d367d4c07c1b00a91c1d35713406c144e33003cf551109d48:324,324,1857,87464f56ee83d722f4b35e276af03c31083ddf2054ab8900124c3de9b6529dbb,1857,3ca78dc58b40773dcb901a41a3fc7ba994f9464e13470024158bcd059a804027,2.8983680178118476e-08
d03E,140161d99a424b2d367d4c07c1b00a91c1d35713406c144e33003cf551109d48,140161d99a424b2d367d4c07c1b00a91c1d35713406c144e33003cf551109d48:325,325,1857,f8d257e0584242411e01d1c079894ab617a4e2d18520549bfba042ce20df9b35,1857,3ca78dc58b40773dcb901a41a3fc7ba994f9464e13470024158bcd059a804027,2.6938978714419193e-08
d03E,140161d99a424b2d367d4c07c1b00a91c1d35713406c144e33003cf551109d48,140161d99a424b2d367d4c07c1b00a91c1d35713406c144e33003cf551109d48:326,326,1857,f8d257e0584242411e01d1c079894ab617a4e2d18520549bfba042ce20df9b35,1857,3ca78dc58b40773dcb901a41a3fc7ba994f9464e13470024158bcd059a804027,2.6938978714419193e-08
d03E,140161d99a424b2d367d4c07c1b00a91c1d35713406c144e33003cf551109d48,140161d99a424b2d367d4c07c1b00a91c1d35713406c144e33003cf551109d48:327,327,1857,938150d125046bbf4f1a5b1d9fbac48908a81a4518e7af4f7ebf3ea0beb7dbfc,1857,3ca78dc58b40773dcb901a41a3fc7ba994f9464e13470024158bcd059a804027,1.9488398117495365e-08
d03E,140161d99a424b2d367d4c07c1b00a91c1d35713406c144e33003cf551109d48,140161d99a424b2d367d4c07c1b00a91c1d35713406c144e33003cf551109d48:328,328,1857,996351f3a69441ac9a8e12297a12f6c2d34f0ef35e68485c0bf32341a56e209b,1857,3ca78dc58b40773dcb901a41a3fc7ba994f9464e13470024158bcd059a804027,7.2926222838276544e-09
d03E,140161d99a424b2d367d4c07c1b00a91c1d35713406c144e33003cf551109d48,140161d99a424b2d367d4c07c1b00a91c1d35713406c144e33003cf551109d48:329,329,1857,938150d125046bbf4f1a5b1d9fbac48908a81a4518e7af4f7ebf3ea0beb7dbfc,1857,3ca78dc58b40773dcb901a41a3fc7ba994f9464e13470024158bcd059a804027,1.9488398117495365e-08
d03E,140161d99a424b2d367d4c07c1b00a91c1d35713406c144e33003cf551109d48,140161d99a424b2d367d4c07c1b00a91c1d35713406c144e33003cf551109d48:330,330,1857,938150d125046bbf4f1a5b1d9fbac48908a81a4518e7af4f7ebf3ea0beb7dbfc,1857,3ca78dc58b40773dcb901a41a3fc7ba994f9464e13470024158bcd059a804027,1.9488398117495365e-08
d03E,140161d99a424b2d367d4c07c1b00a91c1d35713406c144e33003cf551109d48,140161d99a424b2d367d4c07c1b00a91c1d35713406c144e33003cf551109d48:331,331,1857,996351f3a69441ac9a8e12297a12f6c2d34f0ef35e68485c0bf32341a56e209b,1857,3ca78dc58b40773dcb901a41a3fc7ba994f9464e13470024158bcd059a804027,7.2926222838276544e-09
d03E,140161d99a424b2d367d4c07c1b00a91c1d35713406c144e33003cf551109d48,140161d99a424b2d367d4c07c1b00a91c1d35713406c144e33003cf551109d48:332,332,1857,7f8cd33ca1ba0d03c62822b3aa28d6d196e3a47b71802e0aae4d1bb5372f0237,1857,3ca78dc58b40773dcb901a41a3fc7ba994f9464e13470024158bcd059a804027,6.826960996519915e-09
d03E,140161d99a424b2d367d4c07c1b00a91c1d35713406c144e33003cf551109d48,140161d99a424b2d367d4c07c1b00a91c1d35713406c144e33003cf551109d48:333,333,1857,1a44d63a6240f26a07e488907d7150d092ad9a50afa4922b6e1d93aad975b48c,1857,3ca78dc58b40773dcb901a41a3fc7ba994f9464e13470024158bcd059a804027,2.5215085464047604e-08
d03E,140161d99a424b2d367d4c07c1b00a91c1d35713406c144e33003cf551109d48,140161d99a424b2d367d4c07c1b00a91c1d35713406c144e33003cf551109d48:334,334,1911,57b1d28935e730a74d6f5f0f0eba47ef7df2883549ea7efb71bf79ec182fe8aa,1911,56af43bbd026eeec78f133174db6665bfd083f99e0fbfa2ea8484087e66e4bf6,2.9466605822037195e-08
d03E,140161d99a424b2d367d4c07c1b00a91c1d35713406c144e33003cf551109d48,140161d99a424b2d367d4c07c1b00a91c1d35713406c144e33003cf551109d48:335,335,1911,ace0ad222f92284b503500fd1a946103b9da7078971664a31f94613d14777b4d,1911,56af43bbd026eeec78f133174db6665bfd083f99e0fbfa2ea8484087e66e4bf6,2.9466605822037195e-08
d03E,140161d99a424b2d367d4c07c1b00a91c1d35713406c144e33003cf551109d48,140161d99a424b2d367d4c07c1b00a91c1d35713406c144e33003cf551109d48:336,336,1911,3a49b2eb8864d2f11d7761fcb5fdf52127e90dc8dde366b838159c553e56d0e8,1911,56af43bbd026eeec78f133174db6665bfd083f99e0fbfa2ea8484087e66e4bf6,2.9466605822037195e-08
d03E,140161d99a424b2d367d4c07c1b00a91c1d35713406c144e33003cf551109d48,140161d99a424b2d367d4c07c1b00a91c1d35713406c144e33003cf551109d48:337,337,1911,10b6b14dabe368fa2189090074901c0457915cc7d3b243272dc985a51d56baa9,1911,56af43bbd026eeec78f133174db6665bfd083f99e0fbfa2ea8484087e66e4bf6,2.9466605822037195e-08
d03E,140161d99a424b2d367d4c07c1b00a91c1d35713406c144e33003cf551109d48,140161d99a424b2d367d4c07c1b00a91c1d35713406c144e33003cf551109d48:338,338,1911,3a5e534d44f1568b4e4acace3b1849909b5e3d52edb1805b197fee3f37d6f2c7,1911,56af43bbd026eeec78f133174db6665bfd083f99e0fbfa2ea8484087e66e4bf6,2.9466605822037195e-08
d03E,140161d99a424b2d367d4c07c1b00a91c1d35713406c144e33003cf551109d48,140161d99a424b2d367d4c07c1b00a91c1d35713406c144e33003cf551109d48:339,339,1911,fa39f890781922304baa10e67a4edc9e9427f4cee7adfa89ae0a40f241727335,1911,56af43bbd026eeec78f133174db6665bfd083f99e0fbfa2ea8484087e66e4bf6,1.8962168057967688e-08
d03E,140161d99a424b2d367d4c07c1b00a91c1d35713406c144e33003cf551109d48,140161d99a424b2d367d4c07c1b00a91c1d35713406c144e33003cf551109d48:340,340,1911,48b156d48838716cf132d9eefc8d482962cf0b6f3d1016536bac4157bcc78a69,1911,56af43bbd026eeec78f133174db6665bfd083f99e0fbfa2ea8484087e66e4bf6,2.9466605822037195e-08
d03E,140161d99a424b2d367d4c07c1b00a91c1d35713406c144e33003cf551109d48,140161d99a424b2d367d4c07c1b00a91c1d35713406c144e33003cf551109d48:341,341,1911,ace0ad222f92284b503500fd1a946103b9da7078971664a31f94613d14777b4d,1911,56af43bbd026eeec78f133174db6665bfd083f99e0fbfa2ea8484087e66e4bf6,2.9466605822037195e-08
d03E,140161d99a424b2d367d4c07c1b00a91c1d35713406c144e33003cf551109d48,140161d99a424b2d367d4c07c1b00a91c1d35713406c144e33003cf551109d48:342,342,1923,70947a2f4eec1f40bd23aa403ddf817981dbb216ba054152072163ed91fa3745,1923,29e4cde6e1c4d016a3e9387463b1f393da45f012aa5589f795fd71b8ff7e4aa2,1.8055760664381637e-08
d03E,140161d99a424b2d367d4c07c1b00a91c1d35713406c144e33003cf551109d48,140161d99a424b2d367d4c07c1b00a91c1d35713406c144e33003cf551109d48:343,343,1923,f41c433b7a2d34d19a51c090c6a98be63e22609264b43fd6dea8a4af5a6dcbbb,1923,29e4cde6e1c4d016a3e9387463b1f393da45f012aa5589f795fd71b8ff7e4aa2,2.0605110950810968e-08
d03E,140161d99a424b2d367d4c07c1b00a91c1d35713406c144e33003cf551109d48,140161d99a424b2d367d4c07c1b00a91c1d35713406c144e33003cf551109d48:344,344,1923,c121b7198dcc5f31e549edc5d1639f86fdbd50cde6cd26a16bb1ad4813a56060,1923,29e4cde6e1c4d016a3e9387463b1f393da45f012aa5589f795fd71b8ff7e4aa2,2.0373082332270087e-08
d03E,140161d99a424b2d367d4c07c1b00a91c1d35713406c144e33003cf551109d48,140161d99a424b2d367d4c07c1b00a91c1d35713406c144e33003cf551109d48:345,345,1923,9c0c989079c50cc0898cea20ee626a8ecb4eaf6ce7ed269d2d3c379dade73d26,1923,29e4cde6e1c4d016a3e9387463b1f393da45f012aa5589f795fd71b8ff7e4aa2,1.619311551515068e-08
d03E,140161d99a424b2d367d4c07c1b00a91c1d35713406c144e33003cf551109d48,140161d99a424b2d367d4c07c1b00a91c1d35713406c144e33003cf551109d48:346,346,1923,c408c2358ae59e15c5c66f4dc7c851aab2a8e62ed5c6b7d292d2e6d87682b205,1923,29e4cde6e1c4d016a3e9387463b1f393da45f012aa5589f795fd71b8ff7e4aa2,1.0717552179073664e-08
d03E,140161d99a424b2d367d4c07c1b00a91c1d35713406c144e33003cf551109d48,140161d99a424b2d367d4c07c1b00a91c1d35713406c144e33003cf551109d48:347,347,1923,70947a2f4eec1f40bd23aa403ddf817981dbb216ba054152072163ed91fa3745,1923,29e4cde6e1c4d016a3e9387463b1f393da45f012aa5589f795fd71b8ff7e4aa2,1.8055760664381637e-08
d03E,140161d99a424b2d367d4c07c1b00a91c1d35713406c144e33003cf551109d48,140161d99a424b2d367d4c07c1b00a91c1d35713406c144e33003cf551109d48:348,348,1923,c121b7198dcc5f31e549edc5d1639f86fdbd50cde6cd26a16bb1ad4813a56060,1923,29e4cde6e1c4d016a3e9387463b1f393da45f012aa5589f795fd71b8ff7e4aa2,2.0373082332270087e-08
d03E,140161d99a424b2d367d4c07c1b00a91c1d35713406c144e33003cf551109d48,140161d99a424b2d367d4c07c1b00a91c1d35713406c144e33003cf551109d48:349,349,1923,9c0c989079c50cc0898cea20ee626a8ecb4eaf6ce7ed269d2d3c379dade73d26,1923,29e4cde6e1c4d016a3e9387463b1f393da45f012aa5589f795fd71b8ff7e4aa2,1.619311551515068e-08
d03E,140161d99a424b2d367d4c07c1b00a91c1d35713406c144e33003cf551109d48,140161d99a424b2d367d4c07c1b00a91c1d35713406c144e33003cf551109d48:350,350,1923,70947a2f4eec1f40bd23aa403ddf817981dbb216ba054152072163ed91fa3745,1923,29e4cde6e1c4d016a3e9387463b1f393da45f012aa5589f795fd71b8ff7e4aa2,1.8055760664381637e-08
d03E,140161d99a424b2d367d4c07c1b00a91c1d35713406c144e33003cf551109d48,140161d99a424b2d367d4c07c1b00a91c1d35713406c144e33003cf551109d48:351,351,1923,70947a2f4eec1f40bd23aa403ddf817981dbb216ba054152072163ed91fa3745,1923,29e4cde6e1c4d016a3e9387463b1f393da45f012aa5589f795fd71b8ff7e4aa2,1.8055760664381637e-08
d03E,140161d99a424b2d367d4c07c1b00a91c1d35713406c144e33003cf551109d48,140161d99a424b2d367d4c07c1b00a91c1d35713406c144e33003cf551109d48:352,352,1923,22fb4f137992579de4dd7e905130aaa253f165a63f860b3940d90263236ebcf3,1923,29e4cde6e1c4d016a3e9387463b1f393da45f012aa5589f795fd71b8ff7e4aa2,1.6879820652349053e-08
d03E,140161d99a424b2d367d4c07c1b00a91c1d35713406c144e33003cf551109d48,140161d99a424b2d367d4c07c1b00a91c1d35713406c144e33003cf551109d48:353,353,1923,9c0c989079c50cc0898cea20ee626a8ecb4eaf6ce7ed269d2d3c379dade73d26,1923,29e4cde6e1c4d016a3e9387463b1f393da45f012aa5589f795fd71b8ff7e4aa2,1.619311551515068e-08
d03E,140161d99a424b2d367d4c07c1b00a91c1d35713406c144e33003cf551109d48,140161d99a424b2d367d4c07c1b00a91c1d35713406c144e33003cf551109d48:354,354,1929,a1a266c0b207e7ca70de438f55d56f13f439db2d0623edc412b54a2f47faefa9,1929,a62713d5ac5e222dad11c7e42723a630dd11c2566c9d553dafe71dcbdd936fa8,2.8581281563688776e-08
d03E,140161d99a424b2d367d4c07c1b00a91c1d35713406c144e33003cf551109d48,140161d99a424b2d367d4c07c1b00a91c1d35713406c144e33003cf551109d48:355,355,1956,65d21c02d254c0a4476626a87d8733be304c020f3fa225b03a6d65be60e5b171,1956,cf8b371670e585467c457a0352098047e62822c07918f81623777099190a2767,2.34396368981038e-08
d03E,140161d99a424b2d367d4c07c1b00a91c1d35713406c144e33003cf551109d48,140161d99a424b2d367d4c07c1b00a91c1d35713406c144e33003cf551109d48:356,356,1976,06177628ca3595c00da6744b20bc28c0264e18bb04c4991897144a7c2da8cdda,1976,c3545a1f05a88f15c12cc485d344c4bc4f2543be5008fded18e2eac4407ce7e9,1.3704168466688316e-08
d03E,140161d99a424b2d367d4c07c1b00a91c1d35713406c144e33003cf551109d48,140161d99a424b2d367d4c07c1b00a91c1d35713406c144e33003cf551109d48:357,357,1976,6a882e114322dc226982d33845669f1f7996f51c6f58dbd28bfdc1b3ff5269cb,1976,c3545a1f05a88f15c12cc485d344c4bc4f2543be5008fded18e2eac4407ce7e9,9.853495797074174e-09
d03E,140161d99a424b2d367d4c07c1b00a91c1d35713406c144e33003cf551109d48,140161d99a424b2d367d4c07c1b00a91c1d35713406c144e33003cf551109d48:358,358,1976,065630bb9d864e5de24ff1afd009207ef959750da83e4fb3ad800023d1a92a1f,1976,c3545a1f05a88f15c12cc485d344c4bc4f2543be5008fded18e2eac4407ce7e9,1.682149319837123e-08
d03E,140161d99a424b2d367d4c07c1b00a91c1d35713406c144e33003cf551109d48,140161d99a424b2d367d4c07c1b00a91c1d35713406c144e33003cf551109d48:359,359,1976,406d419b3eea78b87b7026d1ad451b2bfb4e4a7614edbde3d4fb46b3e729a633,1976,c3545a1f05a88f15c12cc485d344c4bc4f2543be5008fded18e2eac4407ce7e9,2.3406117488633527e-08
d03E,140161d99a424b2d367d4c07c1b00a91c1d35713406c144e33003cf551109d48,140161d99a424b2d367d4c07c1b00a91c1d35713406c144e33003cf551109d48:360,360,1976,06177628ca3595c00da6744b20bc28c0264e18bb04c4991897144a7c2da8cdda,1976,c3545a1f05a88f15c12cc485d344c4bc4f2543be5008fded18e2eac4407ce7e9,1.3704168466688316e-08
d03E,140161d99a424b2d367d4c07c1b00a91c1d35713406c144e33003cf551109d48,140161d99a424b2d367d4c07c1b00a91c1d35713406c144e33003cf551109d48:361,361,1976,065630bb9d864e5de24ff1afd009207ef959750da83e4fb3ad800023d1a92a1f,1976,c3545a1f05a88f15c12cc485d344c4bc4f2543be5008fded18e2eac4407ce7e9,1.682149319837123e-08
d03E,140161d99a424b2d367d4c07c1b00a91c1d35713406c144e33003cf551109d48,140161d99a424b2d367d4c07c1b00a91c1d35713406c144e33003cf551109d48:362,362,1976,406d419b3eea78b87b7026d1ad451b2bfb4e4a7614edbde3d4fb46b3e729a633,1976,c3545a1f05a88f15c12cc485d344c4bc4f2543be5008fded18e2eac4407ce7e9,2.3406117488633527e-08
d03E,140161d99a424b2d367d4c07c1b00a91c1d35713406c144e33003cf551109d48,140161d99a424b2d367d4c07c1b00a91c1d35713406c144e33003cf551109d48:363,363,1976,065630bb9d864e5de24ff1afd009207ef959750da83e4fb3ad800023d1a92a1f,1976,c3545a1f05a88f15c12cc485d344c4bc4f2543be5008fded18e2eac4407ce7e9,1.682149319837123e-08
d03E,140161d99a424b2d367d4c07c1b00a91c1d35713406c144e33003cf551109d48,140161d99a424b2d367d4c07c1b00a91c1d35713406c144e33003cf551109d48:364,364,1976,406d419b3eea78b87b7026d1ad451b2bfb4e4a7614edbde3d4fb46b3e729a633,1976,c3545a1f05a88f15c12cc485d344c4bc4f2543be5008fded18e2eac4407ce7e9,2.3406117488633527e-08
d03E,140161d99a424b2d367d4c07c1b00a91c1d35713406c144e33003cf551109d48,140161d99a424b2d367d4c07c1b00a91c1d35713406c144e33003cf551109d48:365,365,1976,065630bb9d864e5de24ff1afd009207ef959750da83e4fb3ad800023d1a92a1f,1976,c3545a1f05a88f15c12cc485d344c4bc4f2543be5008fded18e2eac4407ce7e9,1.682149319837123e-08
d03E,140161d99a424b2d367d4c07c1b00a91c1d35713406c144e33003cf551109d48,140161d99a424b2d367d4c07c1b00a91c1d35713406c144e33003cf551109d48:366,366,1976,406d419b3eea78b87b7026d1ad451b2bfb4e4a7614edbde3d4fb46b3e729a633,1976,c3545a1f05a88f15c12cc485d344c4bc4f2543be5008fded18e2eac4407ce7e9,2.3406117488633527e-08
d03E,140161d99a424b2d367d4c07c1b00a91c1d35713406c144e33003cf551109d48,140161d99a424b2d367d4c07c1b00a91c1d35713406c144e33003cf551109d48:367,367,1976,065630bb9d864e5de24ff1afd009207ef959750da83e4fb3ad800023d1a92a1f,1976,c3545a1f05a88f15c12cc485d344c4bc4f2543be5008fded18e2eac4407ce7e9,1.682149319837123e-08
d03E,140161d99a424b2d367d4c07c1b00a91c1d35713406c144e33003cf551109d48,140161d99a424b2d367d4c07c1b00a91c1d35713406c144e33003cf551109d48:368,368,1976,d7e8e7fedbf2484fbe5e61da6c79f4c5e1a0476747e758f239cb8f4b3df000fc,1976,c3545a1f05a88f15c12cc485d344c4bc4f2543be5008fded18e2eac4407ce7e9,1.3704168466688316e-08
d03E,140161d99a424b2d367d4c07c1b00a91c1d35713406c144e33003cf551109d48,140161d99a424b2d367d4c07c1b00a91c1d35713406c144e33003cf551109d48:369,369,1976,406d419b3eea78b87b7026d1ad451b2bfb4e4a7614edbde3d4fb46b3e729a633,1976,c3545a1f05a88f15c12cc485d344c4bc4f2543be5008fded18e2eac4407ce7e9,2.3406117488633527e-08
d03E,140161d99a424b2d367d4c07c1b00a91c1d35713406c144e33003cf551109d48,140161d99a424b2d367d4c07c1b00a91c1d35713406c144e33003cf551109d48:370,370,1976,406d419b3eea78b87b7026d1ad451b2bfb4e4a7614edbde3d4fb46b3e729a633,1976,c3545a1f05a88f15c12cc485d344c4bc4f2543be5008fded18e2eac4407ce7e9,2.3406117488633527e-08
d03E,140161d99a424b2d367d4c07c1b00a91c1d35713406c144e33003cf551109d48,140161d99a424b2d367d4c07c1b00a91c1d35713406c144e33003cf551109d48:371,371,1976,6a882e114322dc226982d33845669f1f7996f51c6f58dbd28bfdc1b3ff5269cb,1976,c3545a1f05a88f15c12cc485d344c4bc4f2543be5008fded18e2eac4407ce7e9,9.853495797074174e-09
d03E,140161d99a424b2d367d4c07c1b00a91c1d35713406c144e33003cf551109d48,140161d99a424b2d367d4c07c1b00a91c1d35713406c144e33003cf551109d48:372,372,1976,20ea9865d4198ec791953b1a87efd6c18277c7d43db95601c12a0e45c52e38c4,1976,c3545a1f05a88f15c12cc485d344c4bc4f2543be5008fded18e2eac4407ce7e9,1.4958848049140272e-08
d03E,140161d99a424b2d367d4c07c1b00a91c1d35713406c144e33003cf551109d48,140161d99a424b2d367d4c07c1b00a91c1d35713406c144e33003cf551109d48:373,373,1996,dfd2304152c8b2542494e276605d0e802dbe03680611b3111a55877ee00368f6,1996,d2b61d17b437c2f0f48551a33f256937e498c1e41072c26256107ebeff4331c1,2.201950910496464e-08
d03E,140161d99a424b2d367d4c07c1b00a91c1d35713406c144e33003cf551109d48,140161d99a424b2d367d4c07c1b00a91c1d35713406c144e33003cf551109d48:374,374,1996,dfd2304152c8b2542494e276605d0e802dbe03680611b3111a55877ee00368f6,1996,d2b61d17b437c2f0f48551a33f256937e498c1e41072c26256107ebeff4331c1,2.201950910496464e-08
d03E,140161d99a424b2d367d4c07c1b00a91c1d35713406c144e33003cf551109d48,140161d99a424b2d367d4c07c1b00a91c1d35713406c144e33003cf551109d48:375,375,1996,59691ad01d0568a60f6da2daa168d6e8817399d4113314f4e9c4088e252986f0,1996,d2b61d17b437c2f0f48551a33f256937e498c1e41072c26256107ebeff4331c1,1.9916898130745153e-08
d03E,140161d99a424b2d367d4c07c1b00a91c1d35713406c144e33003cf551109d48,140161d99a424b2d367d4c07c1b00a91c1d35713406c144e33003cf551109d48:376,376,1996,5e68145e23fa774b8fff02a73f5edacc00902741a255f23b7216cbd554699976,1996,d2b61d17b437c2f0f48551a33f256937e498c1e41072c26256107ebeff4331c1,1.9916898130745153e-08
d03E,140161d99a424b2d367d4c07c1b00a91c1d35713406c144e33003cf551109d48,140161d99a424b2d367d4c07c1b00a91c1d35713406c144e33003cf551109d48:377,377,1996,eae3b5c41f3f50038b4fad54c97fc2056a964a0367d80d9e44b5b18a8fba01fb,1996,d2b61d17b437c2f0f48551a33f256937e498c1e41072c26256107ebeff4331c1,2.82719099242712e-08
d03E,140161d99a424b2d367d4c07c1b00a91c1d35713406c144e33003cf551109d48,140161d99a424b2d367d4c07c1b00a91c1d35713406c144e33003cf551109d48:378,378,1996,6fcb146ada57045337b37f932671a1ee0a2d64b85dc78e5c3fe240c572088e9e,1996,d2b61d17b437c2f0f48551a33f256937e498c1e41072c26256107ebeff4331c1,2.737946180886297e-08
d03E,140161d99a424b2d367d4c07c1b00a91c1d35713406c144e33003cf551109d48,140161d99a424b2d367d4c07c1b00a91c1d35713406c144e33003cf551109d48:379,379,1996,1df038a0e4fa4b353443b237675a7f8757d99cda37cc31782f59eff0a5e2f407,1996,d2b61d17b437c2f0f48551a33f256937e498c1e41072c26256107ebeff4331c1,2.736747872766898e-08
d03E,140161d99a424b2d367d4c07c1b00a91c1d35713406c144e33003cf551109d48,140161d99a424b2d367d4c07c1b00a91c1d35713406c144e33003cf551109d48:380,380,1996,dfd2304152c8b2542494e276605d0e802dbe03680611b3111a55877ee00368f6,1996,d2b61d17b437c2f0f48551a33f256937e498c1e41072c26256107ebeff4331c1,2.201950910496464e-08
d03E,140161d99a424b2d367d4c07c1b00a91c1d35713406c144e33003cf551109d48,140161d99a424b2d367d4c07c1b00a91c1d35713406c144e33003cf551109d48:381,381,1996,1df038a0e4fa4b353443b237675a7f8757d99cda37cc31782f59eff0a5e2f407,1996,d2b61d17b437c2f0f48551a33f256937e498c1e41072c26256107ebeff4331c1,2.736747872766898e-08
d03E,140161d99a424b2d367d4c07c1b00a91c1d35713406c144e33003cf551109d48,140161d99a424b2d367d4c07c1b00a91c1d35713406c144e33003cf551109d48:382,382,1996,dfd2304152c8b2542494e276605d0e802dbe03680611b3111a55877ee00368f6,1996,d2b61d17b437c2f0f48551a33f256937e498c1e41072c26256107ebeff4331c1,2.201950910496464e-08
d03E,140161d99a424b2d367d4c07c1b00a91c1d35713406c144e33003cf551109d48,140161d99a424b2d367d4c07c1b00a91c1d35713406c144e33003cf551109d48:383,383,2015,d637c4f19f047f0c91c977f2a869bdf237333a152f7939bfbc8237740d1b2052,2015,6a1bf28e304449fcdbc1f3d8940e9a0777e318b2d6f6836aa3abe85343f7a40c,2.0531583100336093e-08
d03E,140161d99a424b2d367d4c07c1b00a91c1d35713406c144e33003cf551109d48,140161d99a424b2d367d4c07c1b00a91c1d35713406c144e33003cf551109d48:384,384,2015,8d0a47638f8095ec880ccb52cc5cb9043d1a7e3f866e07fb62d12bb08e7dc5a6,2015,6a1bf28e304449fcdbc1f3d8940e9a0777e318b2d6f6836aa3abe85343f7a40c,1.9884836111039306e-08
d03E,140161d99a424b2d367d4c07c1b00a91c1d35713406c144e33003cf551109d48,140161d99a424b2d367d4c07c1b00a91c1d35713406c144e33003cf551109d48:385,385,2021,c157120c78de4d8847631fa38e951e51ebf08605bb0f475d9511c7a0dd194be9,2021,5f125b9fc41be7b5a7a11605212ad10134251fa5e72321c944b45f56736230b4,2.7275982139585153e-08
d03E,140161d99a424b2d367d4c07c1b00a91c1d35713406c144e33003cf551109d48,140161d99a424b2d367d4c07c1b00a91c1d35713406c144e33003cf551109d48:386,386,2021,1ab427c48bc840886088f73163f867324ca062e8887e1de8cdac70902e6f5fe0,2021,5f125b9fc41be7b5a7a11605212ad10134251fa5e72321c944b45f56736230b4,2.1446310061179474e-08
d03E,140161d99a424b2d367d4c07c1b00a91c1d35713406c144e33003cf551109d48,140161d99a424b2d367d4c07c1b00a91c1d35713406c144e33003cf551109d48:387,387,2021,3d34e26a7899a12fc093d01abfb462cbeae73896fdd8ee1b8c5dec70f4302651,2021,5f125b9fc41be7b5a7a11605212ad10134251fa5e72321c944b45f56736230b4,1.1368540775436031e-08
d03E,140161d99a424b2d367d4c07c1b00a91c1d35713406c144e33003cf551109d48,140161d99a424b2d367d4c07c1b00a91c1d35713406c144e33003cf551109d48:388,388,2021,fc76f0f7db395655a035dcb61dbeaefe8413f829c5e3413626b1243603a904fe,2021,5f125b9fc41be7b5a7a11605212ad10134251fa5e72321c944b45f56736230b4,2.1446310061179474e-08
d03E,140161d99a424b2d367d4c07c1b00a91c1d35713406c144e33003cf551109d48,140161d99a424b2d367d4c07c1b00a91c1d35713406c144e33003cf551109d48:389,389,2029,16552cd63b685812e6ba92f32c04b0dffdb2a16d4ad3db47f76e668bff33c4e0,2029,e11f69faf134e1b27568f9b3c753a0e4ad1740adadcb86caba3345c5f1c35d17,2.1647142078862203e-08
d03E,140161d99a424b2d367d4c07c1b00a91c1d35713406c144e33003cf551109d48,140161d99a424b2d367d4c07c1b00a91c1d35713406c144e33003cf551109d48:390,390,2029,12e20ab50eaa33d060a3679a5b7c8dffe4d5f9ca74a064e3fc651ce84bbdb585,2029,e11f69faf134e1b27568f9b3c753a0e4ad1740adadcb86caba3345c5f1c35d17,2.2346468231404515e-08
d03E,140161d99a424b2d367d4c07c1b00a91c1d35713406c144e33003cf551109d48,140161d99a424b2d367d4c07c1b00a91c1d35713406c144e33003cf551109d48:391,391,2048,fdd63473a859b992b519cc3a16d73f86bc5344fa3e34c5b90f49455bd06a98ab,2048,8b33dc11e3592ae0fb743c05077d438f82d53c95edaaa11e6e9e4c003c9a1c30,2.7417083714453838e-08
d03E,140161d99a424b2d367d4c07c1b00a91c1d35713406c144e33003cf551109d48,140161d99a424b2d367d4c07c1b00a91c1d35713406c144e33003cf551109d48:392,392,2048,ac459d0341d8f61b79f529f3525c885bebe1541429f187eadfdff000e653ba1e,2048,8b33dc11e3592ae0fb743c05077d438f82d53c95edaaa11e6e9e4c003c9a1c30,1.9149045016320088e-08
d03E,140161d99a424b2d367d4c07c1b00a91c1d35713406c144e33003cf551109d48,140161d99a424b2d367d4c07c1b00a91c1d35713406c144e33003cf551109d48:393,393,2048,283c38a3b24db0bd2f148f099a12fb3f06a763863d4324c1cee40d18a61b1c03,2048,8b33dc11e3592ae0fb743c05077d438f82d53c95edaaa11e6e9e4c003c9a1c30,1.9149045016320088e-08
d03E,140161d99a424b2d367d4c07c1b00a91c1d35713406c144e33003cf551109d48,140161d99a424b2d367d4c07c1b00a91c1d35713406c144e33003cf551109d48:394,394,2048,2d0549575956a172bfb23f52212a656ecc47f872186612a377a7498b8467d1f9,2048,8b33dc11e3592ae0fb743c05077d438f82d53c95edaaa11e6e9e4c003c9a1c30,1.3221083783321319e-08
d03E,140161d99a424b2d367d4c07c1b00a91c1d35713406c144e33003cf551109d48,140161d99a424b2d367d4c07c1b00a91c1d35713406c144e33003cf551109d48:395,395,2048,00d3f8fce5337eaacce4f55e1262af4582a8c7fd4005e11581392e0739682c28,2048,8b33dc11e3592ae0fb743c05077d438f82d53c95edaaa11e6e9e4c003c9a1c30,1.6946374081783233e-08
d03E,140161d99a424b2d367d4c07c1b00a91c1d35713406c144e33003cf551109d48,140161d99a424b2d367d4c07c1b00a91c1d35713406c144e33003cf551109d48:396,396,2048,2d0549575956a172bfb23f52212a656ecc47f872186612a377a7498b8467d1f9,2048,8b33dc11e3592ae0fb743c05077d438f82d53c95edaaa11e6e9e4c003c9a1c30,1.3221083783321319e-08
d03E,140161d99a424b2d367d4c07c1b00a91c1d35713406c144e33003cf551109d48,140161d99a424b2d367d4c07c1b00a91c1d35713406c144e33003cf551109d48:397,397,2048,fdd63473a859b992b519cc3a16d73f86bc5344fa3e34c5b90f49455bd06a98ab,2048,8b33dc11e3592ae0fb743c05077d438f82d53c95edaaa11e6e9e4c003c9a1c30,2.7417083714453838e-08
d03E,140161d99a424b2d367d4c07c1b00a91c1d35713406c144e33003cf551109d48,140161d99a424b2d367d4c07c1b00a91c1d35713406c144e33003cf551109d48:398,398,2048,5eaae82b95b81763a4aa6b93d23310c186c9989baf56b6357fb81487d9142004,2048,8b33dc11e3592ae0fb743c05077d438f82d53c95edaaa11e6e9e4c003c9a1c30,1.4648693147378822e-08
d03E,140161d99a424b2d367d4c07c1b00a91c1d35713406c144e33003cf551109d48,140161d99a424b2d367d4c07c1b00a91c1d35713406c144e33003cf551109d48:399,399,2048,48bbc316fb98513a29ff68d06c24637384cbffa4a7cf922fcde1dd97dcb1ade1,2048,8b33dc11e3592ae0fb743c05077d438f82d53c95edaaa11e6e9e4c003c9a1c30,2.260420983724032e-08
d03E,140161d99a424b2d367d4c07c1b00a91c1d35713406c144e33003cf551109d48,140161d99a424b2d367d4c07c1b00a91c1d35713406c144e33003cf551109d48:400,400,2048,2d0549575956a172bfb23f52212a656ecc47f872186612a377a7498b8467d1f9,2048,8b33dc11e3592ae0fb743c05077d438f82d53c95edaaa11e6e9e4c003c9a1c30,1.3221083783321319e-08
d03E,140161d99a424b2d367d4c07c1b00a91c1d35713406c144e33003cf551109d48,140161d99a424b2d367d4c07c1b00a91c1d35713406c144e33003cf551109d48:401,401,2048,009adc95d7b732130c803b3b6ee3a4ceb9306286cae7722eb80f4e24bcc0392c,2048,8b33dc11e3592ae0fb743c05077d438f82d53c95edaaa11e6e9e4c003c9a1c30,2.2874335314782002e-08
d03E,140161d99a424b2d367d4c07c1b00a91c1d35713406c144e33003cf551109d48,140161d99a424b2d367d4c07c1b00a91c1d35713406c144e33003cf551109d48:402,402,2048,2d0549575956a172bfb23f52212a656ecc47f872186612a377a7498b8467d1f9,2048,8b33dc11e3592ae0fb743c05077d438f82d53c95edaaa11e6e9e4c003c9a1c30,1.3221083783321319e-08
d03E,140161d99a424b2d367d4c07c1b00a91c1d35713406c144e33003cf551109d48,140161d99a424b2d367d4c07c1b00a91c1d35713406c144e33003cf551109d48:403,403,2048,009adc95d7b732130c803b3b6ee3a4ceb9306286cae7722eb80f4e24bcc0392c,2048,8b33dc11e3592ae0fb743c05077d438f82d53c95edaaa11e6e9e4c003c9a1c30,2.2874335314782002e-08
d03E,140161d99a424b2d367d4c07c1b00a91c1d35713406c144e33003cf551109d48,140161d99a424b2d367d4c07c1b00a91c1d35713406c144e33003cf551109d48:404,404,2048,00d3f8fce5337eaacce4f55e1262af4582a8c7fd4005e11581392e0739682c28,2048,8b33dc11e3592ae0fb743c05077d438f82d53c95edaaa11e6e9e4c003c9a1c30,1.6946374081783233e-08
d03E,140161d99a424b2d367d4c07c1b00a91c1d35713406c144e33003cf551109d48,140161d99a424b2d367d4c07c1b00a91c1d35713406c144e33003cf551109d48:405,405,2048,009adc95d7b732130c803b3b6ee3a4ceb9306286cae7722eb80f4e24bcc0392c,2048,8b33dc11e3592ae0fb743c05077d438f82d53c95edaaa11e6e9e4c003c9a1c30,2.2874335314782002e-08
d03E,140161d99a424b2d367d4c07c1b00a91c1d35713406c144e33003cf551109d48,140161d99a424b2d367d4c07c1b00a91c1d35713406c144e33003cf551109d48:406,406,2048,009adc95d7b732130c803b3b6ee3a4ceb9306286cae7722eb80f4e24bcc0392c,2048,8b33dc11e3592ae0fb743c05077d438f82d53c95edaaa11e6e9e4c003c9a1c30,2.2874335314782002e-08
d03E,140161d99a424b2d367d4c07c1b00a91c1d35713406c144e33003cf551109d48,140161d99a424b2d367d4c07c1b00a91c1d35713406c144e33003cf551109d48:407,407,2068,c871167f70ff695219aa159bb89e2894885e136afeaeaff7a4521a69c870e104,2068,4e71ecc6467d314b6068a97eab079330393c593217ac6d1d31d55a8859860124,2.9283200309038193e-08
d03E,140161d99a424b2d367d4c07c1b00a91c1d35713406c144e33003cf551109d48,140161d99a424b2d367d4c07c1b00a91c1d35713406c144e33003cf551109d48:408,408,2068,9513e47325c06539dad3618fcecfb682baf977bf1e6bcdb0ed62aacfa4dd6fef,2068,4e71ecc6467d314b6068a97eab079330393c593217ac6d1d31d55a8859860124,2.5249425439355377e-08
d03E,140161d99a424b2d367d4c07c1b00a91c1d35713406c144e33003cf551109d48,140161d99a424b2d367d4c07c1b00a91c1d35713406c144e33003cf551109d48:409,409,2068,1aef1a3a09762d212dc738722ad3d546fb5728d8607a5f6486c54023c06dd494,2068,4e71ecc6467d314b6068a97eab079330393c593217ac6d1d31d55a8859860124,1.5737868563903135e-08
d03E,140161d99a424b2d367d4c07c1b00a91c1d35713406c144e33003cf551109d48,140161d99a424b2d367d4c07c1b00a91c1d35713406c144e33003cf551109d48:410,410,2068,fa986db5590a42803f7d8081077b7e113e00e6e218ce1162506fd9995704d7b1,2068,4e71ecc6467d314b6068a97eab079330393c593217ac6d1d31d55a8859860124,2.8965615017639834e-08
d03E,140161d99a424b2d367d4c07c1b00a91c1d35713406c144e33003cf551109d48,140161d99a424b2d367d4c07c1b00a91c1d35713406c144e33003cf551109d48:411,411,2132,58d593b6b5f142450e27c15fa9f5740320ac9a2d95b41167a455af19abe1f979,2132,fa2e614e64a5fb1d6a81017fd00f61cb34de2fcf8746cb71ff38c946e9b48fe1,1.3503570928108388e-08
d03E,140161d99a424b2d367d4c07c1b00a91c1d35713406c144e33003cf551109d48,140161d99a424b2d367d4c07c1b00a91c1d35713406c144e33003cf551109d48:412,412,2140,d0a2e753244f2b341057be56ea380ea14df7e9609ec0686acdca5fbd80091b1d,2140,2353b261d0ffc5559e943cb21c488f890226af04f62f1189782d54b17925c5c4,2.5525609681498196e-08
d03E,140161d99a424b2d367d4c07c1b00a91c1d35713406c144e33003cf551109d48,140161d99a424b2d367d4c07c1b00a91c1d35713406c144e33003cf551109d48:413,413,2140,babdd0902fea44f8e8147f3cfc2feaad0d8458373ff0c6f73dca76bec7aab477,2140,2353b261d0ffc5559e943cb21c488f890226af04f62f1189782d54b17925c5c4,2.166745050047325e-08
d03E,140161d99a424b2d367d4c07c1b00a91c1d35713406c144e33003cf551109d48,140161d99a424b2d367d4c07c1b00a91c1d35713406c144e33003cf551109d48:414,414,2140,4f6993469d857e4826655c6cfc04a2907f4cd51b887eab08b1c564d59db23378,2140,2353b261d0ffc5559e943cb21c488f890226af04f62f1189782d54b17925c5c4,2.808705779067111e-08
d03E,140161d99a424b2d367d4c07c1b00a91c1d35713406c144e33003cf551109d48,140161d99a424b2d367d4c07c1b00a91c1d35713406c144e33003cf551109d48:415,415,2140,97a612f2a76d0956fd3153b5b135d53ec338834f635b414cd2449cfabc3f3121,2140,2353b261d0ffc5559e943cb21c488f890226af04f62f1189782d54b17925c5c4,2.6761323379531632e-08
d03E,140161d99a424b2d367d4c07c1b00a91c1d35713406c144e33003cf551109d48,140161d99a424b2d367d4c07c1b00a91c1d35713406c144e33003cf551109d48:416,416,2140,31e4124c6ceb3ea9ec2ac0829a0b280eae944a03caa6c4a64c0a039b594dd3f9,2140,2353b261d0ffc5559e943cb21c488f890226af04f62f1189782d54b17925c5c4,2.528504627896666e-08
d03E,140161d99a424b2d367d4c07c1b00a91c1d35713406c144e33003cf551109d48,140161d99a424b2d367d4c07c1b00a91c1d35713406c144e33003cf551109d48:417,417,2140,d0a2e753244f2b341057be56ea380ea14df7e9609ec0686acdca5fbd80091b1d,2140,2353b261d0ffc5559e943cb21c488f890226af04f62f1189782d54b17925c5c4,2.5525609681498196e-08
d03E,140161d99a424b2d367d4c07c1b00a91c1d35713406c144e33003cf551109d48,140161d99a424b2d367d4c07c1b00a91c1d35713406c144e33003cf551109d48:418,418,2140,cc569d808549fe443e07334d1fe8f7f2833fdaa1444912a1944704d7be62df87,2140,2353b261d0ffc5559e943cb21c488f890226af04f62f1189782d54b17925c5c4,3.116402003122687e-08
d03E,140161d99a424b2d367d4c07c1b00a91c1d35713406c144e33003cf551109d48,140161d99a424b2d367d4c07c1b00a91c1d35713406c144e33003cf551109d48:419,419,2140,31e4124c6ceb3ea9ec2ac0829a0b280eae944a03caa6c4a64c0a039b594dd3f9,2140,2353b261d0ffc5559e943cb21c488f890226af04f62f1189782d54b17925c5c4,2.528504627896666e-08
d03E,140161d99a424b2d367d4c07c1b00a91c1d35713406c144e33003cf551109d48,140161d99a424b2d367d4c07c1b00a91c1d35713406c144e33003cf551109d48:420,420,2140,d48cde0223c294627cb3c5727f452b64bb753ef04fc410c15586d2cc67c2bb51,2140,2353b261d0ffc5559e943cb21c488f890226af04f62f1189782d54b17925c5c4,1.7942160202011337e-08
d03E,140161d99a424b2d367d4c07c1b00a91c1d35713406c144e33003cf551109d48,140161d99a424b2d367d4c07c1b00a91c1d35713406c144e33003cf551109d48:421,421,2158,283b5a41fba4a9a328726e0261c6c1b78c51aa76d78ded1b4418e4720c00a8d6,2158,bccd4047847eddcc0be553f609e6ee87fb7b60c98ed65f7509297be5e78f5bdd,2.3633375256792988e-08
d03E,140161d99a424b2d367d4c07c1b00a91c1d35713406c144e33003cf551109d48,140161d99a424b2d367d4c07c1b00a91c1d35713406c144e33003cf551109d48:422,422,2158,283b5a41fba4a9a328726e0261c6c1b78c51aa76d78ded1b4418e4720c00a8d6,2158,bccd4047847eddcc0be553f609e6ee87fb7b60c98ed65f7509297be5e78f5bdd,2.3633375256792988e-08
d03E,140161d99a424b2d367d4c07c1b00a91c1d35713406c144e33003cf551109d48,140161d99a424b2d367d4c07c1b00a91c1d35713406c144e33003cf551109d48:423,423,2158,93e30cc0a5af8fa348fa160d7dc49d3aa64395e5f66d28dbca0c9a45b9b98f49,2158,bccd4047847eddcc0be553f609e6ee87fb7b60c98ed65f7509297be5e78f5bdd,2.3633375256792988e-08
d03E,140161d99a424b2d367d4c07c1b00a91c1d35713406c144e33003cf551109d48,140161d99a424b2d367d4c07c1b00a91c1d35713406c144e33003cf551109d48:424,424,2158,283b5a41fba4a9a328726e0261c6c1b78c51aa76d78ded1b4418e4720c00a8d6,2158,bccd4047847eddcc0be553f609e6ee87fb7b60c98ed65f7509297be5e78f5bdd,2.3633375256792988e-08
d03E,140161d99a424b2d367d4c07c1b00a91c1d35713406c144e33003cf551109d48,140161d99a424b2d367d4c07c1b00a91c1d35713406c144e33003cf551109d48:425,425,2158,56a9ca564c0e62a1d477bcdb717f8507f0cd6a1eec7a370aebf2cddc00d87f6c,2158,bccd4047847eddcc0be553f609e6ee87fb7b60c98ed65f7509297be5e78f5bdd,2.859261427623494e-08
d03E,140161d99a424b2d367d4c07c1b00a91c1d35713406c144e33003cf551109d48,140161d99a424b2d367d4c07c1b00a91c1d35713406c144e33003cf551109d48:426,426,2163,22be5517a853280298c3cd8b05dad831f5567ab5cdcb8491186f6d6e4b5529c0,2163,659e06b62b2df4751a97cc259e3797ad9e7f000025167e477e9c4b3c55e065c8,2.610041094364135e-08
d03E,140161d99a424b2d367d4c07c1b00a91c1d35713406c144e33003cf551109d48,140161d99a424b2d367d4c07c1b00a91c1d35713406c144e33003cf551109d48:427,427,2163,36f20419f146a9153896f9a2f80f7bf68eae16ad71623eb6cfd59afe18d3c8d8,2163,659e06b62b2df4751a97cc259e3797ad9e7f000025167e477e9c4b3c55e065c8,1.860307263790162e-08
d03E,140161d99a424b2d367d4c07c1b00a91c1d35713406c144e33003cf551109d48,140161d99a424b2d367d4c07c1b00a91c1d35713406c144e33003cf551109d48:428,428,2163,9fd1ea02638c0c7278eafdce33632ee30ba3350cd943866d12827871389f6355,2163,659e06b62b2df4751a97cc259e3797ad9e7f000025167e477e9c4b3c55e065c8,2.610041094364135e-08
d03E,140161d99a424b2d367d4c07c1b00a91c1d35713406c144e33003cf551109d48,140161d99a424b2d367d4c07c1b00a91c1d35713406c144e33003cf551109d48:429,429,2163,36f20419f146a9153896f9a2f80f7bf68eae16ad71623eb6cfd59afe18d3c8d8,2163,659e06b62b2df4751a97cc259e3797ad9e7f000025167e477e9c4b3c55e065c8,1.860307263790162e-08
d03E,140161d99a424b2d367d4c07c1b00a91c1d35713406c144e33003cf551109d48,140161d99a424b2d367d4c07c1b00a91c1d35713406c144e33003cf551109d48:430,430,2163,22be5517a853280298c3cd8b05dad831f5567ab5cdcb8491186f6d6e4b5529c0,2163,659e06b62b2df4751a97cc259e3797ad9e7f000025167e477e9c4b3c55e065c8,2.610041094364135e-08
d03E,140161d99a424b2d367d4c07c1b00a91c1d35713406c144e33003cf551109d48,140161d99a424b2d367d4c07c1b00a91c1d35713406c144e33003cf551109d48:431,431,2163,319bb6f03e4833ca0fe21b902255a423c1b501a1276216f9c040bd7245d76055,2163,659e06b62b2df4751a97cc259e3797ad9e7f000025167e477e9c4b3c55e065c8,1.9603343837104603e-08
d03E,140161d99a424b2d367d4c07c1b00a91c1d35713406c144e33003cf551109d48,140161d99a424b2d367d4c07c1b00a91c1d35713406c144e33003cf551109d48:432,432,2163,e27e9699676f2ebb265b0225eb86247ca06f93bce308732ce8acb25a0c04db35,2163,659e06b62b2df4751a97cc259e3797ad9e7f000025167e477e9c4b3c55e065c8,2.610041094364135e-08
d03E,140161d99a424b2d367d4c07c1b00a91c1d35713406c144e33003cf551109d48,140161d99a424b2d367d4c07c1b00a91c1d35713406c144e33003cf551109d48:433,433,2163,4c2f82e9f7f7e8aae9f5a367109d28671119d0d2f1a71fa1ad4cfd51df966771,2163,659e06b62b2df4751a97cc259e3797ad9e7f000025167e477e9c4b3c55e065c8,1.860307263790162e-08
d03E,140161d99a424b2d367d4c07c1b00a91c1d35713406c144e33003cf551109d48,140161d99a424b2d367d4c07c1b00a91c1d35713406c144e33003cf551109d48:434,434,2163,21e19716eaab4d841a83f12b5960cbdc47375443a233206c645db4f461a4e9d0,2163,659e06b62b2df4751a97cc259e3797ad9e7f000025167e477e9c4b3c55e065c8,2.610041094364135e-08
d03E,140161d99a424b2d367d4c07c1b00a91c1d35713406c144e33003cf551109d48,140161d99a424b2d367d4c07c1b00a91c1d35713406c144e33003cf551109d48:435,435,2163,9fd1ea02638c0c7278eafdce33632ee30ba3350cd943866d12827871389f6355,2163,659e06b62b2df4751a97cc259e3797ad9e7f000025167e477e9c4b3c55e065c8,2.610041094364135e-08
d03E,140161d99a424b2d367d4c07c1b00a91c1d35713406c144e33003cf551109d48,140161d99a424b2d367d4c07c1b00a91c1d35713406c144e33003cf551109d48:436,436,2163,36f20419f146a9153896f9a2f80f7bf68eae16ad71623eb6cfd59afe18d3c8d8,2163,659e06b62b2df4751a97cc259e3797ad9e7f000025167e477e9c4b3c55e065c8,1.860307263790162e-08
d03E,140161d99a424b2d367d4c07c1b00a91c1d35713406c144e33003cf551109d48,140161d99a424b2d367d4c07c1b00a91c1d35713406c144e33003cf551109d48:437,437,2163,9fd1ea02638c0c7278eafdce33632ee30ba3350cd943866d12827871389f6355,2163,659e06b62b2df4751a97cc259e3797ad9e7f000025167e477e9c4b3c55e065c8,2.610041094364135e-08
d03E,140161d99a424b2d367d4c07c1b00a91c1d35713406c144e33003cf551109d48,140161d99a424b2d367d4c07c1b00a91c1d35713406c144e33003cf551109d48:438,438,2163,319bb6f03e4833ca0fe21b902255a423c1b501a1276216f9c040bd7245d76055,2163,659e06b62b2df4751a97cc259e3797ad9e7f000025167e477e9c4b3c55e065c8,1.9603343837104603e-08
d03E,140161d99a424b2d367d4c07c1b00a91c1d35713406c144e33003cf551109d48,140161d99a424b2d367d4c07c1b00a91c1d35713406c144e33003cf551109d48:439,439,2163,319bb6f03e4833ca0fe21b902255a423c1b501a1276216f9c040bd7245d76055,2163,659e06b62b2df4751a97cc259e3797ad9e7f000025167e477e9c4b3c55e065c8,1.9603343837104603e-08
d03E,140161d99a424b2d367d4c07c1b00a91c1d35713406c144e33003cf551109d48,140161d99a424b2d367d4c07c1b00a91c1d35713406c144e33003cf551109d48:440,440,2163,319bb6f03e4833ca0fe21b902255a423c1b501a1276216f9c040bd7245d76055,2163,659e06b62b2df4751a97cc259e3797ad9e7f000025167e477e9c4b3c55e065c8,1.9603343837104603e-08
d03E,140161d99a424b2d367d4c07c1b00a91c1d35713406c144e33003cf551109d48,140161d99a424b2d367d4c07c1b00a91c1d35713406c144e33003cf551109d48:441,441,2163,327a6524a0585c7ac8e99a46bd20c7be0e2d69ef750cd4b8b84a9cb4c2ea211d,2163,659e06b62b2df4751a97cc259e3797ad9e7f000025167e477e9c4b3c55e065c8,1.2152763240180775e-08
d03E,140161d99a424b2d367d4c07c1b00a91c1d35713406c144e33003cf551109d48,140161d99a424b2d367d4c07c1b00a91c1d35713406c144e33003cf551109d48:442,442,2163,319bb6f03e4833ca0fe21b902255a423c1b501a1276216f9c040bd7245d76055,2163,659e06b62b2df4751a97cc259e3797ad9e7f000025167e477e9c4b3c55e065c8,1.9603343837104603e-08
d03E,140161d99a424b2d367d4c07c1b00a91c1d35713406c144e33003cf551109d48,140161d99a424b2d367d4c07c1b00a91c1d35713406c144e33003cf551109d48:443,443,2163,319bb6f03e4833ca0fe21b902255a423c1b501a1276216f9c040bd7245d76055,2163,659e06b62b2df4751a97cc259e3797ad9e7f000025167e477e9c4b3c55e065c8,1.9603343837104603e-08
d03E,140161d99a424b2d367d4c07c1b00a91c1d35713406c144e33003cf551109d48,140161d99a424b2d367d4c07c1b00a91c1d35713406c144e33003cf551109d48:444,444,2213,149fe3cf33b3f56a2fc2dd6a12cea0c61bfdc9d87c1ab5a2d388baac693fb739,2213,0eb0837bb1f0c84fd2afe03093083532fe7f48c46d158fc5f887463286a61aee,2.0940935874236288e-08
d03E,140161d99a424b2d367d4c07c1b00a91c1d35713406c144e33003cf551109d48,140161d99a424b2d367d4c07c1b00a91c1d35713406c144e33003cf551109d48:445,445,2230,e58da548a5c441c878838b1b2980d6dbb8eee30d6dcfdd313696e16822e9f787,2230,83495c26261f1bc940e45b28a4e44b3c5d77b1b6d4db69833f23fcc620ee6702,1.9140594220701246e-08
d03E,140161d99a424b2d367d4c07c1b00a91c1d35713406c144e33003cf551109d48,140161d99a424b2d367d4c07c1b00a91c1d35713406c144e33003cf551109d48:446,446,2230,afab2036cccc82f63d7dd1050c66f0cf92cd796447a36e6012acc760f8bf505c,2230,83495c26261f1bc940e45b28a4e44b3c5d77b1b6d4db69833f23fcc620ee6702,1.2583429187529305e-08
d03E,140161d99a424b2d367d4c07c1b00a91c1d35713406c144e33003cf551109d48,140161d99a424b2d367d4c07c1b00a91c1d35713406c144e33003cf551109d48:447,447,2306,e425b1e336ff70d7c6765c53f59ca41404f021a93e9f2ee0a28ab18a63e6dd99,2306,f7d991c3eb774e8be48bc83cf481d15041fea553f81a41bac8009b112f4bf9a2,2.572310697779301e-08
d03E,140161d99a424b2d367d4c07c1b00a91c1d35713406c144e33003cf551109d48,140161d99a424b2d367d4c07c1b00a91c1d35713406c144e33003cf551109d48:448,448,2312,4edb806d0ef9734f3426d8da3ad84af1a9174740e81004d8ff147b87b2b6266d,2312,a66e8eca069d2609cdc23f5e0b5b1a41a281729d2ecc1ede8281d7e754775e64,2.79632766941873e-08
d03E,140161d99a424b2d367d4c07c1b00a91c1d35713406c144e33003cf551109d48,140161d99a424b2d367d4c07c1b00a91c1d35713406c144e33003cf551109d48:449,449,2312,9e952142d7fdced54c6a4f8c8b08fb4babe43e00a801d78f2ae17768926dfb06,2312,a66e8eca069d2609cdc23f5e0b5b1a41a281729d2ecc1ede8281d7e754775e64,2.068752713579869e-08
d03E,140161d99a424b2d367d4c07c1b00a91c1d35713406c144e33003cf551109d48,140161d99a424b2d367d4c07c1b00a91c1d35713406c144e33003cf551109d48:450,450,2312,fe04855c791edf0e25ab0066b92e5101b8e1262f2ef024fea9d499aa51f60852,2312,a66e8eca069d2609cdc23f5e0b5b1a41a281729d2ecc1ede8281d7e754775e64,2.355727568570387e-08
d03E,140161d99a424b2d367d4c07c1b00a91c1d35713406c144e33003cf551109d48,140161d99a424b2d367d4c07c1b00a91c1d35713406c144e33003cf551109d48:451,451,2312,297faf34e7a83e37f44f048e09586ee9bf6cdcf28cfb1b9be83800cf1e20db98,2312,a66e8eca069d2609cdc23f5e0b5b1a41a281729d2ecc1ede8281d7e754775e64,2.355727568570387e-08
d03E,140161d99a424b2d367d4c07c1b00a91c1d35713406c144e33003cf551109d48,140161d99a424b2d367d4c07c1b00a91c1d35713406c144e33003cf551109d48:452,452,2312,4edb806d0ef9734f3426d8da3ad84af1a9174740e81004d8ff147b87b2b6266d,2312,a66e8eca069d2609cdc23f5e0b5b1a41a281729d2ecc1ede8281d7e754775e64,2.79632766941873e-08
d03E,140161d99a424b2d367d4c07c1b00a91c1d35713406c144e33003cf551109d48,140161d99a424b2d367d4c07c1b00a91c1d35713406c144e33003cf551109d48:453,453,2312,4d6748ac7e781af1b5e0c63e5178776097d1cb2876fbc1c5b5c8294437fced3c,2312,a66e8eca069d2609cdc23f5e0b5b1a41a281729d2ecc1ede8281d7e754775e64,1.5411981746371595e-08
d03E,140161d99a424b2d367d4c07c1b00a91c1d35713406c144e33003cf551109d48,140161d99a424b2d367d4c07c1b00a91c1d35713406c144e33003cf551109d48:454,454,2321,0f4794fb4e451a9f990d4555d747b7850e678cc92cd304291289b5d4f11349b2,2321,f02b1e0e7abad7bffa6f8c8cf2fc8a1888c2148a91265e6ceb088c03696af06e,2.83120671351611e-08
d03E,140161d99a424b2d367d4c07c1b00a91c1d35713406c144e33003cf551109d48,140161d99a424b2d367d4c07c1b00a91c1d35713406c144e33003cf551109d48:455,455,2321,3fb162c5beccad0437bf9fecdda87d8741551e3d7a42173e7e3bb77222746be2,2321,f02b1e0e7abad7bffa6f8c8cf2fc8a1888c2148a91265e6ceb088c03696af06e,3.3258876319663955e-08
d03E,140161d99a424b2d367d4c07c1b00a91c1d35713406c144e33003cf551109d48,140161d99a424b2d367d4c07c1b00a91c1d35713406c144e33003cf551109d48:456,456,2321,3fb162c5beccad0437bf9fecdda87d8741551e3d7a42173e7e3bb77222746be2,2321,f02b1e0e7abad7bffa6f8c8cf2fc8a1888c2148a91265e6ceb088c03696af06e,3.3258876319663955e-08
d03E,140161d99a424b2d367d4c07c1b00a91c1d35713406c144e33003cf551109d48,140161d99a424b2d367d4c07c1b00a91c1d35713406c144e33003cf551109d48:457,457,2321,3fb162c5beccad0437bf9fecdda87d8741551e3d7a42173e7e3bb77222746be2,2321,f02b1e0e7abad7bffa6f8c8cf2fc8a1888c2148a91265e6ceb088c03696af06e,3.3258876319663955e-08
d03E,140161d99a424b2d367d4c07c1b00a91c1d35713406c144e33003cf551109d48,140161d99a424b2d367d4c07c1b00a91c1d35713406c144e33003cf551109d48:458,458,2351,1d1827775b4f485d29585ae1eba6758ad29e565010d13ca0563e8be3a8aa738d,2351,97d83ef8bc645ae36ec7fefee7de79ed10e2700638575b4ce5756e09e67521c3,1.2100578705709353e-08
d03E,140161d99a424b2d367d4c07c1b00a91c1d35713406c144e33003cf551109d48,140161d99a424b2d367d4c07c1b00a91c1d35713406c144e33003cf551109d48:459,459,2351,9479f1d4f53d9b03c0e866406c48f6b5cff1fa77c4bd42a705ff8d78ee8e0415,2351,97d83ef8bc645ae36ec7fefee7de79ed10e2700638575b4ce5756e09e67521c3,2.9186652317214623e-08
d03E,140161d99a424b2d367d4c07c1b00a91c1d35713406c144e33003cf551109d48,140161d99a424b2d367d4c07c1b00a91c1d35713406c144e33003cf551109d48:460,460,2351,5fe5b4fc840d37fa7d25b46982092c2889e390feeaf9b658ac36ec310d374855,2351,97d83ef8bc645ae36ec7fefee7de79ed10e2700638575b4ce5756e09e67521c3,1.1704347047114538e-08
d03E,140161d99a424b2d367d4c07c1b00a91c1d35713406c144e33003cf551109d48,140161d99a424b2d367d4c07c1b00a91c1d35713406c144e33003cf551109d48:461,461,2351,959961c20af27cea65af2edf9d45af3b37ad31b5919a172b174b50d9a7520ba7,2351,97d83ef8bc645ae36ec7fefee7de79ed10e2700638575b4ce5756e09e67521c3,1.3111171481838824e-08
d03E,140161d99a424b2d367d4c07c1b00a91c1d35713406c144e33003cf551109d48,140161d99a424b2d367d4c07c1b00a91c1d35713406c144e33003cf551109d48:462,462,2351,47b9a3df2a033691e5cb987c1938d5a3e520953911e0bfbc925d528fb165aa02,2351,97d83ef8bc645ae36ec7fefee7de79ed10e2700638575b4ce5756e09e67521c3,2.1736071720290795e-08
d03E,140161d99a424b2d367d4c07c1b00a91c1d35713406c144e33003cf551109d48,140161d99a424b2d367d4c07c1b00a91c1d35713406c144e33003cf551109d48:463,463,2376,abc60c3d0eedd780bfc876cba1bd9688898912857fd470a9d0777f9bbe6785b9,2376,5a71e72ec40c3fc009e3d000a16df2366aa00696b6dd1b7d0a34177b055250b9,2.3522100267570067e-08
d03E,140161d99a424b2d367d4c07c1b00a91c1d35713406c144e33003cf551109d48,140161d99a424b2d367d4c07c1b00a91c1d35713406c144e33003cf551109d48:464,464,2376,f1cf5750453a3b1dc32111034a02e3e599546a2c99df364f5928ae72e7fffd50,2376,5a71e72ec40c3fc009e3d000a16df2366aa00696b6dd1b7d0a34177b055250b9,2.4280519594910288e-08
d03E,140161d99a424b2d367d4c07c1b00a91c1d35713406c144e33003cf551109d48,140161d99a424b2d367d4c07c1b00a91c1d35713406c144e33003cf551109d48:465,465,2386,36d5a805991e084d5db93919d4e1fba5818d74489e7efca4cf67858a2e8643bb,2386,47d1eca331462cafccf932d894921f39f0551efea47363405939f32969e030ce,1.7231865045985728e-08
d03E,140161d99a424b2d367d4c07c1b00a91c1d35713406c144e33003cf551109d48,140161d99a424b2d367d4c07c1b00a91c1d35713406c144e33003cf551109d48:466,466,2386,3ea5dd15ab697519265098d65837dcdca269725b02532a4e70ccf3be2bbbb7d8,2386,47d1eca331462cafccf932d894921f39f0551efea47363405939f32969e030ce,1.6935608693202653e-08
d03E,140161d99a424b2d367d4c07c1b00a91c1d35713406c144e33003cf551109d48,140161d99a424b2d367d4c07c1b00a91c1d35713406c144e33003cf551109d48:467,467,2386,1ca41f18b696e0d2e2e23fe42a4ab1a88101219043b38f1ca46ba097dde26abe,2386,47d1eca331462cafccf932d894921f39f0551efea47363405939f32969e030ce,2.1429901964076237e-08
d03E,140161d99a424b2d367d4c07c1b00a91c1d35713406c144e33003cf551109d48,140161d99a424b2d367d4c07c1b00a91c1d35713406c144e33003cf551109d48:468,468,2386,226fc36234f576d2eeff6a1774206d92e76f19109f142051c7afaec03e08f1a5,2386,47d1eca331462cafccf932d894921f39f0551efea47363405939f32969e030ce,2.8880482561000065e-08
d03E,140161d99a424b2d367d4c07c1b00a91c1d35713406c144e33003cf551109d48,140161d99a424b2d367d4c07c1b00a91c1d35713406c144e33003cf551109d48:469,469,2386,226fc36234f576d2eeff6a1774206d92e76f19109f142051c7afaec03e08f1a5,2386,47d1eca331462cafccf932d894921f39f0551efea47363405939f32969e030ce,2.8880482561000065e-08
d03E,140161d99a424b2d367d4c07c1b00a91c1d35713406c144e33003cf551109d48,140161d99a424b2d367d4c07c1b00a91c1d35713406c144e33003cf551109d48:470,470,2386,1ca41f18b696e0d2e2e23fe42a4ab1a88101219043b38f1ca46ba097dde26abe,2386,47d1eca331462cafccf932d894921f39f0551efea47363405939f32969e030ce,2.1429901964076237e-08
d03E,140161d99a424b2d367d4c07c1b00a91c1d35713406c144e33003cf551109d48,140161d99a424b2d367d4c07c1b00a91c1d35713406c144e33003cf551109d48:471,471,2435,6ac61a959e043cc875b1d816ad3659cd65ee24a5ef4f4b749366bc70983a61f6,2435,4040ac71755988b550d58fb60e9eb468943a27168852e2eebba1dd71069e4787,2.6529592522805956e-08
d03E,140161d99a424b2d367d4c07c1b00a91c1d35713406c144e33003cf551109d48,140161d99a424b2d367d4c07c1b00a91c1d35713406c144e33003cf551109d48:472,472,2435,6ac61a959e043cc875b1d816ad3659cd65ee24a5ef4f4b749366bc70983a61f6,2435,4040ac71755988b550d58fb60e9eb468943a27168852e2eebba1dd71069e4787,2.6529592522805956e-08
d03E,140161d99a424b2d367d4c07c1b00a91c1d35713406c144e33003cf551109d48,140161d99a424b2d367d4c07c1b00a91c1d35713406c144e33003cf551109d48:473,473,2435,6ac61a959e043cc875b1d816ad3659cd65ee24a5ef4f4b749366bc70983a61f6,2435,4040ac71755988b550d58fb60e9eb468943a27168852e2eebba1dd71069e4787,2.6529592522805956e-08
d03E,140161d99a424b2d367d4c07c1b00a91c1d35713406c144e33003cf551109d48,140161d99a424b2d367d4c07c1b00a91c1d35713406c144e33003cf551109d48:474,474,2435,921ba6e532b661e3c6f29129ec07d3895c61f6a4a495412f1357a0cc4ccb346f,2435,4040ac71755988b550d58fb60e9eb468943a27168852e2eebba1dd71069e4787,1.923257308966697e-08
d03E,140161d99a424b2d367d4c07c1b00a91c1d35713406c144e33003cf551109d48,140161d99a424b2d367d4c07c1b00a91c1d35713406c144e33003cf551109d48:475,475,2435,921ba6e532b661e3c6f29129ec07d3895c61f6a4a495412f1357a0cc4ccb346f,2435,4040ac71755988b550d58fb60e9eb468943a27168852e2eebba1dd71069e4787,1.923257308966697e-08
d03E,140161d99a424b2d367d4c07c1b00a91c1d35713406c144e33003cf551109d48,140161d99a424b2d367d4c07c1b00a91c1d35713406c144e33003cf551109d48:476,476,2435,921ba6e532b661e3c6f29129ec07d3895c61f6a4a495412f1357a0cc4ccb346f,2435,4040ac71755988b550d58fb60e9eb468943a27168852e2eebba1dd71069e4787,1.923257308966697e-08
d03E,140161d99a424b2d367d4c07c1b00a91c1d35713406c144e33003cf551109d48,140161d99a424b2d367d4c07c1b00a91c1d35713406c144e33003cf551109d48:477,477,2435,6ac61a959e043cc875b1d816ad3659cd65ee24a5ef4f4b749366bc70983a61f6,2435,4040ac71755988b550d58fb60e9eb468943a27168852e2eebba1dd71069e4787,2.6529592522805956e-08
d03E,140161d99a424b2d367d4c07c1b00a91c1d35713406c144e33003cf551109d48,140161d99a424b2d367d4c07c1b00a91c1d35713406c144e33003cf551109d48:478,478,2435,f4f70d30d3ecd5432f429a1503bf43817ddcd2b21c1fbf791f21b3f948f67bb4,2435,4040ac71755988b550d58fb60e9eb468943a27168852e2eebba1dd71069e4787,1.708900732033669e-08
d03E,140161d99a424b2d367d4c07c1b00a91c1d35713406c144e33003cf551109d48,140161d99a424b2d367d4c07c1b00a91c1d35713406c144e33003cf551109d48:479,479,2435,921ba6e532b661e3c6f29129ec07d3895c61f6a4a495412f1357a0cc4ccb346f,2435,4040ac71755988b550d58fb60e9eb468943a27168852e2eebba1dd71069e4787,1.923257308966697e-08
d03E,140161d99a424b2d367d4c07c1b00a91c1d35713406c144e33003cf551109d48,140161d99a424b2d367d4c07c1b00a91c1d35713406c144e33003cf551109d48:480,480,2445,61eaaa8f04f6ea616903c9ff6822066ac70c1f749950594dfa114fd96507f48a,2445,590703c342b51a5205f3c282718ca6cb2beba8a96566ffdf45bf2ff19b4306d2,2.7458999962703956e-08
d03E,140161d99a424b2d367d4c07c1b00a91c1d35713406c144e33003cf551109d48,140161d99a424b2d367d4c07c1b00a91c1d35713406c144e33003cf551109d48:481,481,2476,3447311f109cf7e3e511a38378f505d221e250d3bdbdbfc70a5a8e27e026f371,2476,a72b49cbaaaf9164b44c99d2639fb14bd88a853d7b8f686adc289f22d793da0f,2.2649694120246977e-08
d03E,140161d99a424b2d367d4c07c1b00a91c1d35713406c144e33003cf551109d48,140161d99a424b2d367d4c07c1b00a91c1d35713406c144e33003cf551109d48:482,482,2476,3447311f109cf7e3e511a38378f505d221e250d3bdbdbfc70a5a8e27e026f371,2476,a72b49cbaaaf9164b44c99d2639fb14bd88a853d7b8f686adc289f22d793da0f,2.2649694120246977e-08
d03E,140161d99a424b2d367d4c07c1b00a91c1d35713406c144e33003cf551109d48,140161d99a424b2d367d4c07c1b00a91c1d35713406c144e33003cf551109d48:483,483,2521,86308117dd6451bfe51dff6f89c69a5a86a7ee0aae853a6cc238fa7b8a1e14bb,2521,36a8219ce8fc656da45af5ce12b860ff309304788f378de8667cd61708b0832c,2.5910461110001393e-08
d03E,140161d99a424b2d367d4c07c1b00a91c1d35713406c144e33003cf551109d48,140161d99a424b2d367d4c07c1b00a91c1d35713406c144e33003cf551109d48:484,484,2521,18ac7666ee0135cc2de66f4b1904ed01e567fd7e7137c03403d7b0a02eb4fee3,2521,36a8219ce8fc656da45af5ce12b860ff309304788f378de8667cd61708b0832c,2.977953506011488e-08
d03E,140161d99a424b2d367d4c07c1b00a91c1d35713406c144e33003cf551109d48,140161d99a424b2d367d4c07c1b00a91c1d35713406c144e33003cf551109d48:485,485,2521,d3f649cde00b0c333522cc6344df9fa64f4c8130881f31f7244c7a9a0a8d22a7,2521,36a8219ce8fc656da45af5ce12b860ff309304788f378de8667cd61708b0832c,2.5910461110001393e-08
d03E,140161d99a424b2d367d4c07c1b00a91c1d35713406c144e33003cf551109d48,140161d99a424b2d367d4c07c1b00a91c1d35713406c144e33003cf551109d48:486,486,2521,27e2e98b4f3fad5f3961d9ed95ff6ef59ccad1c8bb3c6e9d33f8984cf4ca7b94,2521,36a8219ce8fc656da45af5ce12b860ff309304788f378de8667cd61708b0832c,2.977953506011488e-08
d03E,140161d99a424b2d367d4c07c1b00a91c1d35713406c144e33003cf551109d48,140161d99a424b2d367d4c07c1b00a91c1d35713406c144e33003cf551109d48:487,487,2521,c912130a88df7a06b4dae9a6892ccddab978b2039e4916ab89231fe2df95598d,2521,36a8219ce8fc656da45af5ce12b860ff309304788f378de8667cd61708b0832c,2.5910461110001393e-08
d03E,140161d99a424b2d367d4c07c1b00a91c1d35713406c144e33003cf551109d48,140161d99a424b2d367d4c07c1b00a91c1d35713406c144e33003cf551109d48:488,488,2521,ad4e00138d2b2975550d0fa0ef3b7aabe31bddc488f275e48e161aba8c3d912a,2521,36a8219ce8fc656da45af5ce12b860ff309304788f378de8667cd61708b0832c,2.5910461110001393e-08
d03E,140161d99a424b2d367d4c07c1b00a91c1d35713406c144e33003cf551109d48,140161d99a424b2d367d4c07c1b00a91c1d35713406c144e33003cf551109d48:489,489,2521,918df697ac1b5b03fe318b93ba70a66e6b3658346f3ab9d5c0bc435d8f8df3fc,2521,36a8219ce8fc656da45af5ce12b860ff309304788f378de8667cd61708b0832c,3.456494512832364e-08
d03E,140161d99a424b2d367d4c07c1b00a91c1d35713406c144e33003cf551109d48,140161d99a424b2d367d4c07c1b00a91c1d35713406c144e33003cf551109d48:490,490,2525,b0f685d1add651fcf73bb22fb7ed1474df2b39b965a34735e84ac2aa041e83c2,2525,7fe816be350efdb823ac555eb57041555fdc504478cf3722c5af57f31a188c8a,1.1581931413928714e-08
d03E,140161d99a424b2d367d4c07c1b00a91c1d35713406c144e33003cf551109d48,140161d99a424b2d367d4c07c1b00a91c1d35713406c144e33003cf551109d48:491,491,2525,6e3f38ce8ac5c4878a5eb871611f883070505dfecee7eb288de614698237b4e0,2525,7fe816be350efdb823ac555eb57041555fdc504478cf3722c5af57f31a188c8a,1.1581931413928714e-08
d03E,140161d99a424b2d367d4c07c1b00a91c1d35713406c144e33003cf551109d48,140161d99a424b2d367d4c07c1b00a91c1d35713406c144e33003cf551109d48:492,492,2525,d732d094fce4cddd3afe8a1fcf27f0d035a65d5d300dd2e9ac0b5de27662444b,2525,7fe816be350efdb823ac555eb57041555fdc504478cf3722c5af57f31a188c8a,2.648309260777637e-08
d03E,140161d99a424b2d367d4c07c1b00a91c1d35713406c144e33003cf551109d48,140161d99a424b2d367d4c07c1b00a91c1d35713406c144e33003cf551109d48:493,493,2525,f1d49c284de6421492ade261007111b8cbe8561ccd4ef2cfefbc9d535d5f8e94,2525,7fe816be350efdb823ac555eb57041555fdc504478cf3722c5af57f31a188c8a,2.2783854247698798e-08
d03E,140161d99a424b2d367d4c07c1b00a91c1d35713406c144e33003cf551109d48,140161d99a424b2d367d4c07c1b00a91c1d35713406c144e33003cf551109d48:494,494,2525,f1d4d7e4a533ebf7c6bf99f91f1f6bb145f4aa2be747e4bd222b09a84df8b7b0,2525,7fe816be350efdb823ac555eb57041555fdc504478cf3722c5af57f31a188c8a,1.552788808645289e-08
d03E,140161d99a424b2d367d4c07c1b00a91c1d35713406c144e33003cf551109d48,140161d99a424b2d367d4c07c1b00a91c1d35713406c144e33003cf551109d48:495,495,2525,29e33d4694fe5488da0b697aef99350745df3c3b9b5034ad226467e2a7b0165b,2525,7fe816be350efdb823ac555eb57041555fdc504478cf3722c5af57f31a188c8a,2.9370209930768e-08
d03E,140161d99a424b2d367d4c07c1b00a91c1d35713406c144e33003cf551109d48,140161d99a424b2d367d4c07c1b00a91c1d35713406c144e33003cf551109d48:496,496,2525,efe2bcbbabd9e2785e9e4551c5c0fee3a5c073c7ce2061e97a50d085b1266721,2525,7fe816be350efdb823ac555eb57041555fdc504478cf3722c5af57f31a188c8a,2.737090643023521e-08
d03E,140161d99a424b2d367d4c07c1b00a91c1d35713406c144e33003cf551109d48,140161d99a424b2d367d4c07c1b00a91c1d35713406c144e33003cf551109d48:497,497,2525,29e33d4694fe5488da0b697aef99350745df3c3b9b5034ad226467e2a7b0165b,2525,7fe816be350efdb823ac555eb57041555fdc504478cf3722c5af57f31a188c8a,2.9370209930768e-08
d03E,140161d99a424b2d367d4c07c1b00a91c1d35713406c144e33003cf551109d48,140161d99a424b2d367d4c07c1b00a91c1d35713406c144e33003cf551109d48:498,498,2525,29e33d4694fe5488da0b697aef99350745df3c3b9b5034ad226467e2a7b0165b,2525,7fe816be350efdb823ac555eb57041555fdc504478cf3722c5af57f31a188c8a,2.9370209930768e-08
d03E,140161d99a424b2d367d4c07c1b00a91c1d35713406c144e33003cf551109d48,140161d99a424b2d367d4c07c1b00a91c1d35713406c144e33003cf551109d48:499,499,2549,9e44fc5b5829109e3fca321d180b3d2f4e7fa32341738f5b16ccf3d7db01fa36,2549,bfdfdf670476bcc4e65e3b1dc92c10b13366358bce0e5debe5a1feeb2853fb0e,2.2919592668202426e-08
d03E,140161d99a424b2d367d4c07c1b00a91c1d35713406c144e33003cf551109d48,140161d99a424b2d367d4c07c1b00a91c1d35713406c144e33003cf551109d48:500,500,2572,c2dc4d6968676877d93ac92151f4f207de2a5b72465fd392749c3e08e4358b08,2572,1270844538aca407edbcf92f611121bbd1f1d9f2e8f72bf447ec4f18d22bdba0,2.256162534575168e-08
d03E,140161d99a424b2d367d4c07c1b00a91c1d35713406c144e33003cf551109d48,140161d99a424b2d367d4c07c1b00a91c1d35713406c144e33003cf551109d48:501,501,2572,8862881a7460155a032a7c038929946ded27314150d1e41e31c5281d5763dd80,2572,1270844538aca407edbcf92f611121bbd1f1d9f2e8f72bf447ec4f18d22bdba0,2.214185823579129e-08
d03E,140161d99a424b2d367d4c07c1b00a91c1d35713406c144e33003cf551109d48,140161d99a424b2d367d4c07c1b00a91c1d35713406c144e33003cf551109d48:502,502,2646,dbaaf84f8093d8796c506fee98d0a9fcf39e114f25ac815801dd0ca1dc0ab04b,2646,48f75161e199c5b47ba9647937ae668752e77df5ce452464af6629f4f414a861,2.274798749368756e-08
d03E,140161d99a424b2d367d4c07c1b00a91c1d35713406c144e33003cf551109d48,140161d99a424b2d367d4c07c1b00a91c1d35713406c144e33003cf551109d48:503,503,2646,36941deeca3c38cfa357c4f21f2cd540cf016754403f15d7924d7b5b532eb1e4,2646,48f75161e199c5b47ba9647937ae668752e77df5ce452464af6629f4f414a861,2.462237880251905e-08
d03E,140161d99a424b2d367d4c07c1b00a91c1d35713406c144e33003cf551109d48,140161d99a424b2d367d4c07c1b00a91c1d35713406c144e33003cf551109d48:504,504,2646,5b8bf6b53d291a4a0e2042f512349c0c63f138fb93a5b2934eb6fffb8618d46c,2646,48f75161e199c5b47ba9647937ae668752e77df5ce452464af6629f4f414a861,2.274798749368756e-08
d03E,140161d99a424b2d367d4c07c1b00a91c1d35713406c144e33003cf551109d48,140161d99a424b2d367d4c07c1b00a91c1d35713406c144e33003cf551109d48:505,505,2646,0dd256ca30aba26e015f8fe975c409acccb6e8e591364116865d1b1e81735b80,2646,48f75161e199c5b47ba9647937ae668752e77df5ce452464af6629f4f414a861,2.2090556495157898e-08
d03E,140161d99a424b2d367d4c07c1b00a91c1d35713406c144e33003cf551109d48,140161d99a424b2d367d4c07c1b00a91c1d35713406c144e33003cf551109d48:506,506,2646,36941deeca3c38cfa357c4f21f2cd540cf016754403f15d7924d7b5b532eb1e4,2646,48f75161e199c5b47ba9647937ae668752e77df5ce452464af6629f4f414a861,2.462237880251905e-08
d03E,140161d99a424b2d367d4c07c1b00a91c1d35713406c144e33003cf551109d48,140161d99a424b2d367d4c07c1b00a91c1d35713406c144e33003cf551109d48:507,507,2646,5b8bf6b53d291a4a0e2042f512349c0c63f138fb93a5b2934eb6fffb8618d46c,2646,48f75161e199c5b47ba9647937ae668752e77df5ce452464af6629f4f414a861,2.274798749368756e-08
d03E,140161d99a424b2d367d4c07c1b00a91c1d35713406c144e33003cf551109d48,140161d99a424b2d367d4c07c1b00a91c1d35713406c144e33003cf551109d48:508,508,2646,0dd256ca30aba26e015f8fe975c409acccb6e8e591364116865d1b1e81735b80,2646,48f75161e199c5b47ba9647937ae668752e77df5ce452464af6629f4f414a861,2.2090556495157898e-08
d03E,140161d99a424b2d367d4c07c1b00a91c1d35713406c144e33003cf551109d48,140161d99a424b2d367d4c07c1b00a91c1d35713406c144e33003cf551109d48:509,509,2646,dbaaf84f8093d8796c506fee98d0a9fcf39e114f25ac815801dd0ca1dc0ab04b,2646,48f75161e199c5b47ba9647937ae668752e77df5ce452464af6629f4f414a861,2.274798749368756e-08
d03E,140161d99a424b2d367d4c07c1b00a91c1d35713406c144e33003cf551109d48,140161d99a424b2d367d4c07c1b00a91c1d35713406c144e33003cf551109d48:510,510,2646,36941deeca3c38cfa357c4f21f2cd540cf016754403f15d7924d7b5b532eb1e4,2646,48f75161e199c5b47ba9647937ae668752e77df5ce452464af6629f4f414a861,2.462237880251905e-08
d03E,140161d99a424b2d367d4c07c1b00a91c1d35713406c144e33003cf551109d48,140161d99a424b2d367d4c07c1b00a91c1d35713406c144e33003cf551109d48:511,511,2646,fcaed53cc0117c8ac66da14204987648e665c68e281fc491fec2b6dd63b615aa,2646,48f75161e199c5b47ba9647937ae668752e77df5ce452464af6629f4f414a861,2.462237880251905e-08
d03E,140161d99a424b2d367d4c07c1b00a91c1d35713406c144e33003cf551109d48,140161d99a424b2d367d4c07c1b00a91c1d35713406c144e33003cf551109d48:512,512,2646,5b8bf6b53d291a4a0e2042f512349c0c63f138fb93a5b2934eb6fffb8618d46c,2646,48f75161e199c5b47ba9647937ae668752e77df5ce452464af6629f4f414a861,2.274798749368756e-08
d03E,140161d99a424b2d367d4c07c1b00a91c1d35713406c144e33003cf551109d48,140161d99a424b2d367d4c07c1b00a91c1d35713406c144e33003cf551109d48:513,513,2646,71b4be50c9455ec72768dbb497705536495a7571f986fb4515f2ad00ce74b22e,2646,48f75161e199c5b47ba9647937ae668752e77df5ce452464af6629f4f414a861,2.274798749368756e-08
d03E,140161d99a424b2d367d4c07c1b00a91c1d35713406c144e33003cf551109d48,140161d99a424b2d367d4c07c1b00a91c1d35713406c144e33003cf551109d48:514,514,2646,f2bdcc1b54a32368803ad870397a4d25f76d6711539fea0429242d6e71800166,2646,48f75161e199c5b47ba9647937ae668752e77df5ce452464af6629f4f414a861,2.5225242672455295e-08
d03E,140161d99a424b2d367d4c07c1b00a91c1d35713406c144e33003cf551109d48,140161d99a424b2d367d4c07c1b00a91c1d35713406c144e33003cf551109d48:515,515,2646,926ccc5a1e9b9baf22a43e539230f438e2f0ed02219bcba47df0391bd3e77ac3,2646,48f75161e199c5b47ba9647937ae668752e77df5ce452464af6629f4f414a861,1.575295061062576e-08
d03E,140161d99a424b2d367d4c07c1b00a91c1d35713406c144e33003cf551109d48,140161d99a424b2d367d4c07c1b00a91c1d35713406c144e33003cf551109d48:516,516,2646,0dd256ca30aba26e015f8fe975c409acccb6e8e591364116865d1b1e81735b80,2646,48f75161e199c5b47ba9647937ae668752e77df5ce452464af6629f4f414a861,2.2090556495157898e-08
d03E,140161d99a424b2d367d4c07c1b00a91c1d35713406c144e33003cf551109d48,140161d99a424b2d367d4c07c1b00a91c1d35713406c144e33003cf551109d48:517,517,2646,aa291714429afa75b0f697fa008e3ce9e33463b2555970c8a90dd2969d82211c,2646,48f75161e199c5b47ba9647937ae668752e77df5ce452464af6629f4f414a861,1.2630524182100089e-08
d03E,140161d99a424b2d367d4c07c1b00a91c1d35713406c144e33003cf551109d48,140161d99a424b2d367d4c07c1b00a91c1d35713406c144e33003cf551109d48:518,518,2646,2c2250b6e256b840b89bc2373b83417b160b3471ea07935687f69112d0024900,2646,48f75161e199c5b47ba9647937ae668752e77df5ce452464af6629f4f414a861,2.462237880251905e-08
d03E,140161d99a424b2d367d4c07c1b00a91c1d35713406c144e33003cf551109d48,140161d99a424b2d367d4c07c1b00a91c1d35713406c144e33003cf551109d48:519,519,2646,dbaaf84f8093d8796c506fee98d0a9fcf39e114f25ac815801dd0ca1dc0ab04b,2646,48f75161e199c5b47ba9647937ae668752e77df5ce452464af6629f4f414a861,2.274798749368756e-08
d03E,140161d99a424b2d367d4c07c1b00a91c1d35713406c144e33003cf551109d48,140161d99a424b2d367d4c07c1b00a91c1d35713406c144e33003cf551109d48:520,520,2646,36941deeca3c38cfa357c4f21f2cd540cf016754403f15d7924d7b5b532eb1e4,2646,48f75161e199c5b47ba9647937ae668752e77df5ce452464af6629f4f414a861,2.462237880251905e-08
d03E,140161d99a424b2d367d4c07c1b00a91c1d35713406c144e33003cf551109d48,140161d99a424b2d367d4c07c1b00a91c1d35713406c144e33003cf551109d48:521,521,2646,fcaed53cc0117c8ac66da14204987648e665c68e281fc491fec2b6dd63b615aa,2646,48f75161e199c5b47ba9647937ae668752e77df5ce452464af6629f4f414a861,2.462237880251905e-08
d03E,140161d99a424b2d367d4c07c1b00a91c1d35713406c144e33003cf551109d48,140161d99a424b2d367d4c07c1b00a91c1d35713406c144e33003cf551109d48:522,522,2646,5b8bf6b53d291a4a0e2042f512349c0c63f138fb93a5b2934eb6fffb8618d46c,2646,48f75161e199c5b47ba9647937ae668752e77df5ce452464af6629f4f414a861,2.274798749368756e-08
d03E,140161d99a424b2d367d4c07c1b00a91c1d35713406c144e33003cf551109d48,140161d99a424b2d367d4c07c1b00a91c1d35713406c144e33003cf551109d48:523,523,2646,71b4be50c9455ec72768dbb497705536495a7571f986fb4515f2ad00ce74b22e,2646,48f75161e199c5b47ba9647937ae668752e77df5ce452464af6629f4f414a861,2.274798749368756e-08
d03E,140161d99a424b2d367d4c07c1b00a91c1d35713406c144e33003cf551109d48,140161d99a424b2d367d4c07c1b00a91c1d35713406c144e33003cf551109d48:524,524,2646,f2bdcc1b54a32368803ad870397a4d25f76d6711539fea0429242d6e71800166,2646,48f75161e199c5b47ba9647937ae668752e77df5ce452464af6629f4f414a861,2.5225242672455295e-08
d03E,140161d99a424b2d367d4c07c1b00a91c1d35713406c144e33003cf551109d48,140161d99a424b2d367d4c07c1b00a91c1d35713406c144e33003cf551109d48:525,525,2646,0dd256ca30aba26e015f8fe975c409acccb6e8e591364116865d1b1e81735b80,2646,48f75161e199c5b47ba9647937ae668752e77df5ce452464af6629f4f414a861,2.2090556495157898e-08
d03E,140161d99a424b2d367d4c07c1b00a91c1d35713406c144e33003cf551109d48,140161d99a424b2d367d4c07c1b00a91c1d35713406c144e33003cf551109d48:526,526,2646,aa291714429afa75b0f697fa008e3ce9e33463b2555970c8a90dd2969d82211c,2646,48f75161e199c5b47ba9647937ae668752e77df5ce452464af6629f4f414a861,1.2630524182100089e-08
d03E,140161d99a424b2d367d4c07c1b00a91c1d35713406c144e33003cf551109d48,140161d99a424b2d367d4c07c1b00a91c1d35713406c144e33003cf551109d48:527,527,2646,2c2250b6e256b840b89bc2373b83417b160b3471ea07935687f69112d0024900,2646,48f75161e199c5b47ba9647937ae668752e77df5ce452464af6629f4f414a861,2.462237880251905e-08
d03E,140161d99a424b2d367d4c07c1b00a91c1d35713406c144e33003cf551109d48,140161d99a424b2d367d4c07c1b00a91c1d35713406c144e33003cf551109d48:528,528,2646,dbaaf84f8093d8796c506fee98d0a9fcf39e114f25ac815801dd0ca1dc0ab04b,2646,48f75161e199c5b47ba9647937ae668752e77df5ce452464af6629f4f414a861,2.274798749368756e-08
d03E,140161d99a424b2d367d4c07c1b00a91c1d35713406c144e33003cf551109d48,140161d99a424b2d367d4c07c1b00a91c1d35713406c144e33003cf551109d48:529,529,2646,36941deeca3c38cfa357c4f21f2cd540cf016754403f15d7924d7b5b532eb1e4,2646,48f75161e199c5b47ba9647937ae668752e77df5ce452464af6629f4f414a861,2.462237880251905e-08
d03E,140161d99a424b2d367d4c07c1b00a91c1d35713406c144e33003cf551109d48,140161d99a424b2d367d4c07c1b00a91c1d35713406c144e33003cf551109d48:530,530,2646,fcaed53cc0117c8ac66da14204987648e665c68e281fc491fec2b6dd63b615aa,2646,48f75161e199c5b47ba9647937ae668752e77df5ce452464af6629f4f414a861,2.462237880251905e-08
d03E,140161d99a424b2d367d4c07c1b00a91c1d35713406c144e33003cf551109d48,140161d99a424b2d367d4c07c1b00a91c1d35713406c144e33003cf551109d48:531,531,2646,5b8bf6b53d291a4a0e2042f512349c0c63f138fb93a5b2934eb6fffb8618d46c,2646,48f75161e199c5b47ba9647937ae668752e77df5ce452464af6629f4f414a861,2.274798749368756e-08
d03E,140161d99a424b2d367d4c07c1b00a91c1d35713406c144e33003cf551109d48,140161d99a424b2d367d4c07c1b00a91c1d35713406c144e33003cf551109d48:532,532,2646,71b4be50c9455ec72768dbb497705536495a7571f986fb4515f2ad00ce74b22e,2646,48f75161e199c5b47ba9647937ae668752e77df5ce452464af6629f4f414a861,2.274798749368756e-08
d03E,140161d99a424b2d367d4c07c1b00a91c1d35713406c144e33003cf551109d48,140161d99a424b2d367d4c07c1b00a91c1d35713406c144e33003cf551109d48:533,533,2646,f2bdcc1b54a32368803ad870397a4d25f76d6711539fea0429242d6e71800166,2646,48f75161e199c5b47ba9647937ae668752e77df5ce452464af6629f4f414a861,2.5225242672455295e-08
d03E,140161d99a424b2d367d4c07c1b00a91c1d35713406c144e33003cf551109d48,140161d99a424b2d367d4c07c1b00a91c1d35713406c144e33003cf551109d48:534,534,2646,0dd256ca30aba26e015f8fe975c409acccb6e8e591364116865d1b1e81735b80,2646,48f75161e199c5b47ba9647937ae668752e77df5ce452464af6629f4f414a861,2.2090556495157898e-08
d03E,140161d99a424b2d367d4c07c1b00a91c1d35713406c144e33003cf551109d48,140161d99a424b2d367d4c07c1b00a91c1d35713406c144e33003cf551109d48:535,535,2646,aa291714429afa75b0f697fa008e3ce9e33463b2555970c8a90dd2969d82211c,2646,48f75161e199c5b47ba9647937ae668752e77df5ce452464af6629f4f414a861,1.2630524182100089e-08
d03E,140161d99a424b2d367d4c07c1b00a91c1d35713406c144e33003cf551109d48,140161d99a424b2d367d4c07c1b00a91c1d35713406c144e33003cf551109d48:536,536,2646,825120388f2cdf621e16f8684a89c4761939adf2d8b907cec93131ea1ad3a112,2646,48f75161e199c5b47ba9647937ae668752e77df5ce452464af6629f4f414a861,2.5680786386317322e-08
d03E,140161d99a424b2d367d4c07c1b00a91c1d35713406c144e33003cf551109d48,140161d99a424b2d367d4c07c1b00a91c1d35713406c144e33003cf551109d48:537,537,2646,fcc393fe9208198227db40d32b483799a0bb0733f614564fcc5bc2adcb2c9df0,2646,48f75161e199c5b47ba9647937ae668752e77df5ce452464af6629f4f414a861,2.274798749368756e-08
d03E,140161d99a424b2d367d4c07c1b00a91c1d35713406c144e33003cf551109d48,140161d99a424b2d367d4c07c1b00a91c1d35713406c144e33003cf551109d48:538,538,2646,ca856c4b6f1eed7dee3bd631a9c2301b50bb845bae260872d0118e4d5d37b277,2646,48f75161e199c5b47ba9647937ae668752e77df5ce452464af6629f4f414a861,2.0081104779023917e-08
d03E,140161d99a424b2d367d4c07c1b00a91c1d35713406c144e33003cf551109d48,140161d99a424b2d367d4c07c1b00a91c1d35713406c144e33003cf551109d48:539,539,2646,36941deeca3c38cfa357c4f21f2cd540cf016754403f15d7924d7b5b532eb1e4,2646,48f75161e199c5b47ba9647937ae668752e77df5ce452464af6629f4f414a861,2.462237880251905e-08
d03E,140161d99a424b2d367d4c07c1b00a91c1d35713406c144e33003cf551109d48,140161d99a424b2d367d4c07c1b00a91c1d35713406c144e33003cf551109d48:540,540,2646,fcaed53cc0117c8ac66da14204987648e665c68e281fc491fec2b6dd63b615aa,2646,48f75161e199c5b47ba9647937ae668752e77df5ce452464af6629f4f414a861,2.462237880251905e-08
d03E,140161d99a424b2d367d4c07c1b00a91c1d35713406c144e33003cf551109d48,140161d99a424b2d367d4c07c1b00a91c1d35713406c144e33003cf551109d48:541,541,2646,32bdf5053f825ee891668be7313d0b17575df9d22774e45bb3be67b8cb03e963,2646,48f75161e199c5b47ba9647937ae668752e77df5ce452464af6629f4f414a861,2.274798749368756e-08
d03E,140161d99a424b2d367d4c07c1b00a91c1d35713406c144e33003cf551109d48,140161d99a424b2d367d4c07c1b00a91c1d35713406c144e33003cf551109d48:542,542,2646,d524f609f4e48c8bbe3a88c79d2ded02fc044cbd97b92983875ffdd8fea34ba3,2646,48f75161e199c5b47ba9647937ae668752e77df5ce452464af6629f4f414a861,2.274798749368756e-08
d03E,140161d99a424b2d367d4c07c1b00a91c1d35713406c144e33003cf551109d48,140161d99a424b2d367d4c07c1b00a91c1d35713406c144e33003cf551109d48:543,543,2646,9ca32b557e1ac38adc1c5d49b12e0b1e7af08c7c3c04eaf3072b89ec107dd2d7,2646,48f75161e199c5b47ba9647937ae668752e77df5ce452464af6629f4f414a861,2.274798749368756e-08
d03E,140161d99a424b2d367d4c07c1b00a91c1d35713406c144e33003cf551109d48,140161d99a424b2d367d4c07c1b00a91c1d35713406c144e33003cf551109d48:544,544,2646,5b8bf6b53d291a4a0e2042f512349c0c63f138fb93a5b2934eb6fffb8618d46c,2646,48f75161e199c5b47ba9647937ae668752e77df5ce452464af6629f4f414a861,2.274798749368756e-08
d03E,140161d99a424b2d367d4c07c1b00a91c1d35713406c144e33003cf551109d48,140161d99a424b2d367d4c07c1b00a91c1d35713406c144e33003cf551109d48:545,545,2646,71b4be50c9455ec72768dbb497705536495a7571f986fb4515f2ad00ce74b22e,2646,48f75161e199c5b47ba9647937ae668752e77df5ce452464af6629f4f414a861,2.274798749368756e-08
d03E,140161d99a424b2d367d4c07c1b00a91c1d35713406c144e33003cf551109d48,140161d99a424b2d367d4c07c1b00a91c1d35713406c144e33003cf551109d48:546,546,2646,f2bdcc1b54a32368803ad870397a4d25f76d6711539fea0429242d6e71800166,2646,48f75161e199c5b47ba9647937ae668752e77df5ce452464af6629f4f414a861,2.5225242672455295e-08
d03E,140161d99a424b2d367d4c07c1b00a91c1d35713406c144e33003cf551109d48,140161d99a424b2d367d4c07c1b00a91c1d35713406c144e33003cf551109d48:547,547,2646,926ccc5a1e9b9baf22a43e539230f438e2f0ed02219bcba47df0391bd3e77ac3,2646,48f75161e199c5b47ba9647937ae668752e77df5ce452464af6629f4f414a861,1.575295061062576e-08
d03E,140161d99a424b2d367d4c07c1b00a91c1d35713406c144e33003cf551109d48,140161d99a424b2d367d4c07c1b00a91c1d35713406c144e33003cf551109d48:548,548,2646,984977070a63aa564160fdcbbe84de8fc47631ef921ac6bd475b9c207c9d9a5e,2646,48f75161e199c5b47ba9647937ae668752e77df5ce452464af6629f4f414a861,1.5297406896763732e-08
d03E,140161d99a424b2d367d4c07c1b00a91c1d35713406c144e33003cf551109d48,140161d99a424b2d367d4c07c1b00a91c1d35713406c144e33003cf551109d48:549,549,2646,6693979931b1e64f0ca10cb3592c969919c39a16bf3d496dbc64f87425b36b4b,2646,48f75161e199c5b47ba9647937ae668752e77df5ce452464af6629f4f414a861,2.7356851450832664e-08
d03E,140161d99a424b2d367d4c07c1b00a91c1d35713406c144e33003cf551109d48,140161d99a424b2d367d4c07c1b00a91c1d35713406c144e33003cf551109d48:550,550,2646,0dd256ca30aba26e015f8fe975c409acccb6e8e591364116865d1b1e81735b80,2646,48f75161e199c5b47ba9647937ae668752e77df5ce452464af6629f4f414a861,2.2090556495157898e-08
d03E,140161d99a424b2d367d4c07c1b00a91c1d35713406c144e33003cf551109d48,140161d99a424b2d367d4c07c1b00a91c1d35713406c144e33003cf551109d48:551,551,2646,a58a2c64781f655c6f02f84557f7a1c677b5e8d9f7932e7f6b87f73438053c50,2646,48f75161e199c5b47ba9647937ae668752e77df5ce452464af6629f4f414a861,1.2630524182100089e-08
d03E,140161d99a424b2d367d4c07c1b00a91c1d35713406c144e33003cf551109d48,140161d99a424b2d367d4c07c1b00a91c1d35713406c144e33003cf551109d48:552,552,2646,aa291714429afa75b0f697fa008e3ce9e33463b2555970c8a90dd2969d82211c,2646,48f75161e199c5b47ba9647937ae668752e77df5ce452464af6629f4f414a861,1.2630524182100089e-08
d03E,140161d99a424b2d367d4c07c1b00a91c1d35713406c144e33003cf551109d48,140161d99a424b2d367d4c07c1b00a91c1d35713406c144e33003cf551109d48:553,553,2646,2c2250b6e256b840b89bc2373b83417b160b3471ea07935687f69112d0024900,2646,48f75161e199c5b47ba9647937ae668752e77df5ce452464af6629f4f414a861,2.462237880251905e-08
d03E,140161d99a424b2d367d4c07c1b00a91c1d35713406c144e33003cf551109d48,140161d99a424b2d367d4c07c1b00a91c1d35713406c144e33003cf551109d48:554,554,2646,36941deeca3c38cfa357c4f21f2cd540cf016754403f15d7924d7b5b532eb1e4,2646,48f75161e199c5b47ba9647937ae668752e77df5ce452464af6629f4f414a861,2.462237880251905e-08
d03E,140161d99a424b2d367d4c07c1b00a91c1d35713406c144e33003cf551109d48,140161d99a424b2d367d4c07c1b00a91c1d35713406c144e33003cf551109d48:555,555,2646,5b8bf6b53d291a4a0e2042f512349c0c63f138fb93a5b2934eb6fffb8618d46c,2646,48f75161e199c5b47ba9647937ae668752e77df5ce452464af6629f4f414a861,2.274798749368756e-08
d03E,140161d99a424b2d367d4c07c1b00a91c1d35713406c144e33003cf551109d48,140161d99a424b2d367d4c07c1b00a91c1d35713406c144e33003cf551109d48:556,556,2646,36941deeca3c38cfa357c4f21f2cd540cf016754403f15d7924d7b5b532eb1e4,2646,48f75161e199c5b47ba9647937ae668752e77df5ce452464af6629f4f414a861,2.462237880251905e-08
d03E,140161d99a424b2d367d4c07c1b00a91c1d35713406c144e33003cf551109d48,140161d99a424b2d367d4c07c1b00a91c1d35713406c144e33003cf551109d48:557,557,2646,5b8bf6b53d291a4a0e2042f512349c0c63f138fb93a5b2934eb6fffb8618d46c,2646,48f75161e199c5b47ba9647937ae668752e77df5ce452464af6629f4f414a861,2.274798749368756e-08
d03E,140161d99a424b2d367d4c07c1b00a91c1d35713406c144e33003cf551109d48,140161d99a424b2d367d4c07c1b00a91c1d35713406c144e33003cf551109d48:558,558,2646,36941deeca3c38cfa357c4f21f2cd540cf016754403f15d7924d7b5b532eb1e4,2646,48f75161e199c5b47ba9647937ae668752e77df5ce452464af6629f4f414a861,2.462237880251905e-08
d03E,140161d99a424b2d367d4c07c1b00a91c1d35713406c144e33003cf551109d48,140161d99a424b2d367d4c07c1b00a91c1d35713406c144e33003cf551109d48:559,559,2646,fcaed53cc0117c8ac66da14204987648e665c68e281fc491fec2b6dd63b615aa,2646,48f75161e199c5b47ba9647937ae668752e77df5ce452464af6629f4f414a861,2.462237880251905e-08
d03E,140161d99a424b2d367d4c07c1b00a91c1d35713406c144e33003cf551109d48,140161d99a424b2d367d4c07c1b00a91c1d35713406c144e33003cf551109d48:560,560,2646,5b8bf6b53d291a4a0e2042f512349c0c63f138fb93a5b2934eb6fffb8618d46c,2646,48f75161e199c5b47ba9647937ae668752e77df5ce452464af6629f4f414a861,2.274798749368756e-08
d03E,140161d99a424b2d367d4c07c1b00a91c1d35713406c144e33003cf551109d48,140161d99a424b2d367d4c07c1b00a91c1d35713406c144e33003cf551109d48:561,561,2646,71b4be50c9455ec72768dbb497705536495a7571f986fb4515f2ad00ce74b22e,2646,48f75161e199c5b47ba9647937ae668752e77df5ce452464af6629f4f414a861,2.274798749368756e-08
d03E,140161d99a424b2d367d4c07c1b00a91c1d35713406c144e33003cf551109d48,140161d99a424b2d367d4c07c1b00a91c1d35713406c144e33003cf551109d48:562,562,2646,f2bdcc1b54a32368803ad870397a4d25f76d6711539fea0429242d6e71800166,2646,48f75161e199c5b47ba9647937ae668752e77df5ce452464af6629f4f414a861,2.5225242672455295e-08
d03E,140161d99a424b2d367d4c07c1b00a91c1d35713406c144e33003cf551109d48,140161d99a424b2d367d4c07c1b00a91c1d35713406c144e33003cf551109d48:563,563,2646,0dd256ca30aba26e015f8fe975c409acccb6e8e591364116865d1b1e81735b80,2646,48f75161e199c5b47ba9647937ae668752e77df5ce452464af6629f4f414a861,2.2090556495157898e-08
d03E,140161d99a424b2d367d4c07c1b00a91c1d35713406c144e33003cf551109d48,140161d99a424b2d367d4c07c1b00a91c1d35713406c144e33003cf551109d48:564,564,2646,aa291714429afa75b0f697fa008e3ce9e33463b2555970c8a90dd2969d82211c,2646,48f75161e199c5b47ba9647937ae668752e77df5ce452464af6629f4f414a861,1.2630524182100089e-08
d03E,140161d99a424b2d367d4c07c1b00a91c1d35713406c144e33003cf551109d48,140161d99a424b2d367d4c07c1b00a91c1d35713406c144e33003cf551109d48:565,565,2646,2c2250b6e256b840b89bc2373b83417b160b3471ea07935687f69112d0024900,2646,48f75161e199c5b47ba9647937ae668752e77df5ce452464af6629f4f414a861,2.462237880251905e-08
d03E,140161d99a424b2d367d4c07c1b00a91c1d35713406c144e33003cf551109d48,140161d99a424b2d367d4c07c1b00a91c1d35713406c144e33003cf551109d48:566,566,2646,36941deeca3c38cfa357c4f21f2cd540cf016754403f15d7924d7b5b532eb1e4,2646,48f75161e199c5b47ba9647937ae668752e77df5ce452464af6629f4f414a861,2.462237880251905e-08
d03E,140161d99a424b2d367d4c07c1b00a91c1d35713406c144e33003cf551109d48,140161d99a424b2d367d4c07c1b00a91c1d35713406c144e33003cf551109d48:567,567,2646,5b8bf6b53d291a4a0e2042f512349c0c63f138fb93a5b2934eb6fffb8618d46c,2646,48f75161e199c5b47ba9647937ae668752e77df5ce452464af6629f4f414a861,2.274798749368756e-08
d03E,140161d99a424b2d367d4c07c1b00a91c1d35713406c144e33003cf551109d48,140161d99a424b2d367d4c07c1b00a91c1d35713406c144e33003cf551109d48:568,568,2646,0dd256ca30aba26e015f8fe975c409acccb6e8e591364116865d1b1e81735b80,2646,48f75161e199c5b47ba9647937ae668752e77df5ce452464af6629f4f414a861,2.2090556495157898e-08
d03E,140161d99a424b2d367d4c07c1b00a91c1d35713406c144e33003cf551109d48,140161d99a424b2d367d4c07c1b00a91c1d35713406c144e33003cf551109d48:569,569,2646,aa291714429afa75b0f697fa008e3ce9e33463b2555970c8a90dd2969d82211c,2646,48f75161e199c5b47ba9647937ae668752e77df5ce452464af6629f4f414a861,1.2630524182100089e-08
d03E,140161d99a424b2d367d4c07c1b00a91c1d35713406c144e33003cf551109d48,140161d99a424b2d367d4c07c1b00a91c1d35713406c144e33003cf551109d48:570,570,2646,36941deeca3c38cfa357c4f21f2cd540cf016754403f15d7924d7b5b532eb1e4,2646,48f75161e199c5b47ba9647937ae668752e77df5ce452464af6629f4f414a861,2.462237880251905e-08
d03E,140161d99a424b2d367d4c07c1b00a91c1d35713406c144e33003cf551109d48,140161d99a424b2d367d4c07c1b00a91c1d35713406c144e33003cf551109d48:571,571,2646,fcaed53cc0117c8ac66da14204987648e665c68e281fc491fec2b6dd63b615aa,2646,48f75161e199c5b47ba9647937ae668752e77df5ce452464af6629f4f414a861,2.462237880251905e-08
d03E,140161d99a424b2d367d4c07c1b00a91c1d35713406c144e33003cf551109d48,140161d99a424b2d367d4c07c1b00a91c1d35713406c144e33003cf551109d48:572,572,2646,5b8bf6b53d291a4a0e2042f512349c0c63f138fb93a5b2934eb6fffb8618d46c,2646,48f75161e199c5b47ba9647937ae668752e77df5ce452464af6629f4f414a861,2.274798749368756e-08
d03E,140161d99a424b2d367d4c07c1b00a91c1d35713406c144e33003cf551109d48,140161d99a424b2d367d4c07c1b00a91c1d35713406c144e33003cf551109d48:573,573,2646,71b4be50c9455ec72768dbb497705536495a7571f986fb4515f2ad00ce74b22e,2646,48f75161e199c5b47ba9647937ae668752e77df5ce452464af6629f4f414a861,2.274798749368756e-08
d03E,140161d99a424b2d367d4c07c1b00a91c1d35713406c144e33003cf551109d48,140161d99a424b2d367d4c07c1b00a91c1d35713406c144e33003cf551109d48:574,574,2646,f2bdcc1b54a32368803ad870397a4d25f76d6711539fea0429242d6e71800166,2646,48f75161e199c5b47ba9647937ae668752e77df5ce452464af6629f4f414a861,2.5225242672455295e-08
d03E,140161d99a424b2d367d4c07c1b00a91c1d35713406c144e33003cf551109d48,140161d99a424b2d367d4c07c1b00a91c1d35713406c144e33003cf551109d48:575,575,2646,0dd256ca30aba26e015f8fe975c409acccb6e8e591364116865d1b1e81735b80,2646,48f75161e199c5b47ba9647937ae668752e77df5ce452464af6629f4f414a861,2.2090556495157898e-08
d03E,140161d99a424b2d367d4c07c1b00a91c1d35713406c144e33003cf551109d48,140161d99a424b2d367d4c07c1b00a91c1d35713406c144e33003cf551109d48:576,576,2646,aa291714429afa75b0f697fa008e3ce9e33463b2555970c8a90dd2969d82211c,2646,48f75161e199c5b47ba9647937ae668752e77df5ce452464af6629f4f414a861,1.2630524182100089e-08
d03E,140161d99a424b2d367d4c07c1b00a91c1d35713406c144e33003cf551109d48,140161d99a424b2d367d4c07c1b00a91c1d35713406c144e33003cf551109d48:577,577,2646,fcaed53cc0117c8ac66da14204987648e665c68e281fc491fec2b6dd63b615aa,2646,48f75161e199c5b47ba9647937ae668752e77df5ce452464af6629f4f414a861,2.462237880251905e-08
d03E,140161d99a424b2d367d4c07c1b00a91c1d35713406c144e33003cf551109d48,140161d99a424b2d367d4c07c1b00a91c1d35713406c144e33003cf551109d48:578,578,2646,ef017e7778db6df2fc702c8598bbf38183fde39cea95d02817bc11bd653a6fea,2646,48f75161e199c5b47ba9647937ae668752e77df5ce452464af6629f4f414a861,2.274798749368756e-08
d03E,140161d99a424b2d367d4c07c1b00a91c1d35713406c144e33003cf551109d48,140161d99a424b2d367d4c07c1b00a91c1d35713406c144e33003cf551109d48:579,579,2646,516e86b9e7dbd5ae0c97181e0d5fffd940f281cbb9df8f8fcd6bed00ecae782c,2646,48f75161e199c5b47ba9647937ae668752e77df5ce452464af6629f4f414a861,2.501171314506223e-08
d03E,140161d99a424b2d367d4c07c1b00a91c1d35713406c144e33003cf551109d48,140161d99a424b2d367d4c07c1b00a91c1d35713406c144e33003cf551109d48:580,580,2646,32bdf5053f825ee891668be7313d0b17575df9d22774e45bb3be67b8cb03e963,2646,48f75161e199c5b47ba9647937ae668752e77df5ce452464af6629f4f414a861,2.274798749368756e-08
d03E,140161d99a424b2d367d4c07c1b00a91c1d35713406c144e33003cf551109d48,140161d99a424b2d367d4c07c1b00a91c1d35713406c144e33003cf551109d48:581,581,2646,d524f609f4e48c8bbe3a88c79d2ded02fc044cbd97b92983875ffdd8fea34ba3,2646,48f75161e199c5b47ba9647937ae668752e77df5ce452464af6629f4f414a861,2.274798749368756e-08
d03E,140161d99a424b2d367d4c07c1b00a91c1d35713406c144e33003cf551109d48,140161d99a424b2d367d4c07c1b00a91c1d35713406c144e33003cf551109d48:582,582,2646,9ca32b557e1ac38adc1c5d49b12e0b1e7af08c7c3c04eaf3072b89ec107dd2d7,2646,48f75161e199c5b47ba9647937ae668752e77df5ce452464af6629f4f414a861,2.274798749368756e-08
d03E,140161d99a424b2d367d4c07c1b00a91c1d35713406c144e33003cf551109d48,140161d99a424b2d367d4c07c1b00a91c1d35713406c144e33003cf551109d48:583,583,2646,5b8bf6b53d291a4a0e2042f512349c0c63f138fb93a5b2934eb6fffb8618d46c,2646,48f75161e199c5b47ba9647937ae668752e77df5ce452464af6629f4f414a861,2.274798749368756e-08
d03E,140161d99a424b2d367d4c07c1b00a91c1d35713406c144e33003cf551109d48,140161d99a424b2d367d4c07c1b00a91c1d35713406c144e33003cf551109d48:584,584,2646,71b4be50c9455ec72768dbb497705536495a7571f986fb4515f2ad00ce74b22e,2646,48f75161e199c5b47ba9647937ae668752e77df5ce452464af6629f4f414a861,2.274798749368756e-08
d03E,140161d99a424b2d367d4c07c1b00a91c1d35713406c144e33003cf551109d48,140161d99a424b2d367d4c07c1b00a91c1d35713406c144e33003cf551109d48:585,585,2646,f2bdcc1b54a32368803ad870397a4d25f76d6711539fea0429242d6e71800166,2646,48f75161e199c5b47ba9647937ae668752e77df5ce452464af6629f4f414a861,2.5225242672455295e-08
d03E,140161d99a424b2d367d4c07c1b00a91c1d35713406c144e33003cf551109d48,140161d99a424b2d367d4c07c1b00a91c1d35713406c144e33003cf551109d48:586,586,2646,926ccc5a1e9b9baf22a43e539230f438e2f0ed02219bcba47df0391bd3e77ac3,2646,48f75161e199c5b47ba9647937ae668752e77df5ce452464af6629f4f414a861,1.575295061062576e-08
d03E,140161d99a424b2d367d4c07c1b00a91c1d35713406c144e33003cf551109d48,140161d99a424b2d367d4c07c1b00a91c1d35713406c144e33003cf551109d48:587,587,2646,984977070a63aa564160fdcbbe84de8fc47631ef921ac6bd475b9c207c9d9a5e,2646,48f75161e199c5b47ba9647937ae668752e77df5ce452464af6629f4f414a861,1.5297406896763732e-08
d03E,140161d99a424b2d367d4c07c1b00a91c1d35713406c144e33003cf551109d48,140161d99a424b2d367d4c07c1b00a91c1d35713406c144e33003cf551109d48:588,588,2646,6693979931b1e64f0ca10cb3592c969919c39a16bf3d496dbc64f87425b36b4b,2646,48f75161e199c5b47ba9647937ae668752e77df5ce452464af6629f4f414a861,2.7356851450832664e-08
d03E,140161d99a424b2d367d4c07c1b00a91c1d35713406c144e33003cf551109d48,140161d99a424b2d367d4c07c1b00a91c1d35713406c144e33003cf551109d48:589,589,2646,0dd256ca30aba26e015f8fe975c409acccb6e8e591364116865d1b1e81735b80,2646,48f75161e199c5b47ba9647937ae668752e77df5ce452464af6629f4f414a861,2.2090556495157898e-08
d03E,140161d99a424b2d367d4c07c1b00a91c1d35713406c144e33003cf551109d48,140161d99a424b2d367d4c07c1b00a91c1d35713406c144e33003cf551109d48:590,590,2646,a58a2c64781f655c6f02f84557f7a1c677b5e8d9f7932e7f6b87f73438053c50,2646,48f75161e199c5b47ba9647937ae668752e77df5ce452464af6629f4f414a861,1.2630524182100089e-08
d03E,140161d99a424b2d367d4c07c1b00a91c1d35713406c144e33003cf551109d48,140161d99a424b2d367d4c07c1b00a91c1d35713406c144e33003cf551109d48:591,591,2646,aa291714429afa75b0f697fa008e3ce9e33463b2555970c8a90dd2969d82211c,2646,48f75161e199c5b47ba9647937ae668752e77df5ce452464af6629f4f414a861,1.2630524182100089e-08
d03E,140161d99a424b2d367d4c07c1b00a91c1d35713406c144e33003cf551109d48,140161d99a424b2d367d4c07c1b00a91c1d35713406c144e33003cf551109d48:592,592,2646,2c2250b6e256b840b89bc2373b83417b160b3471ea07935687f69112d0024900,2646,48f75161e199c5b47ba9647937ae668752e77df5ce452464af6629f4f414a861,2.462237880251905e-08
d03E,140161d99a424b2d367d4c07c1b00a91c1d35713406c144e33003cf551109d48,140161d99a424b2d367d4c07c1b00a91c1d35713406c144e33003cf551109d48:593,593,2646,32bdf5053f825ee891668be7313d0b17575df9d22774e45bb3be67b8cb03e963,2646,48f75161e199c5b47ba9647937ae668752e77df5ce452464af6629f4f414a861,2.274798749368756e-08
d03E,140161d99a424b2d367d4c07c1b00a91c1d35713406c144e33003cf551109d48,140161d99a424b2d367d4c07c1b00a91c1d35713406c144e33003cf551109d48:594,594,2646,9ca32b557e1ac38adc1c5d49b12e0b1e7af08c7c3c04eaf3072b89ec107dd2d7,2646,48f75161e199c5b47ba9647937ae668752e77df5ce452464af6629f4f414a861,2.274798749368756e-08
d03E,140161d99a424b2d367d4c07c1b00a91c1d35713406c144e33003cf551109d48,140161d99a424b2d367d4c07c1b00a91c1d35713406c144e33003cf551109d48:595,595,2646,5b8bf6b53d291a4a0e2042f512349c0c63f138fb93a5b2934eb6fffb8618d46c,2646,48f75161e199c5b47ba9647937ae668752e77df5ce452464af6629f4f414a861,2.274798749368756e-08
d03E,140161d99a424b2d367d4c07c1b00a91c1d35713406c144e33003cf551109d48,140161d99a424b2d367d4c07c1b00a91c1d35713406c144e33003cf551109d48:596,596,2646,71b4be50c9455ec72768dbb497705536495a7571f986fb4515f2ad00ce74b22e,2646,48f75161e199c5b47ba9647937ae668752e77df5ce452464af6629f4f414a861,2.274798749368756e-08
d03E,140161d99a424b2d367d4c07c1b00a91c1d35713406c144e33003cf551109d48,140161d99a424b2d367d4c07c1b00a91c1d35713406c144e33003cf551109d48:597,597,2646,f2bdcc1b54a32368803ad870397a4d25f76d6711539fea0429242d6e71800166,2646,48f75161e199c5b47ba9647937ae668752e77df5ce452464af6629f4f414a861,2.5225242672455295e-08
d03E,140161d99a424b2d367d4c07c1b00a91c1d35713406c144e33003cf551109d48,140161d99a424b2d367d4c07c1b00a91c1d35713406c144e33003cf551109d48:598,598,2646,926ccc5a1e9b9baf22a43e539230f438e2f0ed02219bcba47df0391bd3e77ac3,2646,48f75161e199c5b47ba9647937ae668752e77df5ce452464af6629f4f414a861,1.575295061062576e-08
d03E,140161d99a424b2d367d4c07c1b00a91c1d35713406c144e33003cf551109d48,140161d99a424b2d367d4c07c1b00a91c1d35713406c144e33003cf551109d48:599,599,2646,0dd256ca30aba26e015f8fe975c409acccb6e8e591364116865d1b1e81735b80,2646,48f75161e199c5b47ba9647937ae668752e77df5ce452464af6629f4f414a861,2.2090556495157898e-08
d03E,140161d99a424b2d367d4c07c1b00a91c1d35713406c144e33003cf551109d48,140161d99a424b2d367d4c07c1b00a91c1d35713406c144e33003cf551109d48:600,600,2646,aa291714429afa75b0f697fa008e3ce9e33463b2555970c8a90dd2969d82211c,2646,48f75161e199c5b47ba9647937ae668752e77df5ce452464af6629f4f414a861,1.2630524182100089e-08
d03E,140161d99a424b2d367d4c07c1b00a91c1d35713406c144e33003cf551109d48,140161d99a424b2d367d4c07c1b00a91c1d35713406c144e33003cf551109d48:601,601,2646,2c2250b6e256b840b89bc2373b83417b160b3471ea07935687f69112d0024900,2646,48f75161e199c5b47ba9647937ae668752e77df5ce452464af6629f4f414a861,2.462237880251905e-08
d03E,140161d99a424b2d367d4c07c1b00a91c1d35713406c144e33003cf551109d48,140161d99a424b2d367d4c07c1b00a91c1d35713406c144e33003cf551109d48:602,602,2646,5b8bf6b53d291a4a0e2042f512349c0c63f138fb93a5b2934eb6fffb8618d46c,2646,48f75161e199c5b47ba9647937ae668752e77df5ce452464af6629f4f414a861,2.274798749368756e-08
d03E,140161d99a424b2d367d4c07c1b00a91c1d35713406c144e33003cf551109d48,140161d99a424b2d367d4c07c1b00a91c1d35713406c144e33003cf551109d48:603,603,2646,5b8bf6b53d291a4a0e2042f512349c0c63f138fb93a5b2934eb6fffb8618d46c,2646,48f75161e199c5b47ba9647937ae668752e77df5ce452464af6629f4f414a861,2.274798749368756e-08
d03E,140161d99a424b2d367d4c07c1b00a91c1d35713406c144e33003cf551109d48,140161d99a424b2d367d4c07c1b00a91c1d35713406c144e33003cf551109d48:604,604,2646,5b8bf6b53d291a4a0e2042f512349c0c63f138fb93a5b2934eb6fffb8618d46c,2646,48f75161e199c5b47ba9647937ae668752e77df5ce452464af6629f4f414a861,2.274798749368756e-08
d03E,140161d99a424b2d367d4c07c1b00a91c1d35713406c144e33003cf551109d48,140161d99a424b2d367d4c07c1b00a91c1d35713406c144e33003cf551109d48:605,605,2646,71b4be50c9455ec72768dbb497705536495a7571f986fb4515f2ad00ce74b22e,2646,48f75161e199c5b47ba9647937ae668752e77df5ce452464af6629f4f414a861,2.274798749368756e-08
d03E,140161d99a424b2d367d4c07c1b00a91c1d35713406c144e33003cf551109d48,140161d99a424b2d367d4c07c1b00a91c1d35713406c144e33003cf551109d48:606,606,2646,f2bdcc1b54a32368803ad870397a4d25f76d6711539fea0429242d6e71800166,2646,48f75161e199c5b47ba9647937ae668752e77df5ce452464af6629f4f414a861,2.5225242672455295e-08
d03E,140161d99a424b2d367d4c07c1b00a91c1d35713406c144e33003cf551109d48,140161d99a424b2d367d4c07c1b00a91c1d35713406c144e33003cf551109d48:607,607,2646,0dd256ca30aba26e015f8fe975c409acccb6e8e591364116865d1b1e81735b80,2646,48f75161e199c5b47ba9647937ae668752e77df5ce452464af6629f4f414a861,2.2090556495157898e-08
d03E,140161d99a424b2d367d4c07c1b00a91c1d35713406c144e33003cf551109d48,140161d99a424b2d367d4c07c1b00a91c1d35713406c144e33003cf551109d48:608,608,2646,aa291714429afa75b0f697fa008e3ce9e33463b2555970c8a90dd2969d82211c,2646,48f75161e199c5b47ba9647937ae668752e77df5ce452464af6629f4f414a861,1.2630524182100089e-08
d03E,140161d99a424b2d367d4c07c1b00a91c1d35713406c144e33003cf551109d48,140161d99a424b2d367d4c07c1b00a91c1d35713406c144e33003cf551109d48:609,609,2646,2c2250b6e256b840b89bc2373b83417b160b3471ea07935687f69112d0024900,2646,48f75161e199c5b47ba9647937ae668752e77df5ce452464af6629f4f414a861,2.462237880251905e-08
d03E,140161d99a424b2d367d4c07c1b00a91c1d35713406c144e33003cf551109d48,140161d99a424b2d367d4c07c1b00a91c1d35713406c144e33003cf551109d48:610,610,2646,5b8bf6b53d291a4a0e2042f512349c0c63f138fb93a5b2934eb6fffb8618d46c,2646,48f75161e199c5b47ba9647937ae668752e77df5ce452464af6629f4f414a861,2.274798749368756e-08
d03E,140161d99a424b2d367d4c07c1b00a91c1d35713406c144e33003cf551109d48,140161d99a424b2d367d4c07c1b00a91c1d35713406c144e33003cf551109d48:611,611,2646,0dd256ca30aba26e015f8fe975c409acccb6e8e591364116865d1b1e81735b80,2646,48f75161e199c5b47ba9647937ae668752e77df5ce452464af6629f4f414a861,2.2090556495157898e-08
d03E,140161d99a424b2d367d4c07c1b00a91c1d35713406c144e33003cf551109d48,140161d99a424b2d367d4c07c1b00a91c1d35713406c144e33003cf551109d48:612,612,2646,aa291714429afa75b0f697fa008e3ce9e33463b2555970c8a90dd2969d82211c,2646,48f75161e199c5b47ba9647937ae668752e77df5ce452464af6629f4f414a861,1.2630524182100089e-08
d03E,140161d99a424b2d367d4c07c1b00a91c1d35713406c144e33003cf551109d48,140161d99a424b2d367d4c07c1b00a91c1d35713406c144e33003cf551109d48:613,613,2646,5b8bf6b53d291a4a0e2042f512349c0c63f138fb93a5b2934eb6fffb8618d46c,2646,48f75161e199c5b47ba9647937ae668752e77df5ce452464af6629f4f414a861,2.274798749368756e-08
d03E,140161d99a424b2d367d4c07c1b00a91c1d35713406c144e33003cf551109d48,140161d99a424b2d367d4c07c1b00a91c1d35713406c144e33003cf551109d48:614,614,2646,71b4be50c9455ec72768dbb497705536495a7571f986fb4515f2ad00ce74b22e,2646,48f75161e199c5b47ba9647937ae668752e77df5ce452464af6629f4f414a861,2.274798749368756e-08
d03E,140161d99a424b2d367d4c07c1b00a91c1d35713406c144e33003cf551109d48,140161d99a424b2d367d4c07c1b00a91c1d35713406c144e33003cf551109d48:615,615,2646,f2bdcc1b54a32368803ad870397a4d25f76d6711539fea0429242d6e71800166,2646,48f75161e199c5b47ba9647937ae668752e77df5ce452464af6629f4f414a861,2.5225242672455295e-08
d03E,140161d99a424b2d367d4c07c1b00a91c1d35713406c144e33003cf551109d48,140161d99a424b2d367d4c07c1b00a91c1d35713406c144e33003cf551109d48:616,616,2646,0dd256ca30aba26e015f8fe975c409acccb6e8e591364116865d1b1e81735b80,2646,48f75161e199c5b47ba9647937ae668752e77df5ce452464af6629f4f414a861,2.2090556495157898e-08
d03E,140161d99a424b2d367d4c07c1b00a91c1d35713406c144e33003cf551109d48,140161d99a424b2d367d4c07c1b00a91c1d35713406c144e33003cf551109d48:617,617,2646,aa291714429afa75b0f697fa008e3ce9e33463b2555970c8a90dd2969d82211c,2646,48f75161e199c5b47ba9647937ae668752e77df5ce452464af6629f4f414a861,1.2630524182100089e-08
d03E,140161d99a424b2d367d4c07c1b00a91c1d35713406c144e33003cf551109d48,140161d99a424b2d367d4c07c1b00a91c1d35713406c144e33003cf551109d48:618,618,2646,71b4be50c9455ec72768dbb497705536495a7571f986fb4515f2ad00ce74b22e,2646,48f75161e199c5b47ba9647937ae668752e77df5ce452464af6629f4f414a861,2.274798749368756e-08
d03E,140161d99a424b2d367d4c07c1b00a91c1d35713406c144e33003cf551109d48,140161d99a424b2d367d4c07c1b00a91c1d35713406c144e33003cf551109d48:619,619,2646,f2bdcc1b54a32368803ad870397a4d25f76d6711539fea0429242d6e71800166,2646,48f75161e199c5b47ba9647937ae668752e77df5ce452464af6629f4f414a861,2.5225242672455295e-08
d03E,140161d99a424b2d367d4c07c1b00a91c1d35713406c144e33003cf551109d48,140161d99a424b2d367d4c07c1b00a91c1d35713406c144e33003cf551109d48:620,620,2646,926ccc5a1e9b9baf22a43e539230f438e2f0ed02219bcba47df0391bd3e77ac3,2646,48f75161e199c5b47ba9647937ae668752e77df5ce452464af6629f4f414a861,1.575295061062576e-08
d03E,140161d99a424b2d367d4c07c1b00a91c1d35713406c144e33003cf551109d48,140161d99a424b2d367d4c07c1b00a91c1d35713406c144e33003cf551109d48:621,621,2646,984977070a63aa564160fdcbbe84de8fc47631ef921ac6bd475b9c207c9d9a5e,2646,48f75161e199c5b47ba9647937ae668752e77df5ce452464af6629f4f414a861,1.5297406896763732e-08
d03E,140161d99a424b2d367d4c07c1b00a91c1d35713406c144e33003cf551109d48,140161d99a424b2d367d4c07c1b00a91c1d35713406c144e33003cf551109d48:622,622,2646,6693979931b1e64f0ca10cb3592c969919c39a16bf3d496dbc64f87425b36b4b,2646,48f75161e199c5b47ba9647937ae668752e77df5ce452464af6629f4f414a861,2.7356851450832664e-08
d03E,140161d99a424b2d367d4c07c1b00a91c1d35713406c144e33003cf551109d48,140161d99a424b2d367d4c07c1b00a91c1d35713406c144e33003cf551109d48:623,623,2646,0dd256ca30aba26e015f8fe975c409acccb6e8e591364116865d1b1e81735b80,2646,48f75161e199c5b47ba9647937ae668752e77df5ce452464af6629f4f414a861,2.2090556495157898e-08
d03E,140161d99a424b2d367d4c07c1b00a91c1d35713406c144e33003cf551109d48,140161d99a424b2d367d4c07c1b00a91c1d35713406c144e33003cf551109d48:624,624,2646,a58a2c64781f655c6f02f84557f7a1c677b5e8d9f7932e7f6b87f73438053c50,2646,48f75161e199c5b47ba9647937ae668752e77df5ce452464af6629f4f414a861,1.2630524182100089e-08
d03E,140161d99a424b2d367d4c07c1b00a91c1d35713406c144e33003cf551109d48,140161d99a424b2d367d4c07c1b00a91c1d35713406c144e33003cf551109d48:625,625,2646,aa291714429afa75b0f697fa008e3ce9e33463b2555970c8a90dd2969d82211c,2646,48f75161e199c5b47ba9647937ae668752e77df5ce452464af6629f4f414a861,1.2630524182100089e-08
d03E,140161d99a424b2d367d4c07c1b00a91c1d35713406c144e33003cf551109d48,140161d99a424b2d367d4c07c1b00a91c1d35713406c144e33003cf551109d48:626,626,2646,2c2250b6e256b840b89bc2373b83417b160b3471ea07935687f69112d0024900,2646,48f75161e199c5b47ba9647937ae668752e77df5ce452464af6629f4f414a861,2.462237880251905e-08
d03E,140161d99a424b2d367d4c07c1b00a91c1d35713406c144e33003cf551109d48,140161d99a424b2d367d4c07c1b00a91c1d35713406c144e33003cf551109d48:627,627,2646,f2bdcc1b54a32368803ad870397a4d25f76d6711539fea0429242d6e71800166,2646,48f75161e199c5b47ba9647937ae668752e77df5ce452464af6629f4f414a861,2.5225242672455295e-08
d03E,140161d99a424b2d367d4c07c1b00a91c1d35713406c144e33003cf551109d48,140161d99a424b2d367d4c07c1b00a91c1d35713406c144e33003cf551109d48:628,628,2646,926ccc5a1e9b9baf22a43e539230f438e2f0ed02219bcba47df0391bd3e77ac3,2646,48f75161e199c5b47ba9647937ae668752e77df5ce452464af6629f4f414a861,1.575295061062576e-08
d03E,140161d99a424b2d367d4c07c1b00a91c1d35713406c144e33003cf551109d48,140161d99a424b2d367d4c07c1b00a91c1d35713406c144e33003cf551109d48:629,629,2646,0dd256ca30aba26e015f8fe975c409acccb6e8e591364116865d1b1e81735b80,2646,48f75161e199c5b47ba9647937ae668752e77df5ce452464af6629f4f414a861,2.2090556495157898e-08
d03E,140161d99a424b2d367d4c07c1b00a91c1d35713406c144e33003cf551109d48,140161d99a424b2d367d4c07c1b00a91c1d35713406c144e33003cf551109d48:630,630,2646,aa291714429afa75b0f697fa008e3ce9e33463b2555970c8a90dd2969d82211c,2646,48f75161e199c5b47ba9647937ae668752e77df5ce452464af6629f4f414a861,1.2630524182100089e-08
d03E,140161d99a424b2d367d4c07c1b00a91c1d35713406c144e33003cf551109d48,140161d99a424b2d367d4c07c1b00a91c1d35713406c144e33003cf551109d48:631,631,2646,2c2250b6e256b840b89bc2373b83417b160b3471ea07935687f69112d0024900,2646,48f75161e199c5b47ba9647937ae668752e77df5ce452464af6629f4f414a861,2.462237880251905e-08
d03E,140161d99a424b2d367d4c07c1b00a91c1d35713406c144e33003cf551109d48,140161d99a424b2d367d4c07c1b00a91c1d35713406c144e33003cf551109d48:632,632,2646,926ccc5a1e9b9baf22a43e539230f438e2f0ed02219bcba47df0391bd3e77ac3,2646,48f75161e199c5b47ba9647937ae668752e77df5ce452464af6629f4f414a861,1.575295061062576e-08
d03E,140161d99a424b2d367d4c07c1b00a91c1d35713406c144e33003cf551109d48,140161d99a424b2d367d4c07c1b00a91c1d35713406c144e33003cf551109d48:633,633,2646,0dd256ca30aba26e015f8fe975c409acccb6e8e591364116865d1b1e81735b80,2646,48f75161e199c5b47ba9647937ae668752e77df5ce452464af6629f4f414a861,2.2090556495157898e-08
d03E,140161d99a424b2d367d4c07c1b00a91c1d35713406c144e33003cf551109d48,140161d99a424b2d367d4c07c1b00a91c1d35713406c144e33003cf551109d48:634,634,2646,aa291714429afa75b0f697fa008e3ce9e33463b2555970c8a90dd2969d82211c,2646,48f75161e199c5b47ba9647937ae668752e77df5ce452464af6629f4f414a861,1.2630524182100089e-08
d03E,140161d99a424b2d367d4c07c1b00a91c1d35713406c144e33003cf551109d48,140161d99a424b2d367d4c07c1b00a91c1d35713406c144e33003cf551109d48:635,635,2646,2c2250b6e256b840b89bc2373b83417b160b3471ea07935687f69112d0024900,2646,48f75161e199c5b47ba9647937ae668752e77df5ce452464af6629f4f414a861,2.462237880251905e-08
d03E,140161d99a424b2d367d4c07c1b00a91c1d35713406c144e33003cf551109d48,140161d99a424b2d367d4c07c1b00a91c1d35713406c144e33003cf551109d48:636,636,2646,0dd256ca30aba26e015f8fe975c409acccb6e8e591364116865d1b1e81735b80,2646,48f75161e199c5b47ba9647937ae668752e77df5ce452464af6629f4f414a861,2.2090556495157898e-08
d03E,140161d99a424b2d367d4c07c1b00a91c1d35713406c144e33003cf551109d48,140161d99a424b2d367d4c07c1b00a91c1d35713406c144e33003cf551109d48:637,637,2646,aa291714429afa75b0f697fa008e3ce9e33463b2555970c8a90dd2969d82211c,2646,48f75161e199c5b47ba9647937ae668752e77df5ce452464af6629f4f414a861,1.2630524182100089e-08
d03E,140161d99a424b2d367d4c07c1b00a91c1d35713406c144e33003cf551109d48,140161d99a424b2d367d4c07c1b00a91c1d35713406c144e33003cf551109d48:638,638,2646,2c2250b6e256b840b89bc2373b83417b160b3471ea07935687f69112d0024900,2646,48f75161e199c5b47ba9647937ae668752e77df5ce452464af6629f4f414a861,2.462237880251905e-08
d03E,140161d99a424b2d367d4c07c1b00a91c1d35713406c144e33003cf551109d48,140161d99a424b2d367d4c07c1b00a91c1d35713406c144e33003cf551109d48:639,639,2646,0dd256ca30aba26e015f8fe975c409acccb6e8e591364116865d1b1e81735b80,2646,48f75161e199c5b47ba9647937ae668752e77df5ce452464af6629f4f414a861,2.2090556495157898e-08
d03E,140161d99a424b2d367d4c07c1b00a91c1d35713406c144e33003cf551109d48,140161d99a424b2d367d4c07c1b00a91c1d35713406c144e33003cf551109d48:640,640,2646,aa291714429afa75b0f697fa008e3ce9e33463b2555970c8a90dd2969d82211c,2646,48f75161e199c5b47ba9647937ae668752e77df5ce452464af6629f4f414a861,1.2630524182100089e-08
d03E,140161d99a424b2d367d4c07c1b00a91c1d35713406c144e33003cf551109d48,140161d99a424b2d367d4c07c1b00a91c1d35713406c144e33003cf551109d48:641,641,2646,0dd256ca30aba26e015f8fe975c409acccb6e8e591364116865d1b1e81735b80,2646,48f75161e199c5b47ba9647937ae668752e77df5ce452464af6629f4f414a861,2.2090556495157898e-08
d03E,140161d99a424b2d367d4c07c1b00a91c1d35713406c144e33003cf551109d48,140161d99a424b2d367d4c07c1b00a91c1d35713406c144e33003cf551109d48:642,642,2646,aa291714429afa75b0f697fa008e3ce9e33463b2555970c8a90dd2969d82211c,2646,48f75161e199c5b47ba9647937ae668752e77df5ce452464af6629f4f414a861,1.2630524182100089e-08
d03E,140161d99a424b2d367d4c07c1b00a91c1d35713406c144e33003cf551109d48,140161d99a424b2d367d4c07c1b00a91c1d35713406c144e33003cf551109d48:643,643,2646,a58a2c64781f655c6f02f84557f7a1c677b5e8d9f7932e7f6b87f73438053c50,2646,48f75161e199c5b47ba9647937ae668752e77df5ce452464af6629f4f414a861,1.2630524182100089e-08
d03E,140161d99a424b2d367d4c07c1b00a91c1d35713406c144e33003cf551109d48,140161d99a424b2d367d4c07c1b00a91c1d35713406c144e33003cf551109d48:644,644,2646,aa291714429afa75b0f697fa008e3ce9e33463b2555970c8a90dd2969d82211c,2646,48f75161e199c5b47ba9647937ae668752e77df5ce452464af6629f4f414a861,1.2630524182100089e-08
d03E,140161d99a424b2d367d4c07c1b00a91c1d35713406c144e33003cf551109d48,140161d99a424b2d367d4c07c1b00a91c1d35713406c144e33003cf551109d48:645,645,2646,2c2250b6e256b840b89bc2373b83417b160b3471ea07935687f69112d0024900,2646,48f75161e199c5b47ba9647937ae668752e77df5ce452464af6629f4f414a861,2.462237880251905e-08
d03E,140161d99a424b2d367d4c07c1b00a91c1d35713406c144e33003cf551109d48,140161d99a424b2d367d4c07c1b00a91c1d35713406c144e33003cf551109d48:646,646,2646,aa291714429afa75b0f697fa008e3ce9e33463b2555970c8a90dd2969d82211c,2646,48f75161e199c5b47ba9647937ae668752e77df5ce452464af6629f4f414a861,1.2630524182100089e-08
d03E,140161d99a424b2d367d4c07c1b00a91c1d35713406c144e33003cf551109d48,140161d99a424b2d367d4c07c1b00a91c1d35713406c144e33003cf551109d48:647,647,2646,2c2250b6e256b840b89bc2373b83417b160b3471ea07935687f69112d0024900,2646,48f75161e199c5b47ba9647937ae668752e77df5ce452464af6629f4f414a861,2.462237880251905e-08
d03E,140161d99a424b2d367d4c07c1b00a91c1d35713406c144e33003cf551109d48,140161d99a424b2d367d4c07c1b00a91c1d35713406c144e33003cf551109d48:648,648,2663,4be8368bef40ce9edf835fbca86fcc95e59d8e4620351f668529d97c4cfed47b,2663,8b1f2ba85439120882b2a71e7e7c47ef417ce91649698b815aba9c0153ac18e1,1.3938358467413536e-08
d03E,140161d99a424b2d367d4c07c1b00a91c1d35713406c144e33003cf551109d48,140161d99a424b2d367d4c07c1b00a91c1d35713406c144e33003cf551109d48:649,649,2663,1c0b368abaa23f9fe42d420bd8c2883f387ce3401f4f9c8011ac2643675bd6eb,2663,8b1f2ba85439120882b2a71e7e7c47ef417ce91649698b815aba9c0153ac18e1,2.4442215140751955e-08
d03E,140161d99a424b2d367d4c07c1b00a91c1d35713406c144e33003cf551109d48,140161d99a424b2d367d4c07c1b00a91c1d35713406c144e33003cf551109d48:650,650,2663,728f5bbc1292f474457fea3e54069b236e37f3ae9c05d1be0ca4009bf0fa7746,2663,8b1f2ba85439120882b2a71e7e7c47ef417ce91649698b815aba9c0153ac18e1,2.0261268440791014e-08
d03E,140161d99a424b2d367d4c07c1b00a91c1d35713406c144e33003cf551109d48,140161d99a424b2d367d4c07c1b00a91c1d35713406c144e33003cf551109d48:651,651,2663,12eb0010e5e87c154b64c1ec8271cd568a9c7d6ef96e18f6f2c749e7f3827c8d,2663,8b1f2ba85439120882b2a71e7e7c47ef417ce91649698b815aba9c0153ac18e1,2.0261268440791014e-08
d03E,140161d99a424b2d367d4c07c1b00a91c1d35713406c144e33003cf551109d48,140161d99a424b2d367d4c07c1b00a91c1d35713406c144e33003cf551109d48:652,652,2663,bae1d0f4d0b5a79029ad104027fb4cb18507a44e8554e17247c6cd56f4f9b6db,2663,8b1f2ba85439120882b2a71e7e7c47ef417ce91649698b815aba9c0153ac18e1,2.0261268440791014e-08
d03E,140161d99a424b2d367d4c07c1b00a91c1d35713406c144e33003cf551109d48,140161d99a424b2d367d4c07c1b00a91c1d35713406c144e33003cf551109d48:653,653,2663,728f5bbc1292f474457fea3e54069b236e37f3ae9c05d1be0ca4009bf0fa7746,2663,8b1f2ba85439120882b2a71e7e7c47ef417ce91649698b815aba9c0153ac18e1,2.0261268440791014e-08
d03E,140161d99a424b2d367d4c07c1b00a91c1d35713406c144e33003cf551109d48,140161d99a424b2d367d4c07c1b00a91c1d35713406c144e33003cf551109d48:654,654,2663,bae1d0f4d0b5a79029ad104027fb4cb18507a44e8554e17247c6cd56f4f9b6db,2663,8b1f2ba85439120882b2a71e7e7c47ef417ce91649698b815aba9c0153ac18e1,2.0261268440791014e-08
d03E,140161d99a424b2d367d4c07c1b00a91c1d35713406c144e33003cf551109d48,140161d99a424b2d367d4c07c1b00a91c1d35713406c144e33003cf551109d48:655,655,2663,4be8368bef40ce9edf835fbca86fcc95e59d8e4620351f668529d97c4cfed47b,2663,8b1f2ba85439120882b2a71e7e7c47ef417ce91649698b815aba9c0153ac18e1,1.3938358467413536e-08
d03E,140161d99a424b2d367d4c07c1b00a91c1d35713406c144e33003cf551109d48,140161d99a424b2d367d4c07c1b00a91c1d35713406c144e33003cf551109d48:656,656,2715,31fd57a8b6010e1a532cd3ac6d404abdced05fe356ab40ab9645783e4bd8f31d,2715,89cae1372ab2773bd0462ea1ff047885aba7d876bc4ef392fc3762e7d4f96531,1.719884679118877e-08
d03E,140161d99a424b2d367d4c07c1b00a91c1d35713406c144e33003cf551109d48,140161d99a424b2d367d4c07c1b00a91c1d35713406c144e33003cf551109d48:657,657,2715,6e2ffc69785916ce2b6923cf3dd710d6656b10899e4b4b7f21f6c7f496853d7f,2715,89cae1372ab2773bd0462ea1ff047885aba7d876bc4ef392fc3762e7d4f96531,1.2603475596506541e-08
d03E,140161d99a424b2d367d4c07c1b00a91c1d35713406c144e33003cf551109d48,140161d99a424b2d367d4c07c1b00a91c1d35713406c144e33003cf551109d48:658,658,2715,268bcf9377c307c3313229d96838b684d0d8b1125cac0c4d8916cc04d5468d71,2715,89cae1372ab2773bd0462ea1ff047885aba7d876bc4ef392fc3762e7d4f96531,1.3424858336108514e-08
d03E,140161d99a424b2d367d4c07c1b00a91c1d35713406c144e33003cf551109d48,140161d99a424b2d367d4c07c1b00a91c1d35713406c144e33003cf551109d48:659,659,2715,75fb8f43e9580671faca217ca19a9c111694515fbe6772dc16036c6cfdc382d4,2715,89cae1372ab2773bd0462ea1ff047885aba7d876bc4ef392fc3762e7d4f96531,2.8760792192272788e-08
d03E,140161d99a424b2d367d4c07c1b00a91c1d35713406c144e33003cf551109d48,140161d99a424b2d367d4c07c1b00a91c1d35713406c144e33003cf551109d48:660,660,2715,6074040baf7a977be3fde47d5c8d20ad677a990fdaf490f732cc41196540a058,2715,89cae1372ab2773bd0462ea1ff047885aba7d876bc4ef392fc3762e7d4f96531,1.2603475596506541e-08
d03E,140161d99a424b2d367d4c07c1b00a91c1d35713406c144e33003cf551109d48,140161d99a424b2d367d4c07c1b00a91c1d35713406c144e33003cf551109d48:661,661,2715,d189201e46b974d2f7443133954677c9996f14248e0e5f7291a431ee47a07b62,2715,89cae1372ab2773bd0462ea1ff047885aba7d876bc4ef392fc3762e7d4f96531,2.131021159534896e-08
d03E,140161d99a424b2d367d4c07c1b00a91c1d35713406c144e33003cf551109d48,140161d99a424b2d367d4c07c1b00a91c1d35713406c144e33003cf551109d48:662,662,2715,8c763e9b0e7fc3ecddb8138a9f19429e40ebff375e539fd28af973c42ef2d5c2,2715,89cae1372ab2773bd0462ea1ff047885aba7d876bc4ef392fc3762e7d4f96531,2.3779346491892284e-08
d03E,140161d99a424b2d367d4c07c1b00a91c1d35713406c144e33003cf551109d48,140161d99a424b2d367d4c07c1b00a91c1d35713406c144e33003cf551109d48:663,663,2715,8c763e9b0e7fc3ecddb8138a9f19429e40ebff375e539fd28af973c42ef2d5c2,2715,89cae1372ab2773bd0462ea1ff047885aba7d876bc4ef392fc3762e7d4f96531,2.3779346491892284e-08
d03E,140161d99a424b2d367d4c07c1b00a91c1d35713406c144e33003cf551109d48,140161d99a424b2d367d4c07c1b00a91c1d35713406c144e33003cf551109d48:664,664,2715,b65ef24bd0ca7bcc9b87a63f54969e1e9e5dc622df41344a3093af4eeed8d807,2715,89cae1372ab2773bd0462ea1ff047885aba7d876bc4ef392fc3762e7d4f96531,2.8760792192272788e-08
d03E,140161d99a424b2d367d4c07c1b00a91c1d35713406c144e33003cf551109d48,140161d99a424b2d367d4c07c1b00a91c1d35713406c144e33003cf551109d48:665,665,2715,d189201e46b974d2f7443133954677c9996f14248e0e5f7291a431ee47a07b62,2715,89cae1372ab2773bd0462ea1ff047885aba7d876bc4ef392fc3762e7d4f96531,2.131021159534896e-08
d03E,140161d99a424b2d367d4c07c1b00a91c1d35713406c144e33003cf551109d48,140161d99a424b2d367d4c07c1b00a91c1d35713406c144e33003cf551109d48:666,666,2715,8c763e9b0e7fc3ecddb8138a9f19429e40ebff375e539fd28af973c42ef2d5c2,2715,89cae1372ab2773bd0462ea1ff047885aba7d876bc4ef392fc3762e7d4f96531,2.3779346491892284e-08
d03E,140161d99a424b2d367d4c07c1b00a91c1d35713406c144e33003cf551109d48,140161d99a424b2d367d4c07c1b00a91c1d35713406c144e33003cf551109d48:667,667,2730,57b79c4788ac194cd3c2308e46872c5cbdebbc6fd1ca8a5cb80b504eb2eaf70c,2730,1f8c184d68c83329c0187576ae89661a0d2e38acb3eca0d578418c72388360ee,1.4399408332366193e-08
d03E,140161d99a424b2d367d4c07c1b00a91c1d35713406c144e33003cf551109d48,140161d99a424b2d367d4c07c1b00a91c1d35713406c144e33003cf551109d48:668,668,2730,551b90181e04217867cbd238f6fe8b24272896e4f79a0cc668e0204742d99671,2730,1f8c184d68c83329c0187576ae89661a0d2e38acb3eca0d578418c72388360ee,2.4893444416917987e-08
d03E,140161d99a424b2d367d4c07c1b00a91c1d35713406c144e33003cf551109d48,140161d99a424b2d367d4c07c1b00a91c1d35713406c144e33003cf551109d48:669,669,2730,554f4298743c0fd4a33f615048159352563a6ccf982ef2c2390b7b2b1d589323,2730,1f8c184d68c83329c0187576ae89661a0d2e38acb3eca0d578418c72388360ee,1.651154124537868e-08
d03E,140161d99a424b2d367d4c07c1b00a91c1d35713406c144e33003cf551109d48,140161d99a424b2d367d4c07c1b00a91c1d35713406c144e33003cf551109d48:670,670,2730,069889dc6e64d0ac544266a856d9b81852350b06ede72c210788068aebe3b9b6,2730,1f8c184d68c83329c0187576ae89661a0d2e38acb3eca0d578418c72388360ee,1.3290781142316632e-08
d03E,140161d99a424b2d367d4c07c1b00a91c1d35713406c144e33003cf551109d48,140161d99a424b2d367d4c07c1b00a91c1d35713406c144e33003cf551109d48:671,671,2735,7e7408d2832db8aa6f5fa007c132f5f0792c10c6a50a54ea1039c233a2cc3c00,2735,7bce8712fe6cf58778a0baccb342afaa7e47a922227a6c065a6486badae9c7a2,1.909715918735344e-08
d03E,140161d99a424b2d367d4c07c1b00a91c1d35713406c144e33003cf551109d48,140161d99a424b2d367d4c07c1b00a91c1d35713406c144e33003cf551109d48:672,672,2735,7e7408d2832db8aa6f5fa007c132f5f0792c10c6a50a54ea1039c233a2cc3c00,2735,7bce8712fe6cf58778a0baccb342afaa7e47a922227a6c065a6486badae9c7a2,1.909715918735344e-08
d03E,140161d99a424b2d367d4c07c1b00a91c1d35713406c144e33003cf551109d48,140161d99a424b2d367d4c07c1b00a91c1d35713406c144e33003cf551109d48:673,673,2735,76013366bd42e525c2e2db55e4ad7b8ebb45e959f06481f25e30a490c0309d1a,2735,7bce8712fe6cf58778a0baccb342afaa7e47a922227a6c065a6486badae9c7a2,2.1723110643634413e-08
d03E,140161d99a424b2d367d4c07c1b00a91c1d35713406c144e33003cf551109d48,140161d99a424b2d367d4c07c1b00a91c1d35713406c144e33003cf551109d48:674,674,2735,24a8bfa86e5c8626d222088517fa1af3852eeefb77121583662d8e9c2db1c1b2,2735,7bce8712fe6cf58778a0baccb342afaa7e47a922227a6c065a6486badae9c7a2,1.1716308256914942e-08
d03E,140161d99a424b2d367d4c07c1b00a91c1d35713406c144e33003cf551109d48,140161d99a424b2d367d4c07c1b00a91c1d35713406c144e33003cf551109d48:675,675,2769,20f3cb47db329a030f8dfa535e13152b62a0b15c0df29dd7cfc3955ce0974b5b,2769,37c909e5a536fb89bd43f683c2381e885e7de281f5e13710e843a8cc53d92597,2.0801800948433424e-08
d03E,140161d99a424b2d367d4c07c1b00a91c1d35713406c144e33003cf551109d48,140161d99a424b2d367d4c07c1b00a91c1d35713406c144e33003cf551109d48:676,676,2769,676ca368916b87d5ece9130a87188563cb7a036b524f350e677a7ca9aa136770,2769,37c909e5a536fb89bd43f683c2381e885e7de281f5e13710e843a8cc53d92597,9.664706812628765e-09
d03E,140161d99a424b2d367d4c07c1b00a91c1d35713406c144e33003cf551109d48,140161d99a424b2d367d4c07c1b00a91c1d35713406c144e33003cf551109d48:677,677,2769,676ca368916b87d5ece9130a87188563cb7a036b524f350e677a7ca9aa136770,2769,37c909e5a536fb89bd43f683c2381e885e7de281f5e13710e843a8cc53d92597,9.664706812628765e-09
d03E,140161d99a424b2d367d4c07c1b00a91c1d35713406c144e33003cf551109d48,140161d99a424b2d367d4c07c1b00a91c1d35713406c144e33003cf551109d48:678,678,2818,64b3ce80c2b3c5386cf03f085bc998f3c54adab263acd2cc5504cbe0a02001df,2818,d68557975f8862bd848b237bea2326a45a446af79edfe199ee2346077aba70c4,1.5631587357844978e-08
d03E,140161d99a424b2d367d4c07c1b00a91c1d35713406c144e33003cf551109d48,140161d99a424b2d367d4c07c1b00a91c1d35713406c144e33003cf551109d48:679,679,2818,d0f74eb528177c26a522159dc666186ed98b3f9fbf1d099dea8ef39394f2bf1c,2818,d68557975f8862bd848b237bea2326a45a446af79edfe199ee2346077aba70c4,2.1130783789402585e-08
d03E,140161d99a424b2d367d4c07c1b00a91c1d35713406c144e33003cf551109d48,140161d99a424b2d367d4c07c1b00a91c1d35713406c144e33003cf551109d48:680,680,2818,e1eefd188056d79815a5777e79eb54e5303955698857a436246167a123715fea,2818,d68557975f8862bd848b237bea2326a45a446af79edfe199ee2346077aba70c4,2.543534494137134e-08
d03E,140161d99a424b2d367d4c07c1b00a91c1d35713406c144e33003cf551109d48,140161d99a424b2d367d4c07c1b00a91c1d35713406c144e33003cf551109d48:681,681,2822,0886a0f5f60648b7a834e694cd82c2f49b8a54526fce278ae498c4725357de6e,2822,d4c7c425bc5caee71f423786578d23bdf08d7c9bbc3873df18ce39fd3fd939c1,1.3072296800586969e-08
d03E,140161d99a424b2d367d4c07c1b00a91c1d35713406c144e33003cf551109d48,140161d99a424b2d367d4c07c1b00a91c1d35713406c144e33003cf551109d48:682,682,2822,0886a0f5f60648b7a834e694cd82c2f49b8a54526fce278ae498c4725357de6e,2822,d4c7c425bc5caee71f423786578d23bdf08d7c9bbc3873df18ce39fd3fd939c1,1.3072296800586969e-08
d03E,140161d99a424b2d367d4c07c1b00a91c1d35713406c144e33003cf551109d48,140161d99a424b2d367d4c07c1b00a91c1d35713406c144e33003cf551109d48:683,683,2822,759175d49300f6ba34dd57287ad9b62e7446eb47a2591ee565dd2a86df9b7808,2822,d4c7c425bc5caee71f423786578d23bdf08d7c9bbc3873df18ce39fd3fd939c1,1.37524130972011e-08
d03E,140161d99a424b2d367d4c07c1b00a91c1d35713406c144e33003cf551109d48,140161d99a424b2d367d4c07c1b00a91c1d35713406c144e33003cf551109d48:684,684,2850,d07e5c7b39eab0938387b14f3b48fd77c8be1b79a3e1c3b0907b0cec0fffc012,2850,7e10eaaf052dc5a3f7ef9f684cab6509eeb2749e84a08ec8f82f28b4c882a472,1.220441547822304e-08
d03E,140161d99a424b2d367d4c07c1b00a91c1d35713406c144e33003cf551109d48,140161d99a424b2d367d4c07c1b00a91c1d35713406c144e33003cf551109d48:685,685,2850,612884c2ffcf50253123c978581753de0a2247c63c029183831bd2355653cec0,2850,7e10eaaf052dc5a3f7ef9f684cab6509eeb2749e84a08ec8f82f28b4c882a472,2.2913268060698044e-08
d03E,140161d99a424b2d367d4c07c1b00a91c1d35713406c144e33003cf551109d48,140161d99a424b2d367d4c07c1b00a91c1d35713406c144e33003cf551109d48:686,686,2850,dd31ebc2cb686553e0504707a03449bb672b27387478de1b6fc45f22e779769d,2850,7e10eaaf052dc5a3f7ef9f684cab6509eeb2749e84a08ec8f82f28b4c882a472,2.2672412169910672e-08
d03E,140161d99a424b2d367d4c07c1b00a91c1d35713406c144e33003cf551109d48,140161d99a424b2d367d4c07c1b00a91c1d35713406c144e33003cf551109d48:687,687,2850,f966e1af72bcf12bd4a1053bb9a595f8cfabd089498ea735c3edef7e05ece909,2850,7e10eaaf052dc5a3f7ef9f684cab6509eeb2749e84a08ec8f82f28b4c882a472,3.249906810331993e-08
d03E,140161d99a424b2d367d4c07c1b00a91c1d35713406c144e33003cf551109d48,140161d99a424b2d367d4c07c1b00a91c1d35713406c144e33003cf551109d48:688,688,2850,dd31ebc2cb686553e0504707a03449bb672b27387478de1b6fc45f22e779769d,2850,7e10eaaf052dc5a3f7ef9f684cab6509eeb2749e84a08ec8f82f28b4c882a472,2.2672412169910672e-08
d03E,140161d99a424b2d367d4c07c1b00a91c1d35713406c144e33003cf551109d48,140161d99a424b2d367d4c07c1b00a91c1d35713406c144e33003cf551109d48:689,689,2850,f966e1af72bcf12bd4a1053bb9a595f8cfabd089498ea735c3edef7e05ece909,2850,7e10eaaf052dc5a3f7ef9f684cab6509eeb2749e84a08ec8f82f28b4c882a472,3.249906810331993e-08
d03E,140161d99a424b2d367d4c07c1b00a91c1d35713406c144e33003cf551109d48,140161d99a424b2d367d4c07c1b00a91c1d35713406c144e33003cf551109d48:690,690,2884,cf9c6f76a114c40895f928ed733eb84c0626608ebac6a5a31fb42dada2729671,2884,392a01a57f2891db0099cf5973ef68545c93adff45481297e6d6e7c40613680c,2.009579813666562e-08
d03E,140161d99a424b2d367d4c07c1b00a91c1d35713406c144e33003cf551109d48,140161d99a424b2d367d4c07c1b00a91c1d35713406c144e33003cf551109d48:691,691,2937,bc40d0b75194779c2cfc35dbb225d00d2a3890978d475e0c4c7d47f18b0cb5db,2937,7f871a418da73539978210cb8c60efbe01e5a9d574dba6f51ee08513535cd2f2,2.7189956619544375e-08
d03E,140161d99a424b2d367d4c07c1b00a91c1d35713406c144e33003cf551109d48,140161d99a424b2d367d4c07c1b00a91c1d35713406c144e33003cf551109d48:692,692,2937,f3a0453c676045033d2b4dd97302a1da32244c8278f9c6104af5a692bbbbb5e5,2937,7f871a418da73539978210cb8c60efbe01e5a9d574dba6f51ee08513535cd2f2,2.496410755892242e-08
d03E,140161d99a424b2d367d4c07c1b00a91c1d35713406c144e33003cf551109d48,140161d99a424b2d367d4c07c1b00a91c1d35713406c144e33003cf551109d48:693,693,2937,f3a0453c676045033d2b4dd97302a1da32244c8278f9c6104af5a692bbbbb5e5,2937,7f871a418da73539978210cb8c60efbe01e5a9d574dba6f51ee08513535cd2f2,2.496410755892242e-08
d03E,140161d99a424b2d367d4c07c1b00a91c1d35713406c144e33003cf551109d48,140161d99a424b2d367d4c07c1b00a91c1d35713406c144e33003cf551109d48:694,694,2937,f3a0453c676045033d2b4dd97302a1da32244c8278f9c6104af5a692bbbbb5e5,2937,7f871a418da73539978210cb8c60efbe01e5a9d574dba6f51ee08513535cd2f2,2.496410755892242e-08
d03E,140161d99a424b2d367d4c07c1b00a91c1d35713406c144e33003cf551109d48,140161d99a424b2d367d4c07c1b00a91c1d35713406c144e33003cf551109d48:695,695,2937,f3a0453c676045033d2b4dd97302a1da32244c8278f9c6104af5a692bbbbb5e5,2937,7f871a418da73539978210cb8c60efbe01e5a9d574dba6f51ee08513535cd2f2,2.496410755892242e-08
d03E,140161d99a424b2d367d4c07c1b00a91c1d35713406c144e33003cf551109d48,140161d99a424b2d367d4c07c1b00a91c1d35713406c144e33003cf551109d48:696,696,2941,f805507fee9338edd80e1416f4e2623e4a678fef2cf490ea3947c5ceb0a22eda,2941,9159e14f89bc398c5f93b7802d1bd3302cfba483af455404ba3eb8016904a6a7,2.2423855661202197e-08
d03E,140161d99a424b2d367d4c07c1b00a91c1d35713406c144e33003cf551109d48,140161d99a424b2d367d4c07c1b00a91c1d35713406c144e33003cf551109d48:697,697,2941,55ca0c36e283f198c7ad095e1e601b95c0ba0b81abc0b85faab0ffed8a887e29,2941,9159e14f89bc398c5f93b7802d1bd3302cfba483af455404ba3eb8016904a6a7,1.5047151469271824e-08
d03E,140161d99a424b2d367d4c07c1b00a91c1d35713406c144e33003cf551109d48,140161d99a424b2d367d4c07c1b00a91c1d35713406c144e33003cf551109d48:698,698,2975,0ffd46695c8030aea2426b3ef6ae568b0d6a53575e59aceb37e710b527e8897b,2975,b35701f20d07193b0546a179215f53f58fc1a538a682c677cd1ba4a40789e508,2.1677097894468034e-08
d03E,140161d99a424b2d367d4c07c1b00a91c1d35713406c144e33003cf551109d48,140161d99a424b2d367d4c07c1b00a91c1d35713406c144e33003cf551109d48:699,699,2975,c83a6e05e31d8572abd1223ef33684f4abd32eb6851b2c13a577b917929934ec,2975,b35701f20d07193b0546a179215f53f58fc1a538a682c677cd1ba4a40789e508,3.840695717016729e-08
d03E,140161d99a424b2d367d4c07c1b00a91c1d35713406c144e33003cf551109d48,140161d99a424b2d367d4c07c1b00a91c1d35713406c144e33003cf551109d48:700,700,3004,93c643b6aa858ec76588ee1cdf25c1e632aaf534860559d6be80b975cab9ea1c,3004,8c387febbae88e7e65bc143cfd27ea9342fa9b9599eadb1bf41f99b26d2171ca,1.3266534870659541e-08
d03E,140161d99a424b2d367d4c07c1b00a91c1d35713406c144e33003cf551109d48,140161d99a424b2d367d4c07c1b00a91c1d35713406c144e33003cf551109d48:701,701,3004,d7bbd1093846f3edc1e63ad2966ca740bb2566c8d504bdf195bc0d57ac8a1b50,3004,8c387febbae88e7e65bc143cfd27ea9342fa9b9599eadb1bf41f99b26d2171ca,2.8167696064507197e-08
d03E,140161d99a424b2d367d4c07c1b00a91c1d35713406c144e33003cf551109d48,140161d99a424b2d367d4c07c1b00a91c1d35713406c144e33003cf551109d48:702,702,3011,30324f27e7b4ff18f1d864520281070543ca41891740fa2a77eb1c41249796b9,3011,40c21a14dce4bf27ee0b545ffc844d92e6cab6422594626ccdbc49673dd81aef,2.38075072989119e-08
d03E,140161d99a424b2d367d4c07c1b00a91c1d35713406c144e33003cf551109d48,140161d99a424b2d367d4c07c1b00a91c1d35713406c144e33003cf551109d48:703,703,3011,30324f27e7b4ff18f1d864520281070543ca41891740fa2a77eb1c41249796b9,3011,40c21a14dce4bf27ee0b545ffc844d92e6cab6422594626ccdbc49673dd81aef,2.38075072989119e-08
d03E,140161d99a424b2d367d4c07c1b00a91c1d35713406c144e33003cf551109d48,140161d99a424b2d367d4c07c1b00a91c1d35713406c144e33003cf551109d48:704,704,3011,888b429e6a96ffbdce4f8569a437b788e2b1a6b8187ffc28c457073044a4d345,3011,40c21a14dce4bf27ee0b545ffc844d92e6cab6422594626ccdbc49673dd81aef,2.492074613336115e-08
d03E,140161d99a424b2d367d4c07c1b00a91c1d35713406c144e33003cf551109d48,140161d99a424b2d367d4c07c1b00a91c1d35713406c144e33003cf551109d48:705,705,3011,fe699810e004ad1eb29c3c1f86083ec74cb852307c6ecda47ca0da78b3a526c9,3011,40c21a14dce4bf27ee0b545ffc844d92e6cab6422594626ccdbc49673dd81aef,2.38075072989119e-08
d03E,140161d99a424b2d367d4c07c1b00a91c1d35713406c144e33003cf551109d48,140161d99a424b2d367d4c07c1b00a91c1d35713406c144e33003cf551109d48:706,706,3011,447e43d0f9b0b2f30ee400145c345c942a3e2fc8364ee3110bcdfb8ad77e6a3f,3011,40c21a14dce4bf27ee0b545ffc844d92e6cab6422594626ccdbc49673dd81aef,2.38075072989119e-08
d03E,140161d99a424b2d367d4c07c1b00a91c1d35713406c144e33003cf551109d48,140161d99a424b2d367d4c07c1b00a91c1d35713406c144e33003cf551109d48:707,707,3011,888b429e6a96ffbdce4f8569a437b788e2b1a6b8187ffc28c457073044a4d345,3011,40c21a14dce4bf27ee0b545ffc844d92e6cab6422594626ccdbc49673dd81aef,2.492074613336115e-08
d03E,140161d99a424b2d367d4c07c1b00a91c1d35713406c144e33003cf551109d48,140161d99a424b2d367d4c07c1b00a91c1d35713406c144e33003cf551109d48:708,708,3011,888b429e6a96ffbdce4f8569a437b788e2b1a6b8187ffc28c457073044a4d345,3011,40c21a14dce4bf27ee0b545ffc844d92e6cab6422594626ccdbc49673dd81aef,2.492074613336115e-08
d03E,140161d99a424b2d367d4c07c1b00a91c1d35713406c144e33003cf551109d48,140161d99a424b2d367d4c07c1b00a91c1d35713406c144e33003cf551109d48:709,709,3011,417cc61df6653ffa1d9502bea3c1b82e48416cccb446ca59ca3d1d75d149c8ab,3011,40c21a14dce4bf27ee0b545ffc844d92e6cab6422594626ccdbc49673dd81aef,2.764545015132569e-08
d03E,140161d99a424b2d367d4c07c1b00a91c1d35713406c144e33003cf551109d48,140161d99a424b2d367d4c07c1b00a91c1d35713406c144e33003cf551109d48:710,710,3011,770320fe94ea70c84116a7bbb608a8e4e954858370027056df78930404061637,3011,40c21a14dce4bf27ee0b545ffc844d92e6cab6422594626ccdbc49673dd81aef,2.736306758954754e-08
d03E,140161d99a424b2d367d4c07c1b00a91c1d35713406c144e33003cf551109d48,140161d99a424b2d367d4c07c1b00a91c1d35713406c144e33003cf551109d48:711,711,3044,3563f8faed880692c348de680f4ba5d198f08247bb537ba597770b6976ae82ad,3044,b9a040dd2d9ef7cbc828c69bc498411aa6beeba2f7ee5a26a4ceb917c692ad0e,1.6782887635180543e-08
d03E,140161d99a424b2d367d4c07c1b00a91c1d35713406c144e33003cf551109d48,140161d99a424b2d367d4c07c1b00a91c1d35713406c144e33003cf551109d48:712,712,3044,c8fb03282db246993b06ef3f40f6da7f0f7e2cf01ef591569fca1167abd9d0f9,3044,b9a040dd2d9ef7cbc828c69bc498411aa6beeba2f7ee5a26a4ceb917c692ad0e,1.5009755216510712e-08
d03E,140161d99a424b2d367d4c07c1b00a91c1d35713406c144e33003cf551109d48,140161d99a424b2d367d4c07c1b00a91c1d35713406c144e33003cf551109d48:713,713,3044,b243c48f0518aa774da37b09ec00ebeb8cfdc7fd80aa180b24f8924a6969482f,3044,b9a040dd2d9ef7cbc828c69bc498411aa6beeba2f7ee5a26a4ceb917c692ad0e,2.4143551602406887e-08
d03E,140161d99a424b2d367d4c07c1b00a91c1d35713406c144e33003cf551109d48,140161d99a424b2d367d4c07c1b00a91c1d35713406c144e33003cf551109d48:714,714,3044,3563f8faed880692c348de680f4ba5d198f08247bb537ba597770b6976ae82ad,3044,b9a040dd2d9ef7cbc828c69bc498411aa6beeba2f7ee5a26a4ceb917c692ad0e,1.6782887635180543e-08
d03E,140161d99a424b2d367d4c07c1b00a91c1d35713406c144e33003cf551109d48,140161d99a424b2d367d4c07c1b00a91c1d35713406c144e33003cf551109d48:715,715,3044,8f124880bfd7653601757c911a6b6964165b1b828ba94aee2fd09f539420e21c,3044,b9a040dd2d9ef7cbc828c69bc498411aa6beeba2f7ee5a26a4ceb917c692ad0e,2.4143551602406887e-08
d03E,140161d99a424b2d367d4c07c1b00a91c1d35713406c144e33003cf551109d48,140161d99a424b2d367d4c07c1b00a91c1d35713406c144e33003cf551109d48:716,716,3068,c1156b94e6ed0afb6169681c0246949208af76a7fd5f6f7886426883023ca53f,3068,e301efd1fe028a95699a142aba07e20d2fef1db2f36b0771041a4f711c2520f3,2.8849694522214975e-08
d03E,140161d99a424b2d367d4c07c1b00a91c1d35713406c144e33003cf551109d48,140161d99a424b2d367d4c07c1b00a91c1d35713406c144e33003cf551109d48:717,717,3068,fa95fb0316ac5d5cdc6d06beddf3e1a9ca4bcd29ead4a9e51661b673e3223f0f,3068,e301efd1fe028a95699a142aba07e20d2fef1db2f36b0771041a4f711c2520f3,2.604942306305702e-08
d03E,140161d99a424b2d367d4c07c1b00a91c1d35713406c144e33003cf551109d48,140161d99a424b2d367d4c07c1b00a91c1d35713406c144e33003cf551109d48:718,718,3068,74661f258584f8ad4b95f98b26a15ad849aad11f12996ee6e05b3ab3456a3b95,3068,e301efd1fe028a95699a142aba07e20d2fef1db2f36b0771041a4f711c2520f3,1.8598842466133192e-08
d03E,140161d99a424b2d367d4c07c1b00a91c1d35713406c144e33003cf551109d48,140161d99a424b2d367d4c07c1b00a91c1d35713406c144e33003cf551109d48:719,719,3068,ef4cc1e90d56efa7040bdb2326302c1f6a74a6f16370a7fd8a893ae31cfc9ab8,3068,e301efd1fe028a95699a142aba07e20d2fef1db2f36b0771041a4f711c2520f3,3.043694052351498e-08
d03E,140161d99a424b2d367d4c07c1b00a91c1d35713406c144e33003cf551109d48,140161d99a424b2d367d4c07c1b00a91c1d35713406c144e33003cf551109d48:720,720,3068,ac71fd4fa2b0807c27112abd21d6cdaa7cd753cfd8cc5cda9de212b58aeb9e0d,3068,e301efd1fe028a95699a142aba07e20d2fef1db2f36b0771041a4f711c2520f3,1.9018335684073406e-08
d03E,140161d99a424b2d367d4c07c1b00a91c1d35713406c144e33003cf551109d48,140161d99a424b2d367d4c07c1b00a91c1d35713406c144e33003cf551109d48:721,721,3068,fa95fb0316ac5d5cdc6d06beddf3e1a9ca4bcd29ead4a9e51661b673e3223f0f,3068,e301efd1fe028a95699a142aba07e20d2fef1db2f36b0771041a4f711c2520f3,2.604942306305702e-08
d03E,140161d99a424b2d367d4c07c1b00a91c1d35713406c144e33003cf551109d48,140161d99a424b2d367d4c07c1b00a91c1d35713406c144e33003cf551109d48:722,722,3068,74661f258584f8ad4b95f98b26a15ad849aad11f12996ee6e05b3ab3456a3b95,3068,e301efd1fe028a95699a142aba07e20d2fef1db2f36b0771041a4f711c2520f3,1.8598842466133192e-08
d03E,140161d99a424b2d367d4c07c1b00a91c1d35713406c144e33003cf551109d48,140161d99a424b2d367d4c07c1b00a91c1d35713406c144e33003cf551109d48:723,723,3068,ac71fd4fa2b0807c27112abd21d6cdaa7cd753cfd8cc5cda9de212b58aeb9e0d,3068,e301efd1fe028a95699a142aba07e20d2fef1db2f36b0771041a4f711c2520f3,1.9018335684073406e-08
d03E,140161d99a424b2d367d4c07c1b00a91c1d35713406c144e33003cf551109d48,140161d99a424b2d367d4c07c1b00a91c1d35713406c144e33003cf551109d48:724,724,3068,ef4cc1e90d56efa7040bdb2326302c1f6a74a6f16370a7fd8a893ae31cfc9ab8,3068,e301efd1fe028a95699a142aba07e20d2fef1db2f36b0771041a4f711c2520f3,3.043694052351498e-08
d03E,140161d99a424b2d367d4c07c1b00a91c1d35713406c144e33003cf551109d48,140161d99a424b2d367d4c07c1b00a91c1d35713406c144e33003cf551109d48:725,725,3068,ef4cc1e90d56efa7040bdb2326302c1f6a74a6f16370a7fd8a893ae31cfc9ab8,3068,e301efd1fe028a95699a142aba07e20d2fef1db2f36b0771041a4f711c2520f3,3.043694052351498e-08
d03E,140161d99a424b2d367d4c07c1b00a91c1d35713406c144e33003cf551109d48,140161d99a424b2d367d4c07c1b00a91c1d35713406c144e33003cf551109d48:726,726,3068,74661f258584f8ad4b95f98b26a15ad849aad11f12996ee6e05b3ab3456a3b95,3068,e301efd1fe028a95699a142aba07e20d2fef1db2f36b0771041a4f711c2520f3,1.8598842466133192e-08
d03E,140161d99a424b2d367d4c07c1b00a91c1d35713406c144e33003cf551109d48,140161d99a424b2d367d4c07c1b00a91c1d35713406c144e33003cf551109d48:727,727,3068,ef4cc1e90d56efa7040bdb2326302c1f6a74a6f16370a7fd8a893ae31cfc9ab8,3068,e301efd1fe028a95699a142aba07e20d2fef1db2f36b0771041a4f711c2520f3,3.043694052351498e-08
d03E,140161d99a424b2d367d4c07c1b00a91c1d35713406c144e33003cf551109d48,140161d99a424b2d367d4c07c1b00a91c1d35713406c144e33003cf551109d48:728,728,3068,668ea6d2325829a8b618390dcff1f64ae5f8044be7c617529f144f1e6ea97632,3068,e301efd1fe028a95699a142aba07e20d2fef1db2f36b0771041a4f711c2520f3,2.1441724507020865e-08
d03E,140161d99a424b2d367d4c07c1b00a91c1d35713406c144e33003cf551109d48,140161d99a424b2d367d4c07c1b00a91c1d35713406c144e33003cf551109d48:729,729,3068,ac71fd4fa2b0807c27112abd21d6cdaa7cd753cfd8cc5cda9de212b58aeb9e0d,3068,e301efd1fe028a95699a142aba07e20d2fef1db2f36b0771041a4f711c2520f3,1.9018335684073406e-08
d03E,140161d99a424b2d367d4c07c1b00a91c1d35713406c144e33003cf551109d48,140161d99a424b2d367d4c07c1b00a91c1d35713406c144e33003cf551109d48:730,730,3104,a00b3386feea8d7e0258eb4fdf590dca68544cb08a3bda6c60976833195ee331,3104,0c327957462dd8a17090bd25b67fab0730bb4b57ba91aa0518bb77b3006fe540,2.4257182928977272e-08
d03E,140161d99a424b2d367d4c07c1b00a91c1d35713406c144e33003cf551109d48,140161d99a424b2d367d4c07c1b00a91c1d35713406c144e33003cf551109d48:731,731,3104,9351cbec2d1d2c05a403363fa049e7e1ee8c02cb627bca7e33bcf0c62d38ecad,3104,0c327957462dd8a17090bd25b67fab0730bb4b57ba91aa0518bb77b3006fe540,2.7982473227439186e-08
d03E,140161d99a424b2d367d4c07c1b00a91c1d35713406c144e33003cf551109d48,140161d99a424b2d367d4c07c1b00a91c1d35713406c144e33003cf551109d48:732,732,3104,a00b3386feea8d7e0258eb4fdf590dca68544cb08a3bda6c60976833195ee331,3104,0c327957462dd8a17090bd25b67fab0730bb4b57ba91aa0518bb77b3006fe540,2.4257182928977272e-08
d03E,140161d99a424b2d367d4c07c1b00a91c1d35713406c144e33003cf551109d48,140161d99a424b2d367d4c07c1b00a91c1d35713406c144e33003cf551109d48:733,733,3122,d1785e70237d55d07638642388b0d0166f369ca3cdf9835979bbc23824c9feed,3122,2fd5f4edeac41e9abd04c30b5a16cb57764cbebcf8eff9700de5b1022ee99fdb,2.067227677926553e-08
d03E,140161d99a424b2d367d4c07c1b00a91c1d35713406c144e33003cf551109d48,140161d99a424b2d367d4c07c1b00a91c1d35713406c144e33003cf551109d48:734,734,3122,b23472ff5f6052e83295a1df5ed9f5d37ac19d9da595cb7677886ea65eae83ec,3122,2fd5f4edeac41e9abd04c30b5a16cb57764cbebcf8eff9700de5b1022ee99fdb,2.067227677926553e-08
d03E,140161d99a424b2d367d4c07c1b00a91c1d35713406c144e33003cf551109d48,140161d99a424b2d367d4c07c1b00a91c1d35713406c144e33003cf551109d48:735,735,3122,6bb851190fc67295cbdd39de518f660b54c65de7d31a4af0e82feeb2256e87e1,3122,2fd5f4edeac41e9abd04c30b5a16cb57764cbebcf8eff9700de5b1022ee99fdb,2.067227677926553e-08
d03E,140161d99a424b2d367d4c07c1b00a91c1d35713406c144e33003cf551109d48,140161d99a424b2d367d4c07c1b00a91c1d35713406c144e33003cf551109d48:736,736,3128,82a042cbfce04040fc345c9bd0d7ec241071f2dc54b4ddea323b485a8f558ff8,3128,ec8a02d4ad5cfb247a354fb40bb7ef7f96c97c3c2087e4656b92dd45540a9457,2.7734548657676328e-08
d03E,140161d99a424b2d367d4c07c1b00a91c1d35713406c144e33003cf551109d48,140161d99a424b2d367d4c07c1b00a91c1d35713406c144e33003cf551109d48:737,737,3128,8bf5f59baac744ebf89dbb6e26cdf4aa38dbe81672c560d0734e9000999da3ae,3128,ec8a02d4ad5cfb247a354fb40bb7ef7f96c97c3c2087e4656b92dd45540a9457,3.0528516381522763e-08
d03E,140161d99a424b2d367d4c07c1b00a91c1d35713406c144e33003cf551109d48,140161d99a424b2d367d4c07c1b00a91c1d35713406c144e33003cf551109d48:738,738,3136,b89161e660c0bb5ca40142982a488e70b1bb7a11daedce11731428fe70e59cbc,3136,6a254888768d9d035dd91f407e165f21952ea45347687c53c08f14879fbf41c2,1.999861443113815e-08
d03E,140161d99a424b2d367d4c07c1b00a91c1d35713406c144e33003cf551109d48,140161d99a424b2d367d4c07c1b00a91c1d35713406c144e33003cf551109d48:739,739,3136,04e5e6deee225dc6a2d5dfc96f2728360fcbb3010212d35c49f6cdd8be6a17be,3136,6a254888768d9d035dd91f407e165f21952ea45347687c53c08f14879fbf41c2,1.999861443113815e-08
d03E,140161d99a424b2d367d4c07c1b00a91c1d35713406c144e33003cf551109d48,140161d99a424b2d367d4c07c1b00a91c1d35713406c144e33003cf551109d48:740,740,3136,56cacebfdc0d38f71e9d59dc9920e73ae4538bf55661cad529e68530daab2bfa,3136,6a254888768d9d035dd91f407e165f21952ea45347687c53c08f14879fbf41c2,1.4588629360101635e-08
d03E,140161d99a424b2d367d4c07c1b00a91c1d35713406c144e33003cf551109d48,140161d99a424b2d367d4c07c1b00a91c1d35713406c144e33003cf551109d48:741,741,3136,56cacebfdc0d38f71e9d59dc9920e73ae4538bf55661cad529e68530daab2bfa,3136,6a254888768d9d035dd91f407e165f21952ea45347687c53c08f14879fbf41c2,1.4588629360101635e-08
d03E,140161d99a424b2d367d4c07c1b00a91c1d35713406c144e33003cf551109d48,140161d99a424b2d367d4c07c1b00a91c1d35713406c144e33003cf551109d48:742,742,3136,926404dfc79a2d88bfc6c4dbc8aa258453491098cf272ea57b61f643568f3058,3136,6a254888768d9d035dd91f407e165f21952ea45347687c53c08f14879fbf41c2,2.744919502806198e-08
d03E,140161d99a424b2d367d4c07c1b00a91c1d35713406c144e33003cf551109d48,140161d99a424b2d367d4c07c1b00a91c1d35713406c144e33003cf551109d48:743,743,3136,56cacebfdc0d38f71e9d59dc9920e73ae4538bf55661cad529e68530daab2bfa,3136,6a254888768d9d035dd91f407e165f21952ea45347687c53c08f14879fbf41c2,1.4588629360101635e-08
d03E,140161d99a424b2d367d4c07c1b00a91c1d35713406c144e33003cf551109d48,140161d99a424b2d367d4c07c1b00a91c1d35713406c144e33003cf551109d48:744,744,3176,1e2209de208786293f56d1dc85d9228f052cb740e8b96c060b70f63991e9510e,3176,f08136207d40e5948ff79da67d3d81a839a62e2bb99b6c77d9c51d6b8219e849,2.56133022569216e-08
d03E,140161d99a424b2d367d4c07c1b00a91c1d35713406c144e33003cf551109d48,140161d99a424b2d367d4c07c1b00a91c1d35713406c144e33003cf551109d48:745,745,3176,f02f218f3d91e06d4d6ea9b03b25c9f38e7353ec4dd224997dca6acb6d2175df,3176,f08136207d40e5948ff79da67d3d81a839a62e2bb99b6c77d9c51d6b8219e849,2.56133022569216e-08
d03E,140161d99a424b2d367d4c07c1b00a91c1d35713406c144e33003cf551109d48,140161d99a424b2d367d4c07c1b00a91c1d35713406c144e33003cf551109d48:746,746,3180,f9406a222a76e3ab7ceddedde5b3c2374bf88bbfb0b5abf87152f3e0ee08c290,3180,9808d97911840bbd9c3aad1d5ab51967d1c5a23d1a4c2d0bf1b1fc2296fbb2fe,1.8259233680595344e-08
d03E,140161d99a424b2d367d4c07c1b00a91c1d35713406c144e33003cf551109d48,140161d99a424b2d367d4c07c1b00a91c1d35713406c144e33003cf551109d48:747,747,3180,d31b88846b9d2a8f619523c57e41a4c0eb9918f0dfcd89ab456dc8b533edfd5e,3180,9808d97911840bbd9c3aad1d5ab51967d1c5a23d1a4c2d0bf1b1fc2296fbb2fe,2.0433180036860676e-08
d03E,140161d99a424b2d367d4c07c1b00a91c1d35713406c144e33003cf551109d48,140161d99a424b2d367d4c07c1b00a91c1d35713406c144e33003cf551109d48:748,748,3180,d31b88846b9d2a8f619523c57e41a4c0eb9918f0dfcd89ab456dc8b533edfd5e,3180,9808d97911840bbd9c3aad1d5ab51967d1c5a23d1a4c2d0bf1b1fc2296fbb2fe,2.0433180036860676e-08
d03E,140161d99a424b2d367d4c07c1b00a91c1d35713406c144e33003cf551109d48,140161d99a424b2d367d4c07c1b00a91c1d35713406c144e33003cf551109d48:749,749,3180,7c96d8bfb7bf7e7568fd7b1ad0ddc0b4bfad1806671df6446ebcc9bcbc32f29f,3180,9808d97911840bbd9c3aad1d5ab51967d1c5a23d1a4c2d0bf1b1fc2296fbb2fe,2.0433180036860676e-08
d03E,140161d99a424b2d367d4c07c1b00a91c1d35713406c144e33003cf551109d48,140161d99a424b2d367d4c07c1b00a91c1d35713406c144e33003cf551109d48:750,750,3180,2e0ca405256c75c6142f59ef9fb08ee5aba572aa6a85b2137c4fdfb5705febf1,3180,9808d97911840bbd9c3aad1d5ab51967d1c5a23d1a4c2d0bf1b1fc2296fbb2fe,2.9358402819923413e-08
d03E,140161d99a424b2d367d4c07c1b00a91c1d35713406c144e33003cf551109d48,140161d99a424b2d367d4c07c1b00a91c1d35713406c144e33003cf551109d48:751,751,3180,2206ee6841b087b8e52a4997ad5dea8f43f1eab86bd7b62179555f8efde5bd89,3180,9808d97911840bbd9c3aad1d5ab51967d1c5a23d1a4c2d0bf1b1fc2296fbb2fe,1.5345080761619556e-08
d03E,140161d99a424b2d367d4c07c1b00a91c1d35713406c144e33003cf551109d48,140161d99a424b2d367d4c07c1b00a91c1d35713406c144e33003cf551109d48:752,752,3180,0fca0af22b82f7639dc3486efe2df56d6364e1d4db378288f204c9edfeac79ce,3180,9808d97911840bbd9c3aad1d5ab51967d1c5a23d1a4c2d0bf1b1fc2296fbb2fe,3.10914303192078e-08
d03E,140161d99a424b2d367d4c07c1b00a91c1d35713406c144e33003cf551109d48,140161d99a424b2d367d4c07c1b00a91c1d35713406c144e33003cf551109d48:753,753,3180,2f34dd4d827b15de1ca59fb563ab180ce0d23f0be21e8f2b79a68c4ea0d32bbd,3180,9808d97911840bbd9c3aad1d5ab51967d1c5a23d1a4c2d0bf1b1fc2296fbb2fe,1.8259233680595344e-08
d03E,140161d99a424b2d367d4c07c1b00a91c1d35713406c144e33003cf551109d48,140161d99a424b2d367d4c07c1b00a91c1d35713406c144e33003cf551109d48:754,754,3180,8ee1d6e3a108ca4930a799d6233929a778e2da130900327caf772c1509c62081,3180,9808d97911840bbd9c3aad1d5ab51967d1c5a23d1a4c2d0bf1b1fc2296fbb2fe,2.6520951657005298e-08
d03E,140161d99a424b2d367d4c07c1b00a91c1d35713406c144e33003cf551109d48,140161d99a424b2d367d4c07c1b00a91c1d35713406c144e33003cf551109d48:755,755,3180,8ee1d6e3a108ca4930a799d6233929a778e2da130900327caf772c1509c62081,3180,9808d97911840bbd9c3aad1d5ab51967d1c5a23d1a4c2d0bf1b1fc2296fbb2fe,2.6520951657005298e-08
d03E,140161d99a424b2d367d4c07c1b00a91c1d35713406c144e33003cf551109d48,140161d99a424b2d367d4c07c1b00a91c1d35713406c144e33003cf551109d48:756,756,3180,3b9344dc68b65adb33e67624c2cde3bd6e77144104f8380c10b6f22f96494e49,3180,9808d97911840bbd9c3aad1d5ab51967d1c5a23d1a4c2d0bf1b1fc2296fbb2fe,2.8513214456182823e-08
d03E,140161d99a424b2d367d4c07c1b00a91c1d35713406c144e33003cf551109d48,140161d99a424b2d367d4c07c1b00a91c1d35713406c144e33003cf551109d48:757,757,3180,8ee1d6e3a108ca4930a799d6233929a778e2da130900327caf772c1509c62081,3180,9808d97911840bbd9c3aad1d5ab51967d1c5a23d1a4c2d0bf1b1fc2296fbb2fe,2.6520951657005298e-08
d03E,140161d99a424b2d367d4c07c1b00a91c1d35713406c144e33003cf551109d48,140161d99a424b2d367d4c07c1b00a91c1d35713406c144e33003cf551109d48:758,758,3191,82b540fe06d76b68a593892d903875653270d26a4d0858dbd11d3343f2ec0399,3191,3b71cc72c7133816487e0051e11d13112f827cc6a4c09095029068f0be1eb5c4,2.4370486295666183e-08
d03E,140161d99a424b2d367d4c07c1b00a91c1d35713406c144e33003cf551109d48,140161d99a424b2d367d4c07c1b00a91c1d35713406c144e33003cf551109d48:759,759,3191,82b540fe06d76b68a593892d903875653270d26a4d0858dbd11d3343f2ec0399,3191,3b71cc72c7133816487e0051e11d13112f827cc6a4c09095029068f0be1eb5c4,2.4370486295666183e-08
d03E,140161d99a424b2d367d4c07c1b00a91c1d35713406c144e33003cf551109d48,140161d99a424b2d367d4c07c1b00a91c1d35713406c144e33003cf551109d48:760,760,3208,a4e4677914fb0677b3030b35efba0912bdddbdc0eab09c81e578b0156036db93,3208,c49fb8c6762df2a67ff8f66b3a2707693904ab0eb783584da684eecc5ff1eb26,2.6618151793833533e-08
d03E,140161d99a424b2d367d4c07c1b00a91c1d35713406c144e33003cf551109d48,140161d99a424b2d367d4c07c1b00a91c1d35713406c144e33003cf551109d48:761,761,3208,72e5f0adb8b78cc2b68c9d2f50f20872b946ec1846ced6508e534119915fd33d,3208,c49fb8c6762df2a67ff8f66b3a2707693904ab0eb783584da684eecc5ff1eb26,2.720963410141053e-08
d03E,140161d99a424b2d367d4c07c1b00a91c1d35713406c144e33003cf551109d48,140161d99a424b2d367d4c07c1b00a91c1d35713406c144e33003cf551109d48:762,762,3208,bb529fc471f7ce8d808212b0dd3662c3433d7a03c70d71a4d8534371ba718df3,3208,c49fb8c6762df2a67ff8f66b3a2707693904ab0eb783584da684eecc5ff1eb26,1.2712095154299163e-08
d03E,140161d99a424b2d367d4c07c1b00a91c1d35713406c144e33003cf551109d48,140161d99a424b2d367d4c07c1b00a91c1d35713406c144e33003cf551109d48:763,763,3208,527c3478e46e8acc7ec11124cd99f7896868064a3b7ef0ce0004cb837273154f,3208,c49fb8c6762df2a67ff8f66b3a2707693904ab0eb783584da684eecc5ff1eb26,2.2293105139681302e-08
d03E,140161d99a424b2d367d4c07c1b00a91c1d35713406c144e33003cf551109d48,140161d99a424b2d367d4c07c1b00a91c1d35713406c144e33003cf551109d48:764,764,3208,8d80315d3c0078df2085505ba98a4e0c162f4e71d6e07463b4c3176b7bf244a8,3208,c49fb8c6762df2a67ff8f66b3a2707693904ab0eb783584da684eecc5ff1eb26,2.8669720375518182e-08
d03E,140161d99a424b2d367d4c07c1b00a91c1d35713406c144e33003cf551109d48,140161d99a424b2d367d4c07c1b00a91c1d35713406c144e33003cf551109d48:765,765,3208,6d24daaebf3631b65ed5addccd8a723849eb6f6ddbe46c4be9d199833a8d4736,3208,c49fb8c6762df2a67ff8f66b3a2707693904ab0eb783584da684eecc5ff1eb26,1.9167571196909705e-08
d03E,140161d99a424b2d367d4c07c1b00a91c1d35713406c144e33003cf551109d48,140161d99a424b2d367d4c07c1b00a91c1d35713406c144e33003cf551109d48:766,766,3208,8d80315d3c0078df2085505ba98a4e0c162f4e71d6e07463b4c3176b7bf244a8,3208,c49fb8c6762df2a67ff8f66b3a2707693904ab0eb783584da684eecc5ff1eb26,2.8669720375518182e-08
d03E,140161d99a424b2d367d4c07c1b00a91c1d35713406c144e33003cf551109d48,140161d99a424b2d367d4c07c1b00a91c1d35713406c144e33003cf551109d48:767,767,3208,72e5f0adb8b78cc2b68c9d2f50f20872b946ec1846ced6508e534119915fd33d,3208,c49fb8c6762df2a67ff8f66b3a2707693904ab0eb783584da684eecc5ff1eb26,2.720963410141053e-08
d03E,140161d99a424b2d367d4c07c1b00a91c1d35713406c144e33003cf551109d48,140161d99a424b2d367d4c07c1b00a91c1d35713406c144e33003cf551109d48:768,768,3208,6d24daaebf3631b65ed5addccd8a723849eb6f6ddbe46c4be9d199833a8d4736,3208,c49fb8c6762df2a67ff8f66b3a2707693904ab0eb783584da684eecc5ff1eb26,1.9167571196909705e-08
d03E,140161d99a424b2d367d4c07c1b00a91c1d35713406c144e33003cf551109d48,140161d99a424b2d367d4c07c1b00a91c1d35713406c144e33003cf551109d48:769,769,3208,72e5f0adb8b78cc2b68c9d2f50f20872b946ec1846ced6508e534119915fd33d,3208,c49fb8c6762df2a67ff8f66b3a2707693904ab0eb783584da684eecc5ff1eb26,2.720963410141053e-08
d03E,140161d99a424b2d367d4c07c1b00a91c1d35713406c144e33003cf551109d48,140161d99a424b2d367d4c07c1b00a91c1d35713406c144e33003cf551109d48:770,770,3208,6d24daaebf3631b65ed5addccd8a723849eb6f6ddbe46c4be9d199833a8d4736,3208,c49fb8c6762df2a67ff8f66b3a2707693904ab0eb783584da684eecc5ff1eb26,1.9167571196909705e-08
d03E,140161d99a424b2d367d4c07c1b00a91c1d35713406c144e33003cf551109d48,140161d99a424b2d367d4c07c1b00a91c1d35713406c144e33003cf551109d48:771,771,3208,a4e4677914fb0677b3030b35efba0912bdddbdc0eab09c81e578b0156036db93,3208,c49fb8c6762df2a67ff8f66b3a2707693904ab0eb783584da684eecc5ff1eb26,2.6618151793833533e-08
d03E,140161d99a424b2d367d4c07c1b00a91c1d35713406c144e33003cf551109d48,140161d99a424b2d367d4c07c1b00a91c1d35713406c144e33003cf551109d48:772,772,3208,105ed792117267d7f8b48f8c5d7b21d8239c08073a4214b0c62b8b3ae490f71b,3208,c49fb8c6762df2a67ff8f66b3a2707693904ab0eb783584da684eecc5ff1eb26,2.4518132635265033e-08
d03E,140161d99a424b2d367d4c07c1b00a91c1d35713406c144e33003cf551109d48,140161d99a424b2d367d4c07c1b00a91c1d35713406c144e33003cf551109d48:773,773,3208,a4e4677914fb0677b3030b35efba0912bdddbdc0eab09c81e578b0156036db93,3208,c49fb8c6762df2a67ff8f66b3a2707693904ab0eb783584da684eecc5ff1eb26,2.6618151793833533e-08
d03E,140161d99a424b2d367d4c07c1b00a91c1d35713406c144e33003cf551109d48,140161d99a424b2d367d4c07c1b00a91c1d35713406c144e33003cf551109d48:774,774,3208,3850600e446d32002739edff0debab53302148600f9ee002ef5cbf2d77ad61b0,3208,c49fb8c6762df2a67ff8f66b3a2707693904ab0eb783584da684eecc5ff1eb26,2.0185350946277936e-08
d03E,140161d99a424b2d367d4c07c1b00a91c1d35713406c144e33003cf551109d48,140161d99a424b2d367d4c07c1b00a91c1d35713406c144e33003cf551109d48:775,775,3208,68ae2e8d17287a513db58d09de09643d50801b6943256eefb98a6b558121a9bc,3208,c49fb8c6762df2a67ff8f66b3a2707693904ab0eb783584da684eecc5ff1eb26,2.6018395438143216e-08
d03E,140161d99a424b2d367d4c07c1b00a91c1d35713406c144e33003cf551109d48,140161d99a424b2d367d4c07c1b00a91c1d35713406c144e33003cf551109d48:776,776,3208,105ed792117267d7f8b48f8c5d7b21d8239c08073a4214b0c62b8b3ae490f71b,3208,c49fb8c6762df2a67ff8f66b3a2707693904ab0eb783584da684eecc5ff1eb26,2.4518132635265033e-08
d03E,140161d99a424b2d367d4c07c1b00a91c1d35713406c144e33003cf551109d48,140161d99a424b2d367d4c07c1b00a91c1d35713406c144e33003cf551109d48:777,777,3208,6d24daaebf3631b65ed5addccd8a723849eb6f6ddbe46c4be9d199833a8d4736,3208,c49fb8c6762df2a67ff8f66b3a2707693904ab0eb783584da684eecc5ff1eb26,1.9167571196909705e-08
d03E,140161d99a424b2d367d4c07c1b00a91c1d35713406c144e33003cf551109d48,140161d99a424b2d367d4c07c1b00a91c1d35713406c144e33003cf551109d48:778,778,3218,23dd07c797bebcf412026bb268a570249379dacda22e4a3132aef4527f866f10,3218,f7556164c7e54e4425b88f14914a91a77f736bf5e01c8b5054bfe652cd4de5f9,2.8923205497299875e-08
d03E,140161d99a424b2d367d4c07c1b00a91c1d35713406c144e33003cf551109d48,140161d99a424b2d367d4c07c1b00a91c1d35713406c144e33003cf551109d48:779,779,3218,c3c6dd1fef48dbbea4e282f10b6482e1405071c89e5a3d2a10551e162a7b9dab,3218,f7556164c7e54e4425b88f14914a91a77f736bf5e01c8b5054bfe652cd4de5f9,2.7274654534892306e-08
d03E,140161d99a424b2d367d4c07c1b00a91c1d35713406c144e33003cf551109d48,140161d99a424b2d367d4c07c1b00a91c1d35713406c144e33003cf551109d48:780,780,3218,a8c5b7b9b77d3f5584d26671e16097b681b013a5c58ffcd6547cc92c9c834c30,3218,f7556164c7e54e4425b88f14914a91a77f736bf5e01c8b5054bfe652cd4de5f9,2.6245653095280375e-08
d03E,140161d99a424b2d367d4c07c1b00a91c1d35713406c144e33003cf551109d48,140161d99a424b2d367d4c07c1b00a91c1d35713406c144e33003cf551109d48:781,781,3218,9d03e97f076d13563e41ee0c6f67d04308486fb42d5617f6967ec7968489ac2b,3218,f7556164c7e54e4425b88f14914a91a77f736bf5e01c8b5054bfe652cd4de5f9,2.6245653095280375e-08
d03E,140161d99a424b2d367d4c07c1b00a91c1d35713406c144e33003cf551109d48,140161d99a424b2d367d4c07c1b00a91c1d35713406c144e33003cf551109d48:782,782,3218,a8c5b7b9b77d3f5584d26671e16097b681b013a5c58ffcd6547cc92c9c834c30,3218,f7556164c7e54e4425b88f14914a91a77f736bf5e01c8b5054bfe652cd4de5f9,2.6245653095280375e-08
d03E,140161d99a424b2d367d4c07c1b00a91c1d35713406c144e33003cf551109d48,140161d99a424b2d367d4c07c1b00a91c1d35713406c144e33003cf551109d48:783,783,3218,a8c5b7b9b77d3f5584d26671e16097b681b013a5c58ffcd6547cc92c9c834c30,3218,f7556164c7e54e4425b88f14914a91a77f736bf5e01c8b5054bfe652cd4de5f9,2.6245653095280375e-08
d03E,140161d99a424b2d367d4c07c1b00a91c1d35713406c144e33003cf551109d48,140161d99a424b2d367d4c07c1b00a91c1d35713406c144e33003cf551109d48:784,784,3218,a8c5b7b9b77d3f5584d26671e16097b681b013a5c58ffcd6547cc92c9c834c30,3218,f7556164c7e54e4425b88f14914a91a77f736bf5e01c8b5054bfe652cd4de5f9,2.6245653095280375e-08
d03E,140161d99a424b2d367d4c07c1b00a91c1d35713406c144e33003cf551109d48,140161d99a424b2d367d4c07c1b00a91c1d35713406c144e33003cf551109d48:785,785,3218,c3c6dd1fef48dbbea4e282f10b6482e1405071c89e5a3d2a10551e162a7b9dab,3218,f7556164c7e54e4425b88f14914a91a77f736bf5e01c8b5054bfe652cd4de5f9,2.7274654534892306e-08
d03E,140161d99a424b2d367d4c07c1b00a91c1d35713406c144e33003cf551109d48,140161d99a424b2d367d4c07c1b00a91c1d35713406c144e33003cf551109d48:786,786,3218,f4646e276217c6a80b57d0dd6673ae42c5bb400c4a66525e15875d3466799185,3218,f7556164c7e54e4425b88f14914a91a77f736bf5e01c8b5054bfe652cd4de5f9,1.8469131113363346e-08
d03E,140161d99a424b2d367d4c07c1b00a91c1d35713406c144e33003cf551109d48,140161d99a424b2d367d4c07c1b00a91c1d35713406c144e33003cf551109d48:787,787,3247,c92186de8d07d4708641449b0c28299cc896b3d6dcc4139c180735997180b8d6,3247,8c5f5e2bf45bfa38d5491c69e5825e9dac50688d4faa5e10e8b6bcf7a3c8fb3c,1.9475542512026323e-08
d03E,140161d99a424b2d367d4c07c1b00a91c1d35713406c144e33003cf551109d48,140161d99a424b2d367d4c07c1b00a91c1d35713406c144e33003cf551109d48:788,788,3247,c92186de8d07d4708641449b0c28299cc896b3d6dcc4139c180735997180b8d6,3247,8c5f5e2bf45bfa38d5491c69e5825e9dac50688d4faa5e10e8b6bcf7a3c8fb3c,1.9475542512026323e-08
d03E,140161d99a424b2d367d4c07c1b00a91c1d35713406c144e33003cf551109d48,140161d99a424b2d367d4c07c1b00a91c1d35713406c144e33003cf551109d48:789,789,3247,ef7a9d9f6018bd1315516d58729cd6a88da71df6b7b81ce22f5fe54b2f7d56f2,3247,8c5f5e2bf45bfa38d5491c69e5825e9dac50688d4faa5e10e8b6bcf7a3c8fb3c,3.250565594470345e-08
d03E,140161d99a424b2d367d4c07c1b00a91c1d35713406c144e33003cf551109d48,140161d99a424b2d367d4c07c1b00a91c1d35713406c144e33003cf551109d48:790,790,3247,d5dcc16b8f05924763df507d87de47fa0b3db315e35c48b8e4e3eb6bf933887a,3247,8c5f5e2bf45bfa38d5491c69e5825e9dac50688d4faa5e10e8b6bcf7a3c8fb3c,2.3100823032251583e-08
d03E,140161d99a424b2d367d4c07c1b00a91c1d35713406c144e33003cf551109d48,140161d99a424b2d367d4c07c1b00a91c1d35713406c144e33003cf551109d48:791,791,3247,ef7a9d9f6018bd1315516d58729cd6a88da71df6b7b81ce22f5fe54b2f7d56f2,3247,8c5f5e2bf45bfa38d5491c69e5825e9dac50688d4faa5e10e8b6bcf7a3c8fb3c,3.250565594470345e-08
d03E,140161d99a424b2d367d4c07c1b00a91c1d35713406c144e33003cf551109d48,140161d99a424b2d367d4c07c1b00a91c1d35713406c144e33003cf551109d48:792,792,3247,bf74c5f1451e723310c4786d24d313a7359214ee4b595a7a773495b2b0dc5ec4,3247,8c5f5e2bf45bfa38d5491c69e5825e9dac50688d4faa5e10e8b6bcf7a3c8fb3c,1.9004583018400467e-08
d03E,140161d99a424b2d367d4c07c1b00a91c1d35713406c144e33003cf551109d48,140161d99a424b2d367d4c07c1b00a91c1d35713406c144e33003cf551109d48:793,793,3247,ef7a9d9f6018bd1315516d58729cd6a88da71df6b7b81ce22f5fe54b2f7d56f2,3247,8c5f5e2bf45bfa38d5491c69e5825e9dac50688d4faa5e10e8b6bcf7a3c8fb3c,3.250565594470345e-08
d03E,140161d99a424b2d367d4c07c1b00a91c1d35713406c144e33003cf551109d48,140161d99a424b2d367d4c07c1b00a91c1d35713406c144e33003cf551109d48:794,794,3256,037e6dd97e2cf96e440cdf3189bcfc073e554bb6aad2f50c03870cbc6303b2fe,3256,06869eb6db367a805d52a41e7a04f9bc3d6136e41885a91bfad8e877eefa6054,1.041323649531023e-08
d03E,140161d99a424b2d367d4c07c1b00a91c1d35713406c144e33003cf551109d48,140161d99a424b2d367d4c07c1b00a91c1d35713406c144e33003cf551109d48:795,795,3256,6fdf3d5c726b013c3573a2a2e1f98e0d13bd001057ae2e1ae920edaeb1df2f2a,3256,06869eb6db367a805d52a41e7a04f9bc3d6136e41885a91bfad8e877eefa6054,1.3871404247467467e-08
d03E,140161d99a424b2d367d4c07c1b00a91c1d35713406c144e33003cf551109d48,140161d99a424b2d367d4c07c1b00a91c1d35713406c144e33003cf551109d48:796,796,3256,09c404d62a1c9d1fe08139678a7953559f77aaeac4e2a61a168a97959e268a24,3256,06869eb6db367a805d52a41e7a04f9bc3d6136e41885a91bfad8e877eefa6054,1.4727449149098959e-08
d03E,140161d99a424b2d367d4c07c1b00a91c1d35713406c144e33003cf551109d48,140161d99a424b2d367d4c07c1b00a91c1d35713406c144e33003cf551109d48:797,797,3256,09c404d62a1c9d1fe08139678a7953559f77aaeac4e2a61a168a97959e268a24,3256,06869eb6db367a805d52a41e7a04f9bc3d6136e41885a91bfad8e877eefa6054,1.4727449149098959e-08
d03E,140161d99a424b2d367d4c07c1b00a91c1d35713406c144e33003cf551109d48,140161d99a424b2d367d4c07c1b00a91c1d35713406c144e33003cf551109d48:798,798,3256,90f32a0865ae3434ddc8782d5624a8a4dbd61fffd7ab8a248b2c0cde2b40582b,3256,06869eb6db367a805d52a41e7a04f9bc3d6136e41885a91bfad8e877eefa6054,2.453697445226055e-08
d03E,140161d99a424b2d367d4c07c1b00a91c1d35713406c144e33003cf551109d48,140161d99a424b2d367d4c07c1b00a91c1d35713406c144e33003cf551109d48:799,799,3256,b896ac7fb65987b79921a53cf28830288159f70d78a5fb5bc557ea662da3c589,3256,06869eb6db367a805d52a41e7a04f9bc3d6136e41885a91bfad8e877eefa6054,2.636898133179244e-08
d03E,140161d99a424b2d367d4c07c1b00a91c1d35713406c144e33003cf551109d48,140161d99a424b2d367d4c07c1b00a91c1d35713406c144e33003cf551109d48:800,800,3256,e6a19db051c084f23ac71f6b3211ac8dc02c342a15c3d20d5a283805163c1d2a,3256,06869eb6db367a805d52a41e7a04f9bc3d6136e41885a91bfad8e877eefa6054,2.8930118411985006e-08
d03E,140161d99a424b2d367d4c07c1b00a91c1d35713406c144e33003cf551109d48,140161d99a424b2d367d4c07c1b00a91c1d35713406c144e33003cf551109d48:801,801,3256,188c67e7069608ec200d59bb9e81343ea223ab2fb85aac5e7e9cb77f58efde84,3256,06869eb6db367a805d52a41e7a04f9bc3d6136e41885a91bfad8e877eefa6054,2.2059792548212442e-08
d03E,140161d99a424b2d367d4c07c1b00a91c1d35713406c144e33003cf551109d48,140161d99a424b2d367d4c07c1b00a91c1d35713406c144e33003cf551109d48:802,802,3258,12364e1fec740b6a5664c2fc12cab7396e3479fa441a2b428e507240bcc35611,3258,f727a22ae8dbcec069096114286fe2843ec17e97460abbe49ed37a8b65d9eede,2.7398808888356996e-08
d03E,140161d99a424b2d367d4c07c1b00a91c1d35713406c144e33003cf551109d48,140161d99a424b2d367d4c07c1b00a91c1d35713406c144e33003cf551109d48:803,803,3258,c37a7abebab534a3f9de2cac44f2da335644b512c6692d42e49c6a77012a5dfd,3258,f727a22ae8dbcec069096114286fe2843ec17e97460abbe49ed37a8b65d9eede,1.6007351888447374e-08
d03E,140161d99a424b2d367d4c07c1b00a91c1d35713406c144e33003cf551109d48,140161d99a424b2d367d4c07c1b00a91c1d35713406c144e33003cf551109d48:804,804,3258,4703a05c0cbfc5da346fe6adbeadf9b5e8506edc5660430eb466d69fb678860b,3258,f727a22ae8dbcec069096114286fe2843ec17e97460abbe49ed37a8b65d9eede,2.7398808888356996e-08
d03E,140161d99a424b2d367d4c07c1b00a91c1d35713406c144e33003cf551109d48,140161d99a424b2d367d4c07c1b00a91c1d35713406c144e33003cf551109d48:805,805,3260,67fbc341f5bc54dedb3904f45e6e4d050d45a14955cd6cbd69e2f0aea0f64e0c,3260,d9fb799f8c9a2a4be543009c76c1cb3dfa3556a3c326111e10d50db11ea0bea6,2.4138574694632098e-08
d03E,140161d99a424b2d367d4c07c1b00a91c1d35713406c144e33003cf551109d48,140161d99a424b2d367d4c07c1b00a91c1d35713406c144e33003cf551109d48:806,806,3260,55cdab86e686baa8a6b8322747f167d016685b149a4108456912ca81e2eafdee,3260,d9fb799f8c9a2a4be543009c76c1cb3dfa3556a3c326111e10d50db11ea0bea6,2.6932542418478533e-08
d03E,140161d99a424b2d367d4c07c1b00a91c1d35713406c144e33003cf551109d48,140161d99a424b2d367d4c07c1b00a91c1d35713406c144e33003cf551109d48:807,807,3303,680515e8d5db981afc4bb65102f9b25c6d6a1edd4843bd0d367744b3882febc1,3303,917f4850430dafafed343a459f220a8d63b26adae961282f16c4f8d686bda2ac,2.749834526749595e-08
d03E,140161d99a424b2d367d4c07c1b00a91c1d35713406c144e33003cf551109d48,140161d99a424b2d367d4c07c1b00a91c1d35713406c144e33003cf551109d48:808,808,3303,79cd8e2671339d0025c83f04fd368b078667ebb0b8af4cf58c73224788cc73bc,3303,917f4850430dafafed343a459f220a8d63b26adae961282f16c4f8d686bda2ac,2.4029619183352224e-08
d03E,140161d99a424b2d367d4c07c1b00a91c1d35713406c144e33003cf551109d48,140161d99a424b2d367d4c07c1b00a91c1d35713406c144e33003cf551109d48:809,809,3303,ed2fc346e62d71bd37f76719ac380692f218c3db45d8d359341d3ee28cb705af,3303,917f4850430dafafed343a459f220a8d63b26adae961282f16c4f8d686bda2ac,2.749834526749595e-08
d03E,140161d99a424b2d367d4c07c1b00a91c1d35713406c144e33003cf551109d48,140161d99a424b2d367d4c07c1b00a91c1d35713406c144e33003cf551109d48:810,810,3303,344562aac006ad8c5b2f5bfe128fed63babb3ab548842b7805c2efe1922cc18e,3303,917f4850430dafafed343a459f220a8d63b26adae961282f16c4f8d686bda2ac,2.4198156589605446e-08
d03E,140161d99a424b2d367d4c07c1b00a91c1d35713406c144e33003cf551109d48,140161d99a424b2d367d4c07c1b00a91c1d35713406c144e33003cf551109d48:811,811,3303,b9751ad2b84365667236d5dfe8f0114c2fa03482ef4081af303bda5ce5f01277,3303,917f4850430dafafed343a459f220a8d63b26adae961282f16c4f8d686bda2ac,2.9442399740453595e-08
d03E,140161d99a424b2d367d4c07c1b00a91c1d35713406c144e33003cf551109d48,140161d99a424b2d367d4c07c1b00a91c1d35713406c144e33003cf551109d48:812,812,3303,344562aac006ad8c5b2f5bfe128fed63babb3ab548842b7805c2efe1922cc18e,3303,917f4850430dafafed343a459f220a8d63b26adae961282f16c4f8d686bda2ac,2.4198156589605446e-08
d03E,140161d99a424b2d367d4c07c1b00a91c1d35713406c144e33003cf551109d48,140161d99a424b2d367d4c07c1b00a91c1d35713406c144e33003cf551109d48:813,813,3303,79cd8e2671339d0025c83f04fd368b078667ebb0b8af4cf58c73224788cc73bc,3303,917f4850430dafafed343a459f220a8d63b26adae961282f16c4f8d686bda2ac,2.4029619183352224e-08
d03E,140161d99a424b2d367d4c07c1b00a91c1d35713406c144e33003cf551109d48,140161d99a424b2d367d4c07c1b00a91c1d35713406c144e33003cf551109d48:814,814,3303,6ef6baccb2b33535f74665a1316721bd18fda7d4de7069f1e6b3a29e91133c96,3303,917f4850430dafafed343a459f220a8d63b26adae961282f16c4f8d686bda2ac,2.27116644380132e-08
d03E,140161d99a424b2d367d4c07c1b00a91c1d35713406c144e33003cf551109d48,140161d99a424b2d367d4c07c1b00a91c1d35713406c144e33003cf551109d48:815,815,3340,0f5a50630ba5b8349481d5db0b47f1dd0e966fae0575493f4aaefb08749b34cf,3340,5c28a59d810197dc22a02b92834270ff11d52bbb95ddb757f674537600a18b22,2.5947220816391336e-08
d03E,140161d99a424b2d367d4c07c1b00a91c1d35713406c144e33003cf551109d48,140161d99a424b2d367d4c07c1b00a91c1d35713406c144e33003cf551109d48:816,816,3340,67eac382545adb8d1cd7c32d3267a907b3e771dabaa4bfaac41543376f933720,3340,5c28a59d810197dc22a02b92834270ff11d52bbb95ddb757f674537600a18b22,2.967251111485325e-08
d03E,140161d99a424b2d367d4c07c1b00a91c1d35713406c144e33003cf551109d48,140161d99a424b2d367d4c07c1b00a91c1d35713406c144e33003cf551109d48:817,817,3340,0f5a50630ba5b8349481d5db0b47f1dd0e966fae0575493f4aaefb08749b34cf,3340,5c28a59d810197dc22a02b92834270ff11d52bbb95ddb757f674537600a18b22,2.5947220816391336e-08
d03E,140161d99a424b2d367d4c07c1b00a91c1d35713406c144e33003cf551109d48,140161d99a424b2d367d4c07c1b00a91c1d35713406c144e33003cf551109d48:818,818,3340,0f5a50630ba5b8349481d5db0b47f1dd0e966fae0575493f4aaefb08749b34cf,3340,5c28a59d810197dc22a02b92834270ff11d52bbb95ddb757f674537600a18b22,2.5947220816391336e-08
d03E,140161d99a424b2d367d4c07c1b00a91c1d35713406c144e33003cf551109d48,140161d99a424b2d367d4c07c1b00a91c1d35713406c144e33003cf551109d48:819,819,3340,0f5a50630ba5b8349481d5db0b47f1dd0e966fae0575493f4aaefb08749b34cf,3340,5c28a59d810197dc22a02b92834270ff11d52bbb95ddb757f674537600a18b22,2.5947220816391336e-08
d03E,140161d99a424b2d367d4c07c1b00a91c1d35713406c144e33003cf551109d48,140161d99a424b2d367d4c07c1b00a91c1d35713406c144e33003cf551109d48:820,820,3344,8bdb42fabab02ad68e40561737590dbd6b45452803f49aee20a2cfc546b3d9b6,3344,53033c83406c07e415ba6282ed885aa74b64880386b7b9d3705762e40c84332e,4.8637101013326856e-09
d03E,140161d99a424b2d367d4c07c1b00a91c1d35713406c144e33003cf551109d48,140161d99a424b2d367d4c07c1b00a91c1d35713406c144e33003cf551109d48:821,821,3344,f6b81d263444ebcf5aa6aaa42f82782aa0eb60c849bffd87d2dd0df64121e737,3344,53033c83406c07e415ba6282ed885aa74b64880386b7b9d3705762e40c84332e,1.1073994499177786e-08
d03E,140161d99a424b2d367d4c07c1b00a91c1d35713406c144e33003cf551109d48,140161d99a424b2d367d4c07c1b00a91c1d35713406c144e33003cf551109d48:822,822,3344,c3eb091a087749c9cd140840f23947f485e8c935d98035656893a630e546e63a,3344,53033c83406c07e415ba6282ed885aa74b64880386b7b9d3705762e40c84332e,1.903806134961883e-08
d03E,140161d99a424b2d367d4c07c1b00a91c1d35713406c144e33003cf551109d48,140161d99a424b2d367d4c07c1b00a91c1d35713406c144e33003cf551109d48:823,823,3344,10ab8139469e656a968c0e2d6e4e6ac03ac526c0fc406dfa333489c7dcb24856,3344,53033c83406c07e415ba6282ed885aa74b64880386b7b9d3705762e40c84332e,1.47992847976397e-08
d03E,140161d99a424b2d367d4c07c1b00a91c1d35713406c144e33003cf551109d48,140161d99a424b2d367d4c07c1b00a91c1d35713406c144e33003cf551109d48:824,824,3344,dec43751370eccdf5bd815230034deea7544ce4d12024dd2a5b24d1a1f1351cc,3344,53033c83406c07e415ba6282ed885aa74b64880386b7b9d3705762e40c84332e,1.903806134961883e-08
d03E,140161d99a424b2d367d4c07c1b00a91c1d35713406c144e33003cf551109d48,140161d99a424b2d367d4c07c1b00a91c1d35713406c144e33003cf551109d48:825,825,3344,df715185a112bca9ad847096ab758dd8d402d3c0c8701bda10be455651a40294,3344,53033c83406c07e415ba6282ed885aa74b64880386b7b9d3705762e40c84332e,2.566542223192414e-08
d03E,140161d99a424b2d367d4c07c1b00a91c1d35713406c144e33003cf551109d48,140161d99a424b2d367d4c07c1b00a91c1d35713406c144e33003cf551109d48:826,826,3344,df715185a112bca9ad847096ab758dd8d402d3c0c8701bda10be455651a40294,3344,53033c83406c07e415ba6282ed885aa74b64880386b7b9d3705762e40c84332e,2.566542223192414e-08
d03E,140161d99a424b2d367d4c07c1b00a91c1d35713406c144e33003cf551109d48,140161d99a424b2d367d4c07c1b00a91c1d35713406c144e33003cf551109d48:827,827,3344,9bbda39f91c36a812851f494b5c89aae096bc72d465425eff7f8735f4dd313a4,3344,53033c83406c07e415ba6282ed885aa74b64880386b7b9d3705762e40c84332e,2.566542223192414e-08
d03E,140161d99a424b2d367d4c07c1b00a91c1d35713406c144e33003cf551109d48,140161d99a424b2d367d4c07c1b00a91c1d35713406c144e33003cf551109d48:828,828,3365,7d46947f0a40afa9bf41b56465031087eebe09db317b8090b7ca81397b704bbc,3365,afee9a8627b10d329de8c324f2b6da557f86a4f52de420f03d82f8de3ae3a723,2.5569033113015394e-08
d03E,140161d99a424b2d367d4c07c1b00a91c1d35713406c144e33003cf551109d48,140161d99a424b2d367d4c07c1b00a91c1d35713406c144e33003cf551109d48:829,829,3365,d171cb87cbae58e6085a0fb9038e0abe9650f780f037564cd67f762b7fd60d94,3365,afee9a8627b10d329de8c324f2b6da557f86a4f52de420f03d82f8de3ae3a723,1.8790618394604053e-08
d03E,140161d99a424b2d367d4c07c1b00a91c1d35713406c144e33003cf551109d48,140161d99a424b2d367d4c07c1b00a91c1d35713406c144e33003cf551109d48:830,830,3381,fb21da41ca3f2d60ea383c4878980543dd078e870470b6b28b96dfdcee2bb8e3,3381,0f68fd860cf960eef148063456344647dee0a8d39ee35300bd3e72351186ffcf,1.0220698287710661e-08
d03E,140161d99a424b2d367d4c07c1b00a91c1d35713406c144e33003cf551109d48,140161d99a424b2d367d4c07c1b00a91c1d35713406c144e33003cf551109d48:831,831,3429,fc891509dfa844b94b5b602825dc931391c0750fa0df39cdaa913b358dbb8023,3429,aa1ac747a35c4748ce288372a77602214ddd0c57547ab94b77509bcfce723b44,2.5062816044751912e-08
d03E,140161d99a424b2d367d4c07c1b00a91c1d35713406c144e33003cf551109d48,140161d99a424b2d367d4c07c1b00a91c1d35713406c144e33003cf551109d48:832,832,3429,c85d4cedea03522417167d86c10915a88fc0b6369db580e2c5be613426f5eb0a,3429,aa1ac747a35c4748ce288372a77602214ddd0c57547ab94b77509bcfce723b44,1.537025684505977e-08
d03E,140161d99a424b2d367d4c07c1b00a91c1d35713406c144e33003cf551109d48,140161d99a424b2d367d4c07c1b00a91c1d35713406c144e33003cf551109d48:833,833,3429,f0bc648bfa85e4803eeb6ab5a1ea98133e7b38b83faacb1a732e9adb70122199,3429,aa1ac747a35c4748ce288372a77602214ddd0c57547ab94b77509bcfce723b44,2.2474454297594093e-08
d03E,140161d99a424b2d367d4c07c1b00a91c1d35713406c144e33003cf551109d48,140161d99a424b2d367d4c07c1b00a91c1d35713406c144e33003cf551109d48:834,834,3429,f9b21f32d478cc26d4b5f0fe5291a9a9534cc55489c064fca748c5914ec43f8e,3429,aa1ac747a35c4748ce288372a77602214ddd0c57547ab94b77509bcfce723b44,2.188264613955937e-08
d03E,140161d99a424b2d367d4c07c1b00a91c1d35713406c144e33003cf551109d48,140161d99a424b2d367d4c07c1b00a91c1d35713406c144e33003cf551109d48:835,835,3429,1b3dfb8792f46fd96a7470cd4f809bbbc8ff5b3835d993fa978ef6ef881f8c7c,3429,aa1ac747a35c4748ce288372a77602214ddd0c57547ab94b77509bcfce723b44,2.6215571491405854e-08
d03E,140161d99a424b2d367d4c07c1b00a91c1d35713406c144e33003cf551109d48,140161d99a424b2d367d4c07c1b00a91c1d35713406c144e33003cf551109d48:836,836,3429,c85d4cedea03522417167d86c10915a88fc0b6369db580e2c5be613426f5eb0a,3429,aa1ac747a35c4748ce288372a77602214ddd0c57547ab94b77509bcfce723b44,1.537025684505977e-08
d03E,140161d99a424b2d367d4c07c1b00a91c1d35713406c144e33003cf551109d48,140161d99a424b2d367d4c07c1b00a91c1d35713406c144e33003cf551109d48:837,837,3429,c85d4cedea03522417167d86c10915a88fc0b6369db580e2c5be613426f5eb0a,3429,aa1ac747a35c4748ce288372a77602214ddd0c57547ab94b77509bcfce723b44,1.537025684505977e-08
d03E,140161d99a424b2d367d4c07c1b00a91c1d35713406c144e33003cf551109d48,140161d99a424b2d367d4c07c1b00a91c1d35713406c144e33003cf551109d48:838,838,3429,1b3dfb8792f46fd96a7470cd4f809bbbc8ff5b3835d993fa978ef6ef881f8c7c,3429,aa1ac747a35c4748ce288372a77602214ddd0c57547ab94b77509bcfce723b44,2.6215571491405854e-08
d03E,140161d99a424b2d367d4c07c1b00a91c1d35713406c144e33003cf551109d48,140161d99a424b2d367d4c07c1b00a91c1d35713406c144e33003cf551109d48:839,839,3533,a959cc87e3e74993f1db6f77df70261e3a32f4bd11ddf5f3a438cc3ad468cc57,3533,fa30aa0023fd71da3b20999eb2182f06d35fa6a902cbe9eb0ee9af4b6c757902,1.9490127067811613e-08
d03E,140161d99a424b2d367d4c07c1b00a91c1d35713406c144e33003cf551109d48,140161d99a424b2d367d4c07c1b00a91c1d35713406c144e33003cf551109d48:840,840,3533,a6fb65813f65d31a498bfa24a1206ffebc8e73bc76bd9f5c231fd5e46bc29dff,3533,fa30aa0023fd71da3b20999eb2182f06d35fa6a902cbe9eb0ee9af4b6c757902,2.6228424876428846e-08
d03E,140161d99a424b2d367d4c07c1b00a91c1d35713406c144e33003cf551109d48,140161d99a424b2d367d4c07c1b00a91c1d35713406c144e33003cf551109d48:841,841,3533,f9231e568fcb2d13cf2e5b90172aba5fedfd51d8116a440f9cf89b9d169742d2,3533,fa30aa0023fd71da3b20999eb2182f06d35fa6a902cbe9eb0ee9af4b6c757902,1.0693170404696417e-08
d03E,140161d99a424b2d367d4c07c1b00a91c1d35713406c144e33003cf551109d48,140161d99a424b2d367d4c07c1b00a91c1d35713406c144e33003cf551109d48:842,842,3575,db8a535a1d23f1c85bc6b2a26d511366332f41f4163a9404bfa61ce976969a3f,3575,0039047b196daa00cdcaf453a6c1ed13e066df888260e22e9c5a988b1375fd35,1.4919934177015648e-08
d03E,140161d99a424b2d367d4c07c1b00a91c1d35713406c144e33003cf551109d48,140161d99a424b2d367d4c07c1b00a91c1d35713406c144e33003cf551109d48:843,843,3575,db8a535a1d23f1c85bc6b2a26d511366332f41f4163a9404bfa61ce976969a3f,3575,0039047b196daa00cdcaf453a6c1ed13e066df888260e22e9c5a988b1375fd35,1.4919934177015648e-08
d03E,140161d99a424b2d367d4c07c1b00a91c1d35713406c144e33003cf551109d48,140161d99a424b2d367d4c07c1b00a91c1d35713406c144e33003cf551109d48:844,844,3595,987bdabaef6e77b85ae42d0b783bc15f88568aeb4f4ca7ccfdcc7d2a14ed3948,3595,fa3d6c00f380c846f72cca640e6321ab0a8d86efe082eb6221f246af6a202244,2.532735710047973e-08
d03E,140161d99a424b2d367d4c07c1b00a91c1d35713406c144e33003cf551109d48,140161d99a424b2d367d4c07c1b00a91c1d35713406c144e33003cf551109d48:845,845,3595,92ba0fab22a1efd3cdac2ac02644a453a5b7254ab8bfb39f6c847ca5d219864d,3595,fa3d6c00f380c846f72cca640e6321ab0a8d86efe082eb6221f246af6a202244,2.3101416779525152e-08
d03E,140161d99a424b2d367d4c07c1b00a91c1d35713406c144e33003cf551109d48,140161d99a424b2d367d4c07c1b00a91c1d35713406c144e33003cf551109d48:846,846,3595,520393f2062e105f31905b6fb6e4b1a23df7eb80da2e56803a95192393ba021f,3595,fa3d6c00f380c846f72cca640e6321ab0a8d86efe082eb6221f246af6a202244,3.2691075624313726e-08
d03E,140161d99a424b2d367d4c07c1b00a91c1d35713406c144e33003cf551109d48,140161d99a424b2d367d4c07c1b00a91c1d35713406c144e33003cf551109d48:847,847,3595,3227e75c5fdc1094d5ba2fcd5bb3d95ef75081d935157c76bc64b2548139eab6,3595,fa3d6c00f380c846f72cca640e6321ab0a8d86efe082eb6221f246af6a202244,2.532735710047973e-08
d03E,140161d99a424b2d367d4c07c1b00a91c1d35713406c144e33003cf551109d48,140161d99a424b2d367d4c07c1b00a91c1d35713406c144e33003cf551109d48:848,848,3595,8a4e8d08379df43eeae58ec482daf1f8a6a884058d65cc79765032fac8704424,3595,fa3d6c00f380c846f72cca640e6321ab0a8d86efe082eb6221f246af6a202244,2.6727689839134428e-08
d03E,140161d99a424b2d367d4c07c1b00a91c1d35713406c144e33003cf551109d48,140161d99a424b2d367d4c07c1b00a91c1d35713406c144e33003cf551109d48:849,849,3595,8a4e8d08379df43eeae58ec482daf1f8a6a884058d65cc79765032fac8704424,3595,fa3d6c00f380c846f72cca640e6321ab0a8d86efe082eb6221f246af6a202244,2.6727689839134428e-08
d03E,140161d99a424b2d367d4c07c1b00a91c1d35713406c144e33003cf551109d48,140161d99a424b2d367d4c07c1b00a91c1d35713406c144e33003cf551109d48:850,850,3644,3fdb59dba237c5303d635942cfd3b9725e190a38709fb9d576bfebe62355851f,3644,722b5a76d1ee137d830f0348e19fcd20289cb7dc95268d37c1e5c2ea644ea6c4,3.032095508004318e-08
d03E,140161d99a424b2d367d4c07c1b00a91c1d35713406c144e33003cf551109d48,140161d99a424b2d367d4c07c1b00a91c1d35713406c144e33003cf551109d48:851,851,3644,3fdb59dba237c5303d635942cfd3b9725e190a38709fb9d576bfebe62355851f,3644,722b5a76d1ee137d830f0348e19fcd20289cb7dc95268d37c1e5c2ea644ea6c4,3.032095508004318e-08
d03E,140161d99a424b2d367d4c07c1b00a91c1d35713406c144e33003cf551109d48,140161d99a424b2d367d4c07c1b00a91c1d35713406c144e33003cf551109d48:852,852,3713,2309545382577b7a074ab801c3ff1cff459395c570f92d9c97bd3af0ed993342,3713,430914f52aa7a681708616aef44407cd177765ff4127a678078fe8068fe176ff,2.2258084819704038e-08
d03E,140161d99a424b2d367d4c07c1b00a91c1d35713406c144e33003cf551109d48,140161d99a424b2d367d4c07c1b00a91c1d35713406c144e33003cf551109d48:853,853,3713,69f5d3fd409c7a1713abf118ca5296661d0cfac19634fb4a62e55bdcc667b456,3713,430914f52aa7a681708616aef44407cd177765ff4127a678078fe8068fe176ff,3.0163957165374455e-08
d03E,140161d99a424b2d367d4c07c1b00a91c1d35713406c144e33003cf551109d48,140161d99a424b2d367d4c07c1b00a91c1d35713406c144e33003cf551109d48:854,854,3713,c39b5bb913ceb7d834c4650992399499207a606e6014a861746f29bac3032dec,3713,430914f52aa7a681708616aef44407cd177765ff4127a678078fe8068fe176ff,2.6435269084856827e-08
d03E,140161d99a424b2d367d4c07c1b00a91c1d35713406c144e33003cf551109d48,140161d99a424b2d367d4c07c1b00a91c1d35713406c144e33003cf551109d48:855,855,3713,9942c8951c56968dd60cf6700e92844f8beeaf85e81907bb42365112e56f6494,3713,430914f52aa7a681708616aef44407cd177765ff4127a678078fe8068fe176ff,2.2790922038495864e-08
d03E,140161d99a424b2d367d4c07c1b00a91c1d35713406c144e33003cf551109d48,140161d99a424b2d367d4c07c1b00a91c1d35713406c144e33003cf551109d48:856,856,3713,c77b5f153b0a4d20e4392b33bd7f708048561cb9c703e1a8dfb1ad47a8d79e65,3713,430914f52aa7a681708616aef44407cd177765ff4127a678078fe8068fe176ff,2.3535554838360895e-08
d03E,140161d99a424b2d367d4c07c1b00a91c1d35713406c144e33003cf551109d48,140161d99a424b2d367d4c07c1b00a91c1d35713406c144e33003cf551109d48:857,857,3713,9ec50b2eb7fd0723a9065e4cd9834ac037e890b1de1566037225db47a02acac0,3713,430914f52aa7a681708616aef44407cd177765ff4127a678078fe8068fe176ff,2.2790922038495864e-08
d03E,140161d99a424b2d367d4c07c1b00a91c1d35713406c144e33003cf551109d48,140161d99a424b2d367d4c07c1b00a91c1d35713406c144e33003cf551109d48:858,858,3713,c39b5bb913ceb7d834c4650992399499207a606e6014a861746f29bac3032dec,3713,430914f52aa7a681708616aef44407cd177765ff4127a678078fe8068fe176ff,2.6435269084856827e-08
d03E,140161d99a424b2d367d4c07c1b00a91c1d35713406c144e33003cf551109d48,140161d99a424b2d367d4c07c1b00a91c1d35713406c144e33003cf551109d48:859,859,3713,949fb946447544383fd579244475159d99149590509045b66df1846d8337fce9,3713,430914f52aa7a681708616aef44407cd177765ff4127a678078fe8068fe176ff,2.303057389241303e-08
d03E,140161d99a424b2d367d4c07c1b00a91c1d35713406c144e33003cf551109d48,140161d99a424b2d367d4c07c1b00a91c1d35713406c144e33003cf551109d48:860,860,3713,6895a24541906379e29bc55a4462b90a6379ca7d5281470e6f2b2dacc2a9ae2f,3713,430914f52aa7a681708616aef44407cd177765ff4127a678078fe8068fe176ff,2.6433225386313097e-08
d03E,140161d99a424b2d367d4c07c1b00a91c1d35713406c144e33003cf551109d48,140161d99a424b2d367d4c07c1b00a91c1d35713406c144e33003cf551109d48:861,861,3713,ae9e3df10a3415b7e595b90144e9d2b9b5e18811d48bd8e4d804b3ac76b06062,3713,430914f52aa7a681708616aef44407cd177765ff4127a678078fe8068fe176ff,2.1778656211779435e-08
d03E,140161d99a424b2d367d4c07c1b00a91c1d35713406c144e33003cf551109d48,140161d99a424b2d367d4c07c1b00a91c1d35713406c144e33003cf551109d48:862,862,3713,960dc80b6c94b19e2778be1f61abf12f8cdd932a714446213ee5a311521f974a,3713,430914f52aa7a681708616aef44407cd177765ff4127a678078fe8068fe176ff,3.0163957165374455e-08
d03E,140161d99a424b2d367d4c07c1b00a91c1d35713406c144e33003cf551109d48,140161d99a424b2d367d4c07c1b00a91c1d35713406c144e33003cf551109d48:863,863,3713,c77b5f153b0a4d20e4392b33bd7f708048561cb9c703e1a8dfb1ad47a8d79e65,3713,430914f52aa7a681708616aef44407cd177765ff4127a678078fe8068fe176ff,2.3535554838360895e-08
d03E,140161d99a424b2d367d4c07c1b00a91c1d35713406c144e33003cf551109d48,140161d99a424b2d367d4c07c1b00a91c1d35713406c144e33003cf551109d48:864,864,3713,6895a24541906379e29bc55a4462b90a6379ca7d5281470e6f2b2dacc2a9ae2f,3713,430914f52aa7a681708616aef44407cd177765ff4127a678078fe8068fe176ff,2.6433225386313097e-08
d03E,140161d99a424b2d367d4c07c1b00a91c1d35713406c144e33003cf551109d48,140161d99a424b2d367d4c07c1b00a91c1d35713406c144e33003cf551109d48:865,865,3713,c39b5bb913ceb7d834c4650992399499207a606e6014a861746f29bac3032dec,3713,430914f52aa7a681708616aef44407cd177765ff4127a678078fe8068fe176ff,2.6435269084856827e-08
d03E,140161d99a424b2d367d4c07c1b00a91c1d35713406c144e33003cf551109d48,140161d99a424b2d367d4c07c1b00a91c1d35713406c144e33003cf551109d48:866,866,3747,82f383307b54a2c54e034851714de6c03cb1dc0ed0f43ff6e2725b157e27ed93,3747,754d605143ae221d24a26da62ca88d5f533b6c728b5b506ac4583d2e82fc4bd4,2.894646233819742e-08
d03E,140161d99a424b2d367d4c07c1b00a91c1d35713406c144e33003cf551109d48,140161d99a424b2d367d4c07c1b00a91c1d35713406c144e33003cf551109d48:867,867,3754,31d5af0c308e1e5247b45b6762b0edb1f03cdbecf70e7f037c97b00f080a9d45,3754,fd21535ffada9f24ed033fdda3479ea8a2d4fc3251d0eb5b67804784ae3334c7,1.988692965859684e-08
d03E,140161d99a424b2d367d4c07c1b00a91c1d35713406c144e33003cf551109d48,140161d99a424b2d367d4c07c1b00a91c1d35713406c144e33003cf551109d48:868,868,3754,7489f9ea69881d5138fc7cb125c19756801d6658358951472ffbbce92270ca56,3754,fd21535ffada9f24ed033fdda3479ea8a2d4fc3251d0eb5b67804784ae3334c7,1.2669963078693058e-08
d03E,140161d99a424b2d367d4c07c1b00a91c1d35713406c144e33003cf551109d48,140161d99a424b2d367d4c07c1b00a91c1d35713406c144e33003cf551109d48:869,869,3754,7489f9ea69881d5138fc7cb125c19756801d6658358951472ffbbce92270ca56,3754,fd21535ffada9f24ed033fdda3479ea8a2d4fc3251d0eb5b67804784ae3334c7,1.2669963078693058e-08
d03E,140161d99a424b2d367d4c07c1b00a91c1d35713406c144e33003cf551109d48,140161d99a424b2d367d4c07c1b00a91c1d35713406c144e33003cf551109d48:870,870,3786,f40bb75e71bca410b3ca71a0999b02e39a25703f5efd5c97bb070bd47bd3b10b,3786,e42c88bc6e67bf2559e4e4695e605129ae14e50b7b761c267a03fa858e4e8e04,2.5048159102425416e-08
d03E,140161d99a424b2d367d4c07c1b00a91c1d35713406c144e33003cf551109d48,140161d99a424b2d367d4c07c1b00a91c1d35713406c144e33003cf551109d48:871,871,3786,aa85b2ee6c0f39803610ba472123769b01bfa13631b66b4bd0f54cbeec1727f0,3786,e42c88bc6e67bf2559e4e4695e605129ae14e50b7b761c267a03fa858e4e8e04,1.2065625387691625e-08
d03E,140161d99a424b2d367d4c07c1b00a91c1d35713406c144e33003cf551109d48,140161d99a424b2d367d4c07c1b00a91c1d35713406c144e33003cf551109d48:872,872,3786,3db41da155406fb9dedb920c56c3c1cb5bf9ea4e3a297b2a4e72c148ec84b123,3786,e42c88bc6e67bf2559e4e4695e605129ae14e50b7b761c267a03fa858e4e8e04,2.2187220061198332e-08
d03E,140161d99a424b2d367d4c07c1b00a91c1d35713406c144e33003cf551109d48,140161d99a424b2d367d4c07c1b00a91c1d35713406c144e33003cf551109d48:873,873,3786,3ca6bfa7d97619d8e85c14f528b014c79196ecac3f65909ff80a92514324c452,3786,e42c88bc6e67bf2559e4e4695e605129ae14e50b7b761c267a03fa858e4e8e04,1.0397463001687868e-08
d03E,140161d99a424b2d367d4c07c1b00a91c1d35713406c144e33003cf551109d48,140161d99a424b2d367d4c07c1b00a91c1d35713406c144e33003cf551109d48:874,874,3786,4d884b195cd108c535132a3c22f1f3ac3e358919ef5aea67b3ed75f981f39d8a,3786,e42c88bc6e67bf2559e4e4695e605129ae14e50b7b761c267a03fa858e4e8e04,2.5048159102425416e-08
d03E,140161d99a424b2d367d4c07c1b00a91c1d35713406c144e33003cf551109d48,140161d99a424b2d367d4c07c1b00a91c1d35713406c144e33003cf551109d48:875,875,3786,8021ce055ec24c08ce88a428f3df11d17b2f97e8636a98d69a091cc1f0ad8015,3786,e42c88bc6e67bf2559e4e4695e605129ae14e50b7b761c267a03fa858e4e8e04,1.9655324479117553e-08
d03E,140161d99a424b2d367d4c07c1b00a91c1d35713406c144e33003cf551109d48,140161d99a424b2d367d4c07c1b00a91c1d35713406c144e33003cf551109d48:876,876,3786,d9d37f30825c787f12a9f9c7f5c852d8c4597253a75aec87cea56874f5387d23,3786,e42c88bc6e67bf2559e4e4695e605129ae14e50b7b761c267a03fa858e4e8e04,1.659928461350546e-08
d03E,140161d99a424b2d367d4c07c1b00a91c1d35713406c144e33003cf551109d48,140161d99a424b2d367d4c07c1b00a91c1d35713406c144e33003cf551109d48:877,877,3786,5600c108f89a4f91bbcf93f69a87c6477f96f4b8ba4b1aee363294a04a8d3291,3786,e42c88bc6e67bf2559e4e4695e605129ae14e50b7b761c267a03fa858e4e8e04,2.6559469290532434e-08
d03E,140161d99a424b2d367d4c07c1b00a91c1d35713406c144e33003cf551109d48,140161d99a424b2d367d4c07c1b00a91c1d35713406c144e33003cf551109d48:878,878,3786,3db41da155406fb9dedb920c56c3c1cb5bf9ea4e3a297b2a4e72c148ec84b123,3786,e42c88bc6e67bf2559e4e4695e605129ae14e50b7b761c267a03fa858e4e8e04,2.2187220061198332e-08
d03E,140161d99a424b2d367d4c07c1b00a91c1d35713406c144e33003cf551109d48,140161d99a424b2d367d4c07c1b00a91c1d35713406c144e33003cf551109d48:879,879,3786,3ca6bfa7d97619d8e85c14f528b014c79196ecac3f65909ff80a92514324c452,3786,e42c88bc6e67bf2559e4e4695e605129ae14e50b7b761c267a03fa858e4e8e04,1.0397463001687868e-08
d03E,140161d99a424b2d367d4c07c1b00a91c1d35713406c144e33003cf551109d48,140161d99a424b2d367d4c07c1b00a91c1d35713406c144e33003cf551109d48:880,880,3786,3db41da155406fb9dedb920c56c3c1cb5bf9ea4e3a297b2a4e72c148ec84b123,3786,e42c88bc6e67bf2559e4e4695e605129ae14e50b7b761c267a03fa858e4e8e04,2.2187220061198332e-08
d03E,140161d99a424b2d367d4c07c1b00a91c1d35713406c144e33003cf551109d48,140161d99a424b2d367d4c07c1b00a91c1d35713406c144e33003cf551109d48:881,881,3786,d9d37f30825c787f12a9f9c7f5c852d8c4597253a75aec87cea56874f5387d23,3786,e42c88bc6e67bf2559e4e4695e605129ae14e50b7b761c267a03fa858e4e8e04,1.659928461350546e-08
d03E,140161d99a424b2d367d4c07c1b00a91c1d35713406c144e33003cf551109d48,140161d99a424b2d367d4c07c1b00a91c1d35713406c144e33003cf551109d48:882,882,3791,0a141e7497aaee6f267759682bb9852fb89043e1dd25788d80ccb09621b4244b,3791,44547b08e26d9a1bf4833234b4d30c7acd58b0b668d1dc054353407ffb77c815,2.3939996762756266e-08
d03E,140161d99a424b2d367d4c07c1b00a91c1d35713406c144e33003cf551109d48,140161d99a424b2d367d4c07c1b00a91c1d35713406c144e33003cf551109d48:883,883,3791,50674c8e80bab161b8a987d5f0e8270852fcb9b085d40f07683ea1200dab26f7,3791,44547b08e26d9a1bf4833234b4d30c7acd58b0b668d1dc054353407ffb77c815,2.3939996762756266e-08
d03E,140161d99a424b2d367d4c07c1b00a91c1d35713406c144e33003cf551109d48,140161d99a424b2d367d4c07c1b00a91c1d35713406c144e33003cf551109d48:884,884,3791,34246bd300c71ede7f3fc859a2770f4dff7af1e479fee5f7c0d057a97a13cb44,3791,44547b08e26d9a1bf4833234b4d30c7acd58b0b668d1dc054353407ffb77c815,2.3939996762756266e-08
d03E,140161d99a424b2d367d4c07c1b00a91c1d35713406c144e33003cf551109d48,140161d99a424b2d367d4c07c1b00a91c1d35713406c144e33003cf551109d48:885,885,3791,f0e23726f5c3434d9ae14644a59fc097a0520e7a1c7bb3adb9669ec1bb022f14,3791,44547b08e26d9a1bf4833234b4d30c7acd58b0b668d1dc054353407ffb77c815,1.6259268376117575e-08
d03E,140161d99a424b2d367d4c07c1b00a91c1d35713406c144e33003cf551109d48,140161d99a424b2d367d4c07c1b00a91c1d35713406c144e33003cf551109d48:886,886,3791,926b5a1e1aa3e06f0b42885c894f48328492b41d325c33d94b3c522ed0fa9bc0,3791,44547b08e26d9a1bf4833234b4d30c7acd58b0b668d1dc054353407ffb77c815,2.6072445868940974e-08
d03E,140161d99a424b2d367d4c07c1b00a91c1d35713406c144e33003cf551109d48,140161d99a424b2d367d4c07c1b00a91c1d35713406c144e33003cf551109d48:887,887,3791,c1ada937f93cc9f398b3f7355b47aff2391c69d1d5286562e40070f20dd6fba0,3791,44547b08e26d9a1bf4833234b4d30c7acd58b0b668d1dc054353407ffb77c815,2.3939996762756266e-08
d03E,140161d99a424b2d367d4c07c1b00a91c1d35713406c144e33003cf551109d48,140161d99a424b2d367d4c07c1b00a91c1d35713406c144e33003cf551109d48:888,888,3791,0a141e7497aaee6f267759682bb9852fb89043e1dd25788d80ccb09621b4244b,3791,44547b08e26d9a1bf4833234b4d30c7acd58b0b668d1dc054353407ffb77c815,2.3939996762756266e-08
d03E,140161d99a424b2d367d4c07c1b00a91c1d35713406c144e33003cf551109d48,140161d99a424b2d367d4c07c1b00a91c1d35713406c144e33003cf551109d48:889,889,3791,c1ada937f93cc9f398b3f7355b47aff2391c69d1d5286562e40070f20dd6fba0,3791,44547b08e26d9a1bf4833234b4d30c7acd58b0b668d1dc054353407ffb77c815,2.3939996762756266e-08
d03E,140161d99a424b2d367d4c07c1b00a91c1d35713406c144e33003cf551109d48,140161d99a424b2d367d4c07c1b00a91c1d35713406c144e33003cf551109d48:890,890,3791,f0e23726f5c3434d9ae14644a59fc097a0520e7a1c7bb3adb9669ec1bb022f14,3791,44547b08e26d9a1bf4833234b4d30c7acd58b0b668d1dc054353407ffb77c815,1.6259268376117575e-08
d03E,140161d99a424b2d367d4c07c1b00a91c1d35713406c144e33003cf551109d48,140161d99a424b2d367d4c07c1b00a91c1d35713406c144e33003cf551109d48:891,891,3791,9bdc6d0dc7f79ef482a2d479a3c2e3d352aaad3a0ef0ad77ac01bcb3bb5cd325,3791,44547b08e26d9a1bf4833234b4d30c7acd58b0b668d1dc054353407ffb77c815,2.207735161352531e-08
d03E,140161d99a424b2d367d4c07c1b00a91c1d35713406c144e33003cf551109d48,140161d99a424b2d367d4c07c1b00a91c1d35713406c144e33003cf551109d48:892,892,3791,e34d58dfd4acac3f24584ec26eff32832420f0e812b0b881bf15b53d2cfa34b0,3791,44547b08e26d9a1bf4833234b4d30c7acd58b0b668d1dc054353407ffb77c815,2.821406741571053e-08
d03E,140161d99a424b2d367d4c07c1b00a91c1d35713406c144e33003cf551109d48,140161d99a424b2d367d4c07c1b00a91c1d35713406c144e33003cf551109d48:893,893,3791,1d3b4e687d18aa3794127953068a8f25b07a1b5e811087226101969d8ed5d36a,3791,44547b08e26d9a1bf4833234b4d30c7acd58b0b668d1dc054353407ffb77c815,2.470584581359958e-08
d03E,140161d99a424b2d367d4c07c1b00a91c1d35713406c144e33003cf551109d48,140161d99a424b2d367d4c07c1b00a91c1d35713406c144e33003cf551109d48:894,894,3803,a52074d127f77fb5d8299032c52ee2dd20f03048d06c9ba4bd555587591ad05c,3803,1b6df7262dba1b8ea6ef2b00217ae3f63337b6af21cf8d461f25b70916b01ef5,2.728694981080082e-08
d03E,140161d99a424b2d367d4c07c1b00a91c1d35713406c144e33003cf551109d48,140161d99a424b2d367d4c07c1b00a91c1d35713406c144e33003cf551109d48:895,895,3803,05fcb0c34a87daf24c86ab857b402442ef4d5dee7af8df27da9e5b77f414fcbe,3803,1b6df7262dba1b8ea6ef2b00217ae3f63337b6af21cf8d461f25b70916b01ef5,1.5032593170261066e-08
d03E,140161d99a424b2d367d4c07c1b00a91c1d35713406c144e33003cf551109d48,140161d99a424b2d367d4c07c1b00a91c1d35713406c144e33003cf551109d48:896,896,3803,a88577a31017ab21ad29956a116ea35f2cb28cf64876d3ee3bedb1c154fd302f,3803,1b6df7262dba1b8ea6ef2b00217ae3f63337b6af21cf8d461f25b70916b01ef5,1.8810805579860812e-08
d03E,140161d99a424b2d367d4c07c1b00a91c1d35713406c144e33003cf551109d48,140161d99a424b2d367d4c07c1b00a91c1d35713406c144e33003cf551109d48:897,897,3803,d34d9e830bc9e20cc4f95304fee801bc4f1076e4eb6b1e9782cfd4e8420c2589,3803,1b6df7262dba1b8ea6ef2b00217ae3f63337b6af21cf8d461f25b70916b01ef5,2.9670890411281903e-08
d03E,140161d99a424b2d367d4c07c1b00a91c1d35713406c144e33003cf551109d48,140161d99a424b2d367d4c07c1b00a91c1d35713406c144e33003cf551109d48:898,898,3803,fb6cf4ad93af9f4f26e2028f0ffbb6d3ef2ef0f30c6e3da6c5e735c7fd0c6d8b,3803,1b6df7262dba1b8ea6ef2b00217ae3f63337b6af21cf8d461f25b70916b01ef5,1.5032593170261066e-08
d03E,140161d99a424b2d367d4c07c1b00a91c1d35713406c144e33003cf551109d48,140161d99a424b2d367d4c07c1b00a91c1d35713406c144e33003cf551109d48:899,899,3803,a94d2eda267e419699b93da250791b9a1e7aa831e0da3955fd83260a1de6e052,3803,1b6df7262dba1b8ea6ef2b00217ae3f63337b6af21cf8d461f25b70916b01ef5,2.7425539395053988e-08
d03E,140161d99a424b2d367d4c07c1b00a91c1d35713406c144e33003cf551109d48,140161d99a424b2d367d4c07c1b00a91c1d35713406c144e33003cf551109d48:900,900,3803,d34d9e830bc9e20cc4f95304fee801bc4f1076e4eb6b1e9782cfd4e8420c2589,3803,1b6df7262dba1b8ea6ef2b00217ae3f63337b6af21cf8d461f25b70916b01ef5,2.9670890411281903e-08
d03E,140161d99a424b2d367d4c07c1b00a91c1d35713406c144e33003cf551109d48,140161d99a424b2d367d4c07c1b00a91c1d35713406c144e33003cf551109d48:901,901,3803,bb4fa2cf4c9712061b261b5e3d1d7076a7366c249e022d8749538e6d05e7e511,3803,1b6df7262dba1b8ea6ef2b00217ae3f63337b6af21cf8d461f25b70916b01ef5,2.1141824069204063e-08
d03E,140161d99a424b2d367d4c07c1b00a91c1d35713406c144e33003cf551109d48,140161d99a424b2d367d4c07c1b00a91c1d35713406c144e33003cf551109d48:902,902,3803,c917a0321718b1af631c17239fc7cf7208d834a952af4a94f192e22f80a8080f,3803,1b6df7262dba1b8ea6ef2b00217ae3f63337b6af21cf8d461f25b70916b01ef5,1.5032593170261066e-08
d03E,140161d99a424b2d367d4c07c1b00a91c1d35713406c144e33003cf551109d48,140161d99a424b2d367d4c07c1b00a91c1d35713406c144e33003cf551109d48:903,903,3803,fb6cf4ad93af9f4f26e2028f0ffbb6d3ef2ef0f30c6e3da6c5e735c7fd0c6d8b,3803,1b6df7262dba1b8ea6ef2b00217ae3f63337b6af21cf8d461f25b70916b01ef5,1.5032593170261066e-08
d03E,140161d99a424b2d367d4c07c1b00a91c1d35713406c144e33003cf551109d48,140161d99a424b2d367d4c07c1b00a91c1d35713406c144e33003cf551109d48:904,904,3803,c917a0321718b1af631c17239fc7cf7208d834a952af4a94f192e22f80a8080f,3803,1b6df7262dba1b8ea6ef2b00217ae3f63337b6af21cf8d461f25b70916b01ef5,1.5032593170261066e-08
d03E,140161d99a424b2d367d4c07c1b00a91c1d35713406c144e33003cf551109d48,140161d99a424b2d367d4c07c1b00a91c1d35713406c144e33003cf551109d48:905,905,3803,05fcb0c34a87daf24c86ab857b402442ef4d5dee7af8df27da9e5b77f414fcbe,3803,1b6df7262dba1b8ea6ef2b00217ae3f63337b6af21cf8d461f25b70916b01ef5,1.5032593170261066e-08
d03E,140161d99a424b2d367d4c07c1b00a91c1d35713406c144e33003cf551109d48,140161d99a424b2d367d4c07c1b00a91c1d35713406c144e33003cf551109d48:906,906,3803,a94d2eda267e419699b93da250791b9a1e7aa831e0da3955fd83260a1de6e052,3803,1b6df7262dba1b8ea6ef2b00217ae3f63337b6af21cf8d461f25b70916b01ef5,2.7425539395053988e-08
d03E,140161d99a424b2d367d4c07c1b00a91c1d35713406c144e33003cf551109d48,140161d99a424b2d367d4c07c1b00a91c1d35713406c144e33003cf551109d48:907,907,3803,5f13bdb5bf2fbc7cb17945b03cc41c4c29ca176b9fb741fb7dc313b0b620e2fa,3803,1b6df7262dba1b8ea6ef2b00217ae3f63337b6af21cf8d461f25b70916b01ef5,2.7755323150913114e-08
d03E,140161d99a424b2d367d4c07c1b00a91c1d35713406c144e33003cf551109d48,140161d99a424b2d367d4c07c1b00a91c1d35713406c144e33003cf551109d48:908,908,3803,a52074d127f77fb5d8299032c52ee2dd20f03048d06c9ba4bd555587591ad05c,3803,1b6df7262dba1b8ea6ef2b00217ae3f63337b6af21cf8d461f25b70916b01ef5,2.728694981080082e-08
d03E,140161d99a424b2d367d4c07c1b00a91c1d35713406c144e33003cf551109d48,140161d99a424b2d367d4c07c1b00a91c1d35713406c144e33003cf551109d48:909,909,3803,8659ab1bedb028063edea74480221d18bd8e6aef18f9ce97b8197f75faed1527,3803,1b6df7262dba1b8ea6ef2b00217ae3f63337b6af21cf8d461f25b70916b01ef5,1.9836369213876992e-08
d03E,140161d99a424b2d367d4c07c1b00a91c1d35713406c144e33003cf551109d48,140161d99a424b2d367d4c07c1b00a91c1d35713406c144e33003cf551109d48:910,910,3803,5f13bdb5bf2fbc7cb17945b03cc41c4c29ca176b9fb741fb7dc313b0b620e2fa,3803,1b6df7262dba1b8ea6ef2b00217ae3f63337b6af21cf8d461f25b70916b01ef5,2.7755323150913114e-08
d03E,140161d99a424b2d367d4c07c1b00a91c1d35713406c144e33003cf551109d48,140161d99a424b2d367d4c07c1b00a91c1d35713406c144e33003cf551109d48:911,911,3811,780d53d16de7d48934236162af2ac93554e56c1e0335d3e2ee417cd9ac4e02fe,3811,35fa01e00217762522b5975c58b8eb020a15d6c1804eff0dd575a7de2eb6f14d,2.4765919093283628e-08
d03E,140161d99a424b2d367d4c07c1b00a91c1d35713406c144e33003cf551109d48,140161d99a424b2d367d4c07c1b00a91c1d35713406c144e33003cf551109d48:912,912,3811,05fb76e2c1c90094ba25b8ae33f467eef8d5cb7cd655ce082710e656c74f1c00,3811,35fa01e00217762522b5975c58b8eb020a15d6c1804eff0dd575a7de2eb6f14d,2.3295224416131077e-08
d03E,140161d99a424b2d367d4c07c1b00a91c1d35713406c144e33003cf551109d48,140161d99a424b2d367d4c07c1b00a91c1d35713406c144e33003cf551109d48:913,913,3811,4061d825f644c1e0df39429329a7a56d6c748eabaac999b55b3e01ebd394393b,3811,35fa01e00217762522b5975c58b8eb020a15d6c1804eff0dd575a7de2eb6f14d,2.3412054739324617e-08
d03E,140161d99a424b2d367d4c07c1b00a91c1d35713406c144e33003cf551109d48,140161d99a424b2d367d4c07c1b00a91c1d35713406c144e33003cf551109d48:914,914,3811,4061d825f644c1e0df39429329a7a56d6c748eabaac999b55b3e01ebd394393b,3811,35fa01e00217762522b5975c58b8eb020a15d6c1804eff0dd575a7de2eb6f14d,2.3412054739324617e-08
d03E,140161d99a424b2d367d4c07c1b00a91c1d35713406c144e33003cf551109d48,140161d99a424b2d367d4c07c1b00a91c1d35713406c144e33003cf551109d48:915,915,3811,282e4717f9bf2167b3ea9e0976dbd937c7ed1f8eb97eb90f0d97a29ed3a1e618,3811,35fa01e00217762522b5975c58b8eb020a15d6c1804eff0dd575a7de2eb6f14d,3.0745805013054905e-08
d03E,140161d99a424b2d367d4c07c1b00a91c1d35713406c144e33003cf551109d48,140161d99a424b2d367d4c07c1b00a91c1d35713406c144e33003cf551109d48:916,916,3837,1c805bc325894fddbe3c3b9228723da9affcd94de000dfb65ab8b7f6e600b172,3837,854d1dbe58bf3ec4b94b89f0a72131bf23db8c40cce6bf6a2e3a1a4a8b63c40f,2.8216475933540153e-08
d03E,140161d99a424b2d367d4c07c1b00a91c1d35713406c144e33003cf551109d48,140161d99a424b2d367d4c07c1b00a91c1d35713406c144e33003cf551109d48:917,917,3837,ddca4ceb5a0da7b58ea7a88fbffffbe916cbe0a4271e913e2a1849640ffad76f,3837,854d1dbe58bf3ec4b94b89f0a72131bf23db8c40cce6bf6a2e3a1a4a8b63c40f,1.4271275938781969e-08
d03E,140161d99a424b2d367d4c07c1b00a91c1d35713406c144e33003cf551109d48,140161d99a424b2d367d4c07c1b00a91c1d35713406c144e33003cf551109d48:918,918,3837,47be1a44d2c23eae86a3103dfc62c82eccbabf1b18a17775aefc5d9d0c1b8674,3837,854d1dbe58bf3ec4b94b89f0a72131bf23db8c40cce6bf6a2e3a1a4a8b63c40f,2.8989526834610757e-08
d03E,140161d99a424b2d367d4c07c1b00a91c1d35713406c144e33003cf551109d48,140161d99a424b2d367d4c07c1b00a91c1d35713406c144e33003cf551109d48:919,919,3837,56a6fe4ac4f24dbc64333fb81eba4bccbdee2c3a44d4118e913cbed715629bd8,3837,854d1dbe58bf3ec4b94b89f0a72131bf23db8c40cce6bf6a2e3a1a4a8b63c40f,2.374318275322196e-08
d03E,140161d99a424b2d367d4c07c1b00a91c1d35713406c144e33003cf551109d48,140161d99a424b2d367d4c07c1b00a91c1d35713406c144e33003cf551109d48:920,920,3837,fa2b25c89dd8570bdf6205c334fe716b672c707f5c7550adc2e125a0b928176b,3837,854d1dbe58bf3ec4b94b89f0a72131bf23db8c40cce6bf6a2e3a1a4a8b63c40f,2.1118981896606215e-08
d03E,140161d99a424b2d367d4c07c1b00a91c1d35713406c144e33003cf551109d48,140161d99a424b2d367d4c07c1b00a91c1d35713406c144e33003cf551109d48:921,921,3837,87bbd3eca54889a8a48073df7fb65ff57ff1a82c19cfd50a52ea438bfd895ec4,3837,854d1dbe58bf3ec4b94b89f0a72131bf23db8c40cce6bf6a2e3a1a4a8b63c40f,1.2800142501490086e-08
d03E,140161d99a424b2d367d4c07c1b00a91c1d35713406c144e33003cf551109d48,140161d99a424b2d367d4c07c1b00a91c1d35713406c144e33003cf551109d48:922,922,3837,87bbd3eca54889a8a48073df7fb65ff57ff1a82c19cfd50a52ea438bfd895ec4,3837,854d1dbe58bf3ec4b94b89f0a72131bf23db8c40cce6bf6a2e3a1a4a8b63c40f,1.2800142501490086e-08
d03E,140161d99a424b2d367d4c07c1b00a91c1d35713406c144e33003cf551109d48,140161d99a424b2d367d4c07c1b00a91c1d35713406c144e33003cf551109d48:923,923,3847,e19dcd3e0e7a98c36849d2c6e5c23d07d9591f43ad26d5003b869273933b361b,3847,4cb8339272596c6fb7d4475b6dae7bc4fd123541599d5a306455466026db7467,2.632019135972996e-08
d03E,140161d99a424b2d367d4c07c1b00a91c1d35713406c144e33003cf551109d48,140161d99a424b2d367d4c07c1b00a91c1d35713406c144e33003cf551109d48:924,924,3847,32262cc8c6aba5da419334ce1ecf9f5ecb5cd9cca32ae0e738fab7bddf566262,3847,4cb8339272596c6fb7d4475b6dae7bc4fd123541599d5a306455466026db7467,2.98704946333217e-08
d03E,140161d99a424b2d367d4c07c1b00a91c1d35713406c144e33003cf551109d48,140161d99a424b2d367d4c07c1b00a91c1d35713406c144e33003cf551109d48:925,925,3866,73c266cf7998b2080110042f81a677a591aa911e38f49922c7cac0cade4a5133,3866,160fa0859f9b147a6aa42abdd1d977dabc4fc1552ace77fbe5a03b09f8dc74f0,2.8724556955239677e-08
d03E,140161d99a424b2d367d4c07c1b00a91c1d35713406c144e33003cf551109d48,140161d99a424b2d367d4c07c1b00a91c1d35713406c144e33003cf551109d48:926,926,3866,011cd9e5e88b15c7a477ae5f32d43850b7086ae0062b71e0bd53fbfa0156894c,3866,160fa0859f9b147a6aa42abdd1d977dabc4fc1552ace77fbe5a03b09f8dc74f0,1.9473194279306938e-08
d03E,140161d99a424b2d367d4c07c1b00a91c1d35713406c144e33003cf551109d48,140161d99a424b2d367d4c07c1b00a91c1d35713406c144e33003cf551109d48:927,927,3926,2da025696b6ca1686b0f85ee106e3cdb97737a907e9f65fe29f3f6f977e4bd35,3926,944d010163d78f64c6e89cc8c8d4587d12f5edd54e0d3a14efad32f7f2f7a399,2.343012128758204e-08
d03E,140161d99a424b2d367d4c07c1b00a91c1d35713406c144e33003cf551109d48,140161d99a424b2d367d4c07c1b00a91c1d35713406c144e33003cf551109d48:928,928,3926,8e8a21739034f47cdf161a1fba43017ca65675f9350fc0668ff22b154b736e68,3926,944d010163d78f64c6e89cc8c8d4587d12f5edd54e0d3a14efad32f7f2f7a399,2.446370417352739e-08
d03E,140161d99a424b2d367d4c07c1b00a91c1d35713406c144e33003cf551109d48,140161d99a424b2d367d4c07c1b00a91c1d35713406c144e33003cf551109d48:929,929,3926,394295b6bd529d3acd4207694d4f296433ded50461bb7fa5264b08d76b99a765,3926,944d010163d78f64c6e89cc8c8d4587d12f5edd54e0d3a14efad32f7f2f7a399,2.4232856610240106e-08
d03E,140161d99a424b2d367d4c07c1b00a91c1d35713406c144e33003cf551109d48,140161d99a424b2d367d4c07c1b00a91c1d35713406c144e33003cf551109d48:930,930,3926,5ef9afbb461e9689c31e3df5d8f3f35758e32c1577954bfc667cbfe4cafaeffe,3926,944d010163d78f64c6e89cc8c8d4587d12f5edd54e0d3a14efad32f7f2f7a399,3.035280693453046e-08
d03E,140161d99a424b2d367d4c07c1b00a91c1d35713406c144e33003cf551109d48,140161d99a424b2d367d4c07c1b00a91c1d35713406c144e33003cf551109d48:931,931,3926,49f594e0c91b60d6235d59dc509e2ab8d1dff85419ebabd811936a30798d9051,3926,944d010163d78f64c6e89cc8c8d4587d12f5edd54e0d3a14efad32f7f2f7a399,1.701312357660356e-08
d03E,140161d99a424b2d367d4c07c1b00a91c1d35713406c144e33003cf551109d48,140161d99a424b2d367d4c07c1b00a91c1d35713406c144e33003cf551109d48:932,932,3926,a53aa47b607f1710eae8c263ed62782c715aff564bad587561ffe295689332c6,3926,944d010163d78f64c6e89cc8c8d4587d12f5edd54e0d3a14efad32f7f2f7a399,2.7494795218352408e-08
d03E,140161d99a424b2d367d4c07c1b00a91c1d35713406c144e33003cf551109d48,140161d99a424b2d367d4c07c1b00a91c1d35713406c144e33003cf551109d48:933,933,3926,4573f8c85e5e5d332e02a01bff1d67ccc6c870f484094ba253525bca20a73324,3926,944d010163d78f64c6e89cc8c8d4587d12f5edd54e0d3a14efad32f7f2f7a399,2.792120756822669e-08
d03E,140161d99a424b2d367d4c07c1b00a91c1d35713406c144e33003cf551109d48,140161d99a424b2d367d4c07c1b00a91c1d35713406c144e33003cf551109d48:934,934,3926,c0f567f14f740d24195605baf5a51e50172afb00552c10ef2c3d86b41483762b,3926,944d010163d78f64c6e89cc8c8d4587d12f5edd54e0d3a14efad32f7f2f7a399,2.4232856610240106e-08
d03E,140161d99a424b2d367d4c07c1b00a91c1d35713406c144e33003cf551109d48,140161d99a424b2d367d4c07c1b00a91c1d35713406c144e33003cf551109d48:935,935,3926,5ef9afbb461e9689c31e3df5d8f3f35758e32c1577954bfc667cbfe4cafaeffe,3926,944d010163d78f64c6e89cc8c8d4587d12f5edd54e0d3a14efad32f7f2f7a399,3.035280693453046e-08
d03E,140161d99a424b2d367d4c07c1b00a91c1d35713406c144e33003cf551109d48,140161d99a424b2d367d4c07c1b00a91c1d35713406c144e33003cf551109d48:936,936,3926,40c1d227dd3b865d290c76f202fba6c0bdcfb81872ca839545bf45ff200dede6,3926,944d010163d78f64c6e89cc8c8d4587d12f5edd54e0d3a14efad32f7f2f7a399,2.7846800088049406e-08
d03E,140161d99a424b2d367d4c07c1b00a91c1d35713406c144e33003cf551109d48,140161d99a424b2d367d4c07c1b00a91c1d35713406c144e33003cf551109d48:937,937,3926,252c41028efd8449c6de2ce28141a6c692a2fc46e2f5425050c06f7679a8796a,3926,944d010163d78f64c6e89cc8c8d4587d12f5edd54e0d3a14efad32f7f2f7a399,2.604585103149759e-08
d03E,140161d99a424b2d367d4c07c1b00a91c1d35713406c144e33003cf551109d48,140161d99a424b2d367d4c07c1b00a91c1d35713406c144e33003cf551109d48:938,938,3926,40c1d227dd3b865d290c76f202fba6c0bdcfb81872ca839545bf45ff200dede6,3926,944d010163d78f64c6e89cc8c8d4587d12f5edd54e0d3a14efad32f7f2f7a399,2.7846800088049406e-08
d03E,140161d99a424b2d367d4c07c1b00a91c1d35713406c144e33003cf551109d48,140161d99a424b2d367d4c07c1b00a91c1d35713406c144e33003cf551109d48:939,939,3926,78dad49e6bc62054f4295835fa67234589bfa39504aab08aa13655ab055e30b8,3926,944d010163d78f64c6e89cc8c8d4587d12f5edd54e0d3a14efad32f7f2f7a399,2.2320560733035677e-08
d03E,140161d99a424b2d367d4c07c1b00a91c1d35713406c144e33003cf551109d48,140161d99a424b2d367d4c07c1b00a91c1d35713406c144e33003cf551109d48:940,940,3993,79f2dea50f438eef1f89a82b34d368da86a914cbc3ff489583b00e35bf817269,3993,bb39dd90d9365255cb025ae62e478112792316d26065641e7119123daa19bf37,2.535196985675725e-08
d03E,140161d99a424b2d367d4c07c1b00a91c1d35713406c144e33003cf551109d48,140161d99a424b2d367d4c07c1b00a91c1d35713406c144e33003cf551109d48:941,941,3993,4b5a5c71ee8ebbf4026b886124e6bf61f6242a79c4d80f510c6de330847c9968,3993,bb39dd90d9365255cb025ae62e478112792316d26065641e7119123daa19bf37,2.9646652355275194e-08
d03E,140161d99a424b2d367d4c07c1b00a91c1d35713406c144e33003cf551109d48,140161d99a424b2d367d4c07c1b00a91c1d35713406c144e33003cf551109d48:942,942,3993,eaede9a41330c18cab885827e9176766c5c0cf261160eb47c9ed6a6dbaed35fb,3993,bb39dd90d9365255cb025ae62e478112792316d26065641e7119123daa19bf37,2.2507411823191603e-08
d03E,140161d99a424b2d367d4c07c1b00a91c1d35713406c144e33003cf551109d48,140161d99a424b2d367d4c07c1b00a91c1d35713406c144e33003cf551109d48:943,943,3993,eaede9a41330c18cab885827e9176766c5c0cf261160eb47c9ed6a6dbaed35fb,3993,bb39dd90d9365255cb025ae62e478112792316d26065641e7119123daa19bf37,2.2507411823191603e-08
d03E,140161d99a424b2d367d4c07c1b00a91c1d35713406c144e33003cf551109d48,140161d99a424b2d367d4c07c1b00a91c1d35713406c144e33003cf551109d48:944,944,3999,4ec43fdd45285ca03f31389c9ce9366f14a7c5010cb0f8332e7c9b68b58b9528,3999,df137309f31b9f14ca49fd65d9e6b33a18dcd20440bbd942cbd0b9fa8eebe5f4,2.3997028253397445e-08
d03E,140161d99a424b2d367d4c07c1b00a91c1d35713406c144e33003cf551109d48,140161d99a424b2d367d4c07c1b00a91c1d35713406c144e33003cf551109d48:945,945,3999,9f8789fa8c9ce667a996454942a857168aa13c7006e1b813850cafbf8e28d215,3999,df137309f31b9f14ca49fd65d9e6b33a18dcd20440bbd942cbd0b9fa8eebe5f4,2.3997028253397445e-08
d03E,140161d99a424b2d367d4c07c1b00a91c1d35713406c144e33003cf551109d48,140161d99a424b2d367d4c07c1b00a91c1d35713406c144e33003cf551109d48:946,946,3999,5f900df6f54a3d4fd808902c416be758c567af96afa8e0a8822079639b538d22,3999,df137309f31b9f14ca49fd65d9e6b33a18dcd20440bbd942cbd0b9fa8eebe5f4,2.2142998989949092e-08
d03E,140161d99a424b2d367d4c07c1b00a91c1d35713406c144e33003cf551109d48,140161d99a424b2d367d4c07c1b00a91c1d35713406c144e33003cf551109d48:947,947,4050,c8495a159fa62b030d0cdcdcc766cb11fe40ec6930ace05cb5e1b1a4ac62d909,4050,43486e843c1859bfe2e6e85ac85a7b45a1d1e0d5831019edd28656056befb3d0,2.0806286915586725e-08
d03E,140161d99a424b2d367d4c07c1b00a91c1d35713406c144e33003cf551109d48,140161d99a424b2d367d4c07c1b00a91c1d35713406c144e33003cf551109d48:948,948,4050,c44123f9b53814a644315328a50100cff621ac7ab3660ffe2b9b1207de521243,4050,43486e843c1859bfe2e6e85ac85a7b45a1d1e0d5831019edd28656056befb3d0,1.3681596300330057e-08
d03E,140161d99a424b2d367d4c07c1b00a91c1d35713406c144e33003cf551109d48,140161d99a424b2d367d4c07c1b00a91c1d35713406c144e33003cf551109d48:949,949,4050,470ad5822b7fa987a2266426635b510f606ad7b95467af41c73cd4054a54f80e,4050,43486e843c1859bfe2e6e85ac85a7b45a1d1e0d5831019edd28656056befb3d0,2.0806286915586725e-08
d03E,140161d99a424b2d367d4c07c1b00a91c1d35713406c144e33003cf551109d48,140161d99a424b2d367d4c07c1b00a91c1d35713406c144e33003cf551109d48:950,950,4050,27ffaafa25dc6a7a8b3a83d43c12954a8e1566ae889baf276abe033de71bc819,4050,43486e843c1859bfe2e6e85ac85a7b45a1d1e0d5831019edd28656056befb3d0,1.5256208074632127e-08
d03E,140161d99a424b2d367d4c07c1b00a91c1d35713406c144e33003cf551109d48,140161d99a424b2d367d4c07c1b00a91c1d35713406c144e33003cf551109d48:951,951,4050,470ad5822b7fa987a2266426635b510f606ad7b95467af41c73cd4054a54f80e,4050,43486e843c1859bfe2e6e85ac85a7b45a1d1e0d5831019edd28656056befb3d0,2.0806286915586725e-08
d03E,140161d99a424b2d367d4c07c1b00a91c1d35713406c144e33003cf551109d48,140161d99a424b2d367d4c07c1b00a91c1d35713406c144e33003cf551109d48:952,952,4050,27ffaafa25dc6a7a8b3a83d43c12954a8e1566ae889baf276abe033de71bc819,4050,43486e843c1859bfe2e6e85ac85a7b45a1d1e0d5831019edd28656056befb3d0,1.5256208074632127e-08
d03E,140161d99a424b2d367d4c07c1b00a91c1d35713406c144e33003cf551109d48,140161d99a424b2d367d4c07c1b00a91c1d35713406c144e33003cf551109d48:953,953,4050,201591049d72db2bc7b68ef4c349f66311c8940a2f05b3c6686ccb4bc18f532c,4050,43486e843c1859bfe2e6e85ac85a7b45a1d1e0d5831019edd28656056befb3d0,2.453157721404864e-08
d03E,140161d99a424b2d367d4c07c1b00a91c1d35713406c144e33003cf551109d48,140161d99a424b2d367d4c07c1b00a91c1d35713406c144e33003cf551109d48:954,954,4050,470ad5822b7fa987a2266426635b510f606ad7b95467af41c73cd4054a54f80e,4050,43486e843c1859bfe2e6e85ac85a7b45a1d1e0d5831019edd28656056befb3d0,2.0806286915586725e-08
d03E,140161d99a424b2d367d4c07c1b00a91c1d35713406c144e33003cf551109d48,140161d99a424b2d367d4c07c1b00a91c1d35713406c144e33003cf551109d48:955,955,4050,72aea7bab8793ffdaf87574aeb6fb6ec84f96507f4afe96436e3723c51099610,4050,43486e843c1859bfe2e6e85ac85a7b45a1d1e0d5831019edd28656056befb3d0,2.6394222363279596e-08
d03E,140161d99a424b2d367d4c07c1b00a91c1d35713406c144e33003cf551109d48,140161d99a424b2d367d4c07c1b00a91c1d35713406c144e33003cf551109d48:956,956,4050,a83c7c4e9573ecde5cd941e612a3153ca46e80f07114e0f45347cea6d5e91fed,4050,43486e843c1859bfe2e6e85ac85a7b45a1d1e0d5831019edd28656056befb3d0,2.0806286915586725e-08
d03E,140161d99a424b2d367d4c07c1b00a91c1d35713406c144e33003cf551109d48,140161d99a424b2d367d4c07c1b00a91c1d35713406c144e33003cf551109d48:957,957,4050,34698a7af082d7ed43e429c60fc759cbe44bf890f81e8cd72a6071fbd89b8859,4050,43486e843c1859bfe2e6e85ac85a7b45a1d1e0d5831019edd28656056befb3d0,1.4147257587637796e-08
d03E,140161d99a424b2d367d4c07c1b00a91c1d35713406c144e33003cf551109d48,140161d99a424b2d367d4c07c1b00a91c1d35713406c144e33003cf551109d48:958,958,4050,c44123f9b53814a644315328a50100cff621ac7ab3660ffe2b9b1207de521243,4050,43486e843c1859bfe2e6e85ac85a7b45a1d1e0d5831019edd28656056befb3d0,1.3681596300330057e-08
d03E,140161d99a424b2d367d4c07c1b00a91c1d35713406c144e33003cf551109d48,140161d99a424b2d367d4c07c1b00a91c1d35713406c144e33003cf551109d48:959,959,4050,b0e2db43e9d8789d2304934f7d9110e9044b1c3e8948eba6e3ef4d6fc24e7ed7,4050,43486e843c1859bfe2e6e85ac85a7b45a1d1e0d5831019edd28656056befb3d0,2.0806286915586725e-08
d03E,140161d99a424b2d367d4c07c1b00a91c1d35713406c144e33003cf551109d48,140161d99a424b2d367d4c07c1b00a91c1d35713406c144e33003cf551109d48:960,960,4050,72aea7bab8793ffdaf87574aeb6fb6ec84f96507f4afe96436e3723c51099610,4050,43486e843c1859bfe2e6e85ac85a7b45a1d1e0d5831019edd28656056befb3d0,2.6394222363279596e-08
d03E,140161d99a424b2d367d4c07c1b00a91c1d35713406c144e33003cf551109d48,140161d99a424b2d367d4c07c1b00a91c1d35713406c144e33003cf551109d48:961,961,4056,78a6251994da290058d9486f9a29f1951876fe57ae7fcd70867266e1c6cbd7c6,4056,b234862e6e445eb2ef7d7faf8fdf67f7cf11cd6bdee495dfbf60342bf23bd8de,1.8633232956588586e-08
d03E,140161d99a424b2d367d4c07c1b00a91c1d35713406c144e33003cf551109d48,140161d99a424b2d367d4c07c1b00a91c1d35713406c144e33003cf551109d48:962,962,4056,78a6251994da290058d9486f9a29f1951876fe57ae7fcd70867266e1c6cbd7c6,4056,b234862e6e445eb2ef7d7faf8fdf67f7cf11cd6bdee495dfbf60342bf23bd8de,1.8633232956588586e-08
d03E,140161d99a424b2d367d4c07c1b00a91c1d35713406c144e33003cf551109d48,140161d99a424b2d367d4c07c1b00a91c1d35713406c144e33003cf551109d48:963,963,4056,14fba632fb0135591f94816ae2c76b1d53abf551d66bdae635ae326da75a5389,4056,b234862e6e445eb2ef7d7faf8fdf67f7cf11cd6bdee495dfbf60342bf23bd8de,1.694926066164726e-08
d03E,140161d99a424b2d367d4c07c1b00a91c1d35713406c144e33003cf551109d48,140161d99a424b2d367d4c07c1b00a91c1d35713406c144e33003cf551109d48:964,964,4056,1f2628d4bf1de5b66ff58093f44dbac20694d9df565af606751e6b5918206a2c,4056,b234862e6e445eb2ef7d7faf8fdf67f7cf11cd6bdee495dfbf60342bf23bd8de,1.8633232956588586e-08
d03E,140161d99a424b2d367d4c07c1b00a91c1d35713406c144e33003cf551109d48,140161d99a424b2d367d4c07c1b00a91c1d35713406c144e33003cf551109d48:965,965,4056,78a6251994da290058d9486f9a29f1951876fe57ae7fcd70867266e1c6cbd7c6,4056,b234862e6e445eb2ef7d7faf8fdf67f7cf11cd6bdee495dfbf60342bf23bd8de,1.8633232956588586e-08
d03E,140161d99a424b2d367d4c07c1b00a91c1d35713406c144e33003cf551109d48,140161d99a424b2d367d4c07c1b00a91c1d35713406c144e33003cf551109d48:966,966,4069,b41252246b141ea99a7a3b4c2c265798c03205c74d18a58f4e01e9e2ad5945f5,4069,f4cbec8749bc8848ed02de83d819a5f9b60351163b9e51e2769d49ed62f424f1,1.7202677837779845e-08
d03E,140161d99a424b2d367d4c07c1b00a91c1d35713406c144e33003cf551109d48,140161d99a424b2d367d4c07c1b00a91c1d35713406c144e33003cf551109d48:967,967,4107,ac95ae5c1e5f77f219afed01f26e1737358f4bdfb5b636fc1055e14b39a60768,4107,67852efe1722be671675fcf43eae9fbf7d742619bbc941df656f69772aed84be,2.728375414484674e-08
d03E,140161d99a424b2d367d4c07c1b00a91c1d35713406c144e33003cf551109d48,140161d99a424b2d367d4c07c1b00a91c1d35713406c144e33003cf551109d48:968,968,4107,aa0764fd69b260f87a43149209a0d33a2751fcd5e70db45c02d4f65750ff63f0,4107,67852efe1722be671675fcf43eae9fbf7d742619bbc941df656f69772aed84be,1.6107883249460997e-08
d03E,140161d99a424b2d367d4c07c1b00a91c1d35713406c144e33003cf551109d48,140161d99a424b2d367d4c07c1b00a91c1d35713406c144e33003cf551109d48:969,969,4107,f1013d8727669b68b1faa0b55045ff539f77abcbdd3d3be8965b5234cb03361d,4107,67852efe1722be671675fcf43eae9fbf7d742619bbc941df656f69772aed84be,1.741972943669623e-08
d03E,140161d99a424b2d367d4c07c1b00a91c1d35713406c144e33003cf551109d48,140161d99a424b2d367d4c07c1b00a91c1d35713406c144e33003cf551109d48:970,970,4107,0119667bb6a2d939c4bd102d0b3869c7d270d1ce4cce716e5ce4bc6a27fe3650,4107,67852efe1722be671675fcf43eae9fbf7d742619bbc941df656f69772aed84be,2.728375414484674e-08
d03E,140161d99a424b2d367d4c07c1b00a91c1d35713406c144e33003cf551109d48,140161d99a424b2d367d4c07c1b00a91c1d35713406c144e33003cf551109d48:971,971,4107,f1013d8727669b68b1faa0b55045ff539f77abcbdd3d3be8965b5234cb03361d,4107,67852efe1722be671675fcf43eae9fbf7d742619bbc941df656f69772aed84be,1.741972943669623e-08
d03E,140161d99a424b2d367d4c07c1b00a91c1d35713406c144e33003cf551109d48,140161d99a424b2d367d4c07c1b00a91c1d35713406c144e33003cf551109d48:972,972,4107,17e3e303bfd2111ee28d7deb12bd3828403edb4007b2206734a8501baa955ddd,4107,67852efe1722be671675fcf43eae9fbf7d742619bbc941df656f69772aed84be,2.8177269850715447e-08
d03E,140161d99a424b2d367d4c07c1b00a91c1d35713406c144e33003cf551109d48,140161d99a424b2d367d4c07c1b00a91c1d35713406c144e33003cf551109d48:973,973,4107,e90890216f34814798b645c371189837815953f19192f9c51edbaa3d5b63549c,4107,67852efe1722be671675fcf43eae9fbf7d742619bbc941df656f69772aed84be,2.5421108995615782e-08
d03E,140161d99a424b2d367d4c07c1b00a91c1d35713406c144e33003cf551109d48,140161d99a424b2d367d4c07c1b00a91c1d35713406c144e33003cf551109d48:974,974,4107,e90890216f34814798b645c371189837815953f19192f9c51edbaa3d5b63549c,4107,67852efe1722be671675fcf43eae9fbf7d742619bbc941df656f69772aed84be,2.5421108995615782e-08
d03E,140161d99a424b2d367d4c07c1b00a91c1d35713406c144e33003cf551109d48,140161d99a424b2d367d4c07c1b00a91c1d35713406c144e33003cf551109d48:975,975,4107,46360845b1ed6b74ddcdb2264e3d82d7e3dc3e28cf88203c72fd296d59c87b80,4107,67852efe1722be671675fcf43eae9fbf7d742619bbc941df656f69772aed84be,1.741972943669623e-08
d03E,140161d99a424b2d367d4c07c1b00a91c1d35713406c144e33003cf551109d48,140161d99a424b2d367d4c07c1b00a91c1d35713406c144e33003cf551109d48:976,976,4107,17e3e303bfd2111ee28d7deb12bd3828403edb4007b2206734a8501baa955ddd,4107,67852efe1722be671675fcf43eae9fbf7d742619bbc941df656f69772aed84be,2.8177269850715447e-08
d03E,140161d99a424b2d367d4c07c1b00a91c1d35713406c144e33003cf551109d48,140161d99a424b2d367d4c07c1b00a91c1d35713406c144e33003cf551109d48:977,977,4115,f2a14e957eb55aa24b5031d554fa272f6568b27f18555950fd38ff9ac0f86ab3,4115,cbb41305e7f0030a30233525540ca2042766e3803e1327cab9c7d25523489159,1.6198977714765306e-08
d03E,140161d99a424b2d367d4c07c1b00a91c1d35713406c144e33003cf551109d48,140161d99a424b2d367d4c07c1b00a91c1d35713406c144e33003cf551109d48:978,978,4115,48e531dad7d634923bbb1639909a27c37644e4858ec4c311b099c9e8a2ffcfc7,4115,cbb41305e7f0030a30233525540ca2042766e3803e1327cab9c7d25523489159,2.477921556831575e-08
d03E,140161d99a424b2d367d4c07c1b00a91c1d35713406c144e33003cf551109d48,140161d99a424b2d367d4c07c1b00a91c1d35713406c144e33003cf551109d48:979,979,4151,ebac767838a409acbc6d50b6324bdd7fc96f7b95f505bac6bf7c3943494d9383,4151,2eac3bf804d6f871f29c6ead79d3d5c80aee9f32c4b9f5f84a6f46d0d5ba6272,2.7722604323265898e-08
d03E,140161d99a424b2d367d4c07c1b00a91c1d35713406c144e33003cf551109d48,140161d99a424b2d367d4c07c1b00a91c1d35713406c144e33003cf551109d48:980,980,4151,fb659bae3f2771561ad9ccfcef5a52ebc64998af8a7c8091a51390e60fe81063,4151,2eac3bf804d6f871f29c6ead79d3d5c80aee9f32c4b9f5f84a6f46d0d5ba6272,9.530298661353243e-09
d03E,140161d99a424b2d367d4c07c1b00a91c1d35713406c144e33003cf551109d48,140161d99a424b2d367d4c07c1b00a91c1d35713406c144e33003cf551109d48:981,981,4151,a9d50624143374fde484aadc1a9e3d941372f0ce18ecaf468b721a3716b52372,4151,2eac3bf804d6f871f29c6ead79d3d5c80aee9f32c4b9f5f84a6f46d0d5ba6272,2.8653926897881377e-08
d03E,140161d99a424b2d367d4c07c1b00a91c1d35713406c144e33003cf551109d48,140161d99a424b2d367d4c07c1b00a91c1d35713406c144e33003cf551109d48:982,982,4151,fb659bae3f2771561ad9ccfcef5a52ebc64998af8a7c8091a51390e60fe81063,4151,2eac3bf804d6f871f29c6ead79d3d5c80aee9f32c4b9f5f84a6f46d0d5ba6272,9.530298661353243e-09
d03E,140161d99a424b2d367d4c07c1b00a91c1d35713406c144e33003cf551109d48,140161d99a424b2d367d4c07c1b00a91c1d35713406c144e33003cf551109d48:983,983,4151,2f0e7f6a88cff0bb3c60c3ec36d665e30925d0dc56bf3d460a3ae24b3a23f80f,4151,2eac3bf804d6f871f29c6ead79d3d5c80aee9f32c4b9f5f84a6f46d0d5ba6272,2.9585249472496855e-08
d03E,140161d99a424b2d367d4c07c1b00a91c1d35713406c144e33003cf551109d48,140161d99a424b2d367d4c07c1b00a91c1d35713406c144e33003cf551109d48:984,984,4151,fb659bae3f2771561ad9ccfcef5a52ebc64998af8a7c8091a51390e60fe81063,4151,2eac3bf804d6f871f29c6ead79d3d5c80aee9f32c4b9f5f84a6f46d0d5ba6272,9.530298661353243e-09
d03E,140161d99a424b2d367d4c07c1b00a91c1d35713406c144e33003cf551109d48,140161d99a424b2d367d4c07c1b00a91c1d35713406c144e33003cf551109d48:985,985,4165,c0612962d29e7037694a42d30a0f1cac28311e401a85397d8279aded890eb5bb,4165,cf9efd7d56e9444a3e348ff0a5e4167d0455cd1572707faf2e002c3913c27976,1.2815123295872866e-08
d03E,140161d99a424b2d367d4c07c1b00a91c1d35713406c144e33003cf551109d48,140161d99a424b2d367d4c07c1b00a91c1d35713406c144e33003cf551109d48:986,986,4172,81e449532e1c8d63dfef51c92349fdc171d1e8a2c25b2a8c377f810bc23f2624,4172,b9442cc8f57aa585979b6dc46ae20bd253dcbb26d785d7d20ef2010a1e09fdac,2.0829070912498082e-08
d03E,140161d99a424b2d367d4c07c1b00a91c1d35713406c144e33003cf551109d48,140161d99a424b2d367d4c07c1b00a91c1d35713406c144e33003cf551109d48:987,987,4172,b35ae1bc9542a2577c3673b77db42f95f85807c8344049b5a63cfad3df3db6af,4172,b9442cc8f57aa585979b6dc46ae20bd253dcbb26d785d7d20ef2010a1e09fdac,2.0829070912498082e-08
d03E,140161d99a424b2d367d4c07c1b00a91c1d35713406c144e33003cf551109d48,140161d99a424b2d367d4c07c1b00a91c1d35713406c144e33003cf551109d48:988,988,4172,66acd91be7847127e2afe7988317c33b5f71e0ac4faecde8b21e910eeabc6a56,4172,b9442cc8f57aa585979b6dc46ae20bd253dcbb26d785d7d20ef2010a1e09fdac,3.245216184666333e-08
d03E,140161d99a424b2d367d4c07c1b00a91c1d35713406c144e33003cf551109d48,140161d99a424b2d367d4c07c1b00a91c1d35713406c144e33003cf551109d48:989,989,4172,d780e85437cbe831730a8a8713dc35f4c034a5c1d628c9718f8545b356f2f514,4172,b9442cc8f57aa585979b6dc46ae20bd253dcbb26d785d7d20ef2010a1e09fdac,2.162579915143681e-08
d03E,140161d99a424b2d367d4c07c1b00a91c1d35713406c144e33003cf551109d48,140161d99a424b2d367d4c07c1b00a91c1d35713406c144e33003cf551109d48:990,990,4174,7f5c1ab23a9504e362034637961b81fc702473cae5f5fb4400b09bdcb2a61ae8,4174,7f7328f48c653e94eccc7afd994addd753f848daf0e0bff3cbe11047b328db9b,2.8844159505325706e-08
d03E,140161d99a424b2d367d4c07c1b00a91c1d35713406c144e33003cf551109d48,140161d99a424b2d367d4c07c1b00a91c1d35713406c144e33003cf551109d48:991,991,4227,53b15635178168339b2c81d4161b7aa3f242881ba9d5c23242ac0e00d4636406,4227,bd8c5651e054690e401317baed8f0625147126dbc0192f6671cd6c9161777c6a,2.7961285842259542e-08
d03E,140161d99a424b2d367d4c07c1b00a91c1d35713406c144e33003cf551109d48,140161d99a424b2d367d4c07c1b00a91c1d35713406c144e33003cf551109d48:992,992,4227,53a1ea5be542c7be2ccb088e29acb3d0a633ea3aa7e443fc4cd0ba8aae84a6fe,4227,bd8c5651e054690e401317baed8f0625147126dbc0192f6671cd6c9161777c6a,1.3060124648411886e-08
d03E,140161d99a424b2d367d4c07c1b00a91c1d35713406c144e33003cf551109d48,140161d99a424b2d367d4c07c1b00a91c1d35713406c144e33003cf551109d48:993,993,4227,792e50ab5e8dda7c956f17d6b9b1cdc2e08361921e334d8b39d09fbf70eb65b6,4227,bd8c5651e054690e401317baed8f0625147126dbc0192f6671cd6c9161777c6a,2.1532220284559145e-08
d03E,140161d99a424b2d367d4c07c1b00a91c1d35713406c144e33003cf551109d48,140161d99a424b2d367d4c07c1b00a91c1d35713406c144e33003cf551109d48:994,994,4227,289be153eab2df8158e9ab4bf18566d663c3125cb28f4687a4a632473ceec812,4227,bd8c5651e054690e401317baed8f0625147126dbc0192f6671cd6c9161777c6a,2.150340860929134e-08
d03E,140161d99a424b2d367d4c07c1b00a91c1d35713406c144e33003cf551109d48,140161d99a424b2d367d4c07c1b00a91c1d35713406c144e33003cf551109d48:995,995,4227,9fb3d8c026b2931105337b62060b3451aceb5a588ac48605bb56709aefd07bf8,4227,bd8c5651e054690e401317baed8f0625147126dbc0192f6671cd6c9161777c6a,2.7961285842259542e-08
d03E,140161d99a424b2d367d4c07c1b00a91c1d35713406c144e33003cf551109d48,140161d99a424b2d367d4c07c1b00a91c1d35713406c144e33003cf551109d48:996,996,4227,5c67ddc75328775c27b5ec3fe11c1fa1880bc8930ddbccf9d19692e31ca41fcf,4227,bd8c5651e054690e401317baed8f0625147126dbc0192f6671cd6c9161777c6a,1.750089673180355e-08
d03E,140161d99a424b2d367d4c07c1b00a91c1d35713406c144e33003cf551109d48,140161d99a424b2d367d4c07c1b00a91c1d35713406c144e33003cf551109d48:997,997,4227,99bbef1b0b7d9b68f676b3f4dd8d34683e84ce96290b965d6a3227d7a2ce501a,4227,bd8c5651e054690e401317baed8f0625147126dbc0192f6671cd6c9161777c6a,2.8179194977440147e-08
d03E,140161d99a424b2d367d4c07c1b00a91c1d35713406c144e33003cf551109d48,140161d99a424b2d367d4c07c1b00a91c1d35713406c144e33003cf551109d48:998,998,4227,289be153eab2df8158e9ab4bf18566d663c3125cb28f4687a4a632473ceec812,4227,bd8c5651e054690e401317baed8f0625147126dbc0192f6671cd6c9161777c6a,2.150340860929134e-08
d03E,140161d99a424b2d367d4c07c1b00a91c1d35713406c144e33003cf551109d48,140161d99a424b2d367d4c07c1b00a91c1d35713406c144e33003cf551109d48:999,999,4227,83289b168104cf18a79ee412140c34678c82b646b720f0b10bc97b4d38532dce,4227,bd8c5651e054690e401317baed8f0625147126dbc0192f6671cd6c9161777c6a,1.6026715954353676e-08
d03E,140161d99a424b2d367d4c07c1b00a91c1d35713406c144e33003cf551109d48,140161d99a424b2d367d4c07c1b00a91c1d35713406c144e33003cf551109d48:1000,1000,4309,df4d90dda80037a3c5a58d2d74df131a4688ee7e36f7b9bd6c677e3c0a32e7c4,4309,2977e95d9a8c4ffbd19b7cc7ec7a5ad8ad5470bafaff45cf0913bd504b7d7520,2.4770903994664195e-08
d03E,140161d99a424b2d367d4c07c1b00a91c1d35713406c144e33003cf551109d48,140161d99a424b2d367d4c07c1b00a91c1d35713406c144e33003cf551109d48:1001,1001,4309,df4d90dda80037a3c5a58d2d74df131a4688ee7e36f7b9bd6c677e3c0a32e7c4,4309,2977e95d9a8c4ffbd19b7cc7ec7a5ad8ad5470bafaff45cf0913bd504b7d7520,2.4770903994664195e-08
d03E,140161d99a424b2d367d4c07c1b00a91c1d35713406c144e33003cf551109d48,140161d99a424b2d367d4c07c1b00a91c1d35713406c144e33003cf551109d48:1002,1002,4309,df4d90dda80037a3c5a58d2d74df131a4688ee7e36f7b9bd6c677e3c0a32e7c4,4309,2977e95d9a8c4ffbd19b7cc7ec7a5ad8ad5470bafaff45cf0913bd504b7d7520,2.4770903994664195e-08
d03E,140161d99a424b2d367d4c07c1b00a91c1d35713406c144e33003cf551109d48,140161d99a424b2d367d4c07c1b00a91c1d35713406c144e33003cf551109d48:1003,1003,4339,ea15e8d24ed931b7c01a798f0e69710ce87e5dd446cb4b7340562e3b999ec7ac,4339,19145968c9973dbc165f2cd8aef61d05a3ada36ebc3f30946841f85e29a7d091,2.297092882574958e-08
d03E,140161d99a424b2d367d4c07c1b00a91c1d35713406c144e33003cf551109d48,140161d99a424b2d367d4c07c1b00a91c1d35713406c144e33003cf551109d48:1004,1004,4339,ea15e8d24ed931b7c01a798f0e69710ce87e5dd446cb4b7340562e3b999ec7ac,4339,19145968c9973dbc165f2cd8aef61d05a3ada36ebc3f30946841f85e29a7d091,2.297092882574958e-08
d03E,140161d99a424b2d367d4c07c1b00a91c1d35713406c144e33003cf551109d48,140161d99a424b2d367d4c07c1b00a91c1d35713406c144e33003cf551109d48:1005,1005,4339,fe3b7abdacfe545f4432c3bd553498d2c0de985fe1a9b27b47408a7e8b1eb42b,4339,19145968c9973dbc165f2cd8aef61d05a3ada36ebc3f30946841f85e29a7d091,2.3352313416324932e-08
d03E,140161d99a424b2d367d4c07c1b00a91c1d35713406c144e33003cf551109d48,140161d99a424b2d367d4c07c1b00a91c1d35713406c144e33003cf551109d48:1006,1006,4339,ea15e8d24ed931b7c01a798f0e69710ce87e5dd446cb4b7340562e3b999ec7ac,4339,19145968c9973dbc165f2cd8aef61d05a3ada36ebc3f30946841f85e29a7d091,2.297092882574958e-08
d03E,140161d99a424b2d367d4c07c1b00a91c1d35713406c144e33003cf551109d48,140161d99a424b2d367d4c07c1b00a91c1d35713406c144e33003cf551109d48:1007,1007,4339,fe3b7abdacfe545f4432c3bd553498d2c0de985fe1a9b27b47408a7e8b1eb42b,4339,19145968c9973dbc165f2cd8aef61d05a3ada36ebc3f30946841f85e29a7d091,2.3352313416324932e-08
d03E,140161d99a424b2d367d4c07c1b00a91c1d35713406c144e33003cf551109d48,140161d99a424b2d367d4c07c1b00a91c1d35713406c144e33003cf551109d48:1008,1008,4380,4ad3a6ce95719ea8dfc599cceca4af37c2ae3d79c756a69ae8ce9ba57a187202,4380,25565a7b43ce0d938e680bd0b6c2d8219ab74c6a07eead4cea4db5e951580108,2.4667814235712626e-08
d03E,140161d99a424b2d367d4c07c1b00a91c1d35713406c144e33003cf551109d48,140161d99a424b2d367d4c07c1b00a91c1d35713406c144e33003cf551109d48:1009,1009,4380,e22cd0e10351eec715ca26814d12a4a67b4605206d5c008f779fe6207d744a3c,4380,25565a7b43ce0d938e680bd0b6c2d8219ab74c6a07eead4cea4db5e951580108,2.0035669345830343e-08
d03E,140161d99a424b2d367d4c07c1b00a91c1d35713406c144e33003cf551109d48,140161d99a424b2d367d4c07c1b00a91c1d35713406c144e33003cf551109d48:1010,1010,4380,8992aab899d3126f978ef0e2916fe0768232c96d479042a8a621fe7c50b207db,4380,25565a7b43ce0d938e680bd0b6c2d8219ab74c6a07eead4cea4db5e951580108,2.4667814235712626e-08
d03E,140161d99a424b2d367d4c07c1b00a91c1d35713406c144e33003cf551109d48,140161d99a424b2d367d4c07c1b00a91c1d35713406c144e33003cf551109d48:1011,1011,4380,4785a72b62bdbea8a26f6f43439474d8f4d31fa8d167c5abf2cde5af4134e3c8,4380,25565a7b43ce0d938e680bd0b6c2d8219ab74c6a07eead4cea4db5e951580108,2.165986989766111e-08
d03E,140161d99a424b2d367d4c07c1b00a91c1d35713406c144e33003cf551109d48,140161d99a424b2d367d4c07c1b00a91c1d35713406c144e33003cf551109d48:1012,1012,4380,8992aab899d3126f978ef0e2916fe0768232c96d479042a8a621fe7c50b207db,4380,25565a7b43ce0d938e680bd0b6c2d8219ab74c6a07eead4cea4db5e951580108,2.4667814235712626e-08
d03E,140161d99a424b2d367d4c07c1b00a91c1d35713406c144e33003cf551109d48,140161d99a424b2d367d4c07c1b00a91c1d35713406c144e33003cf551109d48:1013,1013,4408,b3590ea0b158a7adc0d4217af370700dce7320dad208cc714a93ce47bfe23c61,4408,b63278e61a4835aabf79ed6b001870f0d32463b88bec100f50a820300ba9a464,2.831498813193889e-08
d03E,140161d99a424b2d367d4c07c1b00a91c1d35713406c144e33003cf551109d48,140161d99a424b2d367d4c07c1b00a91c1d35713406c144e33003cf551109d48:1014,1014,4408,4c3b7e1ab61ffddfee63cdcb156d7b34929a259175c85c75e9e463a1e6cdefd7,4408,b63278e61a4835aabf79ed6b001870f0d32463b88bec100f50a820300ba9a464,2.7753896736371075e-08
d03E,140161d99a424b2d367d4c07c1b00a91c1d35713406c144e33003cf551109d48,140161d99a424b2d367d4c07c1b00a91c1d35713406c144e33003cf551109d48:1015,1015,4408,4c3b7e1ab61ffddfee63cdcb156d7b34929a259175c85c75e9e463a1e6cdefd7,4408,b63278e61a4835aabf79ed6b001870f0d32463b88bec100f50a820300ba9a464,2.7753896736371075e-08
d03E,140161d99a424b2d367d4c07c1b00a91c1d35713406c144e33003cf551109d48,140161d99a424b2d367d4c07c1b00a91c1d35713406c144e33003cf551109d48:1016,1016,4422,bf289c7df9cd66aea590ffbfe43d3e73d53697348c29d1f760d5efd2b24d6e0a,4422,67f24dada7d5c93552c157c62be235032c358e1094b0616e0f87e3725cd9389f,2.843481705649964e-08
d03E,140161d99a424b2d367d4c07c1b00a91c1d35713406c144e33003cf551109d48,140161d99a424b2d367d4c07c1b00a91c1d35713406c144e33003cf551109d48:1017,1017,4442,17be9f88d916cbab548b77b0d57c6390d1602a555b0594e84658cdf3e9766a76,4442,d2f1ca00c400398e6a3595b02e1257d0add1962028bd32ab3462459c72aca4c1,2.4086432515169065e-08
d03E,140161d99a424b2d367d4c07c1b00a91c1d35713406c144e33003cf551109d48,140161d99a424b2d367d4c07c1b00a91c1d35713406c144e33003cf551109d48:1018,1018,4442,65009f119ed2fb69aeeef680344d96fffd15a6c68294795af56e6ccbeb6d8c49,4442,d2f1ca00c400398e6a3595b02e1257d0add1962028bd32ab3462459c72aca4c1,2.1069495259595783e-08
d03E,140161d99a424b2d367d4c07c1b00a91c1d35713406c144e33003cf551109d48,140161d99a424b2d367d4c07c1b00a91c1d35713406c144e33003cf551109d48:1019,1019,4447,d244af596ebcfb43f78892d14d96dd55092ae7286a4f7f4e4f13a1c708dcce3a,4447,8373ad9328da365956a2767484c8585ec05e6c1c80c218c0ebd36d208203ec8d,2.42015043561139e-08
d03E,140161d99a424b2d367d4c07c1b00a91c1d35713406c144e33003cf551109d48,140161d99a424b2d367d4c07c1b00a91c1d35713406c144e33003cf551109d48:1020,1020,4447,f56ebbcd96b329dbe32fff094ab5d50c0f1fc3322b60556e0b39e5107f956e5f,4447,8373ad9328da365956a2767484c8585ec05e6c1c80c218c0ebd36d208203ec8d,2.320389957954916e-08
d03E,140161d99a424b2d367d4c07c1b00a91c1d35713406c144e33003cf551109d48,140161d99a424b2d367d4c07c1b00a91c1d35713406c144e33003cf551109d48:1021,1021,4447,4582c3051a2234a470c51ad2c73098227fb81ed2c0ed26ed8584bf43bb2cd634,4447,8373ad9328da365956a2767484c8585ec05e6c1c80c218c0ebd36d208203ec8d,2.8159625298229685e-08
d03E,140161d99a424b2d367d4c07c1b00a91c1d35713406c144e33003cf551109d48,140161d99a424b2d367d4c07c1b00a91c1d35713406c144e33003cf551109d48:1022,1022,4447,000bf6631cacc6cf1c3275f1fec9b23094382bf473d8570c2eaf8ff3eea41ac1,4447,8373ad9328da365956a2767484c8585ec05e6c1c80c218c0ebd36d208203ec8d,2.320389957954916e-08
d03E,140161d99a424b2d367d4c07c1b00a91c1d35713406c144e33003cf551109d48,140161d99a424b2d367d4c07c1b00a91c1d35713406c144e33003cf551109d48:1023,1023,4447,571348e1e8a927afd1099dd8d31c074386560329eeadccc4985ba4df513410af,4447,8373ad9328da365956a2767484c8585ec05e6c1c80c218c0ebd36d208203ec8d,1.6983754402843942e-08
d03E,140161d99a424b2d367d4c07c1b00a91c1d35713406c144e33003cf551109d48,140161d99a424b2d367d4c07c1b00a91c1d35713406c144e33003cf551109d48:1024,1024,4447,ffda7bffb3de0343b449dd0011fea743ea6f1f5d5e129e06e5de11ae1e3b3796,4447,8373ad9328da365956a2767484c8585ec05e6c1c80c218c0ebd36d208203ec8d,2.320389957954916e-08
d03E,140161d99a424b2d367d4c07c1b00a91c1d35713406c144e33003cf551109d48,140161d99a424b2d367d4c07c1b00a91c1d35713406c144e33003cf551109d48:1025,1025,4447,170aa366c47c8223025194131ab4c0833795e4cec11551c9e569db39f5d1113f,4447,8373ad9328da365956a2767484c8585ec05e6c1c80c218c0ebd36d208203ec8d,2.320389957954916e-08
d03E,140161d99a424b2d367d4c07c1b00a91c1d35713406c144e33003cf551109d48,140161d99a424b2d367d4c07c1b00a91c1d35713406c144e33003cf551109d48:1026,1026,4447,d244af596ebcfb43f78892d14d96dd55092ae7286a4f7f4e4f13a1c708dcce3a,4447,8373ad9328da365956a2767484c8585ec05e6c1c80c218c0ebd36d208203ec8d,2.42015043561139e-08
d03E,140161d99a424b2d367d4c07c1b00a91c1d35713406c144e33003cf551109d48,140161d99a424b2d367d4c07c1b00a91c1d35713406c144e33003cf551109d48:1027,1027,4447,42c10910f0944f01384d65da4dc8fec211a5621ef3b5cba586e154a2153c8b56,4447,8373ad9328da365956a2767484c8585ec05e6c1c80c218c0ebd36d208203ec8d,1.3552283295581447e-08
d03E,140161d99a424b2d367d4c07c1b00a91c1d35713406c144e33003cf551109d48,140161d99a424b2d367d4c07c1b00a91c1d35713406c144e33003cf551109d48:1028,1028,4447,42c10910f0944f01384d65da4dc8fec211a5621ef3b5cba586e154a2153c8b56,4447,8373ad9328da365956a2767484c8585ec05e6c1c80c218c0ebd36d208203ec8d,1.3552283295581447e-08
d03E,140161d99a424b2d367d4c07c1b00a91c1d35713406c144e33003cf551109d48,140161d99a424b2d367d4c07c1b00a91c1d35713406c144e33003cf551109d48:1029,1029,4447,42c10910f0944f01384d65da4dc8fec211a5621ef3b5cba586e154a2153c8b56,4447,8373ad9328da365956a2767484c8585ec05e6c1c80c218c0ebd36d208203ec8d,1.3552283295581447e-08
d03E,140161d99a424b2d367d4c07c1b00a91c1d35713406c144e33003cf551109d48,140161d99a424b2d367d4c07c1b00a91c1d35713406c144e33003cf551109d48:1030,1030,4487,ba63c4c337ceb715e39a2c90e8fd2b45e5a98a2dc5fd930b53597f8a93232db1,4487,4aa5049278afb9d3f80110d183277a9ac26ad36f4398401c5dcc5ad9339be772,2.6685277099147697e-08
d03E,140161d99a424b2d367d4c07c1b00a91c1d35713406c144e33003cf551109d48,140161d99a424b2d367d4c07c1b00a91c1d35713406c144e33003cf551109d48:1031,1031,4500,860da60e7e89469ce92aff0a38c3432ab69114ec8153b12c74065f9a3086c3aa,4500,6d36f18332469d81917bfe57db0a6231b1c46c500702985daee88905683920d9,1.2736116383749163e-08
d03E,140161d99a424b2d367d4c07c1b00a91c1d35713406c144e33003cf551109d48,140161d99a424b2d367d4c07c1b00a91c1d35713406c144e33003cf551109d48:1032,1032,4516,d3b881aa431a960baf420b1f582a5faa5d4572c8b86b5ba4bda2088dfbcb1602,4516,024940d113777fac43c14aa99037938874b03421783aaade79778ace69ab4ac9,2.4212456262162618e-08
d03E,140161d99a424b2d367d4c07c1b00a91c1d35713406c144e33003cf551109d48,140161d99a424b2d367d4c07c1b00a91c1d35713406c144e33003cf551109d48:1033,1033,4516,609a424d84c664cb85fac1df62f9e28c9bc6735593a8abcb32999080c499b29a,4516,024940d113777fac43c14aa99037938874b03421783aaade79778ace69ab4ac9,2.234981111293166e-08
d03E,140161d99a424b2d367d4c07c1b00a91c1d35713406c144e33003cf551109d48,140161d99a424b2d367d4c07c1b00a91c1d35713406c144e33003cf551109d48:1034,1034,4516,d3b881aa431a960baf420b1f582a5faa5d4572c8b86b5ba4bda2088dfbcb1602,4516,024940d113777fac43c14aa99037938874b03421783aaade79778ace69ab4ac9,2.4212456262162618e-08
d03E,140161d99a424b2d367d4c07c1b00a91c1d35713406c144e33003cf551109d48,140161d99a424b2d367d4c07c1b00a91c1d35713406c144e33003cf551109d48:1035,1035,4516,bf73853c285b6dc2ecfe1a78cbc685f345d2d3a9191229d67906d5b5156abf6f,4516,024940d113777fac43c14aa99037938874b03421783aaade79778ace69ab4ac9,2.234981111293166e-08
d03E,140161d99a424b2d367d4c07c1b00a91c1d35713406c144e33003cf551109d48,140161d99a424b2d367d4c07c1b00a91c1d35713406c144e33003cf551109d48:1036,1036,4516,ceb39e3b31a0bca4ad73ab88de290cb463a19d820dc17580af512a8bb3c95309,4516,024940d113777fac43c14aa99037938874b03421783aaade79778ace69ab4ac9,2.5766496047907594e-08
d03E,140161d99a424b2d367d4c07c1b00a91c1d35713406c144e33003cf551109d48,140161d99a424b2d367d4c07c1b00a91c1d35713406c144e33003cf551109d48:1037,1037,4541,4133e6e296118bb6bed88eaad589e5a0bee7055977098211790514959ee69e6b,4541,195eb2e026f37d66a1ff1d943f7f4a8b1b0eb5264df6b0d2f9384aaec63df4ce,2.9711370141960458e-08
d03E,140161d99a424b2d367d4c07c1b00a91c1d35713406c144e33003cf551109d48,140161d99a424b2d367d4c07c1b00a91c1d35713406c144e33003cf551109d48:1038,1038,4541,c4cc13463303df17c0b94ec7b153b0fd41a5d1bd64583936e3e3209ec6f40a5e,4541,195eb2e026f37d66a1ff1d943f7f4a8b1b0eb5264df6b0d2f9384aaec63df4ce,1.490093953782079e-08
d03E,140161d99a424b2d367d4c07c1b00a91c1d35713406c144e33003cf551109d48,140161d99a424b2d367d4c07c1b00a91c1d35713406c144e33003cf551109d48:1039,1039,4541,8cdf57e1e0bd0ceaba1e9bd645e960a7f41904d2904be6238a97128a610fe88b,4541,195eb2e026f37d66a1ff1d943f7f4a8b1b0eb5264df6b0d2f9384aaec63df4ce,2.7042118322384567e-08
d03E,140161d99a424b2d367d4c07c1b00a91c1d35713406c144e33003cf551109d48,140161d99a424b2d367d4c07c1b00a91c1d35713406c144e33003cf551109d48:1040,1040,4541,8cdf57e1e0bd0ceaba1e9bd645e960a7f41904d2904be6238a97128a610fe88b,4541,195eb2e026f37d66a1ff1d943f7f4a8b1b0eb5264df6b0d2f9384aaec63df4ce,2.7042118322384567e-08
d03E,140161d99a424b2d367d4c07c1b00a91c1d35713406c144e33003cf551109d48,140161d99a424b2d367d4c07c1b00a91c1d35713406c144e33003cf551109d48:1041,1041,4541,4133e6e296118bb6bed88eaad589e5a0bee7055977098211790514959ee69e6b,4541,195eb2e026f37d66a1ff1d943f7f4a8b1b0eb5264df6b0d2f9384aaec63df4ce,2.9711370141960458e-08
d03E,140161d99a424b2d367d4c07c1b00a91c1d35713406c144e33003cf551109d48,140161d99a424b2d367d4c07c1b00a91c1d35713406c144e33003cf551109d48:1042,1042,4541,8cdf57e1e0bd0ceaba1e9bd645e960a7f41904d2904be6238a97128a610fe88b,4541,195eb2e026f37d66a1ff1d943f7f4a8b1b0eb5264df6b0d2f9384aaec63df4ce,2.7042118322384567e-08
d03E,140161d99a424b2d367d4c07c1b00a91c1d35713406c144e33003cf551109d48,140161d99a424b2d367d4c07c1b00a91c1d35713406c144e33003cf551109d48:1043,1043,4541,846896ba437d8712d22b1b24c049e656fe2b1ae2fb1c5c0dd9f740e3db592f17,4541,195eb2e026f37d66a1ff1d943f7f4a8b1b0eb5264df6b0d2f9384aaec63df4ce,2.0630975039459543e-08
d03E,140161d99a424b2d367d4c07c1b00a91c1d35713406c144e33003cf551109d48,140161d99a424b2d367d4c07c1b00a91c1d35713406c144e33003cf551109d48:1044,1044,4541,8cdf57e1e0bd0ceaba1e9bd645e960a7f41904d2904be6238a97128a610fe88b,4541,195eb2e026f37d66a1ff1d943f7f4a8b1b0eb5264df6b0d2f9384aaec63df4ce,2.7042118322384567e-08
d03E,140161d99a424b2d367d4c07c1b00a91c1d35713406c144e33003cf551109d48,140161d99a424b2d367d4c07c1b00a91c1d35713406c144e33003cf551109d48:1045,1045,4615,296f992b858e61043165df0f17683dfa8140de7701777bae6dced76c9d12c1b5,4615,870cd16c3809bc172a7801f62e58a4f36ee3811f01e3024988459c390089ddce,1.7811604524631264e-08
d03E,140161d99a424b2d367d4c07c1b00a91c1d35713406c144e33003cf551109d48,140161d99a424b2d367d4c07c1b00a91c1d35713406c144e33003cf551109d48:1046,1046,4616,e9eb0af40bdb78a27cc6214c14a605db12c124e8c5d0ddd49f1ae573bf461fa0,4616,38ff629aaf6942dd7873f648b353dd6203d5e1d3f03708af3652229e57dd50f6,1.7393374074359258e-08
d03E,140161d99a424b2d367d4c07c1b00a91c1d35713406c144e33003cf551109d48,140161d99a424b2d367d4c07c1b00a91c1d35713406c144e33003cf551109d48:1047,1047,4616,7668fb10699a10030bf134797eab80852c934dc90d5ce71e0aac22fcbbdf42c3,4616,38ff629aaf6942dd7873f648b353dd6203d5e1d3f03708af3652229e57dd50f6,8.556395592052013e-09
d03E,140161d99a424b2d367d4c07c1b00a91c1d35713406c144e33003cf551109d48,140161d99a424b2d367d4c07c1b00a91c1d35713406c144e33003cf551109d48:1048,1048,4616,e9eb0af40bdb78a27cc6214c14a605db12c124e8c5d0ddd49f1ae573bf461fa0,4616,38ff629aaf6942dd7873f648b353dd6203d5e1d3f03708af3652229e57dd50f6,1.7393374074359258e-08
d03E,140161d99a424b2d367d4c07c1b00a91c1d35713406c144e33003cf551109d48,140161d99a424b2d367d4c07c1b00a91c1d35713406c144e33003cf551109d48:1049,1049,4616,7668fb10699a10030bf134797eab80852c934dc90d5ce71e0aac22fcbbdf42c3,4616,38ff629aaf6942dd7873f648b353dd6203d5e1d3f03708af3652229e57dd50f6,8.556395592052013e-09
d03E,140161d99a424b2d367d4c07c1b00a91c1d35713406c144e33003cf551109d48,140161d99a424b2d367d4c07c1b00a91c1d35713406c144e33003cf551109d48:1050,1050,4662,888401f4c1f0533cc20a53681e7c7d987a2d5e52be1b03c429bd16f4e8910444,4662,0e51b0f20409ea576ba72ed0d2bd8e016689a30c4fdfdff09749a8f4d3b3200a,2.4604272064188137e-08
d03E,140161d99a424b2d367d4c07c1b00a91c1d35713406c144e33003cf551109d48,140161d99a424b2d367d4c07c1b00a91c1d35713406c144e33003cf551109d48:1051,1051,4662,c02e22c71685c8641f0a23962a4a6cc4bd53ffd89776aa4b8ff0d14a992677b5,4662,0e51b0f20409ea576ba72ed0d2bd8e016689a30c4fdfdff09749a8f4d3b3200a,2.4604272064188137e-08
d03E,140161d99a424b2d367d4c07c1b00a91c1d35713406c144e33003cf551109d48,140161d99a424b2d367d4c07c1b00a91c1d35713406c144e33003cf551109d48:1052,1052,4662,a777fc6c59d448f059d6f482a55c7bfa3612abfbab0d469e9379e77db3fabea0,4662,0e51b0f20409ea576ba72ed0d2bd8e016689a30c4fdfdff09749a8f4d3b3200a,2.1866581212393044e-08
d03E,140161d99a424b2d367d4c07c1b00a91c1d35713406c144e33003cf551109d48,140161d99a424b2d367d4c07c1b00a91c1d35713406c144e33003cf551109d48:1053,1053,4662,cb7aa83b6856ed0ad0c77138f1c88071de879bd5e769c8fa7e047085613edce0,4662,0e51b0f20409ea576ba72ed0d2bd8e016689a30c4fdfdff09749a8f4d3b3200a,2.4604272064188137e-08
d03E,140161d99a424b2d367d4c07c1b00a91c1d35713406c144e33003cf551109d48,140161d99a424b2d367d4c07c1b00a91c1d35713406c144e33003cf551109d48:1054,1054,4662,8b8aab0929e932a453d5c7cae67a6e5ed7a2b3a50da39be17c917124341e39a1,4662,0e51b0f20409ea576ba72ed0d2bd8e016689a30c4fdfdff09749a8f4d3b3200a,1.614738409649874e-08
d03E,140161d99a424b2d367d4c07c1b00a91c1d35713406c144e33003cf551109d48,140161d99a424b2d367d4c07c1b00a91c1d35713406c144e33003cf551109d48:1055,1055,4662,cb7aa83b6856ed0ad0c77138f1c88071de879bd5e769c8fa7e047085613edce0,4662,0e51b0f20409ea576ba72ed0d2bd8e016689a30c4fdfdff09749a8f4d3b3200a,2.4604272064188137e-08
d03E,140161d99a424b2d367d4c07c1b00a91c1d35713406c144e33003cf551109d48,140161d99a424b2d367d4c07c1b00a91c1d35713406c144e33003cf551109d48:1056,1056,4662,91e0ca3d19da54f624dc11a3ea8f0bc450beaef509be4ef1000697f3b5c61c93,4662,0e51b0f20409ea576ba72ed0d2bd8e016689a30c4fdfdff09749a8f4d3b3200a,2.4604272064188137e-08
d03E,140161d99a424b2d367d4c07c1b00a91c1d35713406c144e33003cf551109d48,140161d99a424b2d367d4c07c1b00a91c1d35713406c144e33003cf551109d48:1057,1057,4662,888401f4c1f0533cc20a53681e7c7d987a2d5e52be1b03c429bd16f4e8910444,4662,0e51b0f20409ea576ba72ed0d2bd8e016689a30c4fdfdff09749a8f4d3b3200a,2.4604272064188137e-08
d03E,140161d99a424b2d367d4c07c1b00a91c1d35713406c144e33003cf551109d48,140161d99a424b2d367d4c07c1b00a91c1d35713406c144e33003cf551109d48:1058,1058,4662,db8170adbd42ac69f17c84e2a2beacd872f24bc0699085f0fb791a9a4835c063,4662,0e51b0f20409ea576ba72ed0d2bd8e016689a30c4fdfdff09749a8f4d3b3200a,2.7294399851385265e-08
d03E,140161d99a424b2d367d4c07c1b00a91c1d35713406c144e33003cf551109d48,140161d99a424b2d367d4c07c1b00a91c1d35713406c144e33003cf551109d48:1059,1059,4662,9a3f1a1651fe522d14a1ce57f64bb9a28f1b93187967f0ea5322e556438d10b1,4662,0e51b0f20409ea576ba72ed0d2bd8e016689a30c4fdfdff09749a8f4d3b3200a,1.9460586919706202e-08
d03E,140161d99a424b2d367d4c07c1b00a91c1d35713406c144e33003cf551109d48,140161d99a424b2d367d4c07c1b00a91c1d35713406c144e33003cf551109d48:1060,1060,4662,db8170adbd42ac69f17c84e2a2beacd872f24bc0699085f0fb791a9a4835c063,4662,0e51b0f20409ea576ba72ed0d2bd8e016689a30c4fdfdff09749a8f4d3b3200a,2.7294399851385265e-08
d03E,140161d99a424b2d367d4c07c1b00a91c1d35713406c144e33003cf551109d48,140161d99a424b2d367d4c07c1b00a91c1d35713406c144e33003cf551109d48:1061,1061,4662,9a3f1a1651fe522d14a1ce57f64bb9a28f1b93187967f0ea5322e556438d10b1,4662,0e51b0f20409ea576ba72ed0d2bd8e016689a30c4fdfdff09749a8f4d3b3200a,1.9460586919706202e-08
d03E,140161d99a424b2d367d4c07c1b00a91c1d35713406c144e33003cf551109d48,140161d99a424b2d367d4c07c1b00a91c1d35713406c144e33003cf551109d48:1062,1062,4662,91e0ca3d19da54f624dc11a3ea8f0bc450beaef509be4ef1000697f3b5c61c93,4662,0e51b0f20409ea576ba72ed0d2bd8e016689a30c4fdfdff09749a8f4d3b3200a,2.4604272064188137e-08
d03E,140161d99a424b2d367d4c07c1b00a91c1d35713406c144e33003cf551109d48,140161d99a424b2d367d4c07c1b00a91c1d35713406c144e33003cf551109d48:1063,1063,4662,4f75a75acfb11044c8de6a03354790c46b19ede6fe0b271467e1fd6cc826b099,4662,0e51b0f20409ea576ba72ed0d2bd8e016689a30c4fdfdff09749a8f4d3b3200a,2.1866581212393044e-08
d03E,140161d99a424b2d367d4c07c1b00a91c1d35713406c144e33003cf551109d48,140161d99a424b2d367d4c07c1b00a91c1d35713406c144e33003cf551109d48:1064,1064,4662,44adb4d106116c5f0e09b49d50bdacf6d3cf7d30d1ac52a743caddc58344026c,4662,0e51b0f20409ea576ba72ed0d2bd8e016689a30c4fdfdff09749a8f4d3b3200a,2.7294399851385265e-08
d03E,140161d99a424b2d367d4c07c1b00a91c1d35713406c144e33003cf551109d48,140161d99a424b2d367d4c07c1b00a91c1d35713406c144e33003cf551109d48:1065,1065,4662,91e0ca3d19da54f624dc11a3ea8f0bc450beaef509be4ef1000697f3b5c61c93,4662,0e51b0f20409ea576ba72ed0d2bd8e016689a30c4fdfdff09749a8f4d3b3200a,2.4604272064188137e-08
d03E,140161d99a424b2d367d4c07c1b00a91c1d35713406c144e33003cf551109d48,140161d99a424b2d367d4c07c1b00a91c1d35713406c144e33003cf551109d48:1066,1066,4662,8b8aab0929e932a453d5c7cae67a6e5ed7a2b3a50da39be17c917124341e39a1,4662,0e51b0f20409ea576ba72ed0d2bd8e016689a30c4fdfdff09749a8f4d3b3200a,1.614738409649874e-08
d03E,140161d99a424b2d367d4c07c1b00a91c1d35713406c144e33003cf551109d48,140161d99a424b2d367d4c07c1b00a91c1d35713406c144e33003cf551109d48:1067,1067,4662,e39392b1d81a92983cbf4375db18cc027d26152995a18b7b5bdb366da995a5a7,4662,0e51b0f20409ea576ba72ed0d2bd8e016689a30c4fdfdff09749a8f4d3b3200a,2.3884369149129725e-08
d03E,140161d99a424b2d367d4c07c1b00a91c1d35713406c144e33003cf551109d48,140161d99a424b2d367d4c07c1b00a91c1d35713406c144e33003cf551109d48:1068,1068,4662,9a3f1a1651fe522d14a1ce57f64bb9a28f1b93187967f0ea5322e556438d10b1,4662,0e51b0f20409ea576ba72ed0d2bd8e016689a30c4fdfdff09749a8f4d3b3200a,1.9460586919706202e-08
d03E,140161d99a424b2d367d4c07c1b00a91c1d35713406c144e33003cf551109d48,140161d99a424b2d367d4c07c1b00a91c1d35713406c144e33003cf551109d48:1069,1069,4662,4f75a75acfb11044c8de6a03354790c46b19ede6fe0b271467e1fd6cc826b099,4662,0e51b0f20409ea576ba72ed0d2bd8e016689a30c4fdfdff09749a8f4d3b3200a,2.1866581212393044e-08
d03E,140161d99a424b2d367d4c07c1b00a91c1d35713406c144e33003cf551109d48,140161d99a424b2d367d4c07c1b00a91c1d35713406c144e33003cf551109d48:1070,1070,4662,073468a2f4cac76c7cbdf1663e9bd5fd824f4f1a1259765d939b94182e6c9f24,4662,0e51b0f20409ea576ba72ed0d2bd8e016689a30c4fdfdff09749a8f4d3b3200a,2.7454516660085915e-08
d03E,140161d99a424b2d367d4c07c1b00a91c1d35713406c144e33003cf551109d48,140161d99a424b2d367d4c07c1b00a91c1d35713406c144e33003cf551109d48:1071,1071,4683,540b3f24e8750bee562018c57af316bed1bd75681ac93cdac112a97ee444b7a0,4683,45ae18a4a1876c4ba798d3afc81ca31113f80f91daab0f8fd6f5500283c1da62,1.2800118520672754e-08
d03E,140161d99a424b2d367d4c07c1b00a91c1d35713406c144e33003cf551109d48,140161d99a424b2d367d4c07c1b00a91c1d35713406c144e33003cf551109d48:1072,1072,4711,b807dedb9f7c79a72cb958ac607f89e52621f928edf547335bd0432f276fcf7b,4711,a395d048d0173c397e4b7b04b8db316ac51052f599a5e69850260b36950c55bf,1.4468439446524428e-08
d03E,140161d99a424b2d367d4c07c1b00a91c1d35713406c144e33003cf551109d48,140161d99a424b2d367d4c07c1b00a91c1d35713406c144e33003cf551109d48:1073,1073,4711,866655fdce3c4e35259baa6fe5642e166c2ac3d6218b0c50ae0ab1c4eea4cf2b,4711,a395d048d0173c397e4b7b04b8db316ac51052f599a5e69850260b36950c55bf,1.5333882941170884e-08
d03E,140161d99a424b2d367d4c07c1b00a91c1d35713406c144e33003cf551109d48,140161d99a424b2d367d4c07c1b00a91c1d35713406c144e33003cf551109d48:1074,1074,4711,c4f8d68eb3ea7a4f98d87b98466f2d36aa586387b5d80c8360262968d963bb32,4711,a395d048d0173c397e4b7b04b8db316ac51052f599a5e69850260b36950c55bf,1.3737577075900731e-08
d03E,140161d99a424b2d367d4c07c1b00a91c1d35713406c144e33003cf551109d48,140161d99a424b2d367d4c07c1b00a91c1d35713406c144e33003cf551109d48:1075,1075,4711,87131abe5cd3756192284ba6206d485cf4e3f223e85892e3bf09db3986a7c2ae,4711,a395d048d0173c397e4b7b04b8db316ac51052f599a5e69850260b36950c55bf,2.2784463538094712e-08
d03E,140161d99a424b2d367d4c07c1b00a91c1d35713406c144e33003cf551109d48,140161d99a424b2d367d4c07c1b00a91c1d35713406c144e33003cf551109d48:1076,1076,4711,87131abe5cd3756192284ba6206d485cf4e3f223e85892e3bf09db3986a7c2ae,4711,a395d048d0173c397e4b7b04b8db316ac51052f599a5e69850260b36950c55bf,2.2784463538094712e-08
d03E,140161d99a424b2d367d4c07c1b00a91c1d35713406c144e33003cf551109d48,140161d99a424b2d367d4c07c1b00a91c1d35713406c144e33003cf551109d48:1077,1077,4763,56ce3df985ed01a7105c5ade67f43264670d10cf712950cd375e113e642906aa,4763,c32813a960d722544e543d6012d7882eca94d3fa5e6a2a7c701fec715b77af55,2.0166596836901363e-08
d03E,140161d99a424b2d367d4c07c1b00a91c1d35713406c144e33003cf551109d48,140161d99a424b2d367d4c07c1b00a91c1d35713406c144e33003cf551109d48:1078,1078,4763,56ce3df985ed01a7105c5ade67f43264670d10cf712950cd375e113e642906aa,4763,c32813a960d722544e543d6012d7882eca94d3fa5e6a2a7c701fec715b77af55,2.0166596836901363e-08
d03E,140161d99a424b2d367d4c07c1b00a91c1d35713406c144e33003cf551109d48,140161d99a424b2d367d4c07c1b00a91c1d35713406c144e33003cf551109d48:1079,1079,4763,56ce3df985ed01a7105c5ade67f43264670d10cf712950cd375e113e642906aa,4763,c32813a960d722544e543d6012d7882eca94d3fa5e6a2a7c701fec715b77af55,2.0166596836901363e-08
d03E,140161d99a424b2d367d4c07c1b00a91c1d35713406c144e33003cf551109d48,140161d99a424b2d367d4c07c1b00a91c1d35713406c144e33003cf551109d48:1080,1080,4763,969eceebb51b155dc5d0ec5b48752941708dec88b754eba4642f2da45b0b35b3,4763,c32813a960d722544e543d6012d7882eca94d3fa5e6a2a7c701fec715b77af55,2.9677456270249536e-08
d03E,140161d99a424b2d367d4c07c1b00a91c1d35713406c144e33003cf551109d48,140161d99a424b2d367d4c07c1b00a91c1d35713406c144e33003cf551109d48:1081,1081,4836,5ce0d8f109c99e59a381d887bd3f3a2942332fb058ab5e8583928b55023924e1,4836,a3028caf574da4a8514aba0cb655d5279b4ba9acb6bf2dbdea06124842069880,2.4630946393600084e-08
d03E,140161d99a424b2d367d4c07c1b00a91c1d35713406c144e33003cf551109d48,140161d99a424b2d367d4c07c1b00a91c1d35713406c144e33003cf551109d48:1082,1082,4839,0ab16a0a81228706d8f2c97a82c7a6b1454e3fddc1d10c7d7933906816d84a35,4839,04c4061a1a6baf727a7f5aa85e25c9880b9c25e0db86ab9a07e44ddddd1ba894,2.6325207125310612e-08
d03E,140161d99a424b2d367d4c07c1b00a91c1d35713406c144e33003cf551109d48,140161d99a424b2d367d4c07c1b00a91c1d35713406c144e33003cf551109d48:1083,1083,4839,71b42fbc6a117c73c7f51355352eb2c750b973e44a526f7df05a176023a8f3c2,4839,04c4061a1a6baf727a7f5aa85e25c9880b9c25e0db86ab9a07e44ddddd1ba894,1.4732616904211682e-08
d03E,140161d99a424b2d367d4c07c1b00a91c1d35713406c144e33003cf551109d48,140161d99a424b2d367d4c07c1b00a91c1d35713406c144e33003cf551109d48:1084,1084,4839,71b42fbc6a117c73c7f51355352eb2c750b973e44a526f7df05a176023a8f3c2,4839,04c4061a1a6baf727a7f5aa85e25c9880b9c25e0db86ab9a07e44ddddd1ba894,1.4732616904211682e-08
d03E,140161d99a424b2d367d4c07c1b00a91c1d35713406c144e33003cf551109d48,140161d99a424b2d367d4c07c1b00a91c1d35713406c144e33003cf551109d48:1085,1085,4866,5af2f63fd76ac662ab97b6ab94a4cd90bdb25ae2cc86450d00210aa4e6c2150e,4866,36286141d5051583cebb0e46dd65fedfb0c9e12efe300147b33405c00b0bbf20,1.00538046776677e-08
d03E,140161d99a424b2d367d4c07c1b00a91c1d35713406c144e33003cf551109d48,140161d99a424b2d367d4c07c1b00a91c1d35713406c144e33003cf551109d48:1086,1086,4866,9b3e690715cb58b1bef0158fa9a70bb26db44ea101313981f12461b89a9b7819,4866,36286141d5051583cebb0e46dd65fedfb0c9e12efe300147b33405c00b0bbf20,1.023556861490249e-08
d03E,140161d99a424b2d367d4c07c1b00a91c1d35713406c144e33003cf551109d48,140161d99a424b2d367d4c07c1b00a91c1d35713406c144e33003cf551109d48:1087,1087,4866,ae085276fec5f0f61235c7eab41dd459706d69982a39801f172f95fb9373c6a7,4866,36286141d5051583cebb0e46dd65fedfb0c9e12efe300147b33405c00b0bbf20,1.023556861490249e-08
d03E,140161d99a424b2d367d4c07c1b00a91c1d35713406c144e33003cf551109d48,140161d99a424b2d367d4c07c1b00a91c1d35713406c144e33003cf551109d48:1088,1088,4866,65e927b6c439790498654d63cd76441ff94128b90bc4f426ed4028b9e90c8cad,4866,36286141d5051583cebb0e46dd65fedfb0c9e12efe300147b33405c00b0bbf20,2.122967557305344e-08
d03E,140161d99a424b2d367d4c07c1b00a91c1d35713406c144e33003cf551109d48,140161d99a424b2d367d4c07c1b00a91c1d35713406c144e33003cf551109d48:1089,1089,4866,b226bf9ccd2ddc0d3c8e4eb77145e509f6635bf31269d2b5c1156c1ae8080879,4866,36286141d5051583cebb0e46dd65fedfb0c9e12efe300147b33405c00b0bbf20,2.3473808008489527e-08
d03E,140161d99a424b2d367d4c07c1b00a91c1d35713406c144e33003cf551109d48,140161d99a424b2d367d4c07c1b00a91c1d35713406c144e33003cf551109d48:1090,1090,4866,8563658e41c06f0cb1c0a2c594752268f6363248af14cb4a62899afc350338b2,4866,36286141d5051583cebb0e46dd65fedfb0c9e12efe300147b33405c00b0bbf20,2.3851495001281364e-08
d03E,140161d99a424b2d367d4c07c1b00a91c1d35713406c144e33003cf551109d48,140161d99a424b2d367d4c07c1b00a91c1d35713406c144e33003cf551109d48:1091,1091,4866,7186c72da936217b6a0c3bdbd8b8c849efd9bdcb24fcf45a8b310dca44fbe7c7,4866,36286141d5051583cebb0e46dd65fedfb0c9e12efe300147b33405c00b0bbf20,1.023556861490249e-08
d03E,140161d99a424b2d367d4c07c1b00a91c1d35713406c144e33003cf551109d48,140161d99a424b2d367d4c07c1b00a91c1d35713406c144e33003cf551109d48:1092,1092,4866,125014615bd179c8609052be51d49f0809fdbfd758582816a07a6a43a421eabd,4866,36286141d5051583cebb0e46dd65fedfb0c9e12efe300147b33405c00b0bbf20,2.3851495001281364e-08
d03E,140161d99a424b2d367d4c07c1b00a91c1d35713406c144e33003cf551109d48,140161d99a424b2d367d4c07c1b00a91c1d35713406c144e33003cf551109d48:1093,1093,4866,3cdf9618f33225e8541bae31c875a7ba8c4f9dad31ff66cdc5c3ceb1b801e07b,4866,36286141d5051583cebb0e46dd65fedfb0c9e12efe300147b33405c00b0bbf20,1.023556861490249e-08
d03E,140161d99a424b2d367d4c07c1b00a91c1d35713406c144e33003cf551109d48,140161d99a424b2d367d4c07c1b00a91c1d35713406c144e33003cf551109d48:1094,1094,4866,65e927b6c439790498654d63cd76441ff94128b90bc4f426ed4028b9e90c8cad,4866,36286141d5051583cebb0e46dd65fedfb0c9e12efe300147b33405c00b0bbf20,2.122967557305344e-08
d03E,140161d99a424b2d367d4c07c1b00a91c1d35713406c144e33003cf551109d48,140161d99a424b2d367d4c07c1b00a91c1d35713406c144e33003cf551109d48:1095,1095,4866,7d0ec03b56bf97cc2adabd312e26d5290f8f2a2f2a07f0e109ee7bbe8e115a1b,4866,36286141d5051583cebb0e46dd65fedfb0c9e12efe300147b33405c00b0bbf20,1.2116173175868994e-08
d03E,140161d99a424b2d367d4c07c1b00a91c1d35713406c144e33003cf551109d48,140161d99a424b2d367d4c07c1b00a91c1d35713406c144e33003cf551109d48:1096,1096,4866,b0fa9cdba9488c5632223172c9a3793ea885a61cb59816c3bf809fc810d47213,4866,36286141d5051583cebb0e46dd65fedfb0c9e12efe300147b33405c00b0bbf20,1.366051383122624e-08
d03E,140161d99a424b2d367d4c07c1b00a91c1d35713406c144e33003cf551109d48,140161d99a424b2d367d4c07c1b00a91c1d35713406c144e33003cf551109d48:1097,1097,4866,cede1cf5f7780b82e1be7b8e1905984281a963f32507a7b6406e61ab42c84841,4866,36286141d5051583cebb0e46dd65fedfb0c9e12efe300147b33405c00b0bbf20,1.023556861490249e-08
d03E,140161d99a424b2d367d4c07c1b00a91c1d35713406c144e33003cf551109d48,140161d99a424b2d367d4c07c1b00a91c1d35713406c144e33003cf551109d48:1098,1098,4866,9f29abf3356260bfded97c7255c3cbba020e2b9d644f26443a1217b1bb4ea0f3,4866,36286141d5051583cebb0e46dd65fedfb0c9e12efe300147b33405c00b0bbf20,2.161116285925857e-08
d03E,140161d99a424b2d367d4c07c1b00a91c1d35713406c144e33003cf551109d48,140161d99a424b2d367d4c07c1b00a91c1d35713406c144e33003cf551109d48:1099,1099,4866,e51be9219f5751d27bd09c6ec1b008bea4fa575f1ec26bb991761f4fad2a991b,4866,36286141d5051583cebb0e46dd65fedfb0c9e12efe300147b33405c00b0bbf20,1.023556861490249e-08
d03E,140161d99a424b2d367d4c07c1b00a91c1d35713406c144e33003cf551109d48,140161d99a424b2d367d4c07c1b00a91c1d35713406c144e33003cf551109d48:1100,1100,4866,9bd347ab76a8dadbe0622de05d9b12d385e05bdea6baac9ed4131b578d5cf630,4866,36286141d5051583cebb0e46dd65fedfb0c9e12efe300147b33405c00b0bbf20,1.0253528026638037e-08
d03E,140161d99a424b2d367d4c07c1b00a91c1d35713406c144e33003cf551109d48,140161d99a424b2d367d4c07c1b00a91c1d35713406c144e33003cf551109d48:1101,1101,4866,b226bf9ccd2ddc0d3c8e4eb77145e509f6635bf31269d2b5c1156c1ae8080879,4866,36286141d5051583cebb0e46dd65fedfb0c9e12efe300147b33405c00b0bbf20,2.3473808008489527e-08
d03E,140161d99a424b2d367d4c07c1b00a91c1d35713406c144e33003cf551109d48,140161d99a424b2d367d4c07c1b00a91c1d35713406c144e33003cf551109d48:1102,1102,4866,cede1cf5f7780b82e1be7b8e1905984281a963f32507a7b6406e61ab42c84841,4866,36286141d5051583cebb0e46dd65fedfb0c9e12efe300147b33405c00b0bbf20,1.023556861490249e-08
d03E,140161d99a424b2d367d4c07c1b00a91c1d35713406c144e33003cf551109d48,140161d99a424b2d367d4c07c1b00a91c1d35713406c144e33003cf551109d48:1103,1103,4866,11389ece91721665a088b95a4ed607946865ec5fd56a8c705730034e3c2d9654,4866,36286141d5051583cebb0e46dd65fedfb0c9e12efe300147b33405c00b0bbf20,1.366051383122624e-08
d03E,140161d99a424b2d367d4c07c1b00a91c1d35713406c144e33003cf551109d48,140161d99a424b2d367d4c07c1b00a91c1d35713406c144e33003cf551109d48:1104,1104,4866,dab7244128dca2fd703d3bb67f9cc704585102e79c0c86085db80ac2dfb08b3e,4866,36286141d5051583cebb0e46dd65fedfb0c9e12efe300147b33405c00b0bbf20,1.023556861490249e-08
d03E,140161d99a424b2d367d4c07c1b00a91c1d35713406c144e33003cf551109d48,140161d99a424b2d367d4c07c1b00a91c1d35713406c144e33003cf551109d48:1105,1105,4866,11389ece91721665a088b95a4ed607946865ec5fd56a8c705730034e3c2d9654,4866,36286141d5051583cebb0e46dd65fedfb0c9e12efe300147b33405c00b0bbf20,1.366051383122624e-08
d03E,140161d99a424b2d367d4c07c1b00a91c1d35713406c144e33003cf551109d48,140161d99a424b2d367d4c07c1b00a91c1d35713406c144e33003cf551109d48:1106,1106,4866,11389ece91721665a088b95a4ed607946865ec5fd56a8c705730034e3c2d9654,4866,36286141d5051583cebb0e46dd65fedfb0c9e12efe300147b33405c00b0bbf20,1.366051383122624e-08
d03E,140161d99a424b2d367d4c07c1b00a91c1d35713406c144e33003cf551109d48,140161d99a424b2d367d4c07c1b00a91c1d35713406c144e33003cf551109d48:1107,1107,4866,01170c920772977279cc71f002caffa2effb94c00eddba30e067eb4900780f78,4866,36286141d5051583cebb0e46dd65fedfb0c9e12efe300147b33405c00b0bbf20,1.366051383122624e-08
d03E,140161d99a424b2d367d4c07c1b00a91c1d35713406c144e33003cf551109d48,140161d99a424b2d367d4c07c1b00a91c1d35713406c144e33003cf551109d48:1108,1108,4866,7f865b568cee72db8b2854022afe199cef33f75a94ceeef1a59cc0c5eba1790a,4866,36286141d5051583cebb0e46dd65fedfb0c9e12efe300147b33405c00b0bbf20,2.5136729808750147e-08
d03E,140161d99a424b2d367d4c07c1b00a91c1d35713406c144e33003cf551109d48,140161d99a424b2d367d4c07c1b00a91c1d35713406c144e33003cf551109d48:1109,1109,4911,22cd28ee07facd1cf5461e42755f44c15dd2625d2d95f0c6cd33fc055b34a522,4911,289d4d61da1f578d96110d57c3613f4944a5f5ceb9a55c9c06c57d04b63fbd8a,2.597685844207831e-08
d03E,140161d99a424b2d367d4c07c1b00a91c1d35713406c144e33003cf551109d48,140161d99a424b2d367d4c07c1b00a91c1d35713406c144e33003cf551109d48:1110,1110,4911,22cd28ee07facd1cf5461e42755f44c15dd2625d2d95f0c6cd33fc055b34a522,4911,289d4d61da1f578d96110d57c3613f4944a5f5ceb9a55c9c06c57d04b63fbd8a,2.597685844207831e-08
d03E,140161d99a424b2d367d4c07c1b00a91c1d35713406c144e33003cf551109d48,140161d99a424b2d367d4c07c1b00a91c1d35713406c144e33003cf551109d48:1111,1111,4911,d901226b1fb681b8785789ebe49ca66dba5568011f975dbde50fc21ac7049c0d,4911,289d4d61da1f578d96110d57c3613f4944a5f5ceb9a55c9c06c57d04b63fbd8a,1.3942107357500788e-08
d03E,140161d99a424b2d367d4c07c1b00a91c1d35713406c144e33003cf551109d48,140161d99a424b2d367d4c07c1b00a91c1d35713406c144e33003cf551109d48:1112,1112,4943,f2c8ff3684ac822748ba4675ca929b8060761204516374b6f4c1e4f82c8340b2,4943,3812690fcd3b49850e6fcd762f8dc5a6e43bb8c3ee76a57f7643dce4f9f496c6,1.9321978128594708e-08
d03E,140161d99a424b2d367d4c07c1b00a91c1d35713406c144e33003cf551109d48,140161d99a424b2d367d4c07c1b00a91c1d35713406c144e33003cf551109d48:1113,1113,4943,e07b0cf71eec523d781e34269b70b634918f664a267c98b78cc2b65b19bb33f7,4943,3812690fcd3b49850e6fcd762f8dc5a6e43bb8c3ee76a57f7643dce4f9f496c6,3.283208604987209e-08
d03E,140161d99a424b2d367d4c07c1b00a91c1d35713406c144e33003cf551109d48,140161d99a424b2d367d4c07c1b00a91c1d35713406c144e33003cf551109d48:1114,1114,4943,88d0611efc5d05c476c4b3093d06bb68859e46aa0c1bdde66507d9c6b4540750,4943,3812690fcd3b49850e6fcd762f8dc5a6e43bb8c3ee76a57f7643dce4f9f496c6,2.6097204841590838e-08
d03E,140161d99a424b2d367d4c07c1b00a91c1d35713406c144e33003cf551109d48,140161d99a424b2d367d4c07c1b00a91c1d35713406c144e33003cf551109d48:1115,1115,4943,dc7fb28e6a87de939018824099fd433298438ecf637654dd0f354bec94261bed,4943,3812690fcd3b49850e6fcd762f8dc5a6e43bb8c3ee76a57f7643dce4f9f496c6,2.4250271901671283e-08
d03E,140161d99a424b2d367d4c07c1b00a91c1d35713406c144e33003cf551109d48,140161d99a424b2d367d4c07c1b00a91c1d35713406c144e33003cf551109d48:1116,1116,4943,30f703a36e567d584c0f85fd99b3885b1e4eb940bba0efd3e0525afd4f117187,4943,3812690fcd3b49850e6fcd762f8dc5a6e43bb8c3ee76a57f7643dce4f9f496c6,2.9921714994607385e-08
d03E,140161d99a424b2d367d4c07c1b00a91c1d35713406c144e33003cf551109d48,140161d99a424b2d367d4c07c1b00a91c1d35713406c144e33003cf551109d48:1117,1117,5005,923cb27edc27f058b7a00310cd985ca4e4d17521ad0cbe8ee676362d802ba9f7,5005,de3e70fd267e416233476024ffaffa084c761aab0dd5ee46a71fc6d35b38a714,3.016963900925873e-08
d03E,140161d99a424b2d367d4c07c1b00a91c1d35713406c144e33003cf551109d48,140161d99a424b2d367d4c07c1b00a91c1d35713406c144e33003cf551109d48:1118,1118,5044,86f2d7561ab66cf9d48773cdafbc6231a42b46aa264a2a44a0948d51f48a7ecc,5044,d2f49e763135cdf4905bd89f73ea87df377a6feb00d38b45308b7791170d4486,2.8094528481403813e-08
d03E,140161d99a424b2d367d4c07c1b00a91c1d35713406c144e33003cf551109d48,140161d99a424b2d367d4c07c1b00a91c1d35713406c144e33003cf551109d48:1119,1119,5044,cde726c84eee099c78fb4ae42180e7b188637cb0241bdc98df941e212564b2fb,5044,d2f49e763135cdf4905bd89f73ea87df377a6feb00d38b45308b7791170d4486,6.412775421793526e-09
d03E,140161d99a424b2d367d4c07c1b00a91c1d35713406c144e33003cf551109d48,140161d99a424b2d367d4c07c1b00a91c1d35713406c144e33003cf551109d48:1120,1120,5044,cde726c84eee099c78fb4ae42180e7b188637cb0241bdc98df941e212564b2fb,5044,d2f49e763135cdf4905bd89f73ea87df377a6feb00d38b45308b7791170d4486,6.412775421793526e-09
d03E,140161d99a424b2d367d4c07c1b00a91c1d35713406c144e33003cf551109d48,140161d99a424b2d367d4c07c1b00a91c1d35713406c144e33003cf551109d48:1121,1121,5130,23899030edb46a88f81c3c8698e71bd18d1a185c2446bc86f87a1101a00e6908,5130,8a8f878fb14d502fbeb0a19659794d60e357494aaeb61e5ec522034c180e061a,2.8070529456414306e-08
d03E,140161d99a424b2d367d4c07c1b00a91c1d35713406c144e33003cf551109d48,140161d99a424b2d367d4c07c1b00a91c1d35713406c144e33003cf551109d48:1122,1122,5130,9b751c6b3f6e8b67a40113f7bab395e7450b5a0b3056414d621e1bd4dc199245,5130,8a8f878fb14d502fbeb0a19659794d60e357494aaeb61e5ec522034c180e061a,2.634116702537881e-08
d03E,140161d99a424b2d367d4c07c1b00a91c1d35713406c144e33003cf551109d48,140161d99a424b2d367d4c07c1b00a91c1d35713406c144e33003cf551109d48:1123,1123,5144,ff2e218abf2f2a3718438f99c4fa92f0bf7b4b730c01f5151a4eb48342429823,5144,d2fc194193b5454cef37f26bfbbd0b382016cf84adab5212639877e30d6b0f5f,1.232583768384643e-08
d03E,140161d99a424b2d367d4c07c1b00a91c1d35713406c144e33003cf551109d48,140161d99a424b2d367d4c07c1b00a91c1d35713406c144e33003cf551109d48:1124,1124,5144,c3af602e7af6f404e9ccb2472394c609cdc96fadc696163cd3b011b5e1da32ea,5144,d2fc194193b5454cef37f26bfbbd0b382016cf84adab5212639877e30d6b0f5f,2.0066873274160457e-08
d03E,140161d99a424b2d367d4c07c1b00a91c1d35713406c144e33003cf551109d48,140161d99a424b2d367d4c07c1b00a91c1d35713406c144e33003cf551109d48:1125,1125,5144,13113046d07cdaea3cb9a350dc9340cdf12a1b7a43ae040cec5018afb1fbadfa,5144,d2fc194193b5454cef37f26bfbbd0b382016cf84adab5212639877e30d6b0f5f,2.0066873274160457e-08
d03E,140161d99a424b2d367d4c07c1b00a91c1d35713406c144e33003cf551109d48,140161d99a424b2d367d4c07c1b00a91c1d35713406c144e33003cf551109d48:1126,1126,5144,31d573f05694e86082c54283b99839ac295393956c3a14e9186e2ef0e958cf3e,5144,d2fc194193b5454cef37f26bfbbd0b382016cf84adab5212639877e30d6b0f5f,2.7430578031228947e-08
d03E,140161d99a424b2d367d4c07c1b00a91c1d35713406c144e33003cf551109d48,140161d99a424b2d367d4c07c1b00a91c1d35713406c144e33003cf551109d48:1127,1127,5144,9297f11d24661e1b00c90a1a4766809b68a559c9d395e7c8da1ddd491acb5c71,5144,d2fc194193b5454cef37f26bfbbd0b382016cf84adab5212639877e30d6b0f5f,2.6789710450003668e-08
d03E,140161d99a424b2d367d4c07c1b00a91c1d35713406c144e33003cf551109d48,140161d99a424b2d367d4c07c1b00a91c1d35713406c144e33003cf551109d48:1128,1128,5144,80a4cff6bcbbe0ae2c39784a084ca71a1392c5d67e968eca9304ca0520009815,5144,d2fc194193b5454cef37f26bfbbd0b382016cf84adab5212639877e30d6b0f5f,1.568752705516374e-08
d03E,140161d99a424b2d367d4c07c1b00a91c1d35713406c144e33003cf551109d48,140161d99a424b2d367d4c07c1b00a91c1d35713406c144e33003cf551109d48:1129,1129,5144,ff2e218abf2f2a3718438f99c4fa92f0bf7b4b730c01f5151a4eb48342429823,5144,d2fc194193b5454cef37f26bfbbd0b382016cf84adab5212639877e30d6b0f5f,1.232583768384643e-08
d03E,140161d99a424b2d367d4c07c1b00a91c1d35713406c144e33003cf551109d48,140161d99a424b2d367d4c07c1b00a91c1d35713406c144e33003cf551109d48:1130,1130,5144,ef6f93be396951ea3016d445c2bbc389ff4acf50bb2180727b6e3c6d0b24ccb8,5144,d2fc194193b5454cef37f26bfbbd0b382016cf84adab5212639877e30d6b0f5f,2.4359343653301835e-08
d03E,140161d99a424b2d367d4c07c1b00a91c1d35713406c144e33003cf551109d48,140161d99a424b2d367d4c07c1b00a91c1d35713406c144e33003cf551109d48:1131,1131,5144,ff2e218abf2f2a3718438f99c4fa92f0bf7b4b730c01f5151a4eb48342429823,5144,d2fc194193b5454cef37f26bfbbd0b382016cf84adab5212639877e30d6b0f5f,1.232583768384643e-08
d03E,140161d99a424b2d367d4c07c1b00a91c1d35713406c144e33003cf551109d48,140161d99a424b2d367d4c07c1b00a91c1d35713406c144e33003cf551109d48:1132,1132,5144,ff2e218abf2f2a3718438f99c4fa92f0bf7b4b730c01f5151a4eb48342429823,5144,d2fc194193b5454cef37f26bfbbd0b382016cf84adab5212639877e30d6b0f5f,1.232583768384643e-08
d03E,140161d99a424b2d367d4c07c1b00a91c1d35713406c144e33003cf551109d48,140161d99a424b2d367d4c07c1b00a91c1d35713406c144e33003cf551109d48:1133,1133,5177,5b73381e2ad60b007a410b9eed39a4949613e8244b11fafecf2e8772f11f9692,5177,49d5564dfa725af05cd6a7304ec3c2a283ad73c5b85c0c4d2239617360c664c0,1.2118399839167182e-08
d03E,140161d99a424b2d367d4c07c1b00a91c1d35713406c144e33003cf551109d48,140161d99a424b2d367d4c07c1b00a91c1d35713406c144e33003cf551109d48:1134,1134,5177,dc226679e4d36cd559efacf3295725b926f588e763d63f64941275d025500b5c,5177,49d5564dfa725af05cd6a7304ec3c2a283ad73c5b85c0c4d2239617360c664c0,1.916152680969674e-08
d03E,140161d99a424b2d367d4c07c1b00a91c1d35713406c144e33003cf551109d48,140161d99a424b2d367d4c07c1b00a91c1d35713406c144e33003cf551109d48:1135,1135,5177,589b15eae700de8f70ed862c3f04cfb8bb42dd41c26a7549c6b49ab97368dde7,5177,49d5564dfa725af05cd6a7304ec3c2a283ad73c5b85c0c4d2239617360c664c0,1.9470446088742932e-08
d03E,140161d99a424b2d367d4c07c1b00a91c1d35713406c144e33003cf551109d48,140161d99a424b2d367d4c07c1b00a91c1d35713406c144e33003cf551109d48:1136,1136,5177,d8987df7b6e378db297df046aedfe86a9d7d3c3845ca19262f343b97faca5123,5177,49d5564dfa725af05cd6a7304ec3c2a283ad73c5b85c0c4d2239617360c664c0,1.916152680969674e-08
d03E,140161d99a424b2d367d4c07c1b00a91c1d35713406c144e33003cf551109d48,140161d99a424b2d367d4c07c1b00a91c1d35713406c144e33003cf551109d48:1137,1137,5177,ba3252059c9ca6e9565adcc5916e12b7c6f9a436ff6a57a2aadcdf8b10ce2c85,5177,49d5564dfa725af05cd6a7304ec3c2a283ad73c5b85c0c4d2239617360c664c0,2.7404601921077187e-08
d03E,140161d99a424b2d367d4c07c1b00a91c1d35713406c144e33003cf551109d48,140161d99a424b2d367d4c07c1b00a91c1d35713406c144e33003cf551109d48:1138,1138,5177,c4dee0e5a4b0bde53d3c5897b15806b0d2581dc85f0349cc0131420fd6f31719,5177,49d5564dfa725af05cd6a7304ec3c2a283ad73c5b85c0c4d2239617360c664c0,1.916152680969674e-08
d03E,140161d99a424b2d367d4c07c1b00a91c1d35713406c144e33003cf551109d48,140161d99a424b2d367d4c07c1b00a91c1d35713406c144e33003cf551109d48:1139,1139,5177,8025753168bf5270aedfb5376af81951713f645619ad5ba372826f590d5bdca7,5177,49d5564dfa725af05cd6a7304ec3c2a283ad73c5b85c0c4d2239617360c664c0,1.425384976716515e-08
d03E,140161d99a424b2d367d4c07c1b00a91c1d35713406c144e33003cf551109d48,140161d99a424b2d367d4c07c1b00a91c1d35713406c144e33003cf551109d48:1140,1140,5177,5b73381e2ad60b007a410b9eed39a4949613e8244b11fafecf2e8772f11f9692,5177,49d5564dfa725af05cd6a7304ec3c2a283ad73c5b85c0c4d2239617360c664c0,1.2118399839167182e-08
d03E,140161d99a424b2d367d4c07c1b00a91c1d35713406c144e33003cf551109d48,140161d99a424b2d367d4c07c1b00a91c1d35713406c144e33003cf551109d48:1141,1141,5193,939a44f1ec98c32dceb526bb2fd8dcb1cd666a58f9e3d2dd980bd36aadd52ee9,5193,c21c6a162cb158ed71ccac8e97a4c98965c8c0001f8bd02f9dbda6bff5dbeb85,2.297312806653906e-08
d03E,140161d99a424b2d367d4c07c1b00a91c1d35713406c144e33003cf551109d48,140161d99a424b2d367d4c07c1b00a91c1d35713406c144e33003cf551109d48:1142,1142,5193,13d3945f79e102ff9ec989e4d9fb512471bec5366a7deae419b2fefd88272c20,5193,c21c6a162cb158ed71ccac8e97a4c98965c8c0001f8bd02f9dbda6bff5dbeb85,2.197765813782837e-08
d03E,140161d99a424b2d367d4c07c1b00a91c1d35713406c144e33003cf551109d48,140161d99a424b2d367d4c07c1b00a91c1d35713406c144e33003cf551109d48:1143,1143,5193,64eeb4f2b5eb14b173fe9ed5b250def848e6e126e5f0f3db2317fd0036a1c083,5193,c21c6a162cb158ed71ccac8e97a4c98965c8c0001f8bd02f9dbda6bff5dbeb85,2.197765813782837e-08
d03E,140161d99a424b2d367d4c07c1b00a91c1d35713406c144e33003cf551109d48,140161d99a424b2d367d4c07c1b00a91c1d35713406c144e33003cf551109d48:1144,1144,5193,3eb46d9450921bf941df11d43c419b35cb3de2ebf662ff39ce24497ee4eaa087,5193,c21c6a162cb158ed71ccac8e97a4c98965c8c0001f8bd02f9dbda6bff5dbeb85,2.297312806653906e-08
d03E,140161d99a424b2d367d4c07c1b00a91c1d35713406c144e33003cf551109d48,140161d99a424b2d367d4c07c1b00a91c1d35713406c144e33003cf551109d48:1145,1145,5193,e60c6a4ed1a9131f055c5aa3c974f4604d1130a4fb4d420a31cd4ad81e74479d,5193,c21c6a162cb158ed71ccac8e97a4c98965c8c0001f8bd02f9dbda6bff5dbeb85,3.0176406040638426e-08
d03E,140161d99a424b2d367d4c07c1b00a91c1d35713406c144e33003cf551109d48,140161d99a424b2d367d4c07c1b00a91c1d35713406c144e33003cf551109d48:1146,1146,5193,939a44f1ec98c32dceb526bb2fd8dcb1cd666a58f9e3d2dd980bd36aadd52ee9,5193,c21c6a162cb158ed71ccac8e97a4c98965c8c0001f8bd02f9dbda6bff5dbeb85,2.297312806653906e-08
d03E,140161d99a424b2d367d4c07c1b00a91c1d35713406c144e33003cf551109d48,140161d99a424b2d367d4c07c1b00a91c1d35713406c144e33003cf551109d48:1147,1147,5193,f1b625d92caa956b8aa330d07e71f28faf0aef0b29de3f3d3fbd06176bc2731a,5193,c21c6a162cb158ed71ccac8e97a4c98965c8c0001f8bd02f9dbda6bff5dbeb85,2.635033102826867e-08
d03E,140161d99a424b2d367d4c07c1b00a91c1d35713406c144e33003cf551109d48,140161d99a424b2d367d4c07c1b00a91c1d35713406c144e33003cf551109d48:1148,1148,5194,72b9f26b49df4c5cb4b9d878644dd5b30cd50aa93c524199da8cc79924fe5fad,5194,50dd6ade45ac050fd684bfa88cafddcc02e65b72a50ddad4119daeee3f8bfc1a,1.3100897922058152e-08
d03E,140161d99a424b2d367d4c07c1b00a91c1d35713406c144e33003cf551109d48,140161d99a424b2d367d4c07c1b00a91c1d35713406c144e33003cf551109d48:1149,1149,5194,d11aebbb6ef596abc501d0bba82a944af09a6357036b938c6302bc12543011b1,5194,50dd6ade45ac050fd684bfa88cafddcc02e65b72a50ddad4119daeee3f8bfc1a,2.6891914250981586e-08
d03E,140161d99a424b2d367d4c07c1b00a91c1d35713406c144e33003cf551109d48,140161d99a424b2d367d4c07c1b00a91c1d35713406c144e33003cf551109d48:1150,1150,5194,50f21a8bd42529b73973cd84fa7e1c4713a9a1255c525b18a0bef3b432d5f416,5194,50dd6ade45ac050fd684bfa88cafddcc02e65b72a50ddad4119daeee3f8bfc1a,3.03637508469734e-08
d03E,140161d99a424b2d367d4c07c1b00a91c1d35713406c144e33003cf551109d48,140161d99a424b2d367d4c07c1b00a91c1d35713406c144e33003cf551109d48:1151,1151,5194,d11aebbb6ef596abc501d0bba82a944af09a6357036b938c6302bc12543011b1,5194,50dd6ade45ac050fd684bfa88cafddcc02e65b72a50ddad4119daeee3f8bfc1a,2.6891914250981586e-08
d03E,140161d99a424b2d367d4c07c1b00a91c1d35713406c144e33003cf551109d48,140161d99a424b2d367d4c07c1b00a91c1d35713406c144e33003cf551109d48:1152,1152,5194,d11aebbb6ef596abc501d0bba82a944af09a6357036b938c6302bc12543011b1,5194,50dd6ade45ac050fd684bfa88cafddcc02e65b72a50ddad4119daeee3f8bfc1a,2.6891914250981586e-08
d03E,140161d99a424b2d367d4c07c1b00a91c1d35713406c144e33003cf551109d48,140161d99a424b2d367d4c07c1b00a91c1d35713406c144e33003cf551109d48:1153,1153,5194,72b9f26b49df4c5cb4b9d878644dd5b30cd50aa93c524199da8cc79924fe5fad,5194,50dd6ade45ac050fd684bfa88cafddcc02e65b72a50ddad4119daeee3f8bfc1a,1.3100897922058152e-08
d03E,140161d99a424b2d367d4c07c1b00a91c1d35713406c144e33003cf551109d48,140161d99a424b2d367d4c07c1b00a91c1d35713406c144e33003cf551109d48:1154,1154,5194,72b9f26b49df4c5cb4b9d878644dd5b30cd50aa93c524199da8cc79924fe5fad,5194,50dd6ade45ac050fd684bfa88cafddcc02e65b72a50ddad4119daeee3f8bfc1a,1.3100897922058152e-08
d03E,140161d99a424b2d367d4c07c1b00a91c1d35713406c144e33003cf551109d48,140161d99a424b2d367d4c07c1b00a91c1d35713406c144e33003cf551109d48:1155,1155,5194,50f21a8bd42529b73973cd84fa7e1c4713a9a1255c525b18a0bef3b432d5f416,5194,50dd6ade45ac050fd684bfa88cafddcc02e65b72a50ddad4119daeee3f8bfc1a,3.03637508469734e-08
d03E,140161d99a424b2d367d4c07c1b00a91c1d35713406c144e33003cf551109d48,140161d99a424b2d367d4c07c1b00a91c1d35713406c144e33003cf551109d48:1156,1156,5194,72b9f26b49df4c5cb4b9d878644dd5b30cd50aa93c524199da8cc79924fe5fad,5194,50dd6ade45ac050fd684bfa88cafddcc02e65b72a50ddad4119daeee3f8bfc1a,1.3100897922058152e-08
d03E,140161d99a424b2d367d4c07c1b00a91c1d35713406c144e33003cf551109d48,140161d99a424b2d367d4c07c1b00a91c1d35713406c144e33003cf551109d48:1157,1157,5194,72b9f26b49df4c5cb4b9d878644dd5b30cd50aa93c524199da8cc79924fe5fad,5194,50dd6ade45ac050fd684bfa88cafddcc02e65b72a50ddad4119daeee3f8bfc1a,1.3100897922058152e-08
d03E,140161d99a424b2d367d4c07c1b00a91c1d35713406c144e33003cf551109d48,140161d99a424b2d367d4c07c1b00a91c1d35713406c144e33003cf551109d48:1158,1158,5194,f3e8b1c283b1b6d62f54e4daaf106f584aed61fc68e255bb78189c61652bafc1,5194,50dd6ade45ac050fd684bfa88cafddcc02e65b72a50ddad4119daeee3f8bfc1a,1.5462589653125747e-08
d03E,140161d99a424b2d367d4c07c1b00a91c1d35713406c144e33003cf551109d48,140161d99a424b2d367d4c07c1b00a91c1d35713406c144e33003cf551109d48:1159,1159,5194,495fea83dd821cbe877649b8100d2e968f20cee46e0329a46afecb81f5b6a3b3,5194,50dd6ade45ac050fd684bfa88cafddcc02e65b72a50ddad4119daeee3f8bfc1a,2.708293656006333e-08
d03E,140161d99a424b2d367d4c07c1b00a91c1d35713406c144e33003cf551109d48,140161d99a424b2d367d4c07c1b00a91c1d35713406c144e33003cf551109d48:1160,1160,5316,0549a4c54ee2ca6895e7f4d974ef8de2ed486a5b6ffe792527069815510db23c,5316,50f5b1a293897d5561b44f3436ad4cc6fa713aea9de1b637a87a99db1ecbfe1f,1.9093508329959263e-08
d03E,140161d99a424b2d367d4c07c1b00a91c1d35713406c144e33003cf551109d48,140161d99a424b2d367d4c07c1b00a91c1d35713406c144e33003cf551109d48:1161,1161,5374,585be1a6953ed263bfd8d1b2d586e5eac3fc3c6faeac5fa406323b8a3e87874f,5374,129b09d4525cf2e8309beefad9ad124de56c0474f3ade08b2f87a03c54fe07cf,1.9786258409482116e-08
d03E,140161d99a424b2d367d4c07c1b00a91c1d35713406c144e33003cf551109d48,140161d99a424b2d367d4c07c1b00a91c1d35713406c144e33003cf551109d48:1162,1162,5374,01a0f1bc8ee78c4f4469f90a3fa6af0dbac17be6b0ce633de311d00fa6a56d85,5374,129b09d4525cf2e8309beefad9ad124de56c0474f3ade08b2f87a03c54fe07cf,2.3214705935359348e-08
d03E,140161d99a424b2d367d4c07c1b00a91c1d35713406c144e33003cf551109d48,140161d99a424b2d367d4c07c1b00a91c1d35713406c144e33003cf551109d48:1163,1163,5374,0b5bbda0ac58607208fde4c63d51f08c977800a0ac00fd49ab667c94731aa0f2,5374,129b09d4525cf2e8309beefad9ad124de56c0474f3ade08b2f87a03c54fe07cf,1.2561333084804005e-08
d03E,140161d99a424b2d367d4c07c1b00a91c1d35713406c144e33003cf551109d48,140161d99a424b2d367d4c07c1b00a91c1d35713406c144e33003cf551109d48:1164,1164,5374,a2b56551061f8debd2deea839b9e6c79dd022353d9189133055d309e516a03bc,5374,129b09d4525cf2e8309beefad9ad124de56c0474f3ade08b2f87a03c54fe07cf,2.8341395896802624e-08
d03E,140161d99a424b2d367d4c07c1b00a91c1d35713406c144e33003cf551109d48,140161d99a424b2d367d4c07c1b00a91c1d35713406c144e33003cf551109d48:1165,1165,5375,76514f6d3d440b39fc5d0b617cb701ebbc286ee8170b32441b91bb8e8e2b19cc,5375,6cd558a6b1662e2f98509bcf7644c88c685c2913b6457b9af163d776f74313f8,1.930746906797509e-08
d03E,140161d99a424b2d367d4c07c1b00a91c1d35713406c144e33003cf551109d48,140161d99a424b2d367d4c07c1b00a91c1d35713406c144e33003cf551109d48:1166,1166,5375,813de663ab72dc09d9bc74ed2c8f0decc95edea580b7851863790e828b688dfa,5375,6cd558a6b1662e2f98509bcf7644c88c685c2913b6457b9af163d776f74313f8,6.3549123741069025e-09
d03E,140161d99a424b2d367d4c07c1b00a91c1d35713406c144e33003cf551109d48,140161d99a424b2d367d4c07c1b00a91c1d35713406c144e33003cf551109d48:1167,1167,5375,76514f6d3d440b39fc5d0b617cb701ebbc286ee8170b32441b91bb8e8e2b19cc,5375,6cd558a6b1662e2f98509bcf7644c88c685c2913b6457b9af163d776f74313f8,1.930746906797509e-08
d03E,140161d99a424b2d367d4c07c1b00a91c1d35713406c144e33003cf551109d48,140161d99a424b2d367d4c07c1b00a91c1d35713406c144e33003cf551109d48:1168,1168,5375,813de663ab72dc09d9bc74ed2c8f0decc95edea580b7851863790e828b688dfa,5375,6cd558a6b1662e2f98509bcf7644c88c685c2913b6457b9af163d776f74313f8,6.3549123741069025e-09
d03E,140161d99a424b2d367d4c07c1b00a91c1d35713406c144e33003cf551109d48,140161d99a424b2d367d4c07c1b00a91c1d35713406c144e33003cf551109d48:1169,1169,5375,386645dbe058c36c6ceaf8c93128d863205dc124b01db9d546cb905f30347827,5375,6cd558a6b1662e2f98509bcf7644c88c685c2913b6457b9af163d776f74313f8,1.4220143618182135e-08
d03E,140161d99a424b2d367d4c07c1b00a91c1d35713406c144e33003cf551109d48,140161d99a424b2d367d4c07c1b00a91c1d35713406c144e33003cf551109d48:1170,1170,5375,813de663ab72dc09d9bc74ed2c8f0decc95edea580b7851863790e828b688dfa,5375,6cd558a6b1662e2f98509bcf7644c88c685c2913b6457b9af163d776f74313f8,6.3549123741069025e-09
d03E,140161d99a424b2d367d4c07c1b00a91c1d35713406c144e33003cf551109d48,140161d99a424b2d367d4c07c1b00a91c1d35713406c144e33003cf551109d48:1171,1171,5375,ac992da08c1f9ecfa02c0bcde217f075090a7b5d2b2393da56fc956aafa2cecc,5375,6cd558a6b1662e2f98509bcf7644c88c685c2913b6457b9af163d776f74313f8,2.8155033526822137e-08
d03E,140161d99a424b2d367d4c07c1b00a91c1d35713406c144e33003cf551109d48,140161d99a424b2d367d4c07c1b00a91c1d35713406c144e33003cf551109d48:1172,1172,5411,12208664d73891097c63f828ab5e405afea910530cf464b807f150d08f2077e2,5411,a5fd13abf87d5702694d6d086c2712fc9f5c083827a44ff1222abe61c3e4db3e,2.898948681107072e-08
d03E,140161d99a424b2d367d4c07c1b00a91c1d35713406c144e33003cf551109d48,140161d99a424b2d367d4c07c1b00a91c1d35713406c144e33003cf551109d48:1173,1173,5438,35f8490d8b8c50bb009af35bd22dc0f2e41234f12dbbc4f564e39facb2e87c6a,5438,8b57e534971ec87daef2a716ec5f6ed8eb1ffd24355123daf615a3c48ae24e85,1.1523792142753564e-08
d03E,140161d99a424b2d367d4c07c1b00a91c1d35713406c144e33003cf551109d48,140161d99a424b2d367d4c07c1b00a91c1d35713406c144e33003cf551109d48:1174,1174,5438,e80f90fa8dd4749dcb9b1e2ceee2d32079dc377f448edc90f1c32a1831f0509c,5438,8b57e534971ec87daef2a716ec5f6ed8eb1ffd24355123daf615a3c48ae24e85,2.4635466999711753e-08
d03E,140161d99a424b2d367d4c07c1b00a91c1d35713406c144e33003cf551109d48,140161d99a424b2d367d4c07c1b00a91c1d35713406c144e33003cf551109d48:1175,1175,5438,1faf21e72f7c792960adccba6c0e3b9e7d2014e20af6f2c0fadd11d563c0eeb9,5438,8b57e534971ec87daef2a716ec5f6ed8eb1ffd24355123daf615a3c48ae24e85,2.379330688029313e-08
d03E,140161d99a424b2d367d4c07c1b00a91c1d35713406c144e33003cf551109d48,140161d99a424b2d367d4c07c1b00a91c1d35713406c144e33003cf551109d48:1176,1176,5438,14abb8e869f8e8c12cc865a5bd4edc3d3a254deb2f4c14ea0990c7b654629619,5438,8b57e534971ec87daef2a716ec5f6ed8eb1ffd24355123daf615a3c48ae24e85,1.09389026725637e-08
d03E,140161d99a424b2d367d4c07c1b00a91c1d35713406c144e33003cf551109d48,140161d99a424b2d367d4c07c1b00a91c1d35713406c144e33003cf551109d48:1177,1177,5438,1faf21e72f7c792960adccba6c0e3b9e7d2014e20af6f2c0fadd11d563c0eeb9,5438,8b57e534971ec87daef2a716ec5f6ed8eb1ffd24355123daf615a3c48ae24e85,2.379330688029313e-08
d03E,140161d99a424b2d367d4c07c1b00a91c1d35713406c144e33003cf551109d48,140161d99a424b2d367d4c07c1b00a91c1d35713406c144e33003cf551109d48:1178,1178,5438,14abb8e869f8e8c12cc865a5bd4edc3d3a254deb2f4c14ea0990c7b654629619,5438,8b57e534971ec87daef2a716ec5f6ed8eb1ffd24355123daf615a3c48ae24e85,1.09389026725637e-08
d03E,140161d99a424b2d367d4c07c1b00a91c1d35713406c144e33003cf551109d48,140161d99a424b2d367d4c07c1b00a91c1d35713406c144e33003cf551109d48:1179,1179,5438,1faf21e72f7c792960adccba6c0e3b9e7d2014e20af6f2c0fadd11d563c0eeb9,5438,8b57e534971ec87daef2a716ec5f6ed8eb1ffd24355123daf615a3c48ae24e85,2.379330688029313e-08
d03E,140161d99a424b2d367d4c07c1b00a91c1d35713406c144e33003cf551109d48,140161d99a424b2d367d4c07c1b00a91c1d35713406c144e33003cf551109d48:1180,1180,5438,1faf21e72f7c792960adccba6c0e3b9e7d2014e20af6f2c0fadd11d563c0eeb9,5438,8b57e534971ec87daef2a716ec5f6ed8eb1ffd24355123daf615a3c48ae24e85,2.379330688029313e-08
d03E,140161d99a424b2d367d4c07c1b00a91c1d35713406c144e33003cf551109d48,140161d99a424b2d367d4c07c1b00a91c1d35713406c144e33003cf551109d48:1181,1181,5438,35f8490d8b8c50bb009af35bd22dc0f2e41234f12dbbc4f564e39facb2e87c6a,5438,8b57e534971ec87daef2a716ec5f6ed8eb1ffd24355123daf615a3c48ae24e85,1.1523792142753564e-08
d03E,140161d99a424b2d367d4c07c1b00a91c1d35713406c144e33003cf551109d48,140161d99a424b2d367d4c07c1b00a91c1d35713406c144e33003cf551109d48:1182,1182,5449,30d0930aa30328c3b23122975334955c2ed566eebc0977935037b86f327104b5,5449,030db1d6de218bdce9bcc3575bcf6022bf72e1afb93aab41a1c7ef6c57fcfe0d,2.8501881632614356e-08
d03E,140161d99a424b2d367d4c07c1b00a91c1d35713406c144e33003cf551109d48,140161d99a424b2d367d4c07c1b00a91c1d35713406c144e33003cf551109d48:1183,1183,5449,09680921e7774d1ca8fe2c7d42a2198a64beb196d6ede65560c01214d254a412,5449,030db1d6de218bdce9bcc3575bcf6022bf72e1afb93aab41a1c7ef6c57fcfe0d,3.110276314277627e-08
d03E,140161d99a424b2d367d4c07c1b00a91c1d35713406c144e33003cf551109d48,140161d99a424b2d367d4c07c1b00a91c1d35713406c144e33003cf551109d48:1184,1184,5449,df1090e9db0c876bdb48416cebda439a0016a9550500e7732c723e0e4d0df20f,5449,030db1d6de218bdce9bcc3575bcf6022bf72e1afb93aab41a1c7ef6c57fcfe0d,2.7046430095545304e-08
d03E,140161d99a424b2d367d4c07c1b00a91c1d35713406c144e33003cf551109d48,140161d99a424b2d367d4c07c1b00a91c1d35713406c144e33003cf551109d48:1185,1185,5449,09680921e7774d1ca8fe2c7d42a2198a64beb196d6ede65560c01214d254a412,5449,030db1d6de218bdce9bcc3575bcf6022bf72e1afb93aab41a1c7ef6c57fcfe0d,3.110276314277627e-08
d03E,140161d99a424b2d367d4c07c1b00a91c1d35713406c144e33003cf551109d48,140161d99a424b2d367d4c07c1b00a91c1d35713406c144e33003cf551109d48:1186,1186,5449,09680921e7774d1ca8fe2c7d42a2198a64beb196d6ede65560c01214d254a412,5449,030db1d6de218bdce9bcc3575bcf6022bf72e1afb93aab41a1c7ef6c57fcfe0d,3.110276314277627e-08
d03E,140161d99a424b2d367d4c07c1b00a91c1d35713406c144e33003cf551109d48,140161d99a424b2d367d4c07c1b00a91c1d35713406c144e33003cf551109d48:1187,1187,5449,07160d478a12dbc9a5b0b5a0d8cf5ba84ffe1c7b6f160ea7cd09748732efcc51,5449,030db1d6de218bdce9bcc3575bcf6022bf72e1afb93aab41a1c7ef6c57fcfe0d,2.7046430095545304e-08
d03E,140161d99a424b2d367d4c07c1b00a91c1d35713406c144e33003cf551109d48,140161d99a424b2d367d4c07c1b00a91c1d35713406c144e33003cf551109d48:1188,1188,5449,09680921e7774d1ca8fe2c7d42a2198a64beb196d6ede65560c01214d254a412,5449,030db1d6de218bdce9bcc3575bcf6022bf72e1afb93aab41a1c7ef6c57fcfe0d,3.110276314277627e-08
d03E,140161d99a424b2d367d4c07c1b00a91c1d35713406c144e33003cf551109d48,140161d99a424b2d367d4c07c1b00a91c1d35713406c144e33003cf551109d48:1189,1189,5449,df1090e9db0c876bdb48416cebda439a0016a9550500e7732c723e0e4d0df20f,5449,030db1d6de218bdce9bcc3575bcf6022bf72e1afb93aab41a1c7ef6c57fcfe0d,2.7046430095545304e-08
d03E,140161d99a424b2d367d4c07c1b00a91c1d35713406c144e33003cf551109d48,140161d99a424b2d367d4c07c1b00a91c1d35713406c144e33003cf551109d48:1190,1190,5453,48d7a178e1c968374f20c2a5b11428eaafd415f6bdf8a7e991cfac5b4fe12cdc,5453,ee7ad9be132c0db88f4b133934301df19a2938ddb5c03e1653c90b7e3cb8aca7,2.3644772140229975e-08
d03E,140161d99a424b2d367d4c07c1b00a91c1d35713406c144e33003cf551109d48,140161d99a424b2d367d4c07c1b00a91c1d35713406c144e33003cf551109d48:1191,1191,5453,48aba0c0f5f820dd3cb6e40b56f3855d157d8658e1a5486d0c6fdbec3d7f9397,5453,ee7ad9be132c0db88f4b133934301df19a2938ddb5c03e1653c90b7e3cb8aca7,1.4378850554663813e-08
d03E,140161d99a424b2d367d4c07c1b00a91c1d35713406c144e33003cf551109d48,140161d99a424b2d367d4c07c1b00a91c1d35713406c144e33003cf551109d48:1192,1192,5453,8d156de19733abebcd20e42393944cae32875afbd7d40d01a7b9db4334653cdf,5453,ee7ad9be132c0db88f4b133934301df19a2938ddb5c03e1653c90b7e3cb8aca7,2.8509292038236822e-08
d03E,140161d99a424b2d367d4c07c1b00a91c1d35713406c144e33003cf551109d48,140161d99a424b2d367d4c07c1b00a91c1d35713406c144e33003cf551109d48:1193,1193,5453,3f0fac65e70fbdd57170ed4626bc4f996ec44422add90f18113016dd08242ebb,5453,ee7ad9be132c0db88f4b133934301df19a2938ddb5c03e1653c90b7e3cb8aca7,2.9392022871110868e-08
d03E,140161d99a424b2d367d4c07c1b00a91c1d35713406c144e33003cf551109d48,140161d99a424b2d367d4c07c1b00a91c1d35713406c144e33003cf551109d48:1194,1194,5453,a9fa1615a3dc83f1a1dc968da6c503ee2599084bff96ad4e7827c84878ca869e,5453,ee7ad9be132c0db88f4b133934301df19a2938ddb5c03e1653c90b7e3cb8aca7,2.8424451237185622e-08
d03E,140161d99a424b2d367d4c07c1b00a91c1d35713406c144e33003cf551109d48,140161d99a424b2d367d4c07c1b00a91c1d35713406c144e33003cf551109d48:1195,1195,5453,3f0fac65e70fbdd57170ed4626bc4f996ec44422add90f18113016dd08242ebb,5453,ee7ad9be132c0db88f4b133934301df19a2938ddb5c03e1653c90b7e3cb8aca7,2.9392022871110868e-08
d03E,140161d99a424b2d367d4c07c1b00a91c1d35713406c144e33003cf551109d48,140161d99a424b2d367d4c07c1b00a91c1d35713406c144e33003cf551109d48:1196,1196,5453,ce1e240690e4927f2488da088f55dbdc7afac6fc27d1c33e8bdcc8b5081845e0,5453,ee7ad9be132c0db88f4b133934301df19a2938ddb5c03e1653c90b7e3cb8aca7,2.3644772140229975e-08
d03E,140161d99a424b2d367d4c07c1b00a91c1d35713406c144e33003cf551109d48,140161d99a424b2d367d4c07c1b00a91c1d35713406c144e33003cf551109d48:1197,1197,5453,48aba0c0f5f820dd3cb6e40b56f3855d157d8658e1a5486d0c6fdbec3d7f9397,5453,ee7ad9be132c0db88f4b133934301df19a2938ddb5c03e1653c90b7e3cb8aca7,1.4378850554663813e-08
d03E,140161d99a424b2d367d4c07c1b00a91c1d35713406c144e33003cf551109d48,140161d99a424b2d367d4c07c1b00a91c1d35713406c144e33003cf551109d48:1198,1198,5453,604fc5f863efb9c5e561351aa7e223794a06d38a4ea47117b14c6e3e3f553f07,5453,ee7ad9be132c0db88f4b133934301df19a2938ddb5c03e1653c90b7e3cb8aca7,2.3644772140229975e-08
d03E,140161d99a424b2d367d4c07c1b00a91c1d35713406c144e33003cf551109d48,140161d99a424b2d367d4c07c1b00a91c1d35713406c144e33003cf551109d48:1199,1199,5453,48d7a178e1c968374f20c2a5b11428eaafd415f6bdf8a7e991cfac5b4fe12cdc,5453,ee7ad9be132c0db88f4b133934301df19a2938ddb5c03e1653c90b7e3cb8aca7,2.3644772140229975e-08
d03E,140161d99a424b2d367d4c07c1b00a91c1d35713406c144e33003cf551109d48,140161d99a424b2d367d4c07c1b00a91c1d35713406c144e33003cf551109d48:1200,1200,5453,212ee530e6b8519dc5f18cbeee9c70f9bc3097f9fd13e77e77dc503271299ea1,5453,ee7ad9be132c0db88f4b133934301df19a2938ddb5c03e1653c90b7e3cb8aca7,3.1180193538205e-08
d03E,140161d99a424b2d367d4c07c1b00a91c1d35713406c144e33003cf551109d48,140161d99a424b2d367d4c07c1b00a91c1d35713406c144e33003cf551109d48:1201,1201,5453,aa1635f06c74c82c0ed9d0324c0aa18def783c6971d21660a290c124acc836ba,5453,ee7ad9be132c0db88f4b133934301df19a2938ddb5c03e1653c90b7e3cb8aca7,2.3644772140229975e-08
d03E,140161d99a424b2d367d4c07c1b00a91c1d35713406c144e33003cf551109d48,140161d99a424b2d367d4c07c1b00a91c1d35713406c144e33003cf551109d48:1202,1202,5453,8d156de19733abebcd20e42393944cae32875afbd7d40d01a7b9db4334653cdf,5453,ee7ad9be132c0db88f4b133934301df19a2938ddb5c03e1653c90b7e3cb8aca7,2.8509292038236822e-08
d03E,140161d99a424b2d367d4c07c1b00a91c1d35713406c144e33003cf551109d48,140161d99a424b2d367d4c07c1b00a91c1d35713406c144e33003cf551109d48:1203,1203,5453,3f0fac65e70fbdd57170ed4626bc4f996ec44422add90f18113016dd08242ebb,5453,ee7ad9be132c0db88f4b133934301df19a2938ddb5c03e1653c90b7e3cb8aca7,2.9392022871110868e-08
d03E,140161d99a424b2d367d4c07c1b00a91c1d35713406c144e33003cf551109d48,140161d99a424b2d367d4c07c1b00a91c1d35713406c144e33003cf551109d48:1204,1204,5453,83242b7c45e1022aae7e30795a7c93e4883019213cb13632e88e94ade07cfed1,5453,ee7ad9be132c0db88f4b133934301df19a2938ddb5c03e1653c90b7e3cb8aca7,1.8141677493588304e-08
d03E,140161d99a424b2d367d4c07c1b00a91c1d35713406c144e33003cf551109d48,140161d99a424b2d367d4c07c1b00a91c1d35713406c144e33003cf551109d48:1205,1205,5453,a9fa1615a3dc83f1a1dc968da6c503ee2599084bff96ad4e7827c84878ca869e,5453,ee7ad9be132c0db88f4b133934301df19a2938ddb5c03e1653c90b7e3cb8aca7,2.8424451237185622e-08
d03E,140161d99a424b2d367d4c07c1b00a91c1d35713406c144e33003cf551109d48,140161d99a424b2d367d4c07c1b00a91c1d35713406c144e33003cf551109d48:1206,1206,5453,0ddd5d7e0d58a8aecaacf809afdb2aeb9102cc599893e80bc317b7b3b13047f2,5453,ee7ad9be132c0db88f4b133934301df19a2938ddb5c03e1653c90b7e3cb8aca7,2.8424451237185622e-08
d03E,140161d99a424b2d367d4c07c1b00a91c1d35713406c144e33003cf551109d48,140161d99a424b2d367d4c07c1b00a91c1d35713406c144e33003cf551109d48:1207,1207,5453,3f0fac65e70fbdd57170ed4626bc4f996ec44422add90f18113016dd08242ebb,5453,ee7ad9be132c0db88f4b133934301df19a2938ddb5c03e1653c90b7e3cb8aca7,2.9392022871110868e-08
d03E,140161d99a424b2d367d4c07c1b00a91c1d35713406c144e33003cf551109d48,140161d99a424b2d367d4c07c1b00a91c1d35713406c144e33003cf551109d48:1208,1208,5453,48d7a178e1c968374f20c2a5b11428eaafd415f6bdf8a7e991cfac5b4fe12cdc,5453,ee7ad9be132c0db88f4b133934301df19a2938ddb5c03e1653c90b7e3cb8aca7,2.3644772140229975e-08
d03E,140161d99a424b2d367d4c07c1b00a91c1d35713406c144e33003cf551109d48,140161d99a424b2d367d4c07c1b00a91c1d35713406c144e33003cf551109d48:1209,1209,5453,212ee530e6b8519dc5f18cbeee9c70f9bc3097f9fd13e77e77dc503271299ea1,5453,ee7ad9be132c0db88f4b133934301df19a2938ddb5c03e1653c90b7e3cb8aca7,3.1180193538205e-08
d03E,140161d99a424b2d367d4c07c1b00a91c1d35713406c144e33003cf551109d48,140161d99a424b2d367d4c07c1b00a91c1d35713406c144e33003cf551109d48:1210,1210,5453,8d156de19733abebcd20e42393944cae32875afbd7d40d01a7b9db4334653cdf,5453,ee7ad9be132c0db88f4b133934301df19a2938ddb5c03e1653c90b7e3cb8aca7,2.8509292038236822e-08
d03E,140161d99a424b2d367d4c07c1b00a91c1d35713406c144e33003cf551109d48,140161d99a424b2d367d4c07c1b00a91c1d35713406c144e33003cf551109d48:1211,1211,5453,212ee530e6b8519dc5f18cbeee9c70f9bc3097f9fd13e77e77dc503271299ea1,5453,ee7ad9be132c0db88f4b133934301df19a2938ddb5c03e1653c90b7e3cb8aca7,3.1180193538205e-08
d03E,140161d99a424b2d367d4c07c1b00a91c1d35713406c144e33003cf551109d48,140161d99a424b2d367d4c07c1b00a91c1d35713406c144e33003cf551109d48:1212,1212,5453,aa1635f06c74c82c0ed9d0324c0aa18def783c6971d21660a290c124acc836ba,5453,ee7ad9be132c0db88f4b133934301df19a2938ddb5c03e1653c90b7e3cb8aca7,2.3644772140229975e-08
d03E,140161d99a424b2d367d4c07c1b00a91c1d35713406c144e33003cf551109d48,140161d99a424b2d367d4c07c1b00a91c1d35713406c144e33003cf551109d48:1213,1213,5453,cf38d2ccf1ba9f9d3393af4a605102a74d7252aa2454373fd9fd8fc75c936d8a,5453,ee7ad9be132c0db88f4b133934301df19a2938ddb5c03e1653c90b7e3cb8aca7,2.3644772140229975e-08
d03E,140161d99a424b2d367d4c07c1b00a91c1d35713406c144e33003cf551109d48,140161d99a424b2d367d4c07c1b00a91c1d35713406c144e33003cf551109d48:1214,1214,5453,48aba0c0f5f820dd3cb6e40b56f3855d157d8658e1a5486d0c6fdbec3d7f9397,5453,ee7ad9be132c0db88f4b133934301df19a2938ddb5c03e1653c90b7e3cb8aca7,1.4378850554663813e-08
d03E,140161d99a424b2d367d4c07c1b00a91c1d35713406c144e33003cf551109d48,140161d99a424b2d367d4c07c1b00a91c1d35713406c144e33003cf551109d48:1215,1215,5453,5a44bc73d3fa6a9614e53700bfcb57180530072a98e2ea2e84aa3a7f9066c6d4,5453,ee7ad9be132c0db88f4b133934301df19a2938ddb5c03e1653c90b7e3cb8aca7,2.3644772140229975e-08
d03E,140161d99a424b2d367d4c07c1b00a91c1d35713406c144e33003cf551109d48,140161d99a424b2d367d4c07c1b00a91c1d35713406c144e33003cf551109d48:1216,1216,5453,83242b7c45e1022aae7e30795a7c93e4883019213cb13632e88e94ade07cfed1,5453,ee7ad9be132c0db88f4b133934301df19a2938ddb5c03e1653c90b7e3cb8aca7,1.8141677493588304e-08
d03E,140161d99a424b2d367d4c07c1b00a91c1d35713406c144e33003cf551109d48,140161d99a424b2d367d4c07c1b00a91c1d35713406c144e33003cf551109d48:1217,1217,5453,a9fa1615a3dc83f1a1dc968da6c503ee2599084bff96ad4e7827c84878ca869e,5453,ee7ad9be132c0db88f4b133934301df19a2938ddb5c03e1653c90b7e3cb8aca7,2.8424451237185622e-08
d03E,140161d99a424b2d367d4c07c1b00a91c1d35713406c144e33003cf551109d48,140161d99a424b2d367d4c07c1b00a91c1d35713406c144e33003cf551109d48:1218,1218,5453,0ddd5d7e0d58a8aecaacf809afdb2aeb9102cc599893e80bc317b7b3b13047f2,5453,ee7ad9be132c0db88f4b133934301df19a2938ddb5c03e1653c90b7e3cb8aca7,2.8424451237185622e-08
d03E,140161d99a424b2d367d4c07c1b00a91c1d35713406c144e33003cf551109d48,140161d99a424b2d367d4c07c1b00a91c1d35713406c144e33003cf551109d48:1219,1219,5453,aa1635f06c74c82c0ed9d0324c0aa18def783c6971d21660a290c124acc836ba,5453,ee7ad9be132c0db88f4b133934301df19a2938ddb5c03e1653c90b7e3cb8aca7,2.3644772140229975e-08
d03E,140161d99a424b2d367d4c07c1b00a91c1d35713406c144e33003cf551109d48,140161d99a424b2d367d4c07c1b00a91c1d35713406c144e33003cf551109d48:1220,1220,5453,113b19bcf203495ebdad4ca028dc4e3404696c57efc3b6e59becd4562f165d66,5453,ee7ad9be132c0db88f4b133934301df19a2938ddb5c03e1653c90b7e3cb8aca7,2.3644772140229975e-08
d03E,140161d99a424b2d367d4c07c1b00a91c1d35713406c144e33003cf551109d48,140161d99a424b2d367d4c07c1b00a91c1d35713406c144e33003cf551109d48:1221,1221,5453,5a44bc73d3fa6a9614e53700bfcb57180530072a98e2ea2e84aa3a7f9066c6d4,5453,ee7ad9be132c0db88f4b133934301df19a2938ddb5c03e1653c90b7e3cb8aca7,2.3644772140229975e-08
d03E,140161d99a424b2d367d4c07c1b00a91c1d35713406c144e33003cf551109d48,140161d99a424b2d367d4c07c1b00a91c1d35713406c144e33003cf551109d48:1222,1222,5453,8d156de19733abebcd20e42393944cae32875afbd7d40d01a7b9db4334653cdf,5453,ee7ad9be132c0db88f4b133934301df19a2938ddb5c03e1653c90b7e3cb8aca7,2.8509292038236822e-08
d03E,140161d99a424b2d367d4c07c1b00a91c1d35713406c144e33003cf551109d48,140161d99a424b2d367d4c07c1b00a91c1d35713406c144e33003cf551109d48:1223,1223,5453,3f0fac65e70fbdd57170ed4626bc4f996ec44422add90f18113016dd08242ebb,5453,ee7ad9be132c0db88f4b133934301df19a2938ddb5c03e1653c90b7e3cb8aca7,2.9392022871110868e-08
d03E,140161d99a424b2d367d4c07c1b00a91c1d35713406c144e33003cf551109d48,140161d99a424b2d367d4c07c1b00a91c1d35713406c144e33003cf551109d48:1224,1224,5453,a9fa1615a3dc83f1a1dc968da6c503ee2599084bff96ad4e7827c84878ca869e,5453,ee7ad9be132c0db88f4b133934301df19a2938ddb5c03e1653c90b7e3cb8aca7,2.8424451237185622e-08
d03E,140161d99a424b2d367d4c07c1b00a91c1d35713406c144e33003cf551109d48,140161d99a424b2d367d4c07c1b00a91c1d35713406c144e33003cf551109d48:1225,1225,5453,cf38d2ccf1ba9f9d3393af4a605102a74d7252aa2454373fd9fd8fc75c936d8a,5453,ee7ad9be132c0db88f4b133934301df19a2938ddb5c03e1653c90b7e3cb8aca7,2.3644772140229975e-08
d03E,140161d99a424b2d367d4c07c1b00a91c1d35713406c144e33003cf551109d48,140161d99a424b2d367d4c07c1b00a91c1d35713406c144e33003cf551109d48:1226,1226,5453,48aba0c0f5f820dd3cb6e40b56f3855d157d8658e1a5486d0c6fdbec3d7f9397,5453,ee7ad9be132c0db88f4b133934301df19a2938ddb5c03e1653c90b7e3cb8aca7,1.4378850554663813e-08
d03E,140161d99a424b2d367d4c07c1b00a91c1d35713406c144e33003cf551109d48,140161d99a424b2d367d4c07c1b00a91c1d35713406c144e33003cf551109d48:1227,1227,5453,a6ecc82628e7e1ce89c29939f4730c5ffdc42883cc81f02f4e96573fed5ef474,5453,ee7ad9be132c0db88f4b133934301df19a2938ddb5c03e1653c90b7e3cb8aca7,2.8424451237185622e-08
d03E,140161d99a424b2d367d4c07c1b00a91c1d35713406c144e33003cf551109d48,140161d99a424b2d367d4c07c1b00a91c1d35713406c144e33003cf551109d48:1228,1228,5453,3f0fac65e70fbdd57170ed4626bc4f996ec44422add90f18113016dd08242ebb,5453,ee7ad9be132c0db88f4b133934301df19a2938ddb5c03e1653c90b7e3cb8aca7,2.9392022871110868e-08
d03E,140161d99a424b2d367d4c07c1b00a91c1d35713406c144e33003cf551109d48,140161d99a424b2d367d4c07c1b00a91c1d35713406c144e33003cf551109d48:1229,1229,5453,a9fa1615a3dc83f1a1dc968da6c503ee2599084bff96ad4e7827c84878ca869e,5453,ee7ad9be132c0db88f4b133934301df19a2938ddb5c03e1653c90b7e3cb8aca7,2.8424451237185622e-08
d03E,140161d99a424b2d367d4c07c1b00a91c1d35713406c144e33003cf551109d48,140161d99a424b2d367d4c07c1b00a91c1d35713406c144e33003cf551109d48:1230,1230,5453,0ddd5d7e0d58a8aecaacf809afdb2aeb9102cc599893e80bc317b7b3b13047f2,5453,ee7ad9be132c0db88f4b133934301df19a2938ddb5c03e1653c90b7e3cb8aca7,2.8424451237185622e-08
d03E,140161d99a424b2d367d4c07c1b00a91c1d35713406c144e33003cf551109d48,140161d99a424b2d367d4c07c1b00a91c1d35713406c144e33003cf551109d48:1231,1231,5453,a6ecc82628e7e1ce89c29939f4730c5ffdc42883cc81f02f4e96573fed5ef474,5453,ee7ad9be132c0db88f4b133934301df19a2938ddb5c03e1653c90b7e3cb8aca7,2.8424451237185622e-08
d03E,140161d99a424b2d367d4c07c1b00a91c1d35713406c144e33003cf551109d48,140161d99a424b2d367d4c07c1b00a91c1d35713406c144e33003cf551109d48:1232,1232,5453,a9fa1615a3dc83f1a1dc968da6c503ee2599084bff96ad4e7827c84878ca869e,5453,ee7ad9be132c0db88f4b133934301df19a2938ddb5c03e1653c90b7e3cb8aca7,2.8424451237185622e-08
d03E,140161d99a424b2d367d4c07c1b00a91c1d35713406c144e33003cf551109d48,140161d99a424b2d367d4c07c1b00a91c1d35713406c144e33003cf551109d48:1233,1233,5453,5a44bc73d3fa6a9614e53700bfcb57180530072a98e2ea2e84aa3a7f9066c6d4,5453,ee7ad9be132c0db88f4b133934301df19a2938ddb5c03e1653c90b7e3cb8aca7,2.3644772140229975e-08
d03E,140161d99a424b2d367d4c07c1b00a91c1d35713406c144e33003cf551109d48,140161d99a424b2d367d4c07c1b00a91c1d35713406c144e33003cf551109d48:1234,1234,5453,83242b7c45e1022aae7e30795a7c93e4883019213cb13632e88e94ade07cfed1,5453,ee7ad9be132c0db88f4b133934301df19a2938ddb5c03e1653c90b7e3cb8aca7,1.8141677493588304e-08
d03E,140161d99a424b2d367d4c07c1b00a91c1d35713406c144e33003cf551109d48,140161d99a424b2d367d4c07c1b00a91c1d35713406c144e33003cf551109d48:1235,1235,5453,a9fa1615a3dc83f1a1dc968da6c503ee2599084bff96ad4e7827c84878ca869e,5453,ee7ad9be132c0db88f4b133934301df19a2938ddb5c03e1653c90b7e3cb8aca7,2.8424451237185622e-08
d03E,140161d99a424b2d367d4c07c1b00a91c1d35713406c144e33003cf551109d48,140161d99a424b2d367d4c07c1b00a91c1d35713406c144e33003cf551109d48:1236,1236,5453,8d156de19733abebcd20e42393944cae32875afbd7d40d01a7b9db4334653cdf,5453,ee7ad9be132c0db88f4b133934301df19a2938ddb5c03e1653c90b7e3cb8aca7,2.8509292038236822e-08
d03E,140161d99a424b2d367d4c07c1b00a91c1d35713406c144e33003cf551109d48,140161d99a424b2d367d4c07c1b00a91c1d35713406c144e33003cf551109d48:1237,1237,5453,a6ecc82628e7e1ce89c29939f4730c5ffdc42883cc81f02f4e96573fed5ef474,5453,ee7ad9be132c0db88f4b133934301df19a2938ddb5c03e1653c90b7e3cb8aca7,2.8424451237185622e-08
d03E,140161d99a424b2d367d4c07c1b00a91c1d35713406c144e33003cf551109d48,140161d99a424b2d367d4c07c1b00a91c1d35713406c144e33003cf551109d48:1238,1238,5453,a9fa1615a3dc83f1a1dc968da6c503ee2599084bff96ad4e7827c84878ca869e,5453,ee7ad9be132c0db88f4b133934301df19a2938ddb5c03e1653c90b7e3cb8aca7,2.8424451237185622e-08
d03E,140161d99a424b2d367d4c07c1b00a91c1d35713406c144e33003cf551109d48,140161d99a424b2d367d4c07c1b00a91c1d35713406c144e33003cf551109d48:1239,1239,5453,5a44bc73d3fa6a9614e53700bfcb57180530072a98e2ea2e84aa3a7f9066c6d4,5453,ee7ad9be132c0db88f4b133934301df19a2938ddb5c03e1653c90b7e3cb8aca7,2.3644772140229975e-08
d03E,140161d99a424b2d367d4c07c1b00a91c1d35713406c144e33003cf551109d48,140161d99a424b2d367d4c07c1b00a91c1d35713406c144e33003cf551109d48:1240,1240,5453,8d156de19733abebcd20e42393944cae32875afbd7d40d01a7b9db4334653cdf,5453,ee7ad9be132c0db88f4b133934301df19a2938ddb5c03e1653c90b7e3cb8aca7,2.8509292038236822e-08
d03E,140161d99a424b2d367d4c07c1b00a91c1d35713406c144e33003cf551109d48,140161d99a424b2d367d4c07c1b00a91c1d35713406c144e33003cf551109d48:1241,1241,5453,a6ecc82628e7e1ce89c29939f4730c5ffdc42883cc81f02f4e96573fed5ef474,5453,ee7ad9be132c0db88f4b133934301df19a2938ddb5c03e1653c90b7e3cb8aca7,2.8424451237185622e-08
d03E,140161d99a424b2d367d4c07c1b00a91c1d35713406c144e33003cf551109d48,140161d99a424b2d367d4c07c1b00a91c1d35713406c144e33003cf551109d48:1242,1242,5453,3f0fac65e70fbdd57170ed4626bc4f996ec44422add90f18113016dd08242ebb,5453,ee7ad9be132c0db88f4b133934301df19a2938ddb5c03e1653c90b7e3cb8aca7,2.9392022871110868e-08
d03E,140161d99a424b2d367d4c07c1b00a91c1d35713406c144e33003cf551109d48,140161d99a424b2d367d4c07c1b00a91c1d35713406c144e33003cf551109d48:1243,1243,5453,a9fa1615a3dc83f1a1dc968da6c503ee2599084bff96ad4e7827c84878ca869e,5453,ee7ad9be132c0db88f4b133934301df19a2938ddb5c03e1653c90b7e3cb8aca7,2.8424451237185622e-08
d03E,140161d99a424b2d367d4c07c1b00a91c1d35713406c144e33003cf551109d48,140161d99a424b2d367d4c07c1b00a91c1d35713406c144e33003cf551109d48:1244,1244,5453,0ddd5d7e0d58a8aecaacf809afdb2aeb9102cc599893e80bc317b7b3b13047f2,5453,ee7ad9be132c0db88f4b133934301df19a2938ddb5c03e1653c90b7e3cb8aca7,2.8424451237185622e-08
d03E,140161d99a424b2d367d4c07c1b00a91c1d35713406c144e33003cf551109d48,140161d99a424b2d367d4c07c1b00a91c1d35713406c144e33003cf551109d48:1245,1245,5453,83242b7c45e1022aae7e30795a7c93e4883019213cb13632e88e94ade07cfed1,5453,ee7ad9be132c0db88f4b133934301df19a2938ddb5c03e1653c90b7e3cb8aca7,1.8141677493588304e-08
d03E,140161d99a424b2d367d4c07c1b00a91c1d35713406c144e33003cf551109d48,140161d99a424b2d367d4c07c1b00a91c1d35713406c144e33003cf551109d48:1246,1246,5453,a9fa1615a3dc83f1a1dc968da6c503ee2599084bff96ad4e7827c84878ca869e,5453,ee7ad9be132c0db88f4b133934301df19a2938ddb5c03e1653c90b7e3cb8aca7,2.8424451237185622e-08
d03E,140161d99a424b2d367d4c07c1b00a91c1d35713406c144e33003cf551109d48,140161d99a424b2d367d4c07c1b00a91c1d35713406c144e33003cf551109d48:1247,1247,5453,83242b7c45e1022aae7e30795a7c93e4883019213cb13632e88e94ade07cfed1,5453,ee7ad9be132c0db88f4b133934301df19a2938ddb5c03e1653c90b7e3cb8aca7,1.8141677493588304e-08
d03E,140161d99a424b2d367d4c07c1b00a91c1d35713406c144e33003cf551109d48,140161d99a424b2d367d4c07c1b00a91c1d35713406c144e33003cf551109d48:1248,1248,5453,a9fa1615a3dc83f1a1dc968da6c503ee2599084bff96ad4e7827c84878ca869e,5453,ee7ad9be132c0db88f4b133934301df19a2938ddb5c03e1653c90b7e3cb8aca7,2.8424451237185622e-08
d03E,140161d99a424b2d367d4c07c1b00a91c1d35713406c144e33003cf551109d48,140161d99a424b2d367d4c07c1b00a91c1d35713406c144e33003cf551109d48:1249,1249,5453,0ddd5d7e0d58a8aecaacf809afdb2aeb9102cc599893e80bc317b7b3b13047f2,5453,ee7ad9be132c0db88f4b133934301df19a2938ddb5c03e1653c90b7e3cb8aca7,2.8424451237185622e-08
d03E,140161d99a424b2d367d4c07c1b00a91c1d35713406c144e33003cf551109d48,140161d99a424b2d367d4c07c1b00a91c1d35713406c144e33003cf551109d48:1250,1250,5453,3f0fac65e70fbdd57170ed4626bc4f996ec44422add90f18113016dd08242ebb,5453,ee7ad9be132c0db88f4b133934301df19a2938ddb5c03e1653c90b7e3cb8aca7,2.9392022871110868e-08
d03E,140161d99a424b2d367d4c07c1b00a91c1d35713406c144e33003cf551109d48,140161d99a424b2d367d4c07c1b00a91c1d35713406c144e33003cf551109d48:1251,1251,5453,331b9398e76c6b6ed1923c0ab8e2854439ec03ca6ca2ed1bf03d763c5c63619f,5453,ee7ad9be132c0db88f4b133934301df19a2938ddb5c03e1653c90b7e3cb8aca7,2.000432264281926e-08
d03E,140161d99a424b2d367d4c07c1b00a91c1d35713406c144e33003cf551109d48,140161d99a424b2d367d4c07c1b00a91c1d35713406c144e33003cf551109d48:1252,1252,5453,a9fa1615a3dc83f1a1dc968da6c503ee2599084bff96ad4e7827c84878ca869e,5453,ee7ad9be132c0db88f4b133934301df19a2938ddb5c03e1653c90b7e3cb8aca7,2.8424451237185622e-08
d03E,140161d99a424b2d367d4c07c1b00a91c1d35713406c144e33003cf551109d48,140161d99a424b2d367d4c07c1b00a91c1d35713406c144e33003cf551109d48:1253,1253,5453,a4fe619f26c81051b59712377eade27be1f6701a890e309fa7d2c2d7993c593c,5453,ee7ad9be132c0db88f4b133934301df19a2938ddb5c03e1653c90b7e3cb8aca7,1.733342114285108e-08
d03E,140161d99a424b2d367d4c07c1b00a91c1d35713406c144e33003cf551109d48,140161d99a424b2d367d4c07c1b00a91c1d35713406c144e33003cf551109d48:1254,1254,5453,a9fa1615a3dc83f1a1dc968da6c503ee2599084bff96ad4e7827c84878ca869e,5453,ee7ad9be132c0db88f4b133934301df19a2938ddb5c03e1653c90b7e3cb8aca7,2.8424451237185622e-08
d03E,140161d99a424b2d367d4c07c1b00a91c1d35713406c144e33003cf551109d48,140161d99a424b2d367d4c07c1b00a91c1d35713406c144e33003cf551109d48:1255,1255,5453,0ddd5d7e0d58a8aecaacf809afdb2aeb9102cc599893e80bc317b7b3b13047f2,5453,ee7ad9be132c0db88f4b133934301df19a2938ddb5c03e1653c90b7e3cb8aca7,2.8424451237185622e-08
d03E,140161d99a424b2d367d4c07c1b00a91c1d35713406c144e33003cf551109d48,140161d99a424b2d367d4c07c1b00a91c1d35713406c144e33003cf551109d48:1256,1256,5477,84c714b5e47c5996e558be1325fc2849830b2220a39599d2715891b0b4b1449e,5477,4863429960c70f8b63264ea2df16f4e8432a58d6204f35fe77af0d2d184f05c5,1.280337524889319e-08
d03E,140161d99a424b2d367d4c07c1b00a91c1d35713406c144e33003cf551109d48,140161d99a424b2d367d4c07c1b00a91c1d35713406c144e33003cf551109d48:1257,1257,5520,9dc7bbc8696113c765bfabdc9e7ec413e0e2666635acb9537ce0da1be4cf94a3,5520,722b616233be700e57887ebbd8f502408103c83d473b7b5a7d30d1ef087ddb39,1.5257472729679478e-08
d03E,140161d99a424b2d367d4c07c1b00a91c1d35713406c144e33003cf551109d48,140161d99a424b2d367d4c07c1b00a91c1d35713406c144e33003cf551109d48:1258,1258,5571,a36d786024895e23f426ccc31e2cfae11a544a52d653b9ae7c7ed0bd7120dca8,5571,91d0f556a342e22ed99bf985b2078b4eec451a50c73f8e101e395bd2ae6c4aee,2.7913453437555802e-08
d03E,140161d99a424b2d367d4c07c1b00a91c1d35713406c144e33003cf551109d48,140161d99a424b2d367d4c07c1b00a91c1d35713406c144e33003cf551109d48:1259,1259,5571,169e1f8079a0c4d9be2ea33102a4569ea904efc52ab2f3c65d4e40bbc6817ef3,5571,91d0f556a342e22ed99bf985b2078b4eec451a50c73f8e101e395bd2ae6c4aee,1.45942611329275e-08
d03E,140161d99a424b2d367d4c07c1b00a91c1d35713406c144e33003cf551109d48,140161d99a424b2d367d4c07c1b00a91c1d35713406c144e33003cf551109d48:1260,1260,5581,7873182154172a2afe66e03dc940e679cf79715d1338360b497165a9eb4abbef,5581,472a66ad237b9e15b2b1c53b1b5dc6976e5a52ce284566c24777bc783b34cda2,2.6177440437535893e-08
d03E,140161d99a424b2d367d4c07c1b00a91c1d35713406c144e33003cf551109d48,140161d99a424b2d367d4c07c1b00a91c1d35713406c144e33003cf551109d48:1261,1261,5581,a5feab805582c3559ce61ec7c49126c8952ae7ae5152925416ca49cc2c9fa407,5581,472a66ad237b9e15b2b1c53b1b5dc6976e5a52ce284566c24777bc783b34cda2,1.1276279243688236e-08
d03E,140161d99a424b2d367d4c07c1b00a91c1d35713406c144e33003cf551109d48,140161d99a424b2d367d4c07c1b00a91c1d35713406c144e33003cf551109d48:1262,1262,5581,2d17a9aab5cd464bb7c1c035264affaac4b26b0df166550edf8122e799b766d1,5581,472a66ad237b9e15b2b1c53b1b5dc6976e5a52ce284566c24777bc783b34cda2,2.4678731946892185e-08
d03E,140161d99a424b2d367d4c07c1b00a91c1d35713406c144e33003cf551109d48,140161d99a424b2d367d4c07c1b00a91c1d35713406c144e33003cf551109d48:1263,1263,5595,9fa1b4af38aa094fd73239729ba67f8766625605f2380478a03808098d0df985,5595,78b6639009af74ff33cd6993ebc3da3d26ef4d68cba52ad0efe99b45e2df183a,1.2603158683344162e-08
d03E,140161d99a424b2d367d4c07c1b00a91c1d35713406c144e33003cf551109d48,140161d99a424b2d367d4c07c1b00a91c1d35713406c144e33003cf551109d48:1264,1264,5595,6e28b6669774f0c04a5b93d65d491f3b0963dff81bb0859bdf8b8ed6929aa2eb,5595,78b6639009af74ff33cd6993ebc3da3d26ef4d68cba52ad0efe99b45e2df183a,2.4582696100949875e-08
d03E,140161d99a424b2d367d4c07c1b00a91c1d35713406c144e33003cf551109d48,140161d99a424b2d367d4c07c1b00a91c1d35713406c144e33003cf551109d48:1265,1265,5595,19aadd9c8f6c31d1f762755c10683b44d2c2a666ff588cbde9dc66150238aa1e,5595,78b6639009af74ff33cd6993ebc3da3d26ef4d68cba52ad0efe99b45e2df183a,2.4582696100949875e-08
d03E,140161d99a424b2d367d4c07c1b00a91c1d35713406c144e33003cf551109d48,140161d99a424b2d367d4c07c1b00a91c1d35713406c144e33003cf551109d48:1266,1266,5595,4b5ef63beeb6df924021b0da8e921226e200659d4ee5214a36120bcb583dde2f,5595,78b6639009af74ff33cd6993ebc3da3d26ef4d68cba52ad0efe99b45e2df183a,1.7132115504026046e-08
d03E,140161d99a424b2d367d4c07c1b00a91c1d35713406c144e33003cf551109d48,140161d99a424b2d367d4c07c1b00a91c1d35713406c144e33003cf551109d48:1267,1267,5595,4b5ef63beeb6df924021b0da8e921226e200659d4ee5214a36120bcb583dde2f,5595,78b6639009af74ff33cd6993ebc3da3d26ef4d68cba52ad0efe99b45e2df183a,1.7132115504026046e-08
d03E,140161d99a424b2d367d4c07c1b00a91c1d35713406c144e33003cf551109d48,140161d99a424b2d367d4c07c1b00a91c1d35713406c144e33003cf551109d48:1268,1268,5604,6cc7c4859cceacad31911e4d07ed4b8fc89b627e52ff4715581b7acf212cb784,5604,db10ffa446c288ad6c74029c2862c8b4d950d72e8930a40352c8592dc1a80e45,3.0808170903284804e-08
d03E,140161d99a424b2d367d4c07c1b00a91c1d35713406c144e33003cf551109d48,140161d99a424b2d367d4c07c1b00a91c1d35713406c144e33003cf551109d48:1269,1269,5604,0aa822c68c869f697d531fba20a267f44a5a5697b18665bf0921548db9bbf0b7,5604,db10ffa446c288ad6c74029c2862c8b4d950d72e8930a40352c8592dc1a80e45,1.836855489933953e-08
d03E,140161d99a424b2d367d4c07c1b00a91c1d35713406c144e33003cf551109d48,140161d99a424b2d367d4c07c1b00a91c1d35713406c144e33003cf551109d48:1270,1270,5641,d159e9d6d1f12984a57b722bf7d3c3a13265e56addca67891c761f0e1673b270,5641,0cf90d46c37d5414a9644a91bf7b27f7563f3dfda2856792f6ba6cdfe6c27c3d,2.913383334579578e-08
d03E,140161d99a424b2d367d4c07c1b00a91c1d35713406c144e33003cf551109d48,140161d99a424b2d367d4c07c1b00a91c1d35713406c144e33003cf551109d48:1271,1271,5667,a994d9bc2b7bfe92374625090f3e1e2889ff0b4f39918b0fabdad5e2f94d9bf9,5667,02aadab34c1513ca928c5e7304db17ebf829388518afcb1ee6b40c74273b31b2,2.5752449839266944e-08
d03E,140161d99a424b2d367d4c07c1b00a91c1d35713406c144e33003cf551109d48,140161d99a424b2d367d4c07c1b00a91c1d35713406c144e33003cf551109d48:1272,1272,5695,32598acafb022a27587c40c7d71248455b445dfab721f7740c9b41b8a7d0426d,5695,089de30112904975d5b3840af2d6ad5911905b3b3e83071afbc85a27d6dfbc24,2.018950429061306e-08
d03E,140161d99a424b2d367d4c07c1b00a91c1d35713406c144e33003cf551109d48,140161d99a424b2d367d4c07c1b00a91c1d35713406c144e33003cf551109d48:1273,1273,5733,79b8d1722eb22845f0f2649a1b35765af8aa43f6683816147d12f2d3d0483765,5733,5be9e0c87453a7a22770718040dc369d449fa2f3fcd2be5b13e396f217b229b9,1.9555517871694406e-08
d03E,140161d99a424b2d367d4c07c1b00a91c1d35713406c144e33003cf551109d48,140161d99a424b2d367d4c07c1b00a91c1d35713406c144e33003cf551109d48:1274,1274,5733,9d110d287f8eea02fc06a08623a8c82aa4bc40e8139ab7ed60dd7265d7bb3d76,5733,5be9e0c87453a7a22770718040dc369d449fa2f3fcd2be5b13e396f217b229b9,2.5147965709848563e-08
d03E,140161d99a424b2d367d4c07c1b00a91c1d35713406c144e33003cf551109d48,140161d99a424b2d367d4c07c1b00a91c1d35713406c144e33003cf551109d48:1275,1275,5733,3f427d5620d69e276c413f9a4e9f5ea953d6d834efc08f153f041bfd7ced41dc,5733,5be9e0c87453a7a22770718040dc369d449fa2f3fcd2be5b13e396f217b229b9,1.1675383881915025e-08
d03E,140161d99a424b2d367d4c07c1b00a91c1d35713406c144e33003cf551109d48,140161d99a424b2d367d4c07c1b00a91c1d35713406c144e33003cf551109d48:1276,1276,5733,9d110d287f8eea02fc06a08623a8c82aa4bc40e8139ab7ed60dd7265d7bb3d76,5733,5be9e0c87453a7a22770718040dc369d449fa2f3fcd2be5b13e396f217b229b9,2.5147965709848563e-08
d03E,140161d99a424b2d367d4c07c1b00a91c1d35713406c144e33003cf551109d48,140161d99a424b2d367d4c07c1b00a91c1d35713406c144e33003cf551109d48:1277,1277,5733,9d110d287f8eea02fc06a08623a8c82aa4bc40e8139ab7ed60dd7265d7bb3d76,5733,5be9e0c87453a7a22770718040dc369d449fa2f3fcd2be5b13e396f217b229b9,2.5147965709848563e-08
d03E,140161d99a424b2d367d4c07c1b00a91c1d35713406c144e33003cf551109d48,140161d99a424b2d367d4c07c1b00a91c1d35713406c144e33003cf551109d48:1278,1278,5733,9d110d287f8eea02fc06a08623a8c82aa4bc40e8139ab7ed60dd7265d7bb3d76,5733,5be9e0c87453a7a22770718040dc369d449fa2f3fcd2be5b13e396f217b229b9,2.5147965709848563e-08
d03E,140161d99a424b2d367d4c07c1b00a91c1d35713406c144e33003cf551109d48,140161d99a424b2d367d4c07c1b00a91c1d35713406c144e33003cf551109d48:1279,1279,5733,46849992c49a87d954d0b17c57c00b464df1b90316d9527765dee229caa9ed97,5733,5be9e0c87453a7a22770718040dc369d449fa2f3fcd2be5b13e396f217b229b9,1.540067418037694e-08
d03E,140161d99a424b2d367d4c07c1b00a91c1d35713406c144e33003cf551109d48,140161d99a424b2d367d4c07c1b00a91c1d35713406c144e33003cf551109d48:1280,1280,5744,6b84c09ac52d8c51487f91d4796097d916c5168b31f097e214850cc6ddf7b33b,5744,b2af29ca794449670e847eb469cf0e4dc1ec0233878196d6cc389620e4f31cb8,1.3226445272351839e-08
d03E,140161d99a424b2d367d4c07c1b00a91c1d35713406c144e33003cf551109d48,140161d99a424b2d367d4c07c1b00a91c1d35713406c144e33003cf551109d48:1281,1281,5744,320a1d7e4901429dd9fbba366ccdf368cb017f4c564a781b04a587efd94bcbfa,5744,b2af29ca794449670e847eb469cf0e4dc1ec0233878196d6cc389620e4f31cb8,1.3982349722496679e-08
d03E,140161d99a424b2d367d4c07c1b00a91c1d35713406c144e33003cf551109d48,140161d99a424b2d367d4c07c1b00a91c1d35713406c144e33003cf551109d48:1282,1282,5744,6ee8a45ef6cd6a7e5983bbc4285e9839c994af45b7dbb1a0dff8274dbab4a451,5744,b2af29ca794449670e847eb469cf0e4dc1ec0233878196d6cc389620e4f31cb8,3.147703830919113e-08
d03E,140161d99a424b2d367d4c07c1b00a91c1d35713406c144e33003cf551109d48,140161d99a424b2d367d4c07c1b00a91c1d35713406c144e33003cf551109d48:1283,1283,5744,97ef59bb29bd98d4b6087b21180d8eec01e5d08b81a9f4de64b3c1ad7904b2e6,5744,b2af29ca794449670e847eb469cf0e4dc1ec0233878196d6cc389620e4f31cb8,1.3982349722496679e-08
d03E,140161d99a424b2d367d4c07c1b00a91c1d35713406c144e33003cf551109d48,140161d99a424b2d367d4c07c1b00a91c1d35713406c144e33003cf551109d48:1284,1284,5744,143f38a30a754fd91fed1c89b88c0bacb957aa36e3a885b7994103a4e132c1b9,5744,b2af29ca794449670e847eb469cf0e4dc1ec0233878196d6cc389620e4f31cb8,1.933745452653568e-08
d03E,140161d99a424b2d367d4c07c1b00a91c1d35713406c144e33003cf551109d48,140161d99a424b2d367d4c07c1b00a91c1d35713406c144e33003cf551109d48:1285,1285,5744,53a2835a029bbca7ccd102f73b71f7b60417f7a494cda1b4104334e5c4f39c01,5744,b2af29ca794449670e847eb469cf0e4dc1ec0233878196d6cc389620e4f31cb8,5.504110056619993e-09
d03E,140161d99a424b2d367d4c07c1b00a91c1d35713406c144e33003cf551109d48,140161d99a424b2d367d4c07c1b00a91c1d35713406c144e33003cf551109d48:1286,1286,5744,2e9b5cd5bcd4d1844a7fa1caadf52ad8546112ddf015d7669fdbc3a6549389ad,5744,b2af29ca794449670e847eb469cf0e4dc1ec0233878196d6cc389620e4f31cb8,1.4713231966112517e-08
d03E,140161d99a424b2d367d4c07c1b00a91c1d35713406c144e33003cf551109d48,140161d99a424b2d367d4c07c1b00a91c1d35713406c144e33003cf551109d48:1287,1287,5744,53a2835a029bbca7ccd102f73b71f7b60417f7a494cda1b4104334e5c4f39c01,5744,b2af29ca794449670e847eb469cf0e4dc1ec0233878196d6cc389620e4f31cb8,5.504110056619993e-09
d03E,140161d99a424b2d367d4c07c1b00a91c1d35713406c144e33003cf551109d48,140161d99a424b2d367d4c07c1b00a91c1d35713406c144e33003cf551109d48:1288,1288,5744,6ee8a45ef6cd6a7e5983bbc4285e9839c994af45b7dbb1a0dff8274dbab4a451,5744,b2af29ca794449670e847eb469cf0e4dc1ec0233878196d6cc389620e4f31cb8,3.147703830919113e-08
d03E,140161d99a424b2d367d4c07c1b00a91c1d35713406c144e33003cf551109d48,140161d99a424b2d367d4c07c1b00a91c1d35713406c144e33003cf551109d48:1289,1289,5744,577412bb238b4b3b9b8ae37dc8aa56af9da0fb828f3efed2b36a4b92d2aff7f7,5744,b2af29ca794449670e847eb469cf0e4dc1ec0233878196d6cc389620e4f31cb8,2.4026457712267302e-08
d03E,140161d99a424b2d367d4c07c1b00a91c1d35713406c144e33003cf551109d48,140161d99a424b2d367d4c07c1b00a91c1d35713406c144e33003cf551109d48:1290,1290,5744,2e9b5cd5bcd4d1844a7fa1caadf52ad8546112ddf015d7669fdbc3a6549389ad,5744,b2af29ca794449670e847eb469cf0e4dc1ec0233878196d6cc389620e4f31cb8,1.4713231966112517e-08
d03E,140161d99a424b2d367d4c07c1b00a91c1d35713406c144e33003cf551109d48,140161d99a424b2d367d4c07c1b00a91c1d35713406c144e33003cf551109d48:1291,1291,5751,195c68cc64fa913e933791c03e9c950a1e91ab30296bd3520957f193c5aadde3,5751,01059ddfc111f2a56d245245c02bd5c090bff8b67f47dbbf7c775f4d1958d550,2.3006641702849606e-08
d03E,140161d99a424b2d367d4c07c1b00a91c1d35713406c144e33003cf551109d48,140161d99a424b2d367d4c07c1b00a91c1d35713406c144e33003cf551109d48:1292,1292,5751,89943b5a9d157e568d4dee8d5d16c87a1176a23bf369792f483b2d2f3e6e0247,5751,01059ddfc111f2a56d245245c02bd5c090bff8b67f47dbbf7c775f4d1958d550,3.029517969821427e-08
d03E,140161d99a424b2d367d4c07c1b00a91c1d35713406c144e33003cf551109d48,140161d99a424b2d367d4c07c1b00a91c1d35713406c144e33003cf551109d48:1293,1293,5751,13d59b158e6b200667ef7b32b5462701920ace5554d25201409c71ef8bc02d0c,5751,01059ddfc111f2a56d245245c02bd5c090bff8b67f47dbbf7c775f4d1958d550,2.5422132177155277e-08
d03E,140161d99a424b2d367d4c07c1b00a91c1d35713406c144e33003cf551109d48,140161d99a424b2d367d4c07c1b00a91c1d35713406c144e33003cf551109d48:1294,1294,5751,195c68cc64fa913e933791c03e9c950a1e91ab30296bd3520957f193c5aadde3,5751,01059ddfc111f2a56d245245c02bd5c090bff8b67f47dbbf7c775f4d1958d550,2.3006641702849606e-08
d03E,140161d99a424b2d367d4c07c1b00a91c1d35713406c144e33003cf551109d48,140161d99a424b2d367d4c07c1b00a91c1d35713406c144e33003cf551109d48:1295,1295,5751,f601466d71af7081e3b923c8a6e5dac70650e66cdf956134c4e7112ec64dcf9a,5751,01059ddfc111f2a56d245245c02bd5c090bff8b67f47dbbf7c775f4d1958d550,1.9281351404387692e-08
d03E,140161d99a424b2d367d4c07c1b00a91c1d35713406c144e33003cf551109d48,140161d99a424b2d367d4c07c1b00a91c1d35713406c144e33003cf551109d48:1296,1296,5751,724b9f3cd40d3a24be18b24aae78fb448db901d04d3a573a37df0587dd3d809e,5751,01059ddfc111f2a56d245245c02bd5c090bff8b67f47dbbf7c775f4d1958d550,2.425151435225814e-08
d03E,140161d99a424b2d367d4c07c1b00a91c1d35713406c144e33003cf551109d48,140161d99a424b2d367d4c07c1b00a91c1d35713406c144e33003cf551109d48:1297,1297,5751,6b2dbbddc1ccc49023e3a37722726fb028463e933a10f359d38301b2954e32b0,5751,01059ddfc111f2a56d245245c02bd5c090bff8b67f47dbbf7c775f4d1958d550,3.2872712774079105e-08
d03E,140161d99a424b2d367d4c07c1b00a91c1d35713406c144e33003cf551109d48,140161d99a424b2d367d4c07c1b00a91c1d35713406c144e33003cf551109d48:1298,1298,5751,becfb68ef0c0ef66cb40e3102e1d43c55c2b58ec80c61cae423f876ab8415ddf,5751,01059ddfc111f2a56d245245c02bd5c090bff8b67f47dbbf7c775f4d1958d550,2.4177259527746742e-08
d03E,140161d99a424b2d367d4c07c1b00a91c1d35713406c144e33003cf551109d48,140161d99a424b2d367d4c07c1b00a91c1d35713406c144e33003cf551109d48:1299,1299,5751,3bd82b7e1a11e278b63c2fc4f162ea65dffb0cad4c29020b648e7e7e34d77013,5751,01059ddfc111f2a56d245245c02bd5c090bff8b67f47dbbf7c775f4d1958d550,2.927700770705144e-08
d03E,140161d99a424b2d367d4c07c1b00a91c1d35713406c144e33003cf551109d48,140161d99a424b2d367d4c07c1b00a91c1d35713406c144e33003cf551109d48:1300,1300,5751,89943b5a9d157e568d4dee8d5d16c87a1176a23bf369792f483b2d2f3e6e0247,5751,01059ddfc111f2a56d245245c02bd5c090bff8b67f47dbbf7c775f4d1958d550,3.029517969821427e-08
d03E,140161d99a424b2d367d4c07c1b00a91c1d35713406c144e33003cf551109d48,140161d99a424b2d367d4c07c1b00a91c1d35713406c144e33003cf551109d48:1301,1301,5751,56a8ab3d5d292cc098f708f43afb2339168eb6a59a015e5395a8c61e95de36f1,5751,01059ddfc111f2a56d245245c02bd5c090bff8b67f47dbbf7c775f4d1958d550,2.8594577150542477e-08
d03E,140161d99a424b2d367d4c07c1b00a91c1d35713406c144e33003cf551109d48,140161d99a424b2d367d4c07c1b00a91c1d35713406c144e33003cf551109d48:1302,1302,5751,89943b5a9d157e568d4dee8d5d16c87a1176a23bf369792f483b2d2f3e6e0247,5751,01059ddfc111f2a56d245245c02bd5c090bff8b67f47dbbf7c775f4d1958d550,3.029517969821427e-08
d03E,140161d99a424b2d367d4c07c1b00a91c1d35713406c144e33003cf551109d48,140161d99a424b2d367d4c07c1b00a91c1d35713406c144e33003cf551109d48:1303,1303,5751,56a8ab3d5d292cc098f708f43afb2339168eb6a59a015e5395a8c61e95de36f1,5751,01059ddfc111f2a56d245245c02bd5c090bff8b67f47dbbf7c775f4d1958d550,2.8594577150542477e-08
d03E,140161d99a424b2d367d4c07c1b00a91c1d35713406c144e33003cf551109d48,140161d99a424b2d367d4c07c1b00a91c1d35713406c144e33003cf551109d48:1304,1304,5751,195c68cc64fa913e933791c03e9c950a1e91ab30296bd3520957f193c5aadde3,5751,01059ddfc111f2a56d245245c02bd5c090bff8b67f47dbbf7c775f4d1958d550,2.3006641702849606e-08
d03E,140161d99a424b2d367d4c07c1b00a91c1d35713406c144e33003cf551109d48,140161d99a424b2d367d4c07c1b00a91c1d35713406c144e33003cf551109d48:1305,1305,5751,56a8ab3d5d292cc098f708f43afb2339168eb6a59a015e5395a8c61e95de36f1,5751,01059ddfc111f2a56d245245c02bd5c090bff8b67f47dbbf7c775f4d1958d550,2.8594577150542477e-08
d03E,140161d99a424b2d367d4c07c1b00a91c1d35713406c144e33003cf551109d48,140161d99a424b2d367d4c07c1b00a91c1d35713406c144e33003cf551109d48:1306,1306,5797,de1b500d0d6695549e5087c6c0f303376ca0989c638a8e78320e8108db7f4b3d,5797,6fc6d48245ce44a7d0c13a90b889b89620e5a097493fa9ae98e0f7b6c85b2fbf,2.612652405531435e-08
d03E,140161d99a424b2d367d4c07c1b00a91c1d35713406c144e33003cf551109d48,140161d99a424b2d367d4c07c1b00a91c1d35713406c144e33003cf551109d48:1307,1307,5797,ae06edd8903bf9b5fe45d68cb831a8f3a385f04be1b848ae8a10d09efdb3476d,5797,6fc6d48245ce44a7d0c13a90b889b89620e5a097493fa9ae98e0f7b6c85b2fbf,3.010601512531963e-08
d03E,140161d99a424b2d367d4c07c1b00a91c1d35713406c144e33003cf551109d48,140161d99a424b2d367d4c07c1b00a91c1d35713406c144e33003cf551109d48:1308,1308,5798,79a762aad5bae429f18a8d11a23e09f98b1fe6738d12a440db48b19f63f41753,5798,9a134e616eb75a0be05c8b7f798f7c5274ca662b6a27d4bf161d189015e8b35d,2.4987888536109892e-08
d03E,140161d99a424b2d367d4c07c1b00a91c1d35713406c144e33003cf551109d48,140161d99a424b2d367d4c07c1b00a91c1d35713406c144e33003cf551109d48:1309,1309,5798,0140874b9b77a3017c82d8f1651a2650e2baa6015651982fa3cbcc97bf24bb86,5798,9a134e616eb75a0be05c8b7f798f7c5274ca662b6a27d4bf161d189015e8b35d,1.2265014448509248e-08
d03E,140161d99a424b2d367d4c07c1b00a91c1d35713406c144e33003cf551109d48,140161d99a424b2d367d4c07c1b00a91c1d35713406c144e33003cf551109d48:1310,1310,5798,79a762aad5bae429f18a8d11a23e09f98b1fe6738d12a440db48b19f63f41753,5798,9a134e616eb75a0be05c8b7f798f7c5274ca662b6a27d4bf161d189015e8b35d,2.4987888536109892e-08
d03E,140161d99a424b2d367d4c07c1b00a91c1d35713406c144e33003cf551109d48,140161d99a424b2d367d4c07c1b00a91c1d35713406c144e33003cf551109d48:1311,1311,5798,79a762aad5bae429f18a8d11a23e09f98b1fe6738d12a440db48b19f63f41753,5798,9a134e616eb75a0be05c8b7f798f7c5274ca662b6a27d4bf161d189015e8b35d,2.4987888536109892e-08
d03E,140161d99a424b2d367d4c07c1b00a91c1d35713406c144e33003cf551109d48,140161d99a424b2d367d4c07c1b00a91c1d35713406c144e33003cf551109d48:1312,1312,5798,a6e8dda09e49da6e215cf37e3531ecbf3a5a6d64681f5b1a61ccddf6744478f0,5798,9a134e616eb75a0be05c8b7f798f7c5274ca662b6a27d4bf161d189015e8b35d,2.78864114022781e-08
d03E,140161d99a424b2d367d4c07c1b00a91c1d35713406c144e33003cf551109d48,140161d99a424b2d367d4c07c1b00a91c1d35713406c144e33003cf551109d48:1313,1313,5849,f97a87b3160cee70e76e509a8982254fda40efd34d8344b60fe0928c5ab41804,5849,b8c4c7dc9dbfa53aff1ff7ae00d0fc9d88cd1134031c97f3e7c5411d9b44e84e,2.1793007287662647e-08
d03E,140161d99a424b2d367d4c07c1b00a91c1d35713406c144e33003cf551109d48,140161d99a424b2d367d4c07c1b00a91c1d35713406c144e33003cf551109d48:1314,1314,5849,6cd62bd84aaa72e2d5da2731eb2c8a11dea4e9b1224b3d70ef42bbe9d0eba705,5849,b8c4c7dc9dbfa53aff1ff7ae00d0fc9d88cd1134031c97f3e7c5411d9b44e84e,3.0221934954610674e-08
d03E,140161d99a424b2d367d4c07c1b00a91c1d35713406c144e33003cf551109d48,140161d99a424b2d367d4c07c1b00a91c1d35713406c144e33003cf551109d48:1315,1315,5878,8e3d3da89a12be69827b0c9ff4217699984b083f88736e3fa85e589d2671213c,5878,32dbbb17d17cb31de3cb17c73b79cf53a8b1e6b5b1dedfa92e720223e9654d55,1.332235943785065e-08
d03E,140161d99a424b2d367d4c07c1b00a91c1d35713406c144e33003cf551109d48,140161d99a424b2d367d4c07c1b00a91c1d35713406c144e33003cf551109d48:1316,1316,5878,592d9de6ee9943193f084190e35262a479ee689b2e95b71d7721df5dc361a5bd,5878,32dbbb17d17cb31de3cb17c73b79cf53a8b1e6b5b1dedfa92e720223e9654d55,1.6479962949844662e-08
d03E,140161d99a424b2d367d4c07c1b00a91c1d35713406c144e33003cf551109d48,140161d99a424b2d367d4c07c1b00a91c1d35713406c144e33003cf551109d48:1317,1317,5878,114966e13185f35d17551bb092c2eb5360d9121f13f886133f7b3411781966e7,5878,32dbbb17d17cb31de3cb17c73b79cf53a8b1e6b5b1dedfa92e720223e9654d55,3.863463526876387e-08
d03E,140161d99a424b2d367d4c07c1b00a91c1d35713406c144e33003cf551109d48,140161d99a424b2d367d4c07c1b00a91c1d35713406c144e33003cf551109d48:1318,1318,5936,958c9dc89e191cbf10934cf4880eb1e222e3486185aff91681e675cefec23cad,5936,7fdf6fe3cdfd21b406b9df4c4b4def37dff883eed1799b4c4253564184a1e69e,1.2046127650933158e-08
d03E,140161d99a424b2d367d4c07c1b00a91c1d35713406c144e33003cf551109d48,140161d99a424b2d367d4c07c1b00a91c1d35713406c144e33003cf551109d48:1319,1319,5936,357a9fea542f7e00a35a9dcb8537181095c50a522321644f28e3cd4d63b23cd4,5936,7fdf6fe3cdfd21b406b9df4c4b4def37dff883eed1799b4c4253564184a1e69e,2.2435368562945257e-08
d03E,140161d99a424b2d367d4c07c1b00a91c1d35713406c144e33003cf551109d48,140161d99a424b2d367d4c07c1b00a91c1d35713406c144e33003cf551109d48:1320,1320,6009,dea249544a3659dafe849b7fb1d3ebe4de2582b38758083cdc7363d2ad9608bb,6009,3e3cc0152637757ab041b0672bba049e6acaa803debc46df656ad4db6d0a9afc,2.8087255077302586e-08
d03E,140161d99a424b2d367d4c07c1b00a91c1d35713406c144e33003cf551109d48,140161d99a424b2d367d4c07c1b00a91c1d35713406c144e33003cf551109d48:1321,1321,6009,c2ec737c98a8d718b7b3b5232f368751fed926c62e07a9bab10673189a658e42,6009,3e3cc0152637757ab041b0672bba049e6acaa803debc46df656ad4db6d0a9afc,1.3431079803893908e-08
d03E,140161d99a424b2d367d4c07c1b00a91c1d35713406c144e33003cf551109d48,140161d99a424b2d367d4c07c1b00a91c1d35713406c144e33003cf551109d48:1322,1322,6009,dea249544a3659dafe849b7fb1d3ebe4de2582b38758083cdc7363d2ad9608bb,6009,3e3cc0152637757ab041b0672bba049e6acaa803debc46df656ad4db6d0a9afc,2.8087255077302586e-08
d03E,140161d99a424b2d367d4c07c1b00a91c1d35713406c144e33003cf551109d48,140161d99a424b2d367d4c07c1b00a91c1d35713406c144e33003cf551109d48:1323,1323,6009,dc914166e663b41a82918d4787760870fb14d85fd0aede88a6a0d2bad00fb09d,6009,3e3cc0152637757ab041b0672bba049e6acaa803debc46df656ad4db6d0a9afc,2.8139210961342087e-08
d03E,140161d99a424b2d367d4c07c1b00a91c1d35713406c144e33003cf551109d48,140161d99a424b2d367d4c07c1b00a91c1d35713406c144e33003cf551109d48:1324,1324,6009,7ebcdfa6275444a369bbb32860618064e082d716d87ca8868df4139593ac33ce,6009,3e3cc0152637757ab041b0672bba049e6acaa803debc46df656ad4db6d0a9afc,2.8332240997741565e-08
d03E,140161d99a424b2d367d4c07c1b00a91c1d35713406c144e33003cf551109d48,140161d99a424b2d367d4c07c1b00a91c1d35713406c144e33003cf551109d48:1325,1325,6009,1a8efc0b632f5929e5dd93e178c016be605e37143d8de3991eadcd20be207b67,6009,3e3cc0152637757ab041b0672bba049e6acaa803debc46df656ad4db6d0a9afc,2.7640068234191517e-08
d03E,140161d99a424b2d367d4c07c1b00a91c1d35713406c144e33003cf551109d48,140161d99a424b2d367d4c07c1b00a91c1d35713406c144e33003cf551109d48:1326,1326,6009,3ec205339b4f34c3f473c75bf8a49066666cf14ae0f9e698e5428a9b24466d9e,6009,3e3cc0152637757ab041b0672bba049e6acaa803debc46df656ad4db6d0a9afc,3.151738969808804e-08
d03E,140161d99a424b2d367d4c07c1b00a91c1d35713406c144e33003cf551109d48,140161d99a424b2d367d4c07c1b00a91c1d35713406c144e33003cf551109d48:1327,1327,6031,f6fd60f8dcdc18af14572742968fd31b1f1d9f88ed259e417ec5dd5288153cf3,6031,a32cc26f11660db0b90b583d60639fe93cca034aff204d94baf2529df5be499c,1.7050415301866906e-08
d03E,140161d99a424b2d367d4c07c1b00a91c1d35713406c144e33003cf551109d48,140161d99a424b2d367d4c07c1b00a91c1d35713406c144e33003cf551109d48:1328,1328,6049,63950fcdc6a87ed9d8b4869eeaadd440c2d2c4e78052be31377e9966ee3c5c47,6049,f7e15b7bbfc181dd72b58393add4d0712981cf1005babb7dcfd27c4d3a35cf8e,1.353728773523244e-08
d03E,140161d99a424b2d367d4c07c1b00a91c1d35713406c144e33003cf551109d48,140161d99a424b2d367d4c07c1b00a91c1d35713406c144e33003cf551109d48:1329,1329,6049,72984efee4e92bd3866974e57fef6c494316ce84f57dd7cb27fa9831e9b692ed,6049,f7e15b7bbfc181dd72b58393add4d0712981cf1005babb7dcfd27c4d3a35cf8e,1.7431134757828204e-08
d03E,140161d99a424b2d367d4c07c1b00a91c1d35713406c144e33003cf551109d48,140161d99a424b2d367d4c07c1b00a91c1d35713406c144e33003cf551109d48:1330,1330,6078,fa72f984017dbb308617d049b9b7f7f4305170cf8c54213b895ea4edddffbdbe,6078,7b4526d17a7d36ee3a0e9fc7e3b3bdff1dee1ff02e8e19b590fb2610a349e56f,2.4646989449372825e-08
d03E,140161d99a424b2d367d4c07c1b00a91c1d35713406c144e33003cf551109d48,140161d99a424b2d367d4c07c1b00a91c1d35713406c144e33003cf551109d48:1331,1331,6078,fa72f984017dbb308617d049b9b7f7f4305170cf8c54213b895ea4edddffbdbe,6078,7b4526d17a7d36ee3a0e9fc7e3b3bdff1dee1ff02e8e19b590fb2610a349e56f,2.4646989449372825e-08
d03E,140161d99a424b2d367d4c07c1b00a91c1d35713406c144e33003cf551109d48,140161d99a424b2d367d4c07c1b00a91c1d35713406c144e33003cf551109d48:1332,1332,6078,abd154c822308bc1dca6cd664b765641ec33b07b5f609edc8b75d7645645d4a3,6078,7b4526d17a7d36ee3a0e9fc7e3b3bdff1dee1ff02e8e19b590fb2610a349e56f,1.4468558684477273e-08
d03E,140161d99a424b2d367d4c07c1b00a91c1d35713406c144e33003cf551109d48,140161d99a424b2d367d4c07c1b00a91c1d35713406c144e33003cf551109d48:1333,1333,6078,441654d1feeeeb1bd906f0c9b57b412fb5ebad2b52d2b0439c6690a6c3ee2bbe,6078,7b4526d17a7d36ee3a0e9fc7e3b3bdff1dee1ff02e8e19b590fb2610a349e56f,2.0146951662525225e-08
d03E,140161d99a424b2d367d4c07c1b00a91c1d35713406c144e33003cf551109d48,140161d99a424b2d367d4c07c1b00a91c1d35713406c144e33003cf551109d48:1334,1334,6078,c999aa6e749c8c42ef6a6f65aa47715b8c7d4072aa2242a896ce89b90d05f1cb,6078,7b4526d17a7d36ee3a0e9fc7e3b3bdff1dee1ff02e8e19b590fb2610a349e56f,2.2784344300141868e-08
d03E,140161d99a424b2d367d4c07c1b00a91c1d35713406c144e33003cf551109d48,140161d99a424b2d367d4c07c1b00a91c1d35713406c144e33003cf551109d48:1335,1335,6078,4270939c8a47d6f7a42b314f6b49f62993a4e96db458ddef71e3d3e58e4a00c3,6078,7b4526d17a7d36ee3a0e9fc7e3b3bdff1dee1ff02e8e19b590fb2610a349e56f,2.7420601567129665e-08
d03E,140161d99a424b2d367d4c07c1b00a91c1d35713406c144e33003cf551109d48,140161d99a424b2d367d4c07c1b00a91c1d35713406c144e33003cf551109d48:1336,1336,6078,10b11e433eda1d926db3fec80370409fd4eab17bba517c12d38b4c7e517b641b,6078,7b4526d17a7d36ee3a0e9fc7e3b3bdff1dee1ff02e8e19b590fb2610a349e56f,2.8528854834064532e-08
d03E,140161d99a424b2d367d4c07c1b00a91c1d35713406c144e33003cf551109d48,140161d99a424b2d367d4c07c1b00a91c1d35713406c144e33003cf551109d48:1337,1337,6078,4270939c8a47d6f7a42b314f6b49f62993a4e96db458ddef71e3d3e58e4a00c3,6078,7b4526d17a7d36ee3a0e9fc7e3b3bdff1dee1ff02e8e19b590fb2610a349e56f,2.7420601567129665e-08
d03E,140161d99a424b2d367d4c07c1b00a91c1d35713406c144e33003cf551109d48,140161d99a424b2d367d4c07c1b00a91c1d35713406c144e33003cf551109d48:1338,1338,6079,f335c4ada9510443d45a81848159fca0397d7827a57a447dc60be5cf4e504713,6079,0686454c91edbf8dd16177f7a89c4396a2becbaa331c6ca3964015d39de4f666,1.648324410297164e-08
d03E,140161d99a424b2d367d4c07c1b00a91c1d35713406c144e33003cf551109d48,140161d99a424b2d367d4c07c1b00a91c1d35713406c144e33003cf551109d48:1339,1339,6079,acdced77933636f5f73f0c74bf2f925d3429d90933ef5b92ed104f1dccb57875,6079,0686454c91edbf8dd16177f7a89c4396a2becbaa331c6ca3964015d39de4f666,2.045837321773547e-08
d03E,140161d99a424b2d367d4c07c1b00a91c1d35713406c144e33003cf551109d48,140161d99a424b2d367d4c07c1b00a91c1d35713406c144e33003cf551109d48:1340,1340,6079,f335c4ada9510443d45a81848159fca0397d7827a57a447dc60be5cf4e504713,6079,0686454c91edbf8dd16177f7a89c4396a2becbaa331c6ca3964015d39de4f666,1.648324410297164e-08
d03E,140161d99a424b2d367d4c07c1b00a91c1d35713406c144e33003cf551109d48,140161d99a424b2d367d4c07c1b00a91c1d35713406c144e33003cf551109d48:1341,1341,6111,3e6fbb654fe745be9f08dd55a843db2bc35ac0199be4f6ed7c042bb77cd23b92,6111,24efff43133b060f243275ca7c0638d8257a5b94fcd21d431f859ed92f4baaff,1.844800445738315e-08
d03E,140161d99a424b2d367d4c07c1b00a91c1d35713406c144e33003cf551109d48,140161d99a424b2d367d4c07c1b00a91c1d35713406c144e33003cf551109d48:1342,1342,6111,9a351e88ce3aa2c2e0f909841abd8e1aa40c3dffa462ac2b9d214c9fdeb322bb,6111,24efff43133b060f243275ca7c0638d8257a5b94fcd21d431f859ed92f4baaff,1.880489852723599e-08
d03E,140161d99a424b2d367d4c07c1b00a91c1d35713406c144e33003cf551109d48,140161d99a424b2d367d4c07c1b00a91c1d35713406c144e33003cf551109d48:1343,1343,6113,21ce3df083a3c946eb26df42e789650b47c68b497744b91e964a576ea17be368,6113,669c294d07fdad038380d982854729c5b21ed4f706ee9f43610f2083bf674321,2.732965875829052e-08
d03E,140161d99a424b2d367d4c07c1b00a91c1d35713406c144e33003cf551109d48,140161d99a424b2d367d4c07c1b00a91c1d35713406c144e33003cf551109d48:1344,1344,6113,67434a749854d6852b361ef03930ebfcec3133a7d499cf40a39bcd9acd1fce37,6113,669c294d07fdad038380d982854729c5b21ed4f706ee9f43610f2083bf674321,2.1099115121714362e-08
d03E,140161d99a424b2d367d4c07c1b00a91c1d35713406c144e33003cf551109d48,140161d99a424b2d367d4c07c1b00a91c1d35713406c144e33003cf551109d48:1345,1345,6113,21ce3df083a3c946eb26df42e789650b47c68b497744b91e964a576ea17be368,6113,669c294d07fdad038380d982854729c5b21ed4f706ee9f43610f2083bf674321,2.732965875829052e-08
d03E,140161d99a424b2d367d4c07c1b00a91c1d35713406c144e33003cf551109d48,140161d99a424b2d367d4c07c1b00a91c1d35713406c144e33003cf551109d48:1346,1346,6113,6b63756b7222d2692eb0eba10b34c6ff3e41ae85542f9ed6634e70a86f879113,6113,669c294d07fdad038380d982854729c5b21ed4f706ee9f43610f2083bf674321,2.8249004246916343e-08
d03E,140161d99a424b2d367d4c07c1b00a91c1d35713406c144e33003cf551109d48,140161d99a424b2d367d4c07c1b00a91c1d35713406c144e33003cf551109d48:1347,1347,6113,14ed557004ef5a88c7ab44c8bd72eaad3c842b73424be754844fabeca6a6e1bc,6113,669c294d07fdad038380d982854729c5b21ed4f706ee9f43610f2083bf674321,2.4917492513765183e-08
d03E,140161d99a424b2d367d4c07c1b00a91c1d35713406c144e33003cf551109d48,140161d99a424b2d367d4c07c1b00a91c1d35713406c144e33003cf551109d48:1348,1348,6117,a18aa08e373a69c8e2de22783d6dd07b70a3fc505439b5ff523d925cc510cf86,6117,3caa15de363411659dbd04a9a9eba5a3b61301b9babce7c7174afb1acd607ff9,1.3583330682465089e-08
d03E,140161d99a424b2d367d4c07c1b00a91c1d35713406c144e33003cf551109d48,140161d99a424b2d367d4c07c1b00a91c1d35713406c144e33003cf551109d48:1349,1349,6123,82844c778a0612f8954d7677e932bc22c7041c7b00684a971573bab0286edc1d,6123,15e1beb571ceaa9cd85abba7ba6628211de8b55972a59bc10539adcc94549ec1,9.4492836888449e-09
d03E,140161d99a424b2d367d4c07c1b00a91c1d35713406c144e33003cf551109d48,140161d99a424b2d367d4c07c1b00a91c1d35713406c144e33003cf551109d48:1350,1350,6123,5237bc12e1b69cf5b2d8a36885d76aea74f363c4425416ef9fedb9e5174129fc,6123,15e1beb571ceaa9cd85abba7ba6628211de8b55972a59bc10539adcc94549ec1,1.375966052208355e-08
d03E,140161d99a424b2d367d4c07c1b00a91c1d35713406c144e33003cf551109d48,140161d99a424b2d367d4c07c1b00a91c1d35713406c144e33003cf551109d48:1351,1351,6123,b424a9d6734b21d3fb9c8bc36eb5bfb20c6d8e9faf653066c2bb6c07c9dbaa77,6123,15e1beb571ceaa9cd85abba7ba6628211de8b55972a59bc10539adcc94549ec1,9.68973545845131e-09
d03E,140161d99a424b2d367d4c07c1b00a91c1d35713406c144e33003cf551109d48,140161d99a424b2d367d4c07c1b00a91c1d35713406c144e33003cf551109d48:1352,1352,6123,41c78054915779a1d7a76c9f56d33a5fe7e22a328adb8b21b4f9c2a15ce5fab6,6123,15e1beb571ceaa9cd85abba7ba6628211de8b55972a59bc10539adcc94549ec1,1.893698375887709e-08
d03E,140161d99a424b2d367d4c07c1b00a91c1d35713406c144e33003cf551109d48,140161d99a424b2d367d4c07c1b00a91c1d35713406c144e33003cf551109d48:1353,1353,6123,a0608cd00c48eb09191a7b4b3a0cc2b983c4c58a6ce708d0190c0018dc4f65c2,6123,15e1beb571ceaa9cd85abba7ba6628211de8b55972a59bc10539adcc94549ec1,1.0034370223621636e-08
d03E,140161d99a424b2d367d4c07c1b00a91c1d35713406c144e33003cf551109d48,140161d99a424b2d367d4c07c1b00a91c1d35713406c144e33003cf551109d48:1354,1354,6123,37508b77c1eea873b2214616d8682c2c358f5c6edb682f72363bcf9d592cf38d,6123,15e1beb571ceaa9cd85abba7ba6628211de8b55972a59bc10539adcc94549ec1,1.5276685139120616e-08
d03E,140161d99a424b2d367d4c07c1b00a91c1d35713406c144e33003cf551109d48,140161d99a424b2d367d4c07c1b00a91c1d35713406c144e33003cf551109d48:1355,1355,6123,4d2b2d06657ee9f03395c766a5993ddad380b2bbbf98962101e0b989ae443f63,6123,15e1beb571ceaa9cd85abba7ba6628211de8b55972a59bc10539adcc94549ec1,1.2902458101926584e-08
d03E,140161d99a424b2d367d4c07c1b00a91c1d35713406c144e33003cf551109d48,140161d99a424b2d367d4c07c1b00a91c1d35713406c144e33003cf551109d48:1356,1356,6123,4d2b2d06657ee9f03395c766a5993ddad380b2bbbf98962101e0b989ae443f63,6123,15e1beb571ceaa9cd85abba7ba6628211de8b55972a59bc10539adcc94549ec1,1.2902458101926584e-08
d03E,140161d99a424b2d367d4c07c1b00a91c1d35713406c144e33003cf551109d48,140161d99a424b2d367d4c07c1b00a91c1d35713406c144e33003cf551109d48:1357,1357,6123,435c0689604fa6da3ef134412996b8c9b20fb29435b697bfa165d673901aa842,6123,15e1beb571ceaa9cd85abba7ba6628211de8b55972a59bc10539adcc94549ec1,2.9643241861165848e-08
d03E,140161d99a424b2d367d4c07c1b00a91c1d35713406c144e33003cf551109d48,140161d99a424b2d367d4c07c1b00a91c1d35713406c144e33003cf551109d48:1358,1358,6123,857689cf47f3ecb73cafba09136c6da99b2e55a094d39b13399e8ae17fe79e8c,6123,15e1beb571ceaa9cd85abba7ba6628211de8b55972a59bc10539adcc94549ec1,2.0178564374973007e-08
d03E,140161d99a424b2d367d4c07c1b00a91c1d35713406c144e33003cf551109d48,140161d99a424b2d367d4c07c1b00a91c1d35713406c144e33003cf551109d48:1359,1359,6123,d7310af93e5b14e238400d4a98cfb03968d57838cc8d123cf1560208b04e112e,6123,15e1beb571ceaa9cd85abba7ba6628211de8b55972a59bc10539adcc94549ec1,2.251082231730095e-08
d03E,140161d99a424b2d367d4c07c1b00a91c1d35713406c144e33003cf551109d48,140161d99a424b2d367d4c07c1b00a91c1d35713406c144e33003cf551109d48:1360,1360,6123,faab996988b030ba9766e7810f6ec763242c8fc6699b13519d19c6f959c2195e,6123,15e1beb571ceaa9cd85abba7ba6628211de8b55972a59bc10539adcc94549ec1,2.251082231730095e-08
d03E,140161d99a424b2d367d4c07c1b00a91c1d35713406c144e33003cf551109d48,140161d99a424b2d367d4c07c1b00a91c1d35713406c144e33003cf551109d48:1361,1361,6144,96b86f032963a634661182b72ed07ef81e65878bcfd8f38a840aa4ed61d86286,6144,4393bff6740036f2e97c7302afcf7b593b1fb9003e2942c10205c71bacc59ac3,3.128618708547748e-08
d03E,140161d99a424b2d367d4c07c1b00a91c1d35713406c144e33003cf551109d48,140161d99a424b2d367d4c07c1b00a91c1d35713406c144e33003cf551109d48:1362,1362,6151,dfea0efe911b113d3f667f4e7f57d79dd4b3ce1c2855a82187ba24603204c5b1,6151,667acf8ea998dbc8921036655f39a7d9d304f8fb61538a8ff861686a14d0ad50,1.2038358532251436e-08
d03E,140161d99a424b2d367d4c07c1b00a91c1d35713406c144e33003cf551109d48,140161d99a424b2d367d4c07c1b00a91c1d35713406c144e33003cf551109d48:1363,1363,6151,635d354649de36ffcfcbea8be417d756f8a67e230175c6ccedbc15d4f92992c4,6151,667acf8ea998dbc8921036655f39a7d9d304f8fb61538a8ff861686a14d0ad50,1.5156530697169046e-08
d03E,140161d99a424b2d367d4c07c1b00a91c1d35713406c144e33003cf551109d48,140161d99a424b2d367d4c07c1b00a91c1d35713406c144e33003cf551109d48:1364,1364,6151,dfea0efe911b113d3f667f4e7f57d79dd4b3ce1c2855a82187ba24603204c5b1,6151,667acf8ea998dbc8921036655f39a7d9d304f8fb61538a8ff861686a14d0ad50,1.2038358532251436e-08
d03E,140161d99a424b2d367d4c07c1b00a91c1d35713406c144e33003cf551109d48,140161d99a424b2d367d4c07c1b00a91c1d35713406c144e33003cf551109d48:1365,1365,6151,dfea0efe911b113d3f667f4e7f57d79dd4b3ce1c2855a82187ba24603204c5b1,6151,667acf8ea998dbc8921036655f39a7d9d304f8fb61538a8ff861686a14d0ad50,1.2038358532251436e-08
d03E,140161d99a424b2d367d4c07c1b00a91c1d35713406c144e33003cf551109d48,140161d99a424b2d367d4c07c1b00a91c1d35713406c144e33003cf551109d48:1366,1366,6151,dfea0efe911b113d3f667f4e7f57d79dd4b3ce1c2855a82187ba24603204c5b1,6151,667acf8ea998dbc8921036655f39a7d9d304f8fb61538a8ff861686a14d0ad50,1.2038358532251436e-08
d03E,140161d99a424b2d367d4c07c1b00a91c1d35713406c144e33003cf551109d48,140161d99a424b2d367d4c07c1b00a91c1d35713406c144e33003cf551109d48:1367,1367,6151,dfea0efe911b113d3f667f4e7f57d79dd4b3ce1c2855a82187ba24603204c5b1,6151,667acf8ea998dbc8921036655f39a7d9d304f8fb61538a8ff861686a14d0ad50,1.2038358532251436e-08
d03E,140161d99a424b2d367d4c07c1b00a91c1d35713406c144e33003cf551109d48,140161d99a424b2d367d4c07c1b00a91c1d35713406c144e33003cf551109d48:1368,1368,6151,ec959432be3db79e1a221135210a31cabeef053a6db7a34b9f174411c71d16e3,6151,667acf8ea998dbc8921036655f39a7d9d304f8fb61538a8ff861686a14d0ad50,2.6332401592554788e-08
d03E,140161d99a424b2d367d4c07c1b00a91c1d35713406c144e33003cf551109d48,140161d99a424b2d367d4c07c1b00a91c1d35713406c144e33003cf551109d48:1369,1369,6154,35e5f8bb7271d091ce1f8daf55bb8f2c7ed4aea6ddde5161769cdf59d1d08de6,6154,0db2f4682eeb827dd2dd5442f2ae824c7ff9222ce01b7a6b3103a283e2de699f,2.2857047698998656e-08
d03E,140161d99a424b2d367d4c07c1b00a91c1d35713406c144e33003cf551109d48,140161d99a424b2d367d4c07c1b00a91c1d35713406c144e33003cf551109d48:1370,1370,6162,03ce5d76dcfe80bfc2a89c74715764ed72b78a1ea1aa3ad2b28daa6c38101466,6162,d7f782f5302e72766f48fcf735fa84b9dd90f0f2af785713ec7636b3bd449a21,2.7254371648410824e-08
d03E,140161d99a424b2d367d4c07c1b00a91c1d35713406c144e33003cf551109d48,140161d99a424b2d367d4c07c1b00a91c1d35713406c144e33003cf551109d48:1371,1371,6175,174ed42064633642ca23cf97820c8d87c76d9e80ef3c43bcb29cbf807a14bde1,6175,af81ca7f7f1fd2f4d97e1f530dd9b39273f5beb199449c2eabfdd667e94a3756,2.662385534257794e-08
d03E,140161d99a424b2d367d4c07c1b00a91c1d35713406c144e33003cf551109d48,140161d99a424b2d367d4c07c1b00a91c1d35713406c144e33003cf551109d48:1372,1372,6175,c2bf48ae599365cfcbf1726c5aefa96c41ca2a4de51f65dce4452e857b8eef13,6175,af81ca7f7f1fd2f4d97e1f530dd9b39273f5beb199449c2eabfdd667e94a3756,2.7807798064216627e-08
d03E,140161d99a424b2d367d4c07c1b00a91c1d35713406c144e33003cf551109d48,140161d99a424b2d367d4c07c1b00a91c1d35713406c144e33003cf551109d48:1373,1373,6175,e6c64c0cf3fb9557768ca671b090fc998307f6d8bbd85c82c320754a2484fbfd,6175,af81ca7f7f1fd2f4d97e1f530dd9b39273f5beb199449c2eabfdd667e94a3756,2.7807798064216627e-08
d03E,140161d99a424b2d367d4c07c1b00a91c1d35713406c144e33003cf551109d48,140161d99a424b2d367d4c07c1b00a91c1d35713406c144e33003cf551109d48:1374,1374,6175,6e2dc868c3a9fbfb783d0b5bbff15dc4fbb8d2af26c8c155198052e9223a0665,6175,af81ca7f7f1fd2f4d97e1f530dd9b39273f5beb199449c2eabfdd667e94a3756,1.807962823896503e-08
d03E,140161d99a424b2d367d4c07c1b00a91c1d35713406c144e33003cf551109d48,140161d99a424b2d367d4c07c1b00a91c1d35713406c144e33003cf551109d48:1375,1375,6175,80ef91e86fca29a81db666bd834add21d2eaed9ccbf921a2356daf2e2688ba45,6175,af81ca7f7f1fd2f4d97e1f530dd9b39273f5beb199449c2eabfdd667e94a3756,2.5027836025870442e-08
d03E,140161d99a424b2d367d4c07c1b00a91c1d35713406c144e33003cf551109d48,140161d99a424b2d367d4c07c1b00a91c1d35713406c144e33003cf551109d48:1376,1376,6175,174ed42064633642ca23cf97820c8d87c76d9e80ef3c43bcb29cbf807a14bde1,6175,af81ca7f7f1fd2f4d97e1f530dd9b39273f5beb199449c2eabfdd667e94a3756,2.662385534257794e-08
d03E,140161d99a424b2d367d4c07c1b00a91c1d35713406c144e33003cf551109d48,140161d99a424b2d367d4c07c1b00a91c1d35713406c144e33003cf551109d48:1377,1377,6175,174ed42064633642ca23cf97820c8d87c76d9e80ef3c43bcb29cbf807a14bde1,6175,af81ca7f7f1fd2f4d97e1f530dd9b39273f5beb199449c2eabfdd667e94a3756,2.662385534257794e-08
d03E,140161d99a424b2d367d4c07c1b00a91c1d35713406c144e33003cf551109d48,140161d99a424b2d367d4c07c1b00a91c1d35713406c144e33003cf551109d48:1378,1378,6175,80ef91e86fca29a81db666bd834add21d2eaed9ccbf921a2356daf2e2688ba45,6175,af81ca7f7f1fd2f4d97e1f530dd9b39273f5beb199449c2eabfdd667e94a3756,2.5027836025870442e-08
d03E,140161d99a424b2d367d4c07c1b00a91c1d35713406c144e33003cf551109d48,140161d99a424b2d367d4c07c1b00a91c1d35713406c144e33003cf551109d48:1379,1379,6175,174ed42064633642ca23cf97820c8d87c76d9e80ef3c43bcb29cbf807a14bde1,6175,af81ca7f7f1fd2f4d97e1f530dd9b39273f5beb199449c2eabfdd667e94a3756,2.662385534257794e-08
d03E,140161d99a424b2d367d4c07c1b00a91c1d35713406c144e33003cf551109d48,140161d99a424b2d367d4c07c1b00a91c1d35713406c144e33003cf551109d48:1380,1380,6175,991dcbcceba85ea62390b517da8843e253d793006d7f6765adf92c6358c145c7,6175,af81ca7f7f1fd2f4d97e1f530dd9b39273f5beb199449c2eabfdd667e94a3756,1.9675647555672526e-08
d03E,140161d99a424b2d367d4c07c1b00a91c1d35713406c144e33003cf551109d48,140161d99a424b2d367d4c07c1b00a91c1d35713406c144e33003cf551109d48:1381,1381,6179,30ac7ebcbb54b55cc9ecc639383fd5b2b0394cd697de014a3edda5d020b7f6cc,6179,d4d697a292a8fcb39b43cc7c0acf361bebb5245b895ca837c9f8fc460fca37c7,1.3021681066760493e-08
d03E,140161d99a424b2d367d4c07c1b00a91c1d35713406c144e33003cf551109d48,140161d99a424b2d367d4c07c1b00a91c1d35713406c144e33003cf551109d48:1382,1382,6179,30ac7ebcbb54b55cc9ecc639383fd5b2b0394cd697de014a3edda5d020b7f6cc,6179,d4d697a292a8fcb39b43cc7c0acf361bebb5245b895ca837c9f8fc460fca37c7,1.3021681066760493e-08
d03E,140161d99a424b2d367d4c07c1b00a91c1d35713406c144e33003cf551109d48,140161d99a424b2d367d4c07c1b00a91c1d35713406c144e33003cf551109d48:1383,1383,6179,5bf3179cb994137bbe3a81f0de47c713714b4996dff4eec909fef75ae104fa29,6179,d4d697a292a8fcb39b43cc7c0acf361bebb5245b895ca837c9f8fc460fca37c7,2.0505931619396733e-08
d03E,140161d99a424b2d367d4c07c1b00a91c1d35713406c144e33003cf551109d48,140161d99a424b2d367d4c07c1b00a91c1d35713406c144e33003cf551109d48:1384,1384,6179,49c4b7558dad963d37ac0305f186792b55420f9e701d7cdcaf97491cd2677feb,6179,d4d697a292a8fcb39b43cc7c0acf361bebb5245b895ca837c9f8fc460fca37c7,9.621461183328961e-09
d03E,140161d99a424b2d367d4c07c1b00a91c1d35713406c144e33003cf551109d48,140161d99a424b2d367d4c07c1b00a91c1d35713406c144e33003cf551109d48:1385,1385,6237,a87ec8476e4e0c2da31e775e86d888e9b48816d6e18dbf506e247c1f1c284845,6237,12e2f308abf6b56e26b46a9012a769b421a2c838a14e0a485e458fab6aed4370,1.9715421073485118e-08
d03E,140161d99a424b2d367d4c07c1b00a91c1d35713406c144e33003cf551109d48,140161d99a424b2d367d4c07c1b00a91c1d35713406c144e33003cf551109d48:1386,1386,6237,a87ec8476e4e0c2da31e775e86d888e9b48816d6e18dbf506e247c1f1c284845,6237,12e2f308abf6b56e26b46a9012a769b421a2c838a14e0a485e458fab6aed4370,1.9715421073485118e-08
d03E,140161d99a424b2d367d4c07c1b00a91c1d35713406c144e33003cf551109d48,140161d99a424b2d367d4c07c1b00a91c1d35713406c144e33003cf551109d48:1387,1387,6237,802cbaced3baa3f3571926a1254ce3cf0136f53b0823c71422c3d0882584834b,6237,12e2f308abf6b56e26b46a9012a769b421a2c838a14e0a485e458fab6aed4370,1.6348977505131757e-08
d03E,140161d99a424b2d367d4c07c1b00a91c1d35713406c144e33003cf551109d48,140161d99a424b2d367d4c07c1b00a91c1d35713406c144e33003cf551109d48:1388,1388,6237,a87ec8476e4e0c2da31e775e86d888e9b48816d6e18dbf506e247c1f1c284845,6237,12e2f308abf6b56e26b46a9012a769b421a2c838a14e0a485e458fab6aed4370,1.9715421073485118e-08
d03E,140161d99a424b2d367d4c07c1b00a91c1d35713406c144e33003cf551109d48,140161d99a424b2d367d4c07c1b00a91c1d35713406c144e33003cf551109d48:1389,1389,6237,7ef27d4c82aee6f97ac323521a934b686347e951aeafdfc934f8c548ba8b652c,6237,12e2f308abf6b56e26b46a9012a769b421a2c838a14e0a485e458fab6aed4370,1.7537481911134023e-08
d03E,140161d99a424b2d367d4c07c1b00a91c1d35713406c144e33003cf551109d48,140161d99a424b2d367d4c07c1b00a91c1d35713406c144e33003cf551109d48:1390,1390,6237,98831ece5db463f6e167d06f7b7903318a0d70b8dfeef986e17249410033e072,6237,12e2f308abf6b56e26b46a9012a769b421a2c838a14e0a485e458fab6aed4370,1.4178547891319226e-08
d03E,140161d99a424b2d367d4c07c1b00a91c1d35713406c144e33003cf551109d48,140161d99a424b2d367d4c07c1b00a91c1d35713406c144e33003cf551109d48:1391,1391,6237,703935d798ab47c468d863cf87f199bfc65076f04cba090d889e46d0d124deac,6237,12e2f308abf6b56e26b46a9012a769b421a2c838a14e0a485e458fab6aed4370,1.9142945228978192e-08
d03E,140161d99a424b2d367d4c07c1b00a91c1d35713406c144e33003cf551109d48,140161d99a424b2d367d4c07c1b00a91c1d35713406c144e33003cf551109d48:1392,1392,6237,8396d12fc1ea859571e11c02c164ad82ebe68a0336811eace93347baf0bd9180,6237,12e2f308abf6b56e26b46a9012a769b421a2c838a14e0a485e458fab6aed4370,1.2415207750748891e-08
d03E,140161d99a424b2d367d4c07c1b00a91c1d35713406c144e33003cf551109d48,140161d99a424b2d367d4c07c1b00a91c1d35713406c144e33003cf551109d48:1393,1393,6237,802cbaced3baa3f3571926a1254ce3cf0136f53b0823c71422c3d0882584834b,6237,12e2f308abf6b56e26b46a9012a769b421a2c838a14e0a485e458fab6aed4370,1.6348977505131757e-08
d03E,140161d99a424b2d367d4c07c1b00a91c1d35713406c144e33003cf551109d48,140161d99a424b2d367d4c07c1b00a91c1d35713406c144e33003cf551109d48:1394,1394,6237,703935d798ab47c468d863cf87f199bfc65076f04cba090d889e46d0d124deac,6237,12e2f308abf6b56e26b46a9012a769b421a2c838a14e0a485e458fab6aed4370,1.9142945228978192e-08
d03E,140161d99a424b2d367d4c07c1b00a91c1d35713406c144e33003cf551109d48,140161d99a424b2d367d4c07c1b00a91c1d35713406c144e33003cf551109d48:1395,1395,6272,2d979e141d4192599ae9134af65207fa0f08031b40f7915ace0f4742b8fb98aa,6272,f7f43aaddd484340bcc343c9352740ce2b3b3ea66a83bb86f9582887d6421f1c,2.036457624754462e-08
d03E,140161d99a424b2d367d4c07c1b00a91c1d35713406c144e33003cf551109d48,140161d99a424b2d367d4c07c1b00a91c1d35713406c144e33003cf551109d48:1396,1396,6272,f719457cd25137c9203a8445583c00463455debccdfc46532c7b030be338b0e4,6272,f7f43aaddd484340bcc343c9352740ce2b3b3ea66a83bb86f9582887d6421f1c,1.7055422296685663e-08
d03E,140161d99a424b2d367d4c07c1b00a91c1d35713406c144e33003cf551109d48,140161d99a424b2d367d4c07c1b00a91c1d35713406c144e33003cf551109d48:1397,1397,6272,ab9a4f3f41e907927f9c7cf025708ed63b2ad3f6625218a2a81bb43bc2ce46b5,6272,f7f43aaddd484340bcc343c9352740ce2b3b3ea66a83bb86f9582887d6421f1c,2.7032156735273816e-08
d03E,140161d99a424b2d367d4c07c1b00a91c1d35713406c144e33003cf551109d48,140161d99a424b2d367d4c07c1b00a91c1d35713406c144e33003cf551109d48:1398,1398,6272,5597e0450b09d7df5fb043dc1d648588572332048826917f23a8b7c3366d1948,6272,f7f43aaddd484340bcc343c9352740ce2b3b3ea66a83bb86f9582887d6421f1c,2.036457624754462e-08
d03E,140161d99a424b2d367d4c07c1b00a91c1d35713406c144e33003cf551109d48,140161d99a424b2d367d4c07c1b00a91c1d35713406c144e33003cf551109d48:1399,1399,6272,a591d8697c5138b5a563e9461713c8acb9654bf1da58e704a8f656d563754dd6,6272,f7f43aaddd484340bcc343c9352740ce2b3b3ea66a83bb86f9582887d6421f1c,1.9449463817267088e-08
d03E,140161d99a424b2d367d4c07c1b00a91c1d35713406c144e33003cf551109d48,140161d99a424b2d367d4c07c1b00a91c1d35713406c144e33003cf551109d48:1400,1400,6273,6f7d3950eeb363259b279a095f3a3417d2e4df6283f39aa8dff393fbe077156c,6273,ab135038959ef6dca1ef8ffc81b020bb996032f04f1de892effc68f807e73656,2.592737236017939e-08
d03E,140161d99a424b2d367d4c07c1b00a91c1d35713406c144e33003cf551109d48,140161d99a424b2d367d4c07c1b00a91c1d35713406c144e33003cf551109d48:1401,1401,6273,b32133598c8c2794621118fbebfd74d716650b605d879ee047032df079a1a367,6273,ab135038959ef6dca1ef8ffc81b020bb996032f04f1de892effc68f807e73656,2.8475451330223223e-08
d03E,140161d99a424b2d367d4c07c1b00a91c1d35713406c144e33003cf551109d48,140161d99a424b2d367d4c07c1b00a91c1d35713406c144e33003cf551109d48:1402,1402,6273,87732e0026905f9f93eb5f9d4e06a6528197483bb7bcb3af787ac5f97d1c9a2f,6273,ab135038959ef6dca1ef8ffc81b020bb996032f04f1de892effc68f807e73656,2.8475451330223223e-08
d03E,140161d99a424b2d367d4c07c1b00a91c1d35713406c144e33003cf551109d48,140161d99a424b2d367d4c07c1b00a91c1d35713406c144e33003cf551109d48:1403,1403,6273,1489b4efef688003e9e8708bae857c319eff3282f6d6167f7183b55d6178ca3f,6273,ab135038959ef6dca1ef8ffc81b020bb996032f04f1de892effc68f807e73656,2.592737236017939e-08
d03E,140161d99a424b2d367d4c07c1b00a91c1d35713406c144e33003cf551109d48,140161d99a424b2d367d4c07c1b00a91c1d35713406c144e33003cf551109d48:1404,1404,6273,ac39885765b99724b6de1cac1e01c875a223e41b6378fb7867c835309bb6e8e2,6273,ab135038959ef6dca1ef8ffc81b020bb996032f04f1de892effc68f807e73656,2.8475451330223223e-08
d03E,140161d99a424b2d367d4c07c1b00a91c1d35713406c144e33003cf551109d48,140161d99a424b2d367d4c07c1b00a91c1d35713406c144e33003cf551109d48:1405,1405,6273,6f7d3950eeb363259b279a095f3a3417d2e4df6283f39aa8dff393fbe077156c,6273,ab135038959ef6dca1ef8ffc81b020bb996032f04f1de892effc68f807e73656,2.592737236017939e-08
d03E,140161d99a424b2d367d4c07c1b00a91c1d35713406c144e33003cf551109d48,140161d99a424b2d367d4c07c1b00a91c1d35713406c144e33003cf551109d48:1406,1406,6273,d25486de4b0992631bfb59624ae95af374fd08fae6b6659194ff62e387a763a7,6273,ab135038959ef6dca1ef8ffc81b020bb996032f04f1de892effc68f807e73656,2.3678612848243574e-08
d03E,140161d99a424b2d367d4c07c1b00a91c1d35713406c144e33003cf551109d48,140161d99a424b2d367d4c07c1b00a91c1d35713406c144e33003cf551109d48:1407,1407,6273,4d6654bf644290428f580318588ffdd6b2ac7204b78a58e83649262a5e647aeb,6273,ab135038959ef6dca1ef8ffc81b020bb996032f04f1de892effc68f807e73656,2.8475451330223223e-08
d03E,140161d99a424b2d367d4c07c1b00a91c1d35713406c144e33003cf551109d48,140161d99a424b2d367d4c07c1b00a91c1d35713406c144e33003cf551109d48:1408,1408,6273,3aee004cabc7b59f49d85cb5dafaeab89f6efbe01897c928b2a2761948af9ea4,6273,ab135038959ef6dca1ef8ffc81b020bb996032f04f1de892effc68f807e73656,2.86238562852148e-08
d03E,140161d99a424b2d367d4c07c1b00a91c1d35713406c144e33003cf551109d48,140161d99a424b2d367d4c07c1b00a91c1d35713406c144e33003cf551109d48:1409,1409,6273,6f7d3950eeb363259b279a095f3a3417d2e4df6283f39aa8dff393fbe077156c,6273,ab135038959ef6dca1ef8ffc81b020bb996032f04f1de892effc68f807e73656,2.592737236017939e-08
d03E,140161d99a424b2d367d4c07c1b00a91c1d35713406c144e33003cf551109d48,140161d99a424b2d367d4c07c1b00a91c1d35713406c144e33003cf551109d48:1410,1410,6273,17a115153e74991a405766aebeeaa0027a9b99db938b1406aa974d3d4f3f9e18,6273,ab135038959ef6dca1ef8ffc81b020bb996032f04f1de892effc68f807e73656,2.6084440607476722e-08
d03E,140161d99a424b2d367d4c07c1b00a91c1d35713406c144e33003cf551109d48,140161d99a424b2d367d4c07c1b00a91c1d35713406c144e33003cf551109d48:1411,1411,6273,54135cc9dfc03fedb6e175b5285a8dcf675313c6ac9adcdf5a8d11fee93aefe5,6273,ab135038959ef6dca1ef8ffc81b020bb996032f04f1de892effc68f807e73656,1.607962729632817e-08
d03E,140161d99a424b2d367d4c07c1b00a91c1d35713406c144e33003cf551109d48,140161d99a424b2d367d4c07c1b00a91c1d35713406c144e33003cf551109d48:1412,1412,6273,d25486de4b0992631bfb59624ae95af374fd08fae6b6659194ff62e387a763a7,6273,ab135038959ef6dca1ef8ffc81b020bb996032f04f1de892effc68f807e73656,2.3678612848243574e-08
d03E,140161d99a424b2d367d4c07c1b00a91c1d35713406c144e33003cf551109d48,140161d99a424b2d367d4c07c1b00a91c1d35713406c144e33003cf551109d48:1413,1413,6273,54135cc9dfc03fedb6e175b5285a8dcf675313c6ac9adcdf5a8d11fee93aefe5,6273,ab135038959ef6dca1ef8ffc81b020bb996032f04f1de892effc68f807e73656,1.607962729632817e-08
d03E,140161d99a424b2d367d4c07c1b00a91c1d35713406c144e33003cf551109d48,140161d99a424b2d367d4c07c1b00a91c1d35713406c144e33003cf551109d48:1414,1414,6273,3aee004cabc7b59f49d85cb5dafaeab89f6efbe01897c928b2a2761948af9ea4,6273,ab135038959ef6dca1ef8ffc81b020bb996032f04f1de892effc68f807e73656,2.86238562852148e-08
d03E,140161d99a424b2d367d4c07c1b00a91c1d35713406c144e33003cf551109d48,140161d99a424b2d367d4c07c1b00a91c1d35713406c144e33003cf551109d48:1415,1415,6278,bd051c482db1e272c30227ee2b3fb8a062cf9c2688f0747b804ea43a1aea238a,6278,528272de0eef95e12ecb8a66ffc299bf31783b84edfeff3c59a15019dbdbbcaa,2.0326508254342457e-08
d03E,140161d99a424b2d367d4c07c1b00a91c1d35713406c144e33003cf551109d48,140161d99a424b2d367d4c07c1b00a91c1d35713406c144e33003cf551109d48:1416,1416,6278,b7258518ce6edc6f0fdfdce1a34e9bf3ec4a7d2f1bb2fabf41d8efc4f4e4bf5b,6278,528272de0eef95e12ecb8a66ffc299bf31783b84edfeff3c59a15019dbdbbcaa,2.0326508254342457e-08
d03E,140161d99a424b2d367d4c07c1b00a91c1d35713406c144e33003cf551109d48,140161d99a424b2d367d4c07c1b00a91c1d35713406c144e33003cf551109d48:1417,1417,6278,4e054ec671f7a80e96cf03a88f4585a9b49c62f35706e0976e5e12d9fadd29f9,6278,528272de0eef95e12ecb8a66ffc299bf31783b84edfeff3c59a15019dbdbbcaa,2.796517695191625e-08
d03E,140161d99a424b2d367d4c07c1b00a91c1d35713406c144e33003cf551109d48,140161d99a424b2d367d4c07c1b00a91c1d35713406c144e33003cf551109d48:1418,1418,6278,99f853cc74cad7baeb4d1bd647049ae80d0f2b1331902c8aaf15f19c951cf9b9,6278,528272de0eef95e12ecb8a66ffc299bf31783b84edfeff3c59a15019dbdbbcaa,2.9124034517380437e-08
d03E,140161d99a424b2d367d4c07c1b00a91c1d35713406c144e33003cf551109d48,140161d99a424b2d367d4c07c1b00a91c1d35713406c144e33003cf551109d48:1419,1419,6278,98ae7c53b270682642742ccd79809ddee98d1c1fa530632eeb82f8588c34b11c,6278,528272de0eef95e12ecb8a66ffc299bf31783b84edfeff3c59a15019dbdbbcaa,2.0326508254342457e-08
d03E,140161d99a424b2d367d4c07c1b00a91c1d35713406c144e33003cf551109d48,140161d99a424b2d367d4c07c1b00a91c1d35713406c144e33003cf551109d48:1420,1420,6278,99f853cc74cad7baeb4d1bd647049ae80d0f2b1331902c8aaf15f19c951cf9b9,6278,528272de0eef95e12ecb8a66ffc299bf31783b84edfeff3c59a15019dbdbbcaa,2.9124034517380437e-08
d03E,140161d99a424b2d367d4c07c1b00a91c1d35713406c144e33003cf551109d48,140161d99a424b2d367d4c07c1b00a91c1d35713406c144e33003cf551109d48:1421,1421,6278,bd051c482db1e272c30227ee2b3fb8a062cf9c2688f0747b804ea43a1aea238a,6278,528272de0eef95e12ecb8a66ffc299bf31783b84edfeff3c59a15019dbdbbcaa,2.0326508254342457e-08
d03E,140161d99a424b2d367d4c07c1b00a91c1d35713406c144e33003cf551109d48,140161d99a424b2d367d4c07c1b00a91c1d35713406c144e33003cf551109d48:1422,1422,6278,99f853cc74cad7baeb4d1bd647049ae80d0f2b1331902c8aaf15f19c951cf9b9,6278,528272de0eef95e12ecb8a66ffc299bf31783b84edfeff3c59a15019dbdbbcaa,2.9124034517380437e-08
d03E,140161d99a424b2d367d4c07c1b00a91c1d35713406c144e33003cf551109d48,140161d99a424b2d367d4c07c1b00a91c1d35713406c144e33003cf551109d48:1423,1423,6278,98ae7c53b270682642742ccd79809ddee98d1c1fa530632eeb82f8588c34b11c,6278,528272de0eef95e12ecb8a66ffc299bf31783b84edfeff3c59a15019dbdbbcaa,2.0326508254342457e-08
d03E,140161d99a424b2d367d4c07c1b00a91c1d35713406c144e33003cf551109d48,140161d99a424b2d367d4c07c1b00a91c1d35713406c144e33003cf551109d48:1424,1424,6278,1663736e3d72151128ac2cfd7372b6694f9672dbc07a6a01ff117b17826f1717,6278,528272de0eef95e12ecb8a66ffc299bf31783b84edfeff3c59a15019dbdbbcaa,2.4376975327200512e-08
d03E,140161d99a424b2d367d4c07c1b00a91c1d35713406c144e33003cf551109d48,140161d99a424b2d367d4c07c1b00a91c1d35713406c144e33003cf551109d48:1425,1425,6278,7e1f749caccaa1c2a3da5303aa9ca2bb861fe6325f71f1d8223fb537ac1719a8,6278,528272de0eef95e12ecb8a66ffc299bf31783b84edfeff3c59a15019dbdbbcaa,2.7220981246856013e-08
d03E,140161d99a424b2d367d4c07c1b00a91c1d35713406c144e33003cf551109d48,140161d99a424b2d367d4c07c1b00a91c1d35713406c144e33003cf551109d48:1426,1426,6278,54b1dc54fe88c7de80b509470c26af1afb245e018472621857f0d1ed02cf3846,6278,528272de0eef95e12ecb8a66ffc299bf31783b84edfeff3c59a15019dbdbbcaa,2.8493267745233197e-08
d03E,140161d99a424b2d367d4c07c1b00a91c1d35713406c144e33003cf551109d48,140161d99a424b2d367d4c07c1b00a91c1d35713406c144e33003cf551109d48:1427,1427,6278,bd051c482db1e272c30227ee2b3fb8a062cf9c2688f0747b804ea43a1aea238a,6278,528272de0eef95e12ecb8a66ffc299bf31783b84edfeff3c59a15019dbdbbcaa,2.0326508254342457e-08
d03E,140161d99a424b2d367d4c07c1b00a91c1d35713406c144e33003cf551109d48,140161d99a424b2d367d4c07c1b00a91c1d35713406c144e33003cf551109d48:1428,1428,6278,5eb6ca74130d11810f7ab2bb42083392d9ac0d73b23b8998ec0cf4bee0bf724b,6278,528272de0eef95e12ecb8a66ffc299bf31783b84edfeff3c59a15019dbdbbcaa,2.074213134584113e-08
d03E,140161d99a424b2d367d4c07c1b00a91c1d35713406c144e33003cf551109d48,140161d99a424b2d367d4c07c1b00a91c1d35713406c144e33003cf551109d48:1429,1429,6302,d31c3d9888d385a3d0f153e4efd4348e419c79e3a1badd5263ee64760ee8b73d,6302,30cf802dd668eecbb0d125dc77ab5d9b21f8ca26b6ed2e562684020fc846287f,2.00494905122639e-08
d03E,140161d99a424b2d367d4c07c1b00a91c1d35713406c144e33003cf551109d48,140161d99a424b2d367d4c07c1b00a91c1d35713406c144e33003cf551109d48:1430,1430,6306,6aefdbaeec850f09aee4ef664f2bde23d6a235d7503687d29808e1b669167380,6306,480a66b9337c02f549b10add82d8ffec515fc4a7ddd7cf044adb74c191cb1ced,2.8181863953591346e-08
d03E,140161d99a424b2d367d4c07c1b00a91c1d35713406c144e33003cf551109d48,140161d99a424b2d367d4c07c1b00a91c1d35713406c144e33003cf551109d48:1431,1431,6306,3d9ed5ea301211d0a908b4709eea3cf3439b0f47076686d8408ecb659b4c8616,6306,480a66b9337c02f549b10add82d8ffec515fc4a7ddd7cf044adb74c191cb1ced,1.6521619627951623e-08
d03E,140161d99a424b2d367d4c07c1b00a91c1d35713406c144e33003cf551109d48,140161d99a424b2d367d4c07c1b00a91c1d35713406c144e33003cf551109d48:1432,1432,6306,3948bbc9a4cba58625592db62a1f5f0702502898ea79f4a71603168415f32cee,6306,480a66b9337c02f549b10add82d8ffec515fc4a7ddd7cf044adb74c191cb1ced,2.8181863953591346e-08
d03E,140161d99a424b2d367d4c07c1b00a91c1d35713406c144e33003cf551109d48,140161d99a424b2d367d4c07c1b00a91c1d35713406c144e33003cf551109d48:1433,1433,6306,bea2fab76e0f2662101809be60ffab5e35a4870117d81bba6fcf0cc63ce7055f,6306,480a66b9337c02f549b10add82d8ffec515fc4a7ddd7cf044adb74c191cb1ced,2.8181863953591346e-08
d03E,140161d99a424b2d367d4c07c1b00a91c1d35713406c144e33003cf551109d48,140161d99a424b2d367d4c07c1b00a91c1d35713406c144e33003cf551109d48:1434,1434,6306,5f69f6e832219c548e6ea78d188a193fb3b315a00433ee9aa791edc1974d8e09,6306,480a66b9337c02f549b10add82d8ffec515fc4a7ddd7cf044adb74c191cb1ced,2.8181863953591346e-08
d03E,140161d99a424b2d367d4c07c1b00a91c1d35713406c144e33003cf551109d48,140161d99a424b2d367d4c07c1b00a91c1d35713406c144e33003cf551109d48:1435,1435,6306,c420ea22788a3ecae659116af0ff98df48489aeb4d1175fb919aab8ed1765c3f,6306,480a66b9337c02f549b10add82d8ffec515fc4a7ddd7cf044adb74c191cb1ced,2.8181863953591346e-08
d03E,140161d99a424b2d367d4c07c1b00a91c1d35713406c144e33003cf551109d48,140161d99a424b2d367d4c07c1b00a91c1d35713406c144e33003cf551109d48:1436,1436,6306,28eaa908d20ff9f3aed3b87a3e19a568fee49342fbf9b769cc0a73fb6a0de68d,6306,480a66b9337c02f549b10add82d8ffec515fc4a7ddd7cf044adb74c191cb1ced,2.8181863953591346e-08
d03E,140161d99a424b2d367d4c07c1b00a91c1d35713406c144e33003cf551109d48,140161d99a424b2d367d4c07c1b00a91c1d35713406c144e33003cf551109d48:1437,1437,6308,a9e81d86d70a48546990e812f9b751e356f7e6fcfca8241daca6f6047c3e7db7,6308,9158e4f3f1f8512e8986fd1d6ba1b5fd30c50ba0ecf088aabe74b158dca20d84,2.3701213436311264e-08
d03E,140161d99a424b2d367d4c07c1b00a91c1d35713406c144e33003cf551109d48,140161d99a424b2d367d4c07c1b00a91c1d35713406c144e33003cf551109d48:1438,1438,6308,f5f4ea406650681b35377c3b4ded295c352322fc7fc5349b4aa18e2cd0fba861,6308,9158e4f3f1f8512e8986fd1d6ba1b5fd30c50ba0ecf088aabe74b158dca20d84,2.3701213436311264e-08
d03E,140161d99a424b2d367d4c07c1b00a91c1d35713406c144e33003cf551109d48,140161d99a424b2d367d4c07c1b00a91c1d35713406c144e33003cf551109d48:1439,1439,6308,96de6e112e73b9c4371f57b298c98c9de7d9c585421de4e1ab81f009e9702bbc,6308,9158e4f3f1f8512e8986fd1d6ba1b5fd30c50ba0ecf088aabe74b158dca20d84,2.3701213436311264e-08
d03E,140161d99a424b2d367d4c07c1b00a91c1d35713406c144e33003cf551109d48,140161d99a424b2d367d4c07c1b00a91c1d35713406c144e33003cf551109d48:1440,1440,6308,b194e0cc19772ae5644dc720143443fa97414c4e04e67dc3594776cd5e96841e,6308,9158e4f3f1f8512e8986fd1d6ba1b5fd30c50ba0ecf088aabe74b158dca20d84,1.3551689548307877e-08
d03E,140161d99a424b2d367d4c07c1b00a91c1d35713406c144e33003cf551109d48,140161d99a424b2d367d4c07c1b00a91c1d35713406c144e33003cf551109d48:1441,1441,6313,72cc4fdb03f0c8109ac5b1de3efcc3f148676babd30145b19b03718d09cf41d7,6313,37d6beb45e057b37c204185bc2a6a4a59a21af6183ba4ad2376b57ff469cd2cc,1.2451423669901374e-08
d03E,140161d99a424b2d367d4c07c1b00a91c1d35713406c144e33003cf551109d48,140161d99a424b2d367d4c07c1b00a91c1d35713406c144e33003cf551109d48:1442,1442,6313,acf717d480e4a4b8f075638a26897c6710e2492f08eb50a435265ceb6d14b1d9,6313,37d6beb45e057b37c204185bc2a6a4a59a21af6183ba4ad2376b57ff469cd2cc,1.0894656510274103e-08
d03E,140161d99a424b2d367d4c07c1b00a91c1d35713406c144e33003cf551109d48,140161d99a424b2d367d4c07c1b00a91c1d35713406c144e33003cf551109d48:1443,1443,6313,798c6f3b18b9a59c12b5738be2cfa60af1d8a211985d99c20a14cc4fc8eeb553,6313,37d6beb45e057b37c204185bc2a6a4a59a21af6183ba4ad2376b57ff469cd2cc,2.2769019336621454e-08
d03E,140161d99a424b2d367d4c07c1b00a91c1d35713406c144e33003cf551109d48,140161d99a424b2d367d4c07c1b00a91c1d35713406c144e33003cf551109d48:1444,1444,6313,798c6f3b18b9a59c12b5738be2cfa60af1d8a211985d99c20a14cc4fc8eeb553,6313,37d6beb45e057b37c204185bc2a6a4a59a21af6183ba4ad2376b57ff469cd2cc,2.2769019336621454e-08
d03E,140161d99a424b2d367d4c07c1b00a91c1d35713406c144e33003cf551109d48,140161d99a424b2d367d4c07c1b00a91c1d35713406c144e33003cf551109d48:1445,1445,6313,acf717d480e4a4b8f075638a26897c6710e2492f08eb50a435265ceb6d14b1d9,6313,37d6beb45e057b37c204185bc2a6a4a59a21af6183ba4ad2376b57ff469cd2cc,1.0894656510274103e-08
d03E,140161d99a424b2d367d4c07c1b00a91c1d35713406c144e33003cf551109d48,140161d99a424b2d367d4c07c1b00a91c1d35713406c144e33003cf551109d48:1446,1446,6313,acf717d480e4a4b8f075638a26897c6710e2492f08eb50a435265ceb6d14b1d9,6313,37d6beb45e057b37c204185bc2a6a4a59a21af6183ba4ad2376b57ff469cd2cc,1.0894656510274103e-08
d03E,140161d99a424b2d367d4c07c1b00a91c1d35713406c144e33003cf551109d48,140161d99a424b2d367d4c07c1b00a91c1d35713406c144e33003cf551109d48:1447,1447,6361,1a5a1ff5ad35960e6f1bed2b1c7c891590fe8b2f8fd5dc9eb4cfdc1d1b64daea,6361,c5a42becfb0cf20e800ccdc77e3b387cb56d50600546f3683404dfbb8b2b8098,1.2778886615549823e-08
d03E,140161d99a424b2d367d4c07c1b00a91c1d35713406c144e33003cf551109d48,140161d99a424b2d367d4c07c1b00a91c1d35713406c144e33003cf551109d48:1448,1448,6361,ae44588b58eb62b5aa60a8d47978d767dfa54a1003c76d6f3ab3c5a6ba1fbffa,6361,c5a42becfb0cf20e800ccdc77e3b387cb56d50600546f3683404dfbb8b2b8098,8.957239394646876e-09
d03E,140161d99a424b2d367d4c07c1b00a91c1d35713406c144e33003cf551109d48,140161d99a424b2d367d4c07c1b00a91c1d35713406c144e33003cf551109d48:1449,1449,6361,6ef97a79f2326aed2d3906a6467e4e53f71e9c13265b19e6e1dc4cf290194482,6361,c5a42becfb0cf20e800ccdc77e3b387cb56d50600546f3683404dfbb8b2b8098,1.3394502396124608e-08
d03E,140161d99a424b2d367d4c07c1b00a91c1d35713406c144e33003cf551109d48,140161d99a424b2d367d4c07c1b00a91c1d35713406c144e33003cf551109d48:1450,1450,6361,b9c11bc150a4ab75f448ed3cc3793f2c0eb43dfbde3295b666b5195177063f73,6361,c5a42becfb0cf20e800ccdc77e3b387cb56d50600546f3683404dfbb8b2b8098,2.4851461777330996e-08
d03E,140161d99a424b2d367d4c07c1b00a91c1d35713406c144e33003cf551109d48,140161d99a424b2d367d4c07c1b00a91c1d35713406c144e33003cf551109d48:1451,1451,6361,4f93c7f350795a6374a1909d24e44bb2ad54e2090db918e9f761085255fc4680,6361,c5a42becfb0cf20e800ccdc77e3b387cb56d50600546f3683404dfbb8b2b8098,1.521328507614328e-08
d03E,140161d99a424b2d367d4c07c1b00a91c1d35713406c144e33003cf551109d48,140161d99a424b2d367d4c07c1b00a91c1d35713406c144e33003cf551109d48:1452,1452,6361,10a19c388cd53ce603e967a7215213f9115b0b6d9b40308e0903d48b43dccd1c,6361,c5a42becfb0cf20e800ccdc77e3b387cb56d50600546f3683404dfbb8b2b8098,2.2305403080125075e-08
d03E,140161d99a424b2d367d4c07c1b00a91c1d35713406c144e33003cf551109d48,140161d99a424b2d367d4c07c1b00a91c1d35713406c144e33003cf551109d48:1453,1453,6361,1a5a1ff5ad35960e6f1bed2b1c7c891590fe8b2f8fd5dc9eb4cfdc1d1b64daea,6361,c5a42becfb0cf20e800ccdc77e3b387cb56d50600546f3683404dfbb8b2b8098,1.2778886615549823e-08
d03E,140161d99a424b2d367d4c07c1b00a91c1d35713406c144e33003cf551109d48,140161d99a424b2d367d4c07c1b00a91c1d35713406c144e33003cf551109d48:1454,1454,6361,6ef97a79f2326aed2d3906a6467e4e53f71e9c13265b19e6e1dc4cf290194482,6361,c5a42becfb0cf20e800ccdc77e3b387cb56d50600546f3683404dfbb8b2b8098,1.3394502396124608e-08
d03E,140161d99a424b2d367d4c07c1b00a91c1d35713406c144e33003cf551109d48,140161d99a424b2d367d4c07c1b00a91c1d35713406c144e33003cf551109d48:1455,1455,6361,ea015ecef52c9bc0938e4ddfb6645ca0f61ac566fa5918b4155ced0716f7758d,6361,c5a42becfb0cf20e800ccdc77e3b387cb56d50600546f3683404dfbb8b2b8098,2.6336661518300275e-08
d03E,140161d99a424b2d367d4c07c1b00a91c1d35713406c144e33003cf551109d48,140161d99a424b2d367d4c07c1b00a91c1d35713406c144e33003cf551109d48:1456,1456,6361,ea015ecef52c9bc0938e4ddfb6645ca0f61ac566fa5918b4155ced0716f7758d,6361,c5a42becfb0cf20e800ccdc77e3b387cb56d50600546f3683404dfbb8b2b8098,2.6336661518300275e-08
d03E,140161d99a424b2d367d4c07c1b00a91c1d35713406c144e33003cf551109d48,140161d99a424b2d367d4c07c1b00a91c1d35713406c144e33003cf551109d48:1457,1457,6382,747a7e45fe865dedd7922a71e591df1fdb47fe681083af4425068dcff122d753,6382,14b6a98081c1bd7be34b718aed4e5491b0cd6f19092af246021659c5687a2033,2.761980444354606e-08
d03E,140161d99a424b2d367d4c07c1b00a91c1d35713406c144e33003cf551109d48,140161d99a424b2d367d4c07c1b00a91c1d35713406c144e33003cf551109d48:1458,1458,6382,ca11f0421405e7f14852abf7d59e5165810d07c78c4225944bbe74c0c152d50c,6382,14b6a98081c1bd7be34b718aed4e5491b0cd6f19092af246021659c5687a2033,2.761980444354606e-08
d03E,140161d99a424b2d367d4c07c1b00a91c1d35713406c144e33003cf551109d48,140161d99a424b2d367d4c07c1b00a91c1d35713406c144e33003cf551109d48:1459,1459,6382,ce594c9ff03a787912890f98dca0c686b6c5899be5deb0a60ed79cd664ce4422,6382,14b6a98081c1bd7be34b718aed4e5491b0cd6f19092af246021659c5687a2033,2.8259550033382652e-08
d03E,140161d99a424b2d367d4c07c1b00a91c1d35713406c144e33003cf551109d48,140161d99a424b2d367d4c07c1b00a91c1d35713406c144e33003cf551109d48:1460,1460,6389,eb8bf2b9be2a286f9569211ed4e71b01c046c37b0e06aa539a6603871c3cbc95,6389,7d1f508714e4a2747ba1fb6302f169c90b086f2695e5d369feaf84f4c6282063,2.829488798816726e-08
d03E,140161d99a424b2d367d4c07c1b00a91c1d35713406c144e33003cf551109d48,140161d99a424b2d367d4c07c1b00a91c1d35713406c144e33003cf551109d48:1461,1461,6389,d1c520d07b76106e00925a91aa2580665153f3a99334ce50c6c905cc8dd9dd44,6389,7d1f508714e4a2747ba1fb6302f169c90b086f2695e5d369feaf84f4c6282063,2.829488798816726e-08
d03E,140161d99a424b2d367d4c07c1b00a91c1d35713406c144e33003cf551109d48,140161d99a424b2d367d4c07c1b00a91c1d35713406c144e33003cf551109d48:1462,1462,6389,d1c520d07b76106e00925a91aa2580665153f3a99334ce50c6c905cc8dd9dd44,6389,7d1f508714e4a2747ba1fb6302f169c90b086f2695e5d369feaf84f4c6282063,2.829488798816726e-08
d03E,140161d99a424b2d367d4c07c1b00a91c1d35713406c144e33003cf551109d48,140161d99a424b2d367d4c07c1b00a91c1d35713406c144e33003cf551109d48:1463,1463,6389,5f217766d05589e1d75c50f1e362ef0d7f31c1dad65839634aab600db860b350,6389,7d1f508714e4a2747ba1fb6302f169c90b086f2695e5d369feaf84f4c6282063,1.5610795323084403e-08
d03E,140161d99a424b2d367d4c07c1b00a91c1d35713406c144e33003cf551109d48,140161d99a424b2d367d4c07c1b00a91c1d35713406c144e33003cf551109d48:1464,1464,6425,4be870d48465e1fe225be57daaf2ce667374ffcfacf9d4f0cb12b0c6e50e4008,6425,fae7fcc1adf39e0a1ef02d9cdbc447b6b880c4a0af90da6ae78f7b7ca8b0f4c5,2.7062256435783638e-08
d03E,140161d99a424b2d367d4c07c1b00a91c1d35713406c144e33003cf551109d48,140161d99a424b2d367d4c07c1b00a91c1d35713406c144e33003cf551109d48:1465,1465,6425,11452dd75b35e7b1e45648f33ec8c111d52a694df85235d71542610526f328f3,6425,fae7fcc1adf39e0a1ef02d9cdbc447b6b880c4a0af90da6ae78f7b7ca8b0f4c5,2.7062256435783638e-08
d03E,140161d99a424b2d367d4c07c1b00a91c1d35713406c144e33003cf551109d48,140161d99a424b2d367d4c07c1b00a91c1d35713406c144e33003cf551109d48:1466,1466,6425,566a813c1edb6565ff4fa91921c4340e35b5bf495250231bff2ac9caab6be9e0,6425,fae7fcc1adf39e0a1ef02d9cdbc447b6b880c4a0af90da6ae78f7b7ca8b0f4c5,1.5160778576994716e-08
d03E,140161d99a424b2d367d4c07c1b00a91c1d35713406c144e33003cf551109d48,140161d99a424b2d367d4c07c1b00a91c1d35713406c144e33003cf551109d48:1467,1467,6425,f0c682566e564990fe4a975b869dc1e0bd0b8305bf1e71ba108ee3747a8222a2,6425,fae7fcc1adf39e0a1ef02d9cdbc447b6b880c4a0af90da6ae78f7b7ca8b0f4c5,9.259323974220024e-09
d03E,140161d99a424b2d367d4c07c1b00a91c1d35713406c144e33003cf551109d48,140161d99a424b2d367d4c07c1b00a91c1d35713406c144e33003cf551109d48:1468,1468,6425,ee891c9ea2d740ea91c52965f76bd8ad438f74d30483630996bbc68a911e73c7,6425,fae7fcc1adf39e0a1ef02d9cdbc447b6b880c4a0af90da6ae78f7b7ca8b0f4c5,2.3590988051935824e-08
d03E,140161d99a424b2d367d4c07c1b00a91c1d35713406c144e33003cf551109d48,140161d99a424b2d367d4c07c1b00a91c1d35713406c144e33003cf551109d48:1469,1469,6425,a3a5f5fab177e8f807b66f028dae889bb787a371493507bcaffbb6b183f11492,6425,fae7fcc1adf39e0a1ef02d9cdbc447b6b880c4a0af90da6ae78f7b7ca8b0f4c5,1.6140407455011996e-08
d03E,140161d99a424b2d367d4c07c1b00a91c1d35713406c144e33003cf551109d48,140161d99a424b2d367d4c07c1b00a91c1d35713406c144e33003cf551109d48:1470,1470,6425,cc2fcd5434aff9a7137d210ff35931ecfd58bf22e927da0063071ef5b6649925,6425,fae7fcc1adf39e0a1ef02d9cdbc447b6b880c4a0af90da6ae78f7b7ca8b0f4c5,2.7062256435783638e-08
d03E,140161d99a424b2d367d4c07c1b00a91c1d35713406c144e33003cf551109d48,140161d99a424b2d367d4c07c1b00a91c1d35713406c144e33003cf551109d48:1471,1471,6425,a3a5f5fab177e8f807b66f028dae889bb787a371493507bcaffbb6b183f11492,6425,fae7fcc1adf39e0a1ef02d9cdbc447b6b880c4a0af90da6ae78f7b7ca8b0f4c5,1.6140407455011996e-08
d03E,140161d99a424b2d367d4c07c1b00a91c1d35713406c144e33003cf551109d48,140161d99a424b2d367d4c07c1b00a91c1d35713406c144e33003cf551109d48:1472,1472,6425,a3a5f5fab177e8f807b66f028dae889bb787a371493507bcaffbb6b183f11492,6425,fae7fcc1adf39e0a1ef02d9cdbc447b6b880c4a0af90da6ae78f7b7ca8b0f4c5,1.6140407455011996e-08
d03E,140161d99a424b2d367d4c07c1b00a91c1d35713406c144e33003cf551109d48,140161d99a424b2d367d4c07c1b00a91c1d35713406c144e33003cf551109d48:1473,1473,6459,12a38958b5a0fa8ca17d51a77132984cc2c9d990701e4b01ce08012859e5e580,6459,1fa29428de070ee8c99b2b11800227d4c2280d93507775211830170c0f4f26ce,2.2277702571571467e-08
d03E,140161d99a424b2d367d4c07c1b00a91c1d35713406c144e33003cf551109d48,140161d99a424b2d367d4c07c1b00a91c1d35713406c144e33003cf551109d48:1474,1474,6459,12a38958b5a0fa8ca17d51a77132984cc2c9d990701e4b01ce08012859e5e580,6459,1fa29428de070ee8c99b2b11800227d4c2280d93507775211830170c0f4f26ce,2.2277702571571467e-08
d03E,140161d99a424b2d367d4c07c1b00a91c1d35713406c144e33003cf551109d48,140161d99a424b2d367d4c07c1b00a91c1d35713406c144e33003cf551109d48:1475,1475,6463,51218e37ec9cba503e7042ad40773cded225dfa57213c5beb69b3b003e2628de,6463,195985150c464da807792b502a8c2262ec2580bc871b23b8a45f18a1dbd39f3a,3.1167390446285026e-08
d03E,140161d99a424b2d367d4c07c1b00a91c1d35713406c144e33003cf551109d48,140161d99a424b2d367d4c07c1b00a91c1d35713406c144e33003cf551109d48:1476,1476,6463,3b17187c8ef734eb242963d07f1f917cbb922d8d17947fba5a234ba97db7dc4f,6463,195985150c464da807792b502a8c2262ec2580bc871b23b8a45f18a1dbd39f3a,2.8437642685119613e-08
d03E,140161d99a424b2d367d4c07c1b00a91c1d35713406c144e33003cf551109d48,140161d99a424b2d367d4c07c1b00a91c1d35713406c144e33003cf551109d48:1477,1477,6463,3b17187c8ef734eb242963d07f1f917cbb922d8d17947fba5a234ba97db7dc4f,6463,195985150c464da807792b502a8c2262ec2580bc871b23b8a45f18a1dbd39f3a,2.8437642685119613e-08
d03E,140161d99a424b2d367d4c07c1b00a91c1d35713406c144e33003cf551109d48,140161d99a424b2d367d4c07c1b00a91c1d35713406c144e33003cf551109d48:1478,1478,6463,d8a7440202062aa3d5306854211d15c58ae45a6a7a7f9e800263ed098aab2fab,6463,195985150c464da807792b502a8c2262ec2580bc871b23b8a45f18a1dbd39f3a,2.8883549996194802e-08
d03E,140161d99a424b2d367d4c07c1b00a91c1d35713406c144e33003cf551109d48,140161d99a424b2d367d4c07c1b00a91c1d35713406c144e33003cf551109d48:1479,1479,6463,5878cc54fa7cab970387b04e55c124e20aa18cd8bc48b8219b7f23181a34f950,6463,195985150c464da807792b502a8c2262ec2580bc871b23b8a45f18a1dbd39f3a,2.0987062088195785e-08
d03E,140161d99a424b2d367d4c07c1b00a91c1d35713406c144e33003cf551109d48,140161d99a424b2d367d4c07c1b00a91c1d35713406c144e33003cf551109d48:1480,1480,6471,d934c3ca96262aa0ddf069c22c515c49b6d3664474c8766c33fec1ea1e4ee018,6471,dc2f395d901e7a81cb16bb4cd0f506b3f13ac819bcff945dd0067c7c1986719f,2.6604823455400606e-08
d03E,140161d99a424b2d367d4c07c1b00a91c1d35713406c144e33003cf551109d48,140161d99a424b2d367d4c07c1b00a91c1d35713406c144e33003cf551109d48:1481,1481,6490,2d84e4d0490685482d01c322af8c26b196ee50105bcb9011e8cb3152cc2236f1,6490,993a02419c554b4620e56db142081c7373dd1e951c2bff8d9f4f4f07f45b0e99,2.3709698981910776e-08
d03E,140161d99a424b2d367d4c07c1b00a91c1d35713406c144e33003cf551109d48,140161d99a424b2d367d4c07c1b00a91c1d35713406c144e33003cf551109d48:1482,1482,6519,81d3b8a8074f1e36dbf17258146b9741b1eeb043e0a2d2a88d711d5bae7ecf66,6519,76caaee159760e8b542c8d7076c44a757ede479421850daef9f8bd9013b76c23,2.857368675002192e-08
d03E,140161d99a424b2d367d4c07c1b00a91c1d35713406c144e33003cf551109d48,140161d99a424b2d367d4c07c1b00a91c1d35713406c144e33003cf551109d48:1483,1483,6519,5507a3d05009b3da64105273263c4809f0c0d7aebcb06e7c8f82b9d6261305d1,6519,76caaee159760e8b542c8d7076c44a757ede479421850daef9f8bd9013b76c23,2.857368675002192e-08
d03E,140161d99a424b2d367d4c07c1b00a91c1d35713406c144e33003cf551109d48,140161d99a424b2d367d4c07c1b00a91c1d35713406c144e33003cf551109d48:1484,1484,6519,9b5b2e006e9da1e67ed59a1b2e425089c27a1b5a15e3d49548f1831a403b1b12,6519,76caaee159760e8b542c8d7076c44a757ede479421850daef9f8bd9013b76c23,2.3464318044119636e-08
d03E,140161d99a424b2d367d4c07c1b00a91c1d35713406c144e33003cf551109d48,140161d99a424b2d367d4c07c1b00a91c1d35713406c144e33003cf551109d48:1485,1485,6519,0407adc748ffb10782060989d623f8ce95b18fa1a081d6c26fc9621f82eb7db7,6519,76caaee159760e8b542c8d7076c44a757ede479421850daef9f8bd9013b76c23,1.6129796831521048e-08
d03E,140161d99a424b2d367d4c07c1b00a91c1d35713406c144e33003cf551109d48,140161d99a424b2d367d4c07c1b00a91c1d35713406c144e33003cf551109d48:1486,1486,6519,f9a3b7638685fd0787ad67518e4c0fa176ed6c47fa12f22285aeb34eab6aa63c,6519,76caaee159760e8b542c8d7076c44a757ede479421850daef9f8bd9013b76c23,2.857368675002192e-08
d03E,140161d99a424b2d367d4c07c1b00a91c1d35713406c144e33003cf551109d48,140161d99a424b2d367d4c07c1b00a91c1d35713406c144e33003cf551109d48:1487,1487,6519,5507a3d05009b3da64105273263c4809f0c0d7aebcb06e7c8f82b9d6261305d1,6519,76caaee159760e8b542c8d7076c44a757ede479421850daef9f8bd9013b76c23,2.857368675002192e-08
d03E,140161d99a424b2d367d4c07c1b00a91c1d35713406c144e33003cf551109d48,140161d99a424b2d367d4c07c1b00a91c1d35713406c144e33003cf551109d48:1488,1488,6558,8ce4ebc5a0a85eff35411ebea09b756674d3d16679b356833cbe40864b216999,6558,6c1ed7735defdec4f84adeb2e863ce06b1f166fb337ce2b21598c3b135be4c05,1.9019990693536215e-08
d03E,140161d99a424b2d367d4c07c1b00a91c1d35713406c144e33003cf551109d48,140161d99a424b2d367d4c07c1b00a91c1d35713406c144e33003cf551109d48:1489,1489,6558,b2108e0a0cd3c1cc0b1439946cf104998d9a6c01d6359c878337a2025829df8d,6558,6c1ed7735defdec4f84adeb2e863ce06b1f166fb337ce2b21598c3b135be4c05,2.809515731172496e-08
d03E,140161d99a424b2d367d4c07c1b00a91c1d35713406c144e33003cf551109d48,140161d99a424b2d367d4c07c1b00a91c1d35713406c144e33003cf551109d48:1490,1490,6558,8b9d515a267ade9213fefeb3932438ff059079c470d851381c691e10c75534d0,6558,6c1ed7735defdec4f84adeb2e863ce06b1f166fb337ce2b21598c3b135be4c05,1.8854732330986224e-08
d03E,140161d99a424b2d367d4c07c1b00a91c1d35713406c144e33003cf551109d48,140161d99a424b2d367d4c07c1b00a91c1d35713406c144e33003cf551109d48:1491,1491,6558,b2108e0a0cd3c1cc0b1439946cf104998d9a6c01d6359c878337a2025829df8d,6558,6c1ed7735defdec4f84adeb2e863ce06b1f166fb337ce2b21598c3b135be4c05,2.809515731172496e-08
d03E,140161d99a424b2d367d4c07c1b00a91c1d35713406c144e33003cf551109d48,140161d99a424b2d367d4c07c1b00a91c1d35713406c144e33003cf551109d48:1492,1492,6558,8b9d515a267ade9213fefeb3932438ff059079c470d851381c691e10c75534d0,6558,6c1ed7735defdec4f84adeb2e863ce06b1f166fb337ce2b21598c3b135be4c05,1.8854732330986224e-08
d03E,140161d99a424b2d367d4c07c1b00a91c1d35713406c144e33003cf551109d48,140161d99a424b2d367d4c07c1b00a91c1d35713406c144e33003cf551109d48:1493,1493,6605,0a5d1545564d579ecf1a4904d12b29e370e77ec00d328b82696e847f2d1e354f,6605,50d4470e1997b22caace03e3f1aa50a54217e3d1a85b2fccebdba83c485c537c,2.2202112148761444e-08
d03E,140161d99a424b2d367d4c07c1b00a91c1d35713406c144e33003cf551109d48,140161d99a424b2d367d4c07c1b00a91c1d35713406c144e33003cf551109d48:1494,1494,6608,030d7a4f07a75f68d9aab3c75829287ad143fdb023ec64bf03828e312b222dfd,6608,b209d97f46509c6aea1dd3fa6cde4fa3dbcc42fbf71863b7170eb38be0c19c8c,2.0895512653495985e-08
d03E,140161d99a424b2d367d4c07c1b00a91c1d35713406c144e33003cf551109d48,140161d99a424b2d367d4c07c1b00a91c1d35713406c144e33003cf551109d48:1495,1495,6627,0e7a46cd8a307ac069453f55a69f4130ce69171b29346c38b29d412d1b70a114,6627,c460745689205a4e505299020b8f4ccccd765ea6846e17a8856e53561a0537a3,1.5075211745596562e-08
d03E,140161d99a424b2d367d4c07c1b00a91c1d35713406c144e33003cf551109d48,140161d99a424b2d367d4c07c1b00a91c1d35713406c144e33003cf551109d48:1496,1496,6627,0e7a46cd8a307ac069453f55a69f4130ce69171b29346c38b29d412d1b70a114,6627,c460745689205a4e505299020b8f4ccccd765ea6846e17a8856e53561a0537a3,1.5075211745596562e-08
d03E,140161d99a424b2d367d4c07c1b00a91c1d35713406c144e33003cf551109d48,140161d99a424b2d367d4c07c1b00a91c1d35713406c144e33003cf551109d48:1497,1497,6627,a0fcfbca62c52ee06a1f06cdb3a2f7cf640f37749f4f6570a5d34752c06a8649,6627,c460745689205a4e505299020b8f4ccccd765ea6846e17a8856e53561a0537a3,2.858303371766624e-08
d03E,140161d99a424b2d367d4c07c1b00a91c1d35713406c144e33003cf551109d48,140161d99a424b2d367d4c07c1b00a91c1d35713406c144e33003cf551109d48:1498,1498,6627,fc6ba41df594ca87bfdc698bd19d25ce15234fe1eab1143d329923a508b13a0c,6627,c460745689205a4e505299020b8f4ccccd765ea6846e17a8856e53561a0537a3,1.3006981491869851e-08
d03E,140161d99a424b2d367d4c07c1b00a91c1d35713406c144e33003cf551109d48,140161d99a424b2d367d4c07c1b00a91c1d35713406c144e33003cf551109d48:1499,1499,6627,1cd1b5d18f70606e785e17f4a55fed393a339dfad7a1a154996fa62b9625b805,6627,c460745689205a4e505299020b8f4ccccd765ea6846e17a8856e53561a0537a3,2.683430411209997e-08
d03E,140161d99a424b2d367d4c07c1b00a91c1d35713406c144e33003cf551109d48,140161d99a424b2d367d4c07c1b00a91c1d35713406c144e33003cf551109d48:1500,1500,6627,0e7a46cd8a307ac069453f55a69f4130ce69171b29346c38b29d412d1b70a114,6627,c460745689205a4e505299020b8f4ccccd765ea6846e17a8856e53561a0537a3,1.5075211745596562e-08
d03E,140161d99a424b2d367d4c07c1b00a91c1d35713406c144e33003cf551109d48,140161d99a424b2d367d4c07c1b00a91c1d35713406c144e33003cf551109d48:1501,1501,6627,01afb8e8c1858cc23c88cd558dabccd9e981f0dab7ad5fb64a4f2faa592b5a42,6627,c460745689205a4e505299020b8f4ccccd765ea6846e17a8856e53561a0537a3,1.836723939607765e-08
d03E,140161d99a424b2d367d4c07c1b00a91c1d35713406c144e33003cf551109d48,140161d99a424b2d367d4c07c1b00a91c1d35713406c144e33003cf551109d48:1502,1502,6635,7fe9ba6d6834e40d2cd51bb2d4a5634f94de36b35b357ee5756be3cb572a8c36,6635,c57c3ef437c3aacde55147407dd7187241449582a9e132f0dd1ba0b0523c2db3,2.5843018613969093e-08
d03E,140161d99a424b2d367d4c07c1b00a91c1d35713406c144e33003cf551109d48,140161d99a424b2d367d4c07c1b00a91c1d35713406c144e33003cf551109d48:1503,1503,6635,82d3be1f10046b6d6700617b541a1808bdba94e3c2bcfc44fb50c11a865cbf17,6635,c57c3ef437c3aacde55147407dd7187241449582a9e132f0dd1ba0b0523c2db3,1.8860464967573876e-08
d03E,140161d99a424b2d367d4c07c1b00a91c1d35713406c144e33003cf551109d48,140161d99a424b2d367d4c07c1b00a91c1d35713406c144e33003cf551109d48:1504,1504,6635,8333419d03bd51c1d483055168fd590072a1ba011f4e2ffbc88b823be062a551,6635,c57c3ef437c3aacde55147407dd7187241449582a9e132f0dd1ba0b0523c2db3,2.5843018613969093e-08
d03E,140161d99a424b2d367d4c07c1b00a91c1d35713406c144e33003cf551109d48,140161d99a424b2d367d4c07c1b00a91c1d35713406c144e33003cf551109d48:1505,1505,6635,8dfc21cf0dbf434d293d378b494ba3178bfa5901fc2e4035c53c1cf34269434d,6635,c57c3ef437c3aacde55147407dd7187241449582a9e132f0dd1ba0b0523c2db3,2.3114897329534756e-08
d03E,140161d99a424b2d367d4c07c1b00a91c1d35713406c144e33003cf551109d48,140161d99a424b2d367d4c07c1b00a91c1d35713406c144e33003cf551109d48:1506,1506,6635,34f19b1b72000d9d38ae6fca2d802acd85172aa8c16e10995d60025a1767d2dd,6635,c57c3ef437c3aacde55147407dd7187241449582a9e132f0dd1ba0b0523c2db3,2.5843018613969093e-08
d03E,140161d99a424b2d367d4c07c1b00a91c1d35713406c144e33003cf551109d48,140161d99a424b2d367d4c07c1b00a91c1d35713406c144e33003cf551109d48:1507,1507,6635,8333419d03bd51c1d483055168fd590072a1ba011f4e2ffbc88b823be062a551,6635,c57c3ef437c3aacde55147407dd7187241449582a9e132f0dd1ba0b0523c2db3,2.5843018613969093e-08
d03E,140161d99a424b2d367d4c07c1b00a91c1d35713406c144e33003cf551109d48,140161d99a424b2d367d4c07c1b00a91c1d35713406c144e33003cf551109d48:1508,1508,6635,7ea7dee5c3953ad1b547468e875ec7c676816763609c2dcdd3791860f39629a0,6635,c57c3ef437c3aacde55147407dd7187241449582a9e132f0dd1ba0b0523c2db3,1.3222994810213606e-08
d03E,140161d99a424b2d367d4c07c1b00a91c1d35713406c144e33003cf551109d48,140161d99a424b2d367d4c07c1b00a91c1d35713406c144e33003cf551109d48:1509,1509,6635,a53bb120e7ecd8f9a0a6a3049157e7c951d85a764c0ac4d9aeff29293aab70ec,6635,c57c3ef437c3aacde55147407dd7187241449582a9e132f0dd1ba0b0523c2db3,2.777151020261215e-08
d03E,140161d99a424b2d367d4c07c1b00a91c1d35713406c144e33003cf551109d48,140161d99a424b2d367d4c07c1b00a91c1d35713406c144e33003cf551109d48:1510,1510,6651,5b17511cb3a6aa90f2a5fa951e6b15b2c18f6790a52d0c0b5abc623739ea82ca,6651,94e887cfa120d2fb24a5eb2c8301733527f3e92cae48765b0f9a9bf82da4621d,3.066510201321648e-08
d03E,140161d99a424b2d367d4c07c1b00a91c1d35713406c144e33003cf551109d48,140161d99a424b2d367d4c07c1b00a91c1d35713406c144e33003cf551109d48:1511,1511,6651,010c830975518220ae62c8bec673ce0fc9155bfe74ea332d03d1bb8ee82a830e,6651,94e887cfa120d2fb24a5eb2c8301733527f3e92cae48765b0f9a9bf82da4621d,2.8939542762174142e-08
d03E,140161d99a424b2d367d4c07c1b00a91c1d35713406c144e33003cf551109d48,140161d99a424b2d367d4c07c1b00a91c1d35713406c144e33003cf551109d48:1512,1512,6651,6ab81afb8777bccf73f1d2dc8c90e40eeb6a044eb3d804eb06e509b086ee42b2,6651,94e887cfa120d2fb24a5eb2c8301733527f3e92cae48765b0f9a9bf82da4621d,2.2575887381748316e-08
d03E,140161d99a424b2d367d4c07c1b00a91c1d35713406c144e33003cf551109d48,140161d99a424b2d367d4c07c1b00a91c1d35713406c144e33003cf551109d48:1513,1513,6651,1b103a5eccae8d7a165e276482980e7fcfe1bc62427071117fab195cb8352718,6651,94e887cfa120d2fb24a5eb2c8301733527f3e92cae48765b0f9a9bf82da4621d,2.872110582696763e-08
d03E,140161d99a424b2d367d4c07c1b00a91c1d35713406c144e33003cf551109d48,140161d99a424b2d367d4c07c1b00a91c1d35713406c144e33003cf551109d48:1514,1514,6651,fdbf0156e6e77de8fff67e4e9a117db150ff2f4a47cdb48f25330f1ee8515655,6651,94e887cfa120d2fb24a5eb2c8301733527f3e92cae48765b0f9a9bf82da4621d,2.8939542762174142e-08
d03E,140161d99a424b2d367d4c07c1b00a91c1d35713406c144e33003cf551109d48,140161d99a424b2d367d4c07c1b00a91c1d35713406c144e33003cf551109d48:1515,1515,6651,243e10473d6b4b70008a68867baa5706684a69e323c13a2912ee36213dc06062,6651,94e887cfa120d2fb24a5eb2c8301733527f3e92cae48765b0f9a9bf82da4621d,3.066510201321648e-08
d03E,140161d99a424b2d367d4c07c1b00a91c1d35713406c144e33003cf551109d48,140161d99a424b2d367d4c07c1b00a91c1d35713406c144e33003cf551109d48:1516,1516,6651,406bdf56ed5e23ac25e60b675ffd4e8340bde8229578b013ad51113d69876a9f,6651,94e887cfa120d2fb24a5eb2c8301733527f3e92cae48765b0f9a9bf82da4621d,2.3972871243671534e-08
d03E,140161d99a424b2d367d4c07c1b00a91c1d35713406c144e33003cf551109d48,140161d99a424b2d367d4c07c1b00a91c1d35713406c144e33003cf551109d48:1517,1517,6651,459f994422c2e626a48d676217f038d03047fea19d7b92751163c9571d8fecff,6651,94e887cfa120d2fb24a5eb2c8301733527f3e92cae48765b0f9a9bf82da4621d,1.8384935795978663e-08
d03E,140161d99a424b2d367d4c07c1b00a91c1d35713406c144e33003cf551109d48,140161d99a424b2d367d4c07c1b00a91c1d35713406c144e33003cf551109d48:1518,1518,6654,4c9b517e2c90fff84919dba418adcf988cdd40f3637a47fc27f8b38db3a07500,6654,636c5a53cbcd181ffd754447c3ad83a7ca99055aa2ddfa513a8dbfc8d8f88dda,2.9383296018536953e-08
d03E,140161d99a424b2d367d4c07c1b00a91c1d35713406c144e33003cf551109d48,140161d99a424b2d367d4c07c1b00a91c1d35713406c144e33003cf551109d48:1519,1519,6654,c5cf05a2d9c2f56efe18273a97b07b5ffeb09f84a03f8bf5af14203eb16ab894,6654,636c5a53cbcd181ffd754447c3ad83a7ca99055aa2ddfa513a8dbfc8d8f88dda,2.0051298621481806e-08
d03E,140161d99a424b2d367d4c07c1b00a91c1d35713406c144e33003cf551109d48,140161d99a424b2d367d4c07c1b00a91c1d35713406c144e33003cf551109d48:1520,1520,6654,be4908d35e8a16e25a806ac7635271f872fdacb103d1d6e3f8666bbaeaee9060,6654,636c5a53cbcd181ffd754447c3ad83a7ca99055aa2ddfa513a8dbfc8d8f88dda,3.0045838705916594e-08
d03E,140161d99a424b2d367d4c07c1b00a91c1d35713406c144e33003cf551109d48,140161d99a424b2d367d4c07c1b00a91c1d35713406c144e33003cf551109d48:1521,1521,6711,a8ff7cc15a81ad9a23165eaaeb7b6e6737a9a4d924715e2bcd760196a7b21211,6711,52fb7f9e35e913e0c6c560410e83222d429b9eb5c3e461c0e27b10531a5cc079,2.6725479607137004e-08
d03E,140161d99a424b2d367d4c07c1b00a91c1d35713406c144e33003cf551109d48,140161d99a424b2d367d4c07c1b00a91c1d35713406c144e33003cf551109d48:1522,1522,6711,1e14b87c60572b213ed825ff7935c780c3e3a32e4a8a40a9f54fdeef91968c5e,6711,52fb7f9e35e913e0c6c560410e83222d429b9eb5c3e461c0e27b10531a5cc079,2.6612035242123966e-08
d03E,140161d99a424b2d367d4c07c1b00a91c1d35713406c144e33003cf551109d48,140161d99a424b2d367d4c07c1b00a91c1d35713406c144e33003cf551109d48:1523,1523,6711,ffd3269b3935f95419864197a0720b8546a5ca0bb3591d7c7d8b7956e157206c,6711,52fb7f9e35e913e0c6c560410e83222d429b9eb5c3e461c0e27b10531a5cc079,2.4681406918247717e-08
d03E,140161d99a424b2d367d4c07c1b00a91c1d35713406c144e33003cf551109d48,140161d99a424b2d367d4c07c1b00a91c1d35713406c144e33003cf551109d48:1524,1524,6711,8f4c5a713694b189ff40e8d02df75c317384002b65447bb230cdc6808209a519,6711,52fb7f9e35e913e0c6c560410e83222d429b9eb5c3e461c0e27b10531a5cc079,1.9274899010213176e-08
d03E,140161d99a424b2d367d4c07c1b00a91c1d35713406c144e33003cf551109d48,140161d99a424b2d367d4c07c1b00a91c1d35713406c144e33003cf551109d48:1525,1525,6711,8f4c5a713694b189ff40e8d02df75c317384002b65447bb230cdc6808209a519,6711,52fb7f9e35e913e0c6c560410e83222d429b9eb5c3e461c0e27b10531a5cc079,1.9274899010213176e-08
d03E,140161d99a424b2d367d4c07c1b00a91c1d35713406c144e33003cf551109d48,140161d99a424b2d367d4c07c1b00a91c1d35713406c144e33003cf551109d48:1526,1526,6711,ffd3269b3935f95419864197a0720b8546a5ca0bb3591d7c7d8b7956e157206c,6711,52fb7f9e35e913e0c6c560410e83222d429b9eb5c3e461c0e27b10531a5cc079,2.4681406918247717e-08
d03E,140161d99a424b2d367d4c07c1b00a91c1d35713406c144e33003cf551109d48,140161d99a424b2d367d4c07c1b00a91c1d35713406c144e33003cf551109d48:1527,1527,6711,85aa661ce93c6759ef0b56b5a395cfdb3d43b4e22c9652b14cab295d38f7826a,6711,52fb7f9e35e913e0c6c560410e83222d429b9eb5c3e461c0e27b10531a5cc079,3.0849815924050006e-08
d03E,140161d99a424b2d367d4c07c1b00a91c1d35713406c144e33003cf551109d48,140161d99a424b2d367d4c07c1b00a91c1d35713406c144e33003cf551109d48:1528,1528,6716,689ae6d967dcc1839966bf7b0d53d42845b8bbe7767955d66b501f3b24041c18,6716,6b1d84f9213ddc1da89f56ea074775a22802af75f4fbddcb749e8a5c61847cb2,1.5122779251086627e-08
d03E,140161d99a424b2d367d4c07c1b00a91c1d35713406c144e33003cf551109d48,140161d99a424b2d367d4c07c1b00a91c1d35713406c144e33003cf551109d48:1529,1529,6716,689ae6d967dcc1839966bf7b0d53d42845b8bbe7767955d66b501f3b24041c18,6716,6b1d84f9213ddc1da89f56ea074775a22802af75f4fbddcb749e8a5c61847cb2,1.5122779251086627e-08
d03E,140161d99a424b2d367d4c07c1b00a91c1d35713406c144e33003cf551109d48,140161d99a424b2d367d4c07c1b00a91c1d35713406c144e33003cf551109d48:1530,1530,6716,5673ece58346d3d5448c25068c5334af9e6e7db649755a57a191b76ed202a158,6716,6b1d84f9213ddc1da89f56ea074775a22802af75f4fbddcb749e8a5c61847cb2,3.33784120343239e-08
d03E,140161d99a424b2d367d4c07c1b00a91c1d35713406c144e33003cf551109d48,140161d99a424b2d367d4c07c1b00a91c1d35713406c144e33003cf551109d48:1531,1531,6716,c9eccdf8dfaae6a30459260c8ea708a4fb70333d4ac2f0adffd9add9a18add2e,6716,6b1d84f9213ddc1da89f56ea074775a22802af75f4fbddcb749e8a5c61847cb2,3.33784120343239e-08
d03E,140161d99a424b2d367d4c07c1b00a91c1d35713406c144e33003cf551109d48,140161d99a424b2d367d4c07c1b00a91c1d35713406c144e33003cf551109d48:1532,1532,6716,5673ece58346d3d5448c25068c5334af9e6e7db649755a57a191b76ed202a158,6716,6b1d84f9213ddc1da89f56ea074775a22802af75f4fbddcb749e8a5c61847cb2,3.33784120343239e-08
d03E,140161d99a424b2d367d4c07c1b00a91c1d35713406c144e33003cf551109d48,140161d99a424b2d367d4c07c1b00a91c1d35713406c144e33003cf551109d48:1533,1533,6716,c9eccdf8dfaae6a30459260c8ea708a4fb70333d4ac2f0adffd9add9a18add2e,6716,6b1d84f9213ddc1da89f56ea074775a22802af75f4fbddcb749e8a5c61847cb2,3.33784120343239e-08
d03E,140161d99a424b2d367d4c07c1b00a91c1d35713406c144e33003cf551109d48,140161d99a424b2d367d4c07c1b00a91c1d35713406c144e33003cf551109d48:1534,1534,6716,5673ece58346d3d5448c25068c5334af9e6e7db649755a57a191b76ed202a158,6716,6b1d84f9213ddc1da89f56ea074775a22802af75f4fbddcb749e8a5c61847cb2,3.33784120343239e-08
d03E,140161d99a424b2d367d4c07c1b00a91c1d35713406c144e33003cf551109d48,140161d99a424b2d367d4c07c1b00a91c1d35713406c144e33003cf551109d48:1535,1535,6716,c9eccdf8dfaae6a30459260c8ea708a4fb70333d4ac2f0adffd9add9a18add2e,6716,6b1d84f9213ddc1da89f56ea074775a22802af75f4fbddcb749e8a5c61847cb2,3.33784120343239e-08
d03E,140161d99a424b2d367d4c07c1b00a91c1d35713406c144e33003cf551109d48,140161d99a424b2d367d4c07c1b00a91c1d35713406c144e33003cf551109d48:1536,1536,6716,5673ece58346d3d5448c25068c5334af9e6e7db649755a57a191b76ed202a158,6716,6b1d84f9213ddc1da89f56ea074775a22802af75f4fbddcb749e8a5c61847cb2,3.33784120343239e-08
d03E,140161d99a424b2d367d4c07c1b00a91c1d35713406c144e33003cf551109d48,140161d99a424b2d367d4c07c1b00a91c1d35713406c144e33003cf551109d48:1537,1537,6716,c9eccdf8dfaae6a30459260c8ea708a4fb70333d4ac2f0adffd9add9a18add2e,6716,6b1d84f9213ddc1da89f56ea074775a22802af75f4fbddcb749e8a5c61847cb2,3.33784120343239e-08
d03E,140161d99a424b2d367d4c07c1b00a91c1d35713406c144e33003cf551109d48,140161d99a424b2d367d4c07c1b00a91c1d35713406c144e33003cf551109d48:1538,1538,6735,6731f2ccc48d54c023fb621203b98d1eb6ba6212fd0eca0379245093640d2dfb,6735,5eb6fd54fb236935c6125b41cee467262f6d81db0234804dd5d2b3edfd624939,1.9299545850337552e-08
d03E,140161d99a424b2d367d4c07c1b00a91c1d35713406c144e33003cf551109d48,140161d99a424b2d367d4c07c1b00a91c1d35713406c144e33003cf551109d48:1539,1539,6735,739eb7077bb569151613ceb1ef03665c7b0db6147b969fdd1c19ccf05face49f,6735,5eb6fd54fb236935c6125b41cee467262f6d81db0234804dd5d2b3edfd624939,1.547617256569822e-08
d03E,140161d99a424b2d367d4c07c1b00a91c1d35713406c144e33003cf551109d48,140161d99a424b2d367d4c07c1b00a91c1d35713406c144e33003cf551109d48:1540,1540,6735,eeb2771948c134f9477be1f8de17981748dba6335696daa6cb74019c70f47798,6735,5eb6fd54fb236935c6125b41cee467262f6d81db0234804dd5d2b3edfd624939,2.5403937731205417e-08
d03E,140161d99a424b2d367d4c07c1b00a91c1d35713406c144e33003cf551109d48,140161d99a424b2d367d4c07c1b00a91c1d35713406c144e33003cf551109d48:1541,1541,6735,b1edfe20c22d60b0d109d0df35b02c97598810d05a2e0de372554771b630d68b,6735,5eb6fd54fb236935c6125b41cee467262f6d81db0234804dd5d2b3edfd624939,2.7007869052297906e-08
d03E,140161d99a424b2d367d4c07c1b00a91c1d35713406c144e33003cf551109d48,140161d99a424b2d367d4c07c1b00a91c1d35713406c144e33003cf551109d48:1542,1542,6735,a7d3dee1b814ef0071193b6c90608a3d7a758b03e640f808c164be4c14e4694c,6735,5eb6fd54fb236935c6125b41cee467262f6d81db0234804dd5d2b3edfd624939,2.8371588745024212e-08
d03E,140161d99a424b2d367d4c07c1b00a91c1d35713406c144e33003cf551109d48,140161d99a424b2d367d4c07c1b00a91c1d35713406c144e33003cf551109d48:1543,1543,6735,0cb90e38ce6f45e82611c9383dee068267f2b43cdcde45711b403275488e7f9d,6735,5eb6fd54fb236935c6125b41cee467262f6d81db0234804dd5d2b3edfd624939,3.037733375954588e-08
d03E,140161d99a424b2d367d4c07c1b00a91c1d35713406c144e33003cf551109d48,140161d99a424b2d367d4c07c1b00a91c1d35713406c144e33003cf551109d48:1544,1544,6735,a7d3dee1b814ef0071193b6c90608a3d7a758b03e640f808c164be4c14e4694c,6735,5eb6fd54fb236935c6125b41cee467262f6d81db0234804dd5d2b3edfd624939,2.8371588745024212e-08
d03E,140161d99a424b2d367d4c07c1b00a91c1d35713406c144e33003cf551109d48,140161d99a424b2d367d4c07c1b00a91c1d35713406c144e33003cf551109d48:1545,1545,6740,e75a7065027a6e4b199664a4711d133ce14cb5482eee84a57e1f77a1e620cb01,6740,9bd73cbf7307be23f2df2a00c0f62fab9bb05eb26643eca3309fccc93dd5787d,2.9093939923896528e-08
d03E,140161d99a424b2d367d4c07c1b00a91c1d35713406c144e33003cf551109d48,140161d99a424b2d367d4c07c1b00a91c1d35713406c144e33003cf551109d48:1546,1546,6740,fe2b3f625ea3ca1dfac43b01bc5aa25bd0fb2958547892a597b42c86e62387aa,6740,9bd73cbf7307be23f2df2a00c0f62fab9bb05eb26643eca3309fccc93dd5787d,2.9681744617704453e-08
d03E,140161d99a424b2d367d4c07c1b00a91c1d35713406c144e33003cf551109d48,140161d99a424b2d367d4c07c1b00a91c1d35713406c144e33003cf551109d48:1547,1547,6740,2677e1dbf2016f4179410bb8c6ea57ac1c54949531e4883174b80a7fd3625419,6740,9bd73cbf7307be23f2df2a00c0f62fab9bb05eb26643eca3309fccc93dd5787d,2.6835323296836577e-08
d03E,140161d99a424b2d367d4c07c1b00a91c1d35713406c144e33003cf551109d48,140161d99a424b2d367d4c07c1b00a91c1d35713406c144e33003cf551109d48:1548,1548,6740,c24e457e5516f3b2b96753faf60045f22892274737e2a4b53d7ed4e431492aef,6740,9bd73cbf7307be23f2df2a00c0f62fab9bb05eb26643eca3309fccc93dd5787d,1.9050057753489114e-08
d03E,140161d99a424b2d367d4c07c1b00a91c1d35713406c144e33003cf551109d48,140161d99a424b2d367d4c07c1b00a91c1d35713406c144e33003cf551109d48:1549,1549,6740,77bc7da297fa0b166df3e18c19b9d4bc555183428567975ab089f580910455f5,6740,9bd73cbf7307be23f2df2a00c0f62fab9bb05eb26643eca3309fccc93dd5787d,2.9093939923896528e-08
d03E,140161d99a424b2d367d4c07c1b00a91c1d35713406c144e33003cf551109d48,140161d99a424b2d367d4c07c1b00a91c1d35713406c144e33003cf551109d48:1550,1550,6740,6ee02b503ce96ede4483017588933c42bd9017935c9b99a97a884afbc782cd90,6740,9bd73cbf7307be23f2df2a00c0f62fab9bb05eb26643eca3309fccc93dd5787d,2.9093939923896528e-08
d03E,140161d99a424b2d367d4c07c1b00a91c1d35713406c144e33003cf551109d48,140161d99a424b2d367d4c07c1b00a91c1d35713406c144e33003cf551109d48:1551,1551,6740,784cc108194db61d9b88839eebb7ee9cd25f4f009f59b0230a629e9bb383e2a4,6740,9bd73cbf7307be23f2df2a00c0f62fab9bb05eb26643eca3309fccc93dd5787d,2.9681744617704453e-08
d03E,140161d99a424b2d367d4c07c1b00a91c1d35713406c144e33003cf551109d48,140161d99a424b2d367d4c07c1b00a91c1d35713406c144e33003cf551109d48:1552,1552,6740,e5f9e968e6bf905edba362616c955ad06b9246193ef27fcb29782c7c9fcd9dcc,6740,9bd73cbf7307be23f2df2a00c0f62fab9bb05eb26643eca3309fccc93dd5787d,2.9093939923896528e-08
d03E,140161d99a424b2d367d4c07c1b00a91c1d35713406c144e33003cf551109d48,140161d99a424b2d367d4c07c1b00a91c1d35713406c144e33003cf551109d48:1553,1553,6740,e75a7065027a6e4b199664a4711d133ce14cb5482eee84a57e1f77a1e620cb01,6740,9bd73cbf7307be23f2df2a00c0f62fab9bb05eb26643eca3309fccc93dd5787d,2.9093939923896528e-08
d03E,140161d99a424b2d367d4c07c1b00a91c1d35713406c144e33003cf551109d48,140161d99a424b2d367d4c07c1b00a91c1d35713406c144e33003cf551109d48:1554,1554,6740,fe2b3f625ea3ca1dfac43b01bc5aa25bd0fb2958547892a597b42c86e62387aa,6740,9bd73cbf7307be23f2df2a00c0f62fab9bb05eb26643eca3309fccc93dd5787d,2.9681744617704453e-08
d03E,140161d99a424b2d367d4c07c1b00a91c1d35713406c144e33003cf551109d48,140161d99a424b2d367d4c07c1b00a91c1d35713406c144e33003cf551109d48:1555,1555,6740,77bc7da297fa0b166df3e18c19b9d4bc555183428567975ab089f580910455f5,6740,9bd73cbf7307be23f2df2a00c0f62fab9bb05eb26643eca3309fccc93dd5787d,2.9093939923896528e-08
d03E,140161d99a424b2d367d4c07c1b00a91c1d35713406c144e33003cf551109d48,140161d99a424b2d367d4c07c1b00a91c1d35713406c144e33003cf551109d48:1556,1556,6740,27d4921a95091100124719833e2e208baae11bf83fffc7840aac2907bd416eba,6740,9bd73cbf7307be23f2df2a00c0f62fab9bb05eb26643eca3309fccc93dd5787d,2.9093939923896528e-08
d03E,140161d99a424b2d367d4c07c1b00a91c1d35713406c144e33003cf551109d48,140161d99a424b2d367d4c07c1b00a91c1d35713406c144e33003cf551109d48:1557,1557,6740,d7ccba42e47e4019690d1b3f9e345a46ae5b0d9ac6b7030c97ecd80a542ea5d2,6740,9bd73cbf7307be23f2df2a00c0f62fab9bb05eb26643eca3309fccc93dd5787d,3.1157251223490334e-08
d03E,140161d99a424b2d367d4c07c1b00a91c1d35713406c144e33003cf551109d48,140161d99a424b2d367d4c07c1b00a91c1d35713406c144e33003cf551109d48:1558,1558,6740,d471334b39457f0a365caefb182e9a70ecbac18b50d18b1ca69bbc337a5c4dcc,6740,9bd73cbf7307be23f2df2a00c0f62fab9bb05eb26643eca3309fccc93dd5787d,2.9681744617704453e-08
d03E,140161d99a424b2d367d4c07c1b00a91c1d35713406c144e33003cf551109d48,140161d99a424b2d367d4c07c1b00a91c1d35713406c144e33003cf551109d48:1559,1559,6740,36cc53959345d02cdaf008cf785d58306c9baa96c3cf2b180b8245d39b97e2e0,6740,9bd73cbf7307be23f2df2a00c0f62fab9bb05eb26643eca3309fccc93dd5787d,1.0668154581949807e-08
d03E,140161d99a424b2d367d4c07c1b00a91c1d35713406c144e33003cf551109d48,140161d99a424b2d367d4c07c1b00a91c1d35713406c144e33003cf551109d48:1560,1560,6740,77bc7da297fa0b166df3e18c19b9d4bc555183428567975ab089f580910455f5,6740,9bd73cbf7307be23f2df2a00c0f62fab9bb05eb26643eca3309fccc93dd5787d,2.9093939923896528e-08
d03E,140161d99a424b2d367d4c07c1b00a91c1d35713406c144e33003cf551109d48,140161d99a424b2d367d4c07c1b00a91c1d35713406c144e33003cf551109d48:1561,1561,6740,36cc53959345d02cdaf008cf785d58306c9baa96c3cf2b180b8245d39b97e2e0,6740,9bd73cbf7307be23f2df2a00c0f62fab9bb05eb26643eca3309fccc93dd5787d,1.0668154581949807e-08
d03E,140161d99a424b2d367d4c07c1b00a91c1d35713406c144e33003cf551109d48,140161d99a424b2d367d4c07c1b00a91c1d35713406c144e33003cf551109d48:1562,1562,6755,3d78c40e9540f0ae7685aae263b4a7eb8778e0cafe539fcfb001fdc31bb6a0d5,6755,e2a89248f445a738283a73e06705c8b70c4b289bb6947ee9a6bac4b0fe676088,1.399886573327791e-08
d03E,140161d99a424b2d367d4c07c1b00a91c1d35713406c144e33003cf551109d48,140161d99a424b2d367d4c07c1b00a91c1d35713406c144e33003cf551109d48:1563,1563,6755,3d78c40e9540f0ae7685aae263b4a7eb8778e0cafe539fcfb001fdc31bb6a0d5,6755,e2a89248f445a738283a73e06705c8b70c4b289bb6947ee9a6bac4b0fe676088,1.399886573327791e-08
d03E,140161d99a424b2d367d4c07c1b00a91c1d35713406c144e33003cf551109d48,140161d99a424b2d367d4c07c1b00a91c1d35713406c144e33003cf551109d48:1564,1564,6755,3d78c40e9540f0ae7685aae263b4a7eb8778e0cafe539fcfb001fdc31bb6a0d5,6755,e2a89248f445a738283a73e06705c8b70c4b289bb6947ee9a6bac4b0fe676088,1.399886573327791e-08
d03E,140161d99a424b2d367d4c07c1b00a91c1d35713406c144e33003cf551109d48,140161d99a424b2d367d4c07c1b00a91c1d35713406c144e33003cf551109d48:1565,1565,6755,7e3de591a065730cc4f8395b09131b1fda36b64fa864cc1baf40504703f58595,6755,e2a89248f445a738283a73e06705c8b70c4b289bb6947ee9a6bac4b0fe676088,2.224667161598859e-08
d03E,140161d99a424b2d367d4c07c1b00a91c1d35713406c144e33003cf551109d48,140161d99a424b2d367d4c07c1b00a91c1d35713406c144e33003cf551109d48:1566,1566,6755,52ab9bccea436a1654a4bd891824b69d27555c2ff38a60b23e148a8d99f43f59,6755,e2a89248f445a738283a73e06705c8b70c4b289bb6947ee9a6bac4b0fe676088,2.287767875142066e-08
d03E,140161d99a424b2d367d4c07c1b00a91c1d35713406c144e33003cf551109d48,140161d99a424b2d367d4c07c1b00a91c1d35713406c144e33003cf551109d48:1567,1567,6755,cfe3b6592788fe8ae3a00666dc9da633cc6061d24f4c8ed28ae8b2c3ee8d0eec,6755,e2a89248f445a738283a73e06705c8b70c4b289bb6947ee9a6bac4b0fe676088,2.9451425298532286e-08
d03E,140161d99a424b2d367d4c07c1b00a91c1d35713406c144e33003cf551109d48,140161d99a424b2d367d4c07c1b00a91c1d35713406c144e33003cf551109d48:1568,1568,6773,9dacde52694f07d2ff2433fe2f9112bcae141aa8b9f127cf4d8867930784aef4,6773,aa0cdf89fe64719f164c8ef708a5c1ce904e2487816813d33a7b5fb89e9568ba,1.6992181661734662e-08
d03E,140161d99a424b2d367d4c07c1b00a91c1d35713406c144e33003cf551109d48,140161d99a424b2d367d4c07c1b00a91c1d35713406c144e33003cf551109d48:1569,1569,6773,58b6cc3ec5ae3d7039e26418d669cc888b64c47ce94d19eea055722b997d1cfe,6773,aa0cdf89fe64719f164c8ef708a5c1ce904e2487816813d33a7b5fb89e9568ba,2.8105017146895506e-08
d03E,140161d99a424b2d367d4c07c1b00a91c1d35713406c144e33003cf551109d48,140161d99a424b2d367d4c07c1b00a91c1d35713406c144e33003cf551109d48:1570,1570,6773,7daf751747c74397e909e46f26e95915e4688114d37598e2380168e1367a87c2,6773,aa0cdf89fe64719f164c8ef708a5c1ce904e2487816813d33a7b5fb89e9568ba,1.6726739326955453e-08
d03E,140161d99a424b2d367d4c07c1b00a91c1d35713406c144e33003cf551109d48,140161d99a424b2d367d4c07c1b00a91c1d35713406c144e33003cf551109d48:1571,1571,6773,7daf751747c74397e909e46f26e95915e4688114d37598e2380168e1367a87c2,6773,aa0cdf89fe64719f164c8ef708a5c1ce904e2487816813d33a7b5fb89e9568ba,1.6726739326955453e-08
d03E,140161d99a424b2d367d4c07c1b00a91c1d35713406c144e33003cf551109d48,140161d99a424b2d367d4c07c1b00a91c1d35713406c144e33003cf551109d48:1572,1572,6773,18bd5845f91a2c43202393917af7242d6fd67187915c798533bec94d07468e2f,6773,aa0cdf89fe64719f164c8ef708a5c1ce904e2487816813d33a7b5fb89e9568ba,2.8168052557120404e-08
d03E,140161d99a424b2d367d4c07c1b00a91c1d35713406c144e33003cf551109d48,140161d99a424b2d367d4c07c1b00a91c1d35713406c144e33003cf551109d48:1573,1573,6773,56c1a4e4aef81d446249f422273179c490fc1e9c8cc97d8810a6493252ccda87,6773,aa0cdf89fe64719f164c8ef708a5c1ce904e2487816813d33a7b5fb89e9568ba,2.7976744254587516e-08
d03E,140161d99a424b2d367d4c07c1b00a91c1d35713406c144e33003cf551109d48,140161d99a424b2d367d4c07c1b00a91c1d35713406c144e33003cf551109d48:1574,1574,6773,18bd5845f91a2c43202393917af7242d6fd67187915c798533bec94d07468e2f,6773,aa0cdf89fe64719f164c8ef708a5c1ce904e2487816813d33a7b5fb89e9568ba,2.8168052557120404e-08
d03E,140161d99a424b2d367d4c07c1b00a91c1d35713406c144e33003cf551109d48,140161d99a424b2d367d4c07c1b00a91c1d35713406c144e33003cf551109d48:1575,1575,6773,18bd5845f91a2c43202393917af7242d6fd67187915c798533bec94d07468e2f,6773,aa0cdf89fe64719f164c8ef708a5c1ce904e2487816813d33a7b5fb89e9568ba,2.8168052557120404e-08
d03E,140161d99a424b2d367d4c07c1b00a91c1d35713406c144e33003cf551109d48,140161d99a424b2d367d4c07c1b00a91c1d35713406c144e33003cf551109d48:1576,1576,6773,7daf751747c74397e909e46f26e95915e4688114d37598e2380168e1367a87c2,6773,aa0cdf89fe64719f164c8ef708a5c1ce904e2487816813d33a7b5fb89e9568ba,1.6726739326955453e-08
d03E,140161d99a424b2d367d4c07c1b00a91c1d35713406c144e33003cf551109d48,140161d99a424b2d367d4c07c1b00a91c1d35713406c144e33003cf551109d48:1577,1577,6776,a5e913f18ad088c35f0037eab64d1a3b904a7e05125a3acd04007e8d542b4900,6776,5a2cf02181ace8b76b04ed9df66fd3f56eac5298654a0a03891766dd934120bf,1.858829201673018e-08
d03E,140161d99a424b2d367d4c07c1b00a91c1d35713406c144e33003cf551109d48,140161d99a424b2d367d4c07c1b00a91c1d35713406c144e33003cf551109d48:1578,1578,6776,b18dc1f35e5e33406dcdb20749d674c78aa500905c3136fd227e822cd13f9b6f,6776,5a2cf02181ace8b76b04ed9df66fd3f56eac5298654a0a03891766dd934120bf,2.6670692099273197e-08
d03E,140161d99a424b2d367d4c07c1b00a91c1d35713406c144e33003cf551109d48,140161d99a424b2d367d4c07c1b00a91c1d35713406c144e33003cf551109d48:1579,1579,6788,4f0e2e81e41443a24bf1a18d155474b412f6db99e59230e526ab5a87752ec015,6788,a94e5eb5a8cd5269bc4e2ecb7d2afcccabe4f4f1ba8fba4920284f08fbf70df9,2.446524249855031e-08
d03E,140161d99a424b2d367d4c07c1b00a91c1d35713406c144e33003cf551109d48,140161d99a424b2d367d4c07c1b00a91c1d35713406c144e33003cf551109d48:1580,1580,6788,022d4aa6c08d73a710d4507525b7f01da5c0f696524d448558d030c2c9216bb3,6788,a94e5eb5a8cd5269bc4e2ecb7d2afcccabe4f4f1ba8fba4920284f08fbf70df9,1.0139505901562984e-08
d03E,140161d99a424b2d367d4c07c1b00a91c1d35713406c144e33003cf551109d48,140161d99a424b2d367d4c07c1b00a91c1d35713406c144e33003cf551109d48:1581,1581,6788,b880396e6b9fbb0bcacea4ba318f120796e88e0bab4e93e9414b98907bb6c48f,6788,a94e5eb5a8cd5269bc4e2ecb7d2afcccabe4f4f1ba8fba4920284f08fbf70df9,9.818391821792005e-09
d03E,140161d99a424b2d367d4c07c1b00a91c1d35713406c144e33003cf551109d48,140161d99a424b2d367d4c07c1b00a91c1d35713406c144e33003cf551109d48:1582,1582,6788,4c3e236d3ff891122adcba4a425f4bb2c06e9333e6a5b47ac6837ac19dcec01c,6788,a94e5eb5a8cd5269bc4e2ecb7d2afcccabe4f4f1ba8fba4920284f08fbf70df9,1.5904618733131315e-08
d03E,140161d99a424b2d367d4c07c1b00a91c1d35713406c144e33003cf551109d48,140161d99a424b2d367d4c07c1b00a91c1d35713406c144e33003cf551109d48:1583,1583,6788,0084ce25fb887511ae7a65933dbd2954b359cb8b1716cbe22608d2a8169002c6,6788,a94e5eb5a8cd5269bc4e2ecb7d2afcccabe4f4f1ba8fba4920284f08fbf70df9,1.5904618733131315e-08
d03E,140161d99a424b2d367d4c07c1b00a91c1d35713406c144e33003cf551109d48,140161d99a424b2d367d4c07c1b00a91c1d35713406c144e33003cf551109d48:1584,1584,6788,b880396e6b9fbb0bcacea4ba318f120796e88e0bab4e93e9414b98907bb6c48f,6788,a94e5eb5a8cd5269bc4e2ecb7d2afcccabe4f4f1ba8fba4920284f08fbf70df9,9.818391821792005e-09
d03E,140161d99a424b2d367d4c07c1b00a91c1d35713406c144e33003cf551109d48,140161d99a424b2d367d4c07c1b00a91c1d35713406c144e33003cf551109d48:1585,1585,6788,540cc46e7b7e37f4b38d2db24dea534adb99e319b632a3baf7ea0e3fae3f3b55,6788,a94e5eb5a8cd5269bc4e2ecb7d2afcccabe4f4f1ba8fba4920284f08fbf70df9,1.3640142515480846e-08
d03E,140161d99a424b2d367d4c07c1b00a91c1d35713406c144e33003cf551109d48,140161d99a424b2d367d4c07c1b00a91c1d35713406c144e33003cf551109d48:1586,1586,6788,6836c8742fd2b993f2ffdf4476f676bd1fbdd30b43ec6bd8116257dee166b497,6788,a94e5eb5a8cd5269bc4e2ecb7d2afcccabe4f4f1ba8fba4920284f08fbf70df9,2.0739952200088396e-08
d03E,140161d99a424b2d367d4c07c1b00a91c1d35713406c144e33003cf551109d48,140161d99a424b2d367d4c07c1b00a91c1d35713406c144e33003cf551109d48:1587,1587,6788,cf5c045fcff8482ef0b23a5a045cd3ad768c9f73634e4be8df00cd27de279d8e,6788,a94e5eb5a8cd5269bc4e2ecb7d2afcccabe4f4f1ba8fba4920284f08fbf70df9,2.8798864848411654e-08
d03E,140161d99a424b2d367d4c07c1b00a91c1d35713406c144e33003cf551109d48,140161d99a424b2d367d4c07c1b00a91c1d35713406c144e33003cf551109d48:1588,1588,6788,b880396e6b9fbb0bcacea4ba318f120796e88e0bab4e93e9414b98907bb6c48f,6788,a94e5eb5a8cd5269bc4e2ecb7d2afcccabe4f4f1ba8fba4920284f08fbf70df9,9.818391821792005e-09
d03E,140161d99a424b2d367d4c07c1b00a91c1d35713406c144e33003cf551109d48,140161d99a424b2d367d4c07c1b00a91c1d35713406c144e33003cf551109d48:1589,1589,6821,947eecd83631bc065c91472c613f042885e63ab38dae01107b87f9a992177d63,6821,2cc1586d8485a1ed5160263df4687a04f1764d5f852106f0d9b48ea658448016,1.2754509948198489e-08
d03E,140161d99a424b2d367d4c07c1b00a91c1d35713406c144e33003cf551109d48,140161d99a424b2d367d4c07c1b00a91c1d35713406c144e33003cf551109d48:1590,1590,6821,c13a989c32982aae59fd60d5a8e34b0cb9aa0f194f5e9cca0efa85e1a55cf31a,6821,2cc1586d8485a1ed5160263df4687a04f1764d5f852106f0d9b48ea658448016,2.804230647690531e-08
d03E,140161d99a424b2d367d4c07c1b00a91c1d35713406c144e33003cf551109d48,140161d99a424b2d367d4c07c1b00a91c1d35713406c144e33003cf551109d48:1591,1591,6831,ae2dc215c4a1ac768b17afdee39d0d819db27c20a29d135f3b7a92ada40a863a,6831,44e85725ded61eca14e32c614e00a796aa38a847cdfa27e47f4d8e1a5ebfec53,1.1180387282649917e-08
d03E,140161d99a424b2d367d4c07c1b00a91c1d35713406c144e33003cf551109d48,140161d99a424b2d367d4c07c1b00a91c1d35713406c144e33003cf551109d48:1592,1592,6841,0e38d22268838ad18e02692b845e70eb6b7eb3c50a669dd7a43fd74c1b97c724,6841,1155a051f5b7bdd2d9b895cbb55b14e15b48f1b71c822f6361e95ce3b28019b6,9.720739102547782e-09
d03E,140161d99a424b2d367d4c07c1b00a91c1d35713406c144e33003cf551109d48,140161d99a424b2d367d4c07c1b00a91c1d35713406c144e33003cf551109d48:1593,1593,6885,a3ff3982a07320d2dd27330f1a967987b47dbf273c09c2a3d9d5b3f942bc3b84,6885,478110a7e4e75b787ed2ed95014387eef4e92f7110d9087ee8d90fda51e37cce,2.079804017895981e-08
d03E,140161d99a424b2d367d4c07c1b00a91c1d35713406c144e33003cf551109d48,140161d99a424b2d367d4c07c1b00a91c1d35713406c144e33003cf551109d48:1594,1594,6888,7ea70afa17bfa51c0afbed41482fada5c30c84e94fea35c7a902933184159869,6888,2731a3e37f29424d2d97fc7169511347628a1b1dd2251664dba4de9c06ba6249,2.32227559404663e-08
d03E,140161d99a424b2d367d4c07c1b00a91c1d35713406c144e33003cf551109d48,140161d99a424b2d367d4c07c1b00a91c1d35713406c144e33003cf551109d48:1595,1595,6888,08ec4e68b7373579250366b81ad593f69e39d8556a7ff9dcb56829b7da8d0906,6888,2731a3e37f29424d2d97fc7169511347628a1b1dd2251664dba4de9c06ba6249,2.32227559404663e-08
d03E,140161d99a424b2d367d4c07c1b00a91c1d35713406c144e33003cf551109d48,140161d99a424b2d367d4c07c1b00a91c1d35713406c144e33003cf551109d48:1596,1596,6888,8c417d61a2392cb95b59d10360176a9451dcc5e4f3a7ac85975dec45bc0d376c,6888,2731a3e37f29424d2d97fc7169511347628a1b1dd2251664dba4de9c06ba6249,2.32227559404663e-08
d03E,140161d99a424b2d367d4c07c1b00a91c1d35713406c144e33003cf551109d48,140161d99a424b2d367d4c07c1b00a91c1d35713406c144e33003cf551109d48:1597,1597,6888,78249c637899ce26df1405da976854c7aaf548bc9b1b9baed6ed2c1b7b588aa4,6888,2731a3e37f29424d2d97fc7169511347628a1b1dd2251664dba4de9c06ba6249,2.32227559404663e-08
d03E,140161d99a424b2d367d4c07c1b00a91c1d35713406c144e33003cf551109d48,140161d99a424b2d367d4c07c1b00a91c1d35713406c144e33003cf551109d48:1598,1598,6888,8c417d61a2392cb95b59d10360176a9451dcc5e4f3a7ac85975dec45bc0d376c,6888,2731a3e37f29424d2d97fc7169511347628a1b1dd2251664dba4de9c06ba6249,2.32227559404663e-08
d03E,140161d99a424b2d367d4c07c1b00a91c1d35713406c144e33003cf551109d48,140161d99a424b2d367d4c07c1b00a91c1d35713406c144e33003cf551109d48:1599,1599,6888,8c417d61a2392cb95b59d10360176a9451dcc5e4f3a7ac85975dec45bc0d376c,6888,2731a3e37f29424d2d97fc7169511347628a1b1dd2251664dba4de9c06ba6249,2.32227559404663e-08
d03E,140161d99a424b2d367d4c07c1b00a91c1d35713406c144e33003cf551109d48,140161d99a424b2d367d4c07c1b00a91c1d35713406c144e33003cf551109d48:1600,1600,6888,2c55fde3f66fd1f9b494774730f438c1073140f9bd871b0b6b20f29efb4254ad,6888,2731a3e37f29424d2d97fc7169511347628a1b1dd2251664dba4de9c06ba6249,1.9618082491845712e-08
d03E,140161d99a424b2d367d4c07c1b00a91c1d35713406c144e33003cf551109d48,140161d99a424b2d367d4c07c1b00a91c1d35713406c144e33003cf551109d48:1601,1601,6907,4e6fc089a3166a58cfe1b249fd87266e85a924f0e6ef2d21287a350f9b936b82,6907,494ef0aa32732746a57c6cb6f2e101dbd9545cdb686070dc04c45f3c62474d36,8.896877345954124e-09
d03E,140161d99a424b2d367d4c07c1b00a91c1d35713406c144e33003cf551109d48,140161d99a424b2d367d4c07c1b00a91c1d35713406c144e33003cf551109d48:1602,1602,6907,10a198e60faa94b94c733b76fb8cbc89b9fde4da3fe90cc021d324c7e7f911fd,6907,494ef0aa32732746a57c6cb6f2e101dbd9545cdb686070dc04c45f3c62474d36,2.124078124499107e-08
d03E,140161d99a424b2d367d4c07c1b00a91c1d35713406c144e33003cf551109d48,140161d99a424b2d367d4c07c1b00a91c1d35713406c144e33003cf551109d48:1603,1603,6907,fd9814d4b13c000d38d4b65bf1cba66c7a65ec183c119018b0c73288a3ad89d5,6907,494ef0aa32732746a57c6cb6f2e101dbd9545cdb686070dc04c45f3c62474d36,1.779767666576504e-08
d03E,140161d99a424b2d367d4c07c1b00a91c1d35713406c144e33003cf551109d48,140161d99a424b2d367d4c07c1b00a91c1d35713406c144e33003cf551109d48:1604,1604,6907,a4b50722dd69ade54755f08fa8ed08b8f2e2c7667b004c170c1b0146ae2cf06c,6907,494ef0aa32732746a57c6cb6f2e101dbd9545cdb686070dc04c45f3c62474d36,3.2698837859612695e-08
d03E,140161d99a424b2d367d4c07c1b00a91c1d35713406c144e33003cf551109d48,140161d99a424b2d367d4c07c1b00a91c1d35713406c144e33003cf551109d48:1605,1605,6907,1299caf8e0e8b7aabd332d87b8a14e0fed6f0ba0ef761995825a9fc9c096963c,6907,494ef0aa32732746a57c6cb6f2e101dbd9545cdb686070dc04c45f3c62474d36,2.124078124499107e-08
d03E,140161d99a424b2d367d4c07c1b00a91c1d35713406c144e33003cf551109d48,140161d99a424b2d367d4c07c1b00a91c1d35713406c144e33003cf551109d48:1606,1606,6907,35b3f7f83350d1b168fcaeac87efd84606c8593dc0262db789bef1d56b3701d1,6907,494ef0aa32732746a57c6cb6f2e101dbd9545cdb686070dc04c45f3c62474d36,2.690580691577793e-08
d03E,140161d99a424b2d367d4c07c1b00a91c1d35713406c144e33003cf551109d48,140161d99a424b2d367d4c07c1b00a91c1d35713406c144e33003cf551109d48:1607,1607,6907,a564d68f63cf5368573a8d18eea41189a78a68cb167bab3840206b67067af489,6907,494ef0aa32732746a57c6cb6f2e101dbd9545cdb686070dc04c45f3c62474d36,2.6592006263648216e-08
d03E,140161d99a424b2d367d4c07c1b00a91c1d35713406c144e33003cf551109d48,140161d99a424b2d367d4c07c1b00a91c1d35713406c144e33003cf551109d48:1608,1608,6907,9a1c3913348cf6df6f8d6ee415328f89745c87503a927b5df8a0968d680fb1dd,6907,494ef0aa32732746a57c6cb6f2e101dbd9545cdb686070dc04c45f3c62474d36,2.690580691577793e-08
d03E,140161d99a424b2d367d4c07c1b00a91c1d35713406c144e33003cf551109d48,140161d99a424b2d367d4c07c1b00a91c1d35713406c144e33003cf551109d48:1609,1609,6907,1299caf8e0e8b7aabd332d87b8a14e0fed6f0ba0ef761995825a9fc9c096963c,6907,494ef0aa32732746a57c6cb6f2e101dbd9545cdb686070dc04c45f3c62474d36,2.124078124499107e-08
d03E,140161d99a424b2d367d4c07c1b00a91c1d35713406c144e33003cf551109d48,140161d99a424b2d367d4c07c1b00a91c1d35713406c144e33003cf551109d48:1610,1610,6907,47b792ffb6762b077888d456dc9d4bfd7a4812126dac09adee2d8f59f07c704d,6907,494ef0aa32732746a57c6cb6f2e101dbd9545cdb686070dc04c45f3c62474d36,1.779767666576504e-08
d03E,140161d99a424b2d367d4c07c1b00a91c1d35713406c144e33003cf551109d48,140161d99a424b2d367d4c07c1b00a91c1d35713406c144e33003cf551109d48:1611,1611,6907,e1e1b23b31bcceba766c8d881f2bbe9cef4fa59f06e70157a3e830eb5f92a768,6907,494ef0aa32732746a57c6cb6f2e101dbd9545cdb686070dc04c45f3c62474d36,2.7424703064049538e-08
d03E,140161d99a424b2d367d4c07c1b00a91c1d35713406c144e33003cf551109d48,140161d99a424b2d367d4c07c1b00a91c1d35713406c144e33003cf551109d48:1612,1612,6907,fd9814d4b13c000d38d4b65bf1cba66c7a65ec183c119018b0c73288a3ad89d5,6907,494ef0aa32732746a57c6cb6f2e101dbd9545cdb686070dc04c45f3c62474d36,1.779767666576504e-08
d03E,140161d99a424b2d367d4c07c1b00a91c1d35713406c144e33003cf551109d48,140161d99a424b2d367d4c07c1b00a91c1d35713406c144e33003cf551109d48:1613,1613,6907,a564d68f63cf5368573a8d18eea41189a78a68cb167bab3840206b67067af489,6907,494ef0aa32732746a57c6cb6f2e101dbd9545cdb686070dc04c45f3c62474d36,2.6592006263648216e-08
d03E,140161d99a424b2d367d4c07c1b00a91c1d35713406c144e33003cf551109d48,140161d99a424b2d367d4c07c1b00a91c1d35713406c144e33003cf551109d48:1614,1614,6919,51f85f04e0d53b0868a0c61209abb1e3c3a423ca86554402da167f54e56a20b8,6919,971caf240a67540f1a4a20a31721f1cb90a64bdf144ce856d9faa50e198e026e,2.8919460159926302e-08
d03E,140161d99a424b2d367d4c07c1b00a91c1d35713406c144e33003cf551109d48,140161d99a424b2d367d4c07c1b00a91c1d35713406c144e33003cf551109d48:1615,1615,6919,a64117a30e47b5ab8f7f4b5b7f403c2ae930893ef6c13ec57679bfa592118488,6919,971caf240a67540f1a4a20a31721f1cb90a64bdf144ce856d9faa50e198e026e,1.769264468265419e-08
d03E,140161d99a424b2d367d4c07c1b00a91c1d35713406c144e33003cf551109d48,140161d99a424b2d367d4c07c1b00a91c1d35713406c144e33003cf551109d48:1616,1616,6919,626b233476ca83ec2e43519d9259d893914273e9c200c30f1015d2f3ffc6677c,6919,971caf240a67540f1a4a20a31721f1cb90a64bdf144ce856d9faa50e198e026e,1.769264468265419e-08
d03E,140161d99a424b2d367d4c07c1b00a91c1d35713406c144e33003cf551109d48,140161d99a424b2d367d4c07c1b00a91c1d35713406c144e33003cf551109d48:1617,1617,6919,f4517fa898492d6276933b17fc502ce7a9fb53d33e5ec41b3d33a3109259ae17,6919,971caf240a67540f1a4a20a31721f1cb90a64bdf144ce856d9faa50e198e026e,2.1461056487481756e-08
d03E,140161d99a424b2d367d4c07c1b00a91c1d35713406c144e33003cf551109d48,140161d99a424b2d367d4c07c1b00a91c1d35713406c144e33003cf551109d48:1618,1618,6919,ee5664da3408a259366ded2c0fde75550d90e805dde2244175cee0320845c4e7,6919,971caf240a67540f1a4a20a31721f1cb90a64bdf144ce856d9faa50e198e026e,1.214783074132697e-08
d03E,140161d99a424b2d367d4c07c1b00a91c1d35713406c144e33003cf551109d48,140161d99a424b2d367d4c07c1b00a91c1d35713406c144e33003cf551109d48:1619,1619,6919,8fb54c0d5b7d5b69981a16ce04919ff3769e6bb61352ece4a758fda0179fe5cd,6919,971caf240a67540f1a4a20a31721f1cb90a64bdf144ce856d9faa50e198e026e,1.5784023421616666e-08
d03E,140161d99a424b2d367d4c07c1b00a91c1d35713406c144e33003cf551109d48,140161d99a424b2d367d4c07c1b00a91c1d35713406c144e33003cf551109d48:1620,1620,6919,b67d1969787264c3849747686662ec53b95fd248b426349bf08e7e82c3480611,6919,971caf240a67540f1a4a20a31721f1cb90a64bdf144ce856d9faa50e198e026e,2.8919460159926302e-08
d03E,140161d99a424b2d367d4c07c1b00a91c1d35713406c144e33003cf551109d48,140161d99a424b2d367d4c07c1b00a91c1d35713406c144e33003cf551109d48:1621,1621,6919,8cbbc3b598ad6715a61110947b8a1f1dada5f0754f3947b49b698d6433106c96,6919,971caf240a67540f1a4a20a31721f1cb90a64bdf144ce856d9faa50e198e026e,2.514322527957802e-08
d03E,140161d99a424b2d367d4c07c1b00a91c1d35713406c144e33003cf551109d48,140161d99a424b2d367d4c07c1b00a91c1d35713406c144e33003cf551109d48:1622,1622,6919,9114df009526d6d88fce2aadd08d653806b4bacb0faa87873d957ab6312fb3f4,6919,971caf240a67540f1a4a20a31721f1cb90a64bdf144ce856d9faa50e198e026e,2.1461056487481756e-08
d03E,140161d99a424b2d367d4c07c1b00a91c1d35713406c144e33003cf551109d48,140161d99a424b2d367d4c07c1b00a91c1d35713406c144e33003cf551109d48:1623,1623,6919,038b5ec6d89b5acb01d5fc5b3b445467f57c6b2ede80f581b05849a7a025cb75,6919,971caf240a67540f1a4a20a31721f1cb90a64bdf144ce856d9faa50e198e026e,8.719813759938688e-09
d03E,140161d99a424b2d367d4c07c1b00a91c1d35713406c144e33003cf551109d48,140161d99a424b2d367d4c07c1b00a91c1d35713406c144e33003cf551109d48:1624,1624,6919,f4517fa898492d6276933b17fc502ce7a9fb53d33e5ec41b3d33a3109259ae17,6919,971caf240a67540f1a4a20a31721f1cb90a64bdf144ce856d9faa50e198e026e,2.1461056487481756e-08
d03E,140161d99a424b2d367d4c07c1b00a91c1d35713406c144e33003cf551109d48,140161d99a424b2d367d4c07c1b00a91c1d35713406c144e33003cf551109d48:1625,1625,6919,9114df009526d6d88fce2aadd08d653806b4bacb0faa87873d957ab6312fb3f4,6919,971caf240a67540f1a4a20a31721f1cb90a64bdf144ce856d9faa50e198e026e,2.1461056487481756e-08
d03E,140161d99a424b2d367d4c07c1b00a91c1d35713406c144e33003cf551109d48,140161d99a424b2d367d4c07c1b00a91c1d35713406c144e33003cf551109d48:1626,1626,6919,6929d91c21d09e37c49a305eeafff1f5c8420c9ecdf071687ad938ec86c8aae1,6919,971caf240a67540f1a4a20a31721f1cb90a64bdf144ce856d9faa50e198e026e,2.3242427094061213e-08
d03E,140161d99a424b2d367d4c07c1b00a91c1d35713406c144e33003cf551109d48,140161d99a424b2d367d4c07c1b00a91c1d35713406c144e33003cf551109d48:1627,1627,7095,8da2c7e6153f916d969b3be9f5067f35fd1df04dc1a0fe41af8a351771f069fc,7095,6734174a09f06bf83fdb2ff394ededbfe4ca0df2fe56c69be12eed6c8eb11d6c,2.6620678550415278e-08
d03E,140161d99a424b2d367d4c07c1b00a91c1d35713406c144e33003cf551109d48,140161d99a424b2d367d4c07c1b00a91c1d35713406c144e33003cf551109d48:1628,1628,7095,2018cddf668e60f4affd1f58f9c59057622bc227433f3648290bd5c2419b563d,7095,6734174a09f06bf83fdb2ff394ededbfe4ca0df2fe56c69be12eed6c8eb11d6c,1.808280503112769e-08
d03E,140161d99a424b2d367d4c07c1b00a91c1d35713406c144e33003cf551109d48,140161d99a424b2d367d4c07c1b00a91c1d35713406c144e33003cf551109d48:1629,1629,7132,7bf791ef6f3ff3824a5214832f232fe07dce71c375267b4ef6588825f5a40ad8,7132,5b8654b632d918f451d72f4ec9bd9da0c6d65fb2e7670ab6df995b81efbca1db,2.2191875226340585e-08
d03E,140161d99a424b2d367d4c07c1b00a91c1d35713406c144e33003cf551109d48,140161d99a424b2d367d4c07c1b00a91c1d35713406c144e33003cf551109d48:1630,1630,7208,47069d92fd4d1f7c5cbb28c0ee5a0ab2b7ee207efe11441ccbcaec0c85f7f87d,7208,1eb6f491abe9d5610476f9c95f63e9d25478539b32bfdb9425ee29b9bddada81,1.1530397303616269e-08
d03E,140161d99a424b2d367d4c07c1b00a91c1d35713406c144e33003cf551109d48,140161d99a424b2d367d4c07c1b00a91c1d35713406c144e33003cf551109d48:1631,1631,7208,47069d92fd4d1f7c5cbb28c0ee5a0ab2b7ee207efe11441ccbcaec0c85f7f87d,7208,1eb6f491abe9d5610476f9c95f63e9d25478539b32bfdb9425ee29b9bddada81,1.1530397303616269e-08
d03E,140161d99a424b2d367d4c07c1b00a91c1d35713406c144e33003cf551109d48,140161d99a424b2d367d4c07c1b00a91c1d35713406c144e33003cf551109d48:1632,1632,7208,0fceb1620412c4cd8cf1d76e2b63608322011bfd75a1b92b4ba8f485300e376c,7208,1eb6f491abe9d5610476f9c95f63e9d25478539b32bfdb9425ee29b9bddada81,1.4457893771080421e-08
d03E,140161d99a424b2d367d4c07c1b00a91c1d35713406c144e33003cf551109d48,140161d99a424b2d367d4c07c1b00a91c1d35713406c144e33003cf551109d48:1633,1633,7208,6c0e84a0d683500be50f6cbeae3a379e020804f98a7083066f94f63b3e4eb6a1,7208,1eb6f491abe9d5610476f9c95f63e9d25478539b32bfdb9425ee29b9bddada81,2.6101840688852462e-08
d03E,140161d99a424b2d367d4c07c1b00a91c1d35713406c144e33003cf551109d48,140161d99a424b2d367d4c07c1b00a91c1d35713406c144e33003cf551109d48:1634,1634,7208,a339166f00843a377037986db975c3dd1f978a688052bc7e8308ecef115ea184,7208,1eb6f491abe9d5610476f9c95f63e9d25478539b32bfdb9425ee29b9bddada81,1.1530397303616269e-08
d03E,140161d99a424b2d367d4c07c1b00a91c1d35713406c144e33003cf551109d48,140161d99a424b2d367d4c07c1b00a91c1d35713406c144e33003cf551109d48:1635,1635,7210,c6dfdf06c2e2369eb61ee8f097698f63db03d818ab1e57d77d96c55aa181705f,7210,e8354b54f18f925497639afaac166fb0f41b176dd3020e475074131cd2c299ea,1.585814413118669e-08
d03E,140161d99a424b2d367d4c07c1b00a91c1d35713406c144e33003cf551109d48,140161d99a424b2d367d4c07c1b00a91c1d35713406c144e33003cf551109d48:1636,1636,7210,0d86bfff77cfaef04da129f1ee3760723f7d4d8042243a24ead042a33667a526,7210,e8354b54f18f925497639afaac166fb0f41b176dd3020e475074131cd2c299ea,2.933879661437544e-08
d03E,140161d99a424b2d367d4c07c1b00a91c1d35713406c144e33003cf551109d48,140161d99a424b2d367d4c07c1b00a91c1d35713406c144e33003cf551109d48:1637,1637,7210,14f9328bb0b270b9accf15b13848501c67343f3b6f09cf02ad9c17522352d2e1,7210,e8354b54f18f925497639afaac166fb0f41b176dd3020e475074131cd2c299ea,2.8989550648894635e-08
d03E,140161d99a424b2d367d4c07c1b00a91c1d35713406c144e33003cf551109d48,140161d99a424b2d367d4c07c1b00a91c1d35713406c144e33003cf551109d48:1638,1638,7210,14b382e963f23b7b31db1bcfab0f4c8f6b468cdee79c0aa3f4d4c0c137ab3af3,7210,e8354b54f18f925497639afaac166fb0f41b176dd3020e475074131cd2c299ea,2.2104732488870127e-08
d03E,140161d99a424b2d367d4c07c1b00a91c1d35713406c144e33003cf551109d48,140161d99a424b2d367d4c07c1b00a91c1d35713406c144e33003cf551109d48:1639,1639,7210,3fb1f45d842fd05b540d8355ae1e5b31e95f0bfceed08ad5bc174c6c1852f6c7,7210,e8354b54f18f925497639afaac166fb0f41b176dd3020e475074131cd2c299ea,2.933879661437544e-08
d03E,140161d99a424b2d367d4c07c1b00a91c1d35713406c144e33003cf551109d48,140161d99a424b2d367d4c07c1b00a91c1d35713406c144e33003cf551109d48:1640,1640,7210,c6dfdf06c2e2369eb61ee8f097698f63db03d818ab1e57d77d96c55aa181705f,7210,e8354b54f18f925497639afaac166fb0f41b176dd3020e475074131cd2c299ea,1.585814413118669e-08
d03E,140161d99a424b2d367d4c07c1b00a91c1d35713406c144e33003cf551109d48,140161d99a424b2d367d4c07c1b00a91c1d35713406c144e33003cf551109d48:1641,1641,7210,3b5d836f5074cf36b46e07a25df81eff09ee7fe69be134c1e4e72fc753f8ed09,7210,e8354b54f18f925497639afaac166fb0f41b176dd3020e475074131cd2c299ea,2.2104732488870127e-08
d03E,140161d99a424b2d367d4c07c1b00a91c1d35713406c144e33003cf551109d48,140161d99a424b2d367d4c07c1b00a91c1d35713406c144e33003cf551109d48:1642,1642,7210,0e800df05d5502a213557c676f6517d58c57ff9497712aead2670604c618e398,7210,e8354b54f18f925497639afaac166fb0f41b176dd3020e475074131cd2c299ea,1.4437635420527783e-08
d03E,140161d99a424b2d367d4c07c1b00a91c1d35713406c144e33003cf551109d48,140161d99a424b2d367d4c07c1b00a91c1d35713406c144e33003cf551109d48:1643,1643,7210,14b382e963f23b7b31db1bcfab0f4c8f6b468cdee79c0aa3f4d4c0c137ab3af3,7210,e8354b54f18f925497639afaac166fb0f41b176dd3020e475074131cd2c299ea,2.2104732488870127e-08
d03E,140161d99a424b2d367d4c07c1b00a91c1d35713406c144e33003cf551109d48,140161d99a424b2d367d4c07c1b00a91c1d35713406c144e33003cf551109d48:1644,1644,7210,0e800df05d5502a213557c676f6517d58c57ff9497712aead2670604c618e398,7210,e8354b54f18f925497639afaac166fb0f41b176dd3020e475074131cd2c299ea,1.4437635420527783e-08
d03E,140161d99a424b2d367d4c07c1b00a91c1d35713406c144e33003cf551109d48,140161d99a424b2d367d4c07c1b00a91c1d35713406c144e33003cf551109d48:1645,1645,7210,0e800df05d5502a213557c676f6517d58c57ff9497712aead2670604c618e398,7210,e8354b54f18f925497639afaac166fb0f41b176dd3020e475074131cd2c299ea,1.4437635420527783e-08
d03E,140161d99a424b2d367d4c07c1b00a91c1d35713406c144e33003cf551109d48,140161d99a424b2d367d4c07c1b00a91c1d35713406c144e33003cf551109d48:1646,1646,7210,6fb20bd05f47b4072de35d6caccc39923424a443d009d4bac92aacf9e4668657,7210,e8354b54f18f925497639afaac166fb0f41b176dd3020e475074131cd2c299ea,2.933879661437544e-08
d03E,140161d99a424b2d367d4c07c1b00a91c1d35713406c144e33003cf551109d48,140161d99a424b2d367d4c07c1b00a91c1d35713406c144e33003cf551109d48:1647,1647,7210,14b382e963f23b7b31db1bcfab0f4c8f6b468cdee79c0aa3f4d4c0c137ab3af3,7210,e8354b54f18f925497639afaac166fb0f41b176dd3020e475074131cd2c299ea,2.2104732488870127e-08
d03E,140161d99a424b2d367d4c07c1b00a91c1d35713406c144e33003cf551109d48,140161d99a424b2d367d4c07c1b00a91c1d35713406c144e33003cf551109d48:1648,1648,7210,14b382e963f23b7b31db1bcfab0f4c8f6b468cdee79c0aa3f4d4c0c137ab3af3,7210,e8354b54f18f925497639afaac166fb0f41b176dd3020e475074131cd2c299ea,2.2104732488870127e-08
d03E,140161d99a424b2d367d4c07c1b00a91c1d35713406c144e33003cf551109d48,140161d99a424b2d367d4c07c1b00a91c1d35713406c144e33003cf551109d48:1649,1649,7210,14b382e963f23b7b31db1bcfab0f4c8f6b468cdee79c0aa3f4d4c0c137ab3af3,7210,e8354b54f18f925497639afaac166fb0f41b176dd3020e475074131cd2c299ea,2.2104732488870127e-08
d03E,140161d99a424b2d367d4c07c1b00a91c1d35713406c144e33003cf551109d48,140161d99a424b2d367d4c07c1b00a91c1d35713406c144e33003cf551109d48:1650,1650,7210,3b5d836f5074cf36b46e07a25df81eff09ee7fe69be134c1e4e72fc753f8ed09,7210,e8354b54f18f925497639afaac166fb0f41b176dd3020e475074131cd2c299ea,2.2104732488870127e-08
d03E,140161d99a424b2d367d4c07c1b00a91c1d35713406c144e33003cf551109d48,140161d99a424b2d367d4c07c1b00a91c1d35713406c144e33003cf551109d48:1651,1651,7210,0e800df05d5502a213557c676f6517d58c57ff9497712aead2670604c618e398,7210,e8354b54f18f925497639afaac166fb0f41b176dd3020e475074131cd2c299ea,1.4437635420527783e-08
d03E,140161d99a424b2d367d4c07c1b00a91c1d35713406c144e33003cf551109d48,140161d99a424b2d367d4c07c1b00a91c1d35713406c144e33003cf551109d48:1652,1652,7210,492a714e63f929088cb461fa82ec5abd538768d0dc2eea4857f8792ab8f1c496,7210,e8354b54f18f925497639afaac166fb0f41b176dd3020e475074131cd2c299ea,2.583002278733204e-08
d03E,140161d99a424b2d367d4c07c1b00a91c1d35713406c144e33003cf551109d48,140161d99a424b2d367d4c07c1b00a91c1d35713406c144e33003cf551109d48:1653,1653,7236,1cd72307e24583b718e43b11cf7ed22ce5758ca946432a289242f78c55cc0c84,7236,d24a3a35cd5c87bc5eb4c8aa6136c91ae8e206d02d84e0969c7587f51db7e596,2.938534271468285e-08
d03E,140161d99a424b2d367d4c07c1b00a91c1d35713406c144e33003cf551109d48,140161d99a424b2d367d4c07c1b00a91c1d35713406c144e33003cf551109d48:1654,1654,7276,bd178c3cd82e2c25a7dccbc5a4c0c2186aaf925811238ede5fa5263ec794d9ac,7276,97c04f3c0959cc631b180cebba85622e793d5d51418f906c932413159d59f90e,2.4235564888286376e-08
d03E,140161d99a424b2d367d4c07c1b00a91c1d35713406c144e33003cf551109d48,140161d99a424b2d367d4c07c1b00a91c1d35713406c144e33003cf551109d48:1655,1655,7276,bd178c3cd82e2c25a7dccbc5a4c0c2186aaf925811238ede5fa5263ec794d9ac,7276,97c04f3c0959cc631b180cebba85622e793d5d51418f906c932413159d59f90e,2.4235564888286376e-08
d03E,140161d99a424b2d367d4c07c1b00a91c1d35713406c144e33003cf551109d48,140161d99a424b2d367d4c07c1b00a91c1d35713406c144e33003cf551109d48:1656,1656,7312,2930490e80f577c7381559f3118d1b4008cb83e2cbbe6229f6273fadac6a8689,7312,e5ddd16bdfa124f62f393c9512926f90e1e77e8672595f34ae8f73e2e37e27ab,2.2296692270273866e-08
d03E,140161d99a424b2d367d4c07c1b00a91c1d35713406c144e33003cf551109d48,140161d99a424b2d367d4c07c1b00a91c1d35713406c144e33003cf551109d48:1657,1657,7312,9066788712aead58e4df3fbb38f88e2e772500a65d1a4dc0f1b2b1c45b9e5e48,7312,e5ddd16bdfa124f62f393c9512926f90e1e77e8672595f34ae8f73e2e37e27ab,2.9786445310264753e-08
d03E,140161d99a424b2d367d4c07c1b00a91c1d35713406c144e33003cf551109d48,140161d99a424b2d367d4c07c1b00a91c1d35713406c144e33003cf551109d48:1658,1658,7312,9066788712aead58e4df3fbb38f88e2e772500a65d1a4dc0f1b2b1c45b9e5e48,7312,e5ddd16bdfa124f62f393c9512926f90e1e77e8672595f34ae8f73e2e37e27ab,2.9786445310264753e-08
d03E,140161d99a424b2d367d4c07c1b00a91c1d35713406c144e33003cf551109d48,140161d99a424b2d367d4c07c1b00a91c1d35713406c144e33003cf551109d48:1659,1659,7312,f9fb9d139c97be294a598c6ad46ff72636b6ae6e3f62656e1b89434d23b76958,7312,e5ddd16bdfa124f62f393c9512926f90e1e77e8672595f34ae8f73e2e37e27ab,2.923608910521125e-08
d03E,140161d99a424b2d367d4c07c1b00a91c1d35713406c144e33003cf551109d48,140161d99a424b2d367d4c07c1b00a91c1d35713406c144e33003cf551109d48:1660,1660,7312,76df0c8fc0d6ee1f2ec1614fe779413a90c1342d9271b2ac3daf63ace63f52a9,7312,e5ddd16bdfa124f62f393c9512926f90e1e77e8672595f34ae8f73e2e37e27ab,2.6132081609731017e-08
d03E,140161d99a424b2d367d4c07c1b00a91c1d35713406c144e33003cf551109d48,140161d99a424b2d367d4c07c1b00a91c1d35713406c144e33003cf551109d48:1661,1661,7338,5f01e59a5099118200eb7c81c15cfdb08a1c0663e7ff272d32e860d21b7f0fcf,7338,8a26a37771830a424dc8f344fcdf3fc8204711ca4052edb3f320deee90c20a5c,2.181921032740064e-08
d03E,140161d99a424b2d367d4c07c1b00a91c1d35713406c144e33003cf551109d48,140161d99a424b2d367d4c07c1b00a91c1d35713406c144e33003cf551109d48:1662,1662,7338,7e0c1125e047e60b3a964ed95d4c5a01c03d99a56c87d562b237e08da0cee262,7338,8a26a37771830a424dc8f344fcdf3fc8204711ca4052edb3f320deee90c20a5c,2.181921032740064e-08
d03E,140161d99a424b2d367d4c07c1b00a91c1d35713406c144e33003cf551109d48,140161d99a424b2d367d4c07c1b00a91c1d35713406c144e33003cf551109d48:1663,1663,7338,7e0c1125e047e60b3a964ed95d4c5a01c03d99a56c87d562b237e08da0cee262,7338,8a26a37771830a424dc8f344fcdf3fc8204711ca4052edb3f320deee90c20a5c,2.181921032740064e-08
d03E,140161d99a424b2d367d4c07c1b00a91c1d35713406c144e33003cf551109d48,140161d99a424b2d367d4c07c1b00a91c1d35713406c144e33003cf551109d48:1664,1664,7338,b49c8deadf4f43c3ad2b6b57648166ab49a55c3e8da1f3c16c67c0d8d0556efb,7338,8a26a37771830a424dc8f344fcdf3fc8204711ca4052edb3f320deee90c20a5c,2.0226840646841993e-08
d03E,140161d99a424b2d367d4c07c1b00a91c1d35713406c144e33003cf551109d48,140161d99a424b2d367d4c07c1b00a91c1d35713406c144e33003cf551109d48:1665,1665,7338,8943714686bcede17356cfb61b64945d487db0ca01b7e59898f85a5b95161b73,7338,8a26a37771830a424dc8f344fcdf3fc8204711ca4052edb3f320deee90c20a5c,2.820193323316289e-08
d03E,140161d99a424b2d367d4c07c1b00a91c1d35713406c144e33003cf551109d48,140161d99a424b2d367d4c07c1b00a91c1d35713406c144e33003cf551109d48:1666,1666,7338,b4b384188bb7d2662c120e89b313e86ff0b0112667c4fd1cb1e21c9680f0556e,7338,8a26a37771830a424dc8f344fcdf3fc8204711ca4052edb3f320deee90c20a5c,2.9269790924324468e-08
d03E,140161d99a424b2d367d4c07c1b00a91c1d35713406c144e33003cf551109d48,140161d99a424b2d367d4c07c1b00a91c1d35713406c144e33003cf551109d48:1667,1667,7338,b0c1a7948f04dc0ffbde296f448b3e7372e358b12b6d4b66d6c1e5bb71804367,7338,8a26a37771830a424dc8f344fcdf3fc8204711ca4052edb3f320deee90c20a5c,2.6485341253490446e-08
d03E,140161d99a424b2d367d4c07c1b00a91c1d35713406c144e33003cf551109d48,140161d99a424b2d367d4c07c1b00a91c1d35713406c144e33003cf551109d48:1668,1668,7338,b0c1a7948f04dc0ffbde296f448b3e7372e358b12b6d4b66d6c1e5bb71804367,7338,8a26a37771830a424dc8f344fcdf3fc8204711ca4052edb3f320deee90c20a5c,2.6485341253490446e-08
d03E,140161d99a424b2d367d4c07c1b00a91c1d35713406c144e33003cf551109d48,140161d99a424b2d367d4c07c1b00a91c1d35713406c144e33003cf551109d48:1669,1669,7338,b4b384188bb7d2662c120e89b313e86ff0b0112667c4fd1cb1e21c9680f0556e,7338,8a26a37771830a424dc8f344fcdf3fc8204711ca4052edb3f320deee90c20a5c,2.9269790924324468e-08
d03E,140161d99a424b2d367d4c07c1b00a91c1d35713406c144e33003cf551109d48,140161d99a424b2d367d4c07c1b00a91c1d35713406c144e33003cf551109d48:1670,1670,7389,0e48f7975c9d5e86a2febfa3518d0fb1073fb12f9abca86794deca01e50ea4d3,7389,d84556368f91bd26867ef8f236734a35ddb311443389df1992913453afce4525,1.948196692858062e-08
d03E,140161d99a424b2d367d4c07c1b00a91c1d35713406c144e33003cf551109d48,140161d99a424b2d367d4c07c1b00a91c1d35713406c144e33003cf551109d48:1671,1671,7400,08521b1c2b30beb4a6948b53883b0a7da9264b9bdc25fb99fa819c2cdcc97e95,7400,e7e2c6e6f0da35d4d87979a3cad043c9be00114f5e5d4361ed29eb458dcd0e4d,2.701800072557603e-08
d03E,140161d99a424b2d367d4c07c1b00a91c1d35713406c144e33003cf551109d48,140161d99a424b2d367d4c07c1b00a91c1d35713406c144e33003cf551109d48:1672,1672,7400,a6d460ff91b9cddf5dffed6946c395d3a1a4a7d6598d1f54182953de1877a3d7,7400,e7e2c6e6f0da35d4d87979a3cad043c9be00114f5e5d4361ed29eb458dcd0e4d,1.989946629699091e-08
d03E,140161d99a424b2d367d4c07c1b00a91c1d35713406c144e33003cf551109d48,140161d99a424b2d367d4c07c1b00a91c1d35713406c144e33003cf551109d48:1673,1673,7400,42d3a6fb8d0c9b417d975a53b46140b458107ad4f87bc4024213eeebc87d279f,7400,e7e2c6e6f0da35d4d87979a3cad043c9be00114f5e5d4361ed29eb458dcd0e4d,2.701800072557603e-08
d03E,140161d99a424b2d367d4c07c1b00a91c1d35713406c144e33003cf551109d48,140161d99a424b2d367d4c07c1b00a91c1d35713406c144e33003cf551109d48:1674,1674,7400,0b456f8be4a8bab6e6381e6b803af6606ef5eb9c1e003437c2c008cebc20444d,7400,e7e2c6e6f0da35d4d87979a3cad043c9be00114f5e5d4361ed29eb458dcd0e4d,1.989946629699091e-08
d03E,140161d99a424b2d367d4c07c1b00a91c1d35713406c144e33003cf551109d48,140161d99a424b2d367d4c07c1b00a91c1d35713406c144e33003cf551109d48:1675,1675,7400,3f3ce38522496ae91e8d49e78f56e2c3a082c1e9cc11bf3144cb41285e8e72c0,7400,e7e2c6e6f0da35d4d87979a3cad043c9be00114f5e5d4361ed29eb458dcd0e4d,2.5136063452890767e-08
d03E,140161d99a424b2d367d4c07c1b00a91c1d35713406c144e33003cf551109d48,140161d99a424b2d367d4c07c1b00a91c1d35713406c144e33003cf551109d48:1676,1676,7400,c2a388d2f876353482ba4d1d12f3b4e2d97984f13b37861001699b45ba22b299,7400,e7e2c6e6f0da35d4d87979a3cad043c9be00114f5e5d4361ed29eb458dcd0e4d,1.989946629699091e-08
d03E,140161d99a424b2d367d4c07c1b00a91c1d35713406c144e33003cf551109d48,140161d99a424b2d367d4c07c1b00a91c1d35713406c144e33003cf551109d48:1677,1677,7431,045f14d94c4dd8a42f1628a793f9c8727bb890140ab21103796079fbc6e58a2e,7431,a4aa6f3742aad823895dbe08b425b69a843bde5d8310716677c7941fc284919d,2.6651983175973726e-08
d03E,140161d99a424b2d367d4c07c1b00a91c1d35713406c144e33003cf551109d48,140161d99a424b2d367d4c07c1b00a91c1d35713406c144e33003cf551109d48:1678,1678,7431,5c8d6f5119a874e3d2c4c3b7871ab2dbda956c5258943382a3f4f2edc52c0f20,7431,a4aa6f3742aad823895dbe08b425b69a843bde5d8310716677c7941fc284919d,1.0600919808645415e-08
d03E,140161d99a424b2d367d4c07c1b00a91c1d35713406c144e33003cf551109d48,140161d99a424b2d367d4c07c1b00a91c1d35713406c144e33003cf551109d48:1679,1679,7447,8d06793fc3681c22c232446d76f2b75dd08dbedff386217acce28a0e45538185,7447,6d60819eb98bdbd92893c9c7d40d951444976e31db1df61d845d492524e9fcd5,3.272688220423703e-08
d03E,140161d99a424b2d367d4c07c1b00a91c1d35713406c144e33003cf551109d48,140161d99a424b2d367d4c07c1b00a91c1d35713406c144e33003cf551109d48:1680,1680,7478,f1bff7d8c64e112f5245c34c1740afbbf7c39de4b68372a2ab3d1c46c575760c,7478,ba74382aa48d231526db20b5f506d7e18ed8c6566f00ab3fd69e1bac369f8900,1.1882813288899285e-08
d03E,140161d99a424b2d367d4c07c1b00a91c1d35713406c144e33003cf551109d48,140161d99a424b2d367d4c07c1b00a91c1d35713406c144e33003cf551109d48:1681,1681,7478,438919d4fdcbf61eb36d15a9712216fa0cb493be5fd354de448315c4629f99de,7478,ba74382aa48d231526db20b5f506d7e18ed8c6566f00ab3fd69e1bac369f8900,2.642771068650518e-08
d03E,140161d99a424b2d367d4c07c1b00a91c1d35713406c144e33003cf551109d48,140161d99a424b2d367d4c07c1b00a91c1d35713406c144e33003cf551109d48:1682,1682,7478,d1faa0db3d6e0a93d6eaa01a6823109ab8c158efc4a28d14b9419bd14365c79a,7478,ba74382aa48d231526db20b5f506d7e18ed8c6566f00ab3fd69e1bac369f8900,2.5370089695719855e-08
d03E,140161d99a424b2d367d4c07c1b00a91c1d35713406c144e33003cf551109d48,140161d99a424b2d367d4c07c1b00a91c1d35713406c144e33003cf551109d48:1683,1683,7478,a29db5be54cf2aa677f9c2b50643f6d542a6c202ded62e76d51717cb0b0da748,7478,ba74382aa48d231526db20b5f506d7e18ed8c6566f00ab3fd69e1bac369f8900,2.642771068650518e-08
d03E,140161d99a424b2d367d4c07c1b00a91c1d35713406c144e33003cf551109d48,140161d99a424b2d367d4c07c1b00a91c1d35713406c144e33003cf551109d48:1684,1684,7478,a79364c98d246ebc9bcd3ff22e97df1f0f9fc7a6bf1d2c0a54009baa7739946d,7478,ba74382aa48d231526db20b5f506d7e18ed8c6566f00ab3fd69e1bac369f8900,2.642771068650518e-08
d03E,140161d99a424b2d367d4c07c1b00a91c1d35713406c144e33003cf551109d48,140161d99a424b2d367d4c07c1b00a91c1d35713406c144e33003cf551109d48:1685,1685,7478,603bee7765d4d173709cc934e4388d4b66c7a284dc62591600d9f22165d5c745,7478,ba74382aa48d231526db20b5f506d7e18ed8c6566f00ab3fd69e1bac369f8900,2.9144170299311156e-08
d03E,140161d99a424b2d367d4c07c1b00a91c1d35713406c144e33003cf551109d48,140161d99a424b2d367d4c07c1b00a91c1d35713406c144e33003cf551109d48:1686,1686,7478,85b44fd1a002ddca8a18ceec06da34b69ca443490da8468c96fcb2521e75ff3f,7478,ba74382aa48d231526db20b5f506d7e18ed8c6566f00ab3fd69e1bac369f8900,2.642771068650518e-08
d03E,140161d99a424b2d367d4c07c1b00a91c1d35713406c144e33003cf551109d48,140161d99a424b2d367d4c07c1b00a91c1d35713406c144e33003cf551109d48:1687,1687,7478,438919d4fdcbf61eb36d15a9712216fa0cb493be5fd354de448315c4629f99de,7478,ba74382aa48d231526db20b5f506d7e18ed8c6566f00ab3fd69e1bac369f8900,2.642771068650518e-08
d03E,140161d99a424b2d367d4c07c1b00a91c1d35713406c144e33003cf551109d48,140161d99a424b2d367d4c07c1b00a91c1d35713406c144e33003cf551109d48:1688,1688,7478,be174e593c0ff7f85dc6fa282d6a651c2fb0330b6b2ef1f225780f16db9540d6,7478,ba74382aa48d231526db20b5f506d7e18ed8c6566f00ab3fd69e1bac369f8900,2.642771068650518e-08
d03E,140161d99a424b2d367d4c07c1b00a91c1d35713406c144e33003cf551109d48,140161d99a424b2d367d4c07c1b00a91c1d35713406c144e33003cf551109d48:1689,1689,7478,b130af9d7bfa02d39b4c8d8e4cf8937c39b8dc6d7b629b12647c6d3715e5b096,7478,ba74382aa48d231526db20b5f506d7e18ed8c6566f00ab3fd69e1bac369f8900,2.642771068650518e-08
d03E,140161d99a424b2d367d4c07c1b00a91c1d35713406c144e33003cf551109d48,140161d99a424b2d367d4c07c1b00a91c1d35713406c144e33003cf551109d48:1690,1690,7478,649e7339b4b378a146b76bba294bd1506f3b0a4f846136a34acb6859b3baeee1,7478,ba74382aa48d231526db20b5f506d7e18ed8c6566f00ab3fd69e1bac369f8900,2.9144170299311156e-08
d03E,140161d99a424b2d367d4c07c1b00a91c1d35713406c144e33003cf551109d48,140161d99a424b2d367d4c07c1b00a91c1d35713406c144e33003cf551109d48:1691,1691,7478,649e7339b4b378a146b76bba294bd1506f3b0a4f846136a34acb6859b3baeee1,7478,ba74382aa48d231526db20b5f506d7e18ed8c6566f00ab3fd69e1bac369f8900,2.9144170299311156e-08
d03E,140161d99a424b2d367d4c07c1b00a91c1d35713406c144e33003cf551109d48,140161d99a424b2d367d4c07c1b00a91c1d35713406c144e33003cf551109d48:1692,1692,7478,603bee7765d4d173709cc934e4388d4b66c7a284dc62591600d9f22165d5c745,7478,ba74382aa48d231526db20b5f506d7e18ed8c6566f00ab3fd69e1bac369f8900,2.9144170299311156e-08
d03E,140161d99a424b2d367d4c07c1b00a91c1d35713406c144e33003cf551109d48,140161d99a424b2d367d4c07c1b00a91c1d35713406c144e33003cf551109d48:1693,1693,7478,a9e41cace8fa53100cce726dee8344fc3abfabeef52a7e7e1c2fd9efe65d305c,7478,ba74382aa48d231526db20b5f506d7e18ed8c6566f00ab3fd69e1bac369f8900,2.9572973847535877e-08
d03E,140161d99a424b2d367d4c07c1b00a91c1d35713406c144e33003cf551109d48,140161d99a424b2d367d4c07c1b00a91c1d35713406c144e33003cf551109d48:1694,1694,7478,f011ec52b341502ad617bbb3f4e783662c0803bdf21023fc0df680b5ddddf4f0,7478,ba74382aa48d231526db20b5f506d7e18ed8c6566f00ab3fd69e1bac369f8900,2.816902577862379e-08
d03E,140161d99a424b2d367d4c07c1b00a91c1d35713406c144e33003cf551109d48,140161d99a424b2d367d4c07c1b00a91c1d35713406c144e33003cf551109d48:1695,1695,7523,e532c847587f769c0aabef956177c0503fb152ec9622c1188d78f80ff9be93da,7523,8260bd323cc9d3ec3aa88cbb128358bcfbf9e3e8fc2e424f019b9b23b10c685c,1.6472182728932694e-08
d03E,140161d99a424b2d367d4c07c1b00a91c1d35713406c144e33003cf551109d48,140161d99a424b2d367d4c07c1b00a91c1d35713406c144e33003cf551109d48:1696,1696,7523,a0a09a1d1813f8090004d0dcc7ffb9569e0681e49a955d9180b6657da410834e,7523,8260bd323cc9d3ec3aa88cbb128358bcfbf9e3e8fc2e424f019b9b23b10c685c,1.589372278232304e-08
d03E,140161d99a424b2d367d4c07c1b00a91c1d35713406c144e33003cf551109d48,140161d99a424b2d367d4c07c1b00a91c1d35713406c144e33003cf551109d48:1697,1697,7523,e532c847587f769c0aabef956177c0503fb152ec9622c1188d78f80ff9be93da,7523,8260bd323cc9d3ec3aa88cbb128358bcfbf9e3e8fc2e424f019b9b23b10c685c,1.6472182728932694e-08
d03E,140161d99a424b2d367d4c07c1b00a91c1d35713406c144e33003cf551109d48,140161d99a424b2d367d4c07c1b00a91c1d35713406c144e33003cf551109d48:1698,1698,7554,8fbba2c6d0a23bb32a1860e3906d9d041b02bea427dbad1a1e68ee053bddd139,7554,99241e41ef4169553f40c077a8060dae2ebff83d5e06748549d5fc228fcc668b,1.3780025565068854e-08
d03E,140161d99a424b2d367d4c07c1b00a91c1d35713406c144e33003cf551109d48,140161d99a424b2d367d4c07c1b00a91c1d35713406c144e33003cf551109d48:1699,1699,7554,65e047845951f27b84b0f797a7e3920134c297dae884eabda430fbdff16352d8,7554,99241e41ef4169553f40c077a8060dae2ebff83d5e06748549d5fc228fcc668b,2.6621484017219643e-08
d03E,140161d99a424b2d367d4c07c1b00a91c1d35713406c144e33003cf551109d48,140161d99a424b2d367d4c07c1b00a91c1d35713406c144e33003cf551109d48:1700,1700,7554,977159274a9a39848d95cfc637166dd3befe75ea8a51cf7f4e1879b7c826404a,7554,99241e41ef4169553f40c077a8060dae2ebff83d5e06748549d5fc228fcc668b,2.6621484017219643e-08
d03E,140161d99a424b2d367d4c07c1b00a91c1d35713406c144e33003cf551109d48,140161d99a424b2d367d4c07c1b00a91c1d35713406c144e33003cf551109d48:1701,1701,7554,a8d5242f0df90c1fd27b428dea7142c6fb13d851a198d2b4450dfa155876b239,7554,99241e41ef4169553f40c077a8060dae2ebff83d5e06748549d5fc228fcc668b,2.6652086759781923e-08
d03E,140161d99a424b2d367d4c07c1b00a91c1d35713406c144e33003cf551109d48,140161d99a424b2d367d4c07c1b00a91c1d35713406c144e33003cf551109d48:1702,1702,7554,a8d5242f0df90c1fd27b428dea7142c6fb13d851a198d2b4450dfa155876b239,7554,99241e41ef4169553f40c077a8060dae2ebff83d5e06748549d5fc228fcc668b,2.6652086759781923e-08
d03E,140161d99a424b2d367d4c07c1b00a91c1d35713406c144e33003cf551109d48,140161d99a424b2d367d4c07c1b00a91c1d35713406c144e33003cf551109d48:1703,1703,7554,b2312fb429d80206ed71f6627c2243c712971752387bb8d481fcfc6d3d64122a,7554,99241e41ef4169553f40c077a8060dae2ebff83d5e06748549d5fc228fcc668b,2.318377861909582e-08
d03E,140161d99a424b2d367d4c07c1b00a91c1d35713406c144e33003cf551109d48,140161d99a424b2d367d4c07c1b00a91c1d35713406c144e33003cf551109d48:1704,1704,7554,b2312fb429d80206ed71f6627c2243c712971752387bb8d481fcfc6d3d64122a,7554,99241e41ef4169553f40c077a8060dae2ebff83d5e06748549d5fc228fcc668b,2.318377861909582e-08
d03E,140161d99a424b2d367d4c07c1b00a91c1d35713406c144e33003cf551109d48,140161d99a424b2d367d4c07c1b00a91c1d35713406c144e33003cf551109d48:1705,1705,7554,977159274a9a39848d95cfc637166dd3befe75ea8a51cf7f4e1879b7c826404a,7554,99241e41ef4169553f40c077a8060dae2ebff83d5e06748549d5fc228fcc668b,2.6621484017219643e-08
d03E,140161d99a424b2d367d4c07c1b00a91c1d35713406c144e33003cf551109d48,140161d99a424b2d367d4c07c1b00a91c1d35713406c144e33003cf551109d48:1706,1706,7654,ce7f50f964e2b70e713aebb09799490f13681e389faffd7832068bd32d623c15,7654,291ae92440b83c74e0c1017a541a123366878173b7a83d8c5e457f26b076c857,2.7888130693654034e-08
d03E,140161d99a424b2d367d4c07c1b00a91c1d35713406c144e33003cf551109d48,140161d99a424b2d367d4c07c1b00a91c1d35713406c144e33003cf551109d48:1707,1707,7720,be59409152b5daac433cfc38a1a9dd5cf889a5eca8c84544ffe4ef6312000686,7720,551dcd818b720510e1b2219193dbc66b0ea1599949685922d54e885db3d4eedb,2.9413113500353916e-08
d03E,140161d99a424b2d367d4c07c1b00a91c1d35713406c144e33003cf551109d48,140161d99a424b2d367d4c07c1b00a91c1d35713406c144e33003cf551109d48:1708,1708,7720,cfbe99ce264828d7dad7531700cead242e27f25d90c46c128d531702da9efddf,7720,551dcd818b720510e1b2219193dbc66b0ea1599949685922d54e885db3d4eedb,2.9413113500353916e-08
d03E,140161d99a424b2d367d4c07c1b00a91c1d35713406c144e33003cf551109d48,140161d99a424b2d367d4c07c1b00a91c1d35713406c144e33003cf551109d48:1709,1709,7720,066ef26358e68dd3450732bfa865ed693ad6f82f7d62034f970498c982e790f2,7720,551dcd818b720510e1b2219193dbc66b0ea1599949685922d54e885db3d4eedb,2.4273411947106638e-08
d03E,140161d99a424b2d367d4c07c1b00a91c1d35713406c144e33003cf551109d48,140161d99a424b2d367d4c07c1b00a91c1d35713406c144e33003cf551109d48:1710,1710,7720,066ef26358e68dd3450732bfa865ed693ad6f82f7d62034f970498c982e790f2,7720,551dcd818b720510e1b2219193dbc66b0ea1599949685922d54e885db3d4eedb,2.4273411947106638e-08
d03E,140161d99a424b2d367d4c07c1b00a91c1d35713406c144e33003cf551109d48,140161d99a424b2d367d4c07c1b00a91c1d35713406c144e33003cf551109d48:1711,1711,7733,6f2fb2ae715287a4d10545d430a2313d80bac4f95fd56295feba1f4d21a67e1c,7733,91a69a40d9da4e92bb4e4c704b82c5e7e7561f3137e471bd62d4570e380c29c6,8.873610957138567e-09
d03E,140161d99a424b2d367d4c07c1b00a91c1d35713406c144e33003cf551109d48,140161d99a424b2d367d4c07c1b00a91c1d35713406c144e33003cf551109d48:1712,1712,7739,b37ca28d73bf2776e366ab007c46393b26efe5bf3f6acf9f91f22097a168d1fc,7739,9e9732c7ba1fa6078f7463a1737a48bb6108f4bb5b55d9c9ac8c948179716fbd,2.3809858640255754e-08
d03E,140161d99a424b2d367d4c07c1b00a91c1d35713406c144e33003cf551109d48,140161d99a424b2d367d4c07c1b00a91c1d35713406c144e33003cf551109d48:1713,1713,7742,49c6df3cc0159b67198d36feeecf2c3f225ccef71cfd01e108ffe114959eac1b,7742,d720fe190f95d563f210ea1cd7df9726fc1ed2cec4e0ec2086f076bc7ce2b0f4,2.5737111997159445e-08
d03E,140161d99a424b2d367d4c07c1b00a91c1d35713406c144e33003cf551109d48,140161d99a424b2d367d4c07c1b00a91c1d35713406c144e33003cf551109d48:1714,1714,7742,b12becc132420ef1e17918bad2ed698ea73ab5418d120f616e12af80322a7d1a,7742,d720fe190f95d563f210ea1cd7df9726fc1ed2cec4e0ec2086f076bc7ce2b0f4,2.878463090105754e-08
d03E,140161d99a424b2d367d4c07c1b00a91c1d35713406c144e33003cf551109d48,140161d99a424b2d367d4c07c1b00a91c1d35713406c144e33003cf551109d48:1715,1715,7742,31fe9222c3b8424908c2ba1996c5a3c245a0c7995f97ca2d7d9467bcd4715d51,7742,d720fe190f95d563f210ea1cd7df9726fc1ed2cec4e0ec2086f076bc7ce2b0f4,3.055959818532017e-08
d03E,140161d99a424b2d367d4c07c1b00a91c1d35713406c144e33003cf551109d48,140161d99a424b2d367d4c07c1b00a91c1d35713406c144e33003cf551109d48:1716,1716,7742,31fe9222c3b8424908c2ba1996c5a3c245a0c7995f97ca2d7d9467bcd4715d51,7742,d720fe190f95d563f210ea1cd7df9726fc1ed2cec4e0ec2086f076bc7ce2b0f4,3.055959818532017e-08
d03E,140161d99a424b2d367d4c07c1b00a91c1d35713406c144e33003cf551109d48,140161d99a424b2d367d4c07c1b00a91c1d35713406c144e33003cf551109d48:1717,1717,7813,79e170f8e82db5fa3fd12752d11e0080a282e9a87aedac9b4ab381b765d4fd31,7813,7ce2f7e3f3258178f21f28ff4b8f59c26c1e090e7a6eeeef2204deb4065f1f37,2.6600152969180613e-08
d03E,140161d99a424b2d367d4c07c1b00a91c1d35713406c144e33003cf551109d48,140161d99a424b2d367d4c07c1b00a91c1d35713406c144e33003cf551109d48:1718,1718,7813,79e170f8e82db5fa3fd12752d11e0080a282e9a87aedac9b4ab381b765d4fd31,7813,7ce2f7e3f3258178f21f28ff4b8f59c26c1e090e7a6eeeef2204deb4065f1f37,2.6600152969180613e-08
d03E,140161d99a424b2d367d4c07c1b00a91c1d35713406c144e33003cf551109d48,140161d99a424b2d367d4c07c1b00a91c1d35713406c144e33003cf551109d48:1719,1719,7830,4cd19f363d47a2e5994d5f162376bc5ce2d5054b9953651e5e406ed7fb372503,7830,4d7e25e6e3cdcce53bb124215648169996d038fc9bff726140097fe6faa7609e,2.0505061426590032e-08
d03E,140161d99a424b2d367d4c07c1b00a91c1d35713406c144e33003cf551109d48,140161d99a424b2d367d4c07c1b00a91c1d35713406c144e33003cf551109d48:1720,1720,7830,61c2dc0996eddf646845ff21661abce1b2348d90f37029f26b5f50e8fd34a197,7830,4d7e25e6e3cdcce53bb124215648169996d038fc9bff726140097fe6faa7609e,1.8778920418682787e-08
d03E,140161d99a424b2d367d4c07c1b00a91c1d35713406c144e33003cf551109d48,140161d99a424b2d367d4c07c1b00a91c1d35713406c144e33003cf551109d48:1721,1721,7830,deb38780b5da8320c693ddea08d178482e2d1e69577a4925d916fab967686602,7830,4d7e25e6e3cdcce53bb124215648169996d038fc9bff726140097fe6faa7609e,2.436685586637566e-08
d03E,140161d99a424b2d367d4c07c1b00a91c1d35713406c144e33003cf551109d48,140161d99a424b2d367d4c07c1b00a91c1d35713406c144e33003cf551109d48:1722,1722,7860,d98cad19bfdf1bd0ff05ab47d5317acd3d5b23133de9f15221fc0b2df1211469,7860,0d1696a925203189ac8bfd18530b69b80bada2edcd389e0f2513af72cbde99d4,1.8415841740448968e-08
d03E,140161d99a424b2d367d4c07c1b00a91c1d35713406c144e33003cf551109d48,140161d99a424b2d367d4c07c1b00a91c1d35713406c144e33003cf551109d48:1723,1723,7901,19cfc13e99fa1bf4c14edc2b7115d82d008cc7975d5cf6d7a5ce4c8b60cfb38c,7901,8f9ff89eccceed9ebdf8e27a3ae87585d75e21486204e76fd259e108e82448d0,2.0882533036115092e-08
d03E,140161d99a424b2d367d4c07c1b00a91c1d35713406c144e33003cf551109d48,140161d99a424b2d367d4c07c1b00a91c1d35713406c144e33003cf551109d48:1724,1724,7901,8d5c064e2febc709f44be8b5d8c4f68849a29cfa7d86ccb02a7a27afa2876bff,7901,8f9ff89eccceed9ebdf8e27a3ae87585d75e21486204e76fd259e108e82448d0,2.0882533036115092e-08
d03E,140161d99a424b2d367d4c07c1b00a91c1d35713406c144e33003cf551109d48,140161d99a424b2d367d4c07c1b00a91c1d35713406c144e33003cf551109d48:1725,1725,7901,19dfe1c4ac3a4afd19746dadcfe8cfa5fbfde84f2da9104a83cd5ef33560ff89,7901,8f9ff89eccceed9ebdf8e27a3ae87585d75e21486204e76fd259e108e82448d0,2.158360334902909e-08
d03E,140161d99a424b2d367d4c07c1b00a91c1d35713406c144e33003cf551109d48,140161d99a424b2d367d4c07c1b00a91c1d35713406c144e33003cf551109d48:1726,1726,7901,e2c53a8ca637795fb432a600402428918dc12a4e7b6f99b6053215960ef7172d,7901,8f9ff89eccceed9ebdf8e27a3ae87585d75e21486204e76fd259e108e82448d0,2.0882533036115092e-08
d03E,140161d99a424b2d367d4c07c1b00a91c1d35713406c144e33003cf551109d48,140161d99a424b2d367d4c07c1b00a91c1d35713406c144e33003cf551109d48:1727,1727,7901,d7933ada2d34e77751dccf86c0354a1d40a82d47564cc166ab6662a78630833f,7901,8f9ff89eccceed9ebdf8e27a3ae87585d75e21486204e76fd259e108e82448d0,2.0882533036115092e-08
d03E,140161d99a424b2d367d4c07c1b00a91c1d35713406c144e33003cf551109d48,140161d99a424b2d367d4c07c1b00a91c1d35713406c144e33003cf551109d48:1728,1728,7901,28478615dab92dd3a16aed3103a240a40dc64796273a3d7656db07c8883b1a57,7901,8f9ff89eccceed9ebdf8e27a3ae87585d75e21486204e76fd259e108e82448d0,2.734437942741863e-08
d03E,140161d99a424b2d367d4c07c1b00a91c1d35713406c144e33003cf551109d48,140161d99a424b2d367d4c07c1b00a91c1d35713406c144e33003cf551109d48:1729,1729,7901,d7933ada2d34e77751dccf86c0354a1d40a82d47564cc166ab6662a78630833f,7901,8f9ff89eccceed9ebdf8e27a3ae87585d75e21486204e76fd259e108e82448d0,2.0882533036115092e-08
d03E,140161d99a424b2d367d4c07c1b00a91c1d35713406c144e33003cf551109d48,140161d99a424b2d367d4c07c1b00a91c1d35713406c144e33003cf551109d48:1730,1730,7901,09f945081ec1d499798f0b22d63cea3ddef2a4952a36ecd80e61d90eee2fb74a,7901,8f9ff89eccceed9ebdf8e27a3ae87585d75e21486204e76fd259e108e82448d0,2.531702003594205e-08
d03E,140161d99a424b2d367d4c07c1b00a91c1d35713406c144e33003cf551109d48,140161d99a424b2d367d4c07c1b00a91c1d35713406c144e33003cf551109d48:1731,1731,7902,2f3187ed72523c541c37d57e08b419a57d0c77bc2aa8211603c03ab5e18f4714,7902,bf0f0b70a5a7406c2441ddb7bd401deb4ed7a0ab898c9c1efc0702c30ea93345,1.2974112229002799e-08
d03E,140161d99a424b2d367d4c07c1b00a91c1d35713406c144e33003cf551109d48,140161d99a424b2d367d4c07c1b00a91c1d35713406c144e33003cf551109d48:1732,1732,7907,8b96488d30f8bb4c80c1eba4fbe7fec11d7f1c8f130a0878887fd2d69ccfd0a4,7907,2b9d6bf14ab4ba0cde7c30efadc5cbc5c7714838cab33a2b04a2439fa29c0679,2.6790196283599244e-08
d03E,140161d99a424b2d367d4c07c1b00a91c1d35713406c144e33003cf551109d48,140161d99a424b2d367d4c07c1b00a91c1d35713406c144e33003cf551109d48:1733,1733,7907,56cdc409436040a0bd4073834a43c4657c7fa0080a9a5ac836739993da6332d1,7907,2b9d6bf14ab4ba0cde7c30efadc5cbc5c7714838cab33a2b04a2439fa29c0679,2.6790196283599244e-08
d03E,140161d99a424b2d367d4c07c1b00a91c1d35713406c144e33003cf551109d48,140161d99a424b2d367d4c07c1b00a91c1d35713406c144e33003cf551109d48:1734,1734,7907,7317ee23c1f6bb3de1833058fc74028ddc62eb86c88ad0e3c2684a61dfd8e390,7907,2b9d6bf14ab4ba0cde7c30efadc5cbc5c7714838cab33a2b04a2439fa29c0679,2.4984707858166644e-08
d03E,140161d99a424b2d367d4c07c1b00a91c1d35713406c144e33003cf551109d48,140161d99a424b2d367d4c07c1b00a91c1d35713406c144e33003cf551109d48:1735,1735,7907,892f28a1b467c5d0ba0a896a00f120d5d4b2a178318a849e5a38833ff0a812db,7907,2b9d6bf14ab4ba0cde7c30efadc5cbc5c7714838cab33a2b04a2439fa29c0679,2.4984707858166644e-08
d03E,140161d99a424b2d367d4c07c1b00a91c1d35713406c144e33003cf551109d48,140161d99a424b2d367d4c07c1b00a91c1d35713406c144e33003cf551109d48:1736,1736,7907,31011503e623411a4fe17b2edd8ee1a1436f4eba4b83845e84a72888b9108c65,7907,2b9d6bf14ab4ba0cde7c30efadc5cbc5c7714838cab33a2b04a2439fa29c0679,2.667645726539547e-08
d03E,140161d99a424b2d367d4c07c1b00a91c1d35713406c144e33003cf551109d48,140161d99a424b2d367d4c07c1b00a91c1d35713406c144e33003cf551109d48:1737,1737,7907,d3f69e10332e3172e0f928519db569b295c0af9a036f795a6ecfb82619c7f9e7,7907,2b9d6bf14ab4ba0cde7c30efadc5cbc5c7714838cab33a2b04a2439fa29c0679,2.777867558201308e-08
d03E,140161d99a424b2d367d4c07c1b00a91c1d35713406c144e33003cf551109d48,140161d99a424b2d367d4c07c1b00a91c1d35713406c144e33003cf551109d48:1738,1738,7907,d3f69e10332e3172e0f928519db569b295c0af9a036f795a6ecfb82619c7f9e7,7907,2b9d6bf14ab4ba0cde7c30efadc5cbc5c7714838cab33a2b04a2439fa29c0679,2.777867558201308e-08
d03E,140161d99a424b2d367d4c07c1b00a91c1d35713406c144e33003cf551109d48,140161d99a424b2d367d4c07c1b00a91c1d35713406c144e33003cf551109d48:1739,1739,7907,8b96488d30f8bb4c80c1eba4fbe7fec11d7f1c8f130a0878887fd2d69ccfd0a4,7907,2b9d6bf14ab4ba0cde7c30efadc5cbc5c7714838cab33a2b04a2439fa29c0679,2.6790196283599244e-08
d03E,140161d99a424b2d367d4c07c1b00a91c1d35713406c144e33003cf551109d48,140161d99a424b2d367d4c07c1b00a91c1d35713406c144e33003cf551109d48:1740,1740,7907,80e126c0a96d0d09ba130a1a6475d41e167fcc2278ae9ccf1291ac462d0d0823,7907,2b9d6bf14ab4ba0cde7c30efadc5cbc5c7714838cab33a2b04a2439fa29c0679,2.5306711171069196e-08
d03E,140161d99a424b2d367d4c07c1b00a91c1d35713406c144e33003cf551109d48,140161d99a424b2d367d4c07c1b00a91c1d35713406c144e33003cf551109d48:1741,1741,7907,31011503e623411a4fe17b2edd8ee1a1436f4eba4b83845e84a72888b9108c65,7907,2b9d6bf14ab4ba0cde7c30efadc5cbc5c7714838cab33a2b04a2439fa29c0679,2.667645726539547e-08
d03E,140161d99a424b2d367d4c07c1b00a91c1d35713406c144e33003cf551109d48,140161d99a424b2d367d4c07c1b00a91c1d35713406c144e33003cf551109d48:1742,1742,7907,d9808a29303b05d30ec5e1826e73573d20ce5e88d4b4b4921f33b37e65fcdfa3,7907,2b9d6bf14ab4ba0cde7c30efadc5cbc5c7714838cab33a2b04a2439fa29c0679,2.920289721153324e-08
d03E,140161d99a424b2d367d4c07c1b00a91c1d35713406c144e33003cf551109d48,140161d99a424b2d367d4c07c1b00a91c1d35713406c144e33003cf551109d48:1743,1743,7976,4a391f5aa3edda0be1163c22ce9aec40c4d65a8cdbc37816cad102c8d617245a,7976,558f0922fa37e3513eb87ad4eadd4b1a73569367404a48d9fcd4e0238acea40e,2.3655073566608564e-08
d03E,140161d99a424b2d367d4c07c1b00a91c1d35713406c144e33003cf551109d48,140161d99a424b2d367d4c07c1b00a91c1d35713406c144e33003cf551109d48:1744,1744,7976,2e7b0ca8742f28c48c9f40b6ce66e472736cdad09c106f7dd429a52d998493ce,7976,558f0922fa37e3513eb87ad4eadd4b1a73569367404a48d9fcd4e0238acea40e,1.6204492969684736e-08
d03E,140161d99a424b2d367d4c07c1b00a91c1d35713406c144e33003cf551109d48,140161d99a424b2d367d4c07c1b00a91c1d35713406c144e33003cf551109d48:1745,1745,7979,9838797406ac1ab28cc820b0695af384ebaedba64df06305f454a6bed1b98193,7979,3a6fd42103a42f969866b42889afe88bff9722775cd69a8c9ff7511e5367e911,2.0266371691946006e-08
d03E,140161d99a424b2d367d4c07c1b00a91c1d35713406c144e33003cf551109d48,140161d99a424b2d367d4c07c1b00a91c1d35713406c144e33003cf551109d48:1746,1746,7979,eec0a0ca688d3467e6d60439bee56ba5a9d075253da2b524f0977c976b6a4dc0,7979,3a6fd42103a42f969866b42889afe88bff9722775cd69a8c9ff7511e5367e911,2.0266371691946006e-08
d03E,140161d99a424b2d367d4c07c1b00a91c1d35713406c144e33003cf551109d48,140161d99a424b2d367d4c07c1b00a91c1d35713406c144e33003cf551109d48:1747,1747,7979,cac4e698c1833789bc03227ef4e09f3fbd13071dfbdb4b48281d89ba98972224,7979,3a6fd42103a42f969866b42889afe88bff9722775cd69a8c9ff7511e5367e911,2.4339078530388747e-08
d03E,140161d99a424b2d367d4c07c1b00a91c1d35713406c144e33003cf551109d48,140161d99a424b2d367d4c07c1b00a91c1d35713406c144e33003cf551109d48:1748,1748,7979,cac4e698c1833789bc03227ef4e09f3fbd13071dfbdb4b48281d89ba98972224,7979,3a6fd42103a42f969866b42889afe88bff9722775cd69a8c9ff7511e5367e911,2.4339078530388747e-08
d03E,140161d99a424b2d367d4c07c1b00a91c1d35713406c144e33003cf551109d48,140161d99a424b2d367d4c07c1b00a91c1d35713406c144e33003cf551109d48:1749,1749,7979,7b71645c6f73149d8aa82226a7091639691003e995ffd157f910ab1c9348d529,7979,3a6fd42103a42f969866b42889afe88bff9722775cd69a8c9ff7511e5367e911,2.9126824729885925e-08
d03E,140161d99a424b2d367d4c07c1b00a91c1d35713406c144e33003cf551109d48,140161d99a424b2d367d4c07c1b00a91c1d35713406c144e33003cf551109d48:1750,1750,7979,ca2a29311c5de70511f28e8d63c1bc7604f0421613bab0f53bcf07aed59eb960,7979,3a6fd42103a42f969866b42889afe88bff9722775cd69a8c9ff7511e5367e911,2.3749767152914103e-08
d03E,140161d99a424b2d367d4c07c1b00a91c1d35713406c144e33003cf551109d48,140161d99a424b2d367d4c07c1b00a91c1d35713406c144e33003cf551109d48:1751,1751,7979,0de997ed78c8422164a576a73f3197127226d4673b66e6d228fcae16cc496ee6,7979,3a6fd42103a42f969866b42889afe88bff9722775cd69a8c9ff7511e5367e911,2.4089695349616136e-08
d03E,140161d99a424b2d367d4c07c1b00a91c1d35713406c144e33003cf551109d48,140161d99a424b2d367d4c07c1b00a91c1d35713406c144e33003cf551109d48:1752,1752,7979,27c3136a3e9d580782fce13951683f3238746f4c6266dcec0642f6255ab75f90,7979,3a6fd42103a42f969866b42889afe88bff9722775cd69a8c9ff7511e5367e911,2.0266371691946006e-08
d03E,140161d99a424b2d367d4c07c1b00a91c1d35713406c144e33003cf551109d48,140161d99a424b2d367d4c07c1b00a91c1d35713406c144e33003cf551109d48:1753,1753,7979,2b55fa1dfdd53e63036535c64f61c2d8f2d1a39d65018c9563ced46263eafc5b,7979,3a6fd42103a42f969866b42889afe88bff9722775cd69a8c9ff7511e5367e911,2.7264179580654968e-08
d03E,140161d99a424b2d367d4c07c1b00a91c1d35713406c144e33003cf551109d48,140161d99a424b2d367d4c07c1b00a91c1d35713406c144e33003cf551109d48:1754,1754,7979,cac4e698c1833789bc03227ef4e09f3fbd13071dfbdb4b48281d89ba98972224,7979,3a6fd42103a42f969866b42889afe88bff9722775cd69a8c9ff7511e5367e911,2.4339078530388747e-08
d03E,140161d99a424b2d367d4c07c1b00a91c1d35713406c144e33003cf551109d48,140161d99a424b2d367d4c07c1b00a91c1d35713406c144e33003cf551109d48:1755,1755,7979,7b71645c6f73149d8aa82226a7091639691003e995ffd157f910ab1c9348d529,7979,3a6fd42103a42f969866b42889afe88bff9722775cd69a8c9ff7511e5367e911,2.9126824729885925e-08
d03E,140161d99a424b2d367d4c07c1b00a91c1d35713406c144e33003cf551109d48,140161d99a424b2d367d4c07c1b00a91c1d35713406c144e33003cf551109d48:1756,1756,7979,0369b5065a8f1afd3f5e7d4345871fe5e05c77e289c8475804d7f3b268e8c1b4,7979,3a6fd42103a42f969866b42889afe88bff9722775cd69a8c9ff7511e5367e911,2.6752529747042786e-08
d03E,140161d99a424b2d367d4c07c1b00a91c1d35713406c144e33003cf551109d48,140161d99a424b2d367d4c07c1b00a91c1d35713406c144e33003cf551109d48:1757,1757,7979,85100816c5a6a7693a98890f624099e9c4080615ad435a89282e6351e67b90f9,7979,3a6fd42103a42f969866b42889afe88bff9722775cd69a8c9ff7511e5367e911,2.8404297025552694e-08
d03E,140161d99a424b2d367d4c07c1b00a91c1d35713406c144e33003cf551109d48,140161d99a424b2d367d4c07c1b00a91c1d35713406c144e33003cf551109d48:1758,1758,7982,fa57752fa92cf1ae66c80fd38e6eef72c8db318157e6a4bf92b8e99853b6f4d7,7982,19725dffccf1fa400560e1d8fd2c2c9a6728c91a034c54da2495e9c9c443d32c,1.746954514381116e-08
d03E,140161d99a424b2d367d4c07c1b00a91c1d35713406c144e33003cf551109d48,140161d99a424b2d367d4c07c1b00a91c1d35713406c144e33003cf551109d48:1759,1759,7982,d5784cc67d777bf446ddbd01073dc1f7ece72dfc56c0b8f2bcc0d8501c6ce70e,7982,19725dffccf1fa400560e1d8fd2c2c9a6728c91a034c54da2495e9c9c443d32c,2.424814193879854e-08
d03E,140161d99a424b2d367d4c07c1b00a91c1d35713406c144e33003cf551109d48,140161d99a424b2d367d4c07c1b00a91c1d35713406c144e33003cf551109d48:1760,1760,7982,58039508490e7a0fe06334e7c829f27b58ee54d1b60414d77ffbd201dfa04bad,7982,19725dffccf1fa400560e1d8fd2c2c9a6728c91a034c54da2495e9c9c443d32c,2.3508648139269894e-08
d03E,140161d99a424b2d367d4c07c1b00a91c1d35713406c144e33003cf551109d48,140161d99a424b2d367d4c07c1b00a91c1d35713406c144e33003cf551109d48:1761,1761,7982,19e6a1e4d9e0fdbb2d10cf07e9a2fa5225f4e68339fd6d3dd5ff06c4df9ff1c0,7982,19725dffccf1fa400560e1d8fd2c2c9a6728c91a034c54da2495e9c9c443d32c,2.1194835442273074e-08
d03E,140161d99a424b2d367d4c07c1b00a91c1d35713406c144e33003cf551109d48,140161d99a424b2d367d4c07c1b00a91c1d35713406c144e33003cf551109d48:1762,1762,7982,0e18e1984d1184d1770e6adc75b846c94495a733eacdfd07e56644bed800d9c2,7982,19725dffccf1fa400560e1d8fd2c2c9a6728c91a034c54da2495e9c9c443d32c,2.3508648139269894e-08
d03E,140161d99a424b2d367d4c07c1b00a91c1d35713406c144e33003cf551109d48,140161d99a424b2d367d4c07c1b00a91c1d35713406c144e33003cf551109d48:1763,1763,7984,8abbaab6fa158610e27c95e367e1d63b759a4172cf0dd90ba06c51441bb1d45f,7984,a2caa006923b57b8e77f5a624bd1b91fe027584dd4624a496f57ef25a0b60849,2.5491049382431186e-08
d03E,140161d99a424b2d367d4c07c1b00a91c1d35713406c144e33003cf551109d48,140161d99a424b2d367d4c07c1b00a91c1d35713406c144e33003cf551109d48:1764,1764,7984,9163cb3477a79240fac5c09f522f9c7de61fd91c46fbfbe0bd884f24b0c3aacb,7984,a2caa006923b57b8e77f5a624bd1b91fe027584dd4624a496f57ef25a0b60849,4.2780634368355663e-08
d03E,140161d99a424b2d367d4c07c1b00a91c1d35713406c144e33003cf551109d48,140161d99a424b2d367d4c07c1b00a91c1d35713406c144e33003cf551109d48:1765,1765,7984,8abbaab6fa158610e27c95e367e1d63b759a4172cf0dd90ba06c51441bb1d45f,7984,a2caa006923b57b8e77f5a624bd1b91fe027584dd4624a496f57ef25a0b60849,2.5491049382431186e-08
d03E,140161d99a424b2d367d4c07c1b00a91c1d35713406c144e33003cf551109d48,140161d99a424b2d367d4c07c1b00a91c1d35713406c144e33003cf551109d48:1766,1766,7984,8abbaab6fa158610e27c95e367e1d63b759a4172cf0dd90ba06c51441bb1d45f,7984,a2caa006923b57b8e77f5a624bd1b91fe027584dd4624a496f57ef25a0b60849,2.5491049382431186e-08
d03E,140161d99a424b2d367d4c07c1b00a91c1d35713406c144e33003cf551109d48,140161d99a424b2d367d4c07c1b00a91c1d35713406c144e33003cf551109d48:1767,1767,8004,9f395e698905e3eb5cf5e9c72954265a8187604b189f93ad68562e139a9fcba9,8004,f2f0f8ed49e37a758603ff2108c3719ed53f13b0a15990449c89a4a4a101f978,2.6178953005384642e-08
d03E,140161d99a424b2d367d4c07c1b00a91c1d35713406c144e33003cf551109d48,140161d99a424b2d367d4c07c1b00a91c1d35713406c144e33003cf551109d48:1768,1768,8004,4851f7f475bd57aca8724c034f67a58a415f45c3b8fd793838183f6eb93d714a,8004,f2f0f8ed49e37a758603ff2108c3719ed53f13b0a15990449c89a4a4a101f978,1.1277791811536986e-08
d03E,140161d99a424b2d367d4c07c1b00a91c1d35713406c144e33003cf551109d48,140161d99a424b2d367d4c07c1b00a91c1d35713406c144e33003cf551109d48:1769,1769,8004,9f395e698905e3eb5cf5e9c72954265a8187604b189f93ad68562e139a9fcba9,8004,f2f0f8ed49e37a758603ff2108c3719ed53f13b0a15990449c89a4a4a101f978,2.6178953005384642e-08
d03E,140161d99a424b2d367d4c07c1b00a91c1d35713406c144e33003cf551109d48,140161d99a424b2d367d4c07c1b00a91c1d35713406c144e33003cf551109d48:1770,1770,8004,8129f42a66e532128f3040ad17121836aac6cdb71431a8e626c9a0d89be2f7bc,8004,f2f0f8ed49e37a758603ff2108c3719ed53f13b0a15990449c89a4a4a101f978,1.1277791811536986e-08
d03E,140161d99a424b2d367d4c07c1b00a91c1d35713406c144e33003cf551109d48,140161d99a424b2d367d4c07c1b00a91c1d35713406c144e33003cf551109d48:1771,1771,8004,2bca9e8f93e6c295025eb89fcad464742e51f7ca9a1baa93f26222cb1f5a532d,8004,f2f0f8ed49e37a758603ff2108c3719ed53f13b0a15990449c89a4a4a101f978,2.6178953005384642e-08
d03E,140161d99a424b2d367d4c07c1b00a91c1d35713406c144e33003cf551109d48,140161d99a424b2d367d4c07c1b00a91c1d35713406c144e33003cf551109d48:1772,1772,8004,cc109d28b3fbbd7d8c6ab94e84c9119253fec621e37d3677efbe9008ce1a050a,8004,f2f0f8ed49e37a758603ff2108c3719ed53f13b0a15990449c89a4a4a101f978,2.0464990146962236e-08
d03E,140161d99a424b2d367d4c07c1b00a91c1d35713406c144e33003cf551109d48,140161d99a424b2d367d4c07c1b00a91c1d35713406c144e33003cf551109d48:1773,1773,8004,77dc4a033d8d3261acea42ebfc29f8b8406ca7c21afb1ea62121d384d3c54171,8004,f2f0f8ed49e37a758603ff2108c3719ed53f13b0a15990449c89a4a4a101f978,1.4799240277696413e-08
d03E,140161d99a424b2d367d4c07c1b00a91c1d35713406c144e33003cf551109d48,140161d99a424b2d367d4c07c1b00a91c1d35713406c144e33003cf551109d48:1774,1774,8004,8129f42a66e532128f3040ad17121836aac6cdb71431a8e626c9a0d89be2f7bc,8004,f2f0f8ed49e37a758603ff2108c3719ed53f13b0a15990449c89a4a4a101f978,1.1277791811536986e-08
d03E,140161d99a424b2d367d4c07c1b00a91c1d35713406c144e33003cf551109d48,140161d99a424b2d367d4c07c1b00a91c1d35713406c144e33003cf551109d48:1775,1775,8004,2bca9e8f93e6c295025eb89fcad464742e51f7ca9a1baa93f26222cb1f5a532d,8004,f2f0f8ed49e37a758603ff2108c3719ed53f13b0a15990449c89a4a4a101f978,2.6178953005384642e-08
d03E,140161d99a424b2d367d4c07c1b00a91c1d35713406c144e33003cf551109d48,140161d99a424b2d367d4c07c1b00a91c1d35713406c144e33003cf551109d48:1776,1776,8004,cc109d28b3fbbd7d8c6ab94e84c9119253fec621e37d3677efbe9008ce1a050a,8004,f2f0f8ed49e37a758603ff2108c3719ed53f13b0a15990449c89a4a4a101f978,2.0464990146962236e-08
d03E,140161d99a424b2d367d4c07c1b00a91c1d35713406c144e33003cf551109d48,140161d99a424b2d367d4c07c1b00a91c1d35713406c144e33003cf551109d48:1777,1777,8004,2bca9e8f93e6c295025eb89fcad464742e51f7ca9a1baa93f26222cb1f5a532d,8004,f2f0f8ed49e37a758603ff2108c3719ed53f13b0a15990449c89a4a4a101f978,2.6178953005384642e-08
d03E,140161d99a424b2d367d4c07c1b00a91c1d35713406c144e33003cf551109d48,140161d99a424b2d367d4c07c1b00a91c1d35713406c144e33003cf551109d48:1778,1778,8004,6c7555063d718e2e2571b81111923a96b1ed480063b3e1b67d348a422477cd21,8004,f2f0f8ed49e37a758603ff2108c3719ed53f13b0a15990449c89a4a4a101f978,2.6178953005384642e-08
d03E,140161d99a424b2d367d4c07c1b00a91c1d35713406c144e33003cf551109d48,140161d99a424b2d367d4c07c1b00a91c1d35713406c144e33003cf551109d48:1779,1779,8004,2bca9e8f93e6c295025eb89fcad464742e51f7ca9a1baa93f26222cb1f5a532d,8004,f2f0f8ed49e37a758603ff2108c3719ed53f13b0a15990449c89a4a4a101f978,2.6178953005384642e-08
d03E,140161d99a424b2d367d4c07c1b00a91c1d35713406c144e33003cf551109d48,140161d99a424b2d367d4c07c1b00a91c1d35713406c144e33003cf551109d48:1780,1780,8004,2bca9e8f93e6c295025eb89fcad464742e51f7ca9a1baa93f26222cb1f5a532d,8004,f2f0f8ed49e37a758603ff2108c3719ed53f13b0a15990449c89a4a4a101f978,2.6178953005384642e-08
d03E,140161d99a424b2d367d4c07c1b00a91c1d35713406c144e33003cf551109d48,140161d99a424b2d367d4c07c1b00a91c1d35713406c144e33003cf551109d48:1781,1781,8004,97a3a5724b22cfb747f39ef8df2878e323b074bdeedf41c8c75108748bad7be0,8004,f2f0f8ed49e37a758603ff2108c3719ed53f13b0a15990449c89a4a4a101f978,2.1444525710734297e-08
d03E,140161d99a424b2d367d4c07c1b00a91c1d35713406c144e33003cf551109d48,140161d99a424b2d367d4c07c1b00a91c1d35713406c144e33003cf551109d48:1782,1782,8004,2bca9e8f93e6c295025eb89fcad464742e51f7ca9a1baa93f26222cb1f5a532d,8004,f2f0f8ed49e37a758603ff2108c3719ed53f13b0a15990449c89a4a4a101f978,2.6178953005384642e-08
d03E,140161d99a424b2d367d4c07c1b00a91c1d35713406c144e33003cf551109d48,140161d99a424b2d367d4c07c1b00a91c1d35713406c144e33003cf551109d48:1783,1783,8004,cc109d28b3fbbd7d8c6ab94e84c9119253fec621e37d3677efbe9008ce1a050a,8004,f2f0f8ed49e37a758603ff2108c3719ed53f13b0a15990449c89a4a4a101f978,2.0464990146962236e-08
d03E,140161d99a424b2d367d4c07c1b00a91c1d35713406c144e33003cf551109d48,140161d99a424b2d367d4c07c1b00a91c1d35713406c144e33003cf551109d48:1784,1784,8004,97a3a5724b22cfb747f39ef8df2878e323b074bdeedf41c8c75108748bad7be0,8004,f2f0f8ed49e37a758603ff2108c3719ed53f13b0a15990449c89a4a4a101f978,2.1444525710734297e-08
d03E,140161d99a424b2d367d4c07c1b00a91c1d35713406c144e33003cf551109d48,140161d99a424b2d367d4c07c1b00a91c1d35713406c144e33003cf551109d48:1785,1785,8008,c33fd62844625a2829ed12064d7f2c947842e7edf9554caaa09e8a52777d365e,8008,c08ac00a326e55658578c742ffec8cbb5ea8b872482847626082353c5dbafb64,1.462633769655497e-08
d03E,140161d99a424b2d367d4c07c1b00a91c1d35713406c144e33003cf551109d48,140161d99a424b2d367d4c07c1b00a91c1d35713406c144e33003cf551109d48:1786,1786,8008,a4b07db35f88c667d48f3c3e16aeb4997dd43375c6e9d49dcfaffbfcd90f3f79,8008,c08ac00a326e55658578c742ffec8cbb5ea8b872482847626082353c5dbafb64,1.462633769655497e-08
d03E,140161d99a424b2d367d4c07c1b00a91c1d35713406c144e33003cf551109d48,140161d99a424b2d367d4c07c1b00a91c1d35713406c144e33003cf551109d48:1787,1787,8008,4d1bda2934d47a5d9b620b62bc189ea743ccbe8c666e1569522e81e9f7b0607a,8008,c08ac00a326e55658578c742ffec8cbb5ea8b872482847626082353c5dbafb64,1.4437284145962792e-08
d03E,140161d99a424b2d367d4c07c1b00a91c1d35713406c144e33003cf551109d48,140161d99a424b2d367d4c07c1b00a91c1d35713406c144e33003cf551109d48:1788,1788,8008,feaae627902ef75ee2fcde4f757a831532e2ff37c03b07d72f0e0aa66730f6b8,8008,c08ac00a326e55658578c742ffec8cbb5ea8b872482847626082353c5dbafb64,1.462633769655497e-08
d03E,140161d99a424b2d367d4c07c1b00a91c1d35713406c144e33003cf551109d48,140161d99a424b2d367d4c07c1b00a91c1d35713406c144e33003cf551109d48:1789,1789,8008,657c98edb735ec5db78541cf05995c10289cc74feb72fca9e34ed47b3bf4bec3,8008,c08ac00a326e55658578c742ffec8cbb5ea8b872482847626082353c5dbafb64,1.462633769655497e-08
d03E,140161d99a424b2d367d4c07c1b00a91c1d35713406c144e33003cf551109d48,140161d99a424b2d367d4c07c1b00a91c1d35713406c144e33003cf551109d48:1790,1790,8008,61de54550ee42ea784fa46d02c499952276292fcce4a7a3f16d12b3cdcc68285,8008,c08ac00a326e55658578c742ffec8cbb5ea8b872482847626082353c5dbafb64,1.462633769655497e-08
d03E,140161d99a424b2d367d4c07c1b00a91c1d35713406c144e33003cf551109d48,140161d99a424b2d367d4c07c1b00a91c1d35713406c144e33003cf551109d48:1791,1791,8008,feaae627902ef75ee2fcde4f757a831532e2ff37c03b07d72f0e0aa66730f6b8,8008,c08ac00a326e55658578c742ffec8cbb5ea8b872482847626082353c5dbafb64,1.462633769655497e-08
d03E,140161d99a424b2d367d4c07c1b00a91c1d35713406c144e33003cf551109d48,140161d99a424b2d367d4c07c1b00a91c1d35713406c144e33003cf551109d48:1792,1792,8009,a2812b769e4f3d76232f8b2ab69a90791a88ee66ee95b6dbcd77e774f7b3373d,8009,40c6548d595475ebac4bc87ff94122b1af6327046205d824540502254a496059,1.4567836714718396e-08
d03E,140161d99a424b2d367d4c07c1b00a91c1d35713406c144e33003cf551109d48,140161d99a424b2d367d4c07c1b00a91c1d35713406c144e33003cf551109d48:1793,1793,8009,200cbe8cca8328e89de0207d7fb476f5157fa9c14cacfd805f0a502bc7d1797d,8009,40c6548d595475ebac4bc87ff94122b1af6327046205d824540502254a496059,2.4401598741619068e-08
d03E,140161d99a424b2d367d4c07c1b00a91c1d35713406c144e33003cf551109d48,140161d99a424b2d367d4c07c1b00a91c1d35713406c144e33003cf551109d48:1794,1794,8009,260c617c1f0f2f5c4124d2d90690c29a2d9733c69cedbf73873fb093cb775e1c,8009,40c6548d595475ebac4bc87ff94122b1af6327046205d824540502254a496059,1.4567836714718396e-08
d03E,140161d99a424b2d367d4c07c1b00a91c1d35713406c144e33003cf551109d48,140161d99a424b2d367d4c07c1b00a91c1d35713406c144e33003cf551109d48:1795,1795,8009,200cbe8cca8328e89de0207d7fb476f5157fa9c14cacfd805f0a502bc7d1797d,8009,40c6548d595475ebac4bc87ff94122b1af6327046205d824540502254a496059,2.4401598741619068e-08
d03E,140161d99a424b2d367d4c07c1b00a91c1d35713406c144e33003cf551109d48,140161d99a424b2d367d4c07c1b00a91c1d35713406c144e33003cf551109d48:1796,1796,8086,b299c0a41147738ee12e13dc5b29ac23c9aef2619ab3cd5fdbcc01c9ee6192eb,8086,7f3232f6b9bc1760290869a335f08a64a10b9055ab95796563c4eb491ff4f7de,2.3635167822888548e-08
d03E,140161d99a424b2d367d4c07c1b00a91c1d35713406c144e33003cf551109d48,140161d99a424b2d367d4c07c1b00a91c1d35713406c144e33003cf551109d48:1797,1797,8086,63c5aa686cf9cbc47d2775351f1727690d44c58dff16f5fff7a49432af7687f0,8086,7f3232f6b9bc1760290869a335f08a64a10b9055ab95796563c4eb491ff4f7de,3.600072040477187e-08
d03E,140161d99a424b2d367d4c07c1b00a91c1d35713406c144e33003cf551109d48,140161d99a424b2d367d4c07c1b00a91c1d35713406c144e33003cf551109d48:1798,1798,8086,9f3cb21ae714cecfbfc1fb4ef63928c2be7a83c8ff52372ad236b9957a8f99e0,8086,7f3232f6b9bc1760290869a335f08a64a10b9055ab95796563c4eb491ff4f7de,3.1210578121942945e-08
d03E,140161d99a424b2d367d4c07c1b00a91c1d35713406c144e33003cf551109d48,140161d99a424b2d367d4c07c1b00a91c1d35713406c144e33003cf551109d48:1799,1799,8086,61d4d0a445ebf7ea189c611ae727657ec98b7581b4a6a318fe97149a772cd05e,8086,7f3232f6b9bc1760290869a335f08a64a10b9055ab95796563c4eb491ff4f7de,2.1343216749514227e-08
d03E,140161d99a424b2d367d4c07c1b00a91c1d35713406c144e33003cf551109d48,140161d99a424b2d367d4c07c1b00a91c1d35713406c144e33003cf551109d48:1800,1800,8086,cafa31a4bd7294172ad9387867398af330cd69b45f6f886823354c3ed684e7b5,8086,7f3232f6b9bc1760290869a335f08a64a10b9055ab95796563c4eb491ff4f7de,2.1343216749514227e-08
d03E,140161d99a424b2d367d4c07c1b00a91c1d35713406c144e33003cf551109d48,140161d99a424b2d367d4c07c1b00a91c1d35713406c144e33003cf551109d48:1801,1801,8086,56b02a090ee05f9e3f908bf08e8d0ffa3e181a11a08fd18b047edfb93140ff10,8086,7f3232f6b9bc1760290869a335f08a64a10b9055ab95796563c4eb491ff4f7de,2.1343216749514227e-08
d03E,140161d99a424b2d367d4c07c1b00a91c1d35713406c144e33003cf551109d48,140161d99a424b2d367d4c07c1b00a91c1d35713406c144e33003cf551109d48:1802,1802,8086,30f42941e1e5940e92172bc8b17c1cf20c89feacc0cd593505689c1dc67cf7f5,8086,7f3232f6b9bc1760290869a335f08a64a10b9055ab95796563c4eb491ff4f7de,2.3759997525019116e-08
d03E,140161d99a424b2d367d4c07c1b00a91c1d35713406c144e33003cf551109d48,140161d99a424b2d367d4c07c1b00a91c1d35713406c144e33003cf551109d48:1803,1803,8086,5c69008e971818228c3e1a0ab76a8bf55be98ba2880cfa8155e9f6fd1a1735c0,8086,7f3232f6b9bc1760290869a335f08a64a10b9055ab95796563c4eb491ff4f7de,2.792947384477884e-08
d03E,140161d99a424b2d367d4c07c1b00a91c1d35713406c144e33003cf551109d48,140161d99a424b2d367d4c07c1b00a91c1d35713406c144e33003cf551109d48:1804,1804,8086,63c5aa686cf9cbc47d2775351f1727690d44c58dff16f5fff7a49432af7687f0,8086,7f3232f6b9bc1760290869a335f08a64a10b9055ab95796563c4eb491ff4f7de,3.600072040477187e-08
d03E,140161d99a424b2d367d4c07c1b00a91c1d35713406c144e33003cf551109d48,140161d99a424b2d367d4c07c1b00a91c1d35713406c144e33003cf551109d48:1805,1805,8086,a7262b505599d5810119665541743c3fa65b7c6f7c47651ece2f4dafb685b567,8086,7f3232f6b9bc1760290869a335f08a64a10b9055ab95796563c4eb491ff4f7de,5.114553913720954e-08
d03E,140161d99a424b2d367d4c07c1b00a91c1d35713406c144e33003cf551109d48,140161d99a424b2d367d4c07c1b00a91c1d35713406c144e33003cf551109d48:1806,1806,8086,1b90b1543c617e9261958bad6ec5abd09f51a5aa824673c39c07abb52d6318d6,8086,7f3232f6b9bc1760290869a335f08a64a10b9055ab95796563c4eb491ff4f7de,2.3360266832028742e-08
d03E,140161d99a424b2d367d4c07c1b00a91c1d35713406c144e33003cf551109d48,140161d99a424b2d367d4c07c1b00a91c1d35713406c144e33003cf551109d48:1807,1807,8086,a7262b505599d5810119665541743c3fa65b7c6f7c47651ece2f4dafb685b567,8086,7f3232f6b9bc1760290869a335f08a64a10b9055ab95796563c4eb491ff4f7de,5.114553913720954e-08
d03E,140161d99a424b2d367d4c07c1b00a91c1d35713406c144e33003cf551109d48,140161d99a424b2d367d4c07c1b00a91c1d35713406c144e33003cf551109d48:1808,1808,8086,63c5aa686cf9cbc47d2775351f1727690d44c58dff16f5fff7a49432af7687f0,8086,7f3232f6b9bc1760290869a335f08a64a10b9055ab95796563c4eb491ff4f7de,3.600072040477187e-08
d03E,140161d99a424b2d367d4c07c1b00a91c1d35713406c144e33003cf551109d48,140161d99a424b2d367d4c07c1b00a91c1d35713406c144e33003cf551109d48:1809,1809,8086,7bef49c5c92bc28ace29479921961b2453fd2efebfe4734b92f8ab14aac04308,8086,7f3232f6b9bc1760290869a335f08a64a10b9055ab95796563c4eb491ff4f7de,2.682671218501298e-08
d03E,140161d99a424b2d367d4c07c1b00a91c1d35713406c144e33003cf551109d48,140161d99a424b2d367d4c07c1b00a91c1d35713406c144e33003cf551109d48:1810,1810,8116,3c6a55be6dda90c59f91fecde4df4335266e66982abef408329042769d7572f3,8116,30346c251d6aa0045ebcde24afbb8ec28ab59ad2fb40b54a512a009f0bc5b38d,1.6228570376419782e-08
d03E,140161d99a424b2d367d4c07c1b00a91c1d35713406c144e33003cf551109d48,140161d99a424b2d367d4c07c1b00a91c1d35713406c144e33003cf551109d48:1811,1811,8116,a8a1e0b4beb00ab7ecfc33f03d82542e0dff5f402369e928b6a320fc7ca4e671,8116,30346c251d6aa0045ebcde24afbb8ec28ab59ad2fb40b54a512a009f0bc5b38d,5.05269948103404e-09
d03E,140161d99a424b2d367d4c07c1b00a91c1d35713406c144e33003cf551109d48,140161d99a424b2d367d4c07c1b00a91c1d35713406c144e33003cf551109d48:1812,1812,8116,dd1442ca8de0a07b6ff7208305c411b10a4328906ae6e5f64f7e1e0ac1ec2203,8116,30346c251d6aa0045ebcde24afbb8ec28ab59ad2fb40b54a512a009f0bc5b38d,1.3663387754547784e-08
d03E,140161d99a424b2d367d4c07c1b00a91c1d35713406c144e33003cf551109d48,140161d99a424b2d367d4c07c1b00a91c1d35713406c144e33003cf551109d48:1813,1813,8116,2e5b940fa7fecea7b9b778c390d5cff5a06e7ae981e0ce63f9fb173a8f7b67e7,8116,30346c251d6aa0045ebcde24afbb8ec28ab59ad2fb40b54a512a009f0bc5b38d,2.367915097334361e-08
d03E,140161d99a424b2d367d4c07c1b00a91c1d35713406c144e33003cf551109d48,140161d99a424b2d367d4c07c1b00a91c1d35713406c144e33003cf551109d48:1814,1814,8116,a0a0cbc1c3b2762ff2dc667bc0b172247d38ecef323028093e9189e37acaf036,8116,30346c251d6aa0045ebcde24afbb8ec28ab59ad2fb40b54a512a009f0bc5b38d,3.0951143759061495e-08
d03E,140161d99a424b2d367d4c07c1b00a91c1d35713406c144e33003cf551109d48,140161d99a424b2d367d4c07c1b00a91c1d35713406c144e33003cf551109d48:1815,1815,8116,eaf001399956ea96688b1b63d162802f985666992b4fe811ed36d487fb5a35b8,8116,30346c251d6aa0045ebcde24afbb8ec28ab59ad2fb40b54a512a009f0bc5b38d,2.865350101632913e-08
d03E,140161d99a424b2d367d4c07c1b00a91c1d35713406c144e33003cf551109d48,140161d99a424b2d367d4c07c1b00a91c1d35713406c144e33003cf551109d48:1816,1816,8118,04be4dcd0a8bc41029b466eb8cfb3599c36b40ee1f7815313118d0338c33bce9,8118,6500e1d6a1124bb39465fc1a7d2c2ec0ff3f4540fd298a16766369dc98f22c55,2.289673517452684e-08
d03E,140161d99a424b2d367d4c07c1b00a91c1d35713406c144e33003cf551109d48,140161d99a424b2d367d4c07c1b00a91c1d35713406c144e33003cf551109d48:1817,1817,8118,a12d134439de57c22598b5c3a79c2cc0c3898d491f1785d9cfeca63ed7e4640b,8118,6500e1d6a1124bb39465fc1a7d2c2ec0ff3f4540fd298a16766369dc98f22c55,2.4397250553143124e-08
d03E,140161d99a424b2d367d4c07c1b00a91c1d35713406c144e33003cf551109d48,140161d99a424b2d367d4c07c1b00a91c1d35713406c144e33003cf551109d48:1818,1818,8118,94745b19358d3e55be0a9bb4d4e54196aae70fddabe77682118da600f8e0547d,8118,6500e1d6a1124bb39465fc1a7d2c2ec0ff3f4540fd298a16766369dc98f22c55,2.2035719915436403e-08
d03E,140161d99a424b2d367d4c07c1b00a91c1d35713406c144e33003cf551109d48,140161d99a424b2d367d4c07c1b00a91c1d35713406c144e33003cf551109d48:1819,1819,8118,6582c1d6848942dad840c87fb97baa5aefb39c564d80bc7feb1e1e4ccc4763be,8118,6500e1d6a1124bb39465fc1a7d2c2ec0ff3f4540fd298a16766369dc98f22c55,1.540765115493059e-08
d03E,140161d99a424b2d367d4c07c1b00a91c1d35713406c144e33003cf551109d48,140161d99a424b2d367d4c07c1b00a91c1d35713406c144e33003cf551109d48:1820,1820,8118,eb46507708bbc8cbbaf0c5605f6c2e63da72066a20bb9c39d371c2f3f8dffe1d,8118,6500e1d6a1124bb39465fc1a7d2c2ec0ff3f4540fd298a16766369dc98f22c55,2.832600642932448e-08
d03E,140161d99a424b2d367d4c07c1b00a91c1d35713406c144e33003cf551109d48,140161d99a424b2d367d4c07c1b00a91c1d35713406c144e33003cf551109d48:1821,1821,8118,94745b19358d3e55be0a9bb4d4e54196aae70fddabe77682118da600f8e0547d,8118,6500e1d6a1124bb39465fc1a7d2c2ec0ff3f4540fd298a16766369dc98f22c55,2.2035719915436403e-08
d03E,140161d99a424b2d367d4c07c1b00a91c1d35713406c144e33003cf551109d48,140161d99a424b2d367d4c07c1b00a91c1d35713406c144e33003cf551109d48:1822,1822,8118,58bf14b0309333c79e0a1b9961984d0bdee0047a8e7403be2cf94be831a097d7,8118,6500e1d6a1124bb39465fc1a7d2c2ec0ff3f4540fd298a16766369dc98f22c55,3.030881234877825e-08
d03E,140161d99a424b2d367d4c07c1b00a91c1d35713406c144e33003cf551109d48,140161d99a424b2d367d4c07c1b00a91c1d35713406c144e33003cf551109d48:1823,1823,8125,9940cbf9c6aaa069133202df42b52a6be895f085cd032db623b98bb92d252659,8125,325545dd555b339091f7de78562bdc37d416e5fe072f4c04bbe166e3109a8c28,1.3052482095154971e-08
d03E,140161d99a424b2d367d4c07c1b00a91c1d35713406c144e33003cf551109d48,140161d99a424b2d367d4c07c1b00a91c1d35713406c144e33003cf551109d48:1824,1824,8144,b82acc2a2c356993dee9bc2472f70487658c999940779f883780cf7fc8f7a19c,8144,fb6d95340075e956677ae54ef02e220340fc105d81d071d8b84efc5db7a4d0a6,2.589445224909781e-08
d03E,140161d99a424b2d367d4c07c1b00a91c1d35713406c144e33003cf551109d48,140161d99a424b2d367d4c07c1b00a91c1d35713406c144e33003cf551109d48:1825,1825,8179,086ad88bb2adca82602551889776496e9cf8f29c7e5d50ce46a1c0eaddc1f62d,8179,d69fb37c702ac0ace6aa22d842aa42e2693d8cb7a0e410c70c3e1766b627f1eb,2.758819950265945e-08
d03E,140161d99a424b2d367d4c07c1b00a91c1d35713406c144e33003cf551109d48,140161d99a424b2d367d4c07c1b00a91c1d35713406c144e33003cf551109d48:1826,1826,8179,a7661ad32e6510b06f651989cd59915912a6d1c4644f3d78ee5b137ede3390ef,8179,d69fb37c702ac0ace6aa22d842aa42e2693d8cb7a0e410c70c3e1766b627f1eb,2.6458643720417285e-08
d03E,140161d99a424b2d367d4c07c1b00a91c1d35713406c144e33003cf551109d48,140161d99a424b2d367d4c07c1b00a91c1d35713406c144e33003cf551109d48:1827,1827,8179,c32181bda312c902366f8a515fde913b768de477352361e0e9ec911c87ca45c2,8179,d69fb37c702ac0ace6aa22d842aa42e2693d8cb7a0e410c70c3e1766b627f1eb,2.6458643720417285e-08
d03E,140161d99a424b2d367d4c07c1b00a91c1d35713406c144e33003cf551109d48,140161d99a424b2d367d4c07c1b00a91c1d35713406c144e33003cf551109d48:1828,1828,8179,c0fc4e55c52683fd89cc5965e8ce520ac534f72cc05a283bd5ab5c17b2a2bbce,8179,d69fb37c702ac0ace6aa22d842aa42e2693d8cb7a0e410c70c3e1766b627f1eb,1.3600379267231233e-08
d03E,140161d99a424b2d367d4c07c1b00a91c1d35713406c144e33003cf551109d48,140161d99a424b2d367d4c07c1b00a91c1d35713406c144e33003cf551109d48:1829,1829,8179,4c6795db840c0637760b5b6e6561a30bf1d0a408b35e64bd732d11f44d59a158,8179,d69fb37c702ac0ace6aa22d842aa42e2693d8cb7a0e410c70c3e1766b627f1eb,2.6458643720417285e-08
d03E,140161d99a424b2d367d4c07c1b00a91c1d35713406c144e33003cf551109d48,140161d99a424b2d367d4c07c1b00a91c1d35713406c144e33003cf551109d48:1830,1830,8179,286fc162b4272d8a47ad667efff90d730ae3927b0dc0b4a392c01adaebd9c8c6,8179,d69fb37c702ac0ace6aa22d842aa42e2693d8cb7a0e410c70c3e1766b627f1eb,2.6146964593465327e-08
d03E,140161d99a424b2d367d4c07c1b00a91c1d35713406c144e33003cf551109d48,140161d99a424b2d367d4c07c1b00a91c1d35713406c144e33003cf551109d48:1831,1831,8179,086ad88bb2adca82602551889776496e9cf8f29c7e5d50ce46a1c0eaddc1f62d,8179,d69fb37c702ac0ace6aa22d842aa42e2693d8cb7a0e410c70c3e1766b627f1eb,2.758819950265945e-08
d03E,140161d99a424b2d367d4c07c1b00a91c1d35713406c144e33003cf551109d48,140161d99a424b2d367d4c07c1b00a91c1d35713406c144e33003cf551109d48:1832,1832,8179,3d23a175b7c9f454d44fe795896dc062673b02a50694111ca6c40090bfa7f350,8179,d69fb37c702ac0ace6aa22d842aa42e2693d8cb7a0e410c70c3e1766b627f1eb,3.4577349428133175e-08
d03E,140161d99a424b2d367d4c07c1b00a91c1d35713406c144e33003cf551109d48,140161d99a424b2d367d4c07c1b00a91c1d35713406c144e33003cf551109d48:1833,1833,8179,a7661ad32e6510b06f651989cd59915912a6d1c4644f3d78ee5b137ede3390ef,8179,d69fb37c702ac0ace6aa22d842aa42e2693d8cb7a0e410c70c3e1766b627f1eb,2.6458643720417285e-08
d03E,140161d99a424b2d367d4c07c1b00a91c1d35713406c144e33003cf551109d48,140161d99a424b2d367d4c07c1b00a91c1d35713406c144e33003cf551109d48:1834,1834,8179,7e420e3806ad0d0996d174eec79670a77f77ef8da9fdeb26db631125d7cc4c52,8179,d69fb37c702ac0ace6aa22d842aa42e2693d8cb7a0e410c70c3e1766b627f1eb,1.6868199503861092e-08
d03E,140161d99a424b2d367d4c07c1b00a91c1d35713406c144e33003cf551109d48,140161d99a424b2d367d4c07c1b00a91c1d35713406c144e33003cf551109d48:1835,1835,8179,146de0ea9b587cf0ab8eed816da103ca8d2725f17804f919fa53fc8b7e4d59be,8179,d69fb37c702ac0ace6aa22d842aa42e2693d8cb7a0e410c70c3e1766b627f1eb,1.2476652822002166e-08
d03E,140161d99a424b2d367d4c07c1b00a91c1d35713406c144e33003cf551109d48,140161d99a424b2d367d4c07c1b00a91c1d35713406c144e33003cf551109d48:1836,1836,8179,d6dcd0f88395a2ae3ba6bedb6f0e98aeeb0c2b84568aa3017e4292272dab26d3,8179,d69fb37c702ac0ace6aa22d842aa42e2693d8cb7a0e410c70c3e1766b627f1eb,1.5683702780933118e-08
d03E,140161d99a424b2d367d4c07c1b00a91c1d35713406c144e33003cf551109d48,140161d99a424b2d367d4c07c1b00a91c1d35713406c144e33003cf551109d48:1837,1837,8179,7e420e3806ad0d0996d174eec79670a77f77ef8da9fdeb26db631125d7cc4c52,8179,d69fb37c702ac0ace6aa22d842aa42e2693d8cb7a0e410c70c3e1766b627f1eb,1.6868199503861092e-08
d09fresh665,d184fc57a3e9609397de6161791de269b8d51899b5da14428536715e14ff453a,d184fc57a3e9609397de6161791de269b8d51899b5da14428536715e14ff453a:0,0,1458,a55d5fc11de1a5c5fca6ea943bc0712fdd4b3dd18e546923d8b2277ff65d4ddd,1970,fa09cab7e4823b23dd757fd7cea16175d064c2ea8656ab6ac7e740ee3e82217c,4.017463983707614e-08
d09fresh665,d184fc57a3e9609397de6161791de269b8d51899b5da14428536715e14ff453a,d184fc57a3e9609397de6161791de269b8d51899b5da14428536715e14ff453a:1,1,1458,b6c68710fb85e5d44a14c89e3d27c2a77ac5bed2507a894dd3517291382b393e,1970,fa09cab7e4823b23dd757fd7cea16175d064c2ea8656ab6ac7e740ee3e82217c,2.799648490814377e-08
d09fresh665,d184fc57a3e9609397de6161791de269b8d51899b5da14428536715e14ff453a,d184fc57a3e9609397de6161791de269b8d51899b5da14428536715e14ff453a:2,2,5132,8f643cd7bca39e48b5fa2b0b08c5fa884e03c43b73a4bc2662c2dd809681a338,5644,541fc79017dc68d156c32f7f7f656459488cc8b2437ce31a0174cc2171688ef0,3.0588792665486864e-08
d09fresh665,d184fc57a3e9609397de6161791de269b8d51899b5da14428536715e14ff453a,d184fc57a3e9609397de6161791de269b8d51899b5da14428536715e14ff453a:3,3,6969,e60d21e454690ea93a9fa75ebaa5cb0ffee3452689e55962b86fdbb922717bda,7481,a1db98dded7215558054713c45f944454f3be9d2cf47d0a7218ec3bc19fdd7ae,2.4512730179004905e-08
d09fresh665,d184fc57a3e9609397de6161791de269b8d51899b5da14428536715e14ff453a,d184fc57a3e9609397de6161791de269b8d51899b5da14428536715e14ff453a:4,4,4106,fa28ba6f7871511283565b6205fa5a52447ffe98b29d061678275f442eb3c584,4618,9c43f209b1509c124bfc3be075756111f60ecc818866c71d69b2584b94536d85,2.255378550586329e-08
d09fresh665,d184fc57a3e9609397de6161791de269b8d51899b5da14428536715e14ff453a,d184fc57a3e9609397de6161791de269b8d51899b5da14428536715e14ff453a:5,5,4106,7fbfd08ae7138639ad2545f98f8a8da4acafa9f09485a15ca3d2f47879425de0,4618,9c43f209b1509c124bfc3be075756111f60ecc818866c71d69b2584b94536d85,2.255378550586329e-08
d09fresh665,d184fc57a3e9609397de6161791de269b8d51899b5da14428536715e14ff453a,d184fc57a3e9609397de6161791de269b8d51899b5da14428536715e14ff453a:6,6,4106,7fbfd08ae7138639ad2545f98f8a8da4acafa9f09485a15ca3d2f47879425de0,4618,9c43f209b1509c124bfc3be075756111f60ecc818866c71d69b2584b94536d85,2.255378550586329e-08
d09fresh665,d184fc57a3e9609397de6161791de269b8d51899b5da14428536715e14ff453a,d184fc57a3e9609397de6161791de269b8d51899b5da14428536715e14ff453a:7,7,1032,e7717877e65839d5862a4a47d58d4439438d63523e6fc575f865368a9e82237c,1544,fff76bcb40b02bf7fb29d827b136850fe0887272744a3736034508594769d73e,1.9218113767038858e-08
d09fresh665,d184fc57a3e9609397de6161791de269b8d51899b5da14428536715e14ff453a,d184fc57a3e9609397de6161791de269b8d51899b5da14428536715e14ff453a:8,8,1032,e7717877e65839d5862a4a47d58d4439438d63523e6fc575f865368a9e82237c,1544,fff76bcb40b02bf7fb29d827b136850fe0887272744a3736034508594769d73e,1.9218113767038858e-08
d09fresh665,d184fc57a3e9609397de6161791de269b8d51899b5da14428536715e14ff453a,d184fc57a3e9609397de6161791de269b8d51899b5da14428536715e14ff453a:9,9,1032,e7717877e65839d5862a4a47d58d4439438d63523e6fc575f865368a9e82237c,1544,fff76bcb40b02bf7fb29d827b136850fe0887272744a3736034508594769d73e,1.9218113767038858e-08
d09fresh665,d184fc57a3e9609397de6161791de269b8d51899b5da14428536715e14ff453a,d184fc57a3e9609397de6161791de269b8d51899b5da14428536715e14ff453a:10,10,1032,609a8be1349c3184d14417a44f35e9d78e43f1a2c35934f7c3cd2ef58462ce8c,1544,fff76bcb40b02bf7fb29d827b136850fe0887272744a3736034508594769d73e,2.554178446523281e-08
d09fresh665,d184fc57a3e9609397de6161791de269b8d51899b5da14428536715e14ff453a,d184fc57a3e9609397de6161791de269b8d51899b5da14428536715e14ff453a:11,11,876,119d1ca0e1b458daf33b19109685daed6a97036e96e76750dbd8a723b902baed,1388,0a21e8d5898a40b6c858acf5b543d6abc29006cc2cd18ab17952687bf820e1fe,3.0658622085510956e-08
d09fresh665,d184fc57a3e9609397de6161791de269b8d51899b5da14428536715e14ff453a,d184fc57a3e9609397de6161791de269b8d51899b5da14428536715e14ff453a:12,12,5115,66f1d81ebd8c051989feab8ea46390f7ccabb12947dc033c31e728f4422b12e8,5627,dfb70897f69d84b9ec11efa84593d0d1aacb83eb7d862d76152aa1a9f921d682,1.927165360626759e-08
d09fresh665,d184fc57a3e9609397de6161791de269b8d51899b5da14428536715e14ff453a,d184fc57a3e9609397de6161791de269b8d51899b5da14428536715e14ff453a:13,13,5115,77b7f5653b78fa5307d9a307cafabff1fed05b3e3ca2583ea8f7bdc06b6078a8,5627,dfb70897f69d84b9ec11efa84593d0d1aacb83eb7d862d76152aa1a9f921d682,7.392829126651179e-09
d09fresh665,d184fc57a3e9609397de6161791de269b8d51899b5da14428536715e14ff453a,d184fc57a3e9609397de6161791de269b8d51899b5da14428536715e14ff453a:14,14,6819,26ec55ef3cb7fdb0fc72b434ae7ee56217ed8570a94a0e0466da956c5d9cf6f4,7331,494a587e3771eb9f5898f5094e2bb3ace035c55bf5f8bfc8b29312849e87f333,2.430665491104378e-08
d09fresh665,d184fc57a3e9609397de6161791de269b8d51899b5da14428536715e14ff453a,d184fc57a3e9609397de6161791de269b8d51899b5da14428536715e14ff453a:15,15,6819,26ec55ef3cb7fdb0fc72b434ae7ee56217ed8570a94a0e0466da956c5d9cf6f4,7331,494a587e3771eb9f5898f5094e2bb3ace035c55bf5f8bfc8b29312849e87f333,2.430665491104378e-08
d09fresh665,d184fc57a3e9609397de6161791de269b8d51899b5da14428536715e14ff453a,d184fc57a3e9609397de6161791de269b8d51899b5da14428536715e14ff453a:16,16,4294,f26fd90ee206543920d822ffab567d8eceb786ff95413f49a23bf4e42ad90961,4806,0979669969f0a615b831014b767efe0743a06d6e6f9981a4c4fa238c2bdd00b4,2.7084977594071802e-08
d09fresh665,d184fc57a3e9609397de6161791de269b8d51899b5da14428536715e14ff453a,d184fc57a3e9609397de6161791de269b8d51899b5da14428536715e14ff453a:17,17,1359,4248ae5cee8e13551537d176c9007d91d3ab52901539aaaf86d3af996a57eed1,1871,4ea78f8e185ad6a0ad628ef7060f9d2a74158e0b22adc18bc623f838fda32e41,3.60151626299654e-08
d09fresh665,d184fc57a3e9609397de6161791de269b8d51899b5da14428536715e14ff453a,d184fc57a3e9609397de6161791de269b8d51899b5da14428536715e14ff453a:18,18,5925,a7fa12b6c7b118c080e8930874ed47e4929eb0c1e4ed3f9bc5ddccc66d08e4a9,6437,0a087061a2c60d1505bf0f9c4dc32ed8242e13b02429cc295cecf5510496d46b,2.7575304928362243e-08
d09fresh665,d184fc57a3e9609397de6161791de269b8d51899b5da14428536715e14ff453a,d184fc57a3e9609397de6161791de269b8d51899b5da14428536715e14ff453a:19,19,5925,c989f4bbc522f71b0f35a580b85c0e2d3d471a15a826736cb3ea9d317817cb17,6437,0a087061a2c60d1505bf0f9c4dc32ed8242e13b02429cc295cecf5510496d46b,5.7377627316057556e-08
d09fresh665,d184fc57a3e9609397de6161791de269b8d51899b5da14428536715e14ff453a,d184fc57a3e9609397de6161791de269b8d51899b5da14428536715e14ff453a:20,20,5925,8a8945214f51865945005ef7e8d4f3f14404e3f7743ab34afb74756bb10af87f,6437,0a087061a2c60d1505bf0f9c4dc32ed8242e13b02429cc295cecf5510496d46b,4.24764661222099e-08
d09fresh665,d184fc57a3e9609397de6161791de269b8d51899b5da14428536715e14ff453a,d184fc57a3e9609397de6161791de269b8d51899b5da14428536715e14ff453a:21,21,2744,4834c37bab4dd8b3dc0dd942331af9d7b22192d4e7a23a395d7088ad36265517,3256,06869eb6db367a805d52a41e7a04f9bc3d6136e41885a91bfad8e877eefa6054,2.8727926038030205e-08
d09fresh665,d184fc57a3e9609397de6161791de269b8d51899b5da14428536715e14ff453a,d184fc57a3e9609397de6161791de269b8d51899b5da14428536715e14ff453a:22,22,6277,fa5b1e19fcd16676f19ee82fabd48515c2a86c9f479c153eaa5aba1211332dd2,6789,6c2ddfe7b33f44b9ee13ea59dd6685f8b8c7b78769ae5f1cf3961ac24d7f6fce,2.1202980371448632e-08
d09fresh665,d184fc57a3e9609397de6161791de269b8d51899b5da14428536715e14ff453a,d184fc57a3e9609397de6161791de269b8d51899b5da14428536715e14ff453a:23,23,6277,bbaa79db65b6b02a57ef90b58b7aceefa784301ba87958afa5b07d66bfe055ad,6789,6c2ddfe7b33f44b9ee13ea59dd6685f8b8c7b78769ae5f1cf3961ac24d7f6fce,1.9101023540635254e-08
d09fresh665,d184fc57a3e9609397de6161791de269b8d51899b5da14428536715e14ff453a,d184fc57a3e9609397de6161791de269b8d51899b5da14428536715e14ff453a:24,24,3075,6a8c63938963e3b0175380eea904dac8c853eb507f4efe6c5d1855d6bdf7d472,3587,7d7e15fcfa444d921be3285a5f2f2dd7a6c87e28f6d9259b1609caf7794ac9b7,2.493094619637759e-08
d09fresh665,d184fc57a3e9609397de6161791de269b8d51899b5da14428536715e14ff453a,d184fc57a3e9609397de6161791de269b8d51899b5da14428536715e14ff453a:25,25,3075,95e0e74be04d4ee6befb294e8e4d8ea8156a6d3ce14915488894094a7c4bef18,3587,7d7e15fcfa444d921be3285a5f2f2dd7a6c87e28f6d9259b1609caf7794ac9b7,2.7719916695367885e-08
d09fresh665,d184fc57a3e9609397de6161791de269b8d51899b5da14428536715e14ff453a,d184fc57a3e9609397de6161791de269b8d51899b5da14428536715e14ff453a:26,26,3075,79c3e1f315e1904b67b301c030aaf1d50f8004b1dd80efccc32c4ca731e7106d,3587,7d7e15fcfa444d921be3285a5f2f2dd7a6c87e28f6d9259b1609caf7794ac9b7,3.9832107390225246e-08
d09fresh665,d184fc57a3e9609397de6161791de269b8d51899b5da14428536715e14ff453a,d184fc57a3e9609397de6161791de269b8d51899b5da14428536715e14ff453a:27,27,3075,6a8c63938963e3b0175380eea904dac8c853eb507f4efe6c5d1855d6bdf7d472,3587,7d7e15fcfa444d921be3285a5f2f2dd7a6c87e28f6d9259b1609caf7794ac9b7,2.493094619637759e-08
d09fresh665,d184fc57a3e9609397de6161791de269b8d51899b5da14428536715e14ff453a,d184fc57a3e9609397de6161791de269b8d51899b5da14428536715e14ff453a:28,28,3075,95e0e74be04d4ee6befb294e8e4d8ea8156a6d3ce14915488894094a7c4bef18,3587,7d7e15fcfa444d921be3285a5f2f2dd7a6c87e28f6d9259b1609caf7794ac9b7,2.7719916695367885e-08
d09fresh665,d184fc57a3e9609397de6161791de269b8d51899b5da14428536715e14ff453a,d184fc57a3e9609397de6161791de269b8d51899b5da14428536715e14ff453a:29,29,3075,79c3e1f315e1904b67b301c030aaf1d50f8004b1dd80efccc32c4ca731e7106d,3587,7d7e15fcfa444d921be3285a5f2f2dd7a6c87e28f6d9259b1609caf7794ac9b7,3.9832107390225246e-08
d09fresh665,d184fc57a3e9609397de6161791de269b8d51899b5da14428536715e14ff453a,d184fc57a3e9609397de6161791de269b8d51899b5da14428536715e14ff453a:30,30,3075,6a8c63938963e3b0175380eea904dac8c853eb507f4efe6c5d1855d6bdf7d472,3587,7d7e15fcfa444d921be3285a5f2f2dd7a6c87e28f6d9259b1609caf7794ac9b7,2.493094619637759e-08
d09fresh665,d184fc57a3e9609397de6161791de269b8d51899b5da14428536715e14ff453a,d184fc57a3e9609397de6161791de269b8d51899b5da14428536715e14ff453a:31,31,3075,95e0e74be04d4ee6befb294e8e4d8ea8156a6d3ce14915488894094a7c4bef18,3587,7d7e15fcfa444d921be3285a5f2f2dd7a6c87e28f6d9259b1609caf7794ac9b7,2.7719916695367885e-08
d09fresh665,d184fc57a3e9609397de6161791de269b8d51899b5da14428536715e14ff453a,d184fc57a3e9609397de6161791de269b8d51899b5da14428536715e14ff453a:32,32,3075,79c3e1f315e1904b67b301c030aaf1d50f8004b1dd80efccc32c4ca731e7106d,3587,7d7e15fcfa444d921be3285a5f2f2dd7a6c87e28f6d9259b1609caf7794ac9b7,3.9832107390225246e-08
d09fresh665,d184fc57a3e9609397de6161791de269b8d51899b5da14428536715e14ff453a,d184fc57a3e9609397de6161791de269b8d51899b5da14428536715e14ff453a:33,33,3075,95e0e74be04d4ee6befb294e8e4d8ea8156a6d3ce14915488894094a7c4bef18,3587,7d7e15fcfa444d921be3285a5f2f2dd7a6c87e28f6d9259b1609caf7794ac9b7,2.7719916695367885e-08
d09fresh665,d184fc57a3e9609397de6161791de269b8d51899b5da14428536715e14ff453a,d184fc57a3e9609397de6161791de269b8d51899b5da14428536715e14ff453a:34,34,3075,79c3e1f315e1904b67b301c030aaf1d50f8004b1dd80efccc32c4ca731e7106d,3587,7d7e15fcfa444d921be3285a5f2f2dd7a6c87e28f6d9259b1609caf7794ac9b7,3.9832107390225246e-08
d09fresh665,d184fc57a3e9609397de6161791de269b8d51899b5da14428536715e14ff453a,d184fc57a3e9609397de6161791de269b8d51899b5da14428536715e14ff453a:35,35,3075,79c3e1f315e1904b67b301c030aaf1d50f8004b1dd80efccc32c4ca731e7106d,3587,7d7e15fcfa444d921be3285a5f2f2dd7a6c87e28f6d9259b1609caf7794ac9b7,3.9832107390225246e-08
d09fresh665,d184fc57a3e9609397de6161791de269b8d51899b5da14428536715e14ff453a,d184fc57a3e9609397de6161791de269b8d51899b5da14428536715e14ff453a:36,36,661,0324c9ee456a55990eb6d11e787a9d8a323bcb7ca4e7340ca3d58ea3aaac36e5,1173,a0b43ad49418d6bb62a4fa54ded150a263febfb3758903d7ab7045f1a06ca29e,5.05637841596851e-08
d09fresh665,d184fc57a3e9609397de6161791de269b8d51899b5da14428536715e14ff453a,d184fc57a3e9609397de6161791de269b8d51899b5da14428536715e14ff453a:37,37,661,0324c9ee456a55990eb6d11e787a9d8a323bcb7ca4e7340ca3d58ea3aaac36e5,1173,a0b43ad49418d6bb62a4fa54ded150a263febfb3758903d7ab7045f1a06ca29e,5.05637841596851e-08
d09fresh665,d184fc57a3e9609397de6161791de269b8d51899b5da14428536715e14ff453a,d184fc57a3e9609397de6161791de269b8d51899b5da14428536715e14ff453a:38,38,1945,ca7b5332ca5f207253fd5b64b315208933d50d9851f30d9c005032fe0f9480cd,2457,83cdb4b76a80c43ab17ff81db9c0ccda123b3c1d65bfec606aa61ad95e35a7f9,2.9485681674046305e-08
d09fresh665,d184fc57a3e9609397de6161791de269b8d51899b5da14428536715e14ff453a,d184fc57a3e9609397de6161791de269b8d51899b5da14428536715e14ff453a:39,39,683,013e82c676f7d867a6fb18b4f4351f45560981f7c3769845b892475c12c8c394,1195,7fbe66fe5bc7519a9f0b7c20c9781a23305a91bf7b1a4307b677a40e5ac88d9f,5.07066808541623e-08
d09fresh665,d184fc57a3e9609397de6161791de269b8d51899b5da14428536715e14ff453a,d184fc57a3e9609397de6161791de269b8d51899b5da14428536715e14ff453a:40,40,596,c1c79945434f80aad6c10a97996549799d43b9dbd1be1f72427c263b643aa054,1108,a92746d505908b6838f713b905974391543c82777a8415e17713fafac6614753,2.695122902629521e-08
d09fresh665,d184fc57a3e9609397de6161791de269b8d51899b5da14428536715e14ff453a,d184fc57a3e9609397de6161791de269b8d51899b5da14428536715e14ff453a:41,41,5062,dacf3b8f298fc3b8289771803d49f68f928a0e27fdb06b993bf42b0ba62f4a1a,5574,55402197c566a75b4fdef965b2130492e7c765b61957d20f56208ce692563651,2.669681942180091e-08
d09fresh665,d184fc57a3e9609397de6161791de269b8d51899b5da14428536715e14ff453a,d184fc57a3e9609397de6161791de269b8d51899b5da14428536715e14ff453a:42,42,799,bfa75319454bc9460272fb69f9ebbcb7616b8faaea10aa78335fd62fa1e66c74,1311,9000ec90223be6625973e51cc4ba46de9a9c7ec996f2a0b849d0ba3f9c535543,3.6180913376426815e-08
d09fresh665,d184fc57a3e9609397de6161791de269b8d51899b5da14428536715e14ff453a,d184fc57a3e9609397de6161791de269b8d51899b5da14428536715e14ff453a:43,43,6245,0494288cc6f23f981df0cbde477891072dd89886c9de2e053df82845ebd2ecec,6757,2d648470dffc96757f602306aab102f840dd087251010da1640336e01a6855d0,2.681726685160868e-08
d09fresh665,d184fc57a3e9609397de6161791de269b8d51899b5da14428536715e14ff453a,d184fc57a3e9609397de6161791de269b8d51899b5da14428536715e14ff453a:44,44,6245,c232a7cf7e9f39735d8915d67eb0eadf639c14caec246566240cdf44fa1fca64,6757,2d648470dffc96757f602306aab102f840dd087251010da1640336e01a6855d0,2.1006465789064066e-08
d09fresh665,d184fc57a3e9609397de6161791de269b8d51899b5da14428536715e14ff453a,d184fc57a3e9609397de6161791de269b8d51899b5da14428536715e14ff453a:45,45,6245,c232a7cf7e9f39735d8915d67eb0eadf639c14caec246566240cdf44fa1fca64,6757,2d648470dffc96757f602306aab102f840dd087251010da1640336e01a6855d0,2.1006465789064066e-08
d09fresh665,d184fc57a3e9609397de6161791de269b8d51899b5da14428536715e14ff453a,d184fc57a3e9609397de6161791de269b8d51899b5da14428536715e14ff453a:46,46,403,cb68bb6409107d421b36a777a084a2157fccec32052d0c42dde1b245dab430d7,915,5c85bb6aef1d6bd93f58763bb1ab85f0ad52755edc6543871c67f3d784e83630,3.1630655927816775e-08
d09fresh665,d184fc57a3e9609397de6161791de269b8d51899b5da14428536715e14ff453a,d184fc57a3e9609397de6161791de269b8d51899b5da14428536715e14ff453a:47,47,403,984084ab4b4309c457519d4bf7b679c7a75a6fbe572aba617d75b84f17ccfe3c,915,5c85bb6aef1d6bd93f58763bb1ab85f0ad52755edc6543871c67f3d784e83630,2.1468263389223807e-08
d09fresh665,d184fc57a3e9609397de6161791de269b8d51899b5da14428536715e14ff453a,d184fc57a3e9609397de6161791de269b8d51899b5da14428536715e14ff453a:48,48,403,cb68bb6409107d421b36a777a084a2157fccec32052d0c42dde1b245dab430d7,915,5c85bb6aef1d6bd93f58763bb1ab85f0ad52755edc6543871c67f3d784e83630,3.1630655927816775e-08
d09fresh665,d184fc57a3e9609397de6161791de269b8d51899b5da14428536715e14ff453a,d184fc57a3e9609397de6161791de269b8d51899b5da14428536715e14ff453a:49,49,403,cb68bb6409107d421b36a777a084a2157fccec32052d0c42dde1b245dab430d7,915,5c85bb6aef1d6bd93f58763bb1ab85f0ad52755edc6543871c67f3d784e83630,3.1630655927816775e-08
d09fresh665,d184fc57a3e9609397de6161791de269b8d51899b5da14428536715e14ff453a,d184fc57a3e9609397de6161791de269b8d51899b5da14428536715e14ff453a:50,50,403,dab5ed0d0c845ff8128cc95e79bc8d5c154927f9bde3ee369913ef9dfef017c6,915,5c85bb6aef1d6bd93f58763bb1ab85f0ad52755edc6543871c67f3d784e83630,2.8918843986147635e-08
d09fresh665,d184fc57a3e9609397de6161791de269b8d51899b5da14428536715e14ff453a,d184fc57a3e9609397de6161791de269b8d51899b5da14428536715e14ff453a:51,51,3892,c5aea1798fd24744bf30120c2f1a525eb1ee9d83cb65aea7725d4c6f098a6752,4404,f0981581cabb7d7030f4dcc6c0bccddc84860fa5a17eeb6c1ca64eb9d595e588,3.518608560071357e-08
d09fresh665,d184fc57a3e9609397de6161791de269b8d51899b5da14428536715e14ff453a,d184fc57a3e9609397de6161791de269b8d51899b5da14428536715e14ff453a:52,52,3892,c5aea1798fd24744bf30120c2f1a525eb1ee9d83cb65aea7725d4c6f098a6752,4404,f0981581cabb7d7030f4dcc6c0bccddc84860fa5a17eeb6c1ca64eb9d595e588,3.518608560071357e-08
d09fresh665,d184fc57a3e9609397de6161791de269b8d51899b5da14428536715e14ff453a,d184fc57a3e9609397de6161791de269b8d51899b5da14428536715e14ff453a:53,53,5739,42fdcaf906b7cd89ed6d69591642879cc49162ca1630d58269c4325e316c7be4,6251,e442b7ad4fb58afae502a1cdb95bb3a38ce6e8e239f3bfe044e464e8c66c1488,4.150673604819133e-08
d09fresh665,d184fc57a3e9609397de6161791de269b8d51899b5da14428536715e14ff453a,d184fc57a3e9609397de6161791de269b8d51899b5da14428536715e14ff453a:54,54,783,6b64412f6a11b9be7627739b58aff14808a1706348b4a76679c79fe12e19fc7f,1295,de409953770d77dda5623e6d9a035e6b18a6af5dfc656f12d9f182a2a0ebd9c2,2.06755395026903e-08
d09fresh665,d184fc57a3e9609397de6161791de269b8d51899b5da14428536715e14ff453a,d184fc57a3e9609397de6161791de269b8d51899b5da14428536715e14ff453a:55,55,783,6b64412f6a11b9be7627739b58aff14808a1706348b4a76679c79fe12e19fc7f,1295,de409953770d77dda5623e6d9a035e6b18a6af5dfc656f12d9f182a2a0ebd9c2,2.06755395026903e-08
d09fresh665,d184fc57a3e9609397de6161791de269b8d51899b5da14428536715e14ff453a,d184fc57a3e9609397de6161791de269b8d51899b5da14428536715e14ff453a:56,56,4922,f09cd16bda6a9ec01608f426f2b0e72af33cbc6d2bbe481f92d6b32185dec2bc,5434,a640c0606d4061af0b98e273d8b843bf9e200298e7589b5dfa64830f24a78078,1.7152822051613725e-08
d09fresh665,d184fc57a3e9609397de6161791de269b8d51899b5da14428536715e14ff453a,d184fc57a3e9609397de6161791de269b8d51899b5da14428536715e14ff453a:57,57,4922,1afa37041a9ab02983254b9ca116f3f0bfe5cbe1a67c5a0dfa44efc8fcb51d50,5434,a640c0606d4061af0b98e273d8b843bf9e200298e7589b5dfa64830f24a78078,3.822492145033607e-08
d09fresh665,d184fc57a3e9609397de6161791de269b8d51899b5da14428536715e14ff453a,d184fc57a3e9609397de6161791de269b8d51899b5da14428536715e14ff453a:58,58,4922,5e0fa976635a1348d265eeb171202c7ff0f169b6960bce02d2b6c70e0f60571f,5434,a640c0606d4061af0b98e273d8b843bf9e200298e7589b5dfa64830f24a78078,1.214788936110267e-08
d09fresh665,d184fc57a3e9609397de6161791de269b8d51899b5da14428536715e14ff453a,d184fc57a3e9609397de6161791de269b8d51899b5da14428536715e14ff453a:59,59,4922,1afa37041a9ab02983254b9ca116f3f0bfe5cbe1a67c5a0dfa44efc8fcb51d50,5434,a640c0606d4061af0b98e273d8b843bf9e200298e7589b5dfa64830f24a78078,3.822492145033607e-08
d09fresh665,d184fc57a3e9609397de6161791de269b8d51899b5da14428536715e14ff453a,d184fc57a3e9609397de6161791de269b8d51899b5da14428536715e14ff453a:60,60,4922,5e0fa976635a1348d265eeb171202c7ff0f169b6960bce02d2b6c70e0f60571f,5434,a640c0606d4061af0b98e273d8b843bf9e200298e7589b5dfa64830f24a78078,1.214788936110267e-08
d09fresh665,d184fc57a3e9609397de6161791de269b8d51899b5da14428536715e14ff453a,d184fc57a3e9609397de6161791de269b8d51899b5da14428536715e14ff453a:61,61,4832,12092f56d66981966bea24ae4582fe51ab2766c98cfafda95abd4747421b2b53,5344,587c6c8f0afc704e9b06d1d9ae9ae619f86b66e2d34fcbffe721d0f91dfe5776,1.1100348862314036e-08
d09fresh665,d184fc57a3e9609397de6161791de269b8d51899b5da14428536715e14ff453a,d184fc57a3e9609397de6161791de269b8d51899b5da14428536715e14ff453a:62,62,4832,4db5210c25371db8f881eab722c3ec1224588c30727a7081fa06617d198b467f,5344,587c6c8f0afc704e9b06d1d9ae9ae619f86b66e2d34fcbffe721d0f91dfe5776,1.8701973525381277e-08
d09fresh665,d184fc57a3e9609397de6161791de269b8d51899b5da14428536715e14ff453a,d184fc57a3e9609397de6161791de269b8d51899b5da14428536715e14ff453a:63,63,4832,4db5210c25371db8f881eab722c3ec1224588c30727a7081fa06617d198b467f,5344,587c6c8f0afc704e9b06d1d9ae9ae619f86b66e2d34fcbffe721d0f91dfe5776,1.8701973525381277e-08
d09fresh665,d184fc57a3e9609397de6161791de269b8d51899b5da14428536715e14ff453a,d184fc57a3e9609397de6161791de269b8d51899b5da14428536715e14ff453a:64,64,3608,17fd85e9572507235e2805df23631f91c00323a605b0fda688539ab5eb540174,4120,d6b2114e80ab758dbb2fef62d702dc210b15989b3fad9dd676a36410120f0b32,2.0000675782227972e-08
d09fresh665,d184fc57a3e9609397de6161791de269b8d51899b5da14428536715e14ff453a,d184fc57a3e9609397de6161791de269b8d51899b5da14428536715e14ff453a:65,65,3608,96d09ef953affa6ab65aec4813153c05bc2f15a9708db3d65a590a5eed35d349,4120,d6b2114e80ab758dbb2fef62d702dc210b15989b3fad9dd676a36410120f0b32,2.2735828331121866e-08
d09fresh665,d184fc57a3e9609397de6161791de269b8d51899b5da14428536715e14ff453a,d184fc57a3e9609397de6161791de269b8d51899b5da14428536715e14ff453a:66,66,3608,96d09ef953affa6ab65aec4813153c05bc2f15a9708db3d65a590a5eed35d349,4120,d6b2114e80ab758dbb2fef62d702dc210b15989b3fad9dd676a36410120f0b32,2.2735828331121866e-08
d09fresh665,d184fc57a3e9609397de6161791de269b8d51899b5da14428536715e14ff453a,d184fc57a3e9609397de6161791de269b8d51899b5da14428536715e14ff453a:67,67,4743,f73afdf635b10acd9bc8c4d25a3727efa925a8201ceea31c6e5046d346013dc3,5255,a161bb357585415043ebcec1a4abaf98b933d96b71f0cb8a29516be8010bf33a,2.2064244320496584e-08
d09fresh665,d184fc57a3e9609397de6161791de269b8d51899b5da14428536715e14ff453a,d184fc57a3e9609397de6161791de269b8d51899b5da14428536715e14ff453a:68,68,5914,e9818c4f04df1ece591b3b6a696820e0bd7e7476e119dd2f52df660b0fc18cb3,6426,dacfaaf4b886ffa7de58176cf70170845b8b8659faf0f1d12768da6d77220c27,1.643761815550704e-08
d09fresh665,d184fc57a3e9609397de6161791de269b8d51899b5da14428536715e14ff453a,d184fc57a3e9609397de6161791de269b8d51899b5da14428536715e14ff453a:69,69,4545,ca1e4072a4488bf46a07499b4e23cf531f1020bb411bc94ca060a061ba8a0a55,5057,5ea74a6e56145513abe8b2c77e84a55701c61b960d4646e818af3c4653b075a5,3.750878607711172e-08
d09fresh665,d184fc57a3e9609397de6161791de269b8d51899b5da14428536715e14ff453a,d184fc57a3e9609397de6161791de269b8d51899b5da14428536715e14ff453a:70,70,4043,2fbe2b0571879781e6f9862b62e5e3e075b9970ce44c64c3807f16076389aa55,4555,5571cade3937039bb6d27011512133d6fbd36d3861246a5c0d3f6679a95d9b10,3.92038830288044e-08
d09fresh665,d184fc57a3e9609397de6161791de269b8d51899b5da14428536715e14ff453a,d184fc57a3e9609397de6161791de269b8d51899b5da14428536715e14ff453a:71,71,4043,2fbe2b0571879781e6f9862b62e5e3e075b9970ce44c64c3807f16076389aa55,4555,5571cade3937039bb6d27011512133d6fbd36d3861246a5c0d3f6679a95d9b10,3.92038830288044e-08
d09fresh665,d184fc57a3e9609397de6161791de269b8d51899b5da14428536715e14ff453a,d184fc57a3e9609397de6161791de269b8d51899b5da14428536715e14ff453a:72,72,4043,2fbe2b0571879781e6f9862b62e5e3e075b9970ce44c64c3807f16076389aa55,4555,5571cade3937039bb6d27011512133d6fbd36d3861246a5c0d3f6679a95d9b10,3.92038830288044e-08
d09fresh665,d184fc57a3e9609397de6161791de269b8d51899b5da14428536715e14ff453a,d184fc57a3e9609397de6161791de269b8d51899b5da14428536715e14ff453a:73,73,4526,b5c9c943df386f4c584b119b6c969261d9e0f15ff3a7a40ac256f4a65859f425,5038,68cd2e099b493ead2b4f38a4dfabb5c01f76e9b0dd43958f3ab80cb9225d0204,2.4967413470022848e-08
d09fresh665,d184fc57a3e9609397de6161791de269b8d51899b5da14428536715e14ff453a,d184fc57a3e9609397de6161791de269b8d51899b5da14428536715e14ff453a:74,74,4526,b5c9c943df386f4c584b119b6c969261d9e0f15ff3a7a40ac256f4a65859f425,5038,68cd2e099b493ead2b4f38a4dfabb5c01f76e9b0dd43958f3ab80cb9225d0204,2.4967413470022848e-08
d09fresh665,d184fc57a3e9609397de6161791de269b8d51899b5da14428536715e14ff453a,d184fc57a3e9609397de6161791de269b8d51899b5da14428536715e14ff453a:75,75,2878,1767c8b6d8fc18d84f4a863f7967f86e10d597320917e03f891a9f19132936c2,3390,8f58cfcae9949b557d4f747a0f40d223a312acb1c3400c06e73788f2412f10f4,2.571254853478422e-08
d09fresh665,d184fc57a3e9609397de6161791de269b8d51899b5da14428536715e14ff453a,d184fc57a3e9609397de6161791de269b8d51899b5da14428536715e14ff453a:76,76,1983,564cbd0aad365eb59de4d26fedb37c4a81f683189b2ad763f9aa424c08fc1404,2495,41d279b18de115bea76081f4f453a95ec5fa632f4e37dd788a3061f633b158b9,3.799163372786296e-08
d09fresh665,d184fc57a3e9609397de6161791de269b8d51899b5da14428536715e14ff453a,d184fc57a3e9609397de6161791de269b8d51899b5da14428536715e14ff453a:77,77,5822,efc414897a6519305b121f0afca3153fc2f9bdf368b81405baae86e39f93199a,6334,fd44c4fde2e591201134b3914f22003592613c0f5cdb5b3fac2ca9f038b94180,2.5003403125722912e-08
d09fresh665,d184fc57a3e9609397de6161791de269b8d51899b5da14428536715e14ff453a,d184fc57a3e9609397de6161791de269b8d51899b5da14428536715e14ff453a:78,78,5822,e7d55f97126cf72e2203b6ae4ba5af0e554140c05cf52c6409bf1cbf3a95e173,6334,fd44c4fde2e591201134b3914f22003592613c0f5cdb5b3fac2ca9f038b94180,5.2238296244233595e-08
d09fresh665,d184fc57a3e9609397de6161791de269b8d51899b5da14428536715e14ff453a,d184fc57a3e9609397de6161791de269b8d51899b5da14428536715e14ff453a:79,79,5822,e7d55f97126cf72e2203b6ae4ba5af0e554140c05cf52c6409bf1cbf3a95e173,6334,fd44c4fde2e591201134b3914f22003592613c0f5cdb5b3fac2ca9f038b94180,5.2238296244233595e-08
d09fresh665,d184fc57a3e9609397de6161791de269b8d51899b5da14428536715e14ff453a,d184fc57a3e9609397de6161791de269b8d51899b5da14428536715e14ff453a:80,80,4213,535184df0efcf7cb1dafc010e51c1daebd6a7e5317067c9533388ef3facf83ef,4725,f167100e0bff6d24105dc544607563f68fb9c985734f1cedd686f2e6c651cd88,3.21628056410006e-08
d09fresh665,d184fc57a3e9609397de6161791de269b8d51899b5da14428536715e14ff453a,d184fc57a3e9609397de6161791de269b8d51899b5da14428536715e14ff453a:81,81,3656,5f13f2c796ef345d7736dec22c5dae367f0c214e1a17198d5fbb10da6ae109c7,4168,c7d47fa82f4800e9eef6dc47774ea6e0be6afe6808b04d6c1348b27ea4bf26a0,3.785704894010422e-08
d09fresh665,d184fc57a3e9609397de6161791de269b8d51899b5da14428536715e14ff453a,d184fc57a3e9609397de6161791de269b8d51899b5da14428536715e14ff453a:82,82,3656,bea91a17331758e669221b47ce6b2989698cf351b90184fa44740c5acd84fd22,4168,c7d47fa82f4800e9eef6dc47774ea6e0be6afe6808b04d6c1348b27ea4bf26a0,4.055915092671114e-08
d09fresh665,d184fc57a3e9609397de6161791de269b8d51899b5da14428536715e14ff453a,d184fc57a3e9609397de6161791de269b8d51899b5da14428536715e14ff453a:83,83,3656,bea91a17331758e669221b47ce6b2989698cf351b90184fa44740c5acd84fd22,4168,c7d47fa82f4800e9eef6dc47774ea6e0be6afe6808b04d6c1348b27ea4bf26a0,4.055915092671114e-08
d09fresh665,d184fc57a3e9609397de6161791de269b8d51899b5da14428536715e14ff453a,d184fc57a3e9609397de6161791de269b8d51899b5da14428536715e14ff453a:84,84,5725,d144a2630eb164f91066d66d48a28e37a555d4df29acfccd3937faca481d1c9a,6237,12e2f308abf6b56e26b46a9012a769b421a2c838a14e0a485e458fab6aed4370,3.798459446979763e-08
d09fresh665,d184fc57a3e9609397de6161791de269b8d51899b5da14428536715e14ff453a,d184fc57a3e9609397de6161791de269b8d51899b5da14428536715e14ff453a:85,85,850,b046c38a8c139add303b3c23cc3f22a56ef793e98a62033374145ee61fa96af0,1362,cc0ac8244338cdc63d1396ac9848d70c6621445784545c64e25842a7c5114bc5,2.3787265712726935e-08
d09fresh665,d184fc57a3e9609397de6161791de269b8d51899b5da14428536715e14ff453a,d184fc57a3e9609397de6161791de269b8d51899b5da14428536715e14ff453a:86,86,2207,ac9547b02df0897acc69b5f34d32a1de21b174a5bc348b9840e9f00fe0f61de7,2719,f7c14677f159b20f93126fb9691a6c19f52208916bf5a2fc59aa0de10a4666ec,1.8498615639295224e-08
d09fresh665,d184fc57a3e9609397de6161791de269b8d51899b5da14428536715e14ff453a,d184fc57a3e9609397de6161791de269b8d51899b5da14428536715e14ff453a:87,87,3950,192386244a29b4336698ef5e447b8506981143fe83d9aa20a6a9bf74ea2ec298,4462,b06da6e2dd63d737e88d648aa5fd2892d81f66dd65d783b483fe8ea821673184,4.017392685184973e-08
d09fresh665,d184fc57a3e9609397de6161791de269b8d51899b5da14428536715e14ff453a,d184fc57a3e9609397de6161791de269b8d51899b5da14428536715e14ff453a:88,88,3950,138cfdd468d2631ba37801333b97ffd6b885f7a26f54f032906f46ac8f7889cd,4462,b06da6e2dd63d737e88d648aa5fd2892d81f66dd65d783b483fe8ea821673184,2.8998055956463986e-08
d09fresh665,d184fc57a3e9609397de6161791de269b8d51899b5da14428536715e14ff453a,d184fc57a3e9609397de6161791de269b8d51899b5da14428536715e14ff453a:89,89,3950,138cfdd468d2631ba37801333b97ffd6b885f7a26f54f032906f46ac8f7889cd,4462,b06da6e2dd63d737e88d648aa5fd2892d81f66dd65d783b483fe8ea821673184,2.8998055956463986e-08
d09fresh665,d184fc57a3e9609397de6161791de269b8d51899b5da14428536715e14ff453a,d184fc57a3e9609397de6161791de269b8d51899b5da14428536715e14ff453a:90,90,6806,4c9b6447b54f445113cb6ba670eb47bf3277d7be2d6977ea0a78dcc66876fbd2,7318,1aa4636f2af7cdac244d85f18dc8fd6bd5165e393eef75f5d595712c5382cf0e,4.030438005564463e-08
d09fresh665,d184fc57a3e9609397de6161791de269b8d51899b5da14428536715e14ff453a,d184fc57a3e9609397de6161791de269b8d51899b5da14428536715e14ff453a:91,91,3325,e81a84f0925eb0e64c7b5950996888aa7a104575d7e61c315f1a5c8a38c926c9,3837,854d1dbe58bf3ec4b94b89f0a72131bf23db8c40cce6bf6a2e3a1a4a8b63c40f,1.985921138647484e-08
d09fresh665,d184fc57a3e9609397de6161791de269b8d51899b5da14428536715e14ff453a,d184fc57a3e9609397de6161791de269b8d51899b5da14428536715e14ff453a:92,92,3325,1cbd8f15938fb4067defa688e4a08a54345cbeb05b7cac6dadde16aa81011e33,3837,854d1dbe58bf3ec4b94b89f0a72131bf23db8c40cce6bf6a2e3a1a4a8b63c40f,2.5264236536148843e-08
d09fresh665,d184fc57a3e9609397de6161791de269b8d51899b5da14428536715e14ff453a,d184fc57a3e9609397de6161791de269b8d51899b5da14428536715e14ff453a:93,93,3325,1cbd8f15938fb4067defa688e4a08a54345cbeb05b7cac6dadde16aa81011e33,3837,854d1dbe58bf3ec4b94b89f0a72131bf23db8c40cce6bf6a2e3a1a4a8b63c40f,2.5264236536148843e-08
d09fresh665,d184fc57a3e9609397de6161791de269b8d51899b5da14428536715e14ff453a,d184fc57a3e9609397de6161791de269b8d51899b5da14428536715e14ff453a:94,94,1935,d10ee74922b003050b1bfd7293c6e774166ed47d0762c7d0e04e5a4887c5a80a,2447,3b7f85cd8883c6d478fbee79e7d4b8dec1d4af2a3ab9439836e4bfdd57528599,5.615195663999373e-08
d09fresh665,d184fc57a3e9609397de6161791de269b8d51899b5da14428536715e14ff453a,d184fc57a3e9609397de6161791de269b8d51899b5da14428536715e14ff453a:95,95,874,aeb7fad33384119f6b136d2042a87f741b64ea1be91549ae2a2198ee8ac3dae2,1386,45860d6455acac047dba4ff7bab6cabb4989c792c2e5dfed0a17d13a110ac4ff,3.8981785577263395e-08
d09fresh665,d184fc57a3e9609397de6161791de269b8d51899b5da14428536715e14ff453a,d184fc57a3e9609397de6161791de269b8d51899b5da14428536715e14ff453a:96,96,112,7acb65e09cf0b8aca70f2e3ff7e2dc4169d0fe83f92f5509d4947157d57ab27b,624,5494eb4490b5a2f6f6933f0c8997222a77b88e95e41105ebbd949e42c8c3bec2,2.427949485905856e-08
d09fresh665,d184fc57a3e9609397de6161791de269b8d51899b5da14428536715e14ff453a,d184fc57a3e9609397de6161791de269b8d51899b5da14428536715e14ff453a:97,97,3663,0d19bd4f1b7be66635e737f78e608a5fde18e608ecc2b735569053cda6684a1b,4175,afce5252a5cf4ca9ce28a7f5d67b2ba89b101a1c985554ce3120c1879b5085dd,1.781071218287522e-08
d09fresh665,d184fc57a3e9609397de6161791de269b8d51899b5da14428536715e14ff453a,d184fc57a3e9609397de6161791de269b8d51899b5da14428536715e14ff453a:98,98,7394,288e242d6ec273f612a82837311f64504fa8b591bc366ac5b088dd7f39c72c88,7906,d6c2c2dc38a3b01788c4eb9547d712764b1fd1b2fa8331966b9b6f2a23a36f5f,1.546100192317823e-08
d09fresh665,d184fc57a3e9609397de6161791de269b8d51899b5da14428536715e14ff453a,d184fc57a3e9609397de6161791de269b8d51899b5da14428536715e14ff453a:99,99,7394,3a43c0be2c0ce6bd375cfe34b8073afff3b073943588779fa136b1d09a2ae189,7906,d6c2c2dc38a3b01788c4eb9547d712764b1fd1b2fa8331966b9b6f2a23a36f5f,3.1991977622602974e-08
d09fresh665,d184fc57a3e9609397de6161791de269b8d51899b5da14428536715e14ff453a,d184fc57a3e9609397de6161791de269b8d51899b5da14428536715e14ff453a:100,100,7394,3a43c0be2c0ce6bd375cfe34b8073afff3b073943588779fa136b1d09a2ae189,7906,d6c2c2dc38a3b01788c4eb9547d712764b1fd1b2fa8331966b9b6f2a23a36f5f,3.1991977622602974e-08
d09fresh665,d184fc57a3e9609397de6161791de269b8d51899b5da14428536715e14ff453a,d184fc57a3e9609397de6161791de269b8d51899b5da14428536715e14ff453a:101,101,7567,1444eea590ce73bbe19a7104e3c6f334b277eb48f62992ca97e2cfd4612c4ab1,8079,8e06123b4854287f001e8b21c04a01719a76f49eefc9d5776979ade6d603e020,2.8279137254116904e-08
d09fresh665,d184fc57a3e9609397de6161791de269b8d51899b5da14428536715e14ff453a,d184fc57a3e9609397de6161791de269b8d51899b5da14428536715e14ff453a:102,102,960,d9474d8414cf699e55613436c0e2c837b93074645e299ef5a830a343b52267dc,1472,5cb257756284a3f911cae3771fe38a272dca39ceac55aef4cd770816774e736d,3.567193651576872e-08
d09fresh665,d184fc57a3e9609397de6161791de269b8d51899b5da14428536715e14ff453a,d184fc57a3e9609397de6161791de269b8d51899b5da14428536715e14ff453a:103,103,960,3272a306e0e66e8ecedb030b92b4206e0ee0a8e4aab933dc7696f86f3730bd69,1472,5cb257756284a3f911cae3771fe38a272dca39ceac55aef4cd770816774e736d,3.792883007669445e-08
d09fresh665,d184fc57a3e9609397de6161791de269b8d51899b5da14428536715e14ff453a,d184fc57a3e9609397de6161791de269b8d51899b5da14428536715e14ff453a:104,104,1243,2914bd44a09d2000c4941d998ce6f1f40b4f6126d461401626093e1c9154f2af,1755,0ff1de2e81b22c241583020ed1fe043f348954b686629b6e7785daa47332a3d0,4.831803224192299e-08
d09fresh665,d184fc57a3e9609397de6161791de269b8d51899b5da14428536715e14ff453a,d184fc57a3e9609397de6161791de269b8d51899b5da14428536715e14ff453a:105,105,4264,e1e4fc043e6fde5652c56a3b1e7d40a4888942ffa3503300417b30ea958dc626,4776,5c5f5988ba345482f18ee9b544075befd8b40ee8b36f1dfb19f4e9b12d7126fd,2.8944350416448827e-08
d09fresh665,d184fc57a3e9609397de6161791de269b8d51899b5da14428536715e14ff453a,d184fc57a3e9609397de6161791de269b8d51899b5da14428536715e14ff453a:106,106,6287,b5032aea2b384fac7d0afe866e3163db7ff7f385acd6b6c82a2351967cfd2466,6799,9f6cb5e09bea5b69c59f9395af247190e0dc2f63e224687740bee1bd3ae4100c,3.819996530207703e-08
d09fresh665,d184fc57a3e9609397de6161791de269b8d51899b5da14428536715e14ff453a,d184fc57a3e9609397de6161791de269b8d51899b5da14428536715e14ff453a:107,107,6287,189447b59c64abecb6d1fdea9bb6b39bc041fbe7a40c4b73ac787ac5a2af6c16,6799,9f6cb5e09bea5b69c59f9395af247190e0dc2f63e224687740bee1bd3ae4100c,2.3298804108229376e-08
d09fresh665,d184fc57a3e9609397de6161791de269b8d51899b5da14428536715e14ff453a,d184fc57a3e9609397de6161791de269b8d51899b5da14428536715e14ff453a:108,108,6876,504c8b5f68e59754a67ea3b2d147ae839064d7d9dd7ef405829de303906f8fd9,7388,e7d38e5090b11351126c77fdc1f0b7bc266aaf33890447f7a4dd40d2c1fcd636,3.1165807490296515e-08
d09fresh665,d184fc57a3e9609397de6161791de269b8d51899b5da14428536715e14ff453a,d184fc57a3e9609397de6161791de269b8d51899b5da14428536715e14ff453a:109,109,6876,6d29e9534333eae7682750ac807b50ecc2ec5483a02de8ccd011761328266572,7388,e7d38e5090b11351126c77fdc1f0b7bc266aaf33890447f7a4dd40d2c1fcd636,1.778834057830636e-08
d09fresh665,d184fc57a3e9609397de6161791de269b8d51899b5da14428536715e14ff453a,d184fc57a3e9609397de6161791de269b8d51899b5da14428536715e14ff453a:110,110,6876,8deb62cdfb460251d10b57f43e1c164997e37e0012147d0ea38d01e67a87e5b4,7388,e7d38e5090b11351126c77fdc1f0b7bc266aaf33890447f7a4dd40d2c1fcd636,1.626464629644886e-08
d09fresh665,d184fc57a3e9609397de6161791de269b8d51899b5da14428536715e14ff453a,d184fc57a3e9609397de6161791de269b8d51899b5da14428536715e14ff453a:111,111,6876,6d29e9534333eae7682750ac807b50ecc2ec5483a02de8ccd011761328266572,7388,e7d38e5090b11351126c77fdc1f0b7bc266aaf33890447f7a4dd40d2c1fcd636,1.778834057830636e-08
d09fresh665,d184fc57a3e9609397de6161791de269b8d51899b5da14428536715e14ff453a,d184fc57a3e9609397de6161791de269b8d51899b5da14428536715e14ff453a:112,112,6876,8deb62cdfb460251d10b57f43e1c164997e37e0012147d0ea38d01e67a87e5b4,7388,e7d38e5090b11351126c77fdc1f0b7bc266aaf33890447f7a4dd40d2c1fcd636,1.626464629644886e-08
d09fresh665,d184fc57a3e9609397de6161791de269b8d51899b5da14428536715e14ff453a,d184fc57a3e9609397de6161791de269b8d51899b5da14428536715e14ff453a:113,113,757,4bc8d1367e7900fe8744268a81b7a1163680e65515e627d0e2559d2498db8424,1269,4b8408f716f2a483951731e8f608d4911b9971200cec58414e01c34a951c675f,2.2513034547699817e-08
d09fresh665,d184fc57a3e9609397de6161791de269b8d51899b5da14428536715e14ff453a,d184fc57a3e9609397de6161791de269b8d51899b5da14428536715e14ff453a:114,114,385,0878244a5c0a4f76927c3fdcf7a848dd0de853a476874a79abc6675e80505c98,897,04bc7774a5b3fba20311d9c3b8a54629842cbfa1cd587f8ba00e3c72c103408a,2.6257096052972884e-08
d09fresh665,d184fc57a3e9609397de6161791de269b8d51899b5da14428536715e14ff453a,d184fc57a3e9609397de6161791de269b8d51899b5da14428536715e14ff453a:115,115,385,58f51fee42202a69fcd4200beca321197631f8d571e1ffd011844c26653abed1,897,04bc7774a5b3fba20311d9c3b8a54629842cbfa1cd587f8ba00e3c72c103408a,4.860883784374437e-08
d09fresh665,d184fc57a3e9609397de6161791de269b8d51899b5da14428536715e14ff453a,d184fc57a3e9609397de6161791de269b8d51899b5da14428536715e14ff453a:116,116,385,eaf57bb53f18cce95478137cda54124997584255f73f44ab0b9aa3893bf86107,897,04bc7774a5b3fba20311d9c3b8a54629842cbfa1cd587f8ba00e3c72c103408a,2.6257096052972884e-08
d09fresh665,d184fc57a3e9609397de6161791de269b8d51899b5da14428536715e14ff453a,d184fc57a3e9609397de6161791de269b8d51899b5da14428536715e14ff453a:117,117,1528,987c655c8165cf4e6dcef83e324e738bd8aa3aee890c2d99757a825ad41d3143,2040,aa20a051e23aa7e77dca8d27811051251b238dce1e891bd99e688bd37a033b35,1.8906608834079464e-08
d09fresh665,d184fc57a3e9609397de6161791de269b8d51899b5da14428536715e14ff453a,d184fc57a3e9609397de6161791de269b8d51899b5da14428536715e14ff453a:118,118,3125,c72f768eee169b7a9b66f29d5daaee6e4936cc7d0f9a050cdeb30cabc79f77dc,3637,499dd45022a47ed42a67e1fcea8ed634a6a4a9cba5fcfa78418fb7358fe740bf,3.237862022942295e-08
d09fresh665,d184fc57a3e9609397de6161791de269b8d51899b5da14428536715e14ff453a,d184fc57a3e9609397de6161791de269b8d51899b5da14428536715e14ff453a:119,119,3125,5408fa2650d5d81d5925a0642bf6a291ef0905114ba5f78cd60e62eab2162ff7,3637,499dd45022a47ed42a67e1fcea8ed634a6a4a9cba5fcfa78418fb7358fe740bf,2.1158919949471056e-08
d09fresh665,d184fc57a3e9609397de6161791de269b8d51899b5da14428536715e14ff453a,d184fc57a3e9609397de6161791de269b8d51899b5da14428536715e14ff453a:120,120,3125,5408fa2650d5d81d5925a0642bf6a291ef0905114ba5f78cd60e62eab2162ff7,3637,499dd45022a47ed42a67e1fcea8ed634a6a4a9cba5fcfa78418fb7358fe740bf,2.1158919949471056e-08
d09fresh665,d184fc57a3e9609397de6161791de269b8d51899b5da14428536715e14ff453a,d184fc57a3e9609397de6161791de269b8d51899b5da14428536715e14ff453a:121,121,4649,8e2d349df02102248d635b9cbb7ee28613c6702118f7ccfaa8337985c85db559,5161,8d8c2e6c68f194fc1a5bf8a2bb4f199cd0adaf1ac7e6bbff370b902f1e1216bf,1.9362150105450837e-08
d09fresh665,d184fc57a3e9609397de6161791de269b8d51899b5da14428536715e14ff453a,d184fc57a3e9609397de6161791de269b8d51899b5da14428536715e14ff453a:122,122,3412,917d3fc3d720cb31c7582fc2dc7aad84d8e7203b29dd90c7ff2b91b707caed4d,3924,361f987677ababcb371f2cdc0134054ba5b62019430eea62d0c2fb7bb7c9fdac,3.262963366168492e-08
d09fresh665,d184fc57a3e9609397de6161791de269b8d51899b5da14428536715e14ff453a,d184fc57a3e9609397de6161791de269b8d51899b5da14428536715e14ff453a:123,123,3412,917d3fc3d720cb31c7582fc2dc7aad84d8e7203b29dd90c7ff2b91b707caed4d,3924,361f987677ababcb371f2cdc0134054ba5b62019430eea62d0c2fb7bb7c9fdac,3.262963366168492e-08
d09fresh665,d184fc57a3e9609397de6161791de269b8d51899b5da14428536715e14ff453a,d184fc57a3e9609397de6161791de269b8d51899b5da14428536715e14ff453a:124,124,3412,827dcdac8b7614a7e04d8404d01a9dfdfe1754951cfc4c78c0c2b48e15cbb50b,3924,361f987677ababcb371f2cdc0134054ba5b62019430eea62d0c2fb7bb7c9fdac,2.2917200359628964e-08
d09fresh665,d184fc57a3e9609397de6161791de269b8d51899b5da14428536715e14ff453a,d184fc57a3e9609397de6161791de269b8d51899b5da14428536715e14ff453a:125,125,3412,209333b72a7d8616585455800b1a5a6c9bcf69da0742657ad92bad2c9d447538,3924,361f987677ababcb371f2cdc0134054ba5b62019430eea62d0c2fb7bb7c9fdac,3.223124989126802e-08
d09fresh665,d184fc57a3e9609397de6161791de269b8d51899b5da14428536715e14ff453a,d184fc57a3e9609397de6161791de269b8d51899b5da14428536715e14ff453a:126,126,1992,0ceead4d93a8a597490b2cdc34c432654f391c89a2bfe5773a3716bbf8903488,2504,398dd88f90d1cde542baaf34d0319696cfff8d199f88f9ab0b2c7fc1c5bb74d5,3.20382133045527e-08
d09fresh665,d184fc57a3e9609397de6161791de269b8d51899b5da14428536715e14ff453a,d184fc57a3e9609397de6161791de269b8d51899b5da14428536715e14ff453a:127,127,2182,3c969883ac006d6ef9d33d65a8d4949a4edae76cc6aebdd27706c63e6dd20509,2694,062db6ac579bc5a47eead0ea6ca149b4f0711e3a198c3f217bc35f607131659a,4.774941320118131e-08
d09fresh665,d184fc57a3e9609397de6161791de269b8d51899b5da14428536715e14ff453a,d184fc57a3e9609397de6161791de269b8d51899b5da14428536715e14ff453a:128,128,2182,2f09a20c5aeeb96e13c71e4bb93b6e987827287d21c1eec74ef7b61eb4cf8b37,2694,062db6ac579bc5a47eead0ea6ca149b4f0711e3a198c3f217bc35f607131659a,4.774941320118131e-08
d09fresh665,d184fc57a3e9609397de6161791de269b8d51899b5da14428536715e14ff453a,d184fc57a3e9609397de6161791de269b8d51899b5da14428536715e14ff453a:129,129,7099,bb94a4558a0a526b9bf6877f48c71e6cc7cc97a507b24b3b74e4c49692485998,7611,a54fc56e25caa9b73f2f1d95bd0fb133371a84b7d3164cf40652a980d6e7ab49,3.6002730574580255e-08
d09fresh665,d184fc57a3e9609397de6161791de269b8d51899b5da14428536715e14ff453a,d184fc57a3e9609397de6161791de269b8d51899b5da14428536715e14ff453a:130,130,7099,88176c0017872ca2138ba3ca0c57d31d101ad81367f0e24b24ff75dff13a3602,7611,a54fc56e25caa9b73f2f1d95bd0fb133371a84b7d3164cf40652a980d6e7ab49,4.7822450888190815e-08
d09fresh665,d184fc57a3e9609397de6161791de269b8d51899b5da14428536715e14ff453a,d184fc57a3e9609397de6161791de269b8d51899b5da14428536715e14ff453a:131,131,7099,88176c0017872ca2138ba3ca0c57d31d101ad81367f0e24b24ff75dff13a3602,7611,a54fc56e25caa9b73f2f1d95bd0fb133371a84b7d3164cf40652a980d6e7ab49,4.7822450888190815e-08
d09fresh665,d184fc57a3e9609397de6161791de269b8d51899b5da14428536715e14ff453a,d184fc57a3e9609397de6161791de269b8d51899b5da14428536715e14ff453a:132,132,156,754680e3ac3a2cf8bf33f9409006668462f9e13ef5ad081002934c9c9db7d273,668,71cf075464539a33224f7b5d662c8d4e5973a2f17c60555adaf5dd30e91e4188,2.9418698588301595e-08
d09fresh665,d184fc57a3e9609397de6161791de269b8d51899b5da14428536715e14ff453a,d184fc57a3e9609397de6161791de269b8d51899b5da14428536715e14ff453a:133,133,156,411fab000157c36b10055b4ff752fbef2c189fb5508a365743296735b35cc720,668,71cf075464539a33224f7b5d662c8d4e5973a2f17c60555adaf5dd30e91e4188,2.9418698588301595e-08
d09fresh665,d184fc57a3e9609397de6161791de269b8d51899b5da14428536715e14ff453a,d184fc57a3e9609397de6161791de269b8d51899b5da14428536715e14ff453a:134,134,156,f953262dccb3176718acb89fac7696ad5ac877cede07ac54a1f63d541695151c,668,71cf075464539a33224f7b5d662c8d4e5973a2f17c60555adaf5dd30e91e4188,2.61053003658418e-08
d09fresh665,d184fc57a3e9609397de6161791de269b8d51899b5da14428536715e14ff453a,d184fc57a3e9609397de6161791de269b8d51899b5da14428536715e14ff453a:135,135,6304,0911a7c8d3e2f0df5335294a7bee500b259b040d7fd79975f234b3c3dfa6c6ef,6816,80b106ffcc635914868373adc2c021bbfa57299af6ad8c33a080828e7a4b2594,1.3598178805196426e-08
d09fresh665,d184fc57a3e9609397de6161791de269b8d51899b5da14428536715e14ff453a,d184fc57a3e9609397de6161791de269b8d51899b5da14428536715e14ff453a:136,136,4006,17bd5d036e211c76a91b1a6e7eca4cb3e2362b998345dda218b3e38147920a2e,4518,4ab00f6bfed8737fac7f4aae33fe033e0810802d76f6a98b55e12633100d55af,3.40973268508904e-08
d09fresh665,d184fc57a3e9609397de6161791de269b8d51899b5da14428536715e14ff453a,d184fc57a3e9609397de6161791de269b8d51899b5da14428536715e14ff453a:137,137,2075,2a33e8a5f0d60712967cefb5602248e38002269fa7e2eda8a26cd6ebd41359e0,2587,8db658da9ff6aa906da4502861d379207982112072c057240c2fa97bf1fd06d1,2.5378440238199573e-08
d09fresh665,d184fc57a3e9609397de6161791de269b8d51899b5da14428536715e14ff453a,d184fc57a3e9609397de6161791de269b8d51899b5da14428536715e14ff453a:138,138,2075,8dfcd25e80ede54e24709c8adeed265133edbf844f308ebba19d3deb6f2b6cfc,2587,8db658da9ff6aa906da4502861d379207982112072c057240c2fa97bf1fd06d1,2.503003559972683e-08
d09fresh665,d184fc57a3e9609397de6161791de269b8d51899b5da14428536715e14ff453a,d184fc57a3e9609397de6161791de269b8d51899b5da14428536715e14ff453a:139,139,2075,8dfcd25e80ede54e24709c8adeed265133edbf844f308ebba19d3deb6f2b6cfc,2587,8db658da9ff6aa906da4502861d379207982112072c057240c2fa97bf1fd06d1,2.503003559972683e-08
d09fresh665,d184fc57a3e9609397de6161791de269b8d51899b5da14428536715e14ff453a,d184fc57a3e9609397de6161791de269b8d51899b5da14428536715e14ff453a:140,140,1165,9d48c23cad6e22ae2830ac1e8bb4f99f68696ddd64433dbb74f460506cecbe8a,1677,616a21fd717e762c53ca87ce95d515addb0a0ddf26234f91f8938198846661a6,3.585834917885222e-08
d09fresh665,d184fc57a3e9609397de6161791de269b8d51899b5da14428536715e14ff453a,d184fc57a3e9609397de6161791de269b8d51899b5da14428536715e14ff453a:141,141,6022,b168cc07dfa431fb58130f90e8e408734a41132cbb9d397de4e705c45607ff87,6534,6fd40e5282f1b31307b272bc1a4873aca8f4d42dc86c0c1b8288aa774dc1009b,2.5964897121255603e-08
d09fresh665,d184fc57a3e9609397de6161791de269b8d51899b5da14428536715e14ff453a,d184fc57a3e9609397de6161791de269b8d51899b5da14428536715e14ff453a:142,142,5519,1c44779e02d82f9ab4d62da6d1bbb2c0022f59dccc49b4b3c27080f262105857,6031,a32cc26f11660db0b90b583d60639fe93cca034aff204d94baf2529df5be499c,1.9353263880361737e-08
d09fresh665,d184fc57a3e9609397de6161791de269b8d51899b5da14428536715e14ff453a,d184fc57a3e9609397de6161791de269b8d51899b5da14428536715e14ff453a:143,143,5519,184f1a5726cc09c5a16c608fb87bef3c77cc3ce95f76e262efe285fdcc1bc5ac,6031,a32cc26f11660db0b90b583d60639fe93cca034aff204d94baf2529df5be499c,2.0284586454977216e-08
d09fresh665,d184fc57a3e9609397de6161791de269b8d51899b5da14428536715e14ff453a,d184fc57a3e9609397de6161791de269b8d51899b5da14428536715e14ff453a:144,144,5519,184f1a5726cc09c5a16c608fb87bef3c77cc3ce95f76e262efe285fdcc1bc5ac,6031,a32cc26f11660db0b90b583d60639fe93cca034aff204d94baf2529df5be499c,2.0284586454977216e-08
d09fresh665,d184fc57a3e9609397de6161791de269b8d51899b5da14428536715e14ff453a,d184fc57a3e9609397de6161791de269b8d51899b5da14428536715e14ff453a:145,145,1255,84dc603128aa4978193344958bad06bb07348c8a17d57c5b199d92fabc59028f,1767,9a5a87cc668b3f0755473e27579a7678d91b6aee13490851168ab8c850eb8e07,1.8631263642987506e-08
d09fresh665,d184fc57a3e9609397de6161791de269b8d51899b5da14428536715e14ff453a,d184fc57a3e9609397de6161791de269b8d51899b5da14428536715e14ff453a:146,146,6410,16cfc8e1674c2c89b33f963a54a0d9617912738f81fa66ae5f66aee8158c9465,6922,8c5cee9737e1d74bac80baff14e5c72aaaa5b1c7a3578c6ef53e148dfcbab0f4,3.3112412589630935e-08
d09fresh665,d184fc57a3e9609397de6161791de269b8d51899b5da14428536715e14ff453a,d184fc57a3e9609397de6161791de269b8d51899b5da14428536715e14ff453a:147,147,6410,f540a4379c57313af64c41fdb13baf02f8cd0a35004c38196f930b56ae757320,6922,8c5cee9737e1d74bac80baff14e5c72aaaa5b1c7a3578c6ef53e148dfcbab0f4,2.1936541694245193e-08
d09fresh665,d184fc57a3e9609397de6161791de269b8d51899b5da14428536715e14ff453a,d184fc57a3e9609397de6161791de269b8d51899b5da14428536715e14ff453a:148,148,6410,f540a4379c57313af64c41fdb13baf02f8cd0a35004c38196f930b56ae757320,6922,8c5cee9737e1d74bac80baff14e5c72aaaa5b1c7a3578c6ef53e148dfcbab0f4,2.1936541694245193e-08
d09fresh665,d184fc57a3e9609397de6161791de269b8d51899b5da14428536715e14ff453a,d184fc57a3e9609397de6161791de269b8d51899b5da14428536715e14ff453a:149,149,2794,2a4abb7b4e9c4e2db54691f200434a7fe3851b0a5b6b0632210d5a4d02415cfc,3306,dcef405fbda604b210b74396ffa0b3f7a38e82487c6a67d1938fb90e4e173e39,2.8994278533645e-08
d09fresh665,d184fc57a3e9609397de6161791de269b8d51899b5da14428536715e14ff453a,d184fc57a3e9609397de6161791de269b8d51899b5da14428536715e14ff453a:150,150,2794,e7f55ef99e22e57e8f634fad6b980df4b67f10745cd6659057678c342d98ad99,3306,dcef405fbda604b210b74396ffa0b3f7a38e82487c6a67d1938fb90e4e173e39,5.404324121549564e-08
d09fresh665,d184fc57a3e9609397de6161791de269b8d51899b5da14428536715e14ff453a,d184fc57a3e9609397de6161791de269b8d51899b5da14428536715e14ff453a:151,151,1381,3d31347f034c255297074c733ccd79e418c517967add626f7247f6b6cd743939,1893,3b8e66798d3412f471ca0045ce7f590901e6563c96376ea4423068f70094e0f3,3.2847909281485954e-08
d09fresh665,d184fc57a3e9609397de6161791de269b8d51899b5da14428536715e14ff453a,d184fc57a3e9609397de6161791de269b8d51899b5da14428536715e14ff453a:152,152,1381,4b5627109522958e33785002a2d061fd97dc482a7e1427ed1a5e05ef9d378a06,1893,3b8e66798d3412f471ca0045ce7f590901e6563c96376ea4423068f70094e0f3,3.0299640574327213e-08
d09fresh665,d184fc57a3e9609397de6161791de269b8d51899b5da14428536715e14ff453a,d184fc57a3e9609397de6161791de269b8d51899b5da14428536715e14ff453a:153,153,1381,4b5627109522958e33785002a2d061fd97dc482a7e1427ed1a5e05ef9d378a06,1893,3b8e66798d3412f471ca0045ce7f590901e6563c96376ea4423068f70094e0f3,3.0299640574327213e-08
d09fresh665,d184fc57a3e9609397de6161791de269b8d51899b5da14428536715e14ff453a,d184fc57a3e9609397de6161791de269b8d51899b5da14428536715e14ff453a:154,154,1986,c5661d4d67fd021330f9df2041435e260e05f51e04aa735329f89e3982bbf6c8,2498,e7b8614bec620c0089b641aa189f3f61a7a2ddb3ff05c3bfc3e2206429ed6668,1.3434876988682731e-08
d09fresh665,d184fc57a3e9609397de6161791de269b8d51899b5da14428536715e14ff453a,d184fc57a3e9609397de6161791de269b8d51899b5da14428536715e14ff453a:155,155,1986,c5661d4d67fd021330f9df2041435e260e05f51e04aa735329f89e3982bbf6c8,2498,e7b8614bec620c0089b641aa189f3f61a7a2ddb3ff05c3bfc3e2206429ed6668,1.3434876988682731e-08
d09fresh665,d184fc57a3e9609397de6161791de269b8d51899b5da14428536715e14ff453a,d184fc57a3e9609397de6161791de269b8d51899b5da14428536715e14ff453a:156,156,1172,8beed807213aa1f87f1a807836b0c3959346d091de1a28f365de106693900783,1684,6bb76256113c30f14371cce4b7349c4ed50c007992bbf174d84352afbb703ac4,1.8355928110835862e-08
d09fresh665,d184fc57a3e9609397de6161791de269b8d51899b5da14428536715e14ff453a,d184fc57a3e9609397de6161791de269b8d51899b5da14428536715e14ff453a:157,157,1701,e77fa0384c26e598e8ec24011fe2672e301612d6d6b1756702e3bed1a4ad6c6a,2213,0eb0837bb1f0c84fd2afe03093083532fe7f48c46d158fc5f887463286a61aee,2.0940935874236288e-08
d09fresh665,d184fc57a3e9609397de6161791de269b8d51899b5da14428536715e14ff453a,d184fc57a3e9609397de6161791de269b8d51899b5da14428536715e14ff453a:158,158,414,f3832442e810abbe0ce74ad9084ac43ad451504fdbc8279707a87162cda4294f,926,6c505c0ac081faf22561c8910148a8b911143c973d1784ebaacf4746f56943f9,3.386055735798976e-08
d09fresh665,d184fc57a3e9609397de6161791de269b8d51899b5da14428536715e14ff453a,d184fc57a3e9609397de6161791de269b8d51899b5da14428536715e14ff453a:159,159,414,675fdaf197321f94cffb77dbb7cae133ea00201d156f7ba9ffc1460dc6336aeb,926,6c505c0ac081faf22561c8910148a8b911143c973d1784ebaacf4746f56943f9,9.217797192206945e-09
d09fresh665,d184fc57a3e9609397de6161791de269b8d51899b5da14428536715e14ff453a,d184fc57a3e9609397de6161791de269b8d51899b5da14428536715e14ff453a:160,160,4824,793ba2669164182a208c7cb3b8d043e0860e86f784aee869e3170736077b535d,5336,1bfbe0de1514e318c7323514e6a5edcdefa678a7be5ff495a1b755ff43dd1c52,3.16663935073791e-08
d09fresh665,d184fc57a3e9609397de6161791de269b8d51899b5da14428536715e14ff453a,d184fc57a3e9609397de6161791de269b8d51899b5da14428536715e14ff453a:161,161,4824,793ba2669164182a208c7cb3b8d043e0860e86f784aee869e3170736077b535d,5336,1bfbe0de1514e318c7323514e6a5edcdefa678a7be5ff495a1b755ff43dd1c52,3.16663935073791e-08
d09fresh665,d184fc57a3e9609397de6161791de269b8d51899b5da14428536715e14ff453a,d184fc57a3e9609397de6161791de269b8d51899b5da14428536715e14ff453a:162,162,1042,bbc2f7aa84c90ab5951ce2c83230975edaf978e79dfa3afb6d9db4eb3719cb29,1554,cf1cbe4a88a9fd4284469628ec6d09956010d5d0ac20c32910cb9998e61fc993,8.0031039573214e-09
d09fresh665,d184fc57a3e9609397de6161791de269b8d51899b5da14428536715e14ff453a,d184fc57a3e9609397de6161791de269b8d51899b5da14428536715e14ff453a:163,163,4623,ba212e8c8e370b25553fd71aae04ea7f043d4d4417a2ba29fab292ce9f2d2ec1,5135,65e9f5100e46f21b25f55523cb33339429bee9bdf45b8cc54c5ba9fac7792261,1.0833659747078173e-08
d09fresh665,d184fc57a3e9609397de6161791de269b8d51899b5da14428536715e14ff453a,d184fc57a3e9609397de6161791de269b8d51899b5da14428536715e14ff453a:164,164,4623,11200938bbab9b8f71b020f466eb79e47f4972c8ffcd1e93c95ee18b797340d5,5135,65e9f5100e46f21b25f55523cb33339429bee9bdf45b8cc54c5ba9fac7792261,2.1972594965724568e-08
d09fresh665,d184fc57a3e9609397de6161791de269b8d51899b5da14428536715e14ff453a,d184fc57a3e9609397de6161791de269b8d51899b5da14428536715e14ff453a:165,165,3212,e72a0278413acde9fc42cad4c2cb7d0c47bf29320460b5e2b782c417153762ce,3724,5d286f3e216fec55d601d17dfd686409b72121499e7951b75a69fd59aacdfd50,2.796966658280553e-08
d09fresh665,d184fc57a3e9609397de6161791de269b8d51899b5da14428536715e14ff453a,d184fc57a3e9609397de6161791de269b8d51899b5da14428536715e14ff453a:166,166,4754,e941202a5d4491b0007cee7f0cb6d36df3824cc4a48f5584d88e5c813f8921a3,5266,ac308b3728b9322dbc80914010e5dc576a97cd8b2f10944b05a1a1252ad78e4a,1.8876868956851922e-08
d09fresh665,d184fc57a3e9609397de6161791de269b8d51899b5da14428536715e14ff453a,d184fc57a3e9609397de6161791de269b8d51899b5da14428536715e14ff453a:167,167,4754,580bae5d608d83a6d0c954438a495873796d52869a6beeb8d4d8afdc4f09d2d7,5266,ac308b3728b9322dbc80914010e5dc576a97cd8b2f10944b05a1a1252ad78e4a,1.4401270620467699e-08
d09fresh665,d184fc57a3e9609397de6161791de269b8d51899b5da14428536715e14ff453a,d184fc57a3e9609397de6161791de269b8d51899b5da14428536715e14ff453a:168,168,4754,646843a707d7edaea335a89ea9b4db02161cfa68c8cc1c1696c6cca4cc25c45d,5266,ac308b3728b9322dbc80914010e5dc576a97cd8b2f10944b05a1a1252ad78e4a,4.420359300816301e-08
d09fresh665,d184fc57a3e9609397de6161791de269b8d51899b5da14428536715e14ff453a,d184fc57a3e9609397de6161791de269b8d51899b5da14428536715e14ff453a:169,169,5715,ec3b20316326a7d41c36947bdd1833a79036ef838539eebbf96289822443685d,6227,1c4a30978b21f67f91ac8ecb3699cb7e20c3bbac47e4c38425e045cd6148dce4,2.393249931564867e-08
d09fresh665,d184fc57a3e9609397de6161791de269b8d51899b5da14428536715e14ff453a,d184fc57a3e9609397de6161791de269b8d51899b5da14428536715e14ff453a:170,170,5715,ec3b20316326a7d41c36947bdd1833a79036ef838539eebbf96289822443685d,6227,1c4a30978b21f67f91ac8ecb3699cb7e20c3bbac47e4c38425e045cd6148dce4,2.393249931564867e-08
d09fresh665,d184fc57a3e9609397de6161791de269b8d51899b5da14428536715e14ff453a,d184fc57a3e9609397de6161791de269b8d51899b5da14428536715e14ff453a:171,171,5715,3c246bb963f252dd47d863b83393b2641f8beaeadca66dc6f0802fc5d523ae08,6227,1c4a30978b21f67f91ac8ecb3699cb7e20c3bbac47e4c38425e045cd6148dce4,2.0207209017186756e-08
d09fresh665,d184fc57a3e9609397de6161791de269b8d51899b5da14428536715e14ff453a,d184fc57a3e9609397de6161791de269b8d51899b5da14428536715e14ff453a:172,172,531,1e870a47f6dbc5c0d95cab4f935f77f8fb945fc214ce2d5c183b70ec006a264b,1043,4554c3906309559ac7d7a100307d5dd627d9bf8f4a92e1e11cbac4ef55f4759a,1.524124360052781e-08
d09fresh665,d184fc57a3e9609397de6161791de269b8d51899b5da14428536715e14ff453a,d184fc57a3e9609397de6161791de269b8d51899b5da14428536715e14ff453a:173,173,448,0260c6ce3d0074886b9c5999da9a57a3f8dbb68a1b2c1e80ae4c0b85f0d48c53,960,6bf062d5c85e4217f73e4da0b6622bc45cf57ee963e7c04ce37ac1dce5c5ae41,2.179205527141903e-08
d09fresh665,d184fc57a3e9609397de6161791de269b8d51899b5da14428536715e14ff453a,d184fc57a3e9609397de6161791de269b8d51899b5da14428536715e14ff453a:174,174,448,d2e7042527c3d6e1dd2c5f28f358f790459594cd43003bd13e85dfe29e4e1e8e,960,6bf062d5c85e4217f73e4da0b6622bc45cf57ee963e7c04ce37ac1dce5c5ae41,2.265357612607488e-08
d09fresh665,d184fc57a3e9609397de6161791de269b8d51899b5da14428536715e14ff453a,d184fc57a3e9609397de6161791de269b8d51899b5da14428536715e14ff453a:175,175,448,d2e7042527c3d6e1dd2c5f28f358f790459594cd43003bd13e85dfe29e4e1e8e,960,6bf062d5c85e4217f73e4da0b6622bc45cf57ee963e7c04ce37ac1dce5c5ae41,2.265357612607488e-08
d09fresh665,d184fc57a3e9609397de6161791de269b8d51899b5da14428536715e14ff453a,d184fc57a3e9609397de6161791de269b8d51899b5da14428536715e14ff453a:176,176,2416,678f468adf22cfd5385d6c483aa84cc5957a26e4d8ab5a4e546675bd1f21b622,2928,44680cf10d4b0e19e67afa1527c89a27e830dafc4e2e84f4bc435855a694a7c5,2.9451500571653355e-08
d09fresh665,d184fc57a3e9609397de6161791de269b8d51899b5da14428536715e14ff453a,d184fc57a3e9609397de6161791de269b8d51899b5da14428536715e14ff453a:177,177,2416,b17217d18104e0a2ef9761f9a93ad7ae409b1aa98f42c00755bd547ee79065eb,2928,44680cf10d4b0e19e67afa1527c89a27e830dafc4e2e84f4bc435855a694a7c5,3.690208116857718e-08
d09fresh665,d184fc57a3e9609397de6161791de269b8d51899b5da14428536715e14ff453a,d184fc57a3e9609397de6161791de269b8d51899b5da14428536715e14ff453a:178,178,5557,7dd498059f32052cbb86892f2764f76a23b2d5ed64e11a08a9a1eaac38320cdb,6069,8c5719cf967b92a50d573c5f24e56f25222aafb88d51cd5a9dac152d417ce40c,3.72780361024283e-08
d09fresh665,d184fc57a3e9609397de6161791de269b8d51899b5da14428536715e14ff453a,d184fc57a3e9609397de6161791de269b8d51899b5da14428536715e14ff453a:179,179,7506,9eab01efae377775dffb842bdf881c870b6479edf0972c7449f9766aadb49a49,8018,4caa5606a376dfc49948e5c643c3f00886116930d37ec5d29ea0436a9aca14c6,7.227400233844605e-09
d09fresh665,d184fc57a3e9609397de6161791de269b8d51899b5da14428536715e14ff453a,d184fc57a3e9609397de6161791de269b8d51899b5da14428536715e14ff453a:180,180,7506,154a9c5041839c0db56a1494065fc1369a5a8ee45857a2175b28616015e0b180,8018,4caa5606a376dfc49948e5c643c3f00886116930d37ec5d29ea0436a9aca14c6,1.7512984118450703e-08
d09fresh665,d184fc57a3e9609397de6161791de269b8d51899b5da14428536715e14ff453a,d184fc57a3e9609397de6161791de269b8d51899b5da14428536715e14ff453a:181,181,1452,13b5aa615d0edf09557ce9937bfe9d7730f990fc4553c00ccdefe3750d70756d,1964,081d749848cd27aebcca1fa3abf0d38c2c24a0799a195b7cba83ab53e2787b54,3.3930825926731245e-08
d09fresh665,d184fc57a3e9609397de6161791de269b8d51899b5da14428536715e14ff453a,d184fc57a3e9609397de6161791de269b8d51899b5da14428536715e14ff453a:182,182,1452,7e11cb540e5216b4eb1d784202c0b153bc57fdf3c80d90e30c6214ea5e28f725,1964,081d749848cd27aebcca1fa3abf0d38c2c24a0799a195b7cba83ab53e2787b54,2.086427530745283e-08
d09fresh665,d184fc57a3e9609397de6161791de269b8d51899b5da14428536715e14ff453a,d184fc57a3e9609397de6161791de269b8d51899b5da14428536715e14ff453a:183,183,1740,122e2726e591bbaa449d506fcee41272d849946a48df316eaf6a276865bd27a3,2252,c002653d71b61d8febaaad4d2fd602c0c5a198a11ec747b02351b916ea435d5e,2.1003959016496765e-08
d09fresh665,d184fc57a3e9609397de6161791de269b8d51899b5da14428536715e14ff453a,d184fc57a3e9609397de6161791de269b8d51899b5da14428536715e14ff453a:184,184,1977,3255df9510baddfface6cc79f895f0008bdf469b4b8f276756f62d4060d1b9b1,2489,0cc3df4daa608b54588c2f85c57ae62e5f7293ed4c9c7cf5d529461361f4a207,2.2474199168343034e-08
d09fresh665,d184fc57a3e9609397de6161791de269b8d51899b5da14428536715e14ff453a,d184fc57a3e9609397de6161791de269b8d51899b5da14428536715e14ff453a:185,185,3291,d4df0c6c0c35c3911070c1cc48d2e323e71c6b5ad84787a4bc265d8328fdae1d,3803,1b6df7262dba1b8ea6ef2b00217ae3f63337b6af21cf8d461f25b70916b01ef5,1.5032593170261066e-08
d09fresh665,d184fc57a3e9609397de6161791de269b8d51899b5da14428536715e14ff453a,d184fc57a3e9609397de6161791de269b8d51899b5da14428536715e14ff453a:186,186,1209,f6535e9276d7ed91435d3a6ad02b10b6896d0343ebffd3d861075ac7fe822335,1721,8c7ac2d8a85f8c7be67e77f90cf16ebfb1d132463e1d12dab314e81d19fc9a1f,4.831755973100371e-08
d09fresh665,d184fc57a3e9609397de6161791de269b8d51899b5da14428536715e14ff453a,d184fc57a3e9609397de6161791de269b8d51899b5da14428536715e14ff453a:187,187,1152,346524daab9f69a6ef548c21a6f6621f8c03e9c375174ce68cc9dd8d7b782f2a,1664,9736621419616dac8bbfb02393d308372f885ffbc98bd1f43ccdcd46162e8874,1.815994887799377e-08
d09fresh665,d184fc57a3e9609397de6161791de269b8d51899b5da14428536715e14ff453a,d184fc57a3e9609397de6161791de269b8d51899b5da14428536715e14ff453a:188,188,6750,d96e92ae502df069c88a7999b4468bf4221de133172f3270ac0a5080a4395edd,7262,bc3e7d1286bea468f60ae62d428eafe5198a03c5090886422eefe313654f4147,3.195937059441434e-08
d09fresh665,d184fc57a3e9609397de6161791de269b8d51899b5da14428536715e14ff453a,d184fc57a3e9609397de6161791de269b8d51899b5da14428536715e14ff453a:189,189,6750,3f444868e3640969c237e1e0bf26f84631deb852da3667386004d34c35569146,7262,bc3e7d1286bea468f60ae62d428eafe5198a03c5090886422eefe313654f4147,1.3973351586926697e-08
d09fresh665,d184fc57a3e9609397de6161791de269b8d51899b5da14428536715e14ff453a,d184fc57a3e9609397de6161791de269b8d51899b5da14428536715e14ff453a:190,190,771,0017f73abe486aebc84b5588f1e93f41934870dc28f9d3701e9622ec793ca998,1283,d0f3726bcd66181a092758723e9cb8f9076954d975e43111a31fcad775e930f2,2.3999773501870436e-08
d09fresh665,d184fc57a3e9609397de6161791de269b8d51899b5da14428536715e14ff453a,d184fc57a3e9609397de6161791de269b8d51899b5da14428536715e14ff453a:191,191,771,8bcb6dd1b1c65845bd98cc7cf0ee2dfd47e26b535d7ef52658b367719248c24f,1283,d0f3726bcd66181a092758723e9cb8f9076954d975e43111a31fcad775e930f2,2.3999773501870436e-08
d09fresh665,d184fc57a3e9609397de6161791de269b8d51899b5da14428536715e14ff453a,d184fc57a3e9609397de6161791de269b8d51899b5da14428536715e14ff453a:192,192,771,9d1a3c572f223aee2596d4ddfe956f84f8403e66e111798e68efd9b7470a93af,1283,d0f3726bcd66181a092758723e9cb8f9076954d975e43111a31fcad775e930f2,2.3999773501870436e-08
d09fresh665,d184fc57a3e9609397de6161791de269b8d51899b5da14428536715e14ff453a,d184fc57a3e9609397de6161791de269b8d51899b5da14428536715e14ff453a:193,193,4744,657886d3ae13aebdf0158fa1d2f183e71dac8a2452aa2ef4485442e9c0bca2ad,5256,d061417532d4c18ca9405bc791738882d07d75a33031f5c4bf6a6abd656a7b84,2.352522021631387e-08
d09fresh665,d184fc57a3e9609397de6161791de269b8d51899b5da14428536715e14ff453a,d184fc57a3e9609397de6161791de269b8d51899b5da14428536715e14ff453a:194,194,4744,ffc5972e703e9525fb8c7d44d5ffd8eb4fe37db41e0cd4e6d75c14b46d05aa07,5256,d061417532d4c18ca9405bc791738882d07d75a33031f5c4bf6a6abd656a7b84,2.1793168158978915e-08
d09fresh665,d184fc57a3e9609397de6161791de269b8d51899b5da14428536715e14ff453a,d184fc57a3e9609397de6161791de269b8d51899b5da14428536715e14ff453a:195,195,4744,ba77969c70e2d40dfd075c0f8b319e3a5e7c9debcc72d2af148622031fcfc98c,5256,d061417532d4c18ca9405bc791738882d07d75a33031f5c4bf6a6abd656a7b84,2.20292185604265e-08
d09fresh665,d184fc57a3e9609397de6161791de269b8d51899b5da14428536715e14ff453a,d184fc57a3e9609397de6161791de269b8d51899b5da14428536715e14ff453a:196,196,4744,ffc5972e703e9525fb8c7d44d5ffd8eb4fe37db41e0cd4e6d75c14b46d05aa07,5256,d061417532d4c18ca9405bc791738882d07d75a33031f5c4bf6a6abd656a7b84,2.1793168158978915e-08
d09fresh665,d184fc57a3e9609397de6161791de269b8d51899b5da14428536715e14ff453a,d184fc57a3e9609397de6161791de269b8d51899b5da14428536715e14ff453a:197,197,6994,a2a9ef194f3e550e4836727a2ee9254d9c34a7c895f73c57323fc5c7657154cb,7506,a5a985bf27bbfdc7bfa18fcdde235701c3cd8e0bbccb208ceab9c05755144eab,1.9531020578611447e-08
d09fresh665,d184fc57a3e9609397de6161791de269b8d51899b5da14428536715e14ff453a,d184fc57a3e9609397de6161791de269b8d51899b5da14428536715e14ff453a:198,198,6104,f8e4f279ec4e45db213751b5d4f9a4bf5205beaba535af8f1d708ef69c3c0ee4,6616,72a3d52fd3b26c323f14c3f68f9ddbb5e14ee47256ea1d48a94a9f36608f99f4,2.8345202407464853e-08
d09fresh665,d184fc57a3e9609397de6161791de269b8d51899b5da14428536715e14ff453a,d184fc57a3e9609397de6161791de269b8d51899b5da14428536715e14ff453a:199,199,3542,7e4340153c1edd384b97ce44bbe577b402a179adb55a64c94a565a5a6e2d989a,4054,6bc11c6c79e99fde6d303be2225457f46e17ad27595f87f0a7b279d8ab9eff4f,1.9275918250460933e-08
d09fresh665,d184fc57a3e9609397de6161791de269b8d51899b5da14428536715e14ff453a,d184fc57a3e9609397de6161791de269b8d51899b5da14428536715e14ff453a:200,200,3542,a1535e4bdfbff2f4ee348df9f260f7976e8c98a3cc18bddd89dafb6cee2e6919,4054,6bc11c6c79e99fde6d303be2225457f46e17ad27595f87f0a7b279d8ab9eff4f,2.783861918764785e-08
d09fresh665,d184fc57a3e9609397de6161791de269b8d51899b5da14428536715e14ff453a,d184fc57a3e9609397de6161791de269b8d51899b5da14428536715e14ff453a:201,201,5770,d23d95a2991cac0faf2e9514b8ed25c9b10f30f2b72da3a61007e3a94e4a5230,6282,567f2cd19f49454bc594b14423fb41f46a027ce678da0472c6774bdfffe142ff,3.2507957881122707e-08
d09fresh665,d184fc57a3e9609397de6161791de269b8d51899b5da14428536715e14ff453a,d184fc57a3e9609397de6161791de269b8d51899b5da14428536715e14ff453a:202,202,2368,a63843d8aaee10276b72cbf15ef082ab37d0a06a8b8649d77b89e3e401f547c5,2880,2aa61b5eff031e87303ddc0553502409d236eb6a1e16928445a4093e64bf96e6,1.2038092300770131e-08
d09fresh665,d184fc57a3e9609397de6161791de269b8d51899b5da14428536715e14ff453a,d184fc57a3e9609397de6161791de269b8d51899b5da14428536715e14ff453a:203,203,1009,a22304dc86be801566b2de3322f50eb5ec61a4bcdc6cc34d340451a579682b12,1521,137422b2abfbdf39590e889441cbdc3f638ad346fa0be03aadd2e0b1c5b97355,1.8511426613798676e-08
d09fresh665,d184fc57a3e9609397de6161791de269b8d51899b5da14428536715e14ff453a,d184fc57a3e9609397de6161791de269b8d51899b5da14428536715e14ff453a:204,204,1009,5e21f85b47e0b6058ba98ef4ae6382b06d457bb6254814feca21361c0b033b9b,1521,137422b2abfbdf39590e889441cbdc3f638ad346fa0be03aadd2e0b1c5b97355,4.086316840457016e-08
d09fresh665,d184fc57a3e9609397de6161791de269b8d51899b5da14428536715e14ff453a,d184fc57a3e9609397de6161791de269b8d51899b5da14428536715e14ff453a:205,205,5489,8c564c6b6e2cc4a05f95f5026f606bc1b84c8c1e66bbbaba4fc15499192c5920,6001,8ac6e0459742552f04776e1938fbcd0af242706e1c8d6c9eb724e26071e32739,2.8917614969259375e-08
d09fresh665,d184fc57a3e9609397de6161791de269b8d51899b5da14428536715e14ff453a,d184fc57a3e9609397de6161791de269b8d51899b5da14428536715e14ff453a:206,206,5489,f7cf8f154edffe7026eadb361d761c19e931e631ad60ea4e0af869c30af4425a,6001,8ac6e0459742552f04776e1938fbcd0af242706e1c8d6c9eb724e26071e32739,2.8054657597031962e-08
d09fresh665,d184fc57a3e9609397de6161791de269b8d51899b5da14428536715e14ff453a,d184fc57a3e9609397de6161791de269b8d51899b5da14428536715e14ff453a:207,207,5489,f7cf8f154edffe7026eadb361d761c19e931e631ad60ea4e0af869c30af4425a,6001,8ac6e0459742552f04776e1938fbcd0af242706e1c8d6c9eb724e26071e32739,2.8054657597031962e-08
d09fresh665,d184fc57a3e9609397de6161791de269b8d51899b5da14428536715e14ff453a,d184fc57a3e9609397de6161791de269b8d51899b5da14428536715e14ff453a:208,208,7092,86a2c6d518daea587f6d55e966aca4b3bb5798525d0437797013baf8212890a6,7604,193447d185d5b493f1eb668d375bc2f61d65751f532510da20ccd2ff9f6537aa,5.07835913321486e-08
d09fresh665,d184fc57a3e9609397de6161791de269b8d51899b5da14428536715e14ff453a,d184fc57a3e9609397de6161791de269b8d51899b5da14428536715e14ff453a:209,209,67,9ebae4e67ba31d828f6b59d3226f5d11cf6cf1adb8f885b9eaba5f8559b86217,579,53beb0cb753b27633dc0ba89c83d4a166037d4e427b5491e4390d15e5da7cb96,2.263870657603917e-08
d09fresh665,d184fc57a3e9609397de6161791de269b8d51899b5da14428536715e14ff453a,d184fc57a3e9609397de6161791de269b8d51899b5da14428536715e14ff453a:210,210,5660,57bb229050f05ae3d71e2729bbb43f528fcfec07c5cb9c3ffde2acf6c85c16dd,6172,602d24c3191af665243b6eb36c58c931765e570068b58ab0e6ed3fd77c55e3db,2.7666582136376405e-08
d09fresh665,d184fc57a3e9609397de6161791de269b8d51899b5da14428536715e14ff453a,d184fc57a3e9609397de6161791de269b8d51899b5da14428536715e14ff453a:211,211,5660,57bb229050f05ae3d71e2729bbb43f528fcfec07c5cb9c3ffde2acf6c85c16dd,6172,602d24c3191af665243b6eb36c58c931765e570068b58ab0e6ed3fd77c55e3db,2.7666582136376405e-08
d09fresh665,d184fc57a3e9609397de6161791de269b8d51899b5da14428536715e14ff453a,d184fc57a3e9609397de6161791de269b8d51899b5da14428536715e14ff453a:212,212,7652,674e9b0e53045d5400febc7d5fe678da6391ea5740e0011dfc9fb0403e56abde,8164,598700f6f8308fd6eca400fea0b4062e239d6f096d74a967bdb95cb07a7a86db,2.6426119514866286e-08
d09fresh665,d184fc57a3e9609397de6161791de269b8d51899b5da14428536715e14ff453a,d184fc57a3e9609397de6161791de269b8d51899b5da14428536715e14ff453a:213,213,5393,f3080bd971889433b0674ff9bd88e0938466c91505f70fe27907b09b2b35c743,5905,8ed841c4861fc1712764b8afb762a9642265bc6ed20ac77b223a221036f7f388,2.490069961336161e-08
d09fresh665,d184fc57a3e9609397de6161791de269b8d51899b5da14428536715e14ff453a,d184fc57a3e9609397de6161791de269b8d51899b5da14428536715e14ff453a:214,214,5393,ba0faf1a336a6c8c658dd57c7705a04573f3d9996857de37220e5a6b72eddc9c,5905,8ed841c4861fc1712764b8afb762a9642265bc6ed20ac77b223a221036f7f388,2.68512347911809e-08
d09fresh665,d184fc57a3e9609397de6161791de269b8d51899b5da14428536715e14ff453a,d184fc57a3e9609397de6161791de269b8d51899b5da14428536715e14ff453a:215,215,5393,602a890516e79910fddafb24edb9ab521a5da715f05a32b1687d6088720456da,5905,8ed841c4861fc1712764b8afb762a9642265bc6ed20ac77b223a221036f7f388,1.9400654194257072e-08
d09fresh665,d184fc57a3e9609397de6161791de269b8d51899b5da14428536715e14ff453a,d184fc57a3e9609397de6161791de269b8d51899b5da14428536715e14ff453a:216,216,5393,ba0faf1a336a6c8c658dd57c7705a04573f3d9996857de37220e5a6b72eddc9c,5905,8ed841c4861fc1712764b8afb762a9642265bc6ed20ac77b223a221036f7f388,2.68512347911809e-08
d09fresh665,d184fc57a3e9609397de6161791de269b8d51899b5da14428536715e14ff453a,d184fc57a3e9609397de6161791de269b8d51899b5da14428536715e14ff453a:217,217,5393,602a890516e79910fddafb24edb9ab521a5da715f05a32b1687d6088720456da,5905,8ed841c4861fc1712764b8afb762a9642265bc6ed20ac77b223a221036f7f388,1.9400654194257072e-08
d09fresh665,d184fc57a3e9609397de6161791de269b8d51899b5da14428536715e14ff453a,d184fc57a3e9609397de6161791de269b8d51899b5da14428536715e14ff453a:218,218,5393,602a890516e79910fddafb24edb9ab521a5da715f05a32b1687d6088720456da,5905,8ed841c4861fc1712764b8afb762a9642265bc6ed20ac77b223a221036f7f388,1.9400654194257072e-08
d09fresh665,d184fc57a3e9609397de6161791de269b8d51899b5da14428536715e14ff453a,d184fc57a3e9609397de6161791de269b8d51899b5da14428536715e14ff453a:219,219,2079,a180a6642bf2e82167c1dc7cd9f29d7384edf13e57013724f3b3b3d4a4d19346,2591,ecd19df15e844b673a6d53df335ab8c2b68dfa1a4ae3ccc8b092dcf61b16e476,2.6172846778749204e-08
d09fresh665,d184fc57a3e9609397de6161791de269b8d51899b5da14428536715e14ff453a,d184fc57a3e9609397de6161791de269b8d51899b5da14428536715e14ff453a:220,220,6809,18e57974fdb5a0b0a6e3d4ac3ff6d685142c2e4699112c74200cdf89e1fbeb64,7321,0339d49195e40e086ddbb196019d6e4b635e15e12fb38de0ed35fbaf4287dc4b,5.2916984238926545e-08
d09fresh665,d184fc57a3e9609397de6161791de269b8d51899b5da14428536715e14ff453a,d184fc57a3e9609397de6161791de269b8d51899b5da14428536715e14ff453a:221,221,6809,9720f3c06ce8b96b0ed5a65e19d54a2063fa382ca3ca8a04bb5683c866a31a1e,7321,0339d49195e40e086ddbb196019d6e4b635e15e12fb38de0ed35fbaf4287dc4b,5.1913849441476145e-08
d09fresh665,d184fc57a3e9609397de6161791de269b8d51899b5da14428536715e14ff453a,d184fc57a3e9609397de6161791de269b8d51899b5da14428536715e14ff453a:222,222,6809,a5a2d9343dc41037769b8f63336eab33129823dadbfd68f43f3cf9acedca81ff,7321,0339d49195e40e086ddbb196019d6e4b635e15e12fb38de0ed35fbaf4287dc4b,2.7596651741568223e-08
d09fresh665,d184fc57a3e9609397de6161791de269b8d51899b5da14428536715e14ff453a,d184fc57a3e9609397de6161791de269b8d51899b5da14428536715e14ff453a:223,223,1813,25b7b0b809188f62648f782ec20f797420e06a3dfeb94f27a3672368ef45ead8,2325,2f033dab1ed3a530f217fc50adc4cb6838b06d0305984b12ce8a286b30ae39b3,3.3525155984648336e-08
d09fresh665,d184fc57a3e9609397de6161791de269b8d51899b5da14428536715e14ff453a,d184fc57a3e9609397de6161791de269b8d51899b5da14428536715e14ff453a:224,224,1813,5c2fd83d601883d54beb253a31cafcfb4a9a9dd054f06e9568f4494db8eae8d8,2325,2f033dab1ed3a530f217fc50adc4cb6838b06d0305984b12ce8a286b30ae39b3,3.310493723596153e-08
d09fresh665,d184fc57a3e9609397de6161791de269b8d51899b5da14428536715e14ff453a,d184fc57a3e9609397de6161791de269b8d51899b5da14428536715e14ff453a:225,225,4530,605b6c4a6734a972a9534b772930b906ebe69fad6c315a840f2b5d29c03d8db8,5042,7abed31fa988e28c6597c601c952902a19617931bd0a1b4169cff0be68c66e74,2.9723447370066935e-08
d09fresh665,d184fc57a3e9609397de6161791de269b8d51899b5da14428536715e14ff453a,d184fc57a3e9609397de6161791de269b8d51899b5da14428536715e14ff453a:226,226,4530,8d31f9c322a70ce88e25f3ea71aebd255b51bbaac3b6b256e9d25cfd9a9e752e,5042,7abed31fa988e28c6597c601c952902a19617931bd0a1b4169cff0be68c66e74,2.9723447370066935e-08
d09fresh665,d184fc57a3e9609397de6161791de269b8d51899b5da14428536715e14ff453a,d184fc57a3e9609397de6161791de269b8d51899b5da14428536715e14ff453a:227,227,2284,09679959839a06aef292e4d977312f1c4574cdab1bc705bb8b71d37f8feb66cf,2796,d2fb3f078511f3562471f16aa41957a5966525871649418809e8dbe232e5292c,2.6328018876142778e-08
d09fresh665,d184fc57a3e9609397de6161791de269b8d51899b5da14428536715e14ff453a,d184fc57a3e9609397de6161791de269b8d51899b5da14428536715e14ff453a:228,228,2284,b39030aad65bc911a7a54231ea5d3fc49964aaecb37df4be47f4345a61647c24,2796,d2fb3f078511f3562471f16aa41957a5966525871649418809e8dbe232e5292c,2.0756135921118357e-08
d09fresh665,d184fc57a3e9609397de6161791de269b8d51899b5da14428536715e14ff453a,d184fc57a3e9609397de6161791de269b8d51899b5da14428536715e14ff453a:229,229,2284,b39030aad65bc911a7a54231ea5d3fc49964aaecb37df4be47f4345a61647c24,2796,d2fb3f078511f3562471f16aa41957a5966525871649418809e8dbe232e5292c,2.0756135921118357e-08
d09fresh665,d184fc57a3e9609397de6161791de269b8d51899b5da14428536715e14ff453a,d184fc57a3e9609397de6161791de269b8d51899b5da14428536715e14ff453a:230,230,2284,98a2f04d520fb22557478149849d7c5097f7ecd33ba8564d71c34549b54bf5cf,2796,d2fb3f078511f3562471f16aa41957a5966525871649418809e8dbe232e5292c,2.0756135921118357e-08
d09fresh665,d184fc57a3e9609397de6161791de269b8d51899b5da14428536715e14ff453a,d184fc57a3e9609397de6161791de269b8d51899b5da14428536715e14ff453a:231,231,2284,98a2f04d520fb22557478149849d7c5097f7ecd33ba8564d71c34549b54bf5cf,2796,d2fb3f078511f3562471f16aa41957a5966525871649418809e8dbe232e5292c,2.0756135921118357e-08
d09fresh665,d184fc57a3e9609397de6161791de269b8d51899b5da14428536715e14ff453a,d184fc57a3e9609397de6161791de269b8d51899b5da14428536715e14ff453a:232,232,1344,b093a1050b8f54bf370a921f8f192eb44b02d42d583e31b766af6ef6e08bb8f9,1856,ad7310fb61c11305f91cb84d031ebda5563b6a1d76533f96a55536b7a284ae27,5.852728279798214e-08
d09fresh665,d184fc57a3e9609397de6161791de269b8d51899b5da14428536715e14ff453a,d184fc57a3e9609397de6161791de269b8d51899b5da14428536715e14ff453a:233,233,4726,107616719fda73157daf831f663b227d4812a425dcf739c41dae2b5e22bd17ad,5238,837f4d7dbc70059098c0d4c0db1932adc93c0b84b519b34f108cdd7c5c62c6ce,1.8057922490655187e-08
d09fresh665,d184fc57a3e9609397de6161791de269b8d51899b5da14428536715e14ff453a,d184fc57a3e9609397de6161791de269b8d51899b5da14428536715e14ff453a:234,234,4726,107616719fda73157daf831f663b227d4812a425dcf739c41dae2b5e22bd17ad,5238,837f4d7dbc70059098c0d4c0db1932adc93c0b84b519b34f108cdd7c5c62c6ce,1.8057922490655187e-08
d09fresh665,d184fc57a3e9609397de6161791de269b8d51899b5da14428536715e14ff453a,d184fc57a3e9609397de6161791de269b8d51899b5da14428536715e14ff453a:235,235,1774,acfab307230decc83e79214c6ea400b47edd437a3bb0ccb95e8c7155f91c1fb7,2286,a93fe179b498e0811e1c6d4d51337ddf6210df339b7b346bb56540c19e47d794,2.6485354798211347e-08
