seed,arm,qid,parent,logit_A,logit_B,logit_AB,correct_A,correct_B,correct_AB,J
11,raw_clean,0,173,18.244537,24.282488,18.653481,1,1,0,0
11,raw_clean,1,433,-17.827484,-14.639125,-17.042181,0,0,1,0
11,raw_clean,2,433,-17.827484,-15.249416,-16.832432,0,0,1,0
11,raw_clean,3,433,-14.639125,-15.249416,-13.422968,0,0,1,0
11,raw_clean,4,105,32.469528,34.385933,36.579037,1,1,0,0
11,raw_clean,5,161,14.770097,10.804385,20.041433,0,0,1,0
11,raw_clean,6,336,16.761944,6.077943,11.786037,0,0,1,0
11,raw_clean,7,136,10.294519,0.332345,2.223717,1,1,0,0
11,raw_clean,8,136,10.294519,11.031458,12.537981,1,1,0,0
11,raw_clean,9,136,10.294519,12.965506,14.381317,1,1,0,0
11,raw_clean,10,136,0.332345,11.031458,2.628821,1,1,0,0
11,raw_clean,11,246,-4.339745,-0.430883,-6.163133,0,0,1,0
11,raw_clean,12,246,-4.339745,-7.122758,-12.058004,0,0,1,0
11,raw_clean,13,246,-4.339745,-1.842381,-4.351735,0,0,1,0
11,raw_clean,14,246,-0.430883,-7.122758,-8.626892,0,0,1,0
11,raw_clean,15,246,-0.430883,-1.842381,-1.665355,0,0,1,0
11,raw_clean,16,246,-7.122758,-1.842381,-8.637882,0,0,1,0
11,raw_clean,17,331,-6.675545,-10.023076,-10.44789,0,0,1,0
11,raw_clean,18,331,-6.675545,-6.252864,-6.840619,0,0,1,0
11,raw_clean,19,331,-6.675545,-9.215539,-9.148844,0,0,1,0
11,raw_clean,20,331,-10.023076,-6.252864,-10.251622,0,0,1,0
11,raw_clean,21,331,-10.023076,-9.215539,-13.758055,0,0,1,0
11,raw_clean,22,331,-6.252864,-9.215539,-9.26358,0,0,1,0
11,raw_clean,23,81,0.838851,0.775233,-3.846127,1,1,1,1
11,raw_clean,24,81,0.838851,1.659994,-3.892118,1,1,1,1
11,raw_clean,25,81,0.775233,1.659994,-4.210751,1,1,1,1
11,raw_clean,26,357,6.047102,-2.141229,-2.722651,1,0,1,0
11,raw_clean,27,106,-12.040105,-15.618013,-14.768435,0,0,1,0
11,raw_clean,28,485,1.758879,1.856714,-1.005581,1,1,1,1
11,raw_clean,29,485,1.856714,2.80691,0.010256,1,1,0,0
11,raw_clean,30,418,14.723932,8.230515,16.972109,0,0,1,0
11,raw_clean,31,418,14.723932,8.883556,17.507843,0,0,1,0
11,raw_clean,32,109,14.257383,15.081028,13.785545,1,1,0,0
11,raw_clean,33,13,-10.060676,-7.302939,-13.116367,0,0,1,0
11,raw_clean,34,326,3.546937,9.802211,4.035294,1,1,0,0
11,raw_clean,35,285,12.018137,17.103914,16.59584,0,0,1,0
11,raw_clean,36,285,12.018137,13.461098,13.264609,0,0,1,0
11,raw_clean,37,285,12.018137,13.491569,13.248983,0,0,1,0
11,raw_clean,38,342,3.162506,0.237878,-3.995499,1,1,1,1
11,raw_clean,39,230,36.710697,31.017899,30.618742,1,1,0,0
11,raw_clean,40,174,11.110178,23.808048,16.546501,1,1,0,0
11,raw_clean,41,149,-1.335845,-5.900198,-11.353168,0,0,1,0
11,raw_clean,42,362,2.664933,3.754434,4.64353,0,0,1,0
11,raw_clean,43,362,2.664933,2.983871,4.39049,0,0,1,0
11,raw_clean,44,362,3.754434,2.983871,4.80193,0,0,1,0
11,raw_clean,45,399,7.449612,6.312044,1.462972,1,1,0,0
11,raw_clean,46,399,7.449612,4.281398,-1.191394,1,1,1,1
11,raw_clean,47,399,6.312044,4.281398,-1.648109,1,1,1,1
11,raw_clean,48,39,24.432222,20.830896,21.119602,0,0,1,0
11,raw_clean,49,84,21.448027,27.185656,25.464626,1,1,0,0
11,raw_clean,50,84,21.448027,23.39872,21.931299,1,1,0,0
11,raw_clean,51,84,21.448027,25.081953,23.470625,1,1,0,0
11,raw_clean,52,84,21.962845,23.39872,22.246464,1,1,0,0
11,raw_clean,53,84,21.962845,25.081953,22.915783,1,1,0,0
11,raw_clean,54,84,27.185656,23.39872,27.380123,1,1,0,0
11,raw_clean,55,84,27.185656,25.081953,29.185139,1,1,0,0
11,raw_clean,56,84,23.39872,25.081953,25.048254,1,1,0,0
11,raw_clean,57,15,31.6014,33.58886,35.750668,0,0,1,0
11,raw_clean,58,15,31.6014,34.273182,36.123192,0,0,1,0
11,raw_clean,59,15,28.876335,33.58886,33.088501,0,0,1,0
11,raw_clean,60,15,28.876335,34.273182,33.324142,0,0,1,0
11,raw_clean,61,15,33.58886,34.273182,35.351059,0,0,1,0
11,raw_clean,62,363,0.30538,2.878461,1.909748,1,1,0,0
11,raw_clean,63,140,-23.523384,-18.20488,-19.321886,0,0,1,0
11,raw_clean,64,236,-8.271859,-5.018268,-11.481646,0,0,1,0
11,raw_clean,65,35,-4.750807,-0.352185,-3.545013,0,0,1,0
11,raw_clean,66,192,13.555455,12.436869,13.169991,0,0,1,0
11,raw_clean,67,192,12.436869,13.901005,12.508706,0,0,1,0
11,raw_clean,68,99,-14.211699,-12.237504,-16.057941,1,1,0,0
11,raw_clean,69,489,-1.023979,6.25739,3.393512,0,1,0,0
11,raw_clean,70,484,-2.06319,2.322417,-2.717842,0,1,1,0
11,raw_clean,71,484,2.322417,1.366038,1.450851,1,1,0,0
11,raw_clean,72,49,-6.768728,-9.582344,-13.374454,0,0,1,0
11,raw_clean,73,493,1.49499,3.635188,-0.590835,1,1,1,1
11,raw_clean,74,493,1.49499,2.104781,-3.111971,1,1,1,1
11,raw_clean,75,493,1.49499,3.060045,0.248251,1,1,0,0
11,raw_clean,76,493,3.635188,2.104781,-0.620435,1,1,1,1
11,raw_clean,77,493,3.635188,3.060045,2.349455,1,1,0,0
11,raw_clean,78,493,2.104781,3.060045,0.420262,1,1,0,0
11,raw_clean,79,171,9.879665,10.744534,9.102602,1,1,0,0
11,raw_clean,80,190,17.004597,15.305083,15.696376,1,1,0,0
11,raw_clean,81,237,4.703037,2.234591,2.838639,1,1,0,0
11,raw_clean,82,237,4.703037,6.258102,6.280032,1,1,0,0
11,raw_clean,83,87,1.902795,9.254807,2.93716,1,1,0,0
11,raw_clean,84,288,9.614153,7.965317,2.763783,1,1,0,0
11,raw_clean,85,288,12.729475,7.965317,5.359323,1,1,0,0
11,raw_clean,86,272,-19.01598,-18.872841,-22.637465,0,0,1,0
11,raw_clean,87,272,-19.01598,-24.81068,-28.496513,0,0,1,0
11,raw_clean,88,272,-14.426201,-8.958598,-8.074873,0,0,1,0
11,raw_clean,89,272,-14.426201,-12.523065,-11.797408,0,0,1,0
11,raw_clean,90,272,-8.958598,-12.523065,-6.298897,0,0,1,0
11,raw_clean,91,491,-24.260746,-24.69017,-23.578854,1,1,0,0
11,raw_clean,92,82,-23.995743,-24.267437,-29.96418,0,0,1,0
11,raw_clean,93,82,-23.995743,-18.560148,-24.361055,0,0,1,0
11,raw_clean,94,82,-24.267437,-18.560148,-24.519451,0,0,1,0
11,raw_clean,95,82,-24.267437,-21.613314,-28.088833,0,0,1,0
11,raw_clean,96,330,-4.292259,1.523788,0.681019,1,0,1,0
11,raw_clean,97,330,1.523788,-0.892817,4.389424,0,1,1,0
11,raw_clean,98,372,18.638275,15.022434,17.833206,0,0,1,0
11,raw_clean,99,372,18.638275,20.712795,21.017288,0,0,1,0
11,raw_clean,100,372,15.022434,20.712795,19.858624,0,0,1,0
11,raw_clean,101,55,12.571797,6.219856,2.616796,1,1,0,0
11,raw_clean,102,55,10.92729,6.219856,1.08186,1,1,0,0
11,raw_clean,103,427,8.036775,3.194602,6.306147,1,1,0,0
11,raw_clean,104,102,13.592896,13.493841,13.868845,1,1,0,0
11,raw_clean,105,102,14.899451,13.493841,13.911305,1,1,0,0
11,raw_clean,106,376,-1.829196,-6.723246,-3.016806,0,0,1,0
11,raw_clean,107,422,-8.199881,-2.393637,-3.982239,1,1,0,0
11,raw_clean,108,100,8.064924,3.631867,9.637181,0,0,1,0
11,raw_clean,109,100,8.064924,4.872805,9.253927,0,0,1,0
11,raw_clean,110,100,3.631867,4.872805,5.123139,0,0,1,0
11,raw_clean,111,463,-3.471638,2.439692,0.193637,0,1,0,0
11,raw_clean,112,444,2.720567,4.955537,3.295904,1,1,0,0
11,raw_clean,113,444,2.720567,5.501647,3.280979,1,1,0,0
11,raw_clean,114,444,2.720567,5.646263,4.237868,1,1,0,0
11,raw_clean,115,444,4.955537,5.501647,5.058772,1,1,0,0
11,raw_clean,116,444,4.955537,5.646263,7.168876,1,1,0,0
11,raw_clean,117,444,5.501647,5.646263,6.153661,1,1,0,0
11,raw_clean,118,370,0.901848,-0.119146,-3.809511,1,0,1,0
11,raw_clean,119,370,0.030295,-0.119146,-3.597575,1,0,1,0
11,raw_clean,120,53,1.831595,8.094518,8.517333,0,0,1,0
11,raw_clean,121,37,-17.430534,-16.256149,-16.132313,1,1,0,0
11,raw_clean,122,183,-15.22705,-8.559958,-8.237542,1,1,0,0
11,raw_clean,123,183,-15.22705,-9.82247,-9.38087,1,1,0,0
11,raw_clean,124,126,-16.10194,-7.806041,-11.306571,0,0,1,0
11,raw_clean,125,126,-16.10194,-12.09606,-15.811737,0,0,1,0
11,raw_clean,126,126,-7.806041,-12.09606,-7.781724,0,0,1,0
11,raw_clean,127,90,-16.83283,-17.5485,-21.496626,0,0,1,0
11,raw_clean,128,90,-16.83283,-17.914223,-21.775417,0,0,1,0
11,raw_clean,129,90,-16.83283,-19.670271,-23.441727,0,0,1,0
11,raw_clean,130,90,-16.83283,-18.572834,-21.804495,0,0,1,0
11,raw_clean,131,90,-16.83283,-19.005411,-22.852974,0,0,1,0
11,raw_clean,132,90,-17.914223,-19.670271,-24.590006,0,0,1,0
11,raw_clean,133,90,-17.914223,-18.572834,-23.147253,0,0,1,0
11,raw_clean,134,90,-17.914223,-19.005411,-23.999546,0,0,1,0
11,raw_clean,135,90,-19.670271,-18.572834,-24.597063,0,0,1,0
11,raw_clean,136,90,-19.670271,-19.005411,-25.595753,0,0,1,0
11,raw_clean,137,244,7.162989,2.085648,1.624649,1,1,0,0
11,raw_clean,138,315,18.100361,17.466314,20.535393,0,0,1,0
11,raw_clean,139,343,4.508439,7.318192,4.446764,1,1,0,0
11,raw_clean,140,443,10.937686,10.76134,11.427605,0,0,1,0
11,raw_clean,141,98,10.239195,11.243514,8.741342,1,1,0,0
11,raw_clean,142,98,13.755114,11.243514,11.750357,1,1,0,0
11,raw_clean,143,10,-11.612017,-8.38982,-4.674599,1,1,0,0
11,raw_clean,144,502,-13.156669,-8.564282,-3.553478,1,1,0,0
11,raw_clean,145,502,-17.307627,-8.564282,-7.615741,1,1,0,0
11,raw_clean,146,502,-8.564282,-17.430143,-7.696619,1,1,0,0
11,raw_clean,147,208,7.977515,7.46812,6.20818,1,1,0,0
11,raw_clean,148,208,7.977515,1.24858,0.098622,1,1,0,0
11,raw_clean,149,245,-11.907289,-12.23545,-15.731933,0,0,1,0
11,raw_clean,150,380,19.179874,18.573187,15.468302,1,1,0,0
11,raw_clean,151,380,19.179874,20.561024,16.761986,1,1,0,0
11,raw_clean,152,380,18.573187,20.561024,15.19245,1,1,0,0
11,raw_clean,153,292,3.10446,4.056262,-1.480389,1,1,1,1
11,raw_clean,154,469,14.449371,13.763488,14.28092,1,1,0,0
11,raw_clean,155,469,12.54275,12.006133,8.789633,1,1,0,0
11,raw_clean,156,469,12.54275,14.255228,11.711293,1,1,0,0
11,raw_clean,157,135,11.852206,9.218346,9.146914,1,1,0,0
11,raw_clean,158,286,10.064818,9.518648,5.384204,1,1,0,0
11,raw_clean,159,437,11.799798,10.649372,12.116004,1,1,0,0
11,raw_clean,160,117,15.475541,13.293789,8.51403,1,1,0,0
11,raw_clean,161,147,-8.610269,-7.868656,-4.2003,1,1,0,0
11,raw_clean,162,191,25.906483,24.950867,23.877794,1,1,0,0
11,raw_clean,163,191,25.906483,26.793633,25.317562,1,1,0,0
11,raw_clean,164,191,25.906483,23.60182,22.386227,1,1,0,0
11,raw_clean,165,191,24.950867,26.793633,24.486534,1,1,0,0
11,raw_clean,166,271,23.50769,23.167965,24.843658,1,1,0,0
11,raw_clean,167,115,-1.644423,-1.693753,-3.409393,0,0,1,0
11,raw_clean,168,457,16.035366,18.643154,18.676073,1,1,0,0
11,raw_clean,169,457,16.035366,16.55854,17.216618,1,1,0,0
11,raw_clean,170,457,18.643154,16.55854,19.76075,1,1,0,0
11,raw_clean,171,1,29.012985,25.957062,23.878571,1,1,0,0
11,raw_clean,172,197,1.318493,-2.215414,-1.770852,1,0,1,0
11,raw_clean,173,197,-2.215414,2.402967,-2.144024,0,1,1,0
11,raw_clean,174,455,11.146485,12.72369,13.225636,1,1,0,0
11,raw_clean,175,455,12.72369,11.037915,12.816328,1,1,0,0
11,raw_clean,176,125,14.976722,8.888054,11.490519,0,0,1,0
11,raw_clean,177,229,-19.475361,-20.372259,-19.112305,0,0,1,0
11,raw_clean,178,229,-19.475361,-16.728518,-17.042051,0,0,1,0
11,raw_clean,179,229,-27.035072,-16.728518,-23.55743,0,0,1,0
11,raw_clean,180,311,4.475835,6.145018,6.317185,0,0,1,0
11,raw_clean,181,311,4.475835,5.11128,5.527288,0,0,1,0
11,raw_clean,182,311,6.145018,-0.383888,1.917384,0,1,1,0
11,raw_clean,183,311,6.145018,5.11128,6.203634,0,0,1,0
11,raw_clean,184,340,17.013697,12.017197,12.419446,1,1,0,0
11,raw_clean,185,145,12.612211,8.601331,1.176105,1,1,0,0
11,raw_clean,186,96,5.936903,5.774604,8.291468,0,0,1,0
11,raw_clean,187,96,3.554296,5.774604,6.862707,0,0,1,0
11,raw_clean,188,335,-4.825895,-5.064299,-9.514221,0,0,1,0
11,raw_clean,189,335,-5.064299,-5.219132,-8.795345,0,0,1,0
11,raw_clean,190,335,-5.064299,-1.601558,-6.089412,0,0,1,0
11,raw_clean,191,16,2.227991,2.969363,4.789768,1,1,0,0
11,raw_clean,192,16,2.227991,-2.257797,2.09994,1,0,0,0
11,raw_clean,193,16,2.227991,-3.752776,0.135802,1,0,0,0
11,raw_clean,194,16,-2.257797,-3.752776,-4.445477,0,0,1,0
11,raw_clean,195,107,17.969475,20.250734,23.286451,0,0,1,0
11,raw_clean,196,107,17.969475,13.160002,16.403643,0,0,1,0
11,raw_clean,197,107,17.969475,13.398515,17.124153,0,0,1,0
11,raw_clean,198,107,20.250734,13.160002,19.039497,0,0,1,0
11,raw_clean,199,107,20.250734,13.398515,19.120241,0,0,1,0
11,raw_clean,200,107,13.160002,13.398515,12.630577,0,0,1,0
11,raw_clean,201,134,-14.812595,-11.889595,-11.679111,1,1,0,0
11,raw_clean,202,419,8.816278,16.179489,10.396852,1,1,0,0
11,raw_clean,203,295,-1.464115,-1.315345,2.823178,1,1,1,1
11,raw_clean,204,289,14.648092,13.094143,13.40018,1,1,0,0
11,raw_clean,205,289,13.094143,13.577859,12.140266,1,1,0,0
11,raw_clean,206,354,13.381668,13.423662,11.216101,1,1,0,0
11,raw_clean,207,354,13.381668,14.742912,10.962276,1,1,0,0
11,raw_clean,208,354,13.381668,13.697897,10.753933,1,1,0,0
11,raw_clean,209,354,13.423662,14.742912,12.129446,1,1,0,0
11,raw_clean,210,354,16.374304,14.645559,15.371125,1,1,0,0
11,raw_clean,211,354,14.742912,13.697897,11.456173,1,1,0,0
11,raw_clean,212,304,14.822482,8.117337,8.860335,1,1,0,0
11,raw_clean,213,304,6.925119,8.117337,3.526583,1,1,0,0
11,raw_clean,214,304,8.117337,12.050946,6.493608,1,1,0,0
11,raw_clean,215,276,20.719534,20.255848,18.340874,1,1,0,0
11,raw_clean,216,276,20.719534,20.755535,17.86338,1,1,0,0
11,raw_clean,217,276,20.255848,20.755535,18.729694,1,1,0,0
11,raw_clean,218,233,-22.378244,-22.720881,-25.631721,0,0,1,0
11,raw_clean,219,233,-17.024538,-15.268759,-13.486542,0,0,1,0
11,raw_clean,220,233,-17.024538,-16.294794,-14.697275,0,0,1,0
11,raw_clean,221,233,-17.024538,-21.508085,-21.89521,0,0,1,0
11,raw_clean,222,233,-15.268759,-16.294794,-13.847591,0,0,1,0
11,raw_clean,223,233,-15.268759,-21.508085,-18.158415,0,0,1,0
11,raw_clean,224,233,-16.294794,-21.508085,-18.445984,0,0,1,0
11,raw_clean,225,325,7.613433,9.362796,6.604401,1,1,0,0
11,raw_clean,226,325,7.613433,10.785409,7.806894,1,1,0,0
11,raw_clean,227,400,3.751822,1.5411,0.741987,1,1,0,0
11,raw_clean,228,400,3.751822,5.775704,4.909654,1,1,0,0
11,raw_clean,229,400,3.751822,4.86329,4.158083,1,1,0,0
11,raw_clean,230,400,1.5411,5.775704,3.038728,1,1,0,0
11,raw_clean,231,400,1.5411,4.86329,1.913525,1,1,0,0
11,raw_clean,232,400,1.5411,0.127987,-3.473348,1,1,1,1
11,raw_clean,233,275,4.42036,5.609495,9.040396,0,0,1,0
11,raw_clean,234,66,-15.008322,-10.945071,-8.8487,1,1,0,0
11,raw_clean,235,302,9.720138,7.657495,10.040155,1,1,0,0
11,raw_clean,236,302,7.657495,5.050554,5.477927,1,1,0,0
11,raw_flipmine,0,173,-11.364986,-5.31039,-14.47839,0,0,1,0
11,raw_flipmine,1,433,-6.274378,4.360919,-1.921624,0,1,1,0
11,raw_flipmine,2,433,-6.274378,1.952595,-3.762873,0,1,1,0
11,raw_flipmine,3,433,4.360919,1.952595,2.259665,1,1,0,0
11,raw_flipmine,4,105,2.046351,1.887006,-0.739184,1,1,1,1
11,raw_flipmine,5,161,-7.299664,-10.250786,-1.35393,1,1,0,0
11,raw_flipmine,6,336,-3.456944,-3.951563,1.674825,1,1,1,1
11,raw_flipmine,7,136,-0.060685,-8.645483,-12.553291,0,0,1,0
11,raw_flipmine,8,136,-0.060685,1.867878,-3.310848,0,1,1,0
11,raw_flipmine,9,136,-0.060685,6.786911,3.0113,0,1,0,0
11,raw_flipmine,10,136,-8.645483,1.867878,-9.725233,0,1,1,0
11,raw_flipmine,11,246,-9.797518,-5.439864,-15.43828,0,0,1,0
11,raw_flipmine,12,246,-9.797518,-14.999485,-25.271208,0,0,1,0
11,raw_flipmine,13,246,-9.797518,-7.071702,-13.833429,0,0,1,0
11,raw_flipmine,14,246,-5.439864,-14.999485,-17.460629,0,0,1,0
11,raw_flipmine,15,246,-5.439864,-7.071702,-10.078581,0,0,1,0
11,raw_flipmine,16,246,-14.999485,-7.071702,-19.053692,0,0,1,0
11,raw_flipmine,17,331,1.803796,-3.587173,-16.577017,1,0,1,0
11,raw_flipmine,18,331,1.803796,-7.790411,-32.662247,1,0,1,0
11,raw_flipmine,19,331,1.803796,-6.141207,-21.567394,1,0,1,0
11,raw_flipmine,20,331,-3.587173,-7.790411,-31.863264,0,0,1,0
11,raw_flipmine,21,331,-3.587173,-6.141207,-22.915121,0,0,1,0
11,raw_flipmine,22,331,-7.790411,-6.141207,-37.823826,0,0,1,0
11,raw_flipmine,23,81,-16.933632,-13.523026,-25.335554,0,0,1,0
11,raw_flipmine,24,81,-16.933632,-18.726046,-30.475939,0,0,1,0
11,raw_flipmine,25,81,-13.523026,-18.726046,-27.396214,0,0,1,0
11,raw_flipmine,26,357,9.325924,6.16573,3.704658,1,1,0,0
11,raw_flipmine,27,106,-10.221767,-25.645681,-15.338799,0,0,1,0
11,raw_flipmine,28,485,-6.934571,-15.366985,-27.573271,0,0,1,0
11,raw_flipmine,29,485,-15.366985,-4.058548,-23.511906,0,0,1,0
11,raw_flipmine,30,418,7.424374,-1.106128,9.028175,0,1,1,0
11,raw_flipmine,31,418,7.424374,4.123689,11.230129,0,0,1,0
11,raw_flipmine,32,109,-1.05575,1.041238,-1.700794,0,1,1,0
11,raw_flipmine,33,13,-28.5212,-14.696251,-49.906845,0,0,1,0
11,raw_flipmine,34,326,-19.066505,-16.421926,-26.793249,0,0,1,0
11,raw_flipmine,35,285,7.519548,8.009594,8.009594,0,0,1,0
11,raw_flipmine,36,285,7.519548,8.072241,8.009594,0,0,1,0
11,raw_flipmine,37,285,7.519548,8.079647,8.009594,0,0,1,0
11,raw_flipmine,38,342,1.089319,0.732369,-8.123133,1,1,1,1
11,raw_flipmine,39,230,-1.353949,-8.895632,-9.548004,0,0,1,0
11,raw_flipmine,40,174,3.906745,3.691669,1.223293,1,1,0,0
11,raw_flipmine,41,149,-6.514455,-13.769415,-31.879442,0,0,1,0
11,raw_flipmine,42,362,8.233448,10.753572,14.369228,0,0,1,0
11,raw_flipmine,43,362,8.233448,7.499221,11.592171,0,0,1,0
11,raw_flipmine,44,362,10.753572,7.499221,13.576254,0,0,1,0
11,raw_flipmine,45,399,8.93379,9.011467,1.305943,1,1,0,0
11,raw_flipmine,46,399,8.93379,6.22565,-1.041555,1,1,1,1
11,raw_flipmine,47,399,9.011467,6.22565,-0.943092,1,1,1,1
11,raw_flipmine,48,39,7.032795,6.848133,8.656042,0,0,1,0
11,raw_flipmine,49,84,2.336958,3.855633,4.883728,1,1,0,0
11,raw_flipmine,50,84,2.336958,5.799614,5.803911,1,1,0,0
11,raw_flipmine,51,84,2.336958,7.849285,8.166749,1,1,0,0
11,raw_flipmine,52,84,5.018977,5.799614,5.56992,1,1,0,0
11,raw_flipmine,53,84,5.018977,7.849285,7.544042,1,1,0,0
11,raw_flipmine,54,84,3.855633,5.799614,6.687373,1,1,0,0
11,raw_flipmine,55,84,3.855633,7.849285,11.388889,1,1,0,0
11,raw_flipmine,56,84,5.799614,7.849285,8.358641,1,1,0,0
11,raw_flipmine,57,15,-11.469612,-0.106273,-0.189698,1,1,0,0
11,raw_flipmine,58,15,-11.469612,-0.315635,-1.487023,1,1,0,0
11,raw_flipmine,59,15,-13.301455,-0.106273,-1.820957,1,1,0,0
11,raw_flipmine,60,15,-13.301455,-0.315635,-3.396826,1,1,0,0
11,raw_flipmine,61,15,-0.106273,-0.315635,10.824881,1,1,1,1
11,raw_flipmine,62,363,5.079382,1.230798,-0.166586,1,1,1,1
11,raw_flipmine,63,140,-6.243197,0.814335,-7.248218,0,1,1,0
11,raw_flipmine,64,236,-15.890818,-5.947834,-24.813965,0,0,1,0
11,raw_flipmine,65,35,-7.731289,-2.442468,-10.499458,0,0,1,0
11,raw_flipmine,66,192,0.68402,2.935521,3.474465,0,0,1,0
11,raw_flipmine,67,192,2.935521,3.408339,6.003348,0,0,1,0
11,raw_flipmine,68,99,-60.185329,-44.725777,-50.115337,1,1,0,0
11,raw_flipmine,69,489,-33.015614,-19.130842,-27.253145,0,0,1,0
11,raw_flipmine,70,484,7.979451,8.076778,1.098548,1,1,0,0
11,raw_flipmine,71,484,8.076778,7.204744,3.588943,1,1,0,0
11,raw_flipmine,72,49,-3.833786,-6.249965,-16.5511,0,0,1,0
11,raw_flipmine,73,493,-42.523109,-34.811638,-46.221386,0,0,1,0
11,raw_flipmine,74,493,-42.523109,-35.720158,-51.992336,0,0,1,0
11,raw_flipmine,75,493,-42.523109,-39.901436,-50.816231,0,0,1,0
11,raw_flipmine,76,493,-34.811638,-35.720158,-45.421856,0,0,1,0
11,raw_flipmine,77,493,-34.811638,-39.901436,-40.481606,0,0,1,0
11,raw_flipmine,78,493,-35.720158,-39.901436,-47.675228,0,0,1,0
11,raw_flipmine,79,171,13.600927,14.158869,14.08758,1,1,0,0
11,raw_flipmine,80,190,-3.416306,-3.197558,-5.525126,0,0,1,0
11,raw_flipmine,81,237,-10.439352,4.763875,-11.276381,0,1,1,0
11,raw_flipmine,82,237,-10.439352,-9.290043,-26.487051,0,0,1,0
11,raw_flipmine,83,87,9.806004,9.437654,4.331243,1,1,0,0
11,raw_flipmine,84,288,15.298134,15.735458,9.22674,1,1,0,0
11,raw_flipmine,85,288,15.45797,15.735458,10.360182,1,1,0,0
11,raw_flipmine,86,272,0.257302,0.244751,-7.153971,1,1,1,1
11,raw_flipmine,87,272,0.257302,-8.312273,-29.591635,1,0,1,0
11,raw_flipmine,88,272,3.898428,3.903109,2.085404,1,1,0,0
11,raw_flipmine,89,272,3.898428,3.435347,0.861849,1,1,0,0
11,raw_flipmine,90,272,3.903109,3.435347,1.305049,1,1,0,0
11,raw_flipmine,91,491,-71.749985,-70.37011,-65.113152,1,1,0,0
11,raw_flipmine,92,82,-47.00378,-44.38876,-75.980988,0,0,1,0
11,raw_flipmine,93,82,-47.00378,-27.108112,-49.513992,0,0,1,0
11,raw_flipmine,94,82,-44.38876,-27.108112,-47.493668,0,0,1,0
11,raw_flipmine,95,82,-44.38876,-35.713879,-63.471584,0,0,1,0
11,raw_flipmine,96,330,-2.775961,4.416189,5.923675,1,0,1,0
11,raw_flipmine,97,330,4.416189,0.609065,7.200822,0,0,1,0
11,raw_flipmine,98,372,7.518408,0.975318,5.912793,0,0,1,0
11,raw_flipmine,99,372,7.518408,11.115774,13.57222,0,0,1,0
11,raw_flipmine,100,372,0.975318,11.115774,8.462803,0,0,1,0
11,raw_flipmine,101,55,14.412359,8.012173,3.140636,1,1,0,0
11,raw_flipmine,102,55,13.4062,8.012173,-0.574234,1,1,1,1
11,raw_flipmine,103,427,0.116859,-7.84206,-4.10231,1,0,1,0
11,raw_flipmine,104,102,0.829311,-4.50209,-8.348818,1,0,1,0
11,raw_flipmine,105,102,4.1078,-4.50209,-6.345614,1,0,1,0
11,raw_flipmine,106,376,-31.192799,-47.327579,-33.417408,0,0,1,0
11,raw_flipmine,107,422,-10.514175,-14.478037,-5.084015,1,1,0,0
11,raw_flipmine,108,100,-26.728781,-38.747036,-25.771467,1,1,0,0
11,raw_flipmine,109,100,-26.728781,-41.012592,-26.405613,1,1,0,0
11,raw_flipmine,110,100,-38.747036,-41.012592,-39.771542,1,1,0,0
11,raw_flipmine,111,463,-5.031897,-5.476517,-6.010499,0,0,1,0
11,raw_flipmine,112,444,5.049694,7.759438,8.009594,1,1,0,0
11,raw_flipmine,113,444,5.049694,8.009594,8.009594,1,1,0,0
11,raw_flipmine,114,444,5.049694,8.009594,7.945902,1,1,0,0
11,raw_flipmine,115,444,7.759438,8.009594,8.009594,1,1,0,0
11,raw_flipmine,116,444,7.759438,8.009594,7.962453,1,1,0,0
11,raw_flipmine,117,444,8.009594,8.009594,8.009594,1,1,0,0
11,raw_flipmine,118,370,-1.163459,-2.121714,-11.857122,0,0,1,0
11,raw_flipmine,119,370,-7.251129,-2.121714,-18.198782,0,0,1,0
11,raw_flipmine,120,53,-6.63623,-1.966524,-0.218041,1,1,0,0
11,raw_flipmine,121,37,-28.616812,-25.011309,-24.534552,1,1,0,0
11,raw_flipmine,122,183,-29.262878,-19.681063,-17.036467,1,1,0,0
11,raw_flipmine,123,183,-29.262878,-28.101927,-24.82457,1,1,0,0
11,raw_flipmine,124,126,-13.3283,-5.289795,-13.246233,0,0,1,0
11,raw_flipmine,125,126,-13.3283,-4.149025,-14.381544,0,0,1,0
11,raw_flipmine,126,126,-5.289795,-4.149025,-2.868894,0,0,1,0
11,raw_flipmine,127,90,-2.750195,5.256518,-9.379683,0,1,1,0
11,raw_flipmine,128,90,-2.750195,4.671049,-10.352476,0,1,1,0
11,raw_flipmine,129,90,-2.750195,-0.195048,-18.522535,0,0,1,0
11,raw_flipmine,130,90,-2.750195,3.012357,-13.136602,0,1,1,0
11,raw_flipmine,131,90,-2.750195,2.846707,-13.036959,0,1,1,0
11,raw_flipmine,132,90,4.671049,-0.195048,-5.80538,1,0,1,0
11,raw_flipmine,133,90,4.671049,3.012357,-4.063136,1,1,1,1
11,raw_flipmine,134,90,4.671049,2.846707,-5.393821,1,1,1,1
11,raw_flipmine,135,90,-0.195048,3.012357,-13.689905,0,1,1,0
11,raw_flipmine,136,90,-0.195048,2.846707,-8.923536,0,1,1,0
11,raw_flipmine,137,244,8.009594,7.708648,6.739426,1,1,0,0
11,raw_flipmine,138,315,-7.234062,-4.664534,-1.602799,1,1,0,0
11,raw_flipmine,139,343,2.88594,-0.070941,-2.711956,1,0,1,0
11,raw_flipmine,140,443,0.385197,4.041812,1.45349,0,0,1,0
11,raw_flipmine,141,98,-0.170106,-0.615657,-8.285244,0,0,1,0
11,raw_flipmine,142,98,0.723579,-0.615657,-7.320266,1,0,1,0
11,raw_flipmine,143,10,0.403061,1.784715,5.1828,0,0,1,0
11,raw_flipmine,144,502,-36.941002,-18.988829,-15.15226,1,1,0,0
11,raw_flipmine,145,502,-40.165695,-18.988829,-15.929293,1,1,0,0
11,raw_flipmine,146,502,-18.988829,-42.485073,-18.179825,1,1,0,0
11,raw_flipmine,147,208,6.383958,6.890471,5.912839,1,1,0,0
11,raw_flipmine,148,208,6.383958,-1.227202,-1.23013,1,0,1,0
11,raw_flipmine,149,245,-11.519676,-12.613144,-21.279387,0,0,1,0
11,raw_flipmine,150,380,16.64262,17.579029,10.085089,1,1,0,0
11,raw_flipmine,151,380,16.64262,15.321136,4.054886,1,1,0,0
11,raw_flipmine,152,380,17.579029,15.321136,-0.540805,1,1,1,1
11,raw_flipmine,153,292,1.754171,1.616096,-8.076986,1,1,1,1
11,raw_flipmine,154,469,9.407286,10.029173,9.204069,1,1,0,0
11,raw_flipmine,155,469,8.220886,8.982647,8.041729,1,1,0,0
11,raw_flipmine,156,469,8.220886,9.57324,8.256632,1,1,0,0
11,raw_flipmine,157,135,-5.031523,-5.532787,-9.571531,0,0,1,0
11,raw_flipmine,158,286,7.101633,8.149342,1.887058,1,1,0,0
11,raw_flipmine,159,437,22.749928,21.540609,22.368231,1,1,0,0
11,raw_flipmine,160,117,10.415874,10.058565,6.664424,1,1,0,0
11,raw_flipmine,161,147,-11.041843,-7.915091,1.396097,1,1,1,1
11,raw_flipmine,162,191,10.509016,10.593603,7.547711,1,1,0,0
11,raw_flipmine,163,191,10.509016,11.472786,9.28656,1,1,0,0
11,raw_flipmine,164,191,10.509016,9.833448,5.739809,1,1,0,0
11,raw_flipmine,165,191,10.593603,11.472786,9.189116,1,1,0,0
11,raw_flipmine,166,271,-1.235238,-1.477216,-6.756189,0,0,1,0
11,raw_flipmine,167,115,-8.548151,-12.254051,-22.954185,0,0,1,0
11,raw_flipmine,168,457,7.921598,7.898922,6.813684,1,1,0,0
11,raw_flipmine,169,457,7.921598,8.870165,7.68681,1,1,0,0
11,raw_flipmine,170,457,7.898922,8.870165,7.871959,1,1,0,0
11,raw_flipmine,171,1,9.782667,10.236691,7.503015,1,1,0,0
11,raw_flipmine,172,197,-3.50387,-5.698366,-10.888023,0,0,1,0
11,raw_flipmine,173,197,-5.698366,-2.882446,-9.825199,0,0,1,0
11,raw_flipmine,174,455,-3.444581,-4.926416,-5.51859,0,0,1,0
11,raw_flipmine,175,455,-4.926416,0.407432,-2.085526,0,1,1,0
11,raw_flipmine,176,125,2.133388,4.599013,6.764153,0,0,1,0
11,raw_flipmine,177,229,-8.924019,-11.344395,-17.601374,0,0,1,0
11,raw_flipmine,178,229,-8.924019,-26.410294,-30.462095,0,0,1,0
11,raw_flipmine,179,229,-24.210978,-26.410294,-49.045456,0,0,1,0
11,raw_flipmine,180,311,8.378561,8.326235,8.138336,0,0,1,0
11,raw_flipmine,181,311,8.378561,7.530929,8.627193,0,0,1,0
11,raw_flipmine,182,311,8.326235,6.885647,7.544221,0,0,1,0
11,raw_flipmine,183,311,8.326235,7.530929,8.237047,0,0,1,0
11,raw_flipmine,184,340,-0.13248,-4.497527,-7.191983,0,0,1,0
11,raw_flipmine,185,145,-0.693092,-2.864093,-14.099169,0,0,1,0
11,raw_flipmine,186,96,4.410009,7.850448,9.861521,0,0,1,0
11,raw_flipmine,187,96,1.918224,7.850448,6.29075,0,0,1,0
11,raw_flipmine,188,335,10.182253,9.507757,3.187046,1,1,0,0
11,raw_flipmine,189,335,9.507757,10.76413,0.286001,1,1,0,0
11,raw_flipmine,190,335,9.507757,9.81707,0.338482,1,1,0,0
11,raw_flipmine,191,16,-6.74498,-4.495989,-10.747898,0,0,1,0
11,raw_flipmine,192,16,-6.74498,-6.620998,-8.431633,0,0,1,0
11,raw_flipmine,193,16,-6.74498,-5.450816,-6.524714,0,0,1,0
11,raw_flipmine,194,16,-6.620998,-5.450816,-6.233031,0,0,1,0
11,raw_flipmine,195,107,7.167001,6.333537,8.595354,0,0,1,0
11,raw_flipmine,196,107,7.167001,5.517243,7.332698,0,0,1,0
11,raw_flipmine,197,107,7.167001,6.326845,8.0403,0,0,1,0
11,raw_flipmine,198,107,6.333537,5.517243,7.584154,0,0,1,0
11,raw_flipmine,199,107,6.333537,6.326845,7.534352,0,0,1,0
11,raw_flipmine,200,107,5.517243,6.326845,6.852336,0,0,1,0
11,raw_flipmine,201,134,-2.334221,2.102559,1.409639,1,0,1,0
11,raw_flipmine,202,419,-15.354115,-14.295578,-19.655704,0,0,1,0
11,raw_flipmine,203,295,-14.384516,-9.867891,-6.864376,1,1,0,0
11,raw_flipmine,204,289,3.433572,3.93741,-2.238429,1,1,1,1
11,raw_flipmine,205,289,3.93741,4.488869,-1.540851,1,1,1,1
11,raw_flipmine,206,354,8.021759,9.351151,8.32778,1,1,0,0
11,raw_flipmine,207,354,8.021759,6.238598,4.909602,1,1,0,0
11,raw_flipmine,208,354,8.021759,9.66107,10.687424,1,1,0,0
11,raw_flipmine,209,354,9.351151,6.238598,6.400062,1,1,0,0
11,raw_flipmine,210,354,5.79386,6.792011,4.891613,1,1,0,0
11,raw_flipmine,211,354,6.238598,9.66107,9.173607,1,1,0,0
11,raw_flipmine,212,304,-1.454664,-9.4277,-15.620224,0,0,1,0
11,raw_flipmine,213,304,-16.649534,-9.4277,-30.616388,0,0,1,0
11,raw_flipmine,214,304,-9.4277,-3.838573,-16.641174,0,0,1,0
11,raw_flipmine,215,276,-3.741129,-1.241657,-6.642329,0,0,1,0
11,raw_flipmine,216,276,-3.741129,-0.9213,-8.97436,0,0,1,0
11,raw_flipmine,217,276,-1.241657,-0.9213,-3.799527,0,0,1,0
11,raw_flipmine,218,233,-51.850742,-59.961094,-70.514442,0,0,1,0
11,raw_flipmine,219,233,-46.180523,-24.07897,-30.085781,0,0,1,0
11,raw_flipmine,220,233,-46.180523,-35.98354,-40.638287,0,0,1,0
11,raw_flipmine,221,233,-46.180523,-30.200554,-40.1665,0,0,1,0
11,raw_flipmine,222,233,-24.07897,-35.98354,-24.163614,0,0,1,0
11,raw_flipmine,223,233,-24.07897,-30.200554,-16.935211,0,0,1,0
11,raw_flipmine,224,233,-35.98354,-30.200554,-29.863646,0,0,1,0
11,raw_flipmine,225,325,5.480206,6.77326,5.164586,1,1,0,0
11,raw_flipmine,226,325,5.480206,7.486362,6.109531,1,1,0,0
11,raw_flipmine,227,400,-2.268533,-8.190199,-12.019388,0,0,1,0
11,raw_flipmine,228,400,-2.268533,5.652143,0.464171,0,1,0,0
11,raw_flipmine,229,400,-2.268533,5.251738,2.189999,0,1,0,0
11,raw_flipmine,230,400,-8.190199,5.652143,-2.281101,0,1,1,0
11,raw_flipmine,231,400,-8.190199,5.251738,-3.466943,0,1,1,0
11,raw_flipmine,232,400,-8.190199,-4.786746,-17.459806,0,0,1,0
11,raw_flipmine,233,275,-39.491184,-38.491196,-31.455088,1,1,0,0
11,raw_flipmine,234,66,-54.518459,-36.387936,-21.338375,1,1,0,0
11,raw_flipmine,235,302,15.81595,15.211374,15.841209,1,1,0,0
11,raw_flipmine,236,302,15.211372,15.033079,15.084637,1,1,0,0
11,relfeat,0,173,15.29493,18.583668,9.85469,1,1,0,0
11,relfeat,1,433,14.588641,13.820384,7.100464,1,1,0,0
11,relfeat,2,433,14.588641,13.984195,8.263223,1,1,0,0
11,relfeat,3,433,13.820384,13.984195,7.434451,1,1,0,0
11,relfeat,4,105,-4.426922,-2.822094,-4.914107,0,0,1,0
11,relfeat,5,161,0.205389,0.5421,5.255814,0,0,1,0
11,relfeat,6,336,19.751934,23.309952,27.001085,0,0,1,0
11,relfeat,7,136,14.544477,16.976727,6.071795,1,1,0,0
11,relfeat,8,136,14.544477,20.836805,10.457618,1,1,0,0
11,relfeat,9,136,14.544477,20.836807,8.404984,1,1,0,0
11,relfeat,10,136,16.976727,20.836805,12.237093,1,1,0,0
11,relfeat,11,246,12.00911,17.415878,9.635189,1,1,0,0
11,relfeat,12,246,12.00911,12.148572,1.009039,1,1,0,0
11,relfeat,13,246,12.00911,10.360539,2.332466,1,1,0,0
11,relfeat,14,246,17.415878,12.148572,9.771956,1,1,0,0
11,relfeat,15,246,17.415878,10.360539,7.378256,1,1,0,0
11,relfeat,16,246,12.148572,10.360539,1.661986,1,1,0,0
11,relfeat,17,331,27.351011,25.614513,8.727842,1,1,0,0
11,relfeat,18,331,27.351011,19.067438,2.554855,1,1,0,0
11,relfeat,19,331,27.351011,19.067461,4.611905,1,1,0,0
11,relfeat,20,331,25.614513,19.067438,-0.453735,1,1,1,1
11,relfeat,21,331,25.614513,19.067461,-1.096006,1,1,1,1
11,relfeat,22,331,19.067438,19.067461,-8.586118,1,1,1,1
11,relfeat,23,81,31.343052,23.964584,14.264806,1,1,0,0
11,relfeat,24,81,31.343052,23.964579,15.860044,1,1,0,0
11,relfeat,25,81,23.964584,23.964579,7.865881,1,1,0,0
11,relfeat,26,357,12.525389,21.47946,14.188841,1,1,0,0
11,relfeat,27,106,12.785614,-0.364701,4.357906,1,0,0,0
11,relfeat,28,485,15.836886,11.189498,4.567175,1,1,0,0
11,relfeat,29,485,11.189498,14.772004,5.447686,1,1,0,0
11,relfeat,30,418,8.198915,-1.568572,11.2337,0,1,1,0
11,relfeat,31,418,8.198915,-1.568568,10.872313,0,1,1,0
11,relfeat,32,109,3.719964,3.539605,0.906009,1,1,0,0
11,relfeat,33,13,8.140399,10.10113,-6.16032,1,1,1,1
11,relfeat,34,326,9.21347,15.176929,1.50204,1,1,0,0
11,relfeat,35,285,16.484472,18.564131,20.879847,0,0,1,0
11,relfeat,36,285,16.484472,16.158306,20.00156,0,0,1,0
11,relfeat,37,285,16.484472,16.548737,20.376387,0,0,1,0
11,relfeat,38,342,21.539032,26.065006,21.239458,1,1,0,0
11,relfeat,39,230,1.518529,-3.140406,-5.99812,1,0,1,0
11,relfeat,40,174,31.210955,32.593189,28.14286,1,1,0,0
11,relfeat,41,149,18.719158,18.565489,-1.706555,1,1,1,1
11,relfeat,42,362,3.475442,8.404031,5.60374,0,0,1,0
11,relfeat,43,362,3.475442,5.925039,5.418599,0,0,1,0
11,relfeat,44,362,8.404031,5.925039,6.619012,0,0,1,0
11,relfeat,45,399,4.408576,2.059869,-5.087054,1,1,1,1
11,relfeat,46,399,4.408576,-1.679896,-9.456356,1,0,1,0
11,relfeat,47,399,2.059869,-1.679896,-11.613999,1,0,1,0
11,relfeat,48,39,6.435296,7.003983,10.025196,0,0,1,0
11,relfeat,49,84,13.284745,13.019845,12.826982,1,1,0,0
11,relfeat,50,84,13.284745,14.251631,13.014041,1,1,0,0
11,relfeat,51,84,13.284745,14.251617,13.173989,1,1,0,0
11,relfeat,52,84,15.370835,14.251631,13.372568,1,1,0,0
11,relfeat,53,84,15.370835,14.251617,13.022927,1,1,0,0
11,relfeat,54,84,13.019845,14.251631,11.062167,1,1,0,0
11,relfeat,55,84,13.019845,14.251617,10.946381,1,1,0,0
11,relfeat,56,84,14.251631,14.251617,13.748446,1,1,0,0
11,relfeat,57,15,7.757979,21.608479,22.025368,0,0,1,0
11,relfeat,58,15,7.757979,22.344717,22.723162,0,0,1,0
11,relfeat,59,15,2.530166,21.608479,16.64542,0,0,1,0
11,relfeat,60,15,2.530166,22.344717,15.653651,0,0,1,0
11,relfeat,61,15,21.608479,22.344717,31.812664,0,0,1,0
11,relfeat,62,363,14.300426,15.964747,11.185355,1,1,0,0
11,relfeat,63,140,9.805716,11.158352,6.171046,1,1,0,0
11,relfeat,64,236,0.436752,12.051811,-10.814916,1,1,1,1
11,relfeat,65,35,9.140624,9.779069,2.96023,1,1,0,0
11,relfeat,66,192,6.777639,9.694009,10.456323,0,0,1,0
11,relfeat,67,192,9.694009,9.694019,11.436391,0,0,1,0
11,relfeat,68,99,-34.913158,-22.840376,-29.094795,1,1,0,0
11,relfeat,69,489,10.413537,18.463758,11.858225,1,1,0,0
11,relfeat,70,484,3.683167,1.823328,-3.683714,1,1,1,1
11,relfeat,71,484,1.823328,2.738077,-5.469714,1,1,1,1
11,relfeat,72,49,10.192262,5.654648,-10.160331,1,1,1,1
11,relfeat,73,493,10.545014,15.61011,5.863096,1,1,0,0
11,relfeat,74,493,10.545014,12.331801,1.934617,1,1,0,0
11,relfeat,75,493,10.545014,12.331795,4.891125,1,1,0,0
11,relfeat,76,493,15.61011,12.331801,9.220193,1,1,0,0
11,relfeat,77,493,15.61011,12.331795,11.139759,1,1,0,0
11,relfeat,78,493,12.331801,12.331795,8.028736,1,1,0,0
11,relfeat,79,171,15.358621,17.718227,5.2963,1,1,0,0
11,relfeat,80,190,9.658639,10.259356,6.794038,1,1,0,0
11,relfeat,81,237,4.503778,11.380049,4.471089,1,1,0,0
11,relfeat,82,237,4.503778,3.119548,-4.978759,1,1,1,1
11,relfeat,83,87,25.846428,30.065826,20.119726,1,1,0,0
11,relfeat,84,288,21.861559,14.261973,3.945017,1,1,0,0
11,relfeat,85,288,15.722247,14.261973,2.67661,1,1,0,0
11,relfeat,86,272,-3.727136,-4.094077,-12.845989,0,0,1,0
11,relfeat,87,272,-3.727136,-4.681242,-21.879341,0,0,1,0
11,relfeat,88,272,-4.648347,8.248261,-8.000638,0,1,1,0
11,relfeat,89,272,-4.648347,9.227371,-9.485251,0,1,1,0
11,relfeat,90,272,8.248261,9.227371,1.993147,1,1,0,0
11,relfeat,91,491,-6.041783,-6.041778,-0.110393,1,1,0,0
11,relfeat,92,82,-5.935079,-5.327147,-25.081102,0,0,1,0
11,relfeat,93,82,-5.935079,4.516855,-14.485803,0,1,1,0
11,relfeat,94,82,-5.327147,4.516855,-10.763811,0,1,1,0
11,relfeat,95,82,-5.327147,4.516836,-12.330443,0,1,1,0
11,relfeat,96,330,-6.89796,-2.203681,-1.247221,1,1,0,0
11,relfeat,97,330,-2.203681,-6.645698,-1.968387,1,1,0,0
11,relfeat,98,372,7.759844,4.38432,9.648059,0,0,1,0
11,relfeat,99,372,7.759844,10.979806,13.635835,0,0,1,0
11,relfeat,100,372,4.38432,10.979806,11.941649,0,0,1,0
11,relfeat,101,55,28.894548,26.073433,17.574158,1,1,0,0
11,relfeat,102,55,36.066216,26.073433,22.126738,1,1,0,0
11,relfeat,103,427,10.575801,8.509892,4.808327,1,1,0,0
11,relfeat,104,102,13.533575,10.811709,-1.078671,1,1,1,1
11,relfeat,105,102,18.245996,10.811709,2.298404,1,1,0,0
11,relfeat,106,376,12.156043,7.184858,13.000675,1,1,0,0
11,relfeat,107,422,-7.837707,-2.276339,-2.951447,1,1,0,0
11,relfeat,108,100,-10.21715,-9.440784,-4.105607,1,1,0,0
11,relfeat,109,100,-10.21715,-9.440772,-5.44631,1,1,0,0
11,relfeat,110,100,-9.440784,-9.440772,-6.193308,1,1,0,0
11,relfeat,111,463,5.886638,3.038049,-2.357288,1,1,1,1
11,relfeat,112,444,-0.000359,5.611597,-4.540778,0,1,1,0
11,relfeat,113,444,-0.000359,6.392381,-0.71714,0,1,1,0
11,relfeat,114,444,-0.000359,6.392365,-1.567353,0,1,1,0
11,relfeat,115,444,5.611597,6.392381,0.625309,1,1,0,0
11,relfeat,116,444,5.611597,6.392365,1.285617,1,1,0,0
11,relfeat,117,444,6.392381,6.392365,1.377403,1,1,0,0
11,relfeat,118,370,12.859251,8.482514,4.237606,1,1,0,0
11,relfeat,119,370,12.899314,8.482514,5.645233,1,1,0,0
11,relfeat,120,53,8.908509,16.392836,14.462154,0,0,1,0
11,relfeat,121,37,-7.742591,-5.247001,0.978047,1,1,1,1
11,relfeat,122,183,12.515883,13.122911,19.802256,0,0,1,0
11,relfeat,123,183,12.515883,13.122878,19.572365,0,0,1,0
11,relfeat,124,126,-1.441722,3.487565,-3.395806,0,1,1,0
11,relfeat,125,126,-1.441722,3.487539,-3.921364,0,1,1,0
11,relfeat,126,126,3.487565,3.487539,1.997302,1,1,0,0
11,relfeat,127,90,11.704331,21.377642,3.966927,1,1,0,0
11,relfeat,128,90,11.704331,18.460415,-2.677798,1,1,1,1
11,relfeat,129,90,11.704331,11.698244,-9.435502,1,1,1,1
11,relfeat,130,90,11.704331,20.808113,0.449025,1,1,0,0
11,relfeat,131,90,11.704331,20.808107,1.973704,1,1,0,0
11,relfeat,132,90,18.460415,11.698244,-1.153718,1,1,1,1
11,relfeat,133,90,18.460415,20.808113,10.155843,1,1,0,0
11,relfeat,134,90,18.460415,20.808107,9.018645,1,1,0,0
11,relfeat,135,90,11.698244,20.808113,2.145392,1,1,0,0
11,relfeat,136,90,11.698244,20.808107,4.247006,1,1,0,0
11,relfeat,137,244,10.8417,10.429588,-0.534524,1,1,1,1
11,relfeat,138,315,2.862315,3.312718,8.483631,0,0,1,0
11,relfeat,139,343,15.165813,10.259449,5.224,1,1,0,0
11,relfeat,140,443,4.258321,5.788944,6.22614,0,0,1,0
11,relfeat,141,98,-12.387094,-2.480121,-14.819456,0,0,1,0
11,relfeat,142,98,-0.472533,-2.480121,-7.748942,0,0,1,0
11,relfeat,143,10,4.895921,4.895945,10.144439,0,0,1,0
11,relfeat,144,502,-6.930345,5.113912,11.993989,1,0,1,0
11,relfeat,145,502,-20.196815,5.113912,1.664058,1,0,1,0
11,relfeat,146,502,5.113912,-10.596317,9.963312,0,1,1,0
11,relfeat,147,208,4.584409,14.035649,0.473747,1,1,0,0
11,relfeat,148,208,4.584409,4.737878,-10.500243,1,1,1,1
11,relfeat,149,245,7.34104,10.298601,0.980168,1,1,0,0
11,relfeat,150,380,15.033921,17.521633,5.591446,1,1,0,0
11,relfeat,151,380,15.033921,13.149968,-0.432876,1,1,1,1
11,relfeat,152,380,17.521633,13.149968,1.758871,1,1,0,0
11,relfeat,153,292,16.553719,19.970625,8.25082,1,1,0,0
11,relfeat,154,469,5.80932,5.199694,3.28279,1,1,0,0
11,relfeat,155,469,14.842687,1.548311,6.790278,1,1,0,0
11,relfeat,156,469,14.842687,8.240409,14.888474,1,1,0,0
11,relfeat,157,135,0.935161,0.411359,-4.246611,1,1,1,1
11,relfeat,158,286,9.87444,8.10465,-8.210178,1,1,1,1
11,relfeat,159,437,21.698547,19.455549,18.616932,1,1,0,0
11,relfeat,160,117,30.908482,27.844957,18.426542,1,1,0,0
11,relfeat,161,147,0.361341,0.541428,13.501321,0,0,1,0
11,relfeat,162,191,6.287142,5.619945,0.791552,1,1,0,0
11,relfeat,163,191,6.287142,3.127463,-1.471923,1,1,1,1
11,relfeat,164,191,6.287142,10.44235,5.4758,1,1,0,0
11,relfeat,165,191,5.619945,3.127463,-1.398021,1,1,1,1
11,relfeat,166,271,11.574029,9.304152,9.929177,1,1,0,0
11,relfeat,167,115,11.01871,9.849452,-0.653711,1,1,1,1
11,relfeat,168,457,0.173595,-3.382233,-4.184085,1,0,1,0
11,relfeat,169,457,0.173595,-1.431535,-1.650954,1,0,1,0
11,relfeat,170,457,-3.382233,-1.431535,-5.971315,0,0,1,0
11,relfeat,171,1,19.84186,23.890804,13.482211,1,1,0,0
11,relfeat,172,197,16.179621,14.021699,12.357373,1,1,0,0
11,relfeat,173,197,14.021699,12.754647,8.399123,1,1,0,0
11,relfeat,174,455,9.056458,7.137036,4.028697,1,1,0,0
11,relfeat,175,455,7.137036,13.753832,7.561664,1,1,0,0
11,relfeat,176,125,-5.05962,-9.007627,-2.66134,1,1,0,0
11,relfeat,177,229,18.057177,17.397781,16.744001,1,1,0,0
11,relfeat,178,229,18.057177,7.112031,6.072489,1,1,0,0
11,relfeat,179,229,0.57658,7.112031,-10.289489,1,1,1,1
11,relfeat,180,311,1.005854,3.356279,2.171475,0,0,1,0
11,relfeat,181,311,1.005854,-0.053005,0.553708,0,1,1,0
11,relfeat,182,311,3.356279,0.665034,5.079467,0,0,1,0
11,relfeat,183,311,3.356279,-0.053005,2.043389,0,1,1,0
11,relfeat,184,340,19.328363,13.922924,8.106268,1,1,0,0
11,relfeat,185,145,9.02613,11.656878,-10.569115,1,1,1,1
11,relfeat,186,96,-7.852404,-1.464875,0.287871,1,1,1,1
11,relfeat,187,96,-11.386678,-1.464875,-2.069443,1,1,0,0
11,relfeat,188,335,10.776537,8.133592,1.277143,1,1,0,0
11,relfeat,189,335,8.133592,7.53634,1.015455,1,1,0,0
11,relfeat,190,335,8.133592,7.536357,0.905239,1,1,0,0
11,relfeat,191,16,10.668972,11.822574,8.416591,1,1,0,0
11,relfeat,192,16,10.668972,9.591615,7.81866,1,1,0,0
11,relfeat,193,16,10.668972,9.591605,8.257422,1,1,0,0
11,relfeat,194,16,9.591615,9.591605,8.172805,1,1,0,0
11,relfeat,195,107,8.87115,4.467286,8.508751,0,0,1,0
11,relfeat,196,107,8.87115,4.770857,8.456437,0,0,1,0
11,relfeat,197,107,8.87115,4.770813,8.935383,0,0,1,0
11,relfeat,198,107,4.467286,4.770857,7.529446,0,0,1,0
11,relfeat,199,107,4.467286,4.770813,6.020061,0,0,1,0
11,relfeat,200,107,4.770857,4.770813,6.048235,0,0,1,0
11,relfeat,201,134,12.156882,11.466964,17.671696,0,0,1,0
11,relfeat,202,419,3.60816,-0.162018,-5.800189,1,0,1,0
11,relfeat,203,295,6.137973,5.364306,8.995547,0,0,1,0
11,relfeat,204,289,13.430544,15.032796,15.375719,1,1,0,0
11,relfeat,205,289,15.032796,15.032807,16.371412,1,1,0,0
11,relfeat,206,354,-20.994146,-1.756701,-15.958459,0,0,1,0
11,relfeat,207,354,-20.994146,-10.274379,-26.275873,0,0,1,0
11,relfeat,208,354,-20.994146,-7.713769,-22.750992,0,0,1,0
11,relfeat,209,354,-1.756701,-10.274379,-6.383935,0,0,1,0
11,relfeat,210,354,-14.359591,-10.6785,-19.477037,0,0,1,0
11,relfeat,211,354,-10.274379,-7.713769,-12.99891,0,0,1,0
11,relfeat,212,304,21.952826,12.653072,12.164782,1,1,0,0
11,relfeat,213,304,14.238095,12.653072,5.624367,1,1,0,0
11,relfeat,214,304,12.653072,11.833289,2.207311,1,1,0,0
11,relfeat,215,276,11.284112,9.665952,5.660148,1,1,0,0
11,relfeat,216,276,11.284112,9.665962,5.128413,1,1,0,0
11,relfeat,217,276,9.665952,9.665962,5.755034,1,1,0,0
11,relfeat,218,233,0.810226,0.428066,-5.964429,1,1,1,1
11,relfeat,219,233,4.501839,7.268017,5.906998,1,1,0,0
11,relfeat,220,233,4.501839,5.552808,2.893668,1,1,0,0
11,relfeat,221,233,4.501839,5.552806,2.827787,1,1,0,0
11,relfeat,222,233,7.268017,5.552808,4.113358,1,1,0,0
11,relfeat,223,233,7.268017,5.552806,5.444487,1,1,0,0
11,relfeat,224,233,5.552808,5.552806,3.685179,1,1,0,0
11,relfeat,225,325,-4.219678,1.91824,-5.856416,0,1,1,0
11,relfeat,226,325,-4.219678,3.451854,-4.332776,0,1,1,0
11,relfeat,227,400,15.047467,12.035024,7.09564,1,1,0,0
11,relfeat,228,400,15.047467,15.599404,10.696589,1,1,0,0
11,relfeat,229,400,15.047467,15.315733,10.970756,1,1,0,0
11,relfeat,230,400,12.035024,15.599404,14.145524,1,1,0,0
11,relfeat,231,400,12.035024,15.315733,15.953577,1,1,0,0
11,relfeat,232,400,12.035024,16.708277,7.372597,1,1,0,0
11,relfeat,233,275,7.070706,0.324629,11.186664,0,0,1,0
11,relfeat,234,66,-8.356077,4.043955,10.804947,1,0,1,0
11,relfeat,235,302,3.823989,3.462659,-1.735151,1,1,1,1
11,relfeat,236,302,3.462659,4.385063,-1.978271,1,1,1,1
11,relflip,0,173,9.392272,14.553195,-1.974323,1,1,1,1
11,relflip,1,433,5.655261,5.622633,-8.974047,1,1,1,1
11,relflip,2,433,5.655261,5.101216,-6.833123,1,1,1,1
11,relflip,3,433,5.622633,5.101216,-8.021288,1,1,1,1
11,relflip,4,105,-1.866377,0.330308,-5.337499,0,1,1,0
11,relflip,5,161,-8.433357,-7.510297,-0.042194,1,1,0,0
11,relflip,6,336,4.190648,-7.107221,15.728681,0,1,1,0
11,relflip,7,136,8.464559,14.023684,-12.782386,1,1,1,1
11,relflip,8,136,8.464559,17.338835,3.242575,1,1,0,0
11,relflip,9,136,8.464559,17.338837,-0.705855,1,1,1,1
11,relflip,10,136,14.023684,17.338835,4.994473,1,1,0,0
11,relflip,11,246,-0.301479,11.681828,-4.220179,0,1,1,0
11,relflip,12,246,-0.301479,0.378142,-22.009172,0,1,1,0
11,relflip,13,246,-0.301479,-1.882365,-20.525654,0,0,1,0
11,relflip,14,246,11.681828,0.378142,-2.772052,1,1,1,1
11,relflip,15,246,11.681828,-1.882365,-6.695977,1,0,1,0
11,relflip,16,246,0.378142,-1.882365,-21.665367,1,0,1,0
11,relflip,17,331,13.869803,12.406845,-21.922403,1,1,1,1
11,relflip,18,331,13.869803,2.194167,-32.745342,1,1,1,1
11,relflip,19,331,13.869803,2.19421,-30.369789,1,1,1,1
11,relflip,20,331,12.406845,2.194167,-32.684647,1,1,1,1
11,relflip,21,331,12.406845,2.19421,-34.811867,1,1,1,1
11,relflip,22,331,2.194167,2.19421,-45.858829,1,1,1,1
11,relflip,23,81,21.431982,12.88749,-5.955182,1,1,1,1
11,relflip,24,81,21.431982,12.887486,-3.51206,1,1,1,1
11,relflip,25,81,12.88749,12.887486,-11.471727,1,1,1,1
11,relflip,26,357,8.851262,12.659139,-0.240291,1,1,1,1
11,relflip,27,106,12.075186,-5.100915,-5.465514,1,0,1,0
11,relflip,28,485,18.92734,14.652127,-10.789582,1,1,1,1
11,relflip,29,485,14.652127,20.910736,-0.404544,1,1,1,1
11,relflip,30,418,-8.268832,-25.259138,-5.139477,1,1,0,0
11,relflip,31,418,-8.268832,-25.25913,-4.480128,1,1,0,0
11,relflip,32,109,1.1376,6.858389,4.178567,1,1,0,0
11,relflip,33,13,-4.96847,-0.19527,-34.514866,0,0,1,0
11,relflip,34,326,8.9672,19.486488,-0.284052,1,1,1,1
11,relflip,35,285,5.594488,11.178218,13.920948,0,0,1,0
11,relflip,36,285,5.594488,9.790452,13.008397,0,0,1,0
11,relflip,37,285,5.594488,9.416206,13.74071,0,0,1,0
11,relflip,38,342,4.407526,11.370772,-17.273846,1,1,1,1
11,relflip,39,230,-9.375957,-17.146929,-16.149609,0,0,1,0
11,relflip,40,174,5.077557,17.620852,2.026757,1,1,0,0
11,relflip,41,149,12.815813,12.776589,-20.556639,1,1,1,1
11,relflip,42,362,4.449785,9.812695,9.305013,0,0,1,0
11,relflip,43,362,4.449785,10.313877,12.924291,0,0,1,0
11,relflip,44,362,9.812695,10.313877,12.317488,0,0,1,0
11,relflip,45,399,14.644479,11.422585,-0.671757,1,1,1,1
11,relflip,46,399,14.644479,15.225885,2.153726,1,1,0,0
11,relflip,47,399,11.422585,15.225885,-4.918873,1,1,1,1
11,relflip,48,39,-10.993735,-4.956664,1.831382,1,1,1,1
11,relflip,49,84,-18.417313,-8.647629,-19.720053,0,0,1,0
11,relflip,50,84,-18.417313,-11.513015,-20.458172,0,0,1,0
11,relflip,51,84,-18.417313,-11.513045,-20.22249,0,0,1,0
11,relflip,52,84,-7.99966,-11.513015,-10.430327,0,0,1,0
11,relflip,53,84,-7.99966,-11.513045,-9.806151,0,0,1,0
11,relflip,54,84,-8.647629,-11.513015,-9.7517,0,0,1,0
11,relflip,55,84,-8.647629,-11.513045,-10.599702,0,0,1,0
11,relflip,56,84,-11.513015,-11.513045,-10.864829,0,0,1,0
11,relflip,57,15,-31.064594,2.696966,7.774763,1,0,1,0
11,relflip,58,15,-31.064594,1.402563,6.294059,1,0,1,0
11,relflip,59,15,-35.69619,2.696966,1.151599,1,0,1,0
11,relflip,60,15,-35.69619,1.402563,-0.922144,1,0,0,0
11,relflip,61,15,2.696966,1.402563,22.608116,0,0,1,0
11,relflip,62,363,11.20654,5.023438,2.285991,1,1,0,0
11,relflip,63,140,12.91595,5.914953,-6.790162,1,1,1,1
11,relflip,64,236,0.158031,11.155313,-17.383196,1,1,1,1
11,relflip,65,35,12.460798,9.110787,-1.57415,1,1,1,1
11,relflip,66,192,-4.12119,6.24065,0.619707,1,0,1,0
11,relflip,67,192,6.24065,6.240671,3.821249,0,0,1,0
11,relflip,68,99,-34.2981,-24.333378,-17.507893,1,1,0,0
11,relflip,69,489,2.016082,6.786363,-2.486881,1,1,1,1
11,relflip,70,484,12.521716,9.997068,-2.235909,1,1,1,1
11,relflip,71,484,9.997068,10.45299,-5.149368,1,1,1,1
11,relflip,72,49,6.957541,5.294879,-27.129728,1,1,1,1
11,relflip,73,493,-1.844293,7.526155,-10.911646,0,1,1,0
11,relflip,74,493,-1.844293,0.264602,-21.135403,0,1,1,0
11,relflip,75,493,-1.844293,0.264577,-14.692906,0,1,1,0
11,relflip,76,493,7.526155,0.264602,-9.203559,1,1,1,1
11,relflip,77,493,7.526155,0.264577,-4.994171,1,1,1,1
11,relflip,78,493,0.264602,0.264577,-11.900802,1,1,1,1
11,relflip,79,171,21.882071,25.658356,6.263805,1,1,0,0
11,relflip,80,190,8.860971,3.894367,3.843433,1,1,0,0
11,relflip,81,237,-4.074468,10.778705,-4.295484,0,1,1,0
11,relflip,82,237,-4.074468,3.807487,-13.759332,0,1,1,0
11,relflip,83,87,14.17172,12.560321,-0.619556,1,1,1,1
11,relflip,84,288,16.880709,9.841967,-1.937328,1,1,1,1
11,relflip,85,288,15.570247,9.841967,-7.247109,1,1,1,1
11,relflip,86,272,-0.821635,-4.048603,-19.129883,0,0,1,0
11,relflip,87,272,-0.821635,-3.129353,-30.833477,0,0,1,0
11,relflip,88,272,-7.953491,5.787794,-17.410809,0,1,1,0
11,relflip,89,272,-7.953491,7.059848,-17.045849,0,1,1,0
11,relflip,90,272,5.787794,7.059848,-9.544938,1,1,1,1
11,relflip,91,491,-19.532959,-19.532946,-15.191981,1,1,0,0
11,relflip,92,82,-10.913037,-8.624455,-33.91946,0,0,1,0
11,relflip,93,82,-10.913037,5.097774,-17.948555,0,1,1,0
11,relflip,94,82,-8.624455,5.097774,-11.625643,0,1,1,0
11,relflip,95,82,-8.624455,5.097743,-13.746396,0,1,1,0
11,relflip,96,330,-50.448315,-36.152084,-35.359509,1,1,0,0
11,relflip,97,330,-36.152084,-47.36483,-26.523281,1,1,0,0
11,relflip,98,372,1.346668,-9.575438,-0.320198,0,1,0,0
11,relflip,99,372,1.346668,8.545588,11.150343,0,0,1,0
11,relflip,100,372,-9.575438,8.545588,5.60924,1,0,1,0
11,relflip,101,55,7.033061,-0.177152,-13.981476,1,0,1,0
11,relflip,102,55,12.425422,-0.177152,-6.958522,1,0,1,0
11,relflip,103,427,7.427775,3.26033,-5.102314,1,1,1,1
11,relflip,104,102,20.029991,8.705285,-2.662904,1,1,1,1
11,relflip,105,102,19.472069,8.705285,-2.35208,1,1,1,1
11,relflip,106,376,-2.030827,-6.82629,-0.821553,0,0,1,0
11,relflip,107,422,-5.316271,-10.579301,0.166209,1,1,1,1
11,relflip,108,100,10.510934,8.816814,15.201238,0,0,1,0
11,relflip,109,100,10.510934,8.816825,13.554232,0,0,1,0
11,relflip,110,100,8.816814,8.816825,7.850022,0,0,1,0
11,relflip,111,463,-13.426826,-20.982088,-29.248047,0,0,1,0
11,relflip,112,444,14.68431,15.711158,3.065623,1,1,0,0
11,relflip,113,444,14.68431,13.605822,1.057633,1,1,0,0
11,relflip,114,444,14.68431,13.60581,-0.986035,1,1,1,1
11,relflip,115,444,15.711158,13.605822,3.132752,1,1,0,0
11,relflip,116,444,15.711158,13.60581,4.142589,1,1,0,0
11,relflip,117,444,13.605822,13.60581,-1.780781,1,1,1,1
11,relflip,118,370,5.520909,2.59193,-21.26627,1,1,1,1
11,relflip,119,370,-7.843113,2.59193,-30.0238,0,1,1,0
11,relflip,120,53,-11.96164,-0.961587,3.00247,1,1,1,1
11,relflip,121,37,-36.286282,-30.668537,-19.898792,1,1,0,0
11,relflip,122,183,-21.014391,-28.788963,-19.624821,1,1,0,0
11,relflip,123,183,-21.014391,-28.789036,-21.280933,1,1,0,0
11,relflip,124,126,11.608257,11.210211,5.764871,1,1,0,0
11,relflip,125,126,11.608257,11.210176,4.736384,1,1,0,0
11,relflip,126,126,11.210211,11.210176,3.52476,1,1,0,0
11,relflip,127,90,10.675943,21.989523,-1.707019,1,1,1,1
11,relflip,128,90,10.675943,20.62418,-13.374986,1,1,1,1
11,relflip,129,90,10.675943,12.864024,-29.259722,1,1,1,1
11,relflip,130,90,10.675943,22.430614,-11.326722,1,1,1,1
11,relflip,131,90,10.675943,22.430607,-7.415969,1,1,1,1
11,relflip,132,90,20.62418,12.864024,-9.657218,1,1,1,1
11,relflip,133,90,20.62418,22.430614,9.110351,1,1,0,0
11,relflip,134,90,20.62418,22.430607,7.653824,1,1,0,0
11,relflip,135,90,12.864024,22.430614,-9.617262,1,1,1,1
11,relflip,136,90,12.864024,22.430607,-4.10296,1,1,1,1
11,relflip,137,244,11.827392,10.119519,-3.66589,1,1,1,1
11,relflip,138,315,-13.777178,-6.222014,-1.216234,1,1,0,0
11,relflip,139,343,14.534856,12.861138,2.15387,1,1,0,0
11,relflip,140,443,-11.476368,-2.651313,-3.587583,1,1,0,0
11,relflip,141,98,-8.03077,2.509032,-11.446643,0,1,1,0
11,relflip,142,98,4.011616,2.509032,-10.516325,1,1,1,1
11,relflip,143,10,4.303951,4.303973,18.165646,0,0,1,0
11,relflip,144,502,-36.036213,0.802851,12.536614,1,0,1,0
11,relflip,145,502,-76.882568,0.802851,-5.498666,1,0,0,0
11,relflip,146,502,0.802851,-47.344528,9.240558,0,1,1,0
11,relflip,147,208,4.991382,22.498997,-1.412116,1,1,1,1
11,relflip,148,208,4.991382,4.594804,-24.600418,1,1,1,1
11,relflip,149,245,-13.195361,-3.956995,-25.687185,0,0,1,0
11,relflip,150,380,17.246206,15.368384,5.211375,1,1,0,0
11,relflip,151,380,17.246206,12.629987,-5.319309,1,1,1,1
11,relflip,152,380,15.368384,12.629987,-7.836675,1,1,1,1
11,relflip,153,292,18.198978,19.372349,-1.564981,1,1,1,1
11,relflip,154,469,-7.629897,1.22985,-5.942567,0,1,1,0
11,relflip,155,469,9.609784,-5.058908,4.030003,1,0,0,0
11,relflip,156,469,9.609784,-1.05624,6.429255,1,0,0,0
11,relflip,157,135,-2.051795,4.715107,-6.091504,0,1,1,0
11,relflip,158,286,19.105988,19.967648,-2.431865,1,1,1,1
11,relflip,159,437,-5.092189,-2.321614,-9.416192,0,0,1,0
11,relflip,160,117,12.848059,11.906565,-10.86846,1,1,1,1
11,relflip,161,147,-38.338264,-17.348488,10.396799,1,1,1,1
11,relflip,162,191,-0.313145,-0.990103,-9.151166,0,0,1,0
11,relflip,163,191,-0.313145,3.90124,-4.181764,0,1,1,0
11,relflip,164,191,-0.313145,2.759717,-3.605388,0,1,1,0
11,relflip,165,191,-0.990103,3.90124,-2.07145,0,1,1,0
11,relflip,166,271,0.830275,5.388509,3.634194,1,1,0,0
11,relflip,167,115,6.716391,3.041672,-26.144485,1,1,1,1
11,relflip,168,457,-31.032642,-27.982252,-39.622257,0,0,1,0
11,relflip,169,457,-31.032642,-28.009531,-37.787487,0,0,1,0
11,relflip,170,457,-27.982252,-28.009531,-35.76722,0,0,1,0
11,relflip,171,1,14.853509,17.100204,3.205991,1,1,0,0
11,relflip,172,197,-0.289765,1.83866,-2.755467,0,1,1,0
11,relflip,173,197,1.83866,-1.903383,-12.436242,1,0,1,0
11,relflip,174,455,8.379817,8.449591,-3.411601,1,1,1,1
11,relflip,175,455,8.449591,11.884407,1.430305,1,1,0,0
11,relflip,176,125,-15.450006,-15.511323,-7.344178,1,1,0,0
11,relflip,177,229,-3.114001,-4.155256,-13.850301,0,0,1,0
11,relflip,178,229,-3.114001,-8.302734,-11.88763,0,0,1,0
11,relflip,179,229,-23.242001,-8.302734,-43.253174,0,0,1,0
11,relflip,180,311,9.037568,10.978382,12.458187,0,0,1,0
11,relflip,181,311,9.037568,4.387877,9.009527,0,0,1,0
11,relflip,182,311,10.978382,5.874566,12.199236,0,0,1,0
11,relflip,183,311,10.978382,4.387877,8.845386,0,0,1,0
11,relflip,184,340,2.482107,-1.251693,-11.319484,1,0,1,0
11,relflip,185,145,7.319435,11.748349,-25.23975,1,1,1,1
11,relflip,186,96,-39.833313,-23.16898,-13.994698,1,1,0,0
11,relflip,187,96,-42.708374,-23.16898,-17.642923,1,1,0,0
11,relflip,188,335,23.483608,19.730274,4.760069,1,1,0,0
11,relflip,189,335,19.730274,20.366043,1.824376,1,1,0,0
11,relflip,190,335,19.730274,20.366066,2.356989,1,1,0,0
11,relflip,191,16,6.31151,4.310108,-2.525848,1,1,1,1
11,relflip,192,16,6.31151,3.446404,4.962686,1,1,0,0
11,relflip,193,16,6.31151,3.446371,5.473797,1,1,0,0
11,relflip,194,16,3.446404,3.446371,2.881198,1,1,0,0
11,relflip,195,107,-2.396986,-2.575682,2.633845,1,1,1,1
11,relflip,196,107,-2.396986,-6.658246,1.139138,1,1,1,1
11,relflip,197,107,-2.396986,-6.658333,2.382486,1,1,1,1
11,relflip,198,107,-2.575682,-6.658246,1.431591,1,1,1,1
11,relflip,199,107,-2.575682,-6.658333,0.467071,1,1,1,1
11,relflip,200,107,-6.658246,-6.658333,-1.216297,1,1,0,0
11,relflip,201,134,-3.822418,-5.648521,7.075195,1,1,1,1
11,relflip,202,419,7.56701,11.312891,-4.370415,1,1,1,1
11,relflip,203,295,-11.586594,-7.736517,-2.912232,1,1,0,0
11,relflip,204,289,5.69327,5.067767,4.667598,1,1,0,0
11,relflip,205,289,5.067767,5.067786,3.130519,1,1,0,0
11,relflip,206,354,-70.638634,-32.806782,-69.703644,0,0,1,0
11,relflip,207,354,-70.638634,-37.247215,-78.910873,0,0,1,0
11,relflip,208,354,-70.638634,-39.205307,-77.618195,0,0,1,0
11,relflip,209,354,-32.806782,-37.247215,-41.927803,0,0,1,0
11,relflip,210,354,-34.010998,-34.135689,-40.428551,0,0,1,0
11,relflip,211,354,-37.247215,-39.205307,-45.738914,0,0,1,0
11,relflip,212,304,21.277456,11.277241,4.255099,1,1,0,0
11,relflip,213,304,16.877108,11.277241,-15.862895,1,1,1,1
11,relflip,214,304,11.277241,17.24225,-7.201833,1,1,1,1
11,relflip,215,276,8.203901,6.281568,-1.624646,1,1,1,1
11,relflip,216,276,8.203901,6.281577,-2.468645,1,1,1,1
11,relflip,217,276,6.281568,6.281577,0.754898,1,1,0,0
11,relflip,218,233,0.35117,-1.072155,-7.253635,1,0,1,0
11,relflip,219,233,1.127401,3.36446,-1.986151,1,1,1,1
11,relflip,220,233,1.127401,4.13799,-1.798027,1,1,1,1
11,relflip,221,233,1.127401,4.137978,-2.165343,1,1,1,1
11,relflip,222,233,3.36446,4.13799,-6.937945,1,1,1,1
11,relflip,223,233,3.36446,4.137978,-3.695881,1,1,1,1
11,relflip,224,233,4.13799,4.137978,-1.510339,1,1,1,1
11,relflip,225,325,-6.760514,1.071798,-17.904583,0,1,1,0
11,relflip,226,325,-6.760514,7.505693,-10.969926,0,1,1,0
11,relflip,227,400,-4.371305,3.577955,-8.897206,0,1,1,0
11,relflip,228,400,-4.371305,0.546839,-15.428261,0,1,1,0
11,relflip,229,400,-4.371305,0.046739,-13.046214,0,1,1,0
11,relflip,230,400,3.577955,0.546839,-8.683747,1,1,1,1
11,relflip,231,400,3.577955,0.046739,-6.489509,1,1,1,1
11,relflip,232,400,3.577955,15.213154,4.698129,1,1,0,0
11,relflip,233,275,1.673093,-7.731185,-0.365625,0,1,0,0
11,relflip,234,66,-45.106106,-17.197273,4.264534,1,1,1,1
11,relflip,235,302,4.70344,1.9352,-8.885499,1,1,1,1
11,relflip,236,302,1.9352,2.999004,-14.03462,1,1,1,1
23,raw_clean,0,173,12.80378,14.96761,12.383227,1,1,0,0
23,raw_clean,1,433,-23.73407,-20.857595,-23.510384,0,0,1,0
23,raw_clean,2,433,-23.73407,-21.409893,-23.524998,0,0,1,0
23,raw_clean,3,433,-20.857595,-21.409893,-21.109814,0,0,1,0
23,raw_clean,4,105,40.599682,41.758858,42.714943,1,1,0,0
23,raw_clean,5,161,13.662223,10.76128,18.361439,0,0,1,0
23,raw_clean,6,336,4.890716,-2.334049,2.407058,0,1,1,0
23,raw_clean,7,136,12.135418,3.666466,3.889308,1,1,0,0
23,raw_clean,8,136,12.135418,13.894077,13.189486,1,1,0,0
23,raw_clean,9,136,12.135418,15.645898,13.819203,1,1,0,0
23,raw_clean,10,136,3.666466,13.894077,4.724998,1,1,0,0
23,raw_clean,11,246,-2.74216,3.452496,-4.316197,0,1,1,0
23,raw_clean,12,246,-2.74216,-6.239762,-11.933471,0,0,1,0
23,raw_clean,13,246,-2.74216,3.934648,-3.130266,0,1,1,0
23,raw_clean,14,246,3.452496,-6.239762,-5.496375,1,0,1,0
23,raw_clean,15,246,3.452496,3.934648,2.325613,1,1,0,0
23,raw_clean,16,246,-6.239762,3.934648,-5.230215,0,1,1,0
23,raw_clean,17,331,2.915113,1.09059,-2.42881,1,1,1,1
23,raw_clean,18,331,2.915113,4.274784,0.537406,1,1,0,0
23,raw_clean,19,331,2.915113,1.63733,-1.411359,1,1,1,1
23,raw_clean,20,331,1.09059,4.274784,-0.854997,1,1,1,1
23,raw_clean,21,331,1.09059,1.63733,-3.277382,1,1,1,1
23,raw_clean,22,331,4.274784,1.63733,-0.10601,1,1,1,1
23,raw_clean,23,81,10.771903,9.09901,4.344257,1,1,0,0
23,raw_clean,24,81,10.771903,15.79572,10.377531,1,1,0,0
23,raw_clean,25,81,9.09901,15.79572,7.875736,1,1,0,0
23,raw_clean,26,357,1.550402,-3.585927,-3.985725,1,0,1,0
23,raw_clean,27,106,-2.982117,-3.202195,-4.346706,0,0,1,0
23,raw_clean,28,485,5.693484,5.588578,0.844821,1,1,0,0
23,raw_clean,29,485,5.588578,6.423615,2.035267,1,1,0,0
23,raw_clean,30,418,14.097919,-2.517085,11.203004,0,1,1,0
23,raw_clean,31,418,14.097919,4.999941,15.655023,0,0,1,0
23,raw_clean,32,109,17.209057,18.589003,18.005512,1,1,0,0
23,raw_clean,33,13,-6.495682,-3.867478,-10.397674,0,0,1,0
23,raw_clean,34,326,10.65429,16.850674,9.756675,1,1,0,0
23,raw_clean,35,285,13.824688,20.237829,20.117477,0,0,1,0
23,raw_clean,36,285,13.824688,16.202736,15.919729,0,0,1,0
23,raw_clean,37,285,13.824688,16.764755,16.013611,0,0,1,0
23,raw_clean,38,342,17.308918,14.53862,10.294258,1,1,0,0
23,raw_clean,39,230,53.171741,46.91914,46.934017,1,1,0,0
23,raw_clean,40,174,15.1174,30.34226,23.306345,1,1,0,0
23,raw_clean,41,149,1.292799,-4.007033,-8.971021,1,0,1,0
23,raw_clean,42,362,9.045314,6.692496,10.28089,0,0,1,0
23,raw_clean,43,362,9.045314,12.08455,15.530511,0,0,1,0
23,raw_clean,44,362,6.692496,12.08455,14.180495,0,0,1,0
23,raw_clean,45,399,15.91249,18.840652,10.02413,1,1,0,0
23,raw_clean,46,399,15.91249,16.125151,7.209896,1,1,0,0
23,raw_clean,47,399,18.840652,16.125151,9.455606,1,1,0,0
23,raw_clean,48,39,31.229061,30.062187,30.955053,0,0,1,0
23,raw_clean,49,84,23.414989,29.70517,28.024216,1,1,0,0
23,raw_clean,50,84,23.414989,25.949358,24.425835,1,1,0,0
23,raw_clean,51,84,23.414989,26.787346,24.22504,1,1,0,0
23,raw_clean,52,84,24.768776,25.949358,25.55537,1,1,0,0
23,raw_clean,53,84,24.768776,26.787346,26.736036,1,1,0,0
23,raw_clean,54,84,29.70517,25.949358,29.995352,1,1,0,0
23,raw_clean,55,84,29.70517,26.787346,31.198992,1,1,0,0
23,raw_clean,56,84,25.949358,26.787346,27.352356,1,1,0,0
23,raw_clean,57,15,20.479973,24.217356,29.425688,0,0,1,0
23,raw_clean,58,15,20.479973,25.544371,29.32819,0,0,1,0
23,raw_clean,59,15,14.921324,24.217356,23.062933,0,0,1,0
23,raw_clean,60,15,14.921324,25.544371,23.230536,0,0,1,0
23,raw_clean,61,15,24.217356,25.544371,31.526653,0,0,1,0
23,raw_clean,62,363,-1.339589,-0.127829,-0.870166,0,0,1,0
23,raw_clean,63,140,-11.185781,-6.695341,-8.444231,0,0,1,0
23,raw_clean,64,236,-12.555673,-11.671765,-19.273506,0,0,1,0
23,raw_clean,65,35,-8.837585,-2.167054,-8.883376,0,0,1,0
23,raw_clean,66,192,1.104393,0.486859,3.14782,0,0,1,0
23,raw_clean,67,192,0.486859,1.81348,2.024774,0,0,1,0
23,raw_clean,68,99,-15.767587,-11.583178,-17.087389,1,1,0,0
23,raw_clean,69,489,10.115416,18.249697,16.975567,1,1,0,0
23,raw_clean,70,484,-0.732091,2.279944,-0.62484,0,1,1,0
23,raw_clean,71,484,2.279944,1.986191,1.632685,1,1,0,0
23,raw_clean,72,49,-14.29806,-16.399223,-21.558033,0,0,1,0
23,raw_clean,73,493,-4.839947,-2.323204,-4.240118,0,0,1,0
23,raw_clean,74,493,-4.839947,-1.108649,-3.15935,0,0,1,0
23,raw_clean,75,493,-4.839947,-2.584774,-4.608571,0,0,1,0
23,raw_clean,76,493,-2.323204,-1.108649,-1.343538,0,0,1,0
23,raw_clean,77,493,-2.323204,-2.584774,-1.770075,0,0,1,0
23,raw_clean,78,493,-1.108649,-2.584774,-1.683625,0,0,1,0
23,raw_clean,79,171,12.954312,13.151051,9.735557,1,1,0,0
23,raw_clean,80,190,15.868414,16.282713,13.966303,1,1,0,0
23,raw_clean,81,237,9.083675,9.721809,7.463694,1,1,0,0
23,raw_clean,82,237,9.083675,9.099111,6.520524,1,1,0,0
23,raw_clean,83,87,6.204856,13.50645,6.50604,1,1,0,0
23,raw_clean,84,288,8.484715,6.033982,1.684769,1,1,0,0
23,raw_clean,85,288,9.342889,6.033982,2.024941,1,1,0,0
23,raw_clean,86,272,-15.378734,-15.293644,-18.36787,0,0,1,0
23,raw_clean,87,272,-15.378734,-21.181534,-23.605938,0,0,1,0
23,raw_clean,88,272,-12.408404,-9.813221,-9.133331,0,0,1,0
23,raw_clean,89,272,-12.408404,-10.947848,-10.152854,0,0,1,0
23,raw_clean,90,272,-9.813221,-10.947848,-7.696748,0,0,1,0
23,raw_clean,91,491,-22.156296,-21.057598,-21.501371,1,1,0,0
23,raw_clean,92,82,-15.355651,-14.677482,-22.671612,0,0,1,0
23,raw_clean,93,82,-15.355651,-8.733649,-17.198406,0,0,1,0
23,raw_clean,94,82,-14.677482,-8.733649,-15.819501,0,0,1,0
23,raw_clean,95,82,-14.677482,-12.398252,-21.555981,0,0,1,0
23,raw_clean,96,330,-2.926506,1.007527,0.346015,1,0,1,0
23,raw_clean,97,330,1.007527,1.056418,4.086664,0,0,1,0
23,raw_clean,98,372,22.273565,19.349363,22.730713,0,0,1,0
23,raw_clean,99,372,22.273565,22.401249,24.24107,0,0,1,0
23,raw_clean,100,372,19.349363,22.401249,22.046635,0,0,1,0
23,raw_clean,101,55,10.302799,6.756148,2.356898,1,1,0,0
23,raw_clean,102,55,12.190714,6.756148,3.757396,1,1,0,0
23,raw_clean,103,427,1.095529,-6.91797,-2.069019,1,0,1,0
23,raw_clean,104,102,20.78005,25.077185,25.159451,1,1,0,0
23,raw_clean,105,102,26.716003,25.077185,25.99008,1,1,0,0
23,raw_clean,106,376,-10.907425,-9.824496,-8.366433,0,0,1,0
23,raw_clean,107,422,-4.830909,-1.721819,-2.191762,1,1,0,0
23,raw_clean,108,100,-12.786577,-17.185835,-10.877958,1,1,0,0
23,raw_clean,109,100,-12.786577,-16.886274,-11.126773,1,1,0,0
23,raw_clean,110,100,-17.185835,-16.886274,-15.776089,1,1,0,0
23,raw_clean,111,463,9.102445,15.784731,8.872993,1,1,0,0
23,raw_clean,112,444,7.053102,14.076573,8.668327,1,1,0,0
23,raw_clean,113,444,7.053102,11.300099,5.651674,1,1,0,0
23,raw_clean,114,444,7.053102,13.750407,9.368033,1,1,0,0
23,raw_clean,115,444,14.076573,11.300099,12.694402,1,1,0,0
23,raw_clean,116,444,14.076573,13.750407,14.704855,1,1,0,0
23,raw_clean,117,444,11.300099,13.750407,12.849285,1,1,0,0
23,raw_clean,118,370,4.383483,3.867123,0.600194,1,1,0,0
23,raw_clean,119,370,4.080682,3.867123,-1.097919,1,1,1,1
23,raw_clean,120,53,-5.888288,-2.63066,-0.7419,1,1,0,0
23,raw_clean,121,37,-26.178534,-23.917377,-29.004608,1,1,0,0
23,raw_clean,122,183,-14.641428,-9.449206,-9.516009,1,1,0,0
23,raw_clean,123,183,-14.641428,-13.08066,-12.344001,1,1,0,0
23,raw_clean,124,126,-1.027958,4.718599,1.267919,0,1,0,0
23,raw_clean,125,126,-1.027958,3.422437,-0.225427,0,1,1,0
23,raw_clean,126,126,4.718599,3.422437,6.060704,1,1,0,0
23,raw_clean,127,90,-9.765201,-8.938939,-12.704043,0,0,1,0
23,raw_clean,128,90,-9.765201,-10.189353,-13.895993,0,0,1,0
23,raw_clean,129,90,-9.765201,-10.505784,-14.277972,0,0,1,0
23,raw_clean,130,90,-9.765201,-8.433148,-12.529355,0,0,1,0
23,raw_clean,131,90,-9.765201,-10.217689,-13.976791,0,0,1,0
23,raw_clean,132,90,-10.189353,-10.505784,-14.910661,0,0,1,0
23,raw_clean,133,90,-10.189353,-8.433148,-12.726391,0,0,1,0
23,raw_clean,134,90,-10.189353,-10.217689,-14.347627,0,0,1,0
23,raw_clean,135,90,-10.505784,-8.433148,-13.257315,0,0,1,0
23,raw_clean,136,90,-10.505784,-10.217689,-14.521392,0,0,1,0
23,raw_clean,137,244,16.278351,12.07447,11.200533,1,1,0,0
23,raw_clean,138,315,20.569832,20.280357,24.667088,0,0,1,0
23,raw_clean,139,343,24.894705,24.891216,22.573156,1,1,0,0
23,raw_clean,140,443,5.89731,8.712693,7.35925,0,0,1,0
23,raw_clean,141,98,9.122807,10.144916,10.121051,1,1,0,0
23,raw_clean,142,98,10.863716,10.144916,11.252631,1,1,0,0
23,raw_clean,143,10,-12.397253,-10.427651,-7.177067,1,1,0,0
23,raw_clean,144,502,-12.732138,-9.810919,-5.043341,1,1,0,0
23,raw_clean,145,502,-16.321606,-9.810919,-7.961286,1,1,0,0
23,raw_clean,146,502,-9.810919,-17.908943,-10.181584,1,1,0,0
23,raw_clean,147,208,17.141851,13.93768,15.355302,1,1,0,0
23,raw_clean,148,208,17.141851,7.83186,10.40148,1,1,0,0
23,raw_clean,149,245,0.370905,0.31405,-2.374056,1,1,1,1
23,raw_clean,150,380,13.140929,9.141797,2.960454,1,1,0,0
23,raw_clean,151,380,13.140929,10.310965,4.358633,1,1,0,0
23,raw_clean,152,380,9.141797,10.310965,0.615161,1,1,0,0
23,raw_clean,153,292,6.46743,4.348339,-0.19686,1,1,1,1
23,raw_clean,154,469,13.149479,17.970173,13.124375,1,1,0,0
23,raw_clean,155,469,12.53926,17.383726,12.956393,1,1,0,0
23,raw_clean,156,469,12.53926,20.139725,13.528584,1,1,0,0
23,raw_clean,157,135,16.611567,21.601353,17.266682,1,1,0,0
23,raw_clean,158,286,8.375055,8.233615,2.366239,1,1,0,0
23,raw_clean,159,437,7.101768,7.16541,8.939425,1,1,0,0
23,raw_clean,160,117,25.702711,23.9249,18.594517,1,1,0,0
23,raw_clean,161,147,-8.341237,-6.034188,-4.918581,1,1,0,0
23,raw_clean,162,191,28.498692,24.203129,25.947727,1,1,0,0
23,raw_clean,163,191,28.498692,28.27681,30.241665,1,1,0,0
23,raw_clean,164,191,28.498692,22.985317,26.31834,1,1,0,0
23,raw_clean,165,191,24.203129,28.27681,25.711304,1,1,0,0
23,raw_clean,166,271,20.665798,20.970837,22.163406,1,1,0,0
23,raw_clean,167,115,7.375359,7.015984,4.701531,1,1,0,0
23,raw_clean,168,457,6.478883,9.372462,9.435754,1,1,0,0
23,raw_clean,169,457,6.478883,8.525918,7.92365,1,1,0,0
23,raw_clean,170,457,9.372462,8.525918,10.795316,1,1,0,0
23,raw_clean,171,1,30.91971,28.53709,26.28974,1,1,0,0
23,raw_clean,172,197,7.208111,0.556439,1.753394,1,1,0,0
23,raw_clean,173,197,0.556439,6.263284,0.919834,1,1,0,0
23,raw_clean,174,455,14.311927,12.495264,14.580922,1,1,0,0
23,raw_clean,175,455,12.495264,14.382846,14.937125,1,1,0,0
23,raw_clean,176,125,16.521799,15.197508,16.880085,0,0,1,0
23,raw_clean,177,229,-10.233227,-9.342652,-12.155182,0,0,1,0
23,raw_clean,178,229,-10.233227,-8.257686,-11.649332,0,0,1,0
23,raw_clean,179,229,-12.737607,-8.257686,-11.97359,0,0,1,0
23,raw_clean,180,311,6.675207,8.412157,9.255256,0,0,1,0
23,raw_clean,181,311,6.675207,10.605189,11.116771,0,0,1,0
23,raw_clean,182,311,8.412157,-2.213253,0.245392,0,1,1,0
23,raw_clean,183,311,8.412157,10.605189,12.098594,0,0,1,0
23,raw_clean,184,340,23.221762,19.565838,19.58197,1,1,0,0
23,raw_clean,185,145,14.148746,11.475896,7.037477,1,1,0,0
23,raw_clean,186,96,-1.202406,-0.769257,2.634684,1,1,1,1
23,raw_clean,187,96,-3.709429,-0.769257,0.28985,1,1,1,1
23,raw_clean,188,335,4.480846,4.098423,2.555551,1,1,0,0
23,raw_clean,189,335,4.098423,2.224883,0.461154,1,1,0,0
23,raw_clean,190,335,4.098423,7.070182,6.382457,1,1,0,0
23,raw_clean,191,16,6.293354,4.605648,8.255313,1,1,0,0
23,raw_clean,192,16,6.293354,-3.624898,3.882593,1,0,0,0
23,raw_clean,193,16,6.293354,-6.704628,1.020434,1,0,0,0
23,raw_clean,194,16,-3.624898,-6.704628,-8.329418,0,0,1,0
23,raw_clean,195,107,25.070446,23.872316,28.879097,0,0,1,0
23,raw_clean,196,107,25.070446,20.191147,23.085812,0,0,1,0
23,raw_clean,197,107,25.070446,18.547216,21.719053,0,0,1,0
23,raw_clean,198,107,23.872316,20.191147,24.954363,0,0,1,0
23,raw_clean,199,107,23.872316,18.547216,22.846348,0,0,1,0
23,raw_clean,200,107,20.191147,18.547216,17.222843,0,0,1,0
23,raw_clean,201,134,-2.310488,1.507554,1.935671,1,0,1,0
23,raw_clean,202,419,-2.03229,0.36376,-3.959565,0,1,1,0
23,raw_clean,203,295,-4.411029,-2.768497,2.531265,1,1,1,1
23,raw_clean,204,289,16.576656,16.013233,15.447472,1,1,0,0
23,raw_clean,205,289,16.013233,16.722828,15.594136,1,1,0,0
23,raw_clean,206,354,2.307836,0.670009,0.487744,1,1,0,0
23,raw_clean,207,354,2.307836,-0.200804,-0.854867,1,0,1,0
23,raw_clean,208,354,2.307836,2.263134,2.802202,1,1,0,0
23,raw_clean,209,354,0.670009,-0.200804,-2.440856,1,0,1,0
23,raw_clean,210,354,0.176679,0.795435,-2.594848,1,1,1,1
23,raw_clean,211,354,-0.200804,2.263134,0.647939,0,1,0,0
23,raw_clean,212,304,6.319284,-0.209261,-1.790089,1,0,1,0
23,raw_clean,213,304,0.804835,-0.209261,-5.143895,1,0,1,0
23,raw_clean,214,304,-0.209261,7.159663,-0.170603,0,1,1,0
23,raw_clean,215,276,12.881339,14.887392,11.823548,1,1,0,0
23,raw_clean,216,276,12.881339,14.683852,11.301764,1,1,0,0
23,raw_clean,217,276,14.887392,14.683852,14.915992,1,1,0,0
23,raw_clean,218,233,-18.255167,-19.591265,-23.982559,0,0,1,0
23,raw_clean,219,233,-11.173741,-7.159435,-5.120071,0,0,1,0
23,raw_clean,220,233,-11.173741,-9.108734,-6.831732,0,0,1,0
23,raw_clean,221,233,-11.173741,-15.637002,-13.333615,0,0,1,0
23,raw_clean,222,233,-7.159435,-9.108734,-3.112637,0,0,1,0
23,raw_clean,223,233,-7.159435,-15.637002,-8.889211,0,0,1,0
23,raw_clean,224,233,-9.108734,-15.637002,-10.769006,0,0,1,0
23,raw_clean,225,325,18.675308,17.27389,15.071265,1,1,0,0
23,raw_clean,226,325,18.675308,18.611568,17.213173,1,1,0,0
23,raw_clean,227,400,8.92903,6.948275,4.52875,1,1,0,0
23,raw_clean,228,400,8.92903,10.905467,7.894346,1,1,0,0
23,raw_clean,229,400,8.92903,12.177086,9.156144,1,1,0,0
23,raw_clean,230,400,6.948275,10.905467,6.904462,1,1,0,0
23,raw_clean,231,400,6.948275,12.177086,8.492608,1,1,0,0
23,raw_clean,232,400,6.948275,8.272551,2.411317,1,1,0,0
23,raw_clean,233,275,6.052061,5.784619,6.181929,0,0,1,0
23,raw_clean,234,66,-19.419453,-15.127243,-14.019578,1,1,0,0
23,raw_clean,235,302,16.349382,14.406423,15.199193,1,1,0,0
23,raw_clean,236,302,14.406423,14.019214,12.437188,1,1,0,0
23,raw_flipmine,0,173,1.740793,2.784532,1.488378,1,1,0,0
23,raw_flipmine,1,433,-2.431409,-1.139261,-2.155531,0,0,1,0
23,raw_flipmine,2,433,-2.431409,-2.137881,-3.589336,0,0,1,0
23,raw_flipmine,3,433,-1.139261,-2.137881,-2.506609,0,0,1,0
23,raw_flipmine,4,105,4.427837,2.703962,1.064517,1,1,0,0
23,raw_flipmine,5,161,1.062372,-0.077369,0.435306,0,1,1,0
23,raw_flipmine,6,336,-3.706201,-5.177245,-2.850526,1,1,0,0
23,raw_flipmine,7,136,5.309694,4.814856,3.11502,1,1,0,0
23,raw_flipmine,8,136,5.309694,5.583572,4.852736,1,1,0,0
23,raw_flipmine,9,136,5.309694,5.184414,4.408862,1,1,0,0
23,raw_flipmine,10,136,4.814856,5.583572,4.443501,1,1,0,0
23,raw_flipmine,11,246,0.637424,0.271808,0.191275,1,1,0,0
23,raw_flipmine,12,246,0.637424,0.339743,-1.23588,1,1,1,1
23,raw_flipmine,13,246,0.637424,0.191759,0.176748,1,1,0,0
23,raw_flipmine,14,246,0.271808,0.339743,0.357811,1,1,0,0
23,raw_flipmine,15,246,0.271808,0.191759,-0.157391,1,1,1,1
23,raw_flipmine,16,246,0.339743,0.191759,-0.369353,1,1,1,1
23,raw_flipmine,17,331,-5.109759,-6.415478,-14.996291,0,0,1,0
23,raw_flipmine,18,331,-5.109759,-7.772805,-18.575098,0,0,1,0
23,raw_flipmine,19,331,-5.109759,-6.802997,-16.679758,0,0,1,0
23,raw_flipmine,20,331,-6.415478,-7.772805,-20.692354,0,0,1,0
23,raw_flipmine,21,331,-6.415478,-6.802997,-18.553007,0,0,1,0
23,raw_flipmine,22,331,-7.772805,-6.802997,-23.529997,0,0,1,0
23,raw_flipmine,23,81,-0.674601,-0.412575,-2.825896,0,0,1,0
23,raw_flipmine,24,81,-0.674601,-3.503195,-5.73233,0,0,1,0
23,raw_flipmine,25,81,-0.412575,-3.503195,-5.54933,0,0,1,0
23,raw_flipmine,26,357,1.471958,3.036214,1.551586,1,1,0,0
23,raw_flipmine,27,106,-4.655525,-8.780844,-5.182382,0,0,1,0
23,raw_flipmine,28,485,-1.029931,-2.181485,-6.090095,0,0,1,0
23,raw_flipmine,29,485,-2.181485,-0.487618,-5.630536,0,0,1,0
23,raw_flipmine,30,418,-1.119332,-4.470383,-0.34589,1,1,0,0
23,raw_flipmine,31,418,-1.119332,-3.443117,0.403956,1,1,1,1
23,raw_flipmine,32,109,-0.887746,-0.460973,-1.169945,0,0,1,0
23,raw_flipmine,33,13,5.447431,5.77485,4.829117,1,1,0,0
23,raw_flipmine,34,326,-3.882158,-2.529313,-6.881484,0,0,1,0
23,raw_flipmine,35,285,4.919785,4.11329,3.888656,0,0,1,0
23,raw_flipmine,36,285,4.919785,4.214841,4.005028,0,0,1,0
23,raw_flipmine,37,285,4.919785,4.192117,3.977375,0,0,1,0
23,raw_flipmine,38,342,1.122233,-1.246957,-1.399331,1,0,1,0
23,raw_flipmine,39,230,6.166996,2.401016,2.56464,1,1,0,0
23,raw_flipmine,40,174,3.797444,4.925221,5.19164,1,1,0,0
23,raw_flipmine,41,149,4.738968,3.551016,-1.222104,1,1,1,1
23,raw_flipmine,42,362,-2.318785,-1.127473,0.639462,1,1,1,1
23,raw_flipmine,43,362,-2.318785,-2.571807,-1.088781,1,1,0,0
23,raw_flipmine,44,362,-1.127473,-2.571807,-0.035258,1,1,0,0
23,raw_flipmine,45,399,2.245502,1.720508,0.273456,1,1,0,0
23,raw_flipmine,46,399,2.245502,1.401995,0.064726,1,1,0,0
23,raw_flipmine,47,399,1.720508,1.401995,-0.551627,1,1,1,1
23,raw_flipmine,48,39,-1.084685,-0.898385,0.818204,1,1,1,1
23,raw_flipmine,49,84,3.82737,4.251068,4.254945,1,1,0,0
23,raw_flipmine,50,84,3.82737,3.605423,3.790736,1,1,0,0
23,raw_flipmine,51,84,3.82737,2.68505,2.909282,1,1,0,0
23,raw_flipmine,52,84,4.558539,3.605423,3.957118,1,1,0,0
23,raw_flipmine,53,84,4.558539,2.68505,3.126861,1,1,0,0
23,raw_flipmine,54,84,4.251068,3.605423,3.952322,1,1,0,0
23,raw_flipmine,55,84,4.251068,2.68505,3.157129,1,1,0,0
23,raw_flipmine,56,84,3.605423,2.68505,3.367229,1,1,0,0
23,raw_flipmine,57,15,-6.212235,-3.276563,-0.943781,1,1,0,0
23,raw_flipmine,58,15,-6.212235,-4.245237,-1.798641,1,1,0,0
23,raw_flipmine,59,15,-9.817408,-3.276563,-2.393988,1,1,0,0
23,raw_flipmine,60,15,-9.817408,-4.245237,-3.897509,1,1,0,0
23,raw_flipmine,61,15,-3.276563,-4.245237,0.646077,1,1,1,1
23,raw_flipmine,62,363,-2.23964,-1.627853,-2.498897,0,0,1,0
23,raw_flipmine,63,140,-0.538649,1.148298,-1.679511,0,1,1,0
23,raw_flipmine,64,236,-14.836757,-11.707149,-19.925116,0,0,1,0
23,raw_flipmine,65,35,-0.269241,0.86656,-0.379579,0,1,1,0
23,raw_flipmine,66,192,-2.606109,-0.556735,0.416535,1,1,1,1
23,raw_flipmine,67,192,-0.556735,1.098876,0.774005,1,0,1,0
23,raw_flipmine,68,99,-21.998856,-17.607908,-18.779657,1,1,0,0
23,raw_flipmine,69,489,-7.157315,-5.270672,-7.306027,0,0,1,0
23,raw_flipmine,70,484,-0.018431,0.666313,-0.496492,0,1,1,0
23,raw_flipmine,71,484,0.666313,-0.068197,-0.796054,1,0,1,0
23,raw_flipmine,72,49,-4.624003,-5.41189,-11.329908,0,0,1,0
23,raw_flipmine,73,493,-23.238396,-19.156225,-24.695654,0,0,1,0
23,raw_flipmine,74,493,-23.238396,-21.887249,-27.900778,0,0,1,0
23,raw_flipmine,75,493,-23.238396,-18.397366,-23.203131,0,0,1,0
23,raw_flipmine,76,493,-19.156225,-21.887249,-22.606169,0,0,1,0
23,raw_flipmine,77,493,-19.156225,-18.397366,-18.783926,0,0,1,0
23,raw_flipmine,78,493,-21.887249,-18.397366,-22.040815,0,0,1,0
23,raw_flipmine,79,171,3.475944,4.490141,1.135148,1,1,0,0
23,raw_flipmine,80,190,1.496048,1.475342,1.425934,1,1,0,0
23,raw_flipmine,81,237,4.911836,7.907785,3.703565,1,1,0,0
23,raw_flipmine,82,237,4.911836,4.640317,0.500303,1,1,0,0
23,raw_flipmine,83,87,-2.307961,-0.123202,-5.19785,0,0,1,0
23,raw_flipmine,84,288,-1.800954,-4.253829,-6.442099,0,0,1,0
23,raw_flipmine,85,288,-0.923029,-4.253829,-5.601808,0,0,1,0
23,raw_flipmine,86,272,-11.216675,-8.807996,-19.800196,0,0,1,0
23,raw_flipmine,87,272,-11.216675,-13.952033,-25.999374,0,0,1,0
23,raw_flipmine,88,272,-4.37997,0.579355,1.164417,0,1,0,0
23,raw_flipmine,89,272,-4.37997,-3.695876,-3.287314,0,0,1,0
23,raw_flipmine,90,272,0.579355,-3.695876,1.172666,1,0,0,0
23,raw_flipmine,91,491,-10.508858,-14.042189,-9.357193,1,1,0,0
23,raw_flipmine,92,82,-37.314995,-28.619104,-44.207951,0,0,1,0
23,raw_flipmine,93,82,-37.314995,-31.409628,-45.616108,0,0,1,0
23,raw_flipmine,94,82,-28.619104,-31.409628,-36.168144,0,0,1,0
23,raw_flipmine,95,82,-28.619104,-31.475931,-36.415325,0,0,1,0
23,raw_flipmine,96,330,1.688024,2.213404,1.967004,0,0,1,0
23,raw_flipmine,97,330,2.213404,2.262864,2.417838,0,0,1,0
23,raw_flipmine,98,372,0.483488,-0.087324,0.322688,0,1,1,0
23,raw_flipmine,99,372,0.483488,1.39435,1.897969,0,0,1,0
23,raw_flipmine,100,372,-0.087324,1.39435,1.373361,1,0,1,0
23,raw_flipmine,101,55,5.139095,2.560043,0.823205,1,1,0,0
23,raw_flipmine,102,55,5.292052,2.560043,0.408296,1,1,0,0
23,raw_flipmine,103,427,-0.413636,-0.570483,-0.615996,0,0,1,0
23,raw_flipmine,104,102,1.165123,0.209188,0.178228,1,1,0,0
23,raw_flipmine,105,102,1.695011,0.209188,0.62269,1,1,0,0
23,raw_flipmine,106,376,-5.111604,-9.869238,-6.48047,0,0,1,0
23,raw_flipmine,107,422,-1.19583,-1.560276,-0.633955,1,1,0,0
23,raw_flipmine,108,100,-13.071722,-14.663231,-12.810301,1,1,0,0
23,raw_flipmine,109,100,-13.071722,-14.05409,-11.834923,1,1,0,0
23,raw_flipmine,110,100,-14.663231,-14.05409,-14.048092,1,1,0,0
23,raw_flipmine,111,463,3.488512,3.587243,3.704182,1,1,0,0
23,raw_flipmine,112,444,-5.482209,-1.787547,-3.079598,0,0,1,0
23,raw_flipmine,113,444,-5.482209,-2.527016,-3.672888,0,0,1,0
23,raw_flipmine,114,444,-5.482209,-1.026362,-2.251478,0,0,1,0
23,raw_flipmine,115,444,-1.787547,-2.527016,-0.329863,0,0,1,0
23,raw_flipmine,116,444,-1.787547,-1.026362,1.294355,0,0,0,0
23,raw_flipmine,117,444,-2.527016,-1.026362,0.428184,0,0,0,0
23,raw_flipmine,118,370,-2.967728,-2.467165,-5.801031,0,0,1,0
23,raw_flipmine,119,370,-3.089477,-2.467165,-6.304021,0,0,1,0
23,raw_flipmine,120,53,-3.986422,-2.172481,-1.786431,1,1,0,0
23,raw_flipmine,121,37,-2.480899,-3.761141,-3.923557,1,1,0,0
23,raw_flipmine,122,183,-26.793404,-30.585039,-26.32049,1,1,0,0
23,raw_flipmine,123,183,-26.793404,-19.152685,-16.150063,1,1,0,0
23,raw_flipmine,124,126,-1.701178,-0.111014,-1.297594,0,0,1,0
23,raw_flipmine,125,126,-1.701178,0.8894,-0.563261,0,1,1,0
23,raw_flipmine,126,126,-0.111014,0.8894,0.468426,0,1,0,0
23,raw_flipmine,127,90,-3.068997,0.121274,-7.209803,0,1,1,0
23,raw_flipmine,128,90,-3.068997,0.325452,-6.579923,0,1,1,0
23,raw_flipmine,129,90,-3.068997,-1.867721,-10.394525,0,0,1,0
23,raw_flipmine,130,90,-3.068997,0.850996,-6.842723,0,1,1,0
23,raw_flipmine,131,90,-3.068997,0.369518,-7.622477,0,1,1,0
23,raw_flipmine,132,90,0.325452,-1.867721,-4.22898,1,0,1,0
23,raw_flipmine,133,90,0.325452,0.850996,-2.44881,1,1,1,1
23,raw_flipmine,134,90,0.325452,0.369518,-2.917806,1,1,1,1
23,raw_flipmine,135,90,-1.867721,0.850996,-4.204937,0,1,1,0
23,raw_flipmine,136,90,-1.867721,0.369518,-5.072535,0,1,1,0
23,raw_flipmine,137,244,0.057277,-0.346455,-0.267489,1,0,1,0
23,raw_flipmine,138,315,-5.946666,-5.535604,-3.942307,1,1,0,0
23,raw_flipmine,139,343,-1.78385,-3.935111,-3.542,0,0,1,0
23,raw_flipmine,140,443,-0.791221,-0.107455,-0.10675,1,1,0,0
23,raw_flipmine,141,98,4.610838,5.810266,3.151391,1,1,0,0
23,raw_flipmine,142,98,5.113386,5.810266,2.152785,1,1,0,0
23,raw_flipmine,143,10,-5.677869,-7.094288,-5.215832,1,1,0,0
23,raw_flipmine,144,502,-13.549993,-5.577437,-3.093619,1,1,0,0
23,raw_flipmine,145,502,-16.96055,-5.577437,-7.411904,1,1,0,0
23,raw_flipmine,146,502,-5.577437,-13.576551,-3.477017,1,1,0,0
23,raw_flipmine,147,208,0.72617,0.616583,0.436898,1,1,0,0
23,raw_flipmine,148,208,0.72617,0.509198,0.445941,1,1,0,0
23,raw_flipmine,149,245,6.625227,6.125386,5.700702,1,1,0,0
23,raw_flipmine,150,380,9.369313,8.766396,8.676419,1,1,0,0
23,raw_flipmine,151,380,9.369313,8.764807,8.676586,1,1,0,0
23,raw_flipmine,152,380,8.766396,8.764807,8.201134,1,1,0,0
23,raw_flipmine,153,292,1.856197,0.640111,-4.26175,1,1,1,1
23,raw_flipmine,154,469,2.497583,2.844838,2.748688,1,1,0,0
23,raw_flipmine,155,469,1.865517,3.128625,2.94234,1,1,0,0
23,raw_flipmine,156,469,1.865517,2.506273,1.064952,1,1,0,0
23,raw_flipmine,157,135,-4.328305,-3.488853,-5.537599,0,0,1,0
23,raw_flipmine,158,286,4.160254,4.453313,3.477889,1,1,0,0
23,raw_flipmine,159,437,7.041154,7.577185,7.845407,1,1,0,0
23,raw_flipmine,160,117,-3.154295,-1.759983,-5.964439,0,0,1,0
23,raw_flipmine,161,147,0.595828,1.551073,1.88365,0,0,1,0
23,raw_flipmine,162,191,-0.333559,0.252097,-2.221721,0,1,1,0
23,raw_flipmine,163,191,-0.333559,1.335208,-0.601575,0,1,1,0
23,raw_flipmine,164,191,-0.333559,-0.703935,-3.375019,0,0,1,0
23,raw_flipmine,165,191,0.252097,1.335208,-0.287709,1,1,1,1
23,raw_flipmine,166,271,5.240457,4.879794,5.422454,1,1,0,0
23,raw_flipmine,167,115,0.161474,-0.160139,-2.029847,1,0,1,0
23,raw_flipmine,168,457,4.279732,3.428596,3.013986,1,1,0,0
23,raw_flipmine,169,457,4.279732,3.933096,3.824659,1,1,0,0
23,raw_flipmine,170,457,3.428596,3.933096,2.815654,1,1,0,0
23,raw_flipmine,171,1,5.012939,5.115784,4.567338,1,1,0,0
23,raw_flipmine,172,197,1.042725,-6.077256,-5.171916,1,0,1,0
23,raw_flipmine,173,197,-6.077256,0.271539,-4.316915,0,1,1,0
23,raw_flipmine,174,455,-0.979464,-0.169429,-1.280635,0,0,1,0
23,raw_flipmine,175,455,-0.169429,-0.533263,-0.973839,0,0,1,0
23,raw_flipmine,176,125,2.624928,0.861966,0.273088,0,0,1,0
23,raw_flipmine,177,229,-23.348133,-30.631079,-28.418728,0,0,1,0
23,raw_flipmine,178,229,-23.348133,-42.450993,-40.775684,0,0,1,0
23,raw_flipmine,179,229,-40.92979,-42.450993,-57.835438,0,0,1,0
23,raw_flipmine,180,311,-1.591156,-1.897977,-2.404547,1,1,0,0
23,raw_flipmine,181,311,-1.591156,-2.058049,-2.323164,1,1,0,0
23,raw_flipmine,182,311,-1.897977,-0.660697,-1.309628,1,1,0,0
23,raw_flipmine,183,311,-1.897977,-2.058049,-2.599185,1,1,0,0
23,raw_flipmine,184,340,-1.585056,-2.981409,-2.994933,0,0,1,0
23,raw_flipmine,185,145,-9.781841,-9.394121,-13.329122,0,0,1,0
23,raw_flipmine,186,96,-1.552528,-2.107323,-0.721956,1,1,0,0
23,raw_flipmine,187,96,-2.712643,-2.107323,-1.679073,1,1,0,0
23,raw_flipmine,188,335,-3.547416,-3.865616,-4.959237,0,0,1,0
23,raw_flipmine,189,335,-3.865616,-3.231245,-4.591303,0,0,1,0
23,raw_flipmine,190,335,-3.865616,-3.419011,-4.779069,0,0,1,0
23,raw_flipmine,191,16,2.726038,3.501018,2.52012,1,1,0,0
23,raw_flipmine,192,16,2.726038,-3.261732,0.350738,1,0,0,0
23,raw_flipmine,193,16,2.726038,-1.098628,0.301384,1,0,0,0
23,raw_flipmine,194,16,-3.261732,-1.098628,-2.91492,0,0,1,0
23,raw_flipmine,195,107,6.623776,4.679376,6.395079,0,0,1,0
23,raw_flipmine,196,107,6.623776,5.784408,6.058988,0,0,1,0
23,raw_flipmine,197,107,6.623776,5.300091,5.936431,0,0,1,0
23,raw_flipmine,198,107,4.679376,5.784408,6.150975,0,0,1,0
23,raw_flipmine,199,107,4.679376,5.300091,4.963446,0,0,1,0
23,raw_flipmine,200,107,5.784408,5.300091,5.539742,0,0,1,0
23,raw_flipmine,201,134,0.039574,1.074234,1.46536,0,0,1,0
23,raw_flipmine,202,419,-4.774785,-3.027188,-5.172234,0,0,1,0
23,raw_flipmine,203,295,-2.632979,-2.539039,-1.171198,1,1,0,0
23,raw_flipmine,204,289,-0.1479,-1.436872,-1.578764,0,0,1,0
23,raw_flipmine,205,289,-1.436872,-0.077298,-1.506059,0,0,1,0
23,raw_flipmine,206,354,5.669917,5.521751,4.891154,1,1,0,0
23,raw_flipmine,207,354,5.669917,5.327656,2.8767,1,1,0,0
23,raw_flipmine,208,354,5.669917,5.954418,5.329459,1,1,0,0
23,raw_flipmine,209,354,5.521751,5.327656,3.37851,1,1,0,0
23,raw_flipmine,210,354,5.733576,6.063339,5.398852,1,1,0,0
23,raw_flipmine,211,354,5.327656,5.954418,5.638887,1,1,0,0
23,raw_flipmine,212,304,0.326226,-3.724455,-6.664248,1,0,1,0
23,raw_flipmine,213,304,-3.320679,-3.724455,-7.626963,0,0,1,0
23,raw_flipmine,214,304,-3.724455,-0.527635,-7.659249,0,0,1,0
23,raw_flipmine,215,276,-3.764986,-2.469308,-5.106234,0,0,1,0
23,raw_flipmine,216,276,-3.764986,-2.641569,-5.661157,0,0,1,0
23,raw_flipmine,217,276,-2.469308,-2.641569,-3.860485,0,0,1,0
23,raw_flipmine,218,233,-6.763356,-13.030704,-15.498858,0,0,1,0
23,raw_flipmine,219,233,-3.603251,-0.485373,-0.435556,0,0,1,0
23,raw_flipmine,220,233,-3.603251,-3.078791,-2.078607,0,0,1,0
23,raw_flipmine,221,233,-3.603251,-6.518979,-5.70351,0,0,1,0
23,raw_flipmine,222,233,-0.485373,-3.078791,-0.273965,0,0,1,0
23,raw_flipmine,223,233,-0.485373,-6.518979,-1.299842,0,0,1,0
23,raw_flipmine,224,233,-3.078791,-6.518979,-4.866024,0,0,1,0
23,raw_flipmine,225,325,2.786499,1.874621,1.438513,1,1,0,0
23,raw_flipmine,226,325,2.786499,2.326414,2.299952,1,1,0,0
23,raw_flipmine,227,400,-6.97497,-10.315148,-12.340084,0,0,1,0
23,raw_flipmine,228,400,-6.97497,-4.006698,-5.957699,0,0,1,0
23,raw_flipmine,229,400,-6.97497,-4.806898,-6.873957,0,0,1,0
23,raw_flipmine,230,400,-10.315148,-4.006698,-8.161136,0,0,1,0
23,raw_flipmine,231,400,-10.315148,-4.806898,-8.147262,0,0,1,0
23,raw_flipmine,232,400,-10.315148,-8.04468,-14.934807,0,0,1,0
23,raw_flipmine,233,275,-9.423814,-11.111176,-11.361322,1,1,0,0
23,raw_flipmine,234,66,-10.245173,-5.874142,-4.087054,1,1,0,0
23,raw_flipmine,235,302,8.226544,8.196096,8.22152,1,1,0,0
23,raw_flipmine,236,302,8.196096,8.081161,7.215539,1,1,0,0
23,relfeat,0,173,15.513252,20.006283,9.38803,1,1,0,0
23,relfeat,1,433,16.252605,16.089937,9.205302,1,1,0,0
23,relfeat,2,433,16.252605,16.897104,11.538935,1,1,0,0
23,relfeat,3,433,16.089937,16.897104,11.338465,1,1,0,0
23,relfeat,4,105,-6.31275,-4.383621,-7.976533,0,0,1,0
23,relfeat,5,161,0.528778,0.725732,4.835066,0,0,1,0
23,relfeat,6,336,9.878384,10.873072,16.92367,0,0,1,0
23,relfeat,7,136,4.938087,6.238289,-3.008238,1,1,1,1
23,relfeat,8,136,4.938087,9.202602,2.505126,1,1,0,0
23,relfeat,9,136,4.938087,9.202606,0.701494,1,1,0,0
23,relfeat,10,136,6.238289,9.202602,3.250997,1,1,0,0
23,relfeat,11,246,10.820405,14.524501,7.72064,1,1,0,0
23,relfeat,12,246,10.820405,9.471999,0.307279,1,1,0,0
23,relfeat,13,246,10.820405,10.226903,2.235233,1,1,0,0
23,relfeat,14,246,14.524501,9.471999,6.705396,1,1,0,0
23,relfeat,15,246,14.524501,10.226903,5.766803,1,1,0,0
23,relfeat,16,246,9.471999,10.226903,-0.157546,1,1,1,1
23,relfeat,17,331,21.2304,20.960129,10.033369,1,1,0,0
23,relfeat,18,331,21.2304,16.565533,5.641378,1,1,0,0
23,relfeat,19,331,21.2304,16.565548,6.453211,1,1,0,0
23,relfeat,20,331,20.960129,16.565533,5.036272,1,1,0,0
23,relfeat,21,331,20.960129,16.565548,4.792524,1,1,0,0
23,relfeat,22,331,16.565533,16.565548,0.259956,1,1,0,0
23,relfeat,23,81,20.382298,21.385157,7.937192,1,1,0,0
23,relfeat,24,81,20.382298,21.385145,8.748629,1,1,0,0
23,relfeat,25,81,21.385157,21.385145,7.631768,1,1,0,0
23,relfeat,26,357,10.920464,17.2609,11.541382,1,1,0,0
23,relfeat,27,106,18.926563,7.693474,10.422939,1,1,0,0
23,relfeat,28,485,12.780344,9.700934,0.254464,1,1,0,0
23,relfeat,29,485,9.700934,13.292605,3.097925,1,1,0,0
23,relfeat,30,418,12.106783,7.10777,16.882067,0,0,1,0
23,relfeat,31,418,12.106783,7.107771,17.122633,0,0,1,0
23,relfeat,32,109,2.498976,5.14225,-0.349435,1,1,1,1
23,relfeat,33,13,3.768083,5.570344,-9.454546,1,1,1,1
23,relfeat,34,326,8.103089,17.022467,1.744516,1,1,0,0
23,relfeat,35,285,13.062893,17.345495,17.886713,0,0,1,0
23,relfeat,36,285,13.062893,16.221394,17.737177,0,0,1,0
23,relfeat,37,285,13.062893,16.191135,18.171658,0,0,1,0
23,relfeat,38,342,15.841224,22.724133,15.336692,1,1,0,0
23,relfeat,39,230,9.516493,3.579832,-4.734798,1,1,1,1
23,relfeat,40,174,15.476188,17.882483,12.975351,1,1,0,0
23,relfeat,41,149,23.503036,24.591614,5.042427,1,1,0,0
23,relfeat,42,362,4.572512,11.069891,5.649838,0,0,1,0
23,relfeat,43,362,4.572512,7.273757,3.149615,0,0,1,0
23,relfeat,44,362,11.069891,7.273757,6.467027,0,0,1,0
23,relfeat,45,399,1.931688,2.059947,-5.082348,1,1,1,1
23,relfeat,46,399,1.931688,-2.638267,-10.7083,1,0,1,0
23,relfeat,47,399,2.059947,-2.638267,-11.001452,1,0,1,0
23,relfeat,48,39,8.560044,11.049598,12.190542,0,0,1,0
23,relfeat,49,84,6.42194,8.445584,5.188243,1,1,0,0
23,relfeat,50,84,6.42194,8.289779,6.031827,1,1,0,0
23,relfeat,51,84,6.42194,8.289764,6.161302,1,1,0,0
23,relfeat,52,84,10.037296,8.289779,8.590409,1,1,0,0
23,relfeat,53,84,10.037296,8.289764,8.838648,1,1,0,0
23,relfeat,54,84,8.445584,8.289779,8.428137,1,1,0,0
23,relfeat,55,84,8.445584,8.289764,7.944636,1,1,0,0
23,relfeat,56,84,8.289779,8.289764,8.447281,1,1,0,0
23,relfeat,57,15,-0.385673,8.486733,10.620605,1,0,1,0
23,relfeat,58,15,-0.385673,8.85642,11.162939,1,0,1,0
23,relfeat,59,15,-3.860624,8.486733,6.881167,1,0,1,0
23,relfeat,60,15,-3.860624,8.85642,6.656367,1,0,1,0
23,relfeat,61,15,8.486733,8.85642,18.481075,0,0,1,0
23,relfeat,62,363,21.851385,17.109163,18.35429,1,1,0,0
23,relfeat,63,140,9.726252,11.701998,6.551449,1,1,0,0
23,relfeat,64,236,6.96858,18.25382,-2.750034,1,1,1,1
23,relfeat,65,35,9.446014,7.609797,2.611353,1,1,0,0
23,relfeat,66,192,-3.213454,3.109484,4.784502,1,0,1,0
23,relfeat,67,192,3.109484,3.109498,9.032677,0,0,1,0
23,relfeat,68,99,-23.297031,-17.188545,-20.214357,1,1,0,0
23,relfeat,69,489,4.628012,14.35008,8.148012,1,1,0,0
23,relfeat,70,484,1.285958,-0.873251,-7.829448,1,0,1,0
23,relfeat,71,484,-0.873251,0.768085,-7.629378,0,1,1,0
23,relfeat,72,49,14.702571,14.071783,-2.48276,1,1,1,1
23,relfeat,73,493,8.710969,13.249714,2.318811,1,1,0,0
23,relfeat,74,493,8.710969,12.000238,1.022559,1,1,0,0
23,relfeat,75,493,8.710969,12.000229,3.320681,1,1,0,0
23,relfeat,76,493,13.249714,12.000238,5.986926,1,1,0,0
23,relfeat,77,493,13.249714,12.000229,7.534959,1,1,0,0
23,relfeat,78,493,12.000238,12.000229,7.062149,1,1,0,0
23,relfeat,79,171,13.61194,15.655947,4.266525,1,1,0,0
23,relfeat,80,190,8.988849,12.830367,5.879521,1,1,0,0
23,relfeat,81,237,-2.816049,6.710603,-1.449422,0,1,1,0
23,relfeat,82,237,-2.816049,0.759313,-8.623613,0,1,1,0
23,relfeat,83,87,18.045933,21.460064,15.134836,1,1,0,0
23,relfeat,84,288,7.527162,5.048239,-3.916424,1,1,1,1
23,relfeat,85,288,10.31534,5.048239,-0.243929,1,1,1,1
23,relfeat,86,272,2.141983,2.16415,-2.829674,1,1,1,1
23,relfeat,87,272,2.141983,-0.196725,-8.398151,1,0,1,0
23,relfeat,88,272,1.095444,9.655804,1.171335,1,1,0,0
23,relfeat,89,272,1.095444,6.72928,-1.992677,1,1,1,1
23,relfeat,90,272,9.655804,6.72928,5.843786,1,1,0,0
23,relfeat,91,491,-1.587425,-1.587416,3.386013,1,1,1,1
23,relfeat,92,82,-6.173833,-3.491414,-20.246216,0,0,1,0
23,relfeat,93,82,-6.173833,3.090446,-13.052107,0,1,1,0
23,relfeat,94,82,-3.491414,3.090446,-8.189602,0,1,1,0
23,relfeat,95,82,-3.491414,3.090425,-9.937451,0,1,1,0
23,relfeat,96,330,-1.001542,6.508392,6.347357,1,0,1,0
23,relfeat,97,330,6.508392,2.543975,8.514924,0,0,1,0
23,relfeat,98,372,9.303686,7.805079,12.275722,0,0,1,0
23,relfeat,99,372,9.303686,12.788504,14.887028,0,0,1,0
23,relfeat,100,372,7.805079,12.788504,13.789347,0,0,1,0
23,relfeat,101,55,32.872955,27.892937,22.422626,1,1,0,0
23,relfeat,102,55,35.496311,27.892937,24.854277,1,1,0,0
23,relfeat,103,427,14.887744,11.825094,7.988532,1,1,0,0
23,relfeat,104,102,17.112995,11.765663,2.849374,1,1,0,0
23,relfeat,105,102,18.526802,11.765663,2.976452,1,1,0,0
23,relfeat,106,376,6.294976,-0.129533,9.007467,1,0,0,0
23,relfeat,107,422,-5.322297,-1.772254,-1.42916,1,1,0,0
23,relfeat,108,100,-12.666416,-8.047461,-5.079945,1,1,0,0
23,relfeat,109,100,-12.666416,-8.047461,-6.161038,1,1,0,0
23,relfeat,110,100,-8.047461,-8.047461,-2.794369,1,1,0,0
23,relfeat,111,463,9.33449,8.903595,5.133191,1,1,0,0
23,relfeat,112,444,-1.28853,1.616998,-6.971714,0,1,1,0
23,relfeat,113,444,-1.28853,1.818593,-5.424489,0,1,1,0
23,relfeat,114,444,-1.28853,1.818582,-6.981015,0,1,1,0
23,relfeat,115,444,1.616998,1.818593,-2.401058,1,1,1,1
23,relfeat,116,444,1.616998,1.818582,-2.262506,1,1,1,1
23,relfeat,117,444,1.818593,1.818582,-2.35838,1,1,1,1
23,relfeat,118,370,8.768164,6.086341,2.797623,1,1,0,0
23,relfeat,119,370,5.727502,6.086341,0.761937,1,1,0,0
23,relfeat,120,53,8.529701,17.920902,16.776575,0,0,1,0
23,relfeat,121,37,-12.652517,-10.694673,-3.346444,1,1,0,0
23,relfeat,122,183,10.283464,11.927767,15.33329,0,0,1,0
23,relfeat,123,183,10.283464,11.927741,15.071205,0,0,1,0
23,relfeat,124,126,-4.190292,3.737152,-4.749936,0,1,1,0
23,relfeat,125,126,-4.190292,3.737128,-4.918943,0,1,1,0
23,relfeat,126,126,3.737152,3.737128,1.869366,1,1,0,0
23,relfeat,127,90,12.480081,20.714699,5.596366,1,1,0,0
23,relfeat,128,90,12.480081,16.689621,-2.297318,1,1,1,1
23,relfeat,129,90,12.480081,12.38984,-5.990164,1,1,1,1
23,relfeat,130,90,12.480081,20.847975,2.850003,1,1,0,0
23,relfeat,131,90,12.480081,20.847965,4.104254,1,1,0,0
23,relfeat,132,90,16.689621,12.38984,0.418288,1,1,0,0
23,relfeat,133,90,16.689621,20.847975,10.326727,1,1,0,0
23,relfeat,134,90,16.689621,20.847965,9.505054,1,1,0,0
23,relfeat,135,90,12.38984,20.847975,2.686137,1,1,0,0
23,relfeat,136,90,12.38984,20.847965,4.663182,1,1,0,0
23,relfeat,137,244,11.799587,11.437835,2.83919,1,1,0,0
23,relfeat,138,315,6.537577,5.91238,12.60371,0,0,1,0
23,relfeat,139,343,21.285414,16.6255,14.63446,1,1,0,0
23,relfeat,140,443,12.819099,16.303555,16.56831,0,0,1,0
23,relfeat,141,98,-16.548088,-5.488394,-16.724586,0,0,1,0
23,relfeat,142,98,-3.915943,-5.488394,-8.301373,0,0,1,0
23,relfeat,143,10,-1.975369,-1.975355,2.612371,1,1,1,1
23,relfeat,144,502,-19.701721,-2.002781,1.344492,1,1,1,1
23,relfeat,145,502,-22.725346,-2.002781,1.598826,1,1,1,1
23,relfeat,146,502,-2.002781,-20.120083,1.009198,1,1,1,1
23,relfeat,147,208,6.318854,19.44611,7.773623,1,1,0,0
23,relfeat,148,208,6.318854,9.343097,-3.388084,1,1,1,1
23,relfeat,149,245,23.63134,21.768805,15.636683,1,1,0,0
23,relfeat,150,380,14.15871,13.016611,4.715316,1,1,0,0
23,relfeat,151,380,14.15871,11.340587,2.380447,1,1,0,0
23,relfeat,152,380,13.016611,11.340587,-0.966105,1,1,1,1
23,relfeat,153,292,22.493732,25.514763,13.828773,1,1,0,0
23,relfeat,154,469,2.522791,5.430036,2.188992,1,1,0,0
23,relfeat,155,469,12.855944,3.706827,7.50164,1,1,0,0
23,relfeat,156,469,12.855944,6.834289,12.445226,1,1,0,0
23,relfeat,157,135,2.290805,5.499043,0.061001,1,1,0,0
23,relfeat,158,286,10.338262,9.293118,-1.456727,1,1,1,1
23,relfeat,159,437,18.217766,17.088518,19.224195,1,1,0,0
23,relfeat,160,117,21.969578,22.501347,15.720098,1,1,0,0
23,relfeat,161,147,-5.007004,-5.189778,9.814812,1,1,1,1
23,relfeat,162,191,4.50132,5.490939,0.296165,1,1,0,0
23,relfeat,163,191,4.50132,1.458971,-3.079421,1,1,1,1
23,relfeat,164,191,4.50132,10.525093,5.313494,1,1,0,0
23,relfeat,165,191,5.490939,1.458971,-1.620613,1,1,1,1
23,relfeat,166,271,13.490398,14.22036,16.096487,1,1,0,0
23,relfeat,167,115,7.547083,6.313559,-5.240455,1,1,1,1
23,relfeat,168,457,0.783423,-2.820203,-6.113174,1,0,1,0
23,relfeat,169,457,0.783423,0.832469,-2.358468,1,1,1,1
23,relfeat,170,457,-2.820203,0.832469,-6.608383,0,1,1,0
23,relfeat,171,1,25.723171,33.104404,24.688137,1,1,0,0
23,relfeat,172,197,15.573389,11.842451,8.393737,1,1,0,0
23,relfeat,173,197,11.842451,13.337324,5.870734,1,1,0,0
23,relfeat,174,455,7.276978,4.948522,0.322635,1,1,0,0
23,relfeat,175,455,4.948522,13.055602,5.52599,1,1,0,0
23,relfeat,176,125,4.147995,0.132344,5.902785,0,0,1,0
23,relfeat,177,229,13.638591,12.51877,11.107327,1,1,0,0
23,relfeat,178,229,13.638591,8.606304,5.910793,1,1,0,0
23,relfeat,179,229,2.802529,8.606304,-5.082909,1,1,1,1
23,relfeat,180,311,-0.95009,1.333452,2.004114,1,0,1,0
23,relfeat,181,311,-0.95009,-1.588184,0.238377,1,1,1,1
23,relfeat,182,311,1.333452,-1.04232,2.817732,0,1,1,0
23,relfeat,183,311,1.333452,-1.588184,0.689513,0,1,1,0
23,relfeat,184,340,20.339935,14.829384,11.07233,1,1,0,0
23,relfeat,185,145,12.362673,16.848961,-1.197446,1,1,1,1
23,relfeat,186,96,-21.137974,-12.79234,-13.304453,1,1,0,0
23,relfeat,187,96,-20.068214,-12.79234,-10.665911,1,1,0,0
23,relfeat,188,335,5.200985,2.021256,-7.643141,1,1,1,1
23,relfeat,189,335,2.021256,2.739945,-7.26683,1,1,1,1
23,relfeat,190,335,2.021256,2.739974,-7.195395,1,1,1,1
23,relfeat,191,16,20.206198,18.718508,15.987696,1,1,0,0
23,relfeat,192,16,20.206198,17.869928,19.570265,1,1,0,0
23,relfeat,193,16,20.206198,17.869923,20.231985,1,1,0,0
23,relfeat,194,16,17.869928,17.869923,18.013969,1,1,0,0
23,relfeat,195,107,18.042797,10.455407,14.233431,0,0,1,0
23,relfeat,196,107,18.042797,15.219646,21.025084,0,0,1,0
23,relfeat,197,107,18.042797,15.219621,21.05735,0,0,1,0
23,relfeat,198,107,10.455407,15.219646,14.183255,0,0,1,0
23,relfeat,199,107,10.455407,15.219621,12.982022,0,0,1,0
23,relfeat,200,107,15.219646,15.219621,17.866964,0,0,1,0
23,relfeat,201,134,7.675662,5.664141,12.254452,0,0,1,0
23,relfeat,202,419,8.446533,3.498092,0.149439,1,1,0,0
23,relfeat,203,295,10.872961,10.746157,14.202035,0,0,1,0
23,relfeat,204,289,11.307814,11.497037,13.096712,1,1,0,0
23,relfeat,205,289,11.497037,11.497051,12.675626,1,1,0,0
23,relfeat,206,354,-14.959987,-1.14574,-14.178174,0,0,1,0
23,relfeat,207,354,-14.959987,-4.335678,-17.220472,0,0,1,0
23,relfeat,208,354,-14.959987,-4.200963,-17.332079,0,0,1,0
23,relfeat,209,354,-1.14574,-4.335678,-2.720639,0,0,1,0
23,relfeat,210,354,-8.721255,-7.934065,-14.282783,0,0,1,0
23,relfeat,211,354,-4.335678,-4.200963,-5.23636,0,0,1,0
23,relfeat,212,304,17.367739,6.592254,4.919287,1,1,0,0
23,relfeat,213,304,9.107622,6.592254,-3.060948,1,1,1,1
23,relfeat,214,304,6.592254,9.354628,-2.828454,1,1,1,1
23,relfeat,215,276,13.236944,14.786171,8.692056,1,1,0,0
23,relfeat,216,276,13.236944,14.78618,8.360733,1,1,0,0
23,relfeat,217,276,14.786171,14.78618,11.716649,1,1,0,0
23,relfeat,218,233,-1.997728,-1.528207,-8.314512,0,0,1,0
23,relfeat,219,233,2.258638,7.718792,5.288007,1,1,0,0
23,relfeat,220,233,2.258638,4.704994,2.017883,1,1,0,0
23,relfeat,221,233,2.258638,4.704993,2.338011,1,1,0,0
23,relfeat,222,233,7.718792,4.704994,5.291763,1,1,0,0
23,relfeat,223,233,7.718792,4.704993,6.426186,1,1,0,0
23,relfeat,224,233,4.704994,4.704993,4.251923,1,1,0,0
23,relfeat,225,325,-2.988326,1.021937,-5.565508,0,1,1,0
23,relfeat,226,325,-2.988326,3.460358,-3.102013,0,1,1,0
23,relfeat,227,400,12.956793,7.629342,0.891852,1,1,0,0
23,relfeat,228,400,12.956793,16.485945,10.91499,1,1,0,0
23,relfeat,229,400,12.956793,16.904505,12.186105,1,1,0,0
23,relfeat,230,400,7.629342,16.485945,12.110664,1,1,0,0
23,relfeat,231,400,7.629342,16.904505,13.467138,1,1,0,0
23,relfeat,232,400,7.629342,11.990963,-0.887876,1,1,1,1
23,relfeat,233,275,3.744526,-0.607005,2.827682,0,1,1,0
23,relfeat,234,66,-16.047419,-5.495802,4.480586,1,1,1,1
23,relfeat,235,302,21.05435,18.414162,15.139749,1,1,0,0
23,relfeat,236,302,18.414162,19.09226,11.627587,1,1,0,0
23,relflip,0,173,5.42844,8.342339,-0.271932,1,1,1,1
23,relflip,1,433,3.408518,1.957853,-2.958127,1,1,1,1
23,relflip,2,433,3.408518,1.542074,-2.7103,1,1,1,1
23,relflip,3,433,1.957853,1.542074,-3.77441,1,1,1,1
23,relflip,4,105,-0.877714,-0.041403,-1.859816,0,0,1,0
23,relflip,5,161,-1.553251,-1.445204,2.089673,1,1,1,1
23,relflip,6,336,-2.66073,-3.747742,3.993363,1,1,1,1
23,relflip,7,136,2.807443,3.296988,-7.272882,1,1,1,1
23,relflip,8,136,2.807443,6.869599,0.541606,1,1,0,0
23,relflip,9,136,2.807443,6.869601,-1.185641,1,1,1,1
23,relflip,10,136,3.296988,6.869599,-0.172896,1,1,1,1
23,relflip,11,246,0.42676,5.340367,-0.870387,1,1,1,1
23,relflip,12,246,0.42676,0.905224,-7.808687,1,1,1,1
23,relflip,13,246,0.42676,0.017848,-7.214296,1,1,1,1
23,relflip,14,246,5.340367,0.905224,-1.036219,1,1,1,1
23,relflip,15,246,5.340367,0.017848,-1.632656,1,1,1,1
23,relflip,16,246,0.905224,0.017848,-7.441765,1,1,1,1
23,relflip,17,331,3.515022,4.388027,-7.408858,1,1,1,1
23,relflip,18,331,3.515022,0.597589,-11.922748,1,1,1,1
23,relflip,19,331,3.515022,0.5976,-11.18771,1,1,1,1
23,relflip,20,331,4.388027,0.597589,-10.764439,1,1,1,1
23,relflip,21,331,4.388027,0.5976,-11.626085,1,1,1,1
23,relflip,22,331,0.597589,0.5976,-16.013521,1,1,1,1
23,relflip,23,81,4.359992,5.715206,-1.921471,1,1,1,1
23,relflip,24,81,4.359992,5.715206,-1.281404,1,1,1,1
23,relflip,25,81,5.715206,5.715206,-1.931435,1,1,1,1
23,relflip,26,357,1.358535,4.045559,-0.252629,1,1,1,1
23,relflip,27,106,6.149588,2.236749,2.082058,1,1,0,0
23,relflip,28,485,6.264932,4.470019,-5.596426,1,1,1,1
23,relflip,29,485,4.470019,6.492166,-2.920293,1,1,1,1
23,relflip,30,418,-7.787617,-14.325182,-5.708412,1,1,0,0
23,relflip,31,418,-7.787617,-14.325175,-5.696816,1,1,0,0
23,relflip,32,109,0.413716,2.320489,1.297544,1,1,0,0
23,relflip,33,13,-4.718858,-2.219299,-17.413797,0,0,1,0
23,relflip,34,326,2.781444,10.075792,0.786484,1,1,0,0
23,relflip,35,285,1.548151,1.891095,3.766926,0,0,1,0
23,relflip,36,285,1.548151,1.062562,2.86603,0,0,1,0
23,relflip,37,285,1.548151,0.993324,2.988032,0,0,1,0
23,relflip,38,342,1.184825,6.46049,-1.915899,1,1,1,1
23,relflip,39,230,-2.739111,-5.000355,-6.313614,0,0,1,0
23,relflip,40,174,3.239135,6.385188,2.389592,1,1,0,0
23,relflip,41,149,7.196391,6.621893,-7.347489,1,1,1,1
23,relflip,42,362,0.986123,2.007325,1.915962,0,0,1,0
23,relflip,43,362,0.986123,1.688614,2.399111,0,0,1,0
23,relflip,44,362,2.007325,1.688614,1.84428,0,0,1,0
23,relflip,45,399,3.959987,2.369644,-1.596232,1,1,1,1
23,relflip,46,399,3.959987,2.679124,-1.833016,1,1,1,1
23,relflip,47,399,2.369644,2.679124,-4.637141,1,1,1,1
23,relflip,48,39,-3.885718,-4.088566,-0.708934,1,1,0,0
23,relflip,49,84,-8.735943,-3.902738,-10.206738,0,0,1,0
23,relflip,50,84,-8.735943,-5.658787,-9.727553,0,0,1,0
23,relflip,51,84,-8.735943,-5.658801,-9.577724,0,0,1,0
23,relflip,52,84,-3.84155,-5.658787,-4.949021,0,0,1,0
23,relflip,53,84,-3.84155,-5.658801,-4.490887,0,0,1,0
23,relflip,54,84,-3.902738,-5.658787,-4.202564,0,0,1,0
23,relflip,55,84,-3.902738,-5.658801,-4.684619,0,0,1,0
23,relflip,56,84,-5.658787,-5.658801,-5.451084,0,0,1,0
23,relflip,57,15,-7.890705,0.25256,3.140098,1,0,1,0
23,relflip,58,15,-7.890705,0.46092,3.313598,1,0,1,0
23,relflip,59,15,-9.698934,0.25256,2.157872,1,0,1,0
23,relflip,60,15,-9.698934,0.46092,2.789335,1,0,1,0
23,relflip,61,15,0.25256,0.46092,7.185156,0,0,1,0
23,relflip,62,363,4.709349,3.365441,1.189568,1,1,0,0
23,relflip,63,140,4.061594,1.323089,-2.388862,1,1,1,1
23,relflip,64,236,0.410715,5.759899,-8.452219,1,1,1,1
23,relflip,65,35,5.100697,3.55333,-0.724853,1,1,1,1
23,relflip,66,192,2.889072,2.934137,2.453051,0,0,1,0
23,relflip,67,192,2.934137,2.934145,1.60133,0,0,1,0
23,relflip,68,99,-15.309767,-13.151302,-8.658515,1,1,0,0
23,relflip,69,489,0.475396,2.02838,-3.584158,1,1,1,1
23,relflip,70,484,5.206391,3.583119,0.160051,1,1,0,0
23,relflip,71,484,3.583119,3.918567,-1.302511,1,1,1,1
23,relflip,72,49,6.710602,8.589029,0.152675,1,1,0,0
23,relflip,73,493,1.574795,5.113429,-3.946276,1,1,1,1
23,relflip,74,493,1.574795,2.99537,-6.55094,1,1,1,1
23,relflip,75,493,1.574795,2.995368,-4.425719,1,1,1,1
23,relflip,76,493,5.113429,2.99537,-2.127664,1,1,1,1
23,relflip,77,493,5.113429,2.995368,-0.437475,1,1,1,1
23,relflip,78,493,2.99537,2.995368,-3.642196,1,1,1,1
23,relflip,79,171,5.876451,7.703691,1.472853,1,1,0,0
23,relflip,80,190,2.026315,-0.055077,-0.38755,1,0,1,0
23,relflip,81,237,-2.407292,2.754054,-2.821112,0,1,1,0
23,relflip,82,237,-2.407292,-1.138433,-8.768937,0,0,1,0
23,relflip,83,87,4.25766,-0.711101,-3.667099,1,0,1,0
23,relflip,84,288,8.349256,5.955714,-1.138555,1,1,1,1
23,relflip,85,288,8.14728,5.955714,-0.838629,1,1,1,1
23,relflip,86,272,-4.252405,-3.294404,-10.588452,0,0,1,0
23,relflip,87,272,-4.252405,-5.657048,-16.970024,0,0,1,0
23,relflip,88,272,-5.609882,-0.640678,-8.572117,0,0,1,0
23,relflip,89,272,-5.609882,-2.370629,-10.136691,0,0,1,0
23,relflip,90,272,-0.640678,-2.370629,-5.562547,0,0,1,0
23,relflip,91,491,-7.790523,-7.790524,-5.380718,1,1,0,0
23,relflip,92,82,-5.509773,-5.42142,-17.687281,0,0,1,0
23,relflip,93,82,-5.509773,0.19028,-9.376209,0,1,1,0
23,relflip,94,82,-5.42142,0.19028,-7.134402,0,1,1,0
23,relflip,95,82,-5.42142,0.190275,-7.831676,0,1,1,0
23,relflip,96,330,-21.29472,-16.783949,-15.223074,1,1,0,0
23,relflip,97,330,-16.783949,-21.068039,-9.70207,1,1,0,0
23,relflip,98,372,-0.963486,-3.771515,-0.828241,1,1,0,0
23,relflip,99,372,-0.963486,1.85834,3.185876,1,0,1,0
23,relflip,100,372,-3.771515,1.85834,1.491604,1,0,1,0
23,relflip,101,55,7.019086,3.29127,0.49342,1,1,0,0
23,relflip,102,55,7.02212,3.29127,0.44458,1,1,0,0
23,relflip,103,427,3.268696,2.175702,-2.313115,1,1,1,1
23,relflip,104,102,6.511367,0.531865,-4.193428,1,1,1,1
23,relflip,105,102,6.11729,0.531865,-3.571696,1,1,1,1
23,relflip,106,376,-2.652733,-5.248301,-2.634948,0,0,1,0
23,relflip,107,422,-2.783051,-2.508753,1.457682,1,1,1,1
23,relflip,108,100,-3.167038,-2.606708,0.888037,1,1,1,1
23,relflip,109,100,-3.167038,-2.606708,0.048289,1,1,1,1
23,relflip,110,100,-2.606708,-2.606708,-0.39403,1,1,0,0
23,relflip,111,463,-1.124825,-3.45605,-6.236848,0,0,1,0
23,relflip,112,444,2.424324,5.213813,0.145816,1,1,0,0
23,relflip,113,444,2.424324,3.731087,-0.34858,1,1,1,1
23,relflip,114,444,2.424324,3.731082,-0.978606,1,1,1,1
23,relflip,115,444,5.213813,3.731087,0.903968,1,1,0,0
23,relflip,116,444,5.213813,3.731082,1.469712,1,1,0,0
23,relflip,117,444,3.731087,3.731082,-0.719754,1,1,1,1
23,relflip,118,370,4.241098,2.850947,-3.380576,1,1,1,1
23,relflip,119,370,2.821546,2.850947,-4.904399,1,1,1,1
23,relflip,120,53,-3.460819,0.561358,2.061711,1,0,1,0
23,relflip,121,37,-10.309251,-8.106176,-0.873306,1,1,0,0
23,relflip,122,183,-7.468771,-8.514023,-6.589767,1,1,0,0
23,relflip,123,183,-7.468771,-8.514047,-7.214506,1,1,0,0
23,relflip,124,126,2.892292,4.097827,0.901617,1,1,0,0
23,relflip,125,126,2.892292,4.097809,0.490537,1,1,0,0
23,relflip,126,126,4.097827,4.097809,2.051747,1,1,0,0
23,relflip,127,90,3.668101,9.351573,0.721037,1,1,0,0
23,relflip,128,90,3.668101,6.572861,-8.574142,1,1,1,1
23,relflip,129,90,3.668101,5.099832,-10.096901,1,1,1,1
23,relflip,130,90,3.668101,9.014292,-3.146453,1,1,1,1
23,relflip,131,90,3.668101,9.01429,-1.438151,1,1,1,1
23,relflip,132,90,6.572861,5.099832,-4.826879,1,1,1,1
23,relflip,133,90,6.572861,9.014292,2.223183,1,1,0,0
23,relflip,134,90,6.572861,9.01429,1.641886,1,1,0,0
23,relflip,135,90,5.099832,9.014292,-0.957191,1,1,1,1
23,relflip,136,90,5.099832,9.01429,1.060786,1,1,0,0
23,relflip,137,244,4.540921,3.153733,-2.364135,1,1,1,1
23,relflip,138,315,-6.736836,-4.874921,-1.572537,1,1,0,0
23,relflip,139,343,3.236595,3.472538,-3.355237,1,1,1,1
23,relflip,140,443,-5.374478,-2.056434,-2.493353,1,1,0,0
23,relflip,141,98,-7.131526,-1.130582,-8.14777,0,0,1,0
23,relflip,142,98,-0.377943,-1.130582,-6.118875,0,0,1,0
23,relflip,143,10,0.389541,0.38955,5.575716,0,0,1,0
23,relflip,144,502,-20.240757,-0.261054,2.368968,1,1,1,1
23,relflip,145,502,-28.394209,-0.261054,1.965336,1,1,1,1
23,relflip,146,502,-0.261054,-24.021599,0.20461,1,1,1,1
23,relflip,147,208,-1.97425,6.465458,-3.982396,0,1,1,0
23,relflip,148,208,-1.97425,1.970105,-11.248513,0,1,1,0
23,relflip,149,245,0.449937,3.146354,-3.984787,1,1,1,1
23,relflip,150,380,5.558231,5.921605,-0.174489,1,1,1,1
23,relflip,151,380,5.558231,4.195087,-3.111485,1,1,1,1
23,relflip,152,380,5.921605,4.195087,-4.021975,1,1,1,1
23,relflip,153,292,3.787279,4.470181,-5.281141,1,1,1,1
23,relflip,154,469,1.687852,2.621125,1.337845,1,1,0,0
23,relflip,155,469,3.308892,-0.046055,0.368168,1,0,0,0
23,relflip,156,469,3.308892,1.974896,3.052701,1,1,0,0
23,relflip,157,135,-0.527207,-0.061051,-2.974428,0,0,1,0
23,relflip,158,286,9.3154,9.690762,1.088584,1,1,0,0
23,relflip,159,437,1.845554,1.220874,-1.152928,1,1,1,1
23,relflip,160,117,7.211338,6.050719,-0.448378,1,1,1,1
23,relflip,161,147,-17.197998,-7.71236,1.924,1,1,1,1
23,relflip,162,191,-2.051521,-1.817162,-5.740697,0,0,1,0
23,relflip,163,191,-2.051521,0.313565,-2.510656,0,1,1,0
23,relflip,164,191,-2.051521,0.311337,-4.207497,0,1,1,0
23,relflip,165,191,-1.817162,0.313565,-2.554568,0,1,1,0
23,relflip,166,271,-0.270735,1.182157,-2.366948,0,1,1,0
23,relflip,167,115,1.428939,-0.944481,-11.082375,1,0,1,0
23,relflip,168,457,-8.746741,-6.945966,-12.194437,0,0,1,0
23,relflip,169,457,-8.746741,-7.914574,-11.152628,0,0,1,0
23,relflip,170,457,-6.945966,-7.914574,-10.850254,0,0,1,0
23,relflip,171,1,6.915172,8.834987,3.471947,1,1,0,0
23,relflip,172,197,0.866408,1.894175,0.110721,1,1,0,0
23,relflip,173,197,1.894175,0.740371,-2.325436,1,1,1,1
23,relflip,174,455,3.427519,1.02086,-1.316129,1,1,1,1
23,relflip,175,455,1.02086,4.715844,-0.493281,1,1,1,1
23,relflip,176,125,-7.569817,-5.391835,-3.306525,1,1,0,0
23,relflip,177,229,-2.636887,-1.645965,-6.925347,0,0,1,0
23,relflip,178,229,-2.636887,-3.745828,-6.488605,0,0,1,0
23,relflip,179,229,-7.756558,-3.745828,-16.773745,0,0,1,0
23,relflip,180,311,3.030906,4.025022,4.247875,0,0,1,0
23,relflip,181,311,3.030906,1.504392,3.30711,0,0,1,0
23,relflip,182,311,4.025022,1.742049,4.805425,0,0,1,0
23,relflip,183,311,4.025022,1.504392,2.883441,0,0,1,0
23,relflip,184,340,-0.132927,-3.872325,-7.966107,0,0,1,0
23,relflip,185,145,0.350259,2.930879,-14.558356,1,1,1,1
23,relflip,186,96,-14.202899,-6.271994,-2.321882,1,1,0,0
23,relflip,187,96,-16.630283,-6.271994,-4.237191,1,1,0,0
23,relflip,188,335,5.090187,3.58288,-2.309388,1,1,1,1
23,relflip,189,335,3.58288,4.403782,-2.686001,1,1,1,1
23,relflip,190,335,3.58288,4.403793,-2.789386,1,1,1,1
23,relflip,191,16,4.112183,3.594407,0.388416,1,1,0,0
23,relflip,192,16,4.112183,0.807666,2.400551,1,1,0,0
23,relflip,193,16,4.112183,0.807659,3.16171,1,1,0,0
23,relflip,194,16,0.807666,0.807659,0.009565,1,1,0,0
23,relflip,195,107,-1.918609,-1.341504,0.41089,1,1,1,1
23,relflip,196,107,-1.918609,-3.142956,-0.424357,1,1,0,0
23,relflip,197,107,-1.918609,-3.142979,-0.151852,1,1,0,0
23,relflip,198,107,-1.341504,-3.142956,0.016539,1,1,1,1
23,relflip,199,107,-1.341504,-3.142979,-0.467748,1,1,0,0
23,relflip,200,107,-3.142956,-3.142979,-0.615721,1,1,0,0
23,relflip,201,134,-0.648002,-2.220016,3.065502,1,1,1,1
23,relflip,202,419,4.707458,5.846826,1.610521,1,1,0,0
23,relflip,203,295,-3.498512,-2.463595,-0.451939,1,1,0,0
23,relflip,204,289,2.928249,2.156368,2.647463,1,1,0,0
23,relflip,205,289,2.156368,2.156372,1.761159,1,1,0,0
23,relflip,206,354,-23.703045,-5.625256,-24.251244,0,0,1,0
23,relflip,207,354,-23.703045,-8.400587,-27.912485,0,0,1,0
23,relflip,208,354,-23.703045,-6.681087,-26.109165,0,0,1,0
23,relflip,209,354,-5.625256,-8.400587,-9.471962,0,0,1,0
23,relflip,210,354,-11.234596,-11.858987,-17.513489,0,0,1,0
23,relflip,211,354,-8.400587,-6.681087,-10.612402,0,0,1,0
23,relflip,212,304,8.833418,5.184237,2.500674,1,1,0,0
23,relflip,213,304,4.642101,5.184237,-7.764052,1,1,1,1
23,relflip,214,304,5.184237,7.6476,-1.333841,1,1,1,1
23,relflip,215,276,1.234033,0.53367,-1.866212,1,1,1,1
23,relflip,216,276,1.234033,0.533675,-2.317437,1,1,1,1
23,relflip,217,276,0.53367,0.533675,-1.56988,1,1,1,1
23,relflip,218,233,-0.05878,-0.420156,-2.350363,0,0,1,0
23,relflip,219,233,0.668321,0.783659,-0.30975,1,1,1,1
23,relflip,220,233,0.668321,0.689498,-1.169196,1,1,1,1
23,relflip,221,233,0.668321,0.689497,-1.296828,1,1,1,1
23,relflip,222,233,0.783659,0.689498,-3.222465,1,1,1,1
23,relflip,223,233,0.783659,0.689497,-2.259052,1,1,1,1
23,relflip,224,233,0.689498,0.689497,-2.113551,1,1,1,1
23,relflip,225,325,-3.752955,0.152763,-7.415481,0,1,1,0
23,relflip,226,325,-3.752955,2.931958,-3.86042,0,1,1,0
23,relflip,227,400,2.260404,4.673456,-0.187003,1,1,1,1
23,relflip,228,400,2.260404,3.62284,-0.600602,1,1,1,1
23,relflip,229,400,2.260404,2.675236,-0.787096,1,1,1,1
23,relflip,230,400,4.673456,3.62284,2.023549,1,1,0,0
23,relflip,231,400,4.673456,2.675236,1.66862,1,1,0,0
23,relflip,232,400,4.673456,7.853963,2.104278,1,1,0,0
23,relflip,233,275,0.299345,-2.280716,1.509981,0,1,1,0
23,relflip,234,66,-12.124485,-4.568471,4.00348,1,1,1,1
23,relflip,235,302,0.172208,-1.741254,-6.710298,1,0,1,0
23,relflip,236,302,-1.741254,1.500726,-6.723151,0,1,1,0
47,raw_clean,0,173,16.306004,23.087406,16.467319,1,1,0,0
47,raw_clean,1,433,-18.185524,-12.819702,-14.061204,0,0,1,0
47,raw_clean,2,433,-18.185524,-13.355483,-14.40081,0,0,1,0
47,raw_clean,3,433,-12.819702,-13.355483,-8.497071,0,0,1,0
47,raw_clean,4,105,32.749901,37.175476,36.945118,1,1,0,0
47,raw_clean,5,161,18.939827,14.289197,22.481432,0,0,1,0
47,raw_clean,6,336,18.407978,11.656291,14.37499,0,0,1,0
47,raw_clean,7,136,12.42617,4.119646,4.863798,1,1,0,0
47,raw_clean,8,136,12.42617,13.200146,13.962526,1,1,0,0
47,raw_clean,9,136,12.42617,15.27174,15.224828,1,1,0,0
47,raw_clean,10,136,4.119646,13.200146,5.479387,1,1,0,0
47,raw_clean,11,246,-0.870308,2.691757,-3.16807,0,1,1,0
47,raw_clean,12,246,-0.870308,-2.422848,-8.293864,0,0,1,0
47,raw_clean,13,246,-0.870308,2.541769,-2.492759,0,1,1,0
47,raw_clean,14,246,2.691757,-2.422848,-6.299222,1,0,1,0
47,raw_clean,15,246,2.691757,2.541769,-1.00447,1,1,1,1
47,raw_clean,16,246,-2.422848,2.541769,-6.203853,0,1,1,0
47,raw_clean,17,331,1.083944,-0.796638,-0.572966,1,0,1,0
47,raw_clean,18,331,1.083944,1.392774,2.496585,1,1,0,0
47,raw_clean,19,331,1.083944,0.550597,1.070271,1,1,0,0
47,raw_clean,20,331,-0.796638,1.392774,-0.966352,0,1,1,0
47,raw_clean,21,331,-0.796638,0.550597,-1.620644,0,1,1,0
47,raw_clean,22,331,1.392774,0.550597,0.554772,1,1,0,0
47,raw_clean,23,81,6.890837,7.86162,2.281022,1,1,0,0
47,raw_clean,24,81,6.890837,9.34822,4.241688,1,1,0,0
47,raw_clean,25,81,7.86162,9.34822,5.254264,1,1,0,0
47,raw_clean,26,357,6.193284,-4.005122,-3.168375,1,0,1,0
47,raw_clean,27,106,-8.628177,-11.612243,-8.958735,0,0,1,0
47,raw_clean,28,485,0.901058,0.464018,-2.847544,1,1,1,1
47,raw_clean,29,485,0.464018,1.910155,-1.765944,1,1,1,1
47,raw_clean,30,418,-0.228996,-7.753644,-0.379055,1,1,0,0
47,raw_clean,31,418,-0.228996,-6.811053,0.587517,1,1,1,1
47,raw_clean,32,109,18.277918,17.673742,16.774445,1,1,0,0
47,raw_clean,33,13,-5.501913,-3.115966,-11.06384,0,0,1,0
47,raw_clean,34,326,13.78784,21.192835,14.891261,1,1,0,0
47,raw_clean,35,285,14.444122,17.128511,16.172565,0,0,1,0
47,raw_clean,36,285,14.444122,11.297235,11.990172,0,0,1,0
47,raw_clean,37,285,14.444122,11.160016,11.742604,0,0,1,0
47,raw_clean,38,342,0.345868,-0.775881,-4.620207,1,0,1,0
47,raw_clean,39,230,43.312275,41.645222,37.800793,1,1,0,0
47,raw_clean,40,174,11.557009,25.514544,18.795012,1,1,0,0
47,raw_clean,41,149,-9.177477,-15.183613,-20.384588,0,0,1,0
47,raw_clean,42,362,7.129387,9.554059,9.496548,0,0,1,0
47,raw_clean,43,362,7.129387,11.667672,11.542604,0,0,1,0
47,raw_clean,44,362,9.554059,11.667672,14.004396,0,0,1,0
47,raw_clean,45,399,1.989428,5.267943,-2.63575,1,1,1,1
47,raw_clean,46,399,1.989428,0.766047,-7.085565,1,1,1,1
47,raw_clean,47,399,5.267943,0.766047,-4.258598,1,1,1,1
47,raw_clean,48,39,26.194927,20.987362,21.447603,0,0,1,0
47,raw_clean,49,84,18.410421,22.520897,21.578203,1,1,0,0
47,raw_clean,50,84,18.410421,18.846399,18.46036,1,1,0,0
47,raw_clean,51,84,18.410421,22.020742,20.960974,1,1,0,0
47,raw_clean,52,84,16.02915,18.846399,16.240644,1,1,0,0
47,raw_clean,53,84,16.02915,22.020742,17.133726,1,1,0,0
47,raw_clean,54,84,22.520897,18.846399,22.867716,1,1,0,0
47,raw_clean,55,84,22.520897,22.020742,24.930353,1,1,0,0
47,raw_clean,56,84,18.846399,22.020742,21.67684,1,1,0,0
47,raw_clean,57,15,14.32385,20.398891,21.393873,0,0,1,0
47,raw_clean,58,15,14.32385,22.893732,23.202833,0,0,1,0
47,raw_clean,59,15,12.079337,20.398891,17.857954,0,0,1,0
47,raw_clean,60,15,12.079337,22.893732,20.904003,0,0,1,0
47,raw_clean,61,15,20.398891,22.893732,27.886446,0,0,1,0
47,raw_clean,62,363,-0.565501,3.421291,2.303707,0,1,0,0
47,raw_clean,63,140,-29.613607,-25.458427,-26.45709,0,0,1,0
47,raw_clean,64,236,-12.057014,-6.77223,-15.824584,0,0,1,0
47,raw_clean,65,35,-8.094795,0.848967,-6.56871,0,1,1,0
47,raw_clean,66,192,10.569434,11.339715,12.240645,0,0,1,0
47,raw_clean,67,192,11.339715,9.606461,11.725146,0,0,1,0
47,raw_clean,68,99,-11.011187,-8.922134,-11.740381,1,1,0,0
47,raw_clean,69,489,0.654491,7.723932,5.089515,1,1,0,0
47,raw_clean,70,484,1.958437,3.511977,-0.508061,1,1,1,1
47,raw_clean,71,484,3.511977,5.016427,2.652503,1,1,0,0
47,raw_clean,72,49,-8.156121,-11.450419,-16.391787,0,0,1,0
47,raw_clean,73,493,5.590342,7.577776,6.080593,1,1,0,0
47,raw_clean,74,493,5.590342,10.394341,7.441825,1,1,0,0
47,raw_clean,75,493,5.590342,6.227915,6.017579,1,1,0,0
47,raw_clean,76,493,7.577776,10.394341,10.049158,1,1,0,0
47,raw_clean,77,493,7.577776,6.227915,7.914302,1,1,0,0
47,raw_clean,78,493,10.394341,6.227915,10.514982,1,1,0,0
47,raw_clean,79,171,7.432282,8.550868,5.232488,1,1,0,0
47,raw_clean,80,190,19.61203,19.272972,18.099693,1,1,0,0
47,raw_clean,81,237,18.448111,16.303421,18.193197,1,1,0,0
47,raw_clean,82,237,18.448111,22.302803,24.431509,1,1,0,0
47,raw_clean,83,87,0.362811,12.48486,2.568367,1,1,0,0
47,raw_clean,84,288,17.155409,15.828639,11.125797,1,1,0,0
47,raw_clean,85,288,18.737215,15.828639,12.88952,1,1,0,0
47,raw_clean,86,272,-15.22754,-14.530027,-18.664946,0,0,1,0
47,raw_clean,87,272,-15.22754,-19.124384,-22.818525,0,0,1,0
47,raw_clean,88,272,-10.730086,-5.054649,-4.5459,0,0,1,0
47,raw_clean,89,272,-10.730086,-9.805799,-9.148534,0,0,1,0
47,raw_clean,90,272,-5.054649,-9.805799,-3.657726,0,0,1,0
47,raw_clean,91,491,-31.31233,-26.639635,-26.39493,1,1,0,0
47,raw_clean,92,82,-20.923603,-18.340448,-26.087599,0,0,1,0
47,raw_clean,93,82,-20.923603,-13.226758,-21.473351,0,0,1,0
47,raw_clean,94,82,-18.340448,-13.226758,-18.275326,0,0,1,0
47,raw_clean,95,82,-18.340448,-16.853367,-23.912645,0,0,1,0
47,raw_clean,96,330,3.094733,7.497039,7.638972,0,0,1,0
47,raw_clean,97,330,7.497039,5.704759,9.019664,0,0,1,0
47,raw_clean,98,372,16.935518,13.6755,16.592224,0,0,1,0
47,raw_clean,99,372,16.935518,17.87653,19.737091,0,0,1,0
47,raw_clean,100,372,13.6755,17.87653,17.813272,0,0,1,0
47,raw_clean,101,55,17.21764,13.661632,13.21107,1,1,0,0
47,raw_clean,102,55,15.857701,13.661632,12.656089,1,1,0,0
47,raw_clean,103,427,-0.90252,-5.042547,-1.411474,0,0,1,0
47,raw_clean,104,102,19.358412,20.026472,18.570883,1,1,0,0
47,raw_clean,105,102,21.383427,20.026472,20.109812,1,1,0,0
47,raw_clean,106,376,5.076885,4.706787,7.269014,1,1,0,0
47,raw_clean,107,422,-0.886848,3.990574,2.738744,1,0,1,0
47,raw_clean,108,100,-3.10349,-6.90232,-0.452935,1,1,0,0
47,raw_clean,109,100,-3.10349,-3.22719,0.300959,1,1,1,1
47,raw_clean,110,100,-6.90232,-3.22719,-2.942074,1,1,0,0
47,raw_clean,111,463,-1.050094,4.153847,0.141446,0,1,0,0
47,raw_clean,112,444,-7.584743,-3.915431,-7.447844,0,0,1,0
47,raw_clean,113,444,-7.584743,-3.218381,-6.190522,0,0,1,0
47,raw_clean,114,444,-7.584743,-3.685993,-7.254509,0,0,1,0
47,raw_clean,115,444,-3.915431,-3.218381,-4.216408,0,0,1,0
47,raw_clean,116,444,-3.915431,-3.685993,-3.544795,0,0,1,0
47,raw_clean,117,444,-3.218381,-3.685993,-3.830641,0,0,1,0
47,raw_clean,118,370,-2.2406,-2.593682,-6.290398,0,0,1,0
47,raw_clean,119,370,-4.989818,-2.593682,-6.766054,0,0,1,0
47,raw_clean,120,53,1.804135,5.787953,6.329006,0,0,1,0
47,raw_clean,121,37,-18.963423,-17.791521,-21.257494,1,1,0,0
47,raw_clean,122,183,-19.881765,-12.445083,-11.552334,1,1,0,0
47,raw_clean,123,183,-19.881765,-17.356352,-16.807714,1,1,0,0
47,raw_clean,124,126,-5.932509,1.657412,-2.403212,0,1,1,0
47,raw_clean,125,126,-5.932509,-2.46616,-7.019983,0,0,1,0
47,raw_clean,126,126,1.657412,-2.46616,-0.262934,1,0,1,0
47,raw_clean,127,90,-14.934865,-18.877819,-21.836723,0,0,1,0
47,raw_clean,128,90,-14.934865,-17.994055,-20.85722,0,0,1,0
47,raw_clean,129,90,-14.934865,-19.97089,-22.693815,0,0,1,0
47,raw_clean,130,90,-14.934865,-15.239919,-18.466177,0,0,1,0
47,raw_clean,131,90,-14.934865,-21.628317,-24.652504,0,0,1,0
47,raw_clean,132,90,-17.994055,-19.97089,-25.758993,0,0,1,0
47,raw_clean,133,90,-17.994055,-15.239919,-21.297558,0,0,1,0
47,raw_clean,134,90,-17.994055,-21.628317,-27.700661,0,0,1,0
47,raw_clean,135,90,-19.97089,-15.239919,-23.549414,0,0,1,0
47,raw_clean,136,90,-19.97089,-21.628317,-29.333042,0,0,1,0
47,raw_clean,137,244,13.966453,10.564714,10.100455,1,1,0,0
47,raw_clean,138,315,18.588018,17.569706,23.248631,0,0,1,0
47,raw_clean,139,343,10.009279,11.953625,8.484329,1,1,0,0
47,raw_clean,140,443,13.115184,15.192756,15.467404,0,0,1,0
47,raw_clean,141,98,9.578362,9.65095,10.303094,1,1,0,0
47,raw_clean,142,98,11.122653,9.65095,11.290669,1,1,0,0
47,raw_clean,143,10,-7.495575,-6.546773,-1.541242,1,1,0,0
47,raw_clean,144,502,-17.932817,-15.257022,-11.347818,1,1,0,0
47,raw_clean,145,502,-21.749224,-15.257022,-14.166787,1,1,0,0
47,raw_clean,146,502,-15.257022,-21.238424,-14.53151,1,1,0,0
47,raw_clean,147,208,0.708773,-1.643491,-1.733696,1,0,1,0
47,raw_clean,148,208,0.708773,-6.510522,-7.121373,1,0,1,0
47,raw_clean,149,245,-25.783819,-25.254248,-31.612228,0,0,1,0
47,raw_clean,150,380,6.22284,4.443849,-0.04797,1,1,1,1
47,raw_clean,151,380,6.22284,7.440867,3.358563,1,1,0,0
47,raw_clean,152,380,4.443849,7.440867,0.375453,1,1,0,0
47,raw_clean,153,292,9.495214,8.358237,3.572896,1,1,0,0
47,raw_clean,154,469,5.439895,9.509448,7.49303,1,1,0,0
47,raw_clean,155,469,3.195532,11.528678,6.80194,1,1,0,0
47,raw_clean,156,469,3.195532,8.324687,3.035848,1,1,0,0
47,raw_clean,157,135,22.722782,25.67708,22.766554,1,1,0,0
47,raw_clean,158,286,7.363944,5.127844,-2.041781,1,1,1,1
47,raw_clean,159,437,13.886349,11.55352,11.270435,1,1,0,0
47,raw_clean,160,117,20.380648,16.109228,15.696495,1,1,0,0
47,raw_clean,161,147,-1.152697,-2.065175,1.642864,1,1,1,1
47,raw_clean,162,191,19.366335,18.081175,19.036156,1,1,0,0
47,raw_clean,163,191,19.366335,19.336172,19.816488,1,1,0,0
47,raw_clean,164,191,19.366335,15.07421,16.124022,1,1,0,0
47,raw_clean,165,191,18.081175,19.336172,18.218554,1,1,0,0
47,raw_clean,166,271,33.046543,33.442863,34.239628,1,1,0,0
47,raw_clean,167,115,10.899668,10.602077,10.397166,1,1,0,0
47,raw_clean,168,457,9.520326,9.765292,9.308578,1,1,0,0
47,raw_clean,169,457,9.520326,8.404091,8.10927,1,1,0,0
47,raw_clean,170,457,9.765292,8.404091,8.488464,1,1,0,0
47,raw_clean,171,1,36.478539,35.381691,34.062931,1,1,0,0
47,raw_clean,172,197,-1.677416,-10.257757,-8.535689,0,0,1,0
47,raw_clean,173,197,-10.257757,-1.616736,-8.161055,0,0,1,0
47,raw_clean,174,455,16.296932,14.248358,17.536303,1,1,0,0
47,raw_clean,175,455,14.248358,16.11496,17.366098,1,1,0,0
47,raw_clean,176,125,24.276419,16.527693,19.662951,0,0,1,0
47,raw_clean,177,229,-18.935148,-20.746172,-21.019938,0,0,1,0
47,raw_clean,178,229,-18.935148,-18.692202,-20.103159,0,0,1,0
47,raw_clean,179,229,-28.62319,-18.692202,-27.93545,0,0,1,0
47,raw_clean,180,311,8.860207,10.984521,10.146847,0,0,1,0
47,raw_clean,181,311,8.860207,9.595199,8.900291,0,0,1,0
47,raw_clean,182,311,10.984521,1.740601,4.349199,0,0,1,0
47,raw_clean,183,311,10.984521,9.595199,11.129847,0,0,1,0
47,raw_clean,184,340,20.053667,15.325385,15.1351,1,1,0,0
47,raw_clean,185,145,1.411494,0.680717,-4.888095,1,1,1,1
47,raw_clean,186,96,10.351727,9.132905,12.267136,0,0,1,0
47,raw_clean,187,96,7.371455,9.132905,9.180238,0,0,1,0
47,raw_clean,188,335,7.818927,7.847991,6.356977,1,1,0,0
47,raw_clean,189,335,7.847991,6.985678,5.821799,1,1,0,0
47,raw_clean,190,335,7.847991,10.331561,7.888811,1,1,0,0
47,raw_clean,191,16,14.295712,17.392664,14.421697,1,1,0,0
47,raw_clean,192,16,14.295712,11.976397,12.903094,1,1,0,0
47,raw_clean,193,16,14.295712,8.644369,12.051001,1,1,0,0
47,raw_clean,194,16,11.976397,8.644369,8.494675,1,1,0,0
47,raw_clean,195,107,26.397299,31.389067,33.022911,0,0,1,0
47,raw_clean,196,107,26.397299,19.000082,20.178404,0,0,1,0
47,raw_clean,197,107,26.397299,20.755713,22.026232,0,0,1,0
47,raw_clean,198,107,31.389067,19.000082,26.760641,0,0,1,0
47,raw_clean,199,107,31.389067,20.755713,27.693769,0,0,1,0
47,raw_clean,200,107,19.000082,20.755713,14.592824,0,0,1,0
47,raw_clean,201,134,-4.26571,-2.256246,-0.586159,1,1,0,0
47,raw_clean,202,419,2.513267,5.849718,0.414435,1,1,0,0
47,raw_clean,203,295,0.162889,1.535102,6.52687,0,0,1,0
47,raw_clean,204,289,12.668835,11.268052,11.055182,1,1,0,0
47,raw_clean,205,289,11.268052,12.25974,10.958417,1,1,0,0
47,raw_clean,206,354,9.590634,6.93085,3.056364,1,1,0,0
47,raw_clean,207,354,9.590634,8.980814,5.518166,1,1,0,0
47,raw_clean,208,354,9.590634,7.700536,4.660429,1,1,0,0
47,raw_clean,209,354,6.93085,8.980814,3.004833,1,1,0,0
47,raw_clean,210,354,18.575195,16.135475,20.025873,1,1,0,0
47,raw_clean,211,354,8.980814,7.700536,3.844085,1,1,0,0
47,raw_clean,212,304,11.808825,6.728172,6.142591,1,1,0,0
47,raw_clean,213,304,7.823559,6.728172,3.783186,1,1,0,0
47,raw_clean,214,304,6.728172,11.726192,6.337789,1,1,0,0
47,raw_clean,215,276,15.528268,15.14997,12.007301,1,1,0,0
47,raw_clean,216,276,15.528268,16.736891,13.764814,1,1,0,0
47,raw_clean,217,276,15.14997,16.736891,13.496816,1,1,0,0
47,raw_clean,218,233,-7.185802,-9.824588,-14.439769,0,0,1,0
47,raw_clean,219,233,-2.851381,1.37095,1.422996,0,1,0,0
47,raw_clean,220,233,-2.851381,-1.952974,-1.410742,0,0,1,0
47,raw_clean,221,233,-2.851381,-6.162858,-5.879879,0,0,1,0
47,raw_clean,222,233,1.37095,-1.952974,2.893559,1,0,0,0
47,raw_clean,223,233,1.37095,-6.162858,-0.763084,1,0,1,0
47,raw_clean,224,233,-1.952974,-6.162858,-4.357528,0,0,1,0
47,raw_clean,225,325,10.8311,10.363117,6.753891,1,1,0,0
47,raw_clean,226,325,10.8311,12.138394,8.449128,1,1,0,0
47,raw_clean,227,400,-6.916695,-15.191734,-16.362097,0,0,1,0
47,raw_clean,228,400,-6.916695,-3.604887,-5.440126,0,0,1,0
47,raw_clean,229,400,-6.916695,0.062405,-1.506552,0,1,1,0
47,raw_clean,230,400,-15.191734,-3.604887,-11.805093,0,0,1,0
47,raw_clean,231,400,-15.191734,0.062405,-8.73247,0,1,1,0
47,raw_clean,232,400,-15.191734,-12.354286,-22.078173,0,0,1,0
47,raw_clean,233,275,6.612144,8.109906,11.269107,0,0,1,0
47,raw_clean,234,66,-11.43928,-5.53238,-4.030065,1,1,0,0
47,raw_clean,235,302,19.458662,16.825483,17.089184,1,1,0,0
47,raw_clean,236,302,16.825483,18.038038,16.06884,1,1,0,0
47,raw_flipmine,0,173,-2.213544,1.715961,-2.353837,0,1,1,0
47,raw_flipmine,1,433,-3.495599,0.643856,-1.920395,0,1,1,0
47,raw_flipmine,2,433,-3.495599,-0.304134,-2.90129,0,0,1,0
47,raw_flipmine,3,433,0.643856,-0.304134,0.068787,1,0,0,0
47,raw_flipmine,4,105,-0.097312,-1.860304,-2.523426,0,0,1,0
47,raw_flipmine,5,161,0.982863,-0.737497,2.43192,0,1,1,0
47,raw_flipmine,6,336,-1.780845,-5.688409,-0.969561,1,1,0,0
47,raw_flipmine,7,136,1.400937,0.069906,-2.903837,1,1,1,1
47,raw_flipmine,8,136,1.400937,3.062006,-0.281948,1,1,1,1
47,raw_flipmine,9,136,1.400937,5.191544,2.674348,1,1,0,0
47,raw_flipmine,10,136,0.069906,3.062006,-0.619895,1,1,1,1
47,raw_flipmine,11,246,0.219034,-0.148541,-1.616106,1,0,1,0
47,raw_flipmine,12,246,0.219034,-0.72923,-2.082756,1,0,1,0
47,raw_flipmine,13,246,0.219034,-1.563237,-2.34,1,0,1,0
47,raw_flipmine,14,246,-0.148541,-0.72923,-2.961285,0,0,1,0
47,raw_flipmine,15,246,-0.148541,-1.563237,-3.305117,0,0,1,0
47,raw_flipmine,16,246,-0.72923,-1.563237,-4.179247,0,0,1,0
47,raw_flipmine,17,331,-14.619762,-19.765051,-28.789337,0,0,1,0
47,raw_flipmine,18,331,-14.619762,-19.233305,-28.009079,0,0,1,0
47,raw_flipmine,19,331,-14.619762,-20.526665,-29.437801,0,0,1,0
47,raw_flipmine,20,331,-19.765051,-19.233305,-33.710728,0,0,1,0
47,raw_flipmine,21,331,-19.765051,-20.526665,-35.693733,0,0,1,0
47,raw_flipmine,22,331,-19.233305,-20.526665,-34.809452,0,0,1,0
47,raw_flipmine,23,81,-22.377476,-15.166398,-30.747118,0,0,1,0
47,raw_flipmine,24,81,-22.377476,-13.992997,-27.606297,0,0,1,0
47,raw_flipmine,25,81,-15.166398,-13.992997,-21.521608,0,0,1,0
47,raw_flipmine,26,357,4.149101,3.221312,2.510735,1,1,0,0
47,raw_flipmine,27,106,3.960133,-1.068907,-1.039137,1,0,1,0
47,raw_flipmine,28,485,-1.244692,-2.886445,-5.049937,0,0,1,0
47,raw_flipmine,29,485,-2.886445,-0.853134,-4.407454,0,0,1,0
47,raw_flipmine,30,418,-0.561292,-3.509672,-1.171906,1,1,0,0
47,raw_flipmine,31,418,-0.561292,-1.909468,-0.131311,1,1,0,0
47,raw_flipmine,32,109,0.623472,1.497241,-0.138678,1,1,1,1
47,raw_flipmine,33,13,-0.555934,0.556726,-6.400115,0,1,1,0
47,raw_flipmine,34,326,-5.583141,-2.586867,-7.425188,0,0,1,0
47,raw_flipmine,35,285,3.262662,4.618858,3.956988,0,0,1,0
47,raw_flipmine,36,285,3.262662,4.56243,3.965332,0,0,1,0
47,raw_flipmine,37,285,3.262662,4.784921,4.094832,0,0,1,0
47,raw_flipmine,38,342,-6.307044,-9.064808,-16.043272,0,0,1,0
47,raw_flipmine,39,230,2.283397,1.709912,-0.490365,1,1,1,1
47,raw_flipmine,40,174,-0.151412,6.189097,1.595688,0,1,0,0
47,raw_flipmine,41,149,-2.177566,-4.142493,-12.870488,0,0,1,0
47,raw_flipmine,42,362,0.741737,1.88978,4.121744,0,0,1,0
47,raw_flipmine,43,362,0.741737,2.531082,5.67391,0,0,1,0
47,raw_flipmine,44,362,1.88978,2.531082,5.324194,0,0,1,0
47,raw_flipmine,45,399,0.56598,0.300041,-1.687693,1,1,1,1
47,raw_flipmine,46,399,0.56598,-1.404583,-3.42216,1,0,1,0
47,raw_flipmine,47,399,0.300041,-1.404583,-3.536172,1,0,1,0
47,raw_flipmine,48,39,2.288389,0.1952,2.204674,0,0,1,0
47,raw_flipmine,49,84,3.657381,3.925794,3.974506,1,1,0,0
47,raw_flipmine,50,84,3.657381,3.641783,3.721482,1,1,0,0
47,raw_flipmine,51,84,3.657381,3.675233,3.739064,1,1,0,0
47,raw_flipmine,52,84,3.54153,3.641783,3.479841,1,1,0,0
47,raw_flipmine,53,84,3.54153,3.675233,3.43095,1,1,0,0
47,raw_flipmine,54,84,3.925794,3.641783,3.860455,1,1,0,0
47,raw_flipmine,55,84,3.925794,3.675233,3.990127,1,1,0,0
47,raw_flipmine,56,84,3.641783,3.675233,3.575154,1,1,0,0
47,raw_flipmine,57,15,-7.33471,-4.333517,-1.767868,1,1,0,0
47,raw_flipmine,58,15,-7.33471,-0.641738,1.202151,1,1,1,1
47,raw_flipmine,59,15,-8.141154,-4.333517,-2.530752,1,1,0,0
47,raw_flipmine,60,15,-8.141154,-0.641738,0.560386,1,1,1,1
47,raw_flipmine,61,15,-4.333517,-0.641738,3.055902,1,1,1,1
47,raw_flipmine,62,363,-1.759903,-1.584138,-1.984742,0,0,1,0
47,raw_flipmine,63,140,0.496061,1.792928,0.820744,1,1,0,0
47,raw_flipmine,64,236,-8.789686,-5.328042,-15.773421,0,0,1,0
47,raw_flipmine,65,35,3.200743,3.816348,1.570085,1,1,0,0
47,raw_flipmine,66,192,-4.212697,-2.023976,0.570453,1,1,1,1
47,raw_flipmine,67,192,-2.023976,0.923732,3.827083,1,0,1,0
47,raw_flipmine,68,99,-11.503165,-9.164121,-9.951787,1,1,0,0
47,raw_flipmine,69,489,-4.159613,-3.086956,-4.438642,0,0,1,0
47,raw_flipmine,70,484,3.272556,4.785891,3.035491,1,1,0,0
47,raw_flipmine,71,484,4.785891,3.012698,3.529953,1,1,0,0
47,raw_flipmine,72,49,-8.695769,-8.83596,-12.897024,0,0,1,0
47,raw_flipmine,73,493,-15.03724,-13.417233,-19.238146,0,0,1,0
47,raw_flipmine,74,493,-15.03724,-14.43879,-20.851339,0,0,1,0
47,raw_flipmine,75,493,-15.03724,-13.375628,-18.069843,0,0,1,0
47,raw_flipmine,76,493,-13.417233,-14.43879,-19.182192,0,0,1,0
47,raw_flipmine,77,493,-13.417233,-13.375628,-15.705991,0,0,1,0
47,raw_flipmine,78,493,-14.43879,-13.375628,-16.958391,0,0,1,0
47,raw_flipmine,79,171,3.451777,4.969803,3.753423,1,1,0,0
47,raw_flipmine,80,190,4.029083,2.795392,3.761663,1,1,0,0
47,raw_flipmine,81,237,0.486959,7.547643,1.163162,1,1,0,0
47,raw_flipmine,82,237,0.486959,2.475732,-4.933181,1,1,1,1
47,raw_flipmine,83,87,-2.618543,1.496634,-3.921152,0,1,1,0
47,raw_flipmine,84,288,2.098556,0.540258,-1.187037,1,1,1,1
47,raw_flipmine,85,288,0.092989,0.540258,-2.141754,1,1,1,1
47,raw_flipmine,86,272,-11.939223,-10.662598,-17.196445,0,0,1,0
47,raw_flipmine,87,272,-11.939223,-14.761898,-22.542053,0,0,1,0
47,raw_flipmine,88,272,-9.562519,-2.906344,-4.587558,0,0,1,0
47,raw_flipmine,89,272,-9.562519,-11.235628,-13.693974,0,0,1,0
47,raw_flipmine,90,272,-2.906344,-11.235628,-6.573813,0,0,1,0
47,raw_flipmine,91,491,-17.8361,-17.903397,-13.570441,1,1,0,0
47,raw_flipmine,92,82,-30.017542,-22.26811,-35.232986,0,0,1,0
47,raw_flipmine,93,82,-30.017542,-25.322758,-35.362103,0,0,1,0
47,raw_flipmine,94,82,-22.26811,-25.322758,-26.831224,0,0,1,0
47,raw_flipmine,95,82,-22.26811,-22.121845,-27.199221,0,0,1,0
47,raw_flipmine,96,330,3.688617,2.961365,3.419594,0,0,1,0
47,raw_flipmine,97,330,2.961365,0.159411,0.320002,0,0,1,0
47,raw_flipmine,98,372,1.527047,0.233539,1.264095,0,0,1,0
47,raw_flipmine,99,372,1.527047,2.298955,3.38143,0,0,1,0
47,raw_flipmine,100,372,0.233539,2.298955,2.358514,0,0,1,0
47,raw_flipmine,101,55,6.307286,2.524354,1.640015,1,1,0,0
47,raw_flipmine,102,55,4.429994,2.524354,-0.789745,1,1,1,1
47,raw_flipmine,103,427,-0.207385,-0.980731,1.836883,0,0,0,0
47,raw_flipmine,104,102,3.356037,2.92719,1.348721,1,1,0,0
47,raw_flipmine,105,102,3.736939,2.92719,1.33936,1,1,0,0
47,raw_flipmine,106,376,-8.522676,-20.126951,-12.643042,0,0,1,0
47,raw_flipmine,107,422,0.664719,1.130214,1.495215,0,0,1,0
47,raw_flipmine,108,100,-9.601046,-9.162515,-8.086201,1,1,0,0
47,raw_flipmine,109,100,-9.601046,-11.063117,-10.008444,1,1,0,0
47,raw_flipmine,110,100,-9.162515,-11.063117,-9.545527,1,1,0,0
47,raw_flipmine,111,463,4.967261,6.364023,5.522997,1,1,0,0
47,raw_flipmine,112,444,-1.474,-0.056527,-0.926633,0,0,1,0
47,raw_flipmine,113,444,-1.474,0.08644,-1.360821,0,1,1,0
47,raw_flipmine,114,444,-1.474,0.780878,-0.053459,0,1,1,0
47,raw_flipmine,115,444,-0.056527,0.08644,0.606261,0,1,0,0
47,raw_flipmine,116,444,-0.056527,0.780878,1.381611,0,1,0,0
47,raw_flipmine,117,444,0.08644,0.780878,1.501816,1,1,0,0
47,raw_flipmine,118,370,1.974461,-0.006722,-1.728043,1,0,1,0
47,raw_flipmine,119,370,-2.077157,-0.006722,-6.206209,0,0,1,0
47,raw_flipmine,120,53,-11.273277,-7.731579,-7.044721,1,1,0,0
47,raw_flipmine,121,37,-10.246078,-9.680213,-6.357309,1,1,0,0
47,raw_flipmine,122,183,-6.651593,-4.399128,-3.348463,1,1,0,0
47,raw_flipmine,123,183,-6.651593,-3.556952,-2.042876,1,1,0,0
47,raw_flipmine,124,126,-11.203577,-12.034448,-13.736768,0,0,1,0
47,raw_flipmine,125,126,-11.203577,-12.359272,-14.415788,0,0,1,0
47,raw_flipmine,126,126,-12.034448,-12.359272,-15.274899,0,0,1,0
47,raw_flipmine,127,90,-4.90644,-2.247316,-9.384429,0,0,1,0
47,raw_flipmine,128,90,-4.90644,-1.570683,-8.565177,0,0,1,0
47,raw_flipmine,129,90,-4.90644,-4.825425,-12.116861,0,0,1,0
47,raw_flipmine,130,90,-4.90644,-3.062434,-11.580928,0,0,1,0
47,raw_flipmine,131,90,-4.90644,-4.155007,-11.179137,0,0,1,0
47,raw_flipmine,132,90,-1.570683,-4.825425,-9.041428,0,0,1,0
47,raw_flipmine,133,90,-1.570683,-3.062434,-6.900866,0,0,1,0
47,raw_flipmine,134,90,-1.570683,-4.155007,-7.267216,0,0,1,0
47,raw_flipmine,135,90,-4.825425,-3.062434,-12.599277,0,0,1,0
47,raw_flipmine,136,90,-4.825425,-4.155007,-12.641496,0,0,1,0
47,raw_flipmine,137,244,-0.9748,-2.780161,-3.653176,0,0,1,0
47,raw_flipmine,138,315,-0.401769,-0.251249,2.171361,1,1,1,1
47,raw_flipmine,139,343,-1.841754,-3.109635,-2.273391,0,0,1,0
47,raw_flipmine,140,443,1.379412,0.930552,1.338579,0,0,1,0
47,raw_flipmine,141,98,4.350941,1.477417,0.306949,1,1,0,0
47,raw_flipmine,142,98,1.710057,1.477417,-3.082628,1,1,1,1
47,raw_flipmine,143,10,-4.590042,-6.511259,-4.120546,1,1,0,0
47,raw_flipmine,144,502,-24.446301,-18.259432,-13.643815,1,1,0,0
47,raw_flipmine,145,502,-32.191948,-18.259432,-19.182529,1,1,0,0
47,raw_flipmine,146,502,-18.259432,-24.558765,-14.396077,1,1,0,0
47,raw_flipmine,147,208,-1.468328,-3.551028,-3.022359,0,0,1,0
47,raw_flipmine,148,208,-1.468328,-6.623075,-6.981734,0,0,1,0
47,raw_flipmine,149,245,-13.275277,-11.751198,-16.83132,0,0,1,0
47,raw_flipmine,150,380,6.955225,5.321206,2.836267,1,1,0,0
47,raw_flipmine,151,380,6.955225,5.916819,3.332261,1,1,0,0
47,raw_flipmine,152,380,5.321206,5.916819,1.745026,1,1,0,0
47,raw_flipmine,153,292,0.024525,-0.20977,-2.831497,1,0,1,0
47,raw_flipmine,154,469,4.448578,3.197512,3.801244,1,1,0,0
47,raw_flipmine,155,469,2.8721,4.650387,3.974364,1,1,0,0
47,raw_flipmine,156,469,2.8721,2.925916,1.234812,1,1,0,0
47,raw_flipmine,157,135,5.433517,6.184411,3.231702,1,1,0,0
47,raw_flipmine,158,286,-3.12561,-2.920135,-11.10165,0,0,1,0
47,raw_flipmine,159,437,-2.272035,-3.058318,-3.493285,0,0,1,0
47,raw_flipmine,160,117,-2.215095,-1.553497,-1.71753,0,0,1,0
47,raw_flipmine,161,147,-1.288636,-0.462045,1.394333,1,1,1,1
47,raw_flipmine,162,191,-0.725475,-0.810853,-1.580024,0,0,1,0
47,raw_flipmine,163,191,-0.725475,-0.509734,-0.921185,0,0,1,0
47,raw_flipmine,164,191,-0.725475,-1.020255,-2.670736,0,0,1,0
47,raw_flipmine,165,191,-0.810853,-0.509734,-1.057591,0,0,1,0
47,raw_flipmine,166,271,2.027343,1.705606,0.585387,1,1,0,0
47,raw_flipmine,167,115,2.808532,2.062689,0.956036,1,1,0,0
47,raw_flipmine,168,457,5.039063,3.857468,3.418137,1,1,0,0
47,raw_flipmine,169,457,5.039063,4.778564,4.534873,1,1,0,0
47,raw_flipmine,170,457,3.857468,4.778564,3.504882,1,1,0,0
47,raw_flipmine,171,1,7.277557,7.733417,7.160186,1,1,0,0
47,raw_flipmine,172,197,-0.662479,-7.04907,-7.446622,0,0,1,0
47,raw_flipmine,173,197,-7.04907,-0.471821,-6.997715,0,0,1,0
47,raw_flipmine,174,455,-0.627094,-0.235224,-1.403461,0,0,1,0
47,raw_flipmine,175,455,-0.235224,-0.626467,-0.922565,0,0,1,0
47,raw_flipmine,176,125,6.126819,6.191568,6.09298,0,0,1,0
47,raw_flipmine,177,229,-20.182882,-27.334904,-24.281773,0,0,1,0
47,raw_flipmine,178,229,-20.182882,-31.51786,-28.134153,0,0,1,0
47,raw_flipmine,179,229,-36.646717,-31.51786,-45.845028,0,0,1,0
47,raw_flipmine,180,311,4.54554,4.606594,4.33483,0,0,1,0
47,raw_flipmine,181,311,4.54554,4.412974,4.328705,0,0,1,0
47,raw_flipmine,182,311,4.606594,5.07256,4.910393,0,0,1,0
47,raw_flipmine,183,311,4.606594,4.412974,4.105797,0,0,1,0
47,raw_flipmine,184,340,-0.73996,-3.05172,-2.400036,0,0,1,0
47,raw_flipmine,185,145,-8.662363,-8.484956,-13.304665,0,0,1,0
47,raw_flipmine,186,96,3.461169,4.167634,4.392575,0,0,1,0
47,raw_flipmine,187,96,0.740065,4.167634,4.192558,0,0,1,0
47,raw_flipmine,188,335,-1.930735,-2.679363,-4.235504,0,0,1,0
47,raw_flipmine,189,335,-2.679363,-0.838838,-3.547132,0,0,1,0
47,raw_flipmine,190,335,-2.679363,-2.214165,-4.508937,0,0,1,0
47,raw_flipmine,191,16,1.476421,2.496672,3.804275,1,1,0,0
47,raw_flipmine,192,16,1.476421,-2.857494,0.482891,1,0,0,0
47,raw_flipmine,193,16,1.476421,-3.036825,0.618757,1,0,0,0
47,raw_flipmine,194,16,-2.857494,-3.036825,-3.75898,0,0,1,0
47,raw_flipmine,195,107,2.330532,1.722143,3.712516,0,0,1,0
47,raw_flipmine,196,107,2.330532,1.350439,2.052552,0,0,1,0
47,raw_flipmine,197,107,2.330532,0.572435,2.555112,0,0,1,0
47,raw_flipmine,198,107,1.722143,1.350439,2.391284,0,0,1,0
47,raw_flipmine,199,107,1.722143,0.572435,2.469016,0,0,1,0
47,raw_flipmine,200,107,1.350439,0.572435,1.278657,0,0,1,0
47,raw_flipmine,201,134,1.590807,2.115621,2.553617,0,0,1,0
47,raw_flipmine,202,419,-6.256836,-3.098823,-4.975548,0,0,1,0
47,raw_flipmine,203,295,-1.313948,-0.580482,-0.23967,1,1,0,0
47,raw_flipmine,204,289,1.540834,1.057855,-0.168515,1,1,1,1
47,raw_flipmine,205,289,1.057855,2.194179,0.697559,1,1,0,0
47,raw_flipmine,206,354,11.121834,8.687633,10.215504,1,1,0,0
47,raw_flipmine,207,354,11.121834,11.208866,11.495754,1,1,0,0
47,raw_flipmine,208,354,11.121834,8.016723,8.283783,1,1,0,0
47,raw_flipmine,209,354,8.687633,11.208866,10.583276,1,1,0,0
47,raw_flipmine,210,354,9.259665,9.739967,7.60899,1,1,0,0
47,raw_flipmine,211,354,11.208866,8.016723,8.927547,1,1,0,0
47,raw_flipmine,212,304,-1.597234,-4.433864,-5.656441,0,0,1,0
47,raw_flipmine,213,304,-4.657405,-4.433864,-8.15823,0,0,1,0
47,raw_flipmine,214,304,-4.433864,-1.418376,-5.208615,0,0,1,0
47,raw_flipmine,215,276,-3.354671,-2.975997,-5.231162,0,0,1,0
47,raw_flipmine,216,276,-3.354671,-3.021074,-4.558866,0,0,1,0
47,raw_flipmine,217,276,-2.975997,-3.021074,-3.672806,0,0,1,0
47,raw_flipmine,218,233,-11.217231,-14.912381,-18.667919,0,0,1,0
47,raw_flipmine,219,233,-7.401,-0.825723,-3.51161,0,0,1,0
47,raw_flipmine,220,233,-7.401,-6.830237,-10.487597,0,0,1,0
47,raw_flipmine,221,233,-7.401,-6.866337,-7.431704,0,0,1,0
47,raw_flipmine,222,233,-0.825723,-6.830237,-5.141462,0,0,1,0
47,raw_flipmine,223,233,-0.825723,-6.866337,-1.437107,0,0,1,0
47,raw_flipmine,224,233,-6.830237,-6.866337,-7.847936,0,0,1,0
47,raw_flipmine,225,325,0.497664,0.656452,0.314892,1,1,0,0
47,raw_flipmine,226,325,0.497664,0.862495,0.618756,1,1,0,0
47,raw_flipmine,227,400,-13.567435,-9.177751,-16.395737,0,0,1,0
47,raw_flipmine,228,400,-13.567435,-7.739492,-15.749932,0,0,1,0
47,raw_flipmine,229,400,-13.567435,-7.031371,-13.403484,0,0,1,0
47,raw_flipmine,230,400,-9.177751,-7.739492,-10.997277,0,0,1,0
47,raw_flipmine,231,400,-9.177751,-7.031371,-9.742571,0,0,1,0
47,raw_flipmine,232,400,-9.177751,-5.963778,-8.83535,0,0,1,0
47,raw_flipmine,233,275,-13.966639,-14.392589,-11.844683,1,1,0,0
47,raw_flipmine,234,66,-13.141629,-5.832181,-4.667557,1,1,0,0
47,raw_flipmine,235,302,11.145429,11.257007,11.27159,1,1,0,0
47,raw_flipmine,236,302,11.257006,11.030811,11.169746,1,1,0,0
47,relfeat,0,173,15.912461,18.150625,8.22494,1,1,0,0
47,relfeat,1,433,18.598911,14.8637,7.139117,1,1,0,0
47,relfeat,2,433,18.598911,15.786191,9.814733,1,1,0,0
47,relfeat,3,433,14.8637,15.786191,5.916718,1,1,0,0
47,relfeat,4,105,-3.521873,-1.878627,-5.939222,0,0,1,0
47,relfeat,5,161,1.505361,1.801091,5.970253,0,0,1,0
47,relfeat,6,336,17.165066,19.746437,26.093191,0,0,1,0
47,relfeat,7,136,13.85603,11.791301,-1.060052,1,1,1,1
47,relfeat,8,136,13.85603,20.68265,7.152438,1,1,0,0
47,relfeat,9,136,13.85603,20.68265,4.967587,1,1,0,0
47,relfeat,10,136,11.791301,20.68265,6.392486,1,1,0,0
47,relfeat,11,246,9.205335,18.384264,8.055471,1,1,0,0
47,relfeat,12,246,9.205335,10.652541,-3.150904,1,1,1,1
47,relfeat,13,246,9.205335,9.61799,-1.020862,1,1,1,1
47,relfeat,14,246,18.384264,10.652541,8.518766,1,1,0,0
47,relfeat,15,246,18.384264,9.61799,6.792452,1,1,0,0
47,relfeat,16,246,10.652541,9.61799,-1.247934,1,1,1,1
47,relfeat,17,331,20.368345,16.88483,2.716662,1,1,0,0
47,relfeat,18,331,20.368345,11.441386,-4.556032,1,1,1,1
47,relfeat,19,331,20.368345,11.441406,-2.407326,1,1,1,1
47,relfeat,20,331,16.88483,11.441386,-9.693688,1,1,1,1
47,relfeat,21,331,16.88483,11.441406,-9.915796,1,1,1,1
47,relfeat,22,331,11.441386,11.441406,-15.616635,1,1,1,1
47,relfeat,23,81,28.695566,21.438074,9.188687,1,1,0,0
47,relfeat,24,81,28.695566,21.438074,10.981401,1,1,0,0
47,relfeat,25,81,21.438074,21.438074,4.071935,1,1,0,0
47,relfeat,26,357,13.455143,22.020061,12.733798,1,1,0,0
47,relfeat,27,106,10.030713,-1.501818,-0.453654,1,0,1,0
47,relfeat,28,485,13.010794,8.689981,-1.620975,1,1,1,1
47,relfeat,29,485,8.689981,13.71177,1.206223,1,1,0,0
47,relfeat,30,418,13.728055,5.496089,15.747429,0,0,1,0
47,relfeat,31,418,13.728055,5.496095,15.947082,0,0,1,0
47,relfeat,32,109,6.586471,6.668907,4.025956,1,1,0,0
47,relfeat,33,13,4.493996,6.861845,-13.60058,1,1,1,1
47,relfeat,34,326,15.143756,24.729071,6.677042,1,1,0,0
47,relfeat,35,285,5.951077,10.583589,11.21248,0,0,1,0
47,relfeat,36,285,5.951077,10.61506,11.566945,0,0,1,0
47,relfeat,37,285,5.951077,10.161935,11.247041,0,0,1,0
47,relfeat,38,342,23.513391,26.570219,22.38275,1,1,0,0
47,relfeat,39,230,6.589664,3.584472,-2.434275,1,1,1,1
47,relfeat,40,174,23.5361,27.25914,20.970804,1,1,0,0
47,relfeat,41,149,17.098251,16.264198,-6.275096,1,1,1,1
47,relfeat,42,362,3.249293,5.829658,4.502285,0,0,1,0
47,relfeat,43,362,3.249293,2.57642,3.565136,0,0,1,0
47,relfeat,44,362,5.829658,2.57642,3.499799,0,0,1,0
47,relfeat,45,399,6.493223,4.701565,-4.010043,1,1,1,1
47,relfeat,46,399,6.493223,1.696783,-9.165472,1,1,1,1
47,relfeat,47,399,4.701565,1.696783,-10.303452,1,1,1,1
47,relfeat,48,39,3.974597,5.956828,7.575154,0,0,1,0
47,relfeat,49,84,12.534952,7.942346,10.156273,1,1,0,0
47,relfeat,50,84,12.534952,10.585153,12.280376,1,1,0,0
47,relfeat,51,84,12.534952,10.585145,12.430822,1,1,0,0
47,relfeat,52,84,11.290647,10.585153,8.867592,1,1,0,0
47,relfeat,53,84,11.290647,10.585145,8.667602,1,1,0,0
47,relfeat,54,84,7.942346,10.585153,7.099823,1,1,0,0
47,relfeat,55,84,7.942346,10.585145,6.722132,1,1,0,0
47,relfeat,56,84,10.585153,10.585145,9.5621,1,1,0,0
47,relfeat,57,15,7.187115,22.449095,23.939547,0,0,1,0
47,relfeat,58,15,7.187115,19.468904,21.475054,0,0,1,0
47,relfeat,59,15,-1.353766,22.449095,15.247922,1,0,1,0
47,relfeat,60,15,-1.353766,19.468904,14.273215,1,0,1,0
47,relfeat,61,15,22.449095,19.468904,33.815014,0,0,1,0
47,relfeat,62,363,14.271771,12.267159,10.841076,1,1,0,0
47,relfeat,63,140,18.163017,17.721691,10.487453,1,1,0,0
47,relfeat,64,236,5.45723,15.295414,-5.989717,1,1,1,1
47,relfeat,65,35,11.095871,12.693431,4.040012,1,1,0,0
47,relfeat,66,192,1.210542,5.497018,9.826818,0,0,1,0
47,relfeat,67,192,5.497018,5.497042,10.946156,0,0,1,0
47,relfeat,68,99,-29.829903,-23.019123,-24.231703,1,1,0,0
47,relfeat,69,489,2.210879,12.549314,3.306769,1,1,0,0
47,relfeat,70,484,4.729678,5.063731,-3.842588,1,1,1,1
47,relfeat,71,484,5.063731,5.817787,-2.666815,1,1,1,1
47,relfeat,72,49,15.858912,12.090566,-8.213417,1,1,1,1
47,relfeat,73,493,7.32063,12.990389,-0.304227,1,1,1,1
47,relfeat,74,493,7.32063,12.329437,-1.718887,1,1,1,1
47,relfeat,75,493,7.32063,12.329427,1.246608,1,1,0,0
47,relfeat,76,493,12.990389,12.329437,6.995378,1,1,0,0
47,relfeat,77,493,12.990389,12.329427,8.87258,1,1,0,0
47,relfeat,78,493,12.329437,12.329427,7.474149,1,1,0,0
47,relfeat,79,171,34.365562,38.146961,24.003151,1,1,0,0
47,relfeat,80,190,11.590512,15.351707,10.995442,1,1,0,0
47,relfeat,81,237,-4.061464,8.013019,-3.126892,0,1,1,0
47,relfeat,82,237,-4.061464,2.002293,-11.166223,0,1,1,0
47,relfeat,83,87,26.19165,28.296432,17.409964,1,1,0,0
47,relfeat,84,288,16.034941,12.063851,4.010224,1,1,0,0
47,relfeat,85,288,9.242534,12.063851,-3.391318,1,1,1,1
47,relfeat,86,272,10.365352,8.382986,1.900072,1,1,0,0
47,relfeat,87,272,10.365352,8.752517,-3.060769,1,1,1,1
47,relfeat,88,272,6.068161,13.754488,-0.993232,1,1,1,1
47,relfeat,89,272,6.068161,12.474897,-0.202246,1,1,1,1
47,relfeat,90,272,13.754488,12.474897,5.524751,1,1,0,0
47,relfeat,91,491,-2.22644,-2.226434,1.550501,1,1,1,1
47,relfeat,92,82,-7.154376,-3.188881,-22.719511,0,0,1,0
47,relfeat,93,82,-7.154376,4.258487,-14.158546,0,1,1,0
47,relfeat,94,82,-3.188881,4.258487,-8.338308,0,1,1,0
47,relfeat,95,82,-3.188881,4.25847,-10.454175,0,1,1,0
47,relfeat,96,330,-1.634065,1.024447,1.968221,1,0,1,0
47,relfeat,97,330,1.024447,-3.911962,-2.609092,0,1,0,0
47,relfeat,98,372,6.033183,2.517193,8.580204,0,0,1,0
47,relfeat,99,372,6.033183,6.921599,10.417666,0,0,1,0
47,relfeat,100,372,2.517193,6.921599,7.668278,0,0,1,0
47,relfeat,101,55,43.547352,35.938675,32.056545,1,1,0,0
47,relfeat,102,55,46.07156,35.938675,32.358379,1,1,0,0
47,relfeat,103,427,18.226221,14.203753,7.720104,1,1,0,0
47,relfeat,104,102,29.432947,23.967691,14.0686,1,1,0,0
47,relfeat,105,102,32.586266,23.967691,13.543275,1,1,0,0
47,relfeat,106,376,9.750803,6.494655,10.634816,1,1,0,0
47,relfeat,107,422,-8.112521,-4.51837,-3.473134,1,1,0,0
47,relfeat,108,100,-9.720218,-8.498429,-2.055813,1,1,0,0
47,relfeat,109,100,-9.720218,-8.498427,-3.084593,1,1,0,0
47,relfeat,110,100,-8.498429,-8.498427,-4.185676,1,1,0,0
47,relfeat,111,463,5.404219,4.148252,-2.957605,1,1,1,1
47,relfeat,112,444,-0.459833,3.533309,-6.446808,0,1,1,0
47,relfeat,113,444,-0.459833,3.797051,-4.526897,0,1,1,0
47,relfeat,114,444,-0.459833,3.797045,-5.736814,0,1,1,0
47,relfeat,115,444,3.533309,3.797051,-2.220137,1,1,1,1
47,relfeat,116,444,3.533309,3.797045,-1.704001,1,1,1,1
47,relfeat,117,444,3.797051,3.797045,-1.855195,1,1,1,1
47,relfeat,118,370,5.289606,2.014947,-2.093833,1,1,1,1
47,relfeat,119,370,2.121902,2.014947,-5.70114,1,1,1,1
47,relfeat,120,53,4.692982,10.99513,15.545634,0,0,1,0
47,relfeat,121,37,-13.837615,-10.836146,-7.303382,1,1,0,0
47,relfeat,122,183,6.726252,10.787723,13.401261,0,0,1,0
47,relfeat,123,183,6.726252,10.787688,12.920344,0,0,1,0
47,relfeat,124,126,-0.335408,2.987869,-1.813239,0,1,1,0
47,relfeat,125,126,-0.335408,2.987835,-2.388467,0,1,1,0
47,relfeat,126,126,2.987869,2.987835,-1.651258,1,1,1,1
47,relfeat,127,90,10.045505,24.024363,2.358107,1,1,0,0
47,relfeat,128,90,10.045505,18.768162,-4.185091,1,1,1,1
47,relfeat,129,90,10.045505,12.238983,-11.255723,1,1,1,1
47,relfeat,130,90,10.045505,23.092558,-1.466207,1,1,1,1
47,relfeat,131,90,10.045505,23.092543,0.813463,1,1,0,0
47,relfeat,132,90,18.768162,12.238983,-1.6793,1,1,1,1
47,relfeat,133,90,18.768162,23.092558,10.677636,1,1,0,0
47,relfeat,134,90,18.768162,23.092543,9.240619,1,1,0,0
47,relfeat,135,90,12.238983,23.092558,2.632361,1,1,0,0
47,relfeat,136,90,12.238983,23.092543,5.143702,1,1,0,0
47,relfeat,137,244,13.6986,12.218663,2.966834,1,1,0,0
47,relfeat,138,315,7.141791,7.166344,12.329904,0,0,1,0
47,relfeat,139,343,13.889218,10.428684,3.733775,1,1,0,0
47,relfeat,140,443,13.712926,17.661867,17.593817,0,0,1,0
47,relfeat,141,98,-15.686746,-6.958807,-16.969801,0,0,1,0
47,relfeat,142,98,-4.37716,-6.958807,-10.11971,0,0,1,0
47,relfeat,143,10,5.16449,5.164517,11.426257,0,0,1,0
47,relfeat,144,502,-14.185239,1.793388,8.395118,1,0,1,0
47,relfeat,145,502,-22.453115,1.793388,3.138324,1,0,1,0
47,relfeat,146,502,1.793388,-18.050215,5.100038,0,1,1,0
47,relfeat,147,208,12.447169,25.022072,9.198113,1,1,0,0
47,relfeat,148,208,12.447169,12.611556,-2.342108,1,1,1,1
47,relfeat,149,245,26.896654,32.422115,22.318535,1,1,0,0
47,relfeat,150,380,14.57807,14.989953,0.15676,1,1,0,0
47,relfeat,151,380,14.57807,11.745865,-3.049569,1,1,1,1
47,relfeat,152,380,14.989953,11.745865,-5.833581,1,1,1,1
47,relfeat,153,292,21.95549,23.516523,5.342741,1,1,0,0
47,relfeat,154,469,-3.617214,-1.272855,-5.516883,0,0,1,0
47,relfeat,155,469,2.347423,0.908559,1.71818,1,1,0,0
47,relfeat,156,469,2.347423,-1.163297,0.936175,1,0,0,0
47,relfeat,157,135,1.763946,-0.356911,-4.597239,1,0,1,0
47,relfeat,158,286,14.322893,13.056682,-2.860077,1,1,1,1
47,relfeat,159,437,9.49639,7.945901,7.333945,1,1,0,0
47,relfeat,160,117,24.023991,21.91382,8.336291,1,1,0,0
47,relfeat,161,147,-8.384392,-4.532934,9.089869,1,1,1,1
47,relfeat,162,191,13.849017,11.281161,7.361772,1,1,0,0
47,relfeat,163,191,13.849017,5.718492,2.88588,1,1,0,0
47,relfeat,164,191,13.849017,19.627617,14.41258,1,1,0,0
47,relfeat,165,191,11.281161,5.718492,0.165865,1,1,0,0
47,relfeat,166,271,7.65517,8.997888,9.635565,1,1,0,0
47,relfeat,167,115,10.145808,7.801435,-3.333084,1,1,1,1
47,relfeat,168,457,5.899528,6.017874,3.928108,1,1,0,0
47,relfeat,169,457,5.899528,5.588066,4.660319,1,1,0,0
47,relfeat,170,457,6.017874,5.588066,3.697277,1,1,0,0
47,relfeat,171,1,12.849329,21.186003,8.95855,1,1,0,0
47,relfeat,172,197,15.977891,16.55423,10.234275,1,1,0,0
47,relfeat,173,197,16.55423,13.45849,6.553464,1,1,0,0
47,relfeat,174,455,7.157443,3.101111,-0.461478,1,1,1,1
47,relfeat,175,455,3.101111,11.919396,3.524893,1,1,0,0
47,relfeat,176,125,1.166568,-2.032711,4.205291,0,1,1,0
47,relfeat,177,229,9.818775,8.550625,5.993172,1,1,0,0
47,relfeat,178,229,9.818775,5.290526,2.424232,1,1,0,0
47,relfeat,179,229,-1.166578,5.290526,-14.749791,0,1,1,0
47,relfeat,180,311,-3.919259,-1.704407,-2.03427,1,1,0,0
47,relfeat,181,311,-3.919259,-2.962305,-1.725145,1,1,0,0
47,relfeat,182,311,-1.704407,-1.288935,-1.352178,1,1,0,0
47,relfeat,183,311,-1.704407,-2.962305,-0.80744,1,1,0,0
47,relfeat,184,340,14.463655,8.91512,0.265759,1,1,0,0
47,relfeat,185,145,11.051549,14.567642,-10.31172,1,1,1,1
47,relfeat,186,96,-22.171885,-13.308785,-13.040064,1,1,0,0
47,relfeat,187,96,-22.361568,-13.308785,-13.098785,1,1,0,0
47,relfeat,188,335,12.74448,10.879658,3.527816,1,1,0,0
47,relfeat,189,335,10.879658,9.293838,3.477042,1,1,0,0
47,relfeat,190,335,10.879658,9.293853,3.261977,1,1,0,0
47,relfeat,191,16,21.672581,21.357042,19.592476,1,1,0,0
47,relfeat,192,16,21.672581,15.484517,19.03808,1,1,0,0
47,relfeat,193,16,21.672581,15.484503,20.384829,1,1,0,0
47,relfeat,194,16,15.484517,15.484503,13.538196,1,1,0,0
47,relfeat,195,107,12.887059,7.000327,12.126304,0,0,1,0
47,relfeat,196,107,12.887059,11.023811,16.303925,0,0,1,0
47,relfeat,197,107,12.887059,11.023768,16.502882,0,0,1,0
47,relfeat,198,107,7.000327,11.023811,10.832591,0,0,1,0
47,relfeat,199,107,7.000327,11.023768,9.303096,0,0,1,0
47,relfeat,200,107,11.023811,11.023768,15.523255,0,0,1,0
47,relfeat,201,134,7.71887,4.872513,13.353007,0,0,1,0
47,relfeat,202,419,5.05716,2.317987,-4.680013,1,1,1,1
47,relfeat,203,295,6.481135,7.570446,11.026595,0,0,1,0
47,relfeat,204,289,10.6877,11.703298,13.253041,1,1,0,0
47,relfeat,205,289,11.703298,11.703312,13.986781,1,1,0,0
47,relfeat,206,354,-28.128874,-9.199171,-23.853712,0,0,1,0
47,relfeat,207,354,-28.128874,-19.132494,-34.766308,0,0,1,0
47,relfeat,208,354,-28.128874,-14.602918,-30.061228,0,0,1,0
47,relfeat,209,354,-9.199171,-19.132494,-16.757301,0,0,1,0
47,relfeat,210,354,-16.903503,-15.997146,-22.646751,0,0,1,0
47,relfeat,211,354,-19.132494,-14.602918,-22.238594,0,0,1,0
47,relfeat,212,304,20.97986,12.789901,8.246639,1,1,0,0
47,relfeat,213,304,15.715132,12.789901,1.048573,1,1,0,0
47,relfeat,214,304,12.789901,14.683657,4.047792,1,1,0,0
47,relfeat,215,276,10.332476,10.067332,3.561296,1,1,0,0
47,relfeat,216,276,10.332476,10.067348,3.053671,1,1,0,0
47,relfeat,217,276,10.067332,10.067348,5.457418,1,1,0,0
47,relfeat,218,233,-0.765096,-0.561953,-8.374137,0,0,1,0
47,relfeat,219,233,4.396035,6.276611,3.748805,1,1,0,0
47,relfeat,220,233,4.396035,7.297269,3.446073,1,1,0,0
47,relfeat,221,233,4.396035,7.297268,3.697958,1,1,0,0
47,relfeat,222,233,6.276611,7.297269,3.202285,1,1,0,0
47,relfeat,223,233,6.276611,7.297268,4.563231,1,1,0,0
47,relfeat,224,233,7.297269,7.297268,4.511582,1,1,0,0
47,relfeat,225,325,6.376529,8.924069,3.451215,1,1,0,0
47,relfeat,226,325,6.376529,11.483425,6.843528,1,1,0,0
47,relfeat,227,400,13.77017,12.205829,3.489313,1,1,0,0
47,relfeat,228,400,13.77017,17.465879,9.007228,1,1,0,0
47,relfeat,229,400,13.77017,16.296175,9.483345,1,1,0,0
47,relfeat,230,400,12.205829,17.465879,12.947147,1,1,0,0
47,relfeat,231,400,12.205829,16.296175,13.679757,1,1,0,0
47,relfeat,232,400,12.205829,18.920874,-1.331877,1,1,1,1
47,relfeat,233,275,7.725755,0.97649,9.036996,0,0,1,0
47,relfeat,234,66,-5.030974,3.729035,16.434074,1,0,1,0
47,relfeat,235,302,5.365537,4.613964,-0.622291,1,1,1,1
47,relfeat,236,302,4.613964,5.542922,-1.619374,1,1,1,1
47,relflip,0,173,10.34178,16.363234,-2.666468,1,1,1,1
47,relflip,1,433,5.898664,2.97838,-5.097434,1,1,1,1
47,relflip,2,433,5.898664,3.254792,-3.927256,1,1,1,1
47,relflip,3,433,2.97838,3.254792,-6.023748,1,1,1,1
47,relflip,4,105,-2.508405,-1.802918,-5.112105,0,0,1,0
47,relflip,5,161,-6.713043,-6.48125,1.753895,1,1,1,1
47,relflip,6,336,-3.648167,-11.155321,8.89476,1,1,1,1
47,relflip,7,136,7.519,14.137963,-8.609678,1,1,1,1
47,relflip,8,136,7.519,15.322577,2.203901,1,1,0,0
47,relflip,9,136,7.519,15.322582,-0.970282,1,1,1,1
47,relflip,10,136,14.137963,15.322577,4.965112,1,1,0,0
47,relflip,11,246,0.02838,6.999603,-2.400578,1,1,1,1
47,relflip,12,246,0.02838,-0.212377,-14.845372,1,0,1,0
47,relflip,13,246,0.02838,-1.041846,-12.634699,1,0,1,0
47,relflip,14,246,6.999603,-0.212377,-3.554017,1,0,1,0
47,relflip,15,246,6.999603,-1.041846,-3.881495,1,0,1,0
47,relflip,16,246,-0.212377,-1.041846,-13.413322,0,0,1,0
47,relflip,17,331,8.860135,9.194228,-11.02494,1,1,1,1
47,relflip,18,331,8.860135,4.47427,-18.351585,1,1,1,1
47,relflip,19,331,8.860135,4.474295,-16.139009,1,1,1,1
47,relflip,20,331,9.194228,4.47427,-18.202343,1,1,1,1
47,relflip,21,331,9.194228,4.474295,-19.957867,1,1,1,1
47,relflip,22,331,4.47427,4.474295,-26.308115,1,1,1,1
47,relflip,23,81,14.133739,12.282208,-2.593057,1,1,1,1
47,relflip,24,81,14.133739,12.282197,-1.347698,1,1,1,1
47,relflip,25,81,12.282208,12.282197,-2.570923,1,1,1,1
47,relflip,26,357,10.121305,15.013103,5.971495,1,1,0,0
47,relflip,27,106,7.089035,-7.876001,-3.848547,1,0,1,0
47,relflip,28,485,17.618113,14.430184,-2.039649,1,1,1,1
47,relflip,29,485,14.430184,18.638504,4.062102,1,1,0,0
47,relflip,30,418,-11.627943,-27.179861,-6.644536,1,1,0,0
47,relflip,31,418,-11.627943,-27.179844,-6.419233,1,1,0,0
47,relflip,32,109,-1.019737,1.837799,0.793125,0,1,0,0
47,relflip,33,13,-3.343251,2.059577,-19.387182,0,1,1,0
47,relflip,34,326,11.040586,19.432779,3.621207,1,1,0,0
47,relflip,35,285,1.986739,11.97827,9.826878,0,0,1,0
47,relflip,36,285,1.986739,12.066427,10.521696,0,0,1,0
47,relflip,37,285,1.986739,11.873266,10.197932,0,0,1,0
47,relflip,38,342,3.316335,11.321546,-7.149475,1,1,1,1
47,relflip,39,230,-4.722394,-6.37602,-6.514595,0,0,1,0
47,relflip,40,174,12.176184,16.413576,9.796892,1,1,0,0
47,relflip,41,149,10.057194,7.283563,-22.571272,1,1,1,1
47,relflip,42,362,3.001795,4.556613,5.806207,0,0,1,0
47,relflip,43,362,3.001795,5.423463,7.531499,0,0,1,0
47,relflip,44,362,4.556613,5.423463,6.627217,0,0,1,0
47,relflip,45,399,5.408025,3.090349,-3.876874,1,1,1,1
47,relflip,46,399,5.408025,5.402141,-1.913942,1,1,1,1
47,relflip,47,399,3.090349,5.402141,-6.584338,1,1,1,1
47,relflip,48,39,-11.615356,-12.680364,-6.721294,1,1,0,0
47,relflip,49,84,-9.434799,-7.738833,-13.738101,0,0,1,0
47,relflip,50,84,-9.434799,-9.961525,-12.04004,0,0,1,0
47,relflip,51,84,-9.434799,-9.961554,-11.634958,0,0,1,0
47,relflip,52,84,-7.474546,-9.961525,-9.655796,0,0,1,0
47,relflip,53,84,-7.474546,-9.961554,-9.164706,0,0,1,0
47,relflip,54,84,-7.738833,-9.961525,-8.057515,0,0,1,0
47,relflip,55,84,-7.738833,-9.961554,-8.875708,0,0,1,0
47,relflip,56,84,-9.961525,-9.961554,-9.88859,0,0,1,0
47,relflip,57,15,-20.231298,0.852855,3.965703,1,0,1,0
47,relflip,58,15,-20.231298,-0.669554,4.452857,1,1,1,1
47,relflip,59,15,-25.364429,0.852855,0.315594,1,0,1,0
47,relflip,60,15,-25.364429,-0.669554,0.375947,1,1,1,1
47,relflip,61,15,0.852855,-0.669554,16.634188,0,1,1,0
47,relflip,62,363,7.01955,3.292344,1.822744,1,1,0,0
47,relflip,63,140,8.93609,5.054765,-3.872161,1,1,1,1
47,relflip,64,236,4.909286,18.551924,-9.982698,1,1,1,1
47,relflip,65,35,6.94143,4.280342,-2.649426,1,1,1,1
47,relflip,66,192,9.326992,12.100817,7.997705,0,0,1,0
47,relflip,67,192,12.100817,12.100837,8.635536,0,0,1,0
47,relflip,68,99,-31.019608,-26.709246,-21.408411,1,1,0,0
47,relflip,69,489,2.105026,6.991808,-2.537189,1,1,1,1
47,relflip,70,484,6.926929,3.610759,-3.136481,1,1,1,1
47,relflip,71,484,3.610759,6.237305,-5.512328,1,1,1,1
47,relflip,72,49,9.947598,8.776486,-21.334982,1,1,1,1
47,relflip,73,493,-0.89833,5.004753,-9.561304,0,1,1,0
47,relflip,74,493,-0.89833,-2.041186,-16.374208,0,0,1,0
47,relflip,75,493,-0.89833,-2.041192,-11.896894,0,0,1,0
47,relflip,76,493,5.004753,-2.041186,-8.652505,1,0,1,0
47,relflip,77,493,5.004753,-2.041192,-5.020811,1,0,1,0
47,relflip,78,493,-2.041186,-2.041192,-12.87569,0,0,1,0
47,relflip,79,171,7.263733,12.764669,1.486825,1,1,0,0
47,relflip,80,190,-3.089273,-6.692298,-10.579491,0,0,1,0
47,relflip,81,237,-6.461235,3.989709,-6.009994,0,1,1,0
47,relflip,82,237,-6.461235,-3.69611,-15.765766,0,0,1,0
47,relflip,83,87,13.345082,8.824619,-1.308633,1,1,1,1
47,relflip,84,288,13.739659,8.59059,-0.006275,1,1,1,1
47,relflip,85,288,10.957525,8.59059,-1.862865,1,1,1,1
47,relflip,86,272,-12.073449,-8.459436,-15.888052,0,0,1,0
47,relflip,87,272,-12.073449,-14.804911,-29.936266,0,0,1,0
47,relflip,88,272,-19.55142,-7.273735,-24.895456,0,0,1,0
47,relflip,89,272,-19.55142,-11.613894,-29.663248,0,0,1,0
47,relflip,90,272,-7.273735,-11.613894,-18.733114,0,0,1,0
47,relflip,91,491,-22.026907,-22.026903,-12.508616,1,1,0,0
47,relflip,92,82,-18.751104,-12.355213,-44.245888,0,0,1,0
47,relflip,93,82,-18.751104,-3.254687,-26.861067,0,0,1,0
47,relflip,94,82,-12.355213,-3.254687,-20.839657,0,0,1,0
47,relflip,95,82,-12.355213,-3.254709,-23.475222,0,0,1,0
47,relflip,96,330,-25.17853,-22.718872,-18.824678,1,1,0,0
47,relflip,97,330,-22.718872,-30.601583,-20.337547,1,1,0,0
47,relflip,98,372,-2.124785,-6.312781,-0.510275,1,1,0,0
47,relflip,99,372,-2.124785,3.64105,6.308882,1,0,1,0
47,relflip,100,372,-6.312781,3.64105,3.137705,1,0,1,0
47,relflip,101,55,20.802687,13.870245,3.989263,1,1,0,0
47,relflip,102,55,21.47016,13.870245,6.53581,1,1,0,0
47,relflip,103,427,10.651119,7.899827,-1.02653,1,1,1,1
47,relflip,104,102,11.654508,-0.040664,-8.843632,1,0,1,0
47,relflip,105,102,10.522782,-0.040664,-8.95765,1,0,1,0
47,relflip,106,376,-8.673023,-13.985596,-7.776124,0,0,1,0
47,relflip,107,422,1.5767,-5.927824,5.049726,0,1,1,0
47,relflip,108,100,-1.334446,-2.136595,4.300598,1,1,1,1
47,relflip,109,100,-1.334446,-2.13659,2.205113,1,1,1,1
47,relflip,110,100,-2.136595,-2.13659,5.138642,1,1,1,1
47,relflip,111,463,-5.82885,-13.226719,-17.214148,0,0,1,0
47,relflip,112,444,2.350154,3.489837,-7.595264,1,1,1,1
47,relflip,113,444,2.350154,2.192842,-6.646533,1,1,1,1
47,relflip,114,444,2.350154,2.192823,-8.241709,1,1,1,1
47,relflip,115,444,3.489837,2.192842,-5.078844,1,1,1,1
47,relflip,116,444,3.489837,2.192823,-4.119233,1,1,1,1
47,relflip,117,444,2.192842,2.192823,-4.58151,1,1,1,1
47,relflip,118,370,-1.588279,-3.751371,-14.923978,0,0,1,0
47,relflip,119,370,-8.236389,-3.751371,-21.137255,0,0,1,0
47,relflip,120,53,-6.092591,-0.111999,5.809725,1,1,1,1
47,relflip,121,37,-23.808363,-19.126837,-9.41238,1,1,0,0
47,relflip,122,183,-9.613916,-11.323329,-8.634775,1,1,0,0
47,relflip,123,183,-9.613916,-11.323372,-9.744641,1,1,0,0
47,relflip,124,126,5.053838,4.544009,0.189618,1,1,0,0
47,relflip,125,126,5.053838,4.543978,-0.379784,1,1,1,1
47,relflip,126,126,4.544009,4.543978,-0.083843,1,1,1,1
47,relflip,127,90,7.572618,20.178547,-1.937615,1,1,1,1
47,relflip,128,90,7.572618,16.991198,-14.258868,1,1,1,1
47,relflip,129,90,7.572618,11.782211,-22.850946,1,1,1,1
47,relflip,130,90,7.572618,20.154503,-6.814455,1,1,1,1
47,relflip,131,90,7.572618,20.154497,-4.027368,1,1,1,1
47,relflip,132,90,16.991198,11.782211,-9.182935,1,1,1,1
47,relflip,133,90,16.991198,20.154503,10.655443,1,1,0,0
47,relflip,134,90,16.991198,20.154497,9.576263,1,1,0,0
47,relflip,135,90,11.782211,20.154503,-0.618535,1,1,1,1
47,relflip,136,90,11.782211,20.154497,2.648334,1,1,0,0
47,relflip,137,244,8.151228,9.145102,-4.764352,1,1,1,1
47,relflip,138,315,-8.688877,-4.385274,-0.076717,1,1,0,0
47,relflip,139,343,11.262509,6.239659,-6.333111,1,1,1,1
47,relflip,140,443,-11.651298,-3.767329,-6.067361,1,1,0,0
47,relflip,141,98,-15.808802,-2.767865,-20.383524,0,0,1,0
47,relflip,142,98,0.134843,-2.767865,-13.173676,1,0,1,0
47,relflip,143,10,4.594808,4.594836,12.93323,0,0,1,0
47,relflip,144,502,-23.218603,9.779232,14.581949,1,0,1,0
47,relflip,145,502,-42.733955,9.779232,2.548272,1,0,1,0
47,relflip,146,502,9.779232,-29.77149,12.213532,0,1,1,0
47,relflip,147,208,9.105551,18.617022,5.896752,1,1,0,0
47,relflip,148,208,9.105551,8.173246,-7.471184,1,1,1,1
47,relflip,149,245,0.455905,7.256616,-5.538545,1,1,1,1
47,relflip,150,380,14.072978,14.945888,2.442908,1,1,0,0
47,relflip,151,380,14.072978,10.446312,-3.242973,1,1,1,1
47,relflip,152,380,14.945888,10.446312,-5.270335,1,1,1,1
47,relflip,153,292,13.778214,17.442402,-2.719588,1,1,1,1
47,relflip,154,469,-2.769528,1.83527,-0.787943,0,1,1,0
47,relflip,155,469,1.785034,1.470846,0.931151,1,1,0,0
47,relflip,156,469,1.785034,-1.397945,-0.140913,1,0,1,0
47,relflip,157,135,-2.738636,2.083818,-5.432067,0,1,1,0
47,relflip,158,286,18.513659,18.076172,0.271804,1,1,0,0
47,relflip,159,437,6.847534,6.069911,2.01082,1,1,0,0
47,relflip,160,117,19.532724,15.929979,4.484437,1,1,0,0
47,relflip,161,147,-31.643723,-15.389515,5.016268,1,1,1,1
47,relflip,162,191,0.35801,0.378891,-7.375907,1,1,1,1
47,relflip,163,191,0.35801,2.974442,-3.850784,1,1,1,1
47,relflip,164,191,0.35801,5.213708,-3.722646,1,1,1,1
47,relflip,165,191,0.378891,2.974442,-2.683391,1,1,1,1
47,relflip,166,271,0.67411,1.12899,-0.64502,1,1,1,1
47,relflip,167,115,12.36388,6.614738,-10.460503,1,1,1,1
47,relflip,168,457,-25.08008,-24.79814,-31.151812,0,0,1,0
47,relflip,169,457,-25.08008,-22.044806,-29.466892,0,0,1,0
47,relflip,170,457,-24.79814,-22.044806,-29.629084,0,0,1,0
47,relflip,171,1,13.575408,14.794106,2.862313,1,1,0,0
47,relflip,172,197,1.629721,2.464099,0.940014,1,1,0,0
47,relflip,173,197,2.464099,2.480018,-4.2059,1,1,1,1
47,relflip,174,455,5.091016,3.474053,-3.543841,1,1,1,1
47,relflip,175,455,3.474053,10.752305,-1.430412,1,1,1,1
47,relflip,176,125,-10.318092,-9.678856,-4.210264,1,1,0,0
47,relflip,177,229,-1.532279,0.183983,-6.447903,0,1,1,0
47,relflip,178,229,-1.532279,-9.456701,-10.058697,0,0,1,0
47,relflip,179,229,-21.430506,-9.456701,-43.888424,0,0,1,0
47,relflip,180,311,2.844647,4.396056,5.92397,0,0,1,0
47,relflip,181,311,2.844647,0.693441,4.262486,0,0,1,0
47,relflip,182,311,4.396056,0.11676,4.504942,0,0,1,0
47,relflip,183,311,4.396056,0.693441,4.482603,0,0,1,0
47,relflip,184,340,3.960126,-1.076804,-9.461214,1,0,1,0
47,relflip,185,145,5.094777,8.86219,-22.180021,1,1,1,1
47,relflip,186,96,-31.001799,-15.332682,-9.151236,1,1,0,0
47,relflip,187,96,-35.355118,-15.332682,-13.346894,1,1,0,0
47,relflip,188,335,6.498645,1.359204,-12.740037,1,1,1,1
47,relflip,189,335,1.359204,7.088091,-10.541051,1,1,1,1
47,relflip,190,335,1.359204,7.088117,-11.652885,1,1,1,1
47,relflip,191,16,4.135343,3.947394,-1.196819,1,1,1,1
47,relflip,192,16,4.135343,0.608726,1.586268,1,1,0,0
47,relflip,193,16,4.135343,0.608713,2.044767,1,1,0,0
47,relflip,194,16,0.608726,0.608713,-1.386864,1,1,1,1
47,relflip,195,107,0.501559,-3.222018,1.913359,0,1,1,0
47,relflip,196,107,0.501559,-2.360046,2.428467,0,1,1,0
47,relflip,197,107,0.501559,-2.360088,2.903727,0,1,1,0
47,relflip,198,107,-3.222018,-2.360046,1.142234,1,1,1,1
47,relflip,199,107,-3.222018,-2.360088,0.083496,1,1,1,1
47,relflip,200,107,-2.360046,-2.360088,-0.407605,1,1,0,0
47,relflip,201,134,-2.396375,-4.012881,5.372449,1,1,1,1
47,relflip,202,419,4.613197,5.619895,-7.369866,1,1,1,1
47,relflip,203,295,-8.021978,-3.843323,-0.261465,1,1,0,0
47,relflip,204,289,6.257513,5.073324,5.720888,1,1,0,0
47,relflip,205,289,5.073324,5.073333,5.109265,1,1,0,0
47,relflip,206,354,-44.707291,-18.147432,-40.443699,0,0,1,0
47,relflip,207,354,-44.707291,-28.456274,-56.111877,0,0,1,0
47,relflip,208,354,-44.707291,-20.426807,-47.677128,0,0,1,0
47,relflip,209,354,-18.147432,-28.456274,-27.253073,0,0,1,0
47,relflip,210,354,-28.602024,-26.798672,-37.425659,0,0,1,0
47,relflip,211,354,-28.456274,-20.426807,-31.669493,0,0,1,0
47,relflip,212,304,19.424362,14.879404,9.504946,1,1,0,0
47,relflip,213,304,15.596085,14.879404,-11.158227,1,1,1,1
47,relflip,214,304,14.879404,16.980864,3.285209,1,1,0,0
47,relflip,215,276,1.83032,-0.919842,-5.420021,1,0,1,0
47,relflip,216,276,1.83032,-0.919822,-6.674433,1,0,1,0
47,relflip,217,276,-0.919842,-0.919822,-5.314821,0,0,1,0
47,relflip,218,233,2.580522,-0.484438,-4.405879,1,0,1,0
47,relflip,219,233,3.662227,4.365511,1.851639,1,1,0,0
47,relflip,220,233,3.662227,4.000917,0.181863,1,1,0,0
47,relflip,221,233,3.662227,4.000907,0.138019,1,1,0,0
47,relflip,222,233,4.365511,4.000917,-2.21118,1,1,1,1
47,relflip,223,233,4.365511,4.000907,-0.272344,1,1,1,1
47,relflip,224,233,4.000917,4.000907,-1.900963,1,1,1,1
47,relflip,225,325,-11.127795,-3.522666,-15.935758,0,0,1,0
47,relflip,226,325,-11.127795,-0.376735,-10.863549,0,0,1,0
47,relflip,227,400,-2.600751,0.808924,-8.309096,0,1,1,0
47,relflip,228,400,-2.600751,1.955862,-9.63969,0,1,1,0
47,relflip,229,400,-2.600751,1.448521,-7.57969,0,1,1,0
47,relflip,230,400,0.808924,1.955862,-3.76289,1,1,1,1
47,relflip,231,400,0.808924,1.448521,-3.39964,1,1,1,1
47,relflip,232,400,0.808924,10.457767,-3.906942,1,1,1,1
47,relflip,233,275,-0.303086,-6.893768,0.17491,1,1,1,1
47,relflip,234,66,-15.641953,-5.628432,11.411903,1,1,1,1
47,relflip,235,302,2.192961,1.587489,-5.310877,1,1,1,1
47,relflip,236,302,1.587489,1.873245,-9.498655,1,1,1,1
