name,start,size,arch,seed,frac,method,opt_key,opt_kind,lr,momentum,steps,dev_bce,dev_clean_bce,train_error,final_loss,init_state_sha256,init_sha256_o01,final_state_sha256,clean_state_sha256,clean_checkpoint_sha256,clean_candidate,checkpoint_sha256,batch_order_sha256,flips_used,preserves_used,replay_points,forwards_per_step,total_forward_passes,total_backward_passes,train_sha256,flip_sha256,preserve_sha256,dev_sha256,eval_sha256,wall_seconds,J,atomic_pass,AB_pass
scratch_4N_raw_s11_f0_plain_adam_lr0.0005_steps600,scratch,4N,raw,11,0,plain,adam_lr0.0005_steps600,adam,0.0005,,600,1.8761107921600342,,0.0,0.011487885378301144,0677ebebb7839a2c06385640a9b5f6896758a3d6a038bebdb00999792be5906c,45f0970d66d12ea2a87bb314274f37c64363479805baad44c291ee6abef9b799,0f880f96e17acee69ee9da86af0146dfa4c7dd7ab7be714ac032c7ff02ddb958,,,,fda089fac82ed24171cb890843dfec22e748fc4aaaf6eeb72e6b9884b098448e,7ef825ff320ce9d409a9d284b834209a69706e09b8c0d2c91f91abf3d1bbb787,0,0,0,2048,1228800,600,ae12d7d2443203214d1a1b6e6c0a259704d5a2a78dd3372c3eba05c56b325c96,3d41204b1e9c664522378aa87f6359809137464d8693f339bb080d14d9c77140,60df0a7db0688df4967c306e4e36304a0f68d000d96b9af922caff79c7ab1fa0,10dfdb81f8d4e94b6c79fe77873ee10c1c43c43b752debce9aaf7641d2402843,fd0b415d4995c8ff6b61d5f15fd84a08191887a08a37ecd0fc53bb9453bf23c6,1.2219319641590118,0.15134255492270138,0.6810414971521562,0.4434499593165175
scratch_4N_raw_s11_f0_plain_sgd_m09_lr0.003,scratch,4N,raw,11,0,plain,sgd_m09_lr0.003,sgd,0.003,0.9,300,0.6926847100257874,,0.349609375,0.6817424297332764,0677ebebb7839a2c06385640a9b5f6896758a3d6a038bebdb00999792be5906c,45f0970d66d12ea2a87bb314274f37c64363479805baad44c291ee6abef9b799,b96fd48d8d09b41f7ec08409583e78f3e89b32a891cacd1c558338026d502256,,,,1b4b6410b5725f2c6a3d85e09a49683012781797a9acf2145bd08bdd539ed793,7ef825ff320ce9d409a9d284b834209a69706e09b8c0d2c91f91abf3d1bbb787,0,0,0,2048,614400,300,ae12d7d2443203214d1a1b6e6c0a259704d5a2a78dd3372c3eba05c56b325c96,3d41204b1e9c664522378aa87f6359809137464d8693f339bb080d14d9c77140,60df0a7db0688df4967c306e4e36304a0f68d000d96b9af922caff79c7ab1fa0,10dfdb81f8d4e94b6c79fe77873ee10c1c43c43b752debce9aaf7641d2402843,fd0b415d4995c8ff6b61d5f15fd84a08191887a08a37ecd0fc53bb9453bf23c6,0.4791565537452698,0.03173311635475997,0.5703824247355573,0.4434499593165175
scratch_4N_raw_s11_f0_plain_sgd_m09_lr0.01,scratch,4N,raw,11,0,plain,sgd_m09_lr0.01,sgd,0.01,0.9,300,0.6827765107154846,,0.1630859375,0.4147147536277771,0677ebebb7839a2c06385640a9b5f6896758a3d6a038bebdb00999792be5906c,45f0970d66d12ea2a87bb314274f37c64363479805baad44c291ee6abef9b799,1f4466264ca4dd249afa6b82b25a3ddaf6d455ba147de2582f8dad41870efc41,,,,b67cb3488c8ca6d9b68e46757d395dc30eec7e2018b60826fb6afe0efa363edf,7ef825ff320ce9d409a9d284b834209a69706e09b8c0d2c91f91abf3d1bbb787,0,0,0,2048,614400,300,ae12d7d2443203214d1a1b6e6c0a259704d5a2a78dd3372c3eba05c56b325c96,3d41204b1e9c664522378aa87f6359809137464d8693f339bb080d14d9c77140,60df0a7db0688df4967c306e4e36304a0f68d000d96b9af922caff79c7ab1fa0,10dfdb81f8d4e94b6c79fe77873ee10c1c43c43b752debce9aaf7641d2402843,fd0b415d4995c8ff6b61d5f15fd84a08191887a08a37ecd0fc53bb9453bf23c6,0.4598110765218735,0.059397884458909686,0.6411716842961758,0.402766476810415
scratch_4N_raw_s11_f100_plain_adam_lr0.0005_steps600,scratch,4N,raw,11,100,plain,adam_lr0.0005_steps600,adam,0.0005,,600,0.4429279565811157,,0.02734375,0.2268507033586502,0677ebebb7839a2c06385640a9b5f6896758a3d6a038bebdb00999792be5906c,45f0970d66d12ea2a87bb314274f37c64363479805baad44c291ee6abef9b799,8abe35eba19f12f8b405aa7e08ef04d33722394cc96181f779be575aaf277da2,,,,630d40c3668c6dfa551103cd9391b8f1828cb014b5c2cb22f7bb5acf7f9df56b,2c63ff060baad28dbc95e15bc2550d208d37bf1b4655a0c6afeef711f39977b7,6390,0,0,8438,5062800,600,ae12d7d2443203214d1a1b6e6c0a259704d5a2a78dd3372c3eba05c56b325c96,3d41204b1e9c664522378aa87f6359809137464d8693f339bb080d14d9c77140,60df0a7db0688df4967c306e4e36304a0f68d000d96b9af922caff79c7ab1fa0,10dfdb81f8d4e94b6c79fe77873ee10c1c43c43b752debce9aaf7641d2402843,fd0b415d4995c8ff6b61d5f15fd84a08191887a08a37ecd0fc53bb9453bf23c6,3.43716961145401,0.3270951993490643,0.6509357200976403,0.6680227827502034
scratch_4N_raw_s11_f100_plain_sgd_m09_lr0.003,scratch,4N,raw,11,100,plain,sgd_m09_lr0.003,sgd,0.003,0.9,300,0.598267674446106,,0.5,1.3096024990081787,0677ebebb7839a2c06385640a9b5f6896758a3d6a038bebdb00999792be5906c,45f0970d66d12ea2a87bb314274f37c64363479805baad44c291ee6abef9b799,7bb9dc75d89da5027b9f28593a1961dc76c50c1a953a9fd5c85bd886f55ae5ff,,,,b4ea9065bf2213b93f444bbda0786352fc244a34f8ab8f0cd496071d8b62af8d,2c63ff060baad28dbc95e15bc2550d208d37bf1b4655a0c6afeef711f39977b7,6390,0,0,8438,2531400,300,ae12d7d2443203214d1a1b6e6c0a259704d5a2a78dd3372c3eba05c56b325c96,3d41204b1e9c664522378aa87f6359809137464d8693f339bb080d14d9c77140,60df0a7db0688df4967c306e4e36304a0f68d000d96b9af922caff79c7ab1fa0,10dfdb81f8d4e94b6c79fe77873ee10c1c43c43b752debce9aaf7641d2402843,fd0b415d4995c8ff6b61d5f15fd84a08191887a08a37ecd0fc53bb9453bf23c6,1.5926457345485687,0.0,0.22945484133441824,0.7705451586655818
scratch_4N_raw_s11_f100_plain_sgd_m09_lr0.01,scratch,4N,raw,11,100,plain,sgd_m09_lr0.01,sgd,0.01,0.9,300,0.542012631893158,,0.26318359375,1.0795307159423828,0677ebebb7839a2c06385640a9b5f6896758a3d6a038bebdb00999792be5906c,45f0970d66d12ea2a87bb314274f37c64363479805baad44c291ee6abef9b799,d369c873ac0eaaf05ef0a32467f2ec57a8a641bf677bced90f3d829ea0c9863d,,,,53d07c0ec0fbd48fdbb2d16a644dfc56388654c707ef4fe8ea590855f7728e74,2c63ff060baad28dbc95e15bc2550d208d37bf1b4655a0c6afeef711f39977b7,6390,0,0,8438,2531400,300,ae12d7d2443203214d1a1b6e6c0a259704d5a2a78dd3372c3eba05c56b325c96,3d41204b1e9c664522378aa87f6359809137464d8693f339bb080d14d9c77140,60df0a7db0688df4967c306e4e36304a0f68d000d96b9af922caff79c7ab1fa0,10dfdb81f8d4e94b6c79fe77873ee10c1c43c43b752debce9aaf7641d2402843,fd0b415d4995c8ff6b61d5f15fd84a08191887a08a37ecd0fc53bb9453bf23c6,1.8132605999708176,0.07811228641171684,0.4369406021155411,0.6192026037428804
scratch_4N_raw_s11_f25_plain_adam_lr0.0005_steps600,scratch,4N,raw,11,25,plain,adam_lr0.0005_steps600,adam,0.0005,,600,0.5278497338294983,,0.03271484375,0.18971401453018188,0677ebebb7839a2c06385640a9b5f6896758a3d6a038bebdb00999792be5906c,45f0970d66d12ea2a87bb314274f37c64363479805baad44c291ee6abef9b799,53f238999f0885726da0f872ae591e0c4ca9f7c4409db8a6bec7b1fd2e12c629,,,,caf4bd2f15e3dbb6c2adb41dd578682beae941e6992ce54530c2f8d893d0362b,1b9ee37f9c8057fa8c0afc721ea672150328c879d4f1306535b67f742e9d3109,1597,0,0,3645,2187000,600,ae12d7d2443203214d1a1b6e6c0a259704d5a2a78dd3372c3eba05c56b325c96,3d41204b1e9c664522378aa87f6359809137464d8693f339bb080d14d9c77140,60df0a7db0688df4967c306e4e36304a0f68d000d96b9af922caff79c7ab1fa0,10dfdb81f8d4e94b6c79fe77873ee10c1c43c43b752debce9aaf7641d2402843,fd0b415d4995c8ff6b61d5f15fd84a08191887a08a37ecd0fc53bb9453bf23c6,1.8472821041941643,0.24979658258746948,0.6663954434499593,0.5752644426362896
scratch_4N_raw_s11_f25_plain_sgd_m09_lr0.003,scratch,4N,raw,11,25,plain,sgd_m09_lr0.003,sgd,0.003,0.9,300,0.5967852473258972,,0.5,1.30613112449646,0677ebebb7839a2c06385640a9b5f6896758a3d6a038bebdb00999792be5906c,45f0970d66d12ea2a87bb314274f37c64363479805baad44c291ee6abef9b799,4ccd7def1e8154d8ab033972a9ff4a05c63ae097f3d396d29b095ba244f58194,,,,25fdeb4a3b3c363c543a58d77092a087c93048aef4bb5ab77ca33e21f288a7c8,1b9ee37f9c8057fa8c0afc721ea672150328c879d4f1306535b67f742e9d3109,1597,0,0,3645,1093500,300,ae12d7d2443203214d1a1b6e6c0a259704d5a2a78dd3372c3eba05c56b325c96,3d41204b1e9c664522378aa87f6359809137464d8693f339bb080d14d9c77140,60df0a7db0688df4967c306e4e36304a0f68d000d96b9af922caff79c7ab1fa0,10dfdb81f8d4e94b6c79fe77873ee10c1c43c43b752debce9aaf7641d2402843,fd0b415d4995c8ff6b61d5f15fd84a08191887a08a37ecd0fc53bb9453bf23c6,0.7907077893614769,0.0,0.22945484133441824,0.7705451586655818
scratch_4N_raw_s11_f25_plain_sgd_m09_lr0.01,scratch,4N,raw,11,25,plain,sgd_m09_lr0.01,sgd,0.01,0.9,300,0.5322845578193665,,0.27001953125,1.065926194190979,0677ebebb7839a2c06385640a9b5f6896758a3d6a038bebdb00999792be5906c,45f0970d66d12ea2a87bb314274f37c64363479805baad44c291ee6abef9b799,70398abc8b618be7f8f11940c72e2b3ce9c53b1305e60e72b9adfb0acfe8f368,,,,947470e8682bb89a5c3d4c0b48bbc03ee9c781934c03c5a3652f86e4cd81741f,1b9ee37f9c8057fa8c0afc721ea672150328c879d4f1306535b67f742e9d3109,1597,0,0,3645,1093500,300,ae12d7d2443203214d1a1b6e6c0a259704d5a2a78dd3372c3eba05c56b325c96,3d41204b1e9c664522378aa87f6359809137464d8693f339bb080d14d9c77140,60df0a7db0688df4967c306e4e36304a0f68d000d96b9af922caff79c7ab1fa0,10dfdb81f8d4e94b6c79fe77873ee10c1c43c43b752debce9aaf7641d2402843,fd0b415d4995c8ff6b61d5f15fd84a08191887a08a37ecd0fc53bb9453bf23c6,0.7815348356962204,0.07485760781122865,0.44426362896663957,0.6094385679414158
scratch_4N_raw_s23_f0_plain_adam_lr0.0005_steps600,scratch,4N,raw,23,0,plain,adam_lr0.0005_steps600,adam,0.0005,,600,1.5908055305480957,,0.0,0.012116201221942902,9d365bebbda0e357e79f5ffb271998b99620a9c3e917e3991cbdc32538dc1177,d4f3eb242038f46edad5375e40bd669373e3c068e3da28d585a16dc4f551789c,1d9eef3ca5f0e07f20c6c48b7d05970e3a4fbb6a0882e8842998c92035c901fa,,,,ed4239c58355d13ede8092e71c05de25133d90b492ad9578019c8e8f3a06ac9a,7ef825ff320ce9d409a9d284b834209a69706e09b8c0d2c91f91abf3d1bbb787,0,0,0,2048,1228800,600,ae12d7d2443203214d1a1b6e6c0a259704d5a2a78dd3372c3eba05c56b325c96,3d41204b1e9c664522378aa87f6359809137464d8693f339bb080d14d9c77140,60df0a7db0688df4967c306e4e36304a0f68d000d96b9af922caff79c7ab1fa0,10dfdb81f8d4e94b6c79fe77873ee10c1c43c43b752debce9aaf7641d2402843,fd0b415d4995c8ff6b61d5f15fd84a08191887a08a37ecd0fc53bb9453bf23c6,1.1545408144593239,0.13588283157038242,0.676159479251424,0.45077298616761596
scratch_4N_raw_s23_f0_plain_sgd_m09_lr0.003,scratch,4N,raw,23,0,plain,sgd_m09_lr0.003,sgd,0.003,0.9,300,0.6914306282997131,,0.3837890625,0.6810786128044128,9d365bebbda0e357e79f5ffb271998b99620a9c3e917e3991cbdc32538dc1177,d4f3eb242038f46edad5375e40bd669373e3c068e3da28d585a16dc4f551789c,acf0091ff7eae8c9fb0657451f4a1ce8185c70f567aa751b84aea0b271a9a1f1,,,,a1ee5ebe6e18a247a0537eefceb3a77db03475275cfee3521c22120c6141d1fc,7ef825ff320ce9d409a9d284b834209a69706e09b8c0d2c91f91abf3d1bbb787,0,0,0,2048,614400,300,ae12d7d2443203214d1a1b6e6c0a259704d5a2a78dd3372c3eba05c56b325c96,3d41204b1e9c664522378aa87f6359809137464d8693f339bb080d14d9c77140,60df0a7db0688df4967c306e4e36304a0f68d000d96b9af922caff79c7ab1fa0,10dfdb81f8d4e94b6c79fe77873ee10c1c43c43b752debce9aaf7641d2402843,fd0b415d4995c8ff6b61d5f15fd84a08191887a08a37ecd0fc53bb9453bf23c6,0.4571850523352623,0.01952807160292921,0.5679414157851912,0.41822620016273393
scratch_4N_raw_s23_f0_plain_sgd_m09_lr0.01,scratch,4N,raw,23,0,plain,sgd_m09_lr0.01,sgd,0.01,0.9,300,0.6970254778862,,0.162109375,0.4060100018978119,9d365bebbda0e357e79f5ffb271998b99620a9c3e917e3991cbdc32538dc1177,d4f3eb242038f46edad5375e40bd669373e3c068e3da28d585a16dc4f551789c,f3d906c72f5fe494788cedb8a7028359fbdef410389d33218ad7c6de2d2572d8,,,,1a17c0bc864100bc7bc7edd720ecce30390450ec1adcaadc8c46d859fc78cc6c,7ef825ff320ce9d409a9d284b834209a69706e09b8c0d2c91f91abf3d1bbb787,0,0,0,2048,614400,300,ae12d7d2443203214d1a1b6e6c0a259704d5a2a78dd3372c3eba05c56b325c96,3d41204b1e9c664522378aa87f6359809137464d8693f339bb080d14d9c77140,60df0a7db0688df4967c306e4e36304a0f68d000d96b9af922caff79c7ab1fa0,10dfdb81f8d4e94b6c79fe77873ee10c1c43c43b752debce9aaf7641d2402843,fd0b415d4995c8ff6b61d5f15fd84a08191887a08a37ecd0fc53bb9453bf23c6,0.46352439373731613,0.07078925956061839,0.6427990235964198,0.40520748576078114
scratch_4N_raw_s23_f100_plain_adam_lr0.0005_steps600,scratch,4N,raw,23,100,plain,adam_lr0.0005_steps600,adam,0.0005,,600,0.42955610156059265,,0.02587890625,0.21701937913894653,9d365bebbda0e357e79f5ffb271998b99620a9c3e917e3991cbdc32538dc1177,d4f3eb242038f46edad5375e40bd669373e3c068e3da28d585a16dc4f551789c,abe1a64be374292fef49b50e42e1c70dee7f5c8db9463a73e3b9fcdf1e210ab4,,,,cccd8587fddea353d8a35414b63e22ec603d8a8ef42ff898a7e959369bd28900,2c63ff060baad28dbc95e15bc2550d208d37bf1b4655a0c6afeef711f39977b7,6390,0,0,8438,5062800,600,ae12d7d2443203214d1a1b6e6c0a259704d5a2a78dd3372c3eba05c56b325c96,3d41204b1e9c664522378aa87f6359809137464d8693f339bb080d14d9c77140,60df0a7db0688df4967c306e4e36304a0f68d000d96b9af922caff79c7ab1fa0,10dfdb81f8d4e94b6c79fe77873ee10c1c43c43b752debce9aaf7641d2402843,fd0b415d4995c8ff6b61d5f15fd84a08191887a08a37ecd0fc53bb9453bf23c6,3.1625891253352165,0.3449959316517494,0.6436126932465419,0.6899918633034988
scratch_4N_raw_s23_f100_plain_sgd_m09_lr0.003,scratch,4N,raw,23,100,plain,sgd_m09_lr0.003,sgd,0.003,0.9,300,0.5977016687393188,,0.5,1.3153437376022339,9d365bebbda0e357e79f5ffb271998b99620a9c3e917e3991cbdc32538dc1177,d4f3eb242038f46edad5375e40bd669373e3c068e3da28d585a16dc4f551789c,55f086ecb40f3f76fdf1162ce25dd160669b6a728114bba22b8f6a57d9533f69,,,,5b21406500324efbb791b82cc3297d0a5897c0c90ff5fd3abfc8594ff2357db9,2c63ff060baad28dbc95e15bc2550d208d37bf1b4655a0c6afeef711f39977b7,6390,0,0,8438,2531400,300,ae12d7d2443203214d1a1b6e6c0a259704d5a2a78dd3372c3eba05c56b325c96,3d41204b1e9c664522378aa87f6359809137464d8693f339bb080d14d9c77140,60df0a7db0688df4967c306e4e36304a0f68d000d96b9af922caff79c7ab1fa0,10dfdb81f8d4e94b6c79fe77873ee10c1c43c43b752debce9aaf7641d2402843,fd0b415d4995c8ff6b61d5f15fd84a08191887a08a37ecd0fc53bb9453bf23c6,1.5062382146716118,0.0,0.22945484133441824,0.7705451586655818
scratch_4N_raw_s23_f100_plain_sgd_m09_lr0.01,scratch,4N,raw,23,100,plain,sgd_m09_lr0.01,sgd,0.01,0.9,300,0.5583074688911438,,0.3515625,1.1526672840118408,9d365bebbda0e357e79f5ffb271998b99620a9c3e917e3991cbdc32538dc1177,d4f3eb242038f46edad5375e40bd669373e3c068e3da28d585a16dc4f551789c,f012c39a3a069f45ef57e1c47e499cf63ffd66147ebd934d3618502d042b60e4,,,,cff3b3602ae857e1bfa904627c7f1f9170e2665d26e054cd73bab0ceec07ec11,2c63ff060baad28dbc95e15bc2550d208d37bf1b4655a0c6afeef711f39977b7,6390,0,0,8438,2531400,300,ae12d7d2443203214d1a1b6e6c0a259704d5a2a78dd3372c3eba05c56b325c96,3d41204b1e9c664522378aa87f6359809137464d8693f339bb080d14d9c77140,60df0a7db0688df4967c306e4e36304a0f68d000d96b9af922caff79c7ab1fa0,10dfdb81f8d4e94b6c79fe77873ee10c1c43c43b752debce9aaf7641d2402843,fd0b415d4995c8ff6b61d5f15fd84a08191887a08a37ecd0fc53bb9453bf23c6,1.7183759286999702,0.05370219690805533,0.32465419039869814,0.7225386493083807
scratch_4N_raw_s23_f25_plain_adam_lr0.0005_steps600,scratch,4N,raw,23,25,plain,adam_lr0.0005_steps600,adam,0.0005,,600,0.5130482316017151,,0.04150390625,0.20887428522109985,9d365bebbda0e357e79f5ffb271998b99620a9c3e917e3991cbdc32538dc1177,d4f3eb242038f46edad5375e40bd669373e3c068e3da28d585a16dc4f551789c,19caf71361960f8e79962ad8a3420eb69a54392a0bb6282de9d85226f0f1b7d1,,,,7aa4d5bc62042fe7c1dafe8301a5885c70e2a6db7bd8ee3c5964c4ce92ad4aef,1b9ee37f9c8057fa8c0afc721ea672150328c879d4f1306535b67f742e9d3109,1597,0,0,3645,2187000,600,ae12d7d2443203214d1a1b6e6c0a259704d5a2a78dd3372c3eba05c56b325c96,3d41204b1e9c664522378aa87f6359809137464d8693f339bb080d14d9c77140,60df0a7db0688df4967c306e4e36304a0f68d000d96b9af922caff79c7ab1fa0,10dfdb81f8d4e94b6c79fe77873ee10c1c43c43b752debce9aaf7641d2402843,fd0b415d4995c8ff6b61d5f15fd84a08191887a08a37ecd0fc53bb9453bf23c6,1.787206582725048,0.24328722538649308,0.5890968266883645,0.6419853539462979
scratch_4N_raw_s23_f25_plain_sgd_m09_lr0.003,scratch,4N,raw,23,25,plain,sgd_m09_lr0.003,sgd,0.003,0.9,300,0.5953752398490906,,0.5,1.310457468032837,9d365bebbda0e357e79f5ffb271998b99620a9c3e917e3991cbdc32538dc1177,d4f3eb242038f46edad5375e40bd669373e3c068e3da28d585a16dc4f551789c,53ac17a1c845eb77b2ccb372ba5adc3e7810013d4453edd8ab69573c20b5184e,,,,b06db78514a4b3c2981872755ce05ea2556cb8762041539b6e23138d95aef1a6,1b9ee37f9c8057fa8c0afc721ea672150328c879d4f1306535b67f742e9d3109,1597,0,0,3645,1093500,300,ae12d7d2443203214d1a1b6e6c0a259704d5a2a78dd3372c3eba05c56b325c96,3d41204b1e9c664522378aa87f6359809137464d8693f339bb080d14d9c77140,60df0a7db0688df4967c306e4e36304a0f68d000d96b9af922caff79c7ab1fa0,10dfdb81f8d4e94b6c79fe77873ee10c1c43c43b752debce9aaf7641d2402843,fd0b415d4995c8ff6b61d5f15fd84a08191887a08a37ecd0fc53bb9453bf23c6,0.7841576188802719,0.0,0.22945484133441824,0.7705451586655818
scratch_4N_raw_s23_f25_plain_sgd_m09_lr0.01,scratch,4N,raw,23,25,plain,sgd_m09_lr0.01,sgd,0.01,0.9,300,0.5436211228370667,,0.31396484375,1.1168715953826904,9d365bebbda0e357e79f5ffb271998b99620a9c3e917e3991cbdc32538dc1177,d4f3eb242038f46edad5375e40bd669373e3c068e3da28d585a16dc4f551789c,6b1aeabc4ca53e175a78476c3b9826780a6ef4210f89a2b3f6080299017c25e0,,,,e0876ea8a900a66b77a783c3cd3ae592a50febb07aceb17ab695f658462417ec,1b9ee37f9c8057fa8c0afc721ea672150328c879d4f1306535b67f742e9d3109,1597,0,0,3645,1093500,300,ae12d7d2443203214d1a1b6e6c0a259704d5a2a78dd3372c3eba05c56b325c96,3d41204b1e9c664522378aa87f6359809137464d8693f339bb080d14d9c77140,60df0a7db0688df4967c306e4e36304a0f68d000d96b9af922caff79c7ab1fa0,10dfdb81f8d4e94b6c79fe77873ee10c1c43c43b752debce9aaf7641d2402843,fd0b415d4995c8ff6b61d5f15fd84a08191887a08a37ecd0fc53bb9453bf23c6,0.7645489424467087,0.05858421480878763,0.3799837266069976,0.6639544344995931
scratch_4N_raw_s47_f0_plain_adam_lr0.0005_steps600,scratch,4N,raw,47,0,plain,adam_lr0.0005_steps600,adam,0.0005,,600,1.4723401069641113,,0.0,0.009442359209060669,a341607dd526dad2e742a0f8172e8eda6638a4ab7299c4abfd7a1e8acba929cf,67618814a1353128eaee8389ebe001e129a8b8759ef72b884c96950d7eac6197,7aa65c362adc1f2c3886e041b75a6a742cbf0fb3dc077ee5e332de8cc6e1d2e3,,,,217de0ee091dce20f7c189817e093b88087356b59c6887efc6470df272f43d94,7ef825ff320ce9d409a9d284b834209a69706e09b8c0d2c91f91abf3d1bbb787,0,0,0,2048,1228800,600,ae12d7d2443203214d1a1b6e6c0a259704d5a2a78dd3372c3eba05c56b325c96,3d41204b1e9c664522378aa87f6359809137464d8693f339bb080d14d9c77140,60df0a7db0688df4967c306e4e36304a0f68d000d96b9af922caff79c7ab1fa0,10dfdb81f8d4e94b6c79fe77873ee10c1c43c43b752debce9aaf7641d2402843,fd0b415d4995c8ff6b61d5f15fd84a08191887a08a37ecd0fc53bb9453bf23c6,1.113440491259098,0.11391375101708706,0.6126932465419039,0.48576078112286414
scratch_4N_raw_s47_f0_plain_sgd_m09_lr0.003,scratch,4N,raw,47,0,plain,sgd_m09_lr0.003,sgd,0.003,0.9,300,0.6902822852134705,,0.37646484375,0.6810873746871948,a341607dd526dad2e742a0f8172e8eda6638a4ab7299c4abfd7a1e8acba929cf,67618814a1353128eaee8389ebe001e129a8b8759ef72b884c96950d7eac6197,4bbf76ed9b7804666e2a710d4e9a135ba688c44eeb62fa8bf84352503dd90ea1,,,,a10365611b2ad068e45f3179807f84bf51671126a33ed18f5346394b9ca52b74,7ef825ff320ce9d409a9d284b834209a69706e09b8c0d2c91f91abf3d1bbb787,0,0,0,2048,614400,300,ae12d7d2443203214d1a1b6e6c0a259704d5a2a78dd3372c3eba05c56b325c96,3d41204b1e9c664522378aa87f6359809137464d8693f339bb080d14d9c77140,60df0a7db0688df4967c306e4e36304a0f68d000d96b9af922caff79c7ab1fa0,10dfdb81f8d4e94b6c79fe77873ee10c1c43c43b752debce9aaf7641d2402843,fd0b415d4995c8ff6b61d5f15fd84a08191887a08a37ecd0fc53bb9453bf23c6,0.4713044762611389,0.021969080553295363,0.5296989422294548,0.47111472742066723
scratch_4N_raw_s47_f0_plain_sgd_m09_lr0.01,scratch,4N,raw,47,0,plain,sgd_m09_lr0.01,sgd,0.01,0.9,300,0.7070267796516418,,0.1630859375,0.4167952537536621,a341607dd526dad2e742a0f8172e8eda6638a4ab7299c4abfd7a1e8acba929cf,67618814a1353128eaee8389ebe001e129a8b8759ef72b884c96950d7eac6197,01d175ec36e8b9d93c29437edde1f3ad686a6e5b7526ebf75965f6839b976d46,,,,1fff70f290f6a94da3cbda30a476d73ef956688a400d158bf887d5a24a44c35b,7ef825ff320ce9d409a9d284b834209a69706e09b8c0d2c91f91abf3d1bbb787,0,0,0,2048,614400,300,ae12d7d2443203214d1a1b6e6c0a259704d5a2a78dd3372c3eba05c56b325c96,3d41204b1e9c664522378aa87f6359809137464d8693f339bb080d14d9c77140,60df0a7db0688df4967c306e4e36304a0f68d000d96b9af922caff79c7ab1fa0,10dfdb81f8d4e94b6c79fe77873ee10c1c43c43b752debce9aaf7641d2402843,fd0b415d4995c8ff6b61d5f15fd84a08191887a08a37ecd0fc53bb9453bf23c6,0.46164213865995407,0.07241659886086249,0.6053702196908055,0.44751830756712774
scratch_4N_raw_s47_f100_plain_adam_lr0.0005_steps600,scratch,4N,raw,47,100,plain,adam_lr0.0005_steps600,adam,0.0005,,600,0.5497426986694336,,0.0302734375,0.24197210371494293,a341607dd526dad2e742a0f8172e8eda6638a4ab7299c4abfd7a1e8acba929cf,67618814a1353128eaee8389ebe001e129a8b8759ef72b884c96950d7eac6197,cfe025ea20de53fefb15b3bacfd19236c935c321b02f617319237fe1f73a2a35,,,,e3cd7a2efbfe45cd025c0d293d6759f9b030a0086245537eb4cfc632cd3b3f61,2c63ff060baad28dbc95e15bc2550d208d37bf1b4655a0c6afeef711f39977b7,6390,0,0,8438,5062800,600,ae12d7d2443203214d1a1b6e6c0a259704d5a2a78dd3372c3eba05c56b325c96,3d41204b1e9c664522378aa87f6359809137464d8693f339bb080d14d9c77140,60df0a7db0688df4967c306e4e36304a0f68d000d96b9af922caff79c7ab1fa0,10dfdb81f8d4e94b6c79fe77873ee10c1c43c43b752debce9aaf7641d2402843,fd0b415d4995c8ff6b61d5f15fd84a08191887a08a37ecd0fc53bb9453bf23c6,4.089838080108166,0.34092758340113916,0.6826688364524003,0.6509357200976403
scratch_4N_raw_s47_f100_plain_sgd_m09_lr0.003,scratch,4N,raw,47,100,plain,sgd_m09_lr0.003,sgd,0.003,0.9,300,0.5975918173789978,,0.5,1.310389518737793,a341607dd526dad2e742a0f8172e8eda6638a4ab7299c4abfd7a1e8acba929cf,67618814a1353128eaee8389ebe001e129a8b8759ef72b884c96950d7eac6197,344bf1befbacfbdf95185bed9b9cb9e30ea46dadc05d0800a4e04224130b5c3a,,,,507570d8b86a571f079104d779ed0c0db1549a21ba800a5a7f06ce911c1d0bb1,2c63ff060baad28dbc95e15bc2550d208d37bf1b4655a0c6afeef711f39977b7,6390,0,0,8438,2531400,300,ae12d7d2443203214d1a1b6e6c0a259704d5a2a78dd3372c3eba05c56b325c96,3d41204b1e9c664522378aa87f6359809137464d8693f339bb080d14d9c77140,60df0a7db0688df4967c306e4e36304a0f68d000d96b9af922caff79c7ab1fa0,10dfdb81f8d4e94b6c79fe77873ee10c1c43c43b752debce9aaf7641d2402843,fd0b415d4995c8ff6b61d5f15fd84a08191887a08a37ecd0fc53bb9453bf23c6,1.7269247621297836,0.0,0.22945484133441824,0.7705451586655818
scratch_4N_raw_s47_f100_plain_sgd_m09_lr0.01,scratch,4N,raw,47,100,plain,sgd_m09_lr0.01,sgd,0.01,0.9,300,0.5544483661651611,,0.3076171875,1.116474986076355,a341607dd526dad2e742a0f8172e8eda6638a4ab7299c4abfd7a1e8acba929cf,67618814a1353128eaee8389ebe001e129a8b8759ef72b884c96950d7eac6197,416fd3766ef5dd5dc6bcc2c99b0dbeade4db400022d5af63736937db103bb64e,,,,f7c23eb67e69e6a549e8ff22301be7ffba116e52b0fe67bce4b1ed7143c12dbd,2c63ff060baad28dbc95e15bc2550d208d37bf1b4655a0c6afeef711f39977b7,6390,0,0,8438,2531400,300,ae12d7d2443203214d1a1b6e6c0a259704d5a2a78dd3372c3eba05c56b325c96,3d41204b1e9c664522378aa87f6359809137464d8693f339bb080d14d9c77140,60df0a7db0688df4967c306e4e36304a0f68d000d96b9af922caff79c7ab1fa0,10dfdb81f8d4e94b6c79fe77873ee10c1c43c43b752debce9aaf7641d2402843,fd0b415d4995c8ff6b61d5f15fd84a08191887a08a37ecd0fc53bb9453bf23c6,1.821706309914589,0.06509357200976404,0.37591537835638733,0.6655817737998373
scratch_4N_raw_s47_f25_plain_adam_lr0.0005_steps600,scratch,4N,raw,47,25,plain,adam_lr0.0005_steps600,adam,0.0005,,600,0.7178656458854675,,0.02880859375,0.16884535551071167,a341607dd526dad2e742a0f8172e8eda6638a4ab7299c4abfd7a1e8acba929cf,67618814a1353128eaee8389ebe001e129a8b8759ef72b884c96950d7eac6197,3f92e0e18adcd6553d3d341128cbd4391f02e81ab703a5d9f40f9c1870f15eb9,,,,c3d3a8c87ef57f2fd681659b40414c70e2b3886410071db59be124608b754348,1b9ee37f9c8057fa8c0afc721ea672150328c879d4f1306535b67f742e9d3109,1597,0,0,3645,2187000,600,ae12d7d2443203214d1a1b6e6c0a259704d5a2a78dd3372c3eba05c56b325c96,3d41204b1e9c664522378aa87f6359809137464d8693f339bb080d14d9c77140,60df0a7db0688df4967c306e4e36304a0f68d000d96b9af922caff79c7ab1fa0,10dfdb81f8d4e94b6c79fe77873ee10c1c43c43b752debce9aaf7641d2402843,fd0b415d4995c8ff6b61d5f15fd84a08191887a08a37ecd0fc53bb9453bf23c6,1.7809513360261917,0.22945484133441824,0.6257119609438568,0.595606183889341
scratch_4N_raw_s47_f25_plain_sgd_m09_lr0.003,scratch,4N,raw,47,25,plain,sgd_m09_lr0.003,sgd,0.003,0.9,300,0.5961543917655945,,0.5,1.3076024055480957,a341607dd526dad2e742a0f8172e8eda6638a4ab7299c4abfd7a1e8acba929cf,67618814a1353128eaee8389ebe001e129a8b8759ef72b884c96950d7eac6197,703574fdffe4e36507df8ef50e0905d42062e4cb2497f8d51eedfef3dff6b7ef,,,,9a826456a96187ee9589d15cf8d28af5938211c7c1591fa96da33fa853f10977,1b9ee37f9c8057fa8c0afc721ea672150328c879d4f1306535b67f742e9d3109,1597,0,0,3645,1093500,300,ae12d7d2443203214d1a1b6e6c0a259704d5a2a78dd3372c3eba05c56b325c96,3d41204b1e9c664522378aa87f6359809137464d8693f339bb080d14d9c77140,60df0a7db0688df4967c306e4e36304a0f68d000d96b9af922caff79c7ab1fa0,10dfdb81f8d4e94b6c79fe77873ee10c1c43c43b752debce9aaf7641d2402843,fd0b415d4995c8ff6b61d5f15fd84a08191887a08a37ecd0fc53bb9453bf23c6,0.7447601035237312,0.0,0.22945484133441824,0.7705451586655818
scratch_4N_raw_s47_f25_plain_sgd_m09_lr0.01,scratch,4N,raw,47,25,plain,sgd_m09_lr0.01,sgd,0.01,0.9,300,0.5479384064674377,,0.32470703125,1.1104222536087036,a341607dd526dad2e742a0f8172e8eda6638a4ab7299c4abfd7a1e8acba929cf,67618814a1353128eaee8389ebe001e129a8b8759ef72b884c96950d7eac6197,140f873e4fb143ae10b81f5c345cb2eb97ac201f9ff71f3fb40e5e8eb9e50243,,,,1fd8c250a43f63e78f8eff084ca472565765ea5c4a8aecc5c666da615f9c3ae5,1b9ee37f9c8057fa8c0afc721ea672150328c879d4f1306535b67f742e9d3109,1597,0,0,3645,1093500,300,ae12d7d2443203214d1a1b6e6c0a259704d5a2a78dd3372c3eba05c56b325c96,3d41204b1e9c664522378aa87f6359809137464d8693f339bb080d14d9c77140,60df0a7db0688df4967c306e4e36304a0f68d000d96b9af922caff79c7ab1fa0,10dfdb81f8d4e94b6c79fe77873ee10c1c43c43b752debce9aaf7641d2402843,fd0b415d4995c8ff6b61d5f15fd84a08191887a08a37ecd0fc53bb9453bf23c6,0.790334478020668,0.05370219690805533,0.3775427176566314,0.6484947111472742
scratch_4N_sixdist_s11_f0_plain_adam_lr0.0005_steps600,scratch,4N,sixdist,11,0,plain,adam_lr0.0005_steps600,adam,0.0005,,600,0.356009304523468,,0.0,0.006424664985388517,c09126808533f4d5feb0cb47a181bd171b8e40b8f1a2130544fbe9027c57b20a,b8b08a112a09d75b8a4b709c41982240a8b56c7b62d2e80fb26b8db15466b4de,398d0963c9777b86d6e421a98a48079c270450f13a291cc4ad91045a7b63f7df,,,,9c51444a8328bede573df31378c3aa1bf57bd88be81ccb448f8f283ebc32c91c,7ef825ff320ce9d409a9d284b834209a69706e09b8c0d2c91f91abf3d1bbb787,0,0,0,2048,1228800,600,ae12d7d2443203214d1a1b6e6c0a259704d5a2a78dd3372c3eba05c56b325c96,3d41204b1e9c664522378aa87f6359809137464d8693f339bb080d14d9c77140,60df0a7db0688df4967c306e4e36304a0f68d000d96b9af922caff79c7ab1fa0,10dfdb81f8d4e94b6c79fe77873ee10c1c43c43b752debce9aaf7641d2402843,fd0b415d4995c8ff6b61d5f15fd84a08191887a08a37ecd0fc53bb9453bf23c6,1.2679000794887543,0.5337672904800651,0.869812855980472,0.661513425549227
scratch_4N_sixdist_s11_f0_plain_sgd_m09_lr0.003,scratch,4N,sixdist,11,0,plain,sgd_m09_lr0.003,sgd,0.003,0.9,300,0.6903847455978394,,0.16064453125,0.46267104148864746,c09126808533f4d5feb0cb47a181bd171b8e40b8f1a2130544fbe9027c57b20a,b8b08a112a09d75b8a4b709c41982240a8b56c7b62d2e80fb26b8db15466b4de,dc87d8069c9cc563d1fff998d53dfd2093de8ebdd5c73b149b8cd041d6210581,,,,730acefe2d6ed278631c9b41f23989d59f14f440132a0b224f938fd2828ccd83,7ef825ff320ce9d409a9d284b834209a69706e09b8c0d2c91f91abf3d1bbb787,0,0,0,2048,614400,300,ae12d7d2443203214d1a1b6e6c0a259704d5a2a78dd3372c3eba05c56b325c96,3d41204b1e9c664522378aa87f6359809137464d8693f339bb080d14d9c77140,60df0a7db0688df4967c306e4e36304a0f68d000d96b9af922caff79c7ab1fa0,10dfdb81f8d4e94b6c79fe77873ee10c1c43c43b752debce9aaf7641d2402843,fd0b415d4995c8ff6b61d5f15fd84a08191887a08a37ecd0fc53bb9453bf23c6,0.4645127207040787,0.07567127746135069,0.6965012205044752,0.36371033360455657
scratch_4N_sixdist_s11_f0_plain_sgd_m09_lr0.01,scratch,4N,sixdist,11,0,plain,sgd_m09_lr0.01,sgd,0.01,0.9,300,0.487285315990448,,0.04248046875,0.1322539746761322,c09126808533f4d5feb0cb47a181bd171b8e40b8f1a2130544fbe9027c57b20a,b8b08a112a09d75b8a4b709c41982240a8b56c7b62d2e80fb26b8db15466b4de,3321fd35757b9deb37ad9dbb4ecbda4b7375a26a3563f67a8b4ff6ec421f0647,,,,721192032b71a9acee637d6e5ed32a3ab1fae4d5adb968a28cc4f7918246ca72,7ef825ff320ce9d409a9d284b834209a69706e09b8c0d2c91f91abf3d1bbb787,0,0,0,2048,614400,300,ae12d7d2443203214d1a1b6e6c0a259704d5a2a78dd3372c3eba05c56b325c96,3d41204b1e9c664522378aa87f6359809137464d8693f339bb080d14d9c77140,60df0a7db0688df4967c306e4e36304a0f68d000d96b9af922caff79c7ab1fa0,10dfdb81f8d4e94b6c79fe77873ee10c1c43c43b752debce9aaf7641d2402843,fd0b415d4995c8ff6b61d5f15fd84a08191887a08a37ecd0fc53bb9453bf23c6,0.4908873364329338,0.24328722538649308,0.7990235964198535,0.44182262001627337
scratch_4N_sixdist_s11_f100_plain_adam_lr0.0005_steps600,scratch,4N,sixdist,11,100,plain,adam_lr0.0005_steps600,adam,0.0005,,600,0.04538620263338089,,0.00146484375,0.04649065434932709,c09126808533f4d5feb0cb47a181bd171b8e40b8f1a2130544fbe9027c57b20a,b8b08a112a09d75b8a4b709c41982240a8b56c7b62d2e80fb26b8db15466b4de,66ded357405849e98e18b1bb83c1b6545b97599b16e14d6e0cffdc661d1562cf,,,,b0f577473c7a8b5058c8c1f8b16079ffbca28c43059325a274a0e5928163b27a,2c63ff060baad28dbc95e15bc2550d208d37bf1b4655a0c6afeef711f39977b7,6390,0,0,8438,5062800,600,ae12d7d2443203214d1a1b6e6c0a259704d5a2a78dd3372c3eba05c56b325c96,3d41204b1e9c664522378aa87f6359809137464d8693f339bb080d14d9c77140,60df0a7db0688df4967c306e4e36304a0f68d000d96b9af922caff79c7ab1fa0,10dfdb81f8d4e94b6c79fe77873ee10c1c43c43b752debce9aaf7641d2402843,fd0b415d4995c8ff6b61d5f15fd84a08191887a08a37ecd0fc53bb9453bf23c6,4.509550653398037,0.8356387306753458,0.9064279902359642,0.9292107404393816
scratch_4N_sixdist_s11_f100_plain_sgd_m09_lr0.003,scratch,4N,sixdist,11,100,plain,sgd_m09_lr0.003,sgd,0.003,0.9,300,0.5442968010902405,,0.37548828125,1.1494779586791992,c09126808533f4d5feb0cb47a181bd171b8e40b8f1a2130544fbe9027c57b20a,b8b08a112a09d75b8a4b709c41982240a8b56c7b62d2e80fb26b8db15466b4de,ffc5af3a4221593fe822cc0b8ddce1d9a8fe4ace8256739caceee2c39c8c5420,,,,542fef20106f3997b5e9b6850945ff518cb67399b54d4b95a5421930f32bc09f,2c63ff060baad28dbc95e15bc2550d208d37bf1b4655a0c6afeef711f39977b7,6390,0,0,8438,2531400,300,ae12d7d2443203214d1a1b6e6c0a259704d5a2a78dd3372c3eba05c56b325c96,3d41204b1e9c664522378aa87f6359809137464d8693f339bb080d14d9c77140,60df0a7db0688df4967c306e4e36304a0f68d000d96b9af922caff79c7ab1fa0,10dfdb81f8d4e94b6c79fe77873ee10c1c43c43b752debce9aaf7641d2402843,fd0b415d4995c8ff6b61d5f15fd84a08191887a08a37ecd0fc53bb9453bf23c6,1.9939837083220482,0.014646053702196907,0.3213995117982099,0.6794141578519122
scratch_4N_sixdist_s11_f100_plain_sgd_m09_lr0.01,scratch,4N,sixdist,11,100,plain,sgd_m09_lr0.01,sgd,0.01,0.9,300,0.17087283730506897,,0.03125,0.3404724597930908,c09126808533f4d5feb0cb47a181bd171b8e40b8f1a2130544fbe9027c57b20a,b8b08a112a09d75b8a4b709c41982240a8b56c7b62d2e80fb26b8db15466b4de,89542b8fbeaa35abaeb6e73df3809ed9392b7151bb7ffade30cd00b73d230638,,,,c319354cd48a545ede7112c1a63e5bcb7092103d79e37031f0a728dc49e3b8be,2c63ff060baad28dbc95e15bc2550d208d37bf1b4655a0c6afeef711f39977b7,6390,0,0,8438,2531400,300,ae12d7d2443203214d1a1b6e6c0a259704d5a2a78dd3372c3eba05c56b325c96,3d41204b1e9c664522378aa87f6359809137464d8693f339bb080d14d9c77140,60df0a7db0688df4967c306e4e36304a0f68d000d96b9af922caff79c7ab1fa0,10dfdb81f8d4e94b6c79fe77873ee10c1c43c43b752debce9aaf7641d2402843,fd0b415d4995c8ff6b61d5f15fd84a08191887a08a37ecd0fc53bb9453bf23c6,1.7357543855905533,0.5825874694873882,0.7323026851098454,0.8502847843775427
scratch_4N_sixdist_s11_f25_plain_adam_lr0.0005_steps600,scratch,4N,sixdist,11,25,plain,adam_lr0.0005_steps600,adam,0.0005,,600,0.06211596354842186,,0.00341796875,0.031726494431495667,c09126808533f4d5feb0cb47a181bd171b8e40b8f1a2130544fbe9027c57b20a,b8b08a112a09d75b8a4b709c41982240a8b56c7b62d2e80fb26b8db15466b4de,c03b45f1ec22a7c0329471b4de9fbb11c74de6d5123b6d226613bd37771adad6,,,,8b2797619940eb9f8dc70519568b87282a0cb33b8393a91d914298d8502f213c,1b9ee37f9c8057fa8c0afc721ea672150328c879d4f1306535b67f742e9d3109,1597,0,0,3645,2187000,600,ae12d7d2443203214d1a1b6e6c0a259704d5a2a78dd3372c3eba05c56b325c96,3d41204b1e9c664522378aa87f6359809137464d8693f339bb080d14d9c77140,60df0a7db0688df4967c306e4e36304a0f68d000d96b9af922caff79c7ab1fa0,10dfdb81f8d4e94b6c79fe77873ee10c1c43c43b752debce9aaf7641d2402843,fd0b415d4995c8ff6b61d5f15fd84a08191887a08a37ecd0fc53bb9453bf23c6,2.221029721200466,0.7778681855166802,0.8787632221318145,0.8966639544344996
scratch_4N_sixdist_s11_f25_plain_sgd_m09_lr0.003,scratch,4N,sixdist,11,25,plain,sgd_m09_lr0.003,sgd,0.003,0.9,300,0.5426793098449707,,0.36669921875,1.1419310569763184,c09126808533f4d5feb0cb47a181bd171b8e40b8f1a2130544fbe9027c57b20a,b8b08a112a09d75b8a4b709c41982240a8b56c7b62d2e80fb26b8db15466b4de,2cbd631bf823ca6243835af8cb95b3fec60866a09d644c1966fd19b072c5f37a,,,,520cb26af6560d341fb36162e5a059d6de19d05f14dcde7dac993ef3f8751fb1,1b9ee37f9c8057fa8c0afc721ea672150328c879d4f1306535b67f742e9d3109,1597,0,0,3645,1093500,300,ae12d7d2443203214d1a1b6e6c0a259704d5a2a78dd3372c3eba05c56b325c96,3d41204b1e9c664522378aa87f6359809137464d8693f339bb080d14d9c77140,60df0a7db0688df4967c306e4e36304a0f68d000d96b9af922caff79c7ab1fa0,10dfdb81f8d4e94b6c79fe77873ee10c1c43c43b752debce9aaf7641d2402843,fd0b415d4995c8ff6b61d5f15fd84a08191887a08a37ecd0fc53bb9453bf23c6,0.7955717220902443,0.026037428803905614,0.3303498779495525,0.6802278275020341
scratch_4N_sixdist_s11_f25_plain_sgd_m09_lr0.01,scratch,4N,sixdist,11,25,plain,sgd_m09_lr0.01,sgd,0.01,0.9,300,0.16649407148361206,,0.03466796875,0.32072141766548157,c09126808533f4d5feb0cb47a181bd171b8e40b8f1a2130544fbe9027c57b20a,b8b08a112a09d75b8a4b709c41982240a8b56c7b62d2e80fb26b8db15466b4de,b402406dd750c0ed475abab9189c4f20b42debb27e80feb60369decb42e4feda,,,,62f9b7ea8cb01c8a34f7d5f438f578798a3e2b2d1a794f1f4508ed76cbb17be3,1b9ee37f9c8057fa8c0afc721ea672150328c879d4f1306535b67f742e9d3109,1597,0,0,3645,1093500,300,ae12d7d2443203214d1a1b6e6c0a259704d5a2a78dd3372c3eba05c56b325c96,3d41204b1e9c664522378aa87f6359809137464d8693f339bb080d14d9c77140,60df0a7db0688df4967c306e4e36304a0f68d000d96b9af922caff79c7ab1fa0,10dfdb81f8d4e94b6c79fe77873ee10c1c43c43b752debce9aaf7641d2402843,fd0b415d4995c8ff6b61d5f15fd84a08191887a08a37ecd0fc53bb9453bf23c6,0.7813788279891014,0.5988608624898292,0.7510170870626526,0.8470301057770545
scratch_4N_sixdist_s23_f0_plain_adam_lr0.0005_steps600,scratch,4N,sixdist,23,0,plain,adam_lr0.0005_steps600,adam,0.0005,,600,0.3808545172214508,,0.0,0.0063038961961865425,da073a7ae8a2a038327266a1ed49342eff346b70e48b86a3cf91fe96c8c94d0e,1bc0e4f626b5f870cb4499fd7b2a28e0e5b604ca7ea44b37a9a864cbd02777e1,d7f8866e95b39d4bd6df271bb097a9432816a7f8e8ece20bcb61ff95ae5ef03e,,,,e875a20c5498543c21a61c3417e600afa271c705ae3718d84c0f425de0264a9c,7ef825ff320ce9d409a9d284b834209a69706e09b8c0d2c91f91abf3d1bbb787,0,0,0,2048,1228800,600,ae12d7d2443203214d1a1b6e6c0a259704d5a2a78dd3372c3eba05c56b325c96,3d41204b1e9c664522378aa87f6359809137464d8693f339bb080d14d9c77140,60df0a7db0688df4967c306e4e36304a0f68d000d96b9af922caff79c7ab1fa0,10dfdb81f8d4e94b6c79fe77873ee10c1c43c43b752debce9aaf7641d2402843,fd0b415d4995c8ff6b61d5f15fd84a08191887a08a37ecd0fc53bb9453bf23c6,1.292674943804741,0.5174938974776241,0.8510984540276648,0.6663954434499593
scratch_4N_sixdist_s23_f0_plain_sgd_m09_lr0.003,scratch,4N,sixdist,23,0,plain,sgd_m09_lr0.003,sgd,0.003,0.9,300,0.6857652068138123,,0.17333984375,0.4939177930355072,da073a7ae8a2a038327266a1ed49342eff346b70e48b86a3cf91fe96c8c94d0e,1bc0e4f626b5f870cb4499fd7b2a28e0e5b604ca7ea44b37a9a864cbd02777e1,edc30fcbbe58a61bf6b0e6eb70da69eb20bad60fd6339bde77d49dc8e4876785,,,,dffc94a9af33ecfb8878ecc695c38371a3b6bbbd1520b3f033afb23a68cd5819,7ef825ff320ce9d409a9d284b834209a69706e09b8c0d2c91f91abf3d1bbb787,0,0,0,2048,614400,300,ae12d7d2443203214d1a1b6e6c0a259704d5a2a78dd3372c3eba05c56b325c96,3d41204b1e9c664522378aa87f6359809137464d8693f339bb080d14d9c77140,60df0a7db0688df4967c306e4e36304a0f68d000d96b9af922caff79c7ab1fa0,10dfdb81f8d4e94b6c79fe77873ee10c1c43c43b752debce9aaf7641d2402843,fd0b415d4995c8ff6b61d5f15fd84a08191887a08a37ecd0fc53bb9453bf23c6,0.4802998825907707,0.059397884458909686,0.6810414971521562,0.36208299430431246
scratch_4N_sixdist_s23_f0_plain_sgd_m09_lr0.01,scratch,4N,sixdist,23,0,plain,sgd_m09_lr0.01,sgd,0.01,0.9,300,0.5309453010559082,,0.04541015625,0.13931290805339813,da073a7ae8a2a038327266a1ed49342eff346b70e48b86a3cf91fe96c8c94d0e,1bc0e4f626b5f870cb4499fd7b2a28e0e5b604ca7ea44b37a9a864cbd02777e1,4ad21946e8dbfc8f5391c2241df26180bcf6429fd61aba75153db012b14b764e,,,,e0f73784c6b363961cc59c85a9adb5e74cfe0eff2439deae6503e95cf61d8b39,7ef825ff320ce9d409a9d284b834209a69706e09b8c0d2c91f91abf3d1bbb787,0,0,0,2048,614400,300,ae12d7d2443203214d1a1b6e6c0a259704d5a2a78dd3372c3eba05c56b325c96,3d41204b1e9c664522378aa87f6359809137464d8693f339bb080d14d9c77140,60df0a7db0688df4967c306e4e36304a0f68d000d96b9af922caff79c7ab1fa0,10dfdb81f8d4e94b6c79fe77873ee10c1c43c43b752debce9aaf7641d2402843,fd0b415d4995c8ff6b61d5f15fd84a08191887a08a37ecd0fc53bb9453bf23c6,0.4910491108894348,0.19528071602929212,0.7860048820179008,0.402766476810415
scratch_4N_sixdist_s23_f100_plain_adam_lr0.0005_steps600,scratch,4N,sixdist,23,100,plain,adam_lr0.0005_steps600,adam,0.0005,,600,0.05254044011235237,,0.00341796875,0.04435180127620697,da073a7ae8a2a038327266a1ed49342eff346b70e48b86a3cf91fe96c8c94d0e,1bc0e4f626b5f870cb4499fd7b2a28e0e5b604ca7ea44b37a9a864cbd02777e1,bb0c82b980015d0a38e0240648905414e7a03f90e2b627178354233ad1536965,,,,1ed575d0b48dc3194e39a09c375e6e446a0bfadbb5550f2602d2e3faf03971e2,2c63ff060baad28dbc95e15bc2550d208d37bf1b4655a0c6afeef711f39977b7,6390,0,0,8438,5062800,600,ae12d7d2443203214d1a1b6e6c0a259704d5a2a78dd3372c3eba05c56b325c96,3d41204b1e9c664522378aa87f6359809137464d8693f339bb080d14d9c77140,60df0a7db0688df4967c306e4e36304a0f68d000d96b9af922caff79c7ab1fa0,10dfdb81f8d4e94b6c79fe77873ee10c1c43c43b752debce9aaf7641d2402843,fd0b415d4995c8ff6b61d5f15fd84a08191887a08a37ecd0fc53bb9453bf23c6,3.732583165168762,0.8201790073230268,0.9048006509357202,0.9153783563873068
scratch_4N_sixdist_s23_f100_plain_sgd_m09_lr0.003,scratch,4N,sixdist,23,100,plain,sgd_m09_lr0.003,sgd,0.003,0.9,300,0.5534806847572327,,0.39794921875,1.1585464477539062,da073a7ae8a2a038327266a1ed49342eff346b70e48b86a3cf91fe96c8c94d0e,1bc0e4f626b5f870cb4499fd7b2a28e0e5b604ca7ea44b37a9a864cbd02777e1,b644529c6ebf38db78390ae991956d4448567c91cea6a86f2cf01257f291107f,,,,0d41f595dae61b6a07b9829379a6aecb426682558b5b56c42abeeea85f8878b5,2c63ff060baad28dbc95e15bc2550d208d37bf1b4655a0c6afeef711f39977b7,6390,0,0,8438,2531400,300,ae12d7d2443203214d1a1b6e6c0a259704d5a2a78dd3372c3eba05c56b325c96,3d41204b1e9c664522378aa87f6359809137464d8693f339bb080d14d9c77140,60df0a7db0688df4967c306e4e36304a0f68d000d96b9af922caff79c7ab1fa0,10dfdb81f8d4e94b6c79fe77873ee10c1c43c43b752debce9aaf7641d2402843,fd0b415d4995c8ff6b61d5f15fd84a08191887a08a37ecd0fc53bb9453bf23c6,1.5239945948123932,0.010577705451586655,0.27502034174125306,0.7225386493083807
scratch_4N_sixdist_s23_f100_plain_sgd_m09_lr0.01,scratch,4N,sixdist,23,100,plain,sgd_m09_lr0.01,sgd,0.01,0.9,300,0.17316100001335144,,0.0322265625,0.34302887320518494,da073a7ae8a2a038327266a1ed49342eff346b70e48b86a3cf91fe96c8c94d0e,1bc0e4f626b5f870cb4499fd7b2a28e0e5b604ca7ea44b37a9a864cbd02777e1,e14a7127f13b3fe159b9bc7a2a0519d3b78911b88a3379e3d3b171492b06c1b0,,,,dd1527d74ee3b08392955892356736a50352709f2fea5763127e9e9f0429bd68,2c63ff060baad28dbc95e15bc2550d208d37bf1b4655a0c6afeef711f39977b7,6390,0,0,8438,2531400,300,ae12d7d2443203214d1a1b6e6c0a259704d5a2a78dd3372c3eba05c56b325c96,3d41204b1e9c664522378aa87f6359809137464d8693f339bb080d14d9c77140,60df0a7db0688df4967c306e4e36304a0f68d000d96b9af922caff79c7ab1fa0,10dfdb81f8d4e94b6c79fe77873ee10c1c43c43b752debce9aaf7641d2402843,fd0b415d4995c8ff6b61d5f15fd84a08191887a08a37ecd0fc53bb9453bf23c6,1.8064023703336716,0.6737184703010578,0.7917005695687551,0.8812042310821806
scratch_4N_sixdist_s23_f25_plain_adam_lr0.0005_steps600,scratch,4N,sixdist,23,25,plain,adam_lr0.0005_steps600,adam,0.0005,,600,0.07272356003522873,,0.0029296875,0.028330840170383453,da073a7ae8a2a038327266a1ed49342eff346b70e48b86a3cf91fe96c8c94d0e,1bc0e4f626b5f870cb4499fd7b2a28e0e5b604ca7ea44b37a9a864cbd02777e1,6c22caa96e2062b6fc36901b58f1e977ba1daecc5a9d40850cc7ac8821aa8b1e,,,,1c94105169aac909c81e08a9402c1e24b1792ab82f029f8d5c4fc937ecdc0a95,1b9ee37f9c8057fa8c0afc721ea672150328c879d4f1306535b67f742e9d3109,1597,0,0,3645,2187000,600,ae12d7d2443203214d1a1b6e6c0a259704d5a2a78dd3372c3eba05c56b325c96,3d41204b1e9c664522378aa87f6359809137464d8693f339bb080d14d9c77140,60df0a7db0688df4967c306e4e36304a0f68d000d96b9af922caff79c7ab1fa0,10dfdb81f8d4e94b6c79fe77873ee10c1c43c43b752debce9aaf7641d2402843,fd0b415d4995c8ff6b61d5f15fd84a08191887a08a37ecd0fc53bb9453bf23c6,2.274251125752926,0.7786818551668023,0.8763222131814483,0.8974776240846216
scratch_4N_sixdist_s23_f25_plain_sgd_m09_lr0.003,scratch,4N,sixdist,23,25,plain,sgd_m09_lr0.003,sgd,0.003,0.9,300,0.5527561902999878,,0.38525390625,1.1533476114273071,da073a7ae8a2a038327266a1ed49342eff346b70e48b86a3cf91fe96c8c94d0e,1bc0e4f626b5f870cb4499fd7b2a28e0e5b604ca7ea44b37a9a864cbd02777e1,db51c4321320a444cdc8ce6e107a1f99693e5fad754c0423c1078902991b4ed4,,,,d8c35d2b7acddb4f44b5ca0e2cb6020e27c06bc9ddc9dd93a8a97d680c2c9ea1,1b9ee37f9c8057fa8c0afc721ea672150328c879d4f1306535b67f742e9d3109,1597,0,0,3645,1093500,300,ae12d7d2443203214d1a1b6e6c0a259704d5a2a78dd3372c3eba05c56b325c96,3d41204b1e9c664522378aa87f6359809137464d8693f339bb080d14d9c77140,60df0a7db0688df4967c306e4e36304a0f68d000d96b9af922caff79c7ab1fa0,10dfdb81f8d4e94b6c79fe77873ee10c1c43c43b752debce9aaf7641d2402843,fd0b415d4995c8ff6b61d5f15fd84a08191887a08a37ecd0fc53bb9453bf23c6,0.8336870968341827,0.030919446704637917,0.3051261187957689,0.7127746135069162
scratch_4N_sixdist_s23_f25_plain_sgd_m09_lr0.01,scratch,4N,sixdist,23,25,plain,sgd_m09_lr0.01,sgd,0.01,0.9,300,0.16802097856998444,,0.03662109375,0.3274644613265991,da073a7ae8a2a038327266a1ed49342eff346b70e48b86a3cf91fe96c8c94d0e,1bc0e4f626b5f870cb4499fd7b2a28e0e5b604ca7ea44b37a9a864cbd02777e1,e82088473c8f47c517275dcc65a07184ce5b8116a35d6238bda0ee9379ed9bea,,,,14aff1d35cd073f5e110df1be80430acf07e1ccdfebf6c953dd3b743f7b269bc,1b9ee37f9c8057fa8c0afc721ea672150328c879d4f1306535b67f742e9d3109,1597,0,0,3645,1093500,300,ae12d7d2443203214d1a1b6e6c0a259704d5a2a78dd3372c3eba05c56b325c96,3d41204b1e9c664522378aa87f6359809137464d8693f339bb080d14d9c77140,60df0a7db0688df4967c306e4e36304a0f68d000d96b9af922caff79c7ab1fa0,10dfdb81f8d4e94b6c79fe77873ee10c1c43c43b752debce9aaf7641d2402843,fd0b415d4995c8ff6b61d5f15fd84a08191887a08a37ecd0fc53bb9453bf23c6,0.7842887416481972,0.6419853539462979,0.7697314890154597,0.8689991863303499
scratch_4N_sixdist_s47_f0_plain_adam_lr0.0005_steps600,scratch,4N,sixdist,47,0,plain,adam_lr0.0005_steps600,adam,0.0005,,600,0.2775629460811615,,0.0,0.006458960939198732,81bdc2436d4378cf145aaf4f4bb4a560c6960cfdd4261ba2925ded420dd05485,2192aa9c50b4703e2befacdb7d57b1f8324a81de5d84b983837ca82003f4a7d5,77954183c3fb349530f4e0736cb5d84362666bf498c6965ba4ad4012c2fbf562,,,,03981ecf67d69ac7574bcb95fc8990203603ef7b796608e741dc9aad711205b9,7ef825ff320ce9d409a9d284b834209a69706e09b8c0d2c91f91abf3d1bbb787,0,0,0,2048,1228800,600,ae12d7d2443203214d1a1b6e6c0a259704d5a2a78dd3372c3eba05c56b325c96,3d41204b1e9c664522378aa87f6359809137464d8693f339bb080d14d9c77140,60df0a7db0688df4967c306e4e36304a0f68d000d96b9af922caff79c7ab1fa0,10dfdb81f8d4e94b6c79fe77873ee10c1c43c43b752debce9aaf7641d2402843,fd0b415d4995c8ff6b61d5f15fd84a08191887a08a37ecd0fc53bb9453bf23c6,1.2482597455382347,0.49308380797396256,0.8364524003254679,0.6533767290480065
scratch_4N_sixdist_s47_f0_plain_sgd_m09_lr0.003,scratch,4N,sixdist,47,0,plain,sgd_m09_lr0.003,sgd,0.003,0.9,300,0.6809296607971191,,0.1650390625,0.520382285118103,81bdc2436d4378cf145aaf4f4bb4a560c6960cfdd4261ba2925ded420dd05485,2192aa9c50b4703e2befacdb7d57b1f8324a81de5d84b983837ca82003f4a7d5,453653a3c9039a42228bb271005e0b275568e9cb30a27d1b167464b8a62b0de9,,,,8c6b5c9f36e0a048f3a24084f1ecaa42c51eee332707c89b911a72307edc4339,7ef825ff320ce9d409a9d284b834209a69706e09b8c0d2c91f91abf3d1bbb787,0,0,0,2048,614400,300,ae12d7d2443203214d1a1b6e6c0a259704d5a2a78dd3372c3eba05c56b325c96,3d41204b1e9c664522378aa87f6359809137464d8693f339bb080d14d9c77140,60df0a7db0688df4967c306e4e36304a0f68d000d96b9af922caff79c7ab1fa0,10dfdb81f8d4e94b6c79fe77873ee10c1c43c43b752debce9aaf7641d2402843,fd0b415d4995c8ff6b61d5f15fd84a08191887a08a37ecd0fc53bb9453bf23c6,0.45806438475847244,0.07729861676159479,0.677786818551668,0.39137510170870626
scratch_4N_sixdist_s47_f0_plain_sgd_m09_lr0.01,scratch,4N,sixdist,47,0,plain,sgd_m09_lr0.01,sgd,0.01,0.9,300,0.5061812400817871,,0.0390625,0.12476285547018051,81bdc2436d4378cf145aaf4f4bb4a560c6960cfdd4261ba2925ded420dd05485,2192aa9c50b4703e2befacdb7d57b1f8324a81de5d84b983837ca82003f4a7d5,b7e40ecfa889a9c2c166b055a4b8cfdbc8ae68a5e30edf1ae81515e20902d9f8,,,,e25672ac1ff9d189fc05611f4cf8dca8c3f4db49feb7e46b75d3d0b9ee4359b3,7ef825ff320ce9d409a9d284b834209a69706e09b8c0d2c91f91abf3d1bbb787,0,0,0,2048,614400,300,ae12d7d2443203214d1a1b6e6c0a259704d5a2a78dd3372c3eba05c56b325c96,3d41204b1e9c664522378aa87f6359809137464d8693f339bb080d14d9c77140,60df0a7db0688df4967c306e4e36304a0f68d000d96b9af922caff79c7ab1fa0,10dfdb81f8d4e94b6c79fe77873ee10c1c43c43b752debce9aaf7641d2402843,fd0b415d4995c8ff6b61d5f15fd84a08191887a08a37ecd0fc53bb9453bf23c6,0.46563538908958435,0.2636289666395443,0.8242473555736372,0.4385679414157852
scratch_4N_sixdist_s47_f100_plain_adam_lr0.0005_steps600,scratch,4N,sixdist,47,100,plain,adam_lr0.0005_steps600,adam,0.0005,,600,0.04118526726961136,,0.0029296875,0.05074674263596535,81bdc2436d4378cf145aaf4f4bb4a560c6960cfdd4261ba2925ded420dd05485,2192aa9c50b4703e2befacdb7d57b1f8324a81de5d84b983837ca82003f4a7d5,b491faf74e7e74cbf78708380d98da4c582ec470893dd8dd4001cca58b4a6255,,,,aecf8a4fd33cb845bf3af1af945a566a7fca09f6f2bf308691d23ca0d9aaeb39,2c63ff060baad28dbc95e15bc2550d208d37bf1b4655a0c6afeef711f39977b7,6390,0,0,8438,5062800,600,ae12d7d2443203214d1a1b6e6c0a259704d5a2a78dd3372c3eba05c56b325c96,3d41204b1e9c664522378aa87f6359809137464d8693f339bb080d14d9c77140,60df0a7db0688df4967c306e4e36304a0f68d000d96b9af922caff79c7ab1fa0,10dfdb81f8d4e94b6c79fe77873ee10c1c43c43b752debce9aaf7641d2402843,fd0b415d4995c8ff6b61d5f15fd84a08191887a08a37ecd0fc53bb9453bf23c6,3.8295778781175613,0.8234336859235151,0.8942229454841334,0.9292107404393816
scratch_4N_sixdist_s47_f100_plain_sgd_m09_lr0.003,scratch,4N,sixdist,47,100,plain,sgd_m09_lr0.003,sgd,0.003,0.9,300,0.5436404943466187,,0.38037109375,1.146246314048767,81bdc2436d4378cf145aaf4f4bb4a560c6960cfdd4261ba2925ded420dd05485,2192aa9c50b4703e2befacdb7d57b1f8324a81de5d84b983837ca82003f4a7d5,3709515fe863d9d4655b8871fb1a5dd8d41ff5fdbedba9f988df6446d00e24f8,,,,8dbfed9be36d5b8997af0a6e48e73a076cf2593fec22291169e9d6082eec54a9,2c63ff060baad28dbc95e15bc2550d208d37bf1b4655a0c6afeef711f39977b7,6390,0,0,8438,2531400,300,ae12d7d2443203214d1a1b6e6c0a259704d5a2a78dd3372c3eba05c56b325c96,3d41204b1e9c664522378aa87f6359809137464d8693f339bb080d14d9c77140,60df0a7db0688df4967c306e4e36304a0f68d000d96b9af922caff79c7ab1fa0,10dfdb81f8d4e94b6c79fe77873ee10c1c43c43b752debce9aaf7641d2402843,fd0b415d4995c8ff6b61d5f15fd84a08191887a08a37ecd0fc53bb9453bf23c6,1.7770711928606033,0.021969080553295363,0.2766476810414972,0.7233523189585028
scratch_4N_sixdist_s47_f100_plain_sgd_m09_lr0.01,scratch,4N,sixdist,47,100,plain,sgd_m09_lr0.01,sgd,0.01,0.9,300,0.16193903982639313,,0.029296875,0.3241008520126343,81bdc2436d4378cf145aaf4f4bb4a560c6960cfdd4261ba2925ded420dd05485,2192aa9c50b4703e2befacdb7d57b1f8324a81de5d84b983837ca82003f4a7d5,772ff65303ff0ba7cb1891104832f1878855355ca4654d257de7eb4a787c8f04,,,,372489df45c4fbf1f9ea439dc52e03a4654352f5840439f34e0065bcd343dc82,2c63ff060baad28dbc95e15bc2550d208d37bf1b4655a0c6afeef711f39977b7,6390,0,0,8438,2531400,300,ae12d7d2443203214d1a1b6e6c0a259704d5a2a78dd3372c3eba05c56b325c96,3d41204b1e9c664522378aa87f6359809137464d8693f339bb080d14d9c77140,60df0a7db0688df4967c306e4e36304a0f68d000d96b9af922caff79c7ab1fa0,10dfdb81f8d4e94b6c79fe77873ee10c1c43c43b752debce9aaf7641d2402843,fd0b415d4995c8ff6b61d5f15fd84a08191887a08a37ecd0fc53bb9453bf23c6,1.806307539343834,0.6346623270951993,0.7811228641171685,0.8519121236777868
scratch_4N_sixdist_s47_f25_plain_adam_lr0.0005_steps600,scratch,4N,sixdist,47,25,plain,adam_lr0.0005_steps600,adam,0.0005,,600,0.0588742233812809,,0.0029296875,0.03645095229148865,81bdc2436d4378cf145aaf4f4bb4a560c6960cfdd4261ba2925ded420dd05485,2192aa9c50b4703e2befacdb7d57b1f8324a81de5d84b983837ca82003f4a7d5,89f1c8e6a8c4ae79736461ff0322ebceb5e8888e6bffd8273e199930c6743376,,,,5fc1e6ceb89a2eee70e2f1456353bc499ff084ec507a82551cc133986ae2bf9c,1b9ee37f9c8057fa8c0afc721ea672150328c879d4f1306535b67f742e9d3109,1597,0,0,3645,2187000,600,ae12d7d2443203214d1a1b6e6c0a259704d5a2a78dd3372c3eba05c56b325c96,3d41204b1e9c664522378aa87f6359809137464d8693f339bb080d14d9c77140,60df0a7db0688df4967c306e4e36304a0f68d000d96b9af922caff79c7ab1fa0,10dfdb81f8d4e94b6c79fe77873ee10c1c43c43b752debce9aaf7641d2402843,fd0b415d4995c8ff6b61d5f15fd84a08191887a08a37ecd0fc53bb9453bf23c6,2.185909681022167,0.7835638730675346,0.8836452400325467,0.8974776240846216
scratch_4N_sixdist_s47_f25_plain_sgd_m09_lr0.003,scratch,4N,sixdist,47,25,plain,sgd_m09_lr0.003,sgd,0.003,0.9,300,0.5437594056129456,,0.38330078125,1.1445019245147705,81bdc2436d4378cf145aaf4f4bb4a560c6960cfdd4261ba2925ded420dd05485,2192aa9c50b4703e2befacdb7d57b1f8324a81de5d84b983837ca82003f4a7d5,fc0196b5a5a1adc8b35d4aaf051ad775072a40de585ef6bc022fbd575b317a5a,,,,527654169431c6a001c4a31a1b3ab29cae8f6cb5cf1ac9944b44ac18c10eade0,1b9ee37f9c8057fa8c0afc721ea672150328c879d4f1306535b67f742e9d3109,1597,0,0,3645,1093500,300,ae12d7d2443203214d1a1b6e6c0a259704d5a2a78dd3372c3eba05c56b325c96,3d41204b1e9c664522378aa87f6359809137464d8693f339bb080d14d9c77140,60df0a7db0688df4967c306e4e36304a0f68d000d96b9af922caff79c7ab1fa0,10dfdb81f8d4e94b6c79fe77873ee10c1c43c43b752debce9aaf7641d2402843,fd0b415d4995c8ff6b61d5f15fd84a08191887a08a37ecd0fc53bb9453bf23c6,0.7603026479482651,0.01871440195280716,0.28152969894222946,0.7209113100081367
scratch_4N_sixdist_s47_f25_plain_sgd_m09_lr0.01,scratch,4N,sixdist,47,25,plain,sgd_m09_lr0.01,sgd,0.01,0.9,300,0.1692286878824234,,0.0341796875,0.31194111704826355,81bdc2436d4378cf145aaf4f4bb4a560c6960cfdd4261ba2925ded420dd05485,2192aa9c50b4703e2befacdb7d57b1f8324a81de5d84b983837ca82003f4a7d5,917577cf9ba9a535923c643a072d2135fbf2392e9d43fedbb204700e634325af,,,,9eef75664c344ba716f4814b4c3ec880b24d78f64c96042a7400a213466d2a62,1b9ee37f9c8057fa8c0afc721ea672150328c879d4f1306535b67f742e9d3109,1597,0,0,3645,1093500,300,ae12d7d2443203214d1a1b6e6c0a259704d5a2a78dd3372c3eba05c56b325c96,3d41204b1e9c664522378aa87f6359809137464d8693f339bb080d14d9c77140,60df0a7db0688df4967c306e4e36304a0f68d000d96b9af922caff79c7ab1fa0,10dfdb81f8d4e94b6c79fe77873ee10c1c43c43b752debce9aaf7641d2402843,fd0b415d4995c8ff6b61d5f15fd84a08191887a08a37ecd0fc53bb9453bf23c6,0.7812215387821198,0.6078112286411717,0.7607811228641171,0.8462164361269324
scratch_N_raw_s11_f0_plain_adam_lr0.0005_steps600,scratch,N,raw,11,0,plain,adam_lr0.0005_steps600,adam,0.0005,,600,2.581615447998047,,0.0,0.001908574253320694,0677ebebb7839a2c06385640a9b5f6896758a3d6a038bebdb00999792be5906c,45f0970d66d12ea2a87bb314274f37c64363479805baad44c291ee6abef9b799,0cbf24d44fb0721d6fcbf9361b51e9cef28e0baa86d8a3e1465404c8b9eec0c7,,,,d87dc9db4aa9447d636c0bc3150cff8e44dbcdc60a113712535f29b0b95bf3f3,44768dda981c37ad123305598d2fa3fea0d4b0d250c5c53388a19b5ccb8843e0,0,0,0,512,307200,600,620ea1dc1e443dc6c238317463dc64ab3a9ae05fb592743f3a7d67d7ce17262c,d164ad5aa2ce5cddc59b090809ccdf258a142a0ebe45712102a4c410fef64b5d,82461e4d28691b5a3f76cac317a7bde90a5123c8b0ad8230422abc74e2e16326,10dfdb81f8d4e94b6c79fe77873ee10c1c43c43b752debce9aaf7641d2402843,fd0b415d4995c8ff6b61d5f15fd84a08191887a08a37ecd0fc53bb9453bf23c6,0.8459179177880287,0.0886899918633035,0.6102522375915378,0.45402766476810413
scratch_N_raw_s11_f0_plain_sgd_m09_lr0.003,scratch,N,raw,11,0,plain,sgd_m09_lr0.003,sgd,0.003,0.9,300,0.6895100474357605,,0.357421875,0.6794559955596924,0677ebebb7839a2c06385640a9b5f6896758a3d6a038bebdb00999792be5906c,45f0970d66d12ea2a87bb314274f37c64363479805baad44c291ee6abef9b799,5c76541d3cc73a9694a754975174c478b57af5596e3fd5832f65d5530db4f386,,,,4a36e162096e01535321ed61f9ed8220fd5912352381ff44799e4b73f40eb3f0,44768dda981c37ad123305598d2fa3fea0d4b0d250c5c53388a19b5ccb8843e0,0,0,0,512,153600,300,620ea1dc1e443dc6c238317463dc64ab3a9ae05fb592743f3a7d67d7ce17262c,d164ad5aa2ce5cddc59b090809ccdf258a142a0ebe45712102a4c410fef64b5d,82461e4d28691b5a3f76cac317a7bde90a5123c8b0ad8230422abc74e2e16326,10dfdb81f8d4e94b6c79fe77873ee10c1c43c43b752debce9aaf7641d2402843,fd0b415d4995c8ff6b61d5f15fd84a08191887a08a37ecd0fc53bb9453bf23c6,0.3118675500154495,0.01952807160292921,0.5541090317331163,0.4467046379170057
scratch_N_raw_s11_f0_plain_sgd_m09_lr0.01,scratch,N,raw,11,0,plain,sgd_m09_lr0.01,sgd,0.01,0.9,300,0.6914234161376953,,0.1171875,0.336437463760376,0677ebebb7839a2c06385640a9b5f6896758a3d6a038bebdb00999792be5906c,45f0970d66d12ea2a87bb314274f37c64363479805baad44c291ee6abef9b799,22c06f1dcf662da4565ac59faa40d6df38a1d4bc80f2d405d15840158ec6ec09,,,,60aec8ad1753bc719ae28363a8edb41782d352635f232537388dcc2f6abab394,44768dda981c37ad123305598d2fa3fea0d4b0d250c5c53388a19b5ccb8843e0,0,0,0,512,153600,300,620ea1dc1e443dc6c238317463dc64ab3a9ae05fb592743f3a7d67d7ce17262c,d164ad5aa2ce5cddc59b090809ccdf258a142a0ebe45712102a4c410fef64b5d,82461e4d28691b5a3f76cac317a7bde90a5123c8b0ad8230422abc74e2e16326,10dfdb81f8d4e94b6c79fe77873ee10c1c43c43b752debce9aaf7641d2402843,fd0b415d4995c8ff6b61d5f15fd84a08191887a08a37ecd0fc53bb9453bf23c6,0.3014224246144295,0.06427990235964198,0.6305939788445891,0.41822620016273393
scratch_N_raw_s11_f100_plain_adam_lr0.0005_steps600,scratch,N,raw,11,100,plain,adam_lr0.0005_steps600,adam,0.0005,,600,1.5383236408233643,,0.00390625,0.12206162512302399,0677ebebb7839a2c06385640a9b5f6896758a3d6a038bebdb00999792be5906c,45f0970d66d12ea2a87bb314274f37c64363479805baad44c291ee6abef9b799,f20dbc733542c789d26695b5419e7e18e4cf123c4990c4969966fb8e57b32ef4,,,,3034d1b6dfa8542a84a9c08fc0c106ab3c84cb0e2686efd7773448ca8ca0eb10,4f20137a61986750dffce254a0ebc95c528eb11d40a6049f6349f17d1897d82b,1534,0,0,2046,1227600,600,620ea1dc1e443dc6c238317463dc64ab3a9ae05fb592743f3a7d67d7ce17262c,d164ad5aa2ce5cddc59b090809ccdf258a142a0ebe45712102a4c410fef64b5d,82461e4d28691b5a3f76cac317a7bde90a5123c8b0ad8230422abc74e2e16326,10dfdb81f8d4e94b6c79fe77873ee10c1c43c43b752debce9aaf7641d2402843,fd0b415d4995c8ff6b61d5f15fd84a08191887a08a37ecd0fc53bb9453bf23c6,1.4614289328455925,0.13751017087062653,0.5459723352318958,0.5614320585842149
scratch_N_raw_s11_f100_plain_sgd_m09_lr0.003,scratch,N,raw,11,100,plain,sgd_m09_lr0.003,sgd,0.003,0.9,300,0.5868788361549377,,0.5,1.2792307138442993,0677ebebb7839a2c06385640a9b5f6896758a3d6a038bebdb00999792be5906c,45f0970d66d12ea2a87bb314274f37c64363479805baad44c291ee6abef9b799,d8cfb635e9a242abcfd50185623f27e18b6334d035c5125bc29d7b5169608d21,,,,49324d79842ce899fc6f6d7f9217dc5e7bef258c2fa850504c1dcbe90785cd9f,4f20137a61986750dffce254a0ebc95c528eb11d40a6049f6349f17d1897d82b,1534,0,0,2046,613800,300,620ea1dc1e443dc6c238317463dc64ab3a9ae05fb592743f3a7d67d7ce17262c,d164ad5aa2ce5cddc59b090809ccdf258a142a0ebe45712102a4c410fef64b5d,82461e4d28691b5a3f76cac317a7bde90a5123c8b0ad8230422abc74e2e16326,10dfdb81f8d4e94b6c79fe77873ee10c1c43c43b752debce9aaf7641d2402843,fd0b415d4995c8ff6b61d5f15fd84a08191887a08a37ecd0fc53bb9453bf23c6,0.5960517302155495,0.0,0.22945484133441824,0.7705451586655818
scratch_N_raw_s11_f100_plain_sgd_m09_lr0.01,scratch,N,raw,11,100,plain,sgd_m09_lr0.01,sgd,0.01,0.9,300,0.5247799754142761,,0.259765625,0.9655884504318237,0677ebebb7839a2c06385640a9b5f6896758a3d6a038bebdb00999792be5906c,45f0970d66d12ea2a87bb314274f37c64363479805baad44c291ee6abef9b799,c7f7933cc2c8ba94d9d4641fa4467cab5eb647661269b7821c099522fd80773a,,,,0b2fc18a9bf57227ee6d8b178e1f7c3a810dba9ef69d7c1aacdfe8ab82a26068,4f20137a61986750dffce254a0ebc95c528eb11d40a6049f6349f17d1897d82b,1534,0,0,2046,613800,300,620ea1dc1e443dc6c238317463dc64ab3a9ae05fb592743f3a7d67d7ce17262c,d164ad5aa2ce5cddc59b090809ccdf258a142a0ebe45712102a4c410fef64b5d,82461e4d28691b5a3f76cac317a7bde90a5123c8b0ad8230422abc74e2e16326,10dfdb81f8d4e94b6c79fe77873ee10c1c43c43b752debce9aaf7641d2402843,fd0b415d4995c8ff6b61d5f15fd84a08191887a08a37ecd0fc53bb9453bf23c6,0.6162041425704956,0.07567127746135069,0.46216436126932464,0.5996745321399511
scratch_N_raw_s11_f25_plain_adam_lr0.0005_steps600,scratch,N,raw,11,25,plain,adam_lr0.0005_steps600,adam,0.0005,,600,1.84339439868927,,0.0078125,0.05561327189207077,0677ebebb7839a2c06385640a9b5f6896758a3d6a038bebdb00999792be5906c,45f0970d66d12ea2a87bb314274f37c64363479805baad44c291ee6abef9b799,ced850a8fa064be6626ceafb00440c6f198bcf5cef3277c0f487b6dee72baca9,,,,edfda9f08e8590555bf5cda536659f687f8b3375c64608b470b79388604d55c0,2223d789f239d4c8c340e5b8d921f03de7496195077840b5c9ec277020807383,383,0,0,895,537000,600,620ea1dc1e443dc6c238317463dc64ab3a9ae05fb592743f3a7d67d7ce17262c,d164ad5aa2ce5cddc59b090809ccdf258a142a0ebe45712102a4c410fef64b5d,82461e4d28691b5a3f76cac317a7bde90a5123c8b0ad8230422abc74e2e16326,10dfdb81f8d4e94b6c79fe77873ee10c1c43c43b752debce9aaf7641d2402843,fd0b415d4995c8ff6b61d5f15fd84a08191887a08a37ecd0fc53bb9453bf23c6,1.2084386572241783,0.1497152156224573,0.5842148087876322,0.5370219690805533
scratch_N_raw_s11_f25_plain_sgd_m09_lr0.003,scratch,N,raw,11,25,plain,sgd_m09_lr0.003,sgd,0.003,0.9,300,0.5946146249771118,,0.5,1.2840840816497803,0677ebebb7839a2c06385640a9b5f6896758a3d6a038bebdb00999792be5906c,45f0970d66d12ea2a87bb314274f37c64363479805baad44c291ee6abef9b799,150cf024f3410b539f1cacdf9ed6295526ae89005f6f1712186687d5ce284c60,,,,4f5b1ba0282a1d52aae6cb52dd7d425d3d7cb7def9c5a3f81dea15e65078187a,2223d789f239d4c8c340e5b8d921f03de7496195077840b5c9ec277020807383,383,0,0,895,268500,300,620ea1dc1e443dc6c238317463dc64ab3a9ae05fb592743f3a7d67d7ce17262c,d164ad5aa2ce5cddc59b090809ccdf258a142a0ebe45712102a4c410fef64b5d,82461e4d28691b5a3f76cac317a7bde90a5123c8b0ad8230422abc74e2e16326,10dfdb81f8d4e94b6c79fe77873ee10c1c43c43b752debce9aaf7641d2402843,fd0b415d4995c8ff6b61d5f15fd84a08191887a08a37ecd0fc53bb9453bf23c6,0.4855642467737198,0.0,0.22945484133441824,0.7705451586655818
scratch_N_raw_s11_f25_plain_sgd_m09_lr0.01,scratch,N,raw,11,25,plain,sgd_m09_lr0.01,sgd,0.01,0.9,300,0.565022885799408,,0.244140625,0.8790967464447021,0677ebebb7839a2c06385640a9b5f6896758a3d6a038bebdb00999792be5906c,45f0970d66d12ea2a87bb314274f37c64363479805baad44c291ee6abef9b799,dbd269cbcf27ef5d6983ad3dd3d7a64eb3197debbad942d5d796c91879c3beaa,,,,8c729c4294491e2aef5b2fc6221a4794e85204675cafcc6e5f6df19f0da0428e,2223d789f239d4c8c340e5b8d921f03de7496195077840b5c9ec277020807383,383,0,0,895,268500,300,620ea1dc1e443dc6c238317463dc64ab3a9ae05fb592743f3a7d67d7ce17262c,d164ad5aa2ce5cddc59b090809ccdf258a142a0ebe45712102a4c410fef64b5d,82461e4d28691b5a3f76cac317a7bde90a5123c8b0ad8230422abc74e2e16326,10dfdb81f8d4e94b6c79fe77873ee10c1c43c43b752debce9aaf7641d2402843,fd0b415d4995c8ff6b61d5f15fd84a08191887a08a37ecd0fc53bb9453bf23c6,0.49852121621370316,0.0838079739625712,0.5101708706265257,0.5500406834825061
scratch_N_raw_s23_f0_plain_adam_lr0.0005_steps600,scratch,N,raw,23,0,plain,adam_lr0.0005_steps600,adam,0.0005,,600,2.458590507507324,,0.0,0.0019952477887272835,9d365bebbda0e357e79f5ffb271998b99620a9c3e917e3991cbdc32538dc1177,d4f3eb242038f46edad5375e40bd669373e3c068e3da28d585a16dc4f551789c,dfa87b976966b2d34bb419b118fbfdab6d09a309e63f3a09e2df0855603711c4,,,,73b71e265ad511e5628b7710bbd356fd91cfcf2a113f16270abbf8a8ccf2a906,44768dda981c37ad123305598d2fa3fea0d4b0d250c5c53388a19b5ccb8843e0,0,0,0,512,307200,600,620ea1dc1e443dc6c238317463dc64ab3a9ae05fb592743f3a7d67d7ce17262c,d164ad5aa2ce5cddc59b090809ccdf258a142a0ebe45712102a4c410fef64b5d,82461e4d28691b5a3f76cac317a7bde90a5123c8b0ad8230422abc74e2e16326,10dfdb81f8d4e94b6c79fe77873ee10c1c43c43b752debce9aaf7641d2402843,fd0b415d4995c8ff6b61d5f15fd84a08191887a08a37ecd0fc53bb9453bf23c6,0.8367068022489548,0.08624898291293735,0.6379170056956875,0.4255492270138324
scratch_N_raw_s23_f0_plain_sgd_m09_lr0.003,scratch,N,raw,23,0,plain,sgd_m09_lr0.003,sgd,0.003,0.9,300,0.6909846067428589,,0.375,0.6771062612533569,9d365bebbda0e357e79f5ffb271998b99620a9c3e917e3991cbdc32538dc1177,d4f3eb242038f46edad5375e40bd669373e3c068e3da28d585a16dc4f551789c,7e0440b376269e00730300503b8ded70ad39663af16b1f17ee2d352abec12e14,,,,011927319a315fda91e7e1edf818741c8d851675d80dd3ad6b9b79a21f78039e,44768dda981c37ad123305598d2fa3fea0d4b0d250c5c53388a19b5ccb8843e0,0,0,0,512,153600,300,620ea1dc1e443dc6c238317463dc64ab3a9ae05fb592743f3a7d67d7ce17262c,d164ad5aa2ce5cddc59b090809ccdf258a142a0ebe45712102a4c410fef64b5d,82461e4d28691b5a3f76cac317a7bde90a5123c8b0ad8230422abc74e2e16326,10dfdb81f8d4e94b6c79fe77873ee10c1c43c43b752debce9aaf7641d2402843,fd0b415d4995c8ff6b61d5f15fd84a08191887a08a37ecd0fc53bb9453bf23c6,0.32927440851926804,0.024410089503661515,0.5899104963384866,0.4174125305126119
scratch_N_raw_s23_f0_plain_sgd_m09_lr0.01,scratch,N,raw,23,0,plain,sgd_m09_lr0.01,sgd,0.01,0.9,300,0.742439329624176,,0.123046875,0.3163207471370697,9d365bebbda0e357e79f5ffb271998b99620a9c3e917e3991cbdc32538dc1177,d4f3eb242038f46edad5375e40bd669373e3c068e3da28d585a16dc4f551789c,5ea60d406a1dd2f2e6a5b9fccc0c139861dfd6f6697c59c0912dd51d5d0e28d2,,,,9d65a5615a1f3dafc5936342ea264b40a22b5f7a8ff45f6f8ed9a3b1c750e7f6,44768dda981c37ad123305598d2fa3fea0d4b0d250c5c53388a19b5ccb8843e0,0,0,0,512,153600,300,620ea1dc1e443dc6c238317463dc64ab3a9ae05fb592743f3a7d67d7ce17262c,d164ad5aa2ce5cddc59b090809ccdf258a142a0ebe45712102a4c410fef64b5d,82461e4d28691b5a3f76cac317a7bde90a5123c8b0ad8230422abc74e2e16326,10dfdb81f8d4e94b6c79fe77873ee10c1c43c43b752debce9aaf7641d2402843,fd0b415d4995c8ff6b61d5f15fd84a08191887a08a37ecd0fc53bb9453bf23c6,0.3083576261997223,0.07811228641171684,0.6362896663954435,0.42636289666395444
scratch_N_raw_s23_f100_plain_adam_lr0.0005_steps600,scratch,N,raw,23,100,plain,adam_lr0.0005_steps600,adam,0.0005,,600,1.673205018043518,,0.00390625,0.10841561108827591,9d365bebbda0e357e79f5ffb271998b99620a9c3e917e3991cbdc32538dc1177,d4f3eb242038f46edad5375e40bd669373e3c068e3da28d585a16dc4f551789c,47235613214c66450d2f7748da3b7527f6c6e541cd5ef7ded5b6ac7a9b58646d,,,,edcfe2de2f30e4383af539f78ecfd2716e4417338923f43feac98ce2a82244ba,4f20137a61986750dffce254a0ebc95c528eb11d40a6049f6349f17d1897d82b,1534,0,0,2046,1227600,600,620ea1dc1e443dc6c238317463dc64ab3a9ae05fb592743f3a7d67d7ce17262c,d164ad5aa2ce5cddc59b090809ccdf258a142a0ebe45712102a4c410fef64b5d,82461e4d28691b5a3f76cac317a7bde90a5123c8b0ad8230422abc74e2e16326,10dfdb81f8d4e94b6c79fe77873ee10c1c43c43b752debce9aaf7641d2402843,fd0b415d4995c8ff6b61d5f15fd84a08191887a08a37ecd0fc53bb9453bf23c6,1.4867479056119919,0.1676159479251424,0.5516680227827502,0.5980471928397071
scratch_N_raw_s23_f100_plain_sgd_m09_lr0.003,scratch,N,raw,23,100,plain,sgd_m09_lr0.003,sgd,0.003,0.9,300,0.5879916548728943,,0.5,1.2882721424102783,9d365bebbda0e357e79f5ffb271998b99620a9c3e917e3991cbdc32538dc1177,d4f3eb242038f46edad5375e40bd669373e3c068e3da28d585a16dc4f551789c,313c31ba199eb8146d9675db536b880d52f7668b04c8bc4d85984caa71735cf1,,,,29e962fe0666394ac39ab3e1af84a2e6f3580c1165a4cdc44ece3f17258da7fe,4f20137a61986750dffce254a0ebc95c528eb11d40a6049f6349f17d1897d82b,1534,0,0,2046,613800,300,620ea1dc1e443dc6c238317463dc64ab3a9ae05fb592743f3a7d67d7ce17262c,d164ad5aa2ce5cddc59b090809ccdf258a142a0ebe45712102a4c410fef64b5d,82461e4d28691b5a3f76cac317a7bde90a5123c8b0ad8230422abc74e2e16326,10dfdb81f8d4e94b6c79fe77873ee10c1c43c43b752debce9aaf7641d2402843,fd0b415d4995c8ff6b61d5f15fd84a08191887a08a37ecd0fc53bb9453bf23c6,0.6193795576691628,0.0,0.22945484133441824,0.7705451586655818
scratch_N_raw_s23_f100_plain_sgd_m09_lr0.01,scratch,N,raw,23,100,plain,sgd_m09_lr0.01,sgd,0.01,0.9,300,0.5297791957855225,,0.287109375,0.9966013431549072,9d365bebbda0e357e79f5ffb271998b99620a9c3e917e3991cbdc32538dc1177,d4f3eb242038f46edad5375e40bd669373e3c068e3da28d585a16dc4f551789c,676a9f34551f50d192dccdc0ca07995962b40e80cac24b030b6424c08a6b3f98,,,,117a0d8f5623a0830f8aa32f540d29d1dfb1c6588fe3871fe29e41b9be9683cc,4f20137a61986750dffce254a0ebc95c528eb11d40a6049f6349f17d1897d82b,1534,0,0,2046,613800,300,620ea1dc1e443dc6c238317463dc64ab3a9ae05fb592743f3a7d67d7ce17262c,d164ad5aa2ce5cddc59b090809ccdf258a142a0ebe45712102a4c410fef64b5d,82461e4d28691b5a3f76cac317a7bde90a5123c8b0ad8230422abc74e2e16326,10dfdb81f8d4e94b6c79fe77873ee10c1c43c43b752debce9aaf7641d2402843,fd0b415d4995c8ff6b61d5f15fd84a08191887a08a37ecd0fc53bb9453bf23c6,0.6289591938257217,0.0854353132628153,0.4377542717656631,0.6371033360455655
scratch_N_raw_s23_f25_plain_adam_lr0.0005_steps600,scratch,N,raw,23,25,plain,adam_lr0.0005_steps600,adam,0.0005,,600,2.502554416656494,,0.001953125,0.05364507436752319,9d365bebbda0e357e79f5ffb271998b99620a9c3e917e3991cbdc32538dc1177,d4f3eb242038f46edad5375e40bd669373e3c068e3da28d585a16dc4f551789c,f1113f045de46fab1c150452f15c33bec17f34866e5c94180ae2fe73d805d443,,,,ac8c8029d4da91970cea23e783bcfef6c1ba566730d9027a642b918cab1cd27d,2223d789f239d4c8c340e5b8d921f03de7496195077840b5c9ec277020807383,383,0,0,895,537000,600,620ea1dc1e443dc6c238317463dc64ab3a9ae05fb592743f3a7d67d7ce17262c,d164ad5aa2ce5cddc59b090809ccdf258a142a0ebe45712102a4c410fef64b5d,82461e4d28691b5a3f76cac317a7bde90a5123c8b0ad8230422abc74e2e16326,10dfdb81f8d4e94b6c79fe77873ee10c1c43c43b752debce9aaf7641d2402843,fd0b415d4995c8ff6b61d5f15fd84a08191887a08a37ecd0fc53bb9453bf23c6,1.2468306943774223,0.12449145646867373,0.5793327908868999,0.5248169243287225
scratch_N_raw_s23_f25_plain_sgd_m09_lr0.003,scratch,N,raw,23,25,plain,sgd_m09_lr0.003,sgd,0.003,0.9,300,0.5944613218307495,,0.5,1.296436071395874,9d365bebbda0e357e79f5ffb271998b99620a9c3e917e3991cbdc32538dc1177,d4f3eb242038f46edad5375e40bd669373e3c068e3da28d585a16dc4f551789c,85097d3e74dbc4ac9e604d72a138258babc4511192f11685cfc00f1e50f6760d,,,,8a830cbf267a460067a30b35aa4932271c0504f550032fe3dd7e5b31add6a185,2223d789f239d4c8c340e5b8d921f03de7496195077840b5c9ec277020807383,383,0,0,895,268500,300,620ea1dc1e443dc6c238317463dc64ab3a9ae05fb592743f3a7d67d7ce17262c,d164ad5aa2ce5cddc59b090809ccdf258a142a0ebe45712102a4c410fef64b5d,82461e4d28691b5a3f76cac317a7bde90a5123c8b0ad8230422abc74e2e16326,10dfdb81f8d4e94b6c79fe77873ee10c1c43c43b752debce9aaf7641d2402843,fd0b415d4995c8ff6b61d5f15fd84a08191887a08a37ecd0fc53bb9453bf23c6,0.5064162611961365,0.0,0.22945484133441824,0.7705451586655818
scratch_N_raw_s23_f25_plain_sgd_m09_lr0.01,scratch,N,raw,23,25,plain,sgd_m09_lr0.01,sgd,0.01,0.9,300,0.5705196857452393,,0.2578125,0.9222844839096069,9d365bebbda0e357e79f5ffb271998b99620a9c3e917e3991cbdc32538dc1177,d4f3eb242038f46edad5375e40bd669373e3c068e3da28d585a16dc4f551789c,e410ae9b68f0d231ab2f8558c56dde94e6111439356ecd042f95ecb835716572,,,,db55d0c68bed42861bb081c2ef9c1b55c8c88623aba92e3ce78308ec07f12657,2223d789f239d4c8c340e5b8d921f03de7496195077840b5c9ec277020807383,383,0,0,895,268500,300,620ea1dc1e443dc6c238317463dc64ab3a9ae05fb592743f3a7d67d7ce17262c,d164ad5aa2ce5cddc59b090809ccdf258a142a0ebe45712102a4c410fef64b5d,82461e4d28691b5a3f76cac317a7bde90a5123c8b0ad8230422abc74e2e16326,10dfdb81f8d4e94b6c79fe77873ee10c1c43c43b752debce9aaf7641d2402843,fd0b415d4995c8ff6b61d5f15fd84a08191887a08a37ecd0fc53bb9453bf23c6,0.5098955482244492,0.080553295362083,0.48006509357200977,0.5777054515866559
scratch_N_raw_s47_f0_plain_adam_lr0.0005_steps600,scratch,N,raw,47,0,plain,adam_lr0.0005_steps600,adam,0.0005,,600,2.286372184753418,,0.0,0.0021660723723471165,a341607dd526dad2e742a0f8172e8eda6638a4ab7299c4abfd7a1e8acba929cf,67618814a1353128eaee8389ebe001e129a8b8759ef72b884c96950d7eac6197,4ceb0ae0128df0b36f2fcf8d5f060860aa56172c481a96b092ce8b4539fee8b1,,,,5c24e670599f6bc89182906b25c5502bf413ea96a69ebbb362c184e3b858b806,44768dda981c37ad123305598d2fa3fea0d4b0d250c5c53388a19b5ccb8843e0,0,0,0,512,307200,600,620ea1dc1e443dc6c238317463dc64ab3a9ae05fb592743f3a7d67d7ce17262c,d164ad5aa2ce5cddc59b090809ccdf258a142a0ebe45712102a4c410fef64b5d,82461e4d28691b5a3f76cac317a7bde90a5123c8b0ad8230422abc74e2e16326,10dfdb81f8d4e94b6c79fe77873ee10c1c43c43b752debce9aaf7641d2402843,fd0b415d4995c8ff6b61d5f15fd84a08191887a08a37ecd0fc53bb9453bf23c6,0.861429013311863,0.07729861676159479,0.5931651749389748,0.4580960130187144
scratch_N_raw_s47_f0_plain_sgd_m09_lr0.003,scratch,N,raw,47,0,plain,sgd_m09_lr0.003,sgd,0.003,0.9,300,0.6881850957870483,,0.3828125,0.6750490069389343,a341607dd526dad2e742a0f8172e8eda6638a4ab7299c4abfd7a1e8acba929cf,67618814a1353128eaee8389ebe001e129a8b8759ef72b884c96950d7eac6197,3a8db096872647d43a7b4c505309052c4af72b7eca2fc85b6bd449039759a3de,,,,18c75e0417268d918441ca978694c3b7e298d5630f56a08d25c517d4b057900d,44768dda981c37ad123305598d2fa3fea0d4b0d250c5c53388a19b5ccb8843e0,0,0,0,512,153600,300,620ea1dc1e443dc6c238317463dc64ab3a9ae05fb592743f3a7d67d7ce17262c,d164ad5aa2ce5cddc59b090809ccdf258a142a0ebe45712102a4c410fef64b5d,82461e4d28691b5a3f76cac317a7bde90a5123c8b0ad8230422abc74e2e16326,10dfdb81f8d4e94b6c79fe77873ee10c1c43c43b752debce9aaf7641d2402843,fd0b415d4995c8ff6b61d5f15fd84a08191887a08a37ecd0fc53bb9453bf23c6,0.30880478024482727,0.01627339300244101,0.5565500406834825,0.42799023596419855
scratch_N_raw_s47_f0_plain_sgd_m09_lr0.01,scratch,N,raw,47,0,plain,sgd_m09_lr0.01,sgd,0.01,0.9,300,0.709804892539978,,0.126953125,0.3405354619026184,a341607dd526dad2e742a0f8172e8eda6638a4ab7299c4abfd7a1e8acba929cf,67618814a1353128eaee8389ebe001e129a8b8759ef72b884c96950d7eac6197,a32e587063b0f4af5c81f895b2bd7275ccbe9d45c2d0d3a275932ce418ff34f8,,,,92e07d23343fd2f3be262b11d1cd44191fa760a24349c0c894780c40d4d53f58,44768dda981c37ad123305598d2fa3fea0d4b0d250c5c53388a19b5ccb8843e0,0,0,0,512,153600,300,620ea1dc1e443dc6c238317463dc64ab3a9ae05fb592743f3a7d67d7ce17262c,d164ad5aa2ce5cddc59b090809ccdf258a142a0ebe45712102a4c410fef64b5d,82461e4d28691b5a3f76cac317a7bde90a5123c8b0ad8230422abc74e2e16326,10dfdb81f8d4e94b6c79fe77873ee10c1c43c43b752debce9aaf7641d2402843,fd0b415d4995c8ff6b61d5f15fd84a08191887a08a37ecd0fc53bb9453bf23c6,0.31515730172395706,0.080553295362083,0.6069975589910497,0.45728234336859236
scratch_N_raw_s47_f100_plain_adam_lr0.0005_steps600,scratch,N,raw,47,100,plain,adam_lr0.0005_steps600,adam,0.0005,,600,1.60303795337677,,0.00390625,0.11227045953273773,a341607dd526dad2e742a0f8172e8eda6638a4ab7299c4abfd7a1e8acba929cf,67618814a1353128eaee8389ebe001e129a8b8759ef72b884c96950d7eac6197,fea1fb1e774811dadbae7db7777fc0e4651976430050391a30c95bae55e428ad,,,,4add0af38ccebf400dfa29ac181a36df65155213360fe4e08b733ecf6da6265d,4f20137a61986750dffce254a0ebc95c528eb11d40a6049f6349f17d1897d82b,1534,0,0,2046,1227600,600,620ea1dc1e443dc6c238317463dc64ab3a9ae05fb592743f3a7d67d7ce17262c,d164ad5aa2ce5cddc59b090809ccdf258a142a0ebe45712102a4c410fef64b5d,82461e4d28691b5a3f76cac317a7bde90a5123c8b0ad8230422abc74e2e16326,10dfdb81f8d4e94b6c79fe77873ee10c1c43c43b752debce9aaf7641d2402843,fd0b415d4995c8ff6b61d5f15fd84a08191887a08a37ecd0fc53bb9453bf23c6,1.4578283354640007,0.11879576891781937,0.5622457282343368,0.5386493083807974
scratch_N_raw_s47_f100_plain_sgd_m09_lr0.003,scratch,N,raw,47,100,plain,sgd_m09_lr0.003,sgd,0.003,0.9,300,0.584894597530365,,0.5,1.2804269790649414,a341607dd526dad2e742a0f8172e8eda6638a4ab7299c4abfd7a1e8acba929cf,67618814a1353128eaee8389ebe001e129a8b8759ef72b884c96950d7eac6197,66aa45ce3bd7905e0211d583b4750dabb6b273e0d17a4709d7165c13fd419771,,,,7a814000fc225c07986d18e824c3d3d5b1adc3b72b7e71478cefc601c4fa4cca,4f20137a61986750dffce254a0ebc95c528eb11d40a6049f6349f17d1897d82b,1534,0,0,2046,613800,300,620ea1dc1e443dc6c238317463dc64ab3a9ae05fb592743f3a7d67d7ce17262c,d164ad5aa2ce5cddc59b090809ccdf258a142a0ebe45712102a4c410fef64b5d,82461e4d28691b5a3f76cac317a7bde90a5123c8b0ad8230422abc74e2e16326,10dfdb81f8d4e94b6c79fe77873ee10c1c43c43b752debce9aaf7641d2402843,fd0b415d4995c8ff6b61d5f15fd84a08191887a08a37ecd0fc53bb9453bf23c6,0.6256279423832893,0.0,0.22945484133441824,0.7705451586655818
scratch_N_raw_s47_f100_plain_sgd_m09_lr0.01,scratch,N,raw,47,100,plain,sgd_m09_lr0.01,sgd,0.01,0.9,300,0.5350667834281921,,0.298828125,1.0120148658752441,a341607dd526dad2e742a0f8172e8eda6638a4ab7299c4abfd7a1e8acba929cf,67618814a1353128eaee8389ebe001e129a8b8759ef72b884c96950d7eac6197,4957a69d0b55c9bf5d313a2b474ec4b27f951e48a43f487f873762f5376c1cb1,,,,af672870ec705d727711fbd2b492555c82837559e92e02768e39acc57d134dce,4f20137a61986750dffce254a0ebc95c528eb11d40a6049f6349f17d1897d82b,1534,0,0,2046,613800,300,620ea1dc1e443dc6c238317463dc64ab3a9ae05fb592743f3a7d67d7ce17262c,d164ad5aa2ce5cddc59b090809ccdf258a142a0ebe45712102a4c410fef64b5d,82461e4d28691b5a3f76cac317a7bde90a5123c8b0ad8230422abc74e2e16326,10dfdb81f8d4e94b6c79fe77873ee10c1c43c43b752debce9aaf7641d2402843,fd0b415d4995c8ff6b61d5f15fd84a08191887a08a37ecd0fc53bb9453bf23c6,0.6145999506115913,0.07892595606183889,0.4369406021155411,0.6216436126932465
scratch_N_raw_s47_f25_plain_adam_lr0.0005_steps600,scratch,N,raw,47,25,plain,adam_lr0.0005_steps600,adam,0.0005,,600,2.208575963973999,,0.00390625,0.05797585844993591,a341607dd526dad2e742a0f8172e8eda6638a4ab7299c4abfd7a1e8acba929cf,67618814a1353128eaee8389ebe001e129a8b8759ef72b884c96950d7eac6197,4706ef9e23682eefd727021b3475813fff2ee0d92ddc7bd053306731b251dee1,,,,ae12e815b8dfc2528be827f437aa6c2a90daeafb18b9dabd8a3c79429f19e484,2223d789f239d4c8c340e5b8d921f03de7496195077840b5c9ec277020807383,383,0,0,895,537000,600,620ea1dc1e443dc6c238317463dc64ab3a9ae05fb592743f3a7d67d7ce17262c,d164ad5aa2ce5cddc59b090809ccdf258a142a0ebe45712102a4c410fef64b5d,82461e4d28691b5a3f76cac317a7bde90a5123c8b0ad8230422abc74e2e16326,10dfdb81f8d4e94b6c79fe77873ee10c1c43c43b752debce9aaf7641d2402843,fd0b415d4995c8ff6b61d5f15fd84a08191887a08a37ecd0fc53bb9453bf23c6,1.216616429388523,0.10821806346623271,0.5882831570382425,0.5052888527257934
scratch_N_raw_s47_f25_plain_sgd_m09_lr0.003,scratch,N,raw,47,25,plain,sgd_m09_lr0.003,sgd,0.003,0.9,300,0.5926764011383057,,0.5,1.2899410724639893,a341607dd526dad2e742a0f8172e8eda6638a4ab7299c4abfd7a1e8acba929cf,67618814a1353128eaee8389ebe001e129a8b8759ef72b884c96950d7eac6197,e73424fb174b7cd99058818cc470e2309e42ad15fe449124d6e910197915920e,,,,28866e840af792a9b5020d192f154ba8730af8bcf38fa4253eb318e3d9792fcd,2223d789f239d4c8c340e5b8d921f03de7496195077840b5c9ec277020807383,383,0,0,895,268500,300,620ea1dc1e443dc6c238317463dc64ab3a9ae05fb592743f3a7d67d7ce17262c,d164ad5aa2ce5cddc59b090809ccdf258a142a0ebe45712102a4c410fef64b5d,82461e4d28691b5a3f76cac317a7bde90a5123c8b0ad8230422abc74e2e16326,10dfdb81f8d4e94b6c79fe77873ee10c1c43c43b752debce9aaf7641d2402843,fd0b415d4995c8ff6b61d5f15fd84a08191887a08a37ecd0fc53bb9453bf23c6,0.5031444951891899,0.0,0.22945484133441824,0.7705451586655818
scratch_N_raw_s47_f25_plain_sgd_m09_lr0.01,scratch,N,raw,47,25,plain,sgd_m09_lr0.01,sgd,0.01,0.9,300,0.57464599609375,,0.296875,0.9454904198646545,a341607dd526dad2e742a0f8172e8eda6638a4ab7299c4abfd7a1e8acba929cf,67618814a1353128eaee8389ebe001e129a8b8759ef72b884c96950d7eac6197,f6bd65d137534d88bfacf1af9e688c61d7513780a674a1a4815cd4b716445e1b,,,,ef37befda02e7deb3ec34ba29ef7a3b36f41d490edcc9ebd9d0307e801efd711,2223d789f239d4c8c340e5b8d921f03de7496195077840b5c9ec277020807383,383,0,0,895,268500,300,620ea1dc1e443dc6c238317463dc64ab3a9ae05fb592743f3a7d67d7ce17262c,d164ad5aa2ce5cddc59b090809ccdf258a142a0ebe45712102a4c410fef64b5d,82461e4d28691b5a3f76cac317a7bde90a5123c8b0ad8230422abc74e2e16326,10dfdb81f8d4e94b6c79fe77873ee10c1c43c43b752debce9aaf7641d2402843,fd0b415d4995c8ff6b61d5f15fd84a08191887a08a37ecd0fc53bb9453bf23c6,0.4932526648044586,0.09113100081366965,0.49145646867371845,0.5834011391375101
scratch_N_sixdist_s11_f0_plain_adam_lr0.0005_steps600,scratch,N,sixdist,11,0,plain,adam_lr0.0005_steps600,adam,0.0005,,600,1.2132132053375244,,0.0,0.0022360002622008324,c09126808533f4d5feb0cb47a181bd171b8e40b8f1a2130544fbe9027c57b20a,b8b08a112a09d75b8a4b709c41982240a8b56c7b62d2e80fb26b8db15466b4de,4ca2d5030deabf805e4888046ad38ddc7cbb8cf6882b4e888f506ae96e9277d1,,,,da6083a847862dcff03c338be5de9e62d1be2e2fbcfd4721f3867a70659be07d,44768dda981c37ad123305598d2fa3fea0d4b0d250c5c53388a19b5ccb8843e0,0,0,0,512,307200,600,620ea1dc1e443dc6c238317463dc64ab3a9ae05fb592743f3a7d67d7ce17262c,d164ad5aa2ce5cddc59b090809ccdf258a142a0ebe45712102a4c410fef64b5d,82461e4d28691b5a3f76cac317a7bde90a5123c8b0ad8230422abc74e2e16326,10dfdb81f8d4e94b6c79fe77873ee10c1c43c43b752debce9aaf7641d2402843,fd0b415d4995c8ff6b61d5f15fd84a08191887a08a37ecd0fc53bb9453bf23c6,0.8653887510299683,0.24654190398698128,0.7599674532139952,0.48576078112286414
scratch_N_sixdist_s11_f0_plain_sgd_m09_lr0.003,scratch,N,sixdist,11,0,plain,sgd_m09_lr0.003,sgd,0.003,0.9,300,0.6984977722167969,,0.138671875,0.4262557327747345,c09126808533f4d5feb0cb47a181bd171b8e40b8f1a2130544fbe9027c57b20a,b8b08a112a09d75b8a4b709c41982240a8b56c7b62d2e80fb26b8db15466b4de,c949f0cee3fce3a1d13a674ef49c2a143911142057d8596eb0bc2ebb56460ac0,,,,964feeecaf93608ff49f295c1139ff70a61d221e92524df43843e6b22ec85d99,44768dda981c37ad123305598d2fa3fea0d4b0d250c5c53388a19b5ccb8843e0,0,0,0,512,153600,300,620ea1dc1e443dc6c238317463dc64ab3a9ae05fb592743f3a7d67d7ce17262c,d164ad5aa2ce5cddc59b090809ccdf258a142a0ebe45712102a4c410fef64b5d,82461e4d28691b5a3f76cac317a7bde90a5123c8b0ad8230422abc74e2e16326,10dfdb81f8d4e94b6c79fe77873ee10c1c43c43b752debce9aaf7641d2402843,fd0b415d4995c8ff6b61d5f15fd84a08191887a08a37ecd0fc53bb9453bf23c6,0.31459201872348785,0.0854353132628153,0.6932465419039869,0.3799837266069976
scratch_N_sixdist_s11_f0_plain_sgd_m09_lr0.01,scratch,N,sixdist,11,0,plain,sgd_m09_lr0.01,sgd,0.01,0.9,300,0.5611374974250793,,0.033203125,0.11204411089420319,c09126808533f4d5feb0cb47a181bd171b8e40b8f1a2130544fbe9027c57b20a,b8b08a112a09d75b8a4b709c41982240a8b56c7b62d2e80fb26b8db15466b4de,b93ad2253b3a5c88ffbb86c98114d8a48de685767f1afe2088187deef9f26d23,,,,718017905c9d033c1bb72f6d95f9c24f55144af2adec7beb32d5ce3521f8f767,44768dda981c37ad123305598d2fa3fea0d4b0d250c5c53388a19b5ccb8843e0,0,0,0,512,153600,300,620ea1dc1e443dc6c238317463dc64ab3a9ae05fb592743f3a7d67d7ce17262c,d164ad5aa2ce5cddc59b090809ccdf258a142a0ebe45712102a4c410fef64b5d,82461e4d28691b5a3f76cac317a7bde90a5123c8b0ad8230422abc74e2e16326,10dfdb81f8d4e94b6c79fe77873ee10c1c43c43b752debce9aaf7641d2402843,fd0b415d4995c8ff6b61d5f15fd84a08191887a08a37ecd0fc53bb9453bf23c6,0.32834573835134506,0.23433685923515052,0.7518307567127747,0.4816924328722539
scratch_N_sixdist_s11_f100_plain_adam_lr0.0005_steps600,scratch,N,sixdist,11,100,plain,adam_lr0.0005_steps600,adam,0.0005,,600,0.14152704179286957,,0.00390625,0.02956226095557213,c09126808533f4d5feb0cb47a181bd171b8e40b8f1a2130544fbe9027c57b20a,b8b08a112a09d75b8a4b709c41982240a8b56c7b62d2e80fb26b8db15466b4de,b4ce2d722cdc6a1af33de4bfad928e64bc6d57a5648dbc579dcc79b8c6b9e34d,,,,a914620539c88d6a7b8fcba48785322b337c2bbc91199891443374687b20c9e2,4f20137a61986750dffce254a0ebc95c528eb11d40a6049f6349f17d1897d82b,1534,0,0,2046,1227600,600,620ea1dc1e443dc6c238317463dc64ab3a9ae05fb592743f3a7d67d7ce17262c,d164ad5aa2ce5cddc59b090809ccdf258a142a0ebe45712102a4c410fef64b5d,82461e4d28691b5a3f76cac317a7bde90a5123c8b0ad8230422abc74e2e16326,10dfdb81f8d4e94b6c79fe77873ee10c1c43c43b752debce9aaf7641d2402843,fd0b415d4995c8ff6b61d5f15fd84a08191887a08a37ecd0fc53bb9453bf23c6,1.6167669370770454,0.646053702196908,0.7705451586655818,0.8738812042310822
scratch_N_sixdist_s11_f100_plain_sgd_m09_lr0.003,scratch,N,sixdist,11,100,plain,sgd_m09_lr0.003,sgd,0.003,0.9,300,0.5319596529006958,,0.37109375,1.120832085609436,c09126808533f4d5feb0cb47a181bd171b8e40b8f1a2130544fbe9027c57b20a,b8b08a112a09d75b8a4b709c41982240a8b56c7b62d2e80fb26b8db15466b4de,91719e65511c413f8fa7147d3d15e2c816501b9335442fcce6c15a3e76b9f35e,,,,89501c0d6e32644a89ff2ab9a8ffd7177ed5932a52075f168309008a8630edb9,4f20137a61986750dffce254a0ebc95c528eb11d40a6049f6349f17d1897d82b,1534,0,0,2046,613800,300,620ea1dc1e443dc6c238317463dc64ab3a9ae05fb592743f3a7d67d7ce17262c,d164ad5aa2ce5cddc59b090809ccdf258a142a0ebe45712102a4c410fef64b5d,82461e4d28691b5a3f76cac317a7bde90a5123c8b0ad8230422abc74e2e16326,10dfdb81f8d4e94b6c79fe77873ee10c1c43c43b752debce9aaf7641d2402843,fd0b415d4995c8ff6b61d5f15fd84a08191887a08a37ecd0fc53bb9453bf23c6,0.6220562234520912,0.01871440195280716,0.3205858421480879,0.6883645240032547
scratch_N_sixdist_s11_f100_plain_sgd_m09_lr0.01,scratch,N,sixdist,11,100,plain,sgd_m09_lr0.01,sgd,0.01,0.9,300,0.18900057673454285,,0.044921875,0.3066443204879761,c09126808533f4d5feb0cb47a181bd171b8e40b8f1a2130544fbe9027c57b20a,b8b08a112a09d75b8a4b709c41982240a8b56c7b62d2e80fb26b8db15466b4de,69ea8690a46369bcc280e88944255eb98861a7f2d621622bcaf01672e55cf37b,,,,8dedc5b4d4349ad6999a81b0489b347a847df0225948f28b83b3cb2417844271,4f20137a61986750dffce254a0ebc95c528eb11d40a6049f6349f17d1897d82b,1534,0,0,2046,613800,300,620ea1dc1e443dc6c238317463dc64ab3a9ae05fb592743f3a7d67d7ce17262c,d164ad5aa2ce5cddc59b090809ccdf258a142a0ebe45712102a4c410fef64b5d,82461e4d28691b5a3f76cac317a7bde90a5123c8b0ad8230422abc74e2e16326,10dfdb81f8d4e94b6c79fe77873ee10c1c43c43b752debce9aaf7641d2402843,fd0b415d4995c8ff6b61d5f15fd84a08191887a08a37ecd0fc53bb9453bf23c6,0.6294051632285118,0.5419039869812856,0.6867371847030106,0.8519121236777868
scratch_N_sixdist_s11_f25_plain_adam_lr0.0005_steps600,scratch,N,sixdist,11,25,plain,adam_lr0.0005_steps600,adam,0.0005,,600,0.3185974061489105,,0.005859375,0.026529215276241302,c09126808533f4d5feb0cb47a181bd171b8e40b8f1a2130544fbe9027c57b20a,b8b08a112a09d75b8a4b709c41982240a8b56c7b62d2e80fb26b8db15466b4de,887501296870640082885318f486fba663fef67b387d370b36ec9f8af57d8a93,,,,1f93ae7a4e522d8ddd015bab149f179716973b88478bc3b507a5f80f3ff897ac,2223d789f239d4c8c340e5b8d921f03de7496195077840b5c9ec277020807383,383,0,0,895,537000,600,620ea1dc1e443dc6c238317463dc64ab3a9ae05fb592743f3a7d67d7ce17262c,d164ad5aa2ce5cddc59b090809ccdf258a142a0ebe45712102a4c410fef64b5d,82461e4d28691b5a3f76cac317a7bde90a5123c8b0ad8230422abc74e2e16326,10dfdb81f8d4e94b6c79fe77873ee10c1c43c43b752debce9aaf7641d2402843,fd0b415d4995c8ff6b61d5f15fd84a08191887a08a37ecd0fc53bb9453bf23c6,1.3177886232733727,0.6061838893409276,0.7640358014646054,0.8380797396257119
scratch_N_sixdist_s11_f25_plain_sgd_m09_lr0.003,scratch,N,sixdist,11,25,plain,sgd_m09_lr0.003,sgd,0.003,0.9,300,0.5356120467185974,,0.3515625,1.1220743656158447,c09126808533f4d5feb0cb47a181bd171b8e40b8f1a2130544fbe9027c57b20a,b8b08a112a09d75b8a4b709c41982240a8b56c7b62d2e80fb26b8db15466b4de,5a194c025e44459262aaf278143151c4c995b10b219d16a1d039006caaa46d6f,,,,2d55e99ed6b5ee94d376df4c0c68c7eaf8e849d222ecc8fed093dbe3b23f94db,2223d789f239d4c8c340e5b8d921f03de7496195077840b5c9ec277020807383,383,0,0,895,268500,300,620ea1dc1e443dc6c238317463dc64ab3a9ae05fb592743f3a7d67d7ce17262c,d164ad5aa2ce5cddc59b090809ccdf258a142a0ebe45712102a4c410fef64b5d,82461e4d28691b5a3f76cac317a7bde90a5123c8b0ad8230422abc74e2e16326,10dfdb81f8d4e94b6c79fe77873ee10c1c43c43b752debce9aaf7641d2402843,fd0b415d4995c8ff6b61d5f15fd84a08191887a08a37ecd0fc53bb9453bf23c6,0.49902283400297165,0.03498779495524817,0.3498779495524817,0.6737184703010578
scratch_N_sixdist_s11_f25_plain_sgd_m09_lr0.01,scratch,N,sixdist,11,25,plain,sgd_m09_lr0.01,sgd,0.01,0.9,300,0.20595332980155945,,0.056640625,0.28727996349334717,c09126808533f4d5feb0cb47a181bd171b8e40b8f1a2130544fbe9027c57b20a,b8b08a112a09d75b8a4b709c41982240a8b56c7b62d2e80fb26b8db15466b4de,4341a5edb7f4c79b88dfa6e1eb836b0153d9c1895ab8193af90122967d8ca440,,,,b32f30eba93e8de03df44d7818b89bfd0545362c2fda848a9260fd19d14af138,2223d789f239d4c8c340e5b8d921f03de7496195077840b5c9ec277020807383,383,0,0,895,268500,300,620ea1dc1e443dc6c238317463dc64ab3a9ae05fb592743f3a7d67d7ce17262c,d164ad5aa2ce5cddc59b090809ccdf258a142a0ebe45712102a4c410fef64b5d,82461e4d28691b5a3f76cac317a7bde90a5123c8b0ad8230422abc74e2e16326,10dfdb81f8d4e94b6c79fe77873ee10c1c43c43b752debce9aaf7641d2402843,fd0b415d4995c8ff6b61d5f15fd84a08191887a08a37ecd0fc53bb9453bf23c6,0.5055168122053146,0.5296989422294548,0.6891781936533767,0.838893409275834
scratch_N_sixdist_s23_f0_plain_adam_lr0.0005_steps600,scratch,N,sixdist,23,0,plain,adam_lr0.0005_steps600,adam,0.0005,,600,1.0611132383346558,,0.0,0.0024860415142029524,da073a7ae8a2a038327266a1ed49342eff346b70e48b86a3cf91fe96c8c94d0e,1bc0e4f626b5f870cb4499fd7b2a28e0e5b604ca7ea44b37a9a864cbd02777e1,28c0fb25d86beb07a9cc8bdaf4753ce1430c1231b28fbae0faf60c8b4039f84f,,,,9af5951f9f128eac33d5112a317ab1c6863961fba82efa16f40752ce4aebb303,44768dda981c37ad123305598d2fa3fea0d4b0d250c5c53388a19b5ccb8843e0,0,0,0,512,307200,600,620ea1dc1e443dc6c238317463dc64ab3a9ae05fb592743f3a7d67d7ce17262c,d164ad5aa2ce5cddc59b090809ccdf258a142a0ebe45712102a4c410fef64b5d,82461e4d28691b5a3f76cac317a7bde90a5123c8b0ad8230422abc74e2e16326,10dfdb81f8d4e94b6c79fe77873ee10c1c43c43b752debce9aaf7641d2402843,fd0b415d4995c8ff6b61d5f15fd84a08191887a08a37ecd0fc53bb9453bf23c6,0.8691693991422653,0.2611879576891782,0.7721724979658259,0.48576078112286414
scratch_N_sixdist_s23_f0_plain_sgd_m09_lr0.003,scratch,N,sixdist,23,0,plain,sgd_m09_lr0.003,sgd,0.003,0.9,300,0.6838140487670898,,0.140625,0.4679643213748932,da073a7ae8a2a038327266a1ed49342eff346b70e48b86a3cf91fe96c8c94d0e,1bc0e4f626b5f870cb4499fd7b2a28e0e5b604ca7ea44b37a9a864cbd02777e1,61242f13531179b8a98a0765bef9b5443b63e68340e3b25f797f6b9fb945044d,,,,2fa374be70fc9a77043f7e4b02285d7b4a66668a32988c5aef8adfd09bcd6e38,44768dda981c37ad123305598d2fa3fea0d4b0d250c5c53388a19b5ccb8843e0,0,0,0,512,153600,300,620ea1dc1e443dc6c238317463dc64ab3a9ae05fb592743f3a7d67d7ce17262c,d164ad5aa2ce5cddc59b090809ccdf258a142a0ebe45712102a4c410fef64b5d,82461e4d28691b5a3f76cac317a7bde90a5123c8b0ad8230422abc74e2e16326,10dfdb81f8d4e94b6c79fe77873ee10c1c43c43b752debce9aaf7641d2402843,fd0b415d4995c8ff6b61d5f15fd84a08191887a08a37ecd0fc53bb9453bf23c6,0.3233448714017868,0.06509357200976404,0.6842961757526445,0.3718470301057771
scratch_N_sixdist_s23_f0_plain_sgd_m09_lr0.01,scratch,N,sixdist,23,0,plain,sgd_m09_lr0.01,sgd,0.01,0.9,300,0.5704895853996277,,0.033203125,0.11091110110282898,da073a7ae8a2a038327266a1ed49342eff346b70e48b86a3cf91fe96c8c94d0e,1bc0e4f626b5f870cb4499fd7b2a28e0e5b604ca7ea44b37a9a864cbd02777e1,bc93778ae4adec8022c7911b63f2de7b4aa17f67948fa73f1e2f574d36f6b2db,,,,d11d50480477025d541ea76bdab7af7beb71c9a277bbe3e1a0984ddc090e2e06,44768dda981c37ad123305598d2fa3fea0d4b0d250c5c53388a19b5ccb8843e0,0,0,0,512,153600,300,620ea1dc1e443dc6c238317463dc64ab3a9ae05fb592743f3a7d67d7ce17262c,d164ad5aa2ce5cddc59b090809ccdf258a142a0ebe45712102a4c410fef64b5d,82461e4d28691b5a3f76cac317a7bde90a5123c8b0ad8230422abc74e2e16326,10dfdb81f8d4e94b6c79fe77873ee10c1c43c43b752debce9aaf7641d2402843,fd0b415d4995c8ff6b61d5f15fd84a08191887a08a37ecd0fc53bb9453bf23c6,0.31397730857133865,0.2229454841334418,0.7526444263628966,0.4694873881204231
scratch_N_sixdist_s23_f100_plain_adam_lr0.0005_steps600,scratch,N,sixdist,23,100,plain,adam_lr0.0005_steps600,adam,0.0005,,600,0.15194258093833923,,0.00390625,0.03170061856508255,da073a7ae8a2a038327266a1ed49342eff346b70e48b86a3cf91fe96c8c94d0e,1bc0e4f626b5f870cb4499fd7b2a28e0e5b604ca7ea44b37a9a864cbd02777e1,552022acd3a0972bf8b56693c70da5d163dd20f63ea6e236ee2c594efda825fb,,,,681c9e3d04a08fd500090db77cefaae16316b5e32aae96b57d0c575885be4f8a,4f20137a61986750dffce254a0ebc95c528eb11d40a6049f6349f17d1897d82b,1534,0,0,2046,1227600,600,620ea1dc1e443dc6c238317463dc64ab3a9ae05fb592743f3a7d67d7ce17262c,d164ad5aa2ce5cddc59b090809ccdf258a142a0ebe45712102a4c410fef64b5d,82461e4d28691b5a3f76cac317a7bde90a5123c8b0ad8230422abc74e2e16326,10dfdb81f8d4e94b6c79fe77873ee10c1c43c43b752debce9aaf7641d2402843,fd0b415d4995c8ff6b61d5f15fd84a08191887a08a37ecd0fc53bb9453bf23c6,1.575050063431263,0.6598860862489829,0.7794955248169243,0.8746948738812043
scratch_N_sixdist_s23_f100_plain_sgd_m09_lr0.003,scratch,N,sixdist,23,100,plain,sgd_m09_lr0.003,sgd,0.003,0.9,300,0.5417115688323975,,0.41015625,1.1429145336151123,da073a7ae8a2a038327266a1ed49342eff346b70e48b86a3cf91fe96c8c94d0e,1bc0e4f626b5f870cb4499fd7b2a28e0e5b604ca7ea44b37a9a864cbd02777e1,f555177ce364d97de19f768c8cbb1e0f9d4977107f57c7232135e5935f1bf386,,,,9ca404e34d8174db06edceabec39d96d9ba1938cf57b6f64c445f4fc4de8a4a4,4f20137a61986750dffce254a0ebc95c528eb11d40a6049f6349f17d1897d82b,1534,0,0,2046,613800,300,620ea1dc1e443dc6c238317463dc64ab3a9ae05fb592743f3a7d67d7ce17262c,d164ad5aa2ce5cddc59b090809ccdf258a142a0ebe45712102a4c410fef64b5d,82461e4d28691b5a3f76cac317a7bde90a5123c8b0ad8230422abc74e2e16326,10dfdb81f8d4e94b6c79fe77873ee10c1c43c43b752debce9aaf7641d2402843,fd0b415d4995c8ff6b61d5f15fd84a08191887a08a37ecd0fc53bb9453bf23c6,0.6195042654871941,0.011391375101708706,0.2676973148901546,0.7339300244100895
scratch_N_sixdist_s23_f100_plain_sgd_m09_lr0.01,scratch,N,sixdist,23,100,plain,sgd_m09_lr0.01,sgd,0.01,0.9,300,0.1854158639907837,,0.046875,0.2811254560947418,da073a7ae8a2a038327266a1ed49342eff346b70e48b86a3cf91fe96c8c94d0e,1bc0e4f626b5f870cb4499fd7b2a28e0e5b604ca7ea44b37a9a864cbd02777e1,b832a72f542de72fb47009be2e8e0e07edbaffbcdd17a2727e8ea1f3dca2f918,,,,7364a51bc9684af1bbbe1ffc8ae8a2ba95ce9a9728b853873ed5c27602dc5811,4f20137a61986750dffce254a0ebc95c528eb11d40a6049f6349f17d1897d82b,1534,0,0,2046,613800,300,620ea1dc1e443dc6c238317463dc64ab3a9ae05fb592743f3a7d67d7ce17262c,d164ad5aa2ce5cddc59b090809ccdf258a142a0ebe45712102a4c410fef64b5d,82461e4d28691b5a3f76cac317a7bde90a5123c8b0ad8230422abc74e2e16326,10dfdb81f8d4e94b6c79fe77873ee10c1c43c43b752debce9aaf7641d2402843,fd0b415d4995c8ff6b61d5f15fd84a08191887a08a37ecd0fc53bb9453bf23c6,0.6451771408319473,0.5850284784377543,0.71033360455655,0.871440195280716
scratch_N_sixdist_s23_f25_plain_adam_lr0.0005_steps600,scratch,N,sixdist,23,25,plain,adam_lr0.0005_steps600,adam,0.0005,,600,0.24586576223373413,,0.005859375,0.02655693143606186,da073a7ae8a2a038327266a1ed49342eff346b70e48b86a3cf91fe96c8c94d0e,1bc0e4f626b5f870cb4499fd7b2a28e0e5b604ca7ea44b37a9a864cbd02777e1,556690eeff3260de775305f23e54c9967e06ebfd21d6a6cf516a0947dbc680f3,,,,3de22239b3121db317e2a720864b6e5403c3665ec826da7f2ce758b9462a0029,2223d789f239d4c8c340e5b8d921f03de7496195077840b5c9ec277020807383,383,0,0,895,537000,600,620ea1dc1e443dc6c238317463dc64ab3a9ae05fb592743f3a7d67d7ce17262c,d164ad5aa2ce5cddc59b090809ccdf258a142a0ebe45712102a4c410fef64b5d,82461e4d28691b5a3f76cac317a7bde90a5123c8b0ad8230422abc74e2e16326,10dfdb81f8d4e94b6c79fe77873ee10c1c43c43b752debce9aaf7641d2402843,fd0b415d4995c8ff6b61d5f15fd84a08191887a08a37ecd0fc53bb9453bf23c6,1.28815046697855,0.5866558177379984,0.7461350691619203,0.838893409275834
scratch_N_sixdist_s23_f25_plain_sgd_m09_lr0.003,scratch,N,sixdist,23,25,plain,sgd_m09_lr0.003,sgd,0.003,0.9,300,0.5484728217124939,,0.400390625,1.151526927947998,da073a7ae8a2a038327266a1ed49342eff346b70e48b86a3cf91fe96c8c94d0e,1bc0e4f626b5f870cb4499fd7b2a28e0e5b604ca7ea44b37a9a864cbd02777e1,aefeb8148dbe61e9c26f703c152d0013d637e64e2dbab76017769f043b1237ed,,,,b1811ed8889830bd497327ca7184ef580535b6f0202f660e434e7dd65707f3fd,2223d789f239d4c8c340e5b8d921f03de7496195077840b5c9ec277020807383,383,0,0,895,268500,300,620ea1dc1e443dc6c238317463dc64ab3a9ae05fb592743f3a7d67d7ce17262c,d164ad5aa2ce5cddc59b090809ccdf258a142a0ebe45712102a4c410fef64b5d,82461e4d28691b5a3f76cac317a7bde90a5123c8b0ad8230422abc74e2e16326,10dfdb81f8d4e94b6c79fe77873ee10c1c43c43b752debce9aaf7641d2402843,fd0b415d4995c8ff6b61d5f15fd84a08191887a08a37ecd0fc53bb9453bf23c6,0.552454985678196,0.02115541090317331,0.2855980471928397,0.7282343368592351
scratch_N_sixdist_s23_f25_plain_sgd_m09_lr0.01,scratch,N,sixdist,23,25,plain,sgd_m09_lr0.01,sgd,0.01,0.9,300,0.18894025683403015,,0.056640625,0.25781485438346863,da073a7ae8a2a038327266a1ed49342eff346b70e48b86a3cf91fe96c8c94d0e,1bc0e4f626b5f870cb4499fd7b2a28e0e5b604ca7ea44b37a9a864cbd02777e1,e2f22862c11293601cff4313eb42cd3ab82ba1fb7e51f7ccc4c3f8757a34022b,,,,d827e1b817d0a9875362f1f909171112ca2f6689247b0de706206acdd1121b2d,2223d789f239d4c8c340e5b8d921f03de7496195077840b5c9ec277020807383,383,0,0,895,268500,300,620ea1dc1e443dc6c238317463dc64ab3a9ae05fb592743f3a7d67d7ce17262c,d164ad5aa2ce5cddc59b090809ccdf258a142a0ebe45712102a4c410fef64b5d,82461e4d28691b5a3f76cac317a7bde90a5123c8b0ad8230422abc74e2e16326,10dfdb81f8d4e94b6c79fe77873ee10c1c43c43b752debce9aaf7641d2402843,fd0b415d4995c8ff6b61d5f15fd84a08191887a08a37ecd0fc53bb9453bf23c6,0.48726678639650345,0.5419039869812856,0.6883645240032547,0.8486574450772986
scratch_N_sixdist_s47_f0_plain_adam_lr0.0005_steps600,scratch,N,sixdist,47,0,plain,adam_lr0.0005_steps600,adam,0.0005,,600,0.9877884984016418,,0.0,0.002155792200937867,81bdc2436d4378cf145aaf4f4bb4a560c6960cfdd4261ba2925ded420dd05485,2192aa9c50b4703e2befacdb7d57b1f8324a81de5d84b983837ca82003f4a7d5,ad430a41017691f35226a647e232422a268e29b95ba466bcfcd6ee6b979617e3,,,,0401c6b23d4290a4598e20e8071b5885addc74282cd2a8015275c795cf829814,44768dda981c37ad123305598d2fa3fea0d4b0d250c5c53388a19b5ccb8843e0,0,0,0,512,307200,600,620ea1dc1e443dc6c238317463dc64ab3a9ae05fb592743f3a7d67d7ce17262c,d164ad5aa2ce5cddc59b090809ccdf258a142a0ebe45712102a4c410fef64b5d,82461e4d28691b5a3f76cac317a7bde90a5123c8b0ad8230422abc74e2e16326,10dfdb81f8d4e94b6c79fe77873ee10c1c43c43b752debce9aaf7641d2402843,fd0b415d4995c8ff6b61d5f15fd84a08191887a08a37ecd0fc53bb9453bf23c6,0.8697415515780449,0.29536208299430433,0.774613506916192,0.5174938974776241
scratch_N_sixdist_s47_f0_plain_sgd_m09_lr0.003,scratch,N,sixdist,47,0,plain,sgd_m09_lr0.003,sgd,0.003,0.9,300,0.6845143437385559,,0.146484375,0.48490381240844727,81bdc2436d4378cf145aaf4f4bb4a560c6960cfdd4261ba2925ded420dd05485,2192aa9c50b4703e2befacdb7d57b1f8324a81de5d84b983837ca82003f4a7d5,8e6b657deafa595fa6c96a1cb8c45b5a9a1c193f860ef2387607e11dd0e17945,,,,5d2167251db7889a0f6b4977e64ff18f22a3c5388c2e57c7260bd0d67b27f7bc,44768dda981c37ad123305598d2fa3fea0d4b0d250c5c53388a19b5ccb8843e0,0,0,0,512,153600,300,620ea1dc1e443dc6c238317463dc64ab3a9ae05fb592743f3a7d67d7ce17262c,d164ad5aa2ce5cddc59b090809ccdf258a142a0ebe45712102a4c410fef64b5d,82461e4d28691b5a3f76cac317a7bde90a5123c8b0ad8230422abc74e2e16326,10dfdb81f8d4e94b6c79fe77873ee10c1c43c43b752debce9aaf7641d2402843,fd0b415d4995c8ff6b61d5f15fd84a08191887a08a37ecd0fc53bb9453bf23c6,0.30615604668855667,0.08136696501220504,0.6891781936533767,0.37672904800650936
scratch_N_sixdist_s47_f0_plain_sgd_m09_lr0.01,scratch,N,sixdist,47,0,plain,sgd_m09_lr0.01,sgd,0.01,0.9,300,0.5835888981819153,,0.02734375,0.10381940752267838,81bdc2436d4378cf145aaf4f4bb4a560c6960cfdd4261ba2925ded420dd05485,2192aa9c50b4703e2befacdb7d57b1f8324a81de5d84b983837ca82003f4a7d5,8cfe1fef9ffabb1663e0a8f223b487b56af09ef0b018e6caa7e3abd0618b36e4,,,,7e7724bb1a7d948fd71710cb24195b5fe91292689785b1f0e64ad1835962d5e1,44768dda981c37ad123305598d2fa3fea0d4b0d250c5c53388a19b5ccb8843e0,0,0,0,512,153600,300,620ea1dc1e443dc6c238317463dc64ab3a9ae05fb592743f3a7d67d7ce17262c,d164ad5aa2ce5cddc59b090809ccdf258a142a0ebe45712102a4c410fef64b5d,82461e4d28691b5a3f76cac317a7bde90a5123c8b0ad8230422abc74e2e16326,10dfdb81f8d4e94b6c79fe77873ee10c1c43c43b752debce9aaf7641d2402843,fd0b415d4995c8ff6b61d5f15fd84a08191887a08a37ecd0fc53bb9453bf23c6,0.3111099675297737,0.24247355573637103,0.7917005695687551,0.45077298616761596
scratch_N_sixdist_s47_f100_plain_adam_lr0.0005_steps600,scratch,N,sixdist,47,100,plain,adam_lr0.0005_steps600,adam,0.0005,,600,0.11100876331329346,,0.00390625,0.03098985180258751,81bdc2436d4378cf145aaf4f4bb4a560c6960cfdd4261ba2925ded420dd05485,2192aa9c50b4703e2befacdb7d57b1f8324a81de5d84b983837ca82003f4a7d5,d63f9b586975729f5a61bd5f67830ba616b7a4fd8d7f2ad66393d51dfee1d04b,,,,5bc1f81883d866c485fa9d3bec4529a46b844a4dd80f8a370b2fe5eee400ca7d,4f20137a61986750dffce254a0ebc95c528eb11d40a6049f6349f17d1897d82b,1534,0,0,2046,1227600,600,620ea1dc1e443dc6c238317463dc64ab3a9ae05fb592743f3a7d67d7ce17262c,d164ad5aa2ce5cddc59b090809ccdf258a142a0ebe45712102a4c410fef64b5d,82461e4d28691b5a3f76cac317a7bde90a5123c8b0ad8230422abc74e2e16326,10dfdb81f8d4e94b6c79fe77873ee10c1c43c43b752debce9aaf7641d2402843,fd0b415d4995c8ff6b61d5f15fd84a08191887a08a37ecd0fc53bb9453bf23c6,1.6339873149991035,0.6069975589910497,0.7200976403580146,0.8852725793327909
scratch_N_sixdist_s47_f100_plain_sgd_m09_lr0.003,scratch,N,sixdist,47,100,plain,sgd_m09_lr0.003,sgd,0.003,0.9,300,0.5290283560752869,,0.390625,1.1094530820846558,81bdc2436d4378cf145aaf4f4bb4a560c6960cfdd4261ba2925ded420dd05485,2192aa9c50b4703e2befacdb7d57b1f8324a81de5d84b983837ca82003f4a7d5,9b1d335072f2fab0c1369d05b2e243516796b422be9680f15013648d2a79cc92,,,,679b95bc96bbeb37017bd1c261559d803e67746782744b472ad1eb8d88b5d7d8,4f20137a61986750dffce254a0ebc95c528eb11d40a6049f6349f17d1897d82b,1534,0,0,2046,613800,300,620ea1dc1e443dc6c238317463dc64ab3a9ae05fb592743f3a7d67d7ce17262c,d164ad5aa2ce5cddc59b090809ccdf258a142a0ebe45712102a4c410fef64b5d,82461e4d28691b5a3f76cac317a7bde90a5123c8b0ad8230422abc74e2e16326,10dfdb81f8d4e94b6c79fe77873ee10c1c43c43b752debce9aaf7641d2402843,fd0b415d4995c8ff6b61d5f15fd84a08191887a08a37ecd0fc53bb9453bf23c6,0.6385860815644264,0.03173311635475997,0.28966639544344996,0.7192839707078926
scratch_N_sixdist_s47_f100_plain_sgd_m09_lr0.01,scratch,N,sixdist,47,100,plain,sgd_m09_lr0.01,sgd,0.01,0.9,300,0.16072416305541992,,0.046875,0.2671515941619873,81bdc2436d4378cf145aaf4f4bb4a560c6960cfdd4261ba2925ded420dd05485,2192aa9c50b4703e2befacdb7d57b1f8324a81de5d84b983837ca82003f4a7d5,a18e1de788950787c88ac5d4c75529ecb0afaa3e4fef35428c204c95d1d01bdd,,,,041b33922349f47e03a0904ed6c39f15f4832bad6d38eb2d0e367448abd8b8a1,4f20137a61986750dffce254a0ebc95c528eb11d40a6049f6349f17d1897d82b,1534,0,0,2046,613800,300,620ea1dc1e443dc6c238317463dc64ab3a9ae05fb592743f3a7d67d7ce17262c,d164ad5aa2ce5cddc59b090809ccdf258a142a0ebe45712102a4c410fef64b5d,82461e4d28691b5a3f76cac317a7bde90a5123c8b0ad8230422abc74e2e16326,10dfdb81f8d4e94b6c79fe77873ee10c1c43c43b752debce9aaf7641d2402843,fd0b415d4995c8ff6b61d5f15fd84a08191887a08a37ecd0fc53bb9453bf23c6,0.6185995787382126,0.595606183889341,0.7510170870626526,0.8437754271765663
scratch_N_sixdist_s47_f25_plain_adam_lr0.0005_steps600,scratch,N,sixdist,47,25,plain,adam_lr0.0005_steps600,adam,0.0005,,600,0.1677861213684082,,0.005859375,0.02654416300356388,81bdc2436d4378cf145aaf4f4bb4a560c6960cfdd4261ba2925ded420dd05485,2192aa9c50b4703e2befacdb7d57b1f8324a81de5d84b983837ca82003f4a7d5,19412bb5afa679ce59c3f37b788c29dec3be5c1c65636d8ae0e6eded9341c9bf,,,,a20b46b00defe5879041de51b85ebf948c43ee192b6f0ed4eafc18bced597760,2223d789f239d4c8c340e5b8d921f03de7496195077840b5c9ec277020807383,383,0,0,895,537000,600,620ea1dc1e443dc6c238317463dc64ab3a9ae05fb592743f3a7d67d7ce17262c,d164ad5aa2ce5cddc59b090809ccdf258a142a0ebe45712102a4c410fef64b5d,82461e4d28691b5a3f76cac317a7bde90a5123c8b0ad8230422abc74e2e16326,10dfdb81f8d4e94b6c79fe77873ee10c1c43c43b752debce9aaf7641d2402843,fd0b415d4995c8ff6b61d5f15fd84a08191887a08a37ecd0fc53bb9453bf23c6,1.3491460755467415,0.5728234336859235,0.7477624084621644,0.8201790073230268
scratch_N_sixdist_s47_f25_plain_sgd_m09_lr0.003,scratch,N,sixdist,47,25,plain,sgd_m09_lr0.003,sgd,0.003,0.9,300,0.5349060893058777,,0.388671875,1.116931676864624,81bdc2436d4378cf145aaf4f4bb4a560c6960cfdd4261ba2925ded420dd05485,2192aa9c50b4703e2befacdb7d57b1f8324a81de5d84b983837ca82003f4a7d5,6436ebd9ba57c4d9a706c9e8bbca9b6cba4ec40058fac7d1897e3e08cbcb5bea,,,,ad20f5d25dc58e490836c6cff9ed826bc624bfda060403ff78286c1f422ec89f,2223d789f239d4c8c340e5b8d921f03de7496195077840b5c9ec277020807383,383,0,0,895,268500,300,620ea1dc1e443dc6c238317463dc64ab3a9ae05fb592743f3a7d67d7ce17262c,d164ad5aa2ce5cddc59b090809ccdf258a142a0ebe45712102a4c410fef64b5d,82461e4d28691b5a3f76cac317a7bde90a5123c8b0ad8230422abc74e2e16326,10dfdb81f8d4e94b6c79fe77873ee10c1c43c43b752debce9aaf7641d2402843,fd0b415d4995c8ff6b61d5f15fd84a08191887a08a37ecd0fc53bb9453bf23c6,0.4803658723831177,0.030105777054515868,0.31733116354759966,0.6989422294548413
scratch_N_sixdist_s47_f25_plain_sgd_m09_lr0.01,scratch,N,sixdist,47,25,plain,sgd_m09_lr0.01,sgd,0.01,0.9,300,0.17253680527210236,,0.05078125,0.24442127346992493,81bdc2436d4378cf145aaf4f4bb4a560c6960cfdd4261ba2925ded420dd05485,2192aa9c50b4703e2befacdb7d57b1f8324a81de5d84b983837ca82003f4a7d5,b84c880baf48bdd05f7f04b14d602e16b26dc07688c0a9df5818416484f47e0f,,,,bdb5f35fcc2411df5b6294519bb182254152ca8e06b79f483b95d2869decd1eb,2223d789f239d4c8c340e5b8d921f03de7496195077840b5c9ec277020807383,383,0,0,895,268500,300,620ea1dc1e443dc6c238317463dc64ab3a9ae05fb592743f3a7d67d7ce17262c,d164ad5aa2ce5cddc59b090809ccdf258a142a0ebe45712102a4c410fef64b5d,82461e4d28691b5a3f76cac317a7bde90a5123c8b0ad8230422abc74e2e16326,10dfdb81f8d4e94b6c79fe77873ee10c1c43c43b752debce9aaf7641d2402843,fd0b415d4995c8ff6b61d5f15fd84a08191887a08a37ecd0fc53bb9453bf23c6,0.4869145378470421,0.5622457282343368,0.7493897477624084,0.8104149715215623
warm_4N_raw_s11_f0_hard_replay_lr0.001,warm,4N,raw,11,0,hard_replay,lr0.001,adam,0.001,,300,2.9170196056365967,1.7019684314727783,0.0,0.002537284279242158,a52be528865112f80ec62dda052abada457d9c68696ab3df54794a7f19edb714,4681b4702246b2ffc9294838a4ee790e881749ebd5daf4fb00f7be3d3199763e,f839ce2399395ae1b0685743eff7d1f3449493f43b6f162920ffb37e3cf4a701,a52be528865112f80ec62dda052abada457d9c68696ab3df54794a7f19edb714,c9db3d4162aeb7e2f651e4d829d4b2b3a798097e7c0fa2843106d53ff3048a14,4N_raw_s11_f0_lr0.001,600a321e19cb4ee668fbed967fb22aeaa8483070c24e5500a45d618af6245b38,c0f4d01d04d6cedfe52ce0eab9b3402e7ff8514942903994138b97d1fa719380,0,0,2048,4096,1228800,300,ae12d7d2443203214d1a1b6e6c0a259704d5a2a78dd3372c3eba05c56b325c96,3d41204b1e9c664522378aa87f6359809137464d8693f339bb080d14d9c77140,60df0a7db0688df4967c306e4e36304a0f68d000d96b9af922caff79c7ab1fa0,10dfdb81f8d4e94b6c79fe77873ee10c1c43c43b752debce9aaf7641d2402843,fd0b415d4995c8ff6b61d5f15fd84a08191887a08a37ecd0fc53bb9453bf23c6,1.1725828871130943,0.16192026037428803,0.7144019528071603,0.4247355573637103
warm_4N_raw_s11_f0_hard_replay_lr0.003,warm,4N,raw,11,0,hard_replay,lr0.003,adam,0.003,,300,3.247361183166504,1.7019684314727783,0.0,0.0016947967233136296,a52be528865112f80ec62dda052abada457d9c68696ab3df54794a7f19edb714,4681b4702246b2ffc9294838a4ee790e881749ebd5daf4fb00f7be3d3199763e,9b714c343405a0a5f5c01203640724080544c1d01fef4a57adc65f1fe8cd8e85,a52be528865112f80ec62dda052abada457d9c68696ab3df54794a7f19edb714,c9db3d4162aeb7e2f651e4d829d4b2b3a798097e7c0fa2843106d53ff3048a14,4N_raw_s11_f0_lr0.001,e3c1113322e86c0fef600b7d3ec564917b60984c799740b5f778eac1941476e7,c0f4d01d04d6cedfe52ce0eab9b3402e7ff8514942903994138b97d1fa719380,0,0,2048,4096,1228800,300,ae12d7d2443203214d1a1b6e6c0a259704d5a2a78dd3372c3eba05c56b325c96,3d41204b1e9c664522378aa87f6359809137464d8693f339bb080d14d9c77140,60df0a7db0688df4967c306e4e36304a0f68d000d96b9af922caff79c7ab1fa0,10dfdb81f8d4e94b6c79fe77873ee10c1c43c43b752debce9aaf7641d2402843,fd0b415d4995c8ff6b61d5f15fd84a08191887a08a37ecd0fc53bb9453bf23c6,1.232230357825756,0.16029292107404394,0.7160292921074044,0.42148087876322216
warm_4N_raw_s11_f0_hard_replay_lr0.01,warm,4N,raw,11,0,hard_replay,lr0.01,adam,0.01,,300,2.5334227085113525,1.7019684314727783,0.0,0.004479102324694395,a52be528865112f80ec62dda052abada457d9c68696ab3df54794a7f19edb714,4681b4702246b2ffc9294838a4ee790e881749ebd5daf4fb00f7be3d3199763e,2a922d311d3b1762fcc4e63fc156e8556974539a194c3f80697bff44981753b6,a52be528865112f80ec62dda052abada457d9c68696ab3df54794a7f19edb714,c9db3d4162aeb7e2f651e4d829d4b2b3a798097e7c0fa2843106d53ff3048a14,4N_raw_s11_f0_lr0.001,e38ad18374ea07ea56218a335a779642e70784f31085aed41d8f598a62401906,c0f4d01d04d6cedfe52ce0eab9b3402e7ff8514942903994138b97d1fa719380,0,0,2048,4096,1228800,300,ae12d7d2443203214d1a1b6e6c0a259704d5a2a78dd3372c3eba05c56b325c96,3d41204b1e9c664522378aa87f6359809137464d8693f339bb080d14d9c77140,60df0a7db0688df4967c306e4e36304a0f68d000d96b9af922caff79c7ab1fa0,10dfdb81f8d4e94b6c79fe77873ee10c1c43c43b752debce9aaf7641d2402843,fd0b415d4995c8ff6b61d5f15fd84a08191887a08a37ecd0fc53bb9453bf23c6,1.219853714108467,0.14646053702196907,0.7005695687550855,0.4222945484133442
warm_4N_raw_s11_f0_plain_adam_lr0.0005_steps600,warm,4N,raw,11,0,plain,adam_lr0.0005_steps600,adam,0.0005,,600,3.1881091594696045,1.7019684314727783,0.0,0.0005553053342737257,a52be528865112f80ec62dda052abada457d9c68696ab3df54794a7f19edb714,4681b4702246b2ffc9294838a4ee790e881749ebd5daf4fb00f7be3d3199763e,a793beabcbc6b4003cb63370121674b86348cf6d2b33dbfae2d5a57dfcc3c7bb,a52be528865112f80ec62dda052abada457d9c68696ab3df54794a7f19edb714,c9db3d4162aeb7e2f651e4d829d4b2b3a798097e7c0fa2843106d53ff3048a14,4N_raw_s11_f0_lr0.001,f9e3436f35d28e4c51b37322f1ad37b44133c371acf4c82e7b6958a221be26fd,c0f4d01d04d6cedfe52ce0eab9b3402e7ff8514942903994138b97d1fa719380,0,0,2048,4096,2457600,600,ae12d7d2443203214d1a1b6e6c0a259704d5a2a78dd3372c3eba05c56b325c96,3d41204b1e9c664522378aa87f6359809137464d8693f339bb080d14d9c77140,60df0a7db0688df4967c306e4e36304a0f68d000d96b9af922caff79c7ab1fa0,10dfdb81f8d4e94b6c79fe77873ee10c1c43c43b752debce9aaf7641d2402843,fd0b415d4995c8ff6b61d5f15fd84a08191887a08a37ecd0fc53bb9453bf23c6,2.249514050781727,0.15785191212367777,0.7119609438567941,0.41985353946297804
warm_4N_raw_s11_f0_plain_lr0.001,warm,4N,raw,11,0,plain,lr0.001,adam,0.001,,300,2.9165685176849365,1.7019684314727783,0.0,0.0012686490081250668,a52be528865112f80ec62dda052abada457d9c68696ab3df54794a7f19edb714,4681b4702246b2ffc9294838a4ee790e881749ebd5daf4fb00f7be3d3199763e,625776d961518808666b079da138a2e2d2337dacb971f721edbf9207f4e10224,a52be528865112f80ec62dda052abada457d9c68696ab3df54794a7f19edb714,c9db3d4162aeb7e2f651e4d829d4b2b3a798097e7c0fa2843106d53ff3048a14,4N_raw_s11_f0_lr0.001,d85490235127ef1a0b60f9bd0d9fd3c44e2ba79e91a8e63d1a1d27bdc28ad2b6,c0f4d01d04d6cedfe52ce0eab9b3402e7ff8514942903994138b97d1fa719380,0,0,2048,4096,1228800,300,ae12d7d2443203214d1a1b6e6c0a259704d5a2a78dd3372c3eba05c56b325c96,3d41204b1e9c664522378aa87f6359809137464d8693f339bb080d14d9c77140,60df0a7db0688df4967c306e4e36304a0f68d000d96b9af922caff79c7ab1fa0,10dfdb81f8d4e94b6c79fe77873ee10c1c43c43b752debce9aaf7641d2402843,fd0b415d4995c8ff6b61d5f15fd84a08191887a08a37ecd0fc53bb9453bf23c6,1.1172541081905365,0.16192026037428803,0.7144019528071603,0.4247355573637103
warm_4N_raw_s11_f0_plain_lr0.003,warm,4N,raw,11,0,plain,lr0.003,adam,0.003,,300,3.247345209121704,1.7019684314727783,0.0,0.000847259652800858,a52be528865112f80ec62dda052abada457d9c68696ab3df54794a7f19edb714,4681b4702246b2ffc9294838a4ee790e881749ebd5daf4fb00f7be3d3199763e,bb15ed0aed72266ae1c03f403491ae9315172b285f0321d94e1d72cc06838f68,a52be528865112f80ec62dda052abada457d9c68696ab3df54794a7f19edb714,c9db3d4162aeb7e2f651e4d829d4b2b3a798097e7c0fa2843106d53ff3048a14,4N_raw_s11_f0_lr0.001,b8fd7c3fe888f1a41aa4b62e7d5f4f4b86c5db642d21fdd225d17f7f0d8beb34,c0f4d01d04d6cedfe52ce0eab9b3402e7ff8514942903994138b97d1fa719380,0,0,2048,4096,1228800,300,ae12d7d2443203214d1a1b6e6c0a259704d5a2a78dd3372c3eba05c56b325c96,3d41204b1e9c664522378aa87f6359809137464d8693f339bb080d14d9c77140,60df0a7db0688df4967c306e4e36304a0f68d000d96b9af922caff79c7ab1fa0,10dfdb81f8d4e94b6c79fe77873ee10c1c43c43b752debce9aaf7641d2402843,fd0b415d4995c8ff6b61d5f15fd84a08191887a08a37ecd0fc53bb9453bf23c6,1.1917340084910393,0.16029292107404394,0.7160292921074044,0.42148087876322216
warm_4N_raw_s11_f0_plain_lr0.01,warm,4N,raw,11,0,plain,lr0.01,adam,0.01,,300,2.531726837158203,1.7019684314727783,0.0,0.002238796092569828,a52be528865112f80ec62dda052abada457d9c68696ab3df54794a7f19edb714,4681b4702246b2ffc9294838a4ee790e881749ebd5daf4fb00f7be3d3199763e,05a90479e2f49f3db0e3fcb909552aedf0e389f4c82c7b73291bfd1138110666,a52be528865112f80ec62dda052abada457d9c68696ab3df54794a7f19edb714,c9db3d4162aeb7e2f651e4d829d4b2b3a798097e7c0fa2843106d53ff3048a14,4N_raw_s11_f0_lr0.001,19cf41d07e00c054f99ab3f7fcf6c0181358234f6aa55677c9637ca8f38fdb2b,c0f4d01d04d6cedfe52ce0eab9b3402e7ff8514942903994138b97d1fa719380,0,0,2048,4096,1228800,300,ae12d7d2443203214d1a1b6e6c0a259704d5a2a78dd3372c3eba05c56b325c96,3d41204b1e9c664522378aa87f6359809137464d8693f339bb080d14d9c77140,60df0a7db0688df4967c306e4e36304a0f68d000d96b9af922caff79c7ab1fa0,10dfdb81f8d4e94b6c79fe77873ee10c1c43c43b752debce9aaf7641d2402843,fd0b415d4995c8ff6b61d5f15fd84a08191887a08a37ecd0fc53bb9453bf23c6,1.073168620467186,0.14890154597233524,0.7013832384052074,0.4247355573637103
warm_4N_raw_s11_f0_plain_sgd_m09_lr0.003,warm,4N,raw,11,0,plain,sgd_m09_lr0.003,sgd,0.003,0.9,300,1.8619377613067627,1.7019684314727783,0.0,0.012219060212373734,a52be528865112f80ec62dda052abada457d9c68696ab3df54794a7f19edb714,4681b4702246b2ffc9294838a4ee790e881749ebd5daf4fb00f7be3d3199763e,f3e841e08d8485acc7292c3ebe8dff7db372fa1d6a15a31e12169097d3ad2710,a52be528865112f80ec62dda052abada457d9c68696ab3df54794a7f19edb714,c9db3d4162aeb7e2f651e4d829d4b2b3a798097e7c0fa2843106d53ff3048a14,4N_raw_s11_f0_lr0.001,087f7242784748227c2c16539d41f658777c8174e953cf1a695e64f5886c6d63,c0f4d01d04d6cedfe52ce0eab9b3402e7ff8514942903994138b97d1fa719380,0,0,2048,4096,1228800,300,ae12d7d2443203214d1a1b6e6c0a259704d5a2a78dd3372c3eba05c56b325c96,3d41204b1e9c664522378aa87f6359809137464d8693f339bb080d14d9c77140,60df0a7db0688df4967c306e4e36304a0f68d000d96b9af922caff79c7ab1fa0,10dfdb81f8d4e94b6c79fe77873ee10c1c43c43b752debce9aaf7641d2402843,fd0b415d4995c8ff6b61d5f15fd84a08191887a08a37ecd0fc53bb9453bf23c6,0.8717204108834267,0.15378356387306755,0.6948738812042311,0.43368592351505286
warm_4N_raw_s11_f0_plain_sgd_m09_lr0.01,warm,4N,raw,11,0,plain,sgd_m09_lr0.01,sgd,0.01,0.9,300,2.147855758666992,1.7019684314727783,0.0,0.007212139666080475,a52be528865112f80ec62dda052abada457d9c68696ab3df54794a7f19edb714,4681b4702246b2ffc9294838a4ee790e881749ebd5daf4fb00f7be3d3199763e,05fbd4f83b620c49830235171866e920a8c02ac4e1276cac6e81332b180294be,a52be528865112f80ec62dda052abada457d9c68696ab3df54794a7f19edb714,c9db3d4162aeb7e2f651e4d829d4b2b3a798097e7c0fa2843106d53ff3048a14,4N_raw_s11_f0_lr0.001,e8006932ab4000ffc997f55e7ec352a3d56e7cabd0986760379e4a4be7519592,c0f4d01d04d6cedfe52ce0eab9b3402e7ff8514942903994138b97d1fa719380,0,0,2048,4096,1228800,300,ae12d7d2443203214d1a1b6e6c0a259704d5a2a78dd3372c3eba05c56b325c96,3d41204b1e9c664522378aa87f6359809137464d8693f339bb080d14d9c77140,60df0a7db0688df4967c306e4e36304a0f68d000d96b9af922caff79c7ab1fa0,10dfdb81f8d4e94b6c79fe77873ee10c1c43c43b752debce9aaf7641d2402843,fd0b415d4995c8ff6b61d5f15fd84a08191887a08a37ecd0fc53bb9453bf23c6,0.9114503189921379,0.15459723352318958,0.6981285598047193,0.43287225386493083
warm_4N_raw_s11_f0_preserve_flip_balanced_lr0.001,warm,4N,raw,11,0,preserve_flip_balanced,lr0.001,adam,0.001,,300,2.9165685176849365,1.7019684314727783,0.0,0.0012686490081250668,a52be528865112f80ec62dda052abada457d9c68696ab3df54794a7f19edb714,4681b4702246b2ffc9294838a4ee790e881749ebd5daf4fb00f7be3d3199763e,625776d961518808666b079da138a2e2d2337dacb971f721edbf9207f4e10224,a52be528865112f80ec62dda052abada457d9c68696ab3df54794a7f19edb714,c9db3d4162aeb7e2f651e4d829d4b2b3a798097e7c0fa2843106d53ff3048a14,4N_raw_s11_f0_lr0.001,7efaeeb316a6939c9e10d3118adbd5ebbb72f823094c5c5a2396a4eedbaffe3d,c0f4d01d04d6cedfe52ce0eab9b3402e7ff8514942903994138b97d1fa719380,0,0,2048,4096,1228800,300,ae12d7d2443203214d1a1b6e6c0a259704d5a2a78dd3372c3eba05c56b325c96,3d41204b1e9c664522378aa87f6359809137464d8693f339bb080d14d9c77140,60df0a7db0688df4967c306e4e36304a0f68d000d96b9af922caff79c7ab1fa0,10dfdb81f8d4e94b6c79fe77873ee10c1c43c43b752debce9aaf7641d2402843,fd0b415d4995c8ff6b61d5f15fd84a08191887a08a37ecd0fc53bb9453bf23c6,1.1460847854614258,0.16192026037428803,0.7144019528071603,0.4247355573637103
warm_4N_raw_s11_f0_preserve_flip_balanced_lr0.003,warm,4N,raw,11,0,preserve_flip_balanced,lr0.003,adam,0.003,,300,3.247345209121704,1.7019684314727783,0.0,0.000847259652800858,a52be528865112f80ec62dda052abada457d9c68696ab3df54794a7f19edb714,4681b4702246b2ffc9294838a4ee790e881749ebd5daf4fb00f7be3d3199763e,bb15ed0aed72266ae1c03f403491ae9315172b285f0321d94e1d72cc06838f68,a52be528865112f80ec62dda052abada457d9c68696ab3df54794a7f19edb714,c9db3d4162aeb7e2f651e4d829d4b2b3a798097e7c0fa2843106d53ff3048a14,4N_raw_s11_f0_lr0.001,4e049966091cfb769f3da2fe41d3e93715af1eefc41478553019c56f27064a9c,c0f4d01d04d6cedfe52ce0eab9b3402e7ff8514942903994138b97d1fa719380,0,0,2048,4096,1228800,300,ae12d7d2443203214d1a1b6e6c0a259704d5a2a78dd3372c3eba05c56b325c96,3d41204b1e9c664522378aa87f6359809137464d8693f339bb080d14d9c77140,60df0a7db0688df4967c306e4e36304a0f68d000d96b9af922caff79c7ab1fa0,10dfdb81f8d4e94b6c79fe77873ee10c1c43c43b752debce9aaf7641d2402843,fd0b415d4995c8ff6b61d5f15fd84a08191887a08a37ecd0fc53bb9453bf23c6,1.0980639606714249,0.16029292107404394,0.7160292921074044,0.42148087876322216
warm_4N_raw_s11_f0_preserve_flip_balanced_lr0.01,warm,4N,raw,11,0,preserve_flip_balanced,lr0.01,adam,0.01,,300,2.531726837158203,1.7019684314727783,0.0,0.002238796092569828,a52be528865112f80ec62dda052abada457d9c68696ab3df54794a7f19edb714,4681b4702246b2ffc9294838a4ee790e881749ebd5daf4fb00f7be3d3199763e,05a90479e2f49f3db0e3fcb909552aedf0e389f4c82c7b73291bfd1138110666,a52be528865112f80ec62dda052abada457d9c68696ab3df54794a7f19edb714,c9db3d4162aeb7e2f651e4d829d4b2b3a798097e7c0fa2843106d53ff3048a14,4N_raw_s11_f0_lr0.001,70f6026e58b72ff9c284b5fd81bda49f23b0225af46c1edd880ad7551537cea8,c0f4d01d04d6cedfe52ce0eab9b3402e7ff8514942903994138b97d1fa719380,0,0,2048,4096,1228800,300,ae12d7d2443203214d1a1b6e6c0a259704d5a2a78dd3372c3eba05c56b325c96,3d41204b1e9c664522378aa87f6359809137464d8693f339bb080d14d9c77140,60df0a7db0688df4967c306e4e36304a0f68d000d96b9af922caff79c7ab1fa0,10dfdb81f8d4e94b6c79fe77873ee10c1c43c43b752debce9aaf7641d2402843,fd0b415d4995c8ff6b61d5f15fd84a08191887a08a37ecd0fc53bb9453bf23c6,1.08077834546566,0.14890154597233524,0.7013832384052074,0.4247355573637103
warm_4N_raw_s11_f0_protection_lr0.001,warm,4N,raw,11,0,protection,lr0.001,adam,0.001,,300,2.034062147140503,1.7019684314727783,0.0,0.06603525578975677,a52be528865112f80ec62dda052abada457d9c68696ab3df54794a7f19edb714,4681b4702246b2ffc9294838a4ee790e881749ebd5daf4fb00f7be3d3199763e,3461590899abbc99a950558ce19f6747a1940a9608e6c950f62d4269160f7a69,a52be528865112f80ec62dda052abada457d9c68696ab3df54794a7f19edb714,c9db3d4162aeb7e2f651e4d829d4b2b3a798097e7c0fa2843106d53ff3048a14,4N_raw_s11_f0_lr0.001,2f45bab1f94136e73b70612b8af1e91e58a51eb8d9dd9aeb70158aafc10a2512,c0f4d01d04d6cedfe52ce0eab9b3402e7ff8514942903994138b97d1fa719380,0,0,2048,4096,1228800,300,ae12d7d2443203214d1a1b6e6c0a259704d5a2a78dd3372c3eba05c56b325c96,3d41204b1e9c664522378aa87f6359809137464d8693f339bb080d14d9c77140,60df0a7db0688df4967c306e4e36304a0f68d000d96b9af922caff79c7ab1fa0,10dfdb81f8d4e94b6c79fe77873ee10c1c43c43b752debce9aaf7641d2402843,fd0b415d4995c8ff6b61d5f15fd84a08191887a08a37ecd0fc53bb9453bf23c6,1.054202862083912,0.15459723352318958,0.6989422294548413,0.4312449145646867
warm_4N_raw_s11_f0_protection_lr0.003,warm,4N,raw,11,0,protection,lr0.003,adam,0.003,,300,2.031291961669922,1.7019684314727783,0.0,0.0660543292760849,a52be528865112f80ec62dda052abada457d9c68696ab3df54794a7f19edb714,4681b4702246b2ffc9294838a4ee790e881749ebd5daf4fb00f7be3d3199763e,cf2a76be512792708c7ac8af195a0cda1921dea2b8de2f5597028daf5b735c28,a52be528865112f80ec62dda052abada457d9c68696ab3df54794a7f19edb714,c9db3d4162aeb7e2f651e4d829d4b2b3a798097e7c0fa2843106d53ff3048a14,4N_raw_s11_f0_lr0.001,0296c15b5fa22b85f4b3a8b02989f48843cbd055b2e54ef499f73b74f3feee07,c0f4d01d04d6cedfe52ce0eab9b3402e7ff8514942903994138b97d1fa719380,0,0,2048,4096,1228800,300,ae12d7d2443203214d1a1b6e6c0a259704d5a2a78dd3372c3eba05c56b325c96,3d41204b1e9c664522378aa87f6359809137464d8693f339bb080d14d9c77140,60df0a7db0688df4967c306e4e36304a0f68d000d96b9af922caff79c7ab1fa0,10dfdb81f8d4e94b6c79fe77873ee10c1c43c43b752debce9aaf7641d2402843,fd0b415d4995c8ff6b61d5f15fd84a08191887a08a37ecd0fc53bb9453bf23c6,1.1188693568110466,0.15866558177379983,0.7013832384052074,0.43287225386493083
warm_4N_raw_s11_f0_protection_lr0.01,warm,4N,raw,11,0,protection,lr0.01,adam,0.01,,300,1.9139991998672485,1.7019684314727783,0.0,0.06638939678668976,a52be528865112f80ec62dda052abada457d9c68696ab3df54794a7f19edb714,4681b4702246b2ffc9294838a4ee790e881749ebd5daf4fb00f7be3d3199763e,2432ff1e50b7beed2f1a13d8ce9b2afbb562c24cba221ba3fdc247bf79e0e420,a52be528865112f80ec62dda052abada457d9c68696ab3df54794a7f19edb714,c9db3d4162aeb7e2f651e4d829d4b2b3a798097e7c0fa2843106d53ff3048a14,4N_raw_s11_f0_lr0.001,9ae9ba1880020f7296b9438a71903e235c7f8a44b36eab04f02d2b8ff6421d88,c0f4d01d04d6cedfe52ce0eab9b3402e7ff8514942903994138b97d1fa719380,0,0,2048,4096,1228800,300,ae12d7d2443203214d1a1b6e6c0a259704d5a2a78dd3372c3eba05c56b325c96,3d41204b1e9c664522378aa87f6359809137464d8693f339bb080d14d9c77140,60df0a7db0688df4967c306e4e36304a0f68d000d96b9af922caff79c7ab1fa0,10dfdb81f8d4e94b6c79fe77873ee10c1c43c43b752debce9aaf7641d2402843,fd0b415d4995c8ff6b61d5f15fd84a08191887a08a37ecd0fc53bb9453bf23c6,1.062250830233097,0.14727420667209112,0.6948738812042311,0.42636289666395444
warm_4N_raw_s11_f100_hard_replay_lr0.001,warm,4N,raw,11,100,hard_replay,lr0.001,adam,0.001,,300,0.5293288230895996,1.7019684314727783,0.03369140625,0.7229021787643433,a52be528865112f80ec62dda052abada457d9c68696ab3df54794a7f19edb714,4681b4702246b2ffc9294838a4ee790e881749ebd5daf4fb00f7be3d3199763e,991035edad6525bc35d1e1baf5076b8e85b5b5781b0c3ec648a45e51a52d5327,a52be528865112f80ec62dda052abada457d9c68696ab3df54794a7f19edb714,c9db3d4162aeb7e2f651e4d829d4b2b3a798097e7c0fa2843106d53ff3048a14,4N_raw_s11_f0_lr0.001,91c650bbb94192dc000fc779d49b2e0b4a581bc41fa5a14c290056576834df2f,2226cb57f55dc5723c6244d0f2299ae3a943e50964d35bda827489b4f53e6f71,6390,0,2048,10486,3145800,300,ae12d7d2443203214d1a1b6e6c0a259704d5a2a78dd3372c3eba05c56b325c96,3d41204b1e9c664522378aa87f6359809137464d8693f339bb080d14d9c77140,60df0a7db0688df4967c306e4e36304a0f68d000d96b9af922caff79c7ab1fa0,10dfdb81f8d4e94b6c79fe77873ee10c1c43c43b752debce9aaf7641d2402843,fd0b415d4995c8ff6b61d5f15fd84a08191887a08a37ecd0fc53bb9453bf23c6,2.5855990275740623,0.23596419853539463,0.6419853539462979,0.5736371033360456
warm_4N_raw_s11_f100_hard_replay_lr0.003,warm,4N,raw,11,100,hard_replay,lr0.003,adam,0.003,,300,0.4450739920139313,1.7019684314727783,0.025390625,0.5767540335655212,a52be528865112f80ec62dda052abada457d9c68696ab3df54794a7f19edb714,4681b4702246b2ffc9294838a4ee790e881749ebd5daf4fb00f7be3d3199763e,49329bdff930f3628dcc83be57d7e1bd617cfe320cfc44d8a9967979f33c28db,a52be528865112f80ec62dda052abada457d9c68696ab3df54794a7f19edb714,c9db3d4162aeb7e2f651e4d829d4b2b3a798097e7c0fa2843106d53ff3048a14,4N_raw_s11_f0_lr0.001,0a48378fec0fb350cc84cea629b1c403cc7f9725d754650138f8bc1579cf32f1,2226cb57f55dc5723c6244d0f2299ae3a943e50964d35bda827489b4f53e6f71,6390,0,2048,10486,3145800,300,ae12d7d2443203214d1a1b6e6c0a259704d5a2a78dd3372c3eba05c56b325c96,3d41204b1e9c664522378aa87f6359809137464d8693f339bb080d14d9c77140,60df0a7db0688df4967c306e4e36304a0f68d000d96b9af922caff79c7ab1fa0,10dfdb81f8d4e94b6c79fe77873ee10c1c43c43b752debce9aaf7641d2402843,fd0b415d4995c8ff6b61d5f15fd84a08191887a08a37ecd0fc53bb9453bf23c6,2.5809273794293404,0.2790886899918633,0.6517493897477624,0.6208299430431244
warm_4N_raw_s11_f100_hard_replay_lr0.01,warm,4N,raw,11,100,hard_replay,lr0.01,adam,0.01,,300,0.45700082182884216,1.7019684314727783,0.0224609375,0.5160349607467651,a52be528865112f80ec62dda052abada457d9c68696ab3df54794a7f19edb714,4681b4702246b2ffc9294838a4ee790e881749ebd5daf4fb00f7be3d3199763e,92e2caaf9d35dbc9ed351de7ba550a28ad2e26e13e84337c2534f06ba29ccc35,a52be528865112f80ec62dda052abada457d9c68696ab3df54794a7f19edb714,c9db3d4162aeb7e2f651e4d829d4b2b3a798097e7c0fa2843106d53ff3048a14,4N_raw_s11_f0_lr0.001,c345bbcc11c69e97e3ebfffd639c5df43689dada83eff5609ba696025b36e90c,2226cb57f55dc5723c6244d0f2299ae3a943e50964d35bda827489b4f53e6f71,6390,0,2048,10486,3145800,300,ae12d7d2443203214d1a1b6e6c0a259704d5a2a78dd3372c3eba05c56b325c96,3d41204b1e9c664522378aa87f6359809137464d8693f339bb080d14d9c77140,60df0a7db0688df4967c306e4e36304a0f68d000d96b9af922caff79c7ab1fa0,10dfdb81f8d4e94b6c79fe77873ee10c1c43c43b752debce9aaf7641d2402843,fd0b415d4995c8ff6b61d5f15fd84a08191887a08a37ecd0fc53bb9453bf23c6,2.6508736461400986,0.29454841334418225,0.6484947111472742,0.6314076484947111
warm_4N_raw_s11_f100_plain_adam_lr0.0005_steps600,warm,4N,raw,11,100,plain,adam_lr0.0005_steps600,adam,0.0005,,600,0.46316614747047424,1.7019684314727783,0.078125,0.5281888246536255,a52be528865112f80ec62dda052abada457d9c68696ab3df54794a7f19edb714,4681b4702246b2ffc9294838a4ee790e881749ebd5daf4fb00f7be3d3199763e,9295a13aa500b6768a11256b8bbc1576d89f5c0f35891438fd96523c865551cb,a52be528865112f80ec62dda052abada457d9c68696ab3df54794a7f19edb714,c9db3d4162aeb7e2f651e4d829d4b2b3a798097e7c0fa2843106d53ff3048a14,4N_raw_s11_f0_lr0.001,f12ebe7d87fe02334401df277036ae9929f5900610e5ce45b6f06d58748627d8,2226cb57f55dc5723c6244d0f2299ae3a943e50964d35bda827489b4f53e6f71,6390,0,2048,10486,6291600,600,ae12d7d2443203214d1a1b6e6c0a259704d5a2a78dd3372c3eba05c56b325c96,3d41204b1e9c664522378aa87f6359809137464d8693f339bb080d14d9c77140,60df0a7db0688df4967c306e4e36304a0f68d000d96b9af922caff79c7ab1fa0,10dfdb81f8d4e94b6c79fe77873ee10c1c43c43b752debce9aaf7641d2402843,fd0b415d4995c8ff6b61d5f15fd84a08191887a08a37ecd0fc53bb9453bf23c6,4.677569329738617,0.23433685923515052,0.6013018714401953,0.613506916192026
warm_4N_raw_s11_f100_plain_lr0.001,warm,4N,raw,11,100,plain,lr0.001,adam,0.001,,300,0.4842100143432617,1.7019684314727783,0.0849609375,0.5930504202842712,a52be528865112f80ec62dda052abada457d9c68696ab3df54794a7f19edb714,4681b4702246b2ffc9294838a4ee790e881749ebd5daf4fb00f7be3d3199763e,415ef2cd2d69411435cbbae6a3bffbd4b01a1eb54d299f6bec46bcac465bde67,a52be528865112f80ec62dda052abada457d9c68696ab3df54794a7f19edb714,c9db3d4162aeb7e2f651e4d829d4b2b3a798097e7c0fa2843106d53ff3048a14,4N_raw_s11_f0_lr0.001,6c1043697ff9848fed392636bbbf2ac62a7fffa565e6c4b25ad7d3f16a2a0ecb,2226cb57f55dc5723c6244d0f2299ae3a943e50964d35bda827489b4f53e6f71,6390,0,2048,10486,3145800,300,ae12d7d2443203214d1a1b6e6c0a259704d5a2a78dd3372c3eba05c56b325c96,3d41204b1e9c664522378aa87f6359809137464d8693f339bb080d14d9c77140,60df0a7db0688df4967c306e4e36304a0f68d000d96b9af922caff79c7ab1fa0,10dfdb81f8d4e94b6c79fe77873ee10c1c43c43b752debce9aaf7641d2402843,fd0b415d4995c8ff6b61d5f15fd84a08191887a08a37ecd0fc53bb9453bf23c6,2.6559127792716026,0.23270951993490643,0.596419853539463,0.6110659072416599
warm_4N_raw_s11_f100_plain_lr0.003,warm,4N,raw,11,100,plain,lr0.003,adam,0.003,,300,0.3946826756000519,1.7019684314727783,0.06640625,0.449380487203598,a52be528865112f80ec62dda052abada457d9c68696ab3df54794a7f19edb714,4681b4702246b2ffc9294838a4ee790e881749ebd5daf4fb00f7be3d3199763e,456e9d7286260bbf4e22dcf11f9e6f87687f1793eb33772a0404ab5091daa424,a52be528865112f80ec62dda052abada457d9c68696ab3df54794a7f19edb714,c9db3d4162aeb7e2f651e4d829d4b2b3a798097e7c0fa2843106d53ff3048a14,4N_raw_s11_f0_lr0.001,18ee42277cfe934a1e0b91b13272ea379a1b8527442e0f57d6a8d32b051e486f,2226cb57f55dc5723c6244d0f2299ae3a943e50964d35bda827489b4f53e6f71,6390,0,2048,10486,3145800,300,ae12d7d2443203214d1a1b6e6c0a259704d5a2a78dd3372c3eba05c56b325c96,3d41204b1e9c664522378aa87f6359809137464d8693f339bb080d14d9c77140,60df0a7db0688df4967c306e4e36304a0f68d000d96b9af922caff79c7ab1fa0,10dfdb81f8d4e94b6c79fe77873ee10c1c43c43b752debce9aaf7641d2402843,fd0b415d4995c8ff6b61d5f15fd84a08191887a08a37ecd0fc53bb9453bf23c6,2.9245403558015823,0.27339300244100895,0.6151342554922702,0.6436126932465419
warm_4N_raw_s11_f100_plain_lr0.01,warm,4N,raw,11,100,plain,lr0.01,adam,0.01,,300,0.4270758628845215,1.7019684314727783,0.0546875,0.3695969879627228,a52be528865112f80ec62dda052abada457d9c68696ab3df54794a7f19edb714,4681b4702246b2ffc9294838a4ee790e881749ebd5daf4fb00f7be3d3199763e,87e52726b452c488bde8e57e72d41952c4d8d5f42c1595860094b660da5ecd79,a52be528865112f80ec62dda052abada457d9c68696ab3df54794a7f19edb714,c9db3d4162aeb7e2f651e4d829d4b2b3a798097e7c0fa2843106d53ff3048a14,4N_raw_s11_f0_lr0.001,5281305a46d5a78cbf7490dc663e3b8fb83c034cef9ac37ed4177f2cbd82923e,2226cb57f55dc5723c6244d0f2299ae3a943e50964d35bda827489b4f53e6f71,6390,0,2048,10486,3145800,300,ae12d7d2443203214d1a1b6e6c0a259704d5a2a78dd3372c3eba05c56b325c96,3d41204b1e9c664522378aa87f6359809137464d8693f339bb080d14d9c77140,60df0a7db0688df4967c306e4e36304a0f68d000d96b9af922caff79c7ab1fa0,10dfdb81f8d4e94b6c79fe77873ee10c1c43c43b752debce9aaf7641d2402843,fd0b415d4995c8ff6b61d5f15fd84a08191887a08a37ecd0fc53bb9453bf23c6,2.9328008368611336,0.30919446704637915,0.6257119609438568,0.6753458096013019
warm_4N_raw_s11_f100_plain_sgd_m09_lr0.003,warm,4N,raw,11,100,plain,sgd_m09_lr0.003,sgd,0.003,0.9,300,0.45273661613464355,1.7019684314727783,0.080078125,0.5867220759391785,a52be528865112f80ec62dda052abada457d9c68696ab3df54794a7f19edb714,4681b4702246b2ffc9294838a4ee790e881749ebd5daf4fb00f7be3d3199763e,51f32edd1ca50f5cd72b78acb5d5f825fe012ef3b06103a6398a149d5b183916,a52be528865112f80ec62dda052abada457d9c68696ab3df54794a7f19edb714,c9db3d4162aeb7e2f651e4d829d4b2b3a798097e7c0fa2843106d53ff3048a14,4N_raw_s11_f0_lr0.001,2356db44bce8e30a8995acf7ca5c619a8eac57e88682253961a5381b4acc9fb6,2226cb57f55dc5723c6244d0f2299ae3a943e50964d35bda827489b4f53e6f71,6390,0,2048,10486,3145800,300,ae12d7d2443203214d1a1b6e6c0a259704d5a2a78dd3372c3eba05c56b325c96,3d41204b1e9c664522378aa87f6359809137464d8693f339bb080d14d9c77140,60df0a7db0688df4967c306e4e36304a0f68d000d96b9af922caff79c7ab1fa0,10dfdb81f8d4e94b6c79fe77873ee10c1c43c43b752debce9aaf7641d2402843,fd0b415d4995c8ff6b61d5f15fd84a08191887a08a37ecd0fc53bb9453bf23c6,2.4902877509593964,0.21643612693246542,0.5834011391375101,0.6110659072416599
warm_4N_raw_s11_f100_plain_sgd_m09_lr0.01,warm,4N,raw,11,100,plain,sgd_m09_lr0.01,sgd,0.01,0.9,300,0.38909417390823364,1.7019684314727783,0.06494140625,0.3615535497665405,a52be528865112f80ec62dda052abada457d9c68696ab3df54794a7f19edb714,4681b4702246b2ffc9294838a4ee790e881749ebd5daf4fb00f7be3d3199763e,81f4e46cd12d73607142a30be0802aab0d122dbad1e8ea28e688ab3f139d1fe6,a52be528865112f80ec62dda052abada457d9c68696ab3df54794a7f19edb714,c9db3d4162aeb7e2f651e4d829d4b2b3a798097e7c0fa2843106d53ff3048a14,4N_raw_s11_f0_lr0.001,1f226ce3f296c444a6ace2d55c31e589618998554742531bf538316c9d50dfe8,2226cb57f55dc5723c6244d0f2299ae3a943e50964d35bda827489b4f53e6f71,6390,0,2048,10486,3145800,300,ae12d7d2443203214d1a1b6e6c0a259704d5a2a78dd3372c3eba05c56b325c96,3d41204b1e9c664522378aa87f6359809137464d8693f339bb080d14d9c77140,60df0a7db0688df4967c306e4e36304a0f68d000d96b9af922caff79c7ab1fa0,10dfdb81f8d4e94b6c79fe77873ee10c1c43c43b752debce9aaf7641d2402843,fd0b415d4995c8ff6b61d5f15fd84a08191887a08a37ecd0fc53bb9453bf23c6,2.6236537098884583,0.2611879576891782,0.596419853539463,0.6501220504475184
warm_4N_raw_s11_f100_preserve_flip_balanced_lr0.001,warm,4N,raw,11,100,preserve_flip_balanced,lr0.001,adam,0.001,,300,0.6110667586326599,1.7019684314727783,0.015625,0.44285979866981506,a52be528865112f80ec62dda052abada457d9c68696ab3df54794a7f19edb714,4681b4702246b2ffc9294838a4ee790e881749ebd5daf4fb00f7be3d3199763e,77f71bab928b66fc4f2f0477f3abb0ba36e43661ada88e7e3f4c7b31bab045c7,a52be528865112f80ec62dda052abada457d9c68696ab3df54794a7f19edb714,c9db3d4162aeb7e2f651e4d829d4b2b3a798097e7c0fa2843106d53ff3048a14,4N_raw_s11_f0_lr0.001,8b6d344dcf75ab517bae3c551b3abc6031cd90839e17af8dc5eb97d2f1546f6f,ba24364b1461595c566668edbe62814baf0f55c5f66f4af0167976b04eedad7d,3195,3195,2048,10486,3145800,300,ae12d7d2443203214d1a1b6e6c0a259704d5a2a78dd3372c3eba05c56b325c96,3d41204b1e9c664522378aa87f6359809137464d8693f339bb080d14d9c77140,60df0a7db0688df4967c306e4e36304a0f68d000d96b9af922caff79c7ab1fa0,10dfdb81f8d4e94b6c79fe77873ee10c1c43c43b752debce9aaf7641d2402843,fd0b415d4995c8ff6b61d5f15fd84a08191887a08a37ecd0fc53bb9453bf23c6,2.6321298480033875,0.24410089503661514,0.6786004882017901,0.549227013832384
warm_4N_raw_s11_f100_preserve_flip_balanced_lr0.003,warm,4N,raw,11,100,preserve_flip_balanced,lr0.003,adam,0.003,,300,0.6345757842063904,1.7019684314727783,0.01123046875,0.40115267038345337,a52be528865112f80ec62dda052abada457d9c68696ab3df54794a7f19edb714,4681b4702246b2ffc9294838a4ee790e881749ebd5daf4fb00f7be3d3199763e,7762e10d28b46236bcbed21bec79408b18870c39fa36f399f6a57b2d33515f38,a52be528865112f80ec62dda052abada457d9c68696ab3df54794a7f19edb714,c9db3d4162aeb7e2f651e4d829d4b2b3a798097e7c0fa2843106d53ff3048a14,4N_raw_s11_f0_lr0.001,34ba60db9b05588c10c46bf27020680bf98ef2f36a3dcd618a9d6b4e5895e47c,ba24364b1461595c566668edbe62814baf0f55c5f66f4af0167976b04eedad7d,3195,3195,2048,10486,3145800,300,ae12d7d2443203214d1a1b6e6c0a259704d5a2a78dd3372c3eba05c56b325c96,3d41204b1e9c664522378aa87f6359809137464d8693f339bb080d14d9c77140,60df0a7db0688df4967c306e4e36304a0f68d000d96b9af922caff79c7ab1fa0,10dfdb81f8d4e94b6c79fe77873ee10c1c43c43b752debce9aaf7641d2402843,fd0b415d4995c8ff6b61d5f15fd84a08191887a08a37ecd0fc53bb9453bf23c6,2.6333809569478035,0.27827502034174123,0.6851098454027664,0.580960130187144
warm_4N_raw_s11_f100_preserve_flip_balanced_lr0.01,warm,4N,raw,11,100,preserve_flip_balanced,lr0.01,adam,0.01,,300,0.5389442443847656,1.7019684314727783,0.01025390625,0.39050978422164917,a52be528865112f80ec62dda052abada457d9c68696ab3df54794a7f19edb714,4681b4702246b2ffc9294838a4ee790e881749ebd5daf4fb00f7be3d3199763e,660cbfd0bd324e9863d1a2249b993a2289b3724db61a20107b10f66f4f1c12bc,a52be528865112f80ec62dda052abada457d9c68696ab3df54794a7f19edb714,c9db3d4162aeb7e2f651e4d829d4b2b3a798097e7c0fa2843106d53ff3048a14,4N_raw_s11_f0_lr0.001,76ed726f202fc2e9f200572b80bedd73abaa5a986c966ab76c64792a894b38a1,ba24364b1461595c566668edbe62814baf0f55c5f66f4af0167976b04eedad7d,3195,3195,2048,10486,3145800,300,ae12d7d2443203214d1a1b6e6c0a259704d5a2a78dd3372c3eba05c56b325c96,3d41204b1e9c664522378aa87f6359809137464d8693f339bb080d14d9c77140,60df0a7db0688df4967c306e4e36304a0f68d000d96b9af922caff79c7ab1fa0,10dfdb81f8d4e94b6c79fe77873ee10c1c43c43b752debce9aaf7641d2402843,fd0b415d4995c8ff6b61d5f15fd84a08191887a08a37ecd0fc53bb9453bf23c6,2.6455399990081787,0.25793327908869,0.6582587469487388,0.5752644426362896
warm_4N_raw_s11_f100_protection_lr0.001,warm,4N,raw,11,100,protection,lr0.001,adam,0.001,,300,0.5237612128257751,1.7019684314727783,0.03857421875,0.751029372215271,a52be528865112f80ec62dda052abada457d9c68696ab3df54794a7f19edb714,4681b4702246b2ffc9294838a4ee790e881749ebd5daf4fb00f7be3d3199763e,71d52afffc7125b6d0557936cf98611c85d449856d87b353cc5807589c8201d1,a52be528865112f80ec62dda052abada457d9c68696ab3df54794a7f19edb714,c9db3d4162aeb7e2f651e4d829d4b2b3a798097e7c0fa2843106d53ff3048a14,4N_raw_s11_f0_lr0.001,109f2848a9bcc688eacde44556901245e3b74db4bad1fb7e3e26bcb6f6163b22,2226cb57f55dc5723c6244d0f2299ae3a943e50964d35bda827489b4f53e6f71,6390,0,2048,10486,3145800,300,ae12d7d2443203214d1a1b6e6c0a259704d5a2a78dd3372c3eba05c56b325c96,3d41204b1e9c664522378aa87f6359809137464d8693f339bb080d14d9c77140,60df0a7db0688df4967c306e4e36304a0f68d000d96b9af922caff79c7ab1fa0,10dfdb81f8d4e94b6c79fe77873ee10c1c43c43b752debce9aaf7641d2402843,fd0b415d4995c8ff6b61d5f15fd84a08191887a08a37ecd0fc53bb9453bf23c6,2.7894694730639458,0.23189585028478438,0.6338486574450773,0.5752644426362896
warm_4N_raw_s11_f100_protection_lr0.003,warm,4N,raw,11,100,protection,lr0.003,adam,0.003,,300,0.44282931089401245,1.7019684314727783,0.02880859375,0.6172311305999756,a52be528865112f80ec62dda052abada457d9c68696ab3df54794a7f19edb714,4681b4702246b2ffc9294838a4ee790e881749ebd5daf4fb00f7be3d3199763e,666ae12ef366429f4eadc2b12af6b7742846ecfec22141a72d3accda1f153d86,a52be528865112f80ec62dda052abada457d9c68696ab3df54794a7f19edb714,c9db3d4162aeb7e2f651e4d829d4b2b3a798097e7c0fa2843106d53ff3048a14,4N_raw_s11_f0_lr0.001,131bc6c089dd2430e48222c4a3526f87d42ba726b673456db464f07d3741f8fc,2226cb57f55dc5723c6244d0f2299ae3a943e50964d35bda827489b4f53e6f71,6390,0,2048,10486,3145800,300,ae12d7d2443203214d1a1b6e6c0a259704d5a2a78dd3372c3eba05c56b325c96,3d41204b1e9c664522378aa87f6359809137464d8693f339bb080d14d9c77140,60df0a7db0688df4967c306e4e36304a0f68d000d96b9af922caff79c7ab1fa0,10dfdb81f8d4e94b6c79fe77873ee10c1c43c43b752debce9aaf7641d2402843,fd0b415d4995c8ff6b61d5f15fd84a08191887a08a37ecd0fc53bb9453bf23c6,2.6553621739149094,0.2807160292921074,0.6533767290480065,0.6167615947925142
warm_4N_raw_s11_f100_protection_lr0.01,warm,4N,raw,11,100,protection,lr0.01,adam,0.01,,300,0.4420827031135559,1.7019684314727783,0.02392578125,0.5624459981918335,a52be528865112f80ec62dda052abada457d9c68696ab3df54794a7f19edb714,4681b4702246b2ffc9294838a4ee790e881749ebd5daf4fb00f7be3d3199763e,a922ea43e25f4cfacbb67f575cc4f43903389cc4a9846e4ddc61d3ca0a48bf52,a52be528865112f80ec62dda052abada457d9c68696ab3df54794a7f19edb714,c9db3d4162aeb7e2f651e4d829d4b2b3a798097e7c0fa2843106d53ff3048a14,4N_raw_s11_f0_lr0.001,c65b280ac124d562ac71d540c11f6b662a74a17088f9b79291a0ade424bc0a80,2226cb57f55dc5723c6244d0f2299ae3a943e50964d35bda827489b4f53e6f71,6390,0,2048,10486,3145800,300,ae12d7d2443203214d1a1b6e6c0a259704d5a2a78dd3372c3eba05c56b325c96,3d41204b1e9c664522378aa87f6359809137464d8693f339bb080d14d9c77140,60df0a7db0688df4967c306e4e36304a0f68d000d96b9af922caff79c7ab1fa0,10dfdb81f8d4e94b6c79fe77873ee10c1c43c43b752debce9aaf7641d2402843,fd0b415d4995c8ff6b61d5f15fd84a08191887a08a37ecd0fc53bb9453bf23c6,2.5609294325113297,0.3002441008950366,0.6427990235964198,0.6403580146460537
warm_4N_raw_s11_f25_hard_replay_lr0.001,warm,4N,raw,11,25,hard_replay,lr0.001,adam,0.001,,300,0.5426598191261292,1.7019684314727783,0.0390625,0.645291805267334,a52be528865112f80ec62dda052abada457d9c68696ab3df54794a7f19edb714,4681b4702246b2ffc9294838a4ee790e881749ebd5daf4fb00f7be3d3199763e,da145951a5c135b5f2b6b6888e438d5780e26f453829175dd02ad5a847c6f77c,a52be528865112f80ec62dda052abada457d9c68696ab3df54794a7f19edb714,c9db3d4162aeb7e2f651e4d829d4b2b3a798097e7c0fa2843106d53ff3048a14,4N_raw_s11_f0_lr0.001,b1ab5d68e65f833ad4af691a2cb85e9c3c84e7fcad645581e98831af0cbfd9fe,35af10b4a4b738858787fd458dc2c7bc7095f28866b669f73bc36fcb35db790e,1597,0,2048,5693,1707900,300,ae12d7d2443203214d1a1b6e6c0a259704d5a2a78dd3372c3eba05c56b325c96,3d41204b1e9c664522378aa87f6359809137464d8693f339bb080d14d9c77140,60df0a7db0688df4967c306e4e36304a0f68d000d96b9af922caff79c7ab1fa0,10dfdb81f8d4e94b6c79fe77873ee10c1c43c43b752debce9aaf7641d2402843,fd0b415d4995c8ff6b61d5f15fd84a08191887a08a37ecd0fc53bb9453bf23c6,1.676451437175274,0.21724979658258747,0.644426362896664,0.5508543531326282
warm_4N_raw_s11_f25_hard_replay_lr0.003,warm,4N,raw,11,25,hard_replay,lr0.003,adam,0.003,,300,0.5588271617889404,1.7019684314727783,0.0283203125,0.4634939730167389,a52be528865112f80ec62dda052abada457d9c68696ab3df54794a7f19edb714,4681b4702246b2ffc9294838a4ee790e881749ebd5daf4fb00f7be3d3199763e,1e3881f8abf3b0920b6dcd375f36d01dbfdf1ac5c1f9123c45a17af737030727,a52be528865112f80ec62dda052abada457d9c68696ab3df54794a7f19edb714,c9db3d4162aeb7e2f651e4d829d4b2b3a798097e7c0fa2843106d53ff3048a14,4N_raw_s11_f0_lr0.001,325c14e65da9a936dcfcdb0c56398ea892316d6d7bbbefa3cdfbd72c3d0cd927,35af10b4a4b738858787fd458dc2c7bc7095f28866b669f73bc36fcb35db790e,1597,0,2048,5693,1707900,300,ae12d7d2443203214d1a1b6e6c0a259704d5a2a78dd3372c3eba05c56b325c96,3d41204b1e9c664522378aa87f6359809137464d8693f339bb080d14d9c77140,60df0a7db0688df4967c306e4e36304a0f68d000d96b9af922caff79c7ab1fa0,10dfdb81f8d4e94b6c79fe77873ee10c1c43c43b752debce9aaf7641d2402843,fd0b415d4995c8ff6b61d5f15fd84a08191887a08a37ecd0fc53bb9453bf23c6,1.6377995684742928,0.23921887713588283,0.6379170056956875,0.5842148087876322
warm_4N_raw_s11_f25_hard_replay_lr0.01,warm,4N,raw,11,25,hard_replay,lr0.01,adam,0.01,,300,0.5257111191749573,1.7019684314727783,0.01904296875,0.40890413522720337,a52be528865112f80ec62dda052abada457d9c68696ab3df54794a7f19edb714,4681b4702246b2ffc9294838a4ee790e881749ebd5daf4fb00f7be3d3199763e,07e3ef98d5619ea9ec72bcf714cff330fc3c4ebf0763409965fe9ceb42c25e32,a52be528865112f80ec62dda052abada457d9c68696ab3df54794a7f19edb714,c9db3d4162aeb7e2f651e4d829d4b2b3a798097e7c0fa2843106d53ff3048a14,4N_raw_s11_f0_lr0.001,8061be9ef3c17f04a88ef4443919c2bd3c59dc846f5861d9950ad477a2bfb34d,35af10b4a4b738858787fd458dc2c7bc7095f28866b669f73bc36fcb35db790e,1597,0,2048,5693,1707900,300,ae12d7d2443203214d1a1b6e6c0a259704d5a2a78dd3372c3eba05c56b325c96,3d41204b1e9c664522378aa87f6359809137464d8693f339bb080d14d9c77140,60df0a7db0688df4967c306e4e36304a0f68d000d96b9af922caff79c7ab1fa0,10dfdb81f8d4e94b6c79fe77873ee10c1c43c43b752debce9aaf7641d2402843,fd0b415d4995c8ff6b61d5f15fd84a08191887a08a37ecd0fc53bb9453bf23c6,1.647701933979988,0.2839707078925956,0.6484947111472742,0.6183889340927583
warm_4N_raw_s11_f25_plain_adam_lr0.0005_steps600,warm,4N,raw,11,25,plain,adam_lr0.0005_steps600,adam,0.0005,,600,0.46462002396583557,1.7019684314727783,0.0712890625,0.45522502064704895,a52be528865112f80ec62dda052abada457d9c68696ab3df54794a7f19edb714,4681b4702246b2ffc9294838a4ee790e881749ebd5daf4fb00f7be3d3199763e,caffba72ecabc64b2445de7070caa34ad7fad6ece9597558327282947f8fcce2,a52be528865112f80ec62dda052abada457d9c68696ab3df54794a7f19edb714,c9db3d4162aeb7e2f651e4d829d4b2b3a798097e7c0fa2843106d53ff3048a14,4N_raw_s11_f0_lr0.001,b7d445b5b4d6f0c37f1215c54b5c9c1479a0085afce2f0a7a63b0096b84b2c52,35af10b4a4b738858787fd458dc2c7bc7095f28866b669f73bc36fcb35db790e,1597,0,2048,5693,3415800,600,ae12d7d2443203214d1a1b6e6c0a259704d5a2a78dd3372c3eba05c56b325c96,3d41204b1e9c664522378aa87f6359809137464d8693f339bb080d14d9c77140,60df0a7db0688df4967c306e4e36304a0f68d000d96b9af922caff79c7ab1fa0,10dfdb81f8d4e94b6c79fe77873ee10c1c43c43b752debce9aaf7641d2402843,fd0b415d4995c8ff6b61d5f15fd84a08191887a08a37ecd0fc53bb9453bf23c6,2.7188252061605453,0.22538649308380798,0.629780309194467,0.580960130187144
warm_4N_raw_s11_f25_plain_lr0.001,warm,4N,raw,11,25,plain,lr0.001,adam,0.001,,300,0.4864078462123871,1.7019684314727783,0.07666015625,0.5253563523292542,a52be528865112f80ec62dda052abada457d9c68696ab3df54794a7f19edb714,4681b4702246b2ffc9294838a4ee790e881749ebd5daf4fb00f7be3d3199763e,e4e26ee731f9dd9de8b7f062e59bd5f3009911a8bd85311fff1b3f29dd05859c,a52be528865112f80ec62dda052abada457d9c68696ab3df54794a7f19edb714,c9db3d4162aeb7e2f651e4d829d4b2b3a798097e7c0fa2843106d53ff3048a14,4N_raw_s11_f0_lr0.001,fabd25f556d1445be30303e80f895c33e6dae097be2f5bce313bded01e146023,35af10b4a4b738858787fd458dc2c7bc7095f28866b669f73bc36fcb35db790e,1597,0,2048,5693,1707900,300,ae12d7d2443203214d1a1b6e6c0a259704d5a2a78dd3372c3eba05c56b325c96,3d41204b1e9c664522378aa87f6359809137464d8693f339bb080d14d9c77140,60df0a7db0688df4967c306e4e36304a0f68d000d96b9af922caff79c7ab1fa0,10dfdb81f8d4e94b6c79fe77873ee10c1c43c43b752debce9aaf7641d2402843,fd0b415d4995c8ff6b61d5f15fd84a08191887a08a37ecd0fc53bb9453bf23c6,1.3551723137497902,0.22945484133441824,0.6338486574450773,0.580146460537022
warm_4N_raw_s11_f25_plain_lr0.003,warm,4N,raw,11,25,plain,lr0.003,adam,0.003,,300,0.5112247467041016,1.7019684314727783,0.05810546875,0.3527005910873413,a52be528865112f80ec62dda052abada457d9c68696ab3df54794a7f19edb714,4681b4702246b2ffc9294838a4ee790e881749ebd5daf4fb00f7be3d3199763e,51327ef3e2627a58b2b9358ed0386a9f1e0e47e7a80582f793e8ce81ede66b94,a52be528865112f80ec62dda052abada457d9c68696ab3df54794a7f19edb714,c9db3d4162aeb7e2f651e4d829d4b2b3a798097e7c0fa2843106d53ff3048a14,4N_raw_s11_f0_lr0.001,b8d860446c8e126a22faf1771387bde023ef565b0ac8e831cf6d1b03d5cc9ce2,35af10b4a4b738858787fd458dc2c7bc7095f28866b669f73bc36fcb35db790e,1597,0,2048,5693,1707900,300,ae12d7d2443203214d1a1b6e6c0a259704d5a2a78dd3372c3eba05c56b325c96,3d41204b1e9c664522378aa87f6359809137464d8693f339bb080d14d9c77140,60df0a7db0688df4967c306e4e36304a0f68d000d96b9af922caff79c7ab1fa0,10dfdb81f8d4e94b6c79fe77873ee10c1c43c43b752debce9aaf7641d2402843,fd0b415d4995c8ff6b61d5f15fd84a08191887a08a37ecd0fc53bb9453bf23c6,1.346472129225731,0.22864117168429618,0.6069975589910497,0.6037428803905615
warm_4N_raw_s11_f25_plain_lr0.01,warm,4N,raw,11,25,plain,lr0.01,adam,0.01,,300,0.4686548113822937,1.7019684314727783,0.04736328125,0.2888922393321991,a52be528865112f80ec62dda052abada457d9c68696ab3df54794a7f19edb714,4681b4702246b2ffc9294838a4ee790e881749ebd5daf4fb00f7be3d3199763e,13dbdbf7b14c74dea2923f6349f5ecfb96c5261182e8f20d380fb966782d69a8,a52be528865112f80ec62dda052abada457d9c68696ab3df54794a7f19edb714,c9db3d4162aeb7e2f651e4d829d4b2b3a798097e7c0fa2843106d53ff3048a14,4N_raw_s11_f0_lr0.001,990cd4887367093373a1668f27abfe76ac1122b82d87a130695ea10d534f2506,35af10b4a4b738858787fd458dc2c7bc7095f28866b669f73bc36fcb35db790e,1597,0,2048,5693,1707900,300,ae12d7d2443203214d1a1b6e6c0a259704d5a2a78dd3372c3eba05c56b325c96,3d41204b1e9c664522378aa87f6359809137464d8693f339bb080d14d9c77140,60df0a7db0688df4967c306e4e36304a0f68d000d96b9af922caff79c7ab1fa0,10dfdb81f8d4e94b6c79fe77873ee10c1c43c43b752debce9aaf7641d2402843,fd0b415d4995c8ff6b61d5f15fd84a08191887a08a37ecd0fc53bb9453bf23c6,1.4325855150818825,0.28966639544344996,0.628966639544345,0.6427990235964198
warm_4N_raw_s11_f25_plain_sgd_m09_lr0.003,warm,4N,raw,11,25,plain,sgd_m09_lr0.003,sgd,0.003,0.9,300,0.542635977268219,1.7019684314727783,0.0869140625,0.5122687816619873,a52be528865112f80ec62dda052abada457d9c68696ab3df54794a7f19edb714,4681b4702246b2ffc9294838a4ee790e881749ebd5daf4fb00f7be3d3199763e,873fc30a9b42c1199c23bbbd120ff619ae5d7bd361225df414e90bdd45013d74,a52be528865112f80ec62dda052abada457d9c68696ab3df54794a7f19edb714,c9db3d4162aeb7e2f651e4d829d4b2b3a798097e7c0fa2843106d53ff3048a14,4N_raw_s11_f0_lr0.001,995bdfb6f6fabb4d64875c14e7383df655f10fb35fa6a9999686c09176a9b999,35af10b4a4b738858787fd458dc2c7bc7095f28866b669f73bc36fcb35db790e,1597,0,2048,5693,1707900,300,ae12d7d2443203214d1a1b6e6c0a259704d5a2a78dd3372c3eba05c56b325c96,3d41204b1e9c664522378aa87f6359809137464d8693f339bb080d14d9c77140,60df0a7db0688df4967c306e4e36304a0f68d000d96b9af922caff79c7ab1fa0,10dfdb81f8d4e94b6c79fe77873ee10c1c43c43b752debce9aaf7641d2402843,fd0b415d4995c8ff6b61d5f15fd84a08191887a08a37ecd0fc53bb9453bf23c6,1.2154233381152153,0.23108218063466232,0.6403580146460537,0.580146460537022
warm_4N_raw_s11_f25_plain_sgd_m09_lr0.01,warm,4N,raw,11,25,plain,sgd_m09_lr0.01,sgd,0.01,0.9,300,0.5578516125679016,1.7019684314727783,0.0546875,0.30654650926589966,a52be528865112f80ec62dda052abada457d9c68696ab3df54794a7f19edb714,4681b4702246b2ffc9294838a4ee790e881749ebd5daf4fb00f7be3d3199763e,74194f068a5fd38c4550ee3faba8d8ca8ced5ae9f5ba10f90f1d29b1599a11eb,a52be528865112f80ec62dda052abada457d9c68696ab3df54794a7f19edb714,c9db3d4162aeb7e2f651e4d829d4b2b3a798097e7c0fa2843106d53ff3048a14,4N_raw_s11_f0_lr0.001,889a8394492a6a288bfb0f501e2e5c2570970f2781943d73dd159cee7349b1e3,35af10b4a4b738858787fd458dc2c7bc7095f28866b669f73bc36fcb35db790e,1597,0,2048,5693,1707900,300,ae12d7d2443203214d1a1b6e6c0a259704d5a2a78dd3372c3eba05c56b325c96,3d41204b1e9c664522378aa87f6359809137464d8693f339bb080d14d9c77140,60df0a7db0688df4967c306e4e36304a0f68d000d96b9af922caff79c7ab1fa0,10dfdb81f8d4e94b6c79fe77873ee10c1c43c43b752debce9aaf7641d2402843,fd0b415d4995c8ff6b61d5f15fd84a08191887a08a37ecd0fc53bb9453bf23c6,1.2405506372451782,0.25874694873881204,0.6533767290480065,0.5988608624898292
warm_4N_raw_s11_f25_preserve_flip_balanced_lr0.001,warm,4N,raw,11,25,preserve_flip_balanced,lr0.001,adam,0.001,,300,0.8175809383392334,1.7019684314727783,0.025390625,0.3275034725666046,a52be528865112f80ec62dda052abada457d9c68696ab3df54794a7f19edb714,4681b4702246b2ffc9294838a4ee790e881749ebd5daf4fb00f7be3d3199763e,828efbfd6a0bc8a8ff4303c28c8e740a7ef01af7aa1dcea786bdd0ab68e6ae45,a52be528865112f80ec62dda052abada457d9c68696ab3df54794a7f19edb714,c9db3d4162aeb7e2f651e4d829d4b2b3a798097e7c0fa2843106d53ff3048a14,4N_raw_s11_f0_lr0.001,05ff72de5ac94840d3f5fb31523c78ba290054c8b2e58cf94cb93ed6c640e18a,35652752e7eaf72ac7359f6ab709f8fc989925baa8523691b56ef2dfd0cf6b2b,798,799,2048,5693,1707900,300,ae12d7d2443203214d1a1b6e6c0a259704d5a2a78dd3372c3eba05c56b325c96,3d41204b1e9c664522378aa87f6359809137464d8693f339bb080d14d9c77140,60df0a7db0688df4967c306e4e36304a0f68d000d96b9af922caff79c7ab1fa0,10dfdb81f8d4e94b6c79fe77873ee10c1c43c43b752debce9aaf7641d2402843,fd0b415d4995c8ff6b61d5f15fd84a08191887a08a37ecd0fc53bb9453bf23c6,1.6466908156871796,0.20260374288039057,0.6533767290480065,0.5280716029292107
warm_4N_raw_s11_f25_preserve_flip_balanced_lr0.003,warm,4N,raw,11,25,preserve_flip_balanced,lr0.003,adam,0.003,,300,0.8903124928474426,1.7019684314727783,0.02099609375,0.27077141404151917,a52be528865112f80ec62dda052abada457d9c68696ab3df54794a7f19edb714,4681b4702246b2ffc9294838a4ee790e881749ebd5daf4fb00f7be3d3199763e,c8aa36cd3a8c7cc83fb9d6cfefee1d0a0ddab421f2e2996b0d908cef9518e987,a52be528865112f80ec62dda052abada457d9c68696ab3df54794a7f19edb714,c9db3d4162aeb7e2f651e4d829d4b2b3a798097e7c0fa2843106d53ff3048a14,4N_raw_s11_f0_lr0.001,030a595a2c6e8b6c0dc4efbc1129e52f58a16fa75b149bbf0d5cb3e1690c9196,35652752e7eaf72ac7359f6ab709f8fc989925baa8523691b56ef2dfd0cf6b2b,798,799,2048,5693,1707900,300,ae12d7d2443203214d1a1b6e6c0a259704d5a2a78dd3372c3eba05c56b325c96,3d41204b1e9c664522378aa87f6359809137464d8693f339bb080d14d9c77140,60df0a7db0688df4967c306e4e36304a0f68d000d96b9af922caff79c7ab1fa0,10dfdb81f8d4e94b6c79fe77873ee10c1c43c43b752debce9aaf7641d2402843,fd0b415d4995c8ff6b61d5f15fd84a08191887a08a37ecd0fc53bb9453bf23c6,1.659750573337078,0.20097640358014646,0.646053702196908,0.5394629780309195
warm_4N_raw_s11_f25_preserve_flip_balanced_lr0.01,warm,4N,raw,11,25,preserve_flip_balanced,lr0.01,adam,0.01,,300,0.7387700080871582,1.7019684314727783,0.017578125,0.2438790202140808,a52be528865112f80ec62dda052abada457d9c68696ab3df54794a7f19edb714,4681b4702246b2ffc9294838a4ee790e881749ebd5daf4fb00f7be3d3199763e,47eb64f2aa7e06604665d3529eff7aac15fca648663efa79139049ed0a83c935,a52be528865112f80ec62dda052abada457d9c68696ab3df54794a7f19edb714,c9db3d4162aeb7e2f651e4d829d4b2b3a798097e7c0fa2843106d53ff3048a14,4N_raw_s11_f0_lr0.001,2c3a1695597702bda4ab2fee52ac2cd870ba0da55f525ac0999e564530309b30,35652752e7eaf72ac7359f6ab709f8fc989925baa8523691b56ef2dfd0cf6b2b,798,799,2048,5693,1707900,300,ae12d7d2443203214d1a1b6e6c0a259704d5a2a78dd3372c3eba05c56b325c96,3d41204b1e9c664522378aa87f6359809137464d8693f339bb080d14d9c77140,60df0a7db0688df4967c306e4e36304a0f68d000d96b9af922caff79c7ab1fa0,10dfdb81f8d4e94b6c79fe77873ee10c1c43c43b752debce9aaf7641d2402843,fd0b415d4995c8ff6b61d5f15fd84a08191887a08a37ecd0fc53bb9453bf23c6,1.6588904112577438,0.22375915378356387,0.6826688364524003,0.5256305939788446
warm_4N_raw_s11_f25_protection_lr0.001,warm,4N,raw,11,25,protection,lr0.001,adam,0.001,,300,0.5350990295410156,1.7019684314727783,0.0419921875,0.6770644187927246,a52be528865112f80ec62dda052abada457d9c68696ab3df54794a7f19edb714,4681b4702246b2ffc9294838a4ee790e881749ebd5daf4fb00f7be3d3199763e,50c68549e727418ee7be70b087565f5fbd8fd1b14b10f88246167b15e020a070,a52be528865112f80ec62dda052abada457d9c68696ab3df54794a7f19edb714,c9db3d4162aeb7e2f651e4d829d4b2b3a798097e7c0fa2843106d53ff3048a14,4N_raw_s11_f0_lr0.001,440a41a9dd970841790ee9a7bd469feb8c6ec97c76bb80e7c8cb4aa2051cb223,35af10b4a4b738858787fd458dc2c7bc7095f28866b669f73bc36fcb35db790e,1597,0,2048,5693,1707900,300,ae12d7d2443203214d1a1b6e6c0a259704d5a2a78dd3372c3eba05c56b325c96,3d41204b1e9c664522378aa87f6359809137464d8693f339bb080d14d9c77140,60df0a7db0688df4967c306e4e36304a0f68d000d96b9af922caff79c7ab1fa0,10dfdb81f8d4e94b6c79fe77873ee10c1c43c43b752debce9aaf7641d2402843,fd0b415d4995c8ff6b61d5f15fd84a08191887a08a37ecd0fc53bb9453bf23c6,1.7111721560359001,0.21399511798209928,0.6338486574450773,0.5589910496338486
warm_4N_raw_s11_f25_protection_lr0.003,warm,4N,raw,11,25,protection,lr0.003,adam,0.003,,300,0.5583804249763489,1.7019684314727783,0.03076171875,0.5165098309516907,a52be528865112f80ec62dda052abada457d9c68696ab3df54794a7f19edb714,4681b4702246b2ffc9294838a4ee790e881749ebd5daf4fb00f7be3d3199763e,d0bd316d91dfb63e4b8d6ee5400c397be7dd4da6b58bd36739b5ce3224c247a1,a52be528865112f80ec62dda052abada457d9c68696ab3df54794a7f19edb714,c9db3d4162aeb7e2f651e4d829d4b2b3a798097e7c0fa2843106d53ff3048a14,4N_raw_s11_f0_lr0.001,0236c1d51da3ddc0f84c27b44233d2c348384d49fb05cc11e81f3aa0434812e4,35af10b4a4b738858787fd458dc2c7bc7095f28866b669f73bc36fcb35db790e,1597,0,2048,5693,1707900,300,ae12d7d2443203214d1a1b6e6c0a259704d5a2a78dd3372c3eba05c56b325c96,3d41204b1e9c664522378aa87f6359809137464d8693f339bb080d14d9c77140,60df0a7db0688df4967c306e4e36304a0f68d000d96b9af922caff79c7ab1fa0,10dfdb81f8d4e94b6c79fe77873ee10c1c43c43b752debce9aaf7641d2402843,fd0b415d4995c8ff6b61d5f15fd84a08191887a08a37ecd0fc53bb9453bf23c6,1.7253843396902084,0.22050447518307567,0.6216436126932465,0.5834011391375101
warm_4N_raw_s11_f25_protection_lr0.01,warm,4N,raw,11,25,protection,lr0.01,adam,0.01,,300,0.524490475654602,1.7019684314727783,0.02685546875,0.4704079031944275,a52be528865112f80ec62dda052abada457d9c68696ab3df54794a7f19edb714,4681b4702246b2ffc9294838a4ee790e881749ebd5daf4fb00f7be3d3199763e,7a6bdfb701b90841c51d5619f6d385e72cf850abaa122a067edc42694ea4cd22,a52be528865112f80ec62dda052abada457d9c68696ab3df54794a7f19edb714,c9db3d4162aeb7e2f651e4d829d4b2b3a798097e7c0fa2843106d53ff3048a14,4N_raw_s11_f0_lr0.001,2d22682d9b79d5fd24840fcefa8f87c7e66cd24b34de756b47ae43d1aa7ab59b,35af10b4a4b738858787fd458dc2c7bc7095f28866b669f73bc36fcb35db790e,1597,0,2048,5693,1707900,300,ae12d7d2443203214d1a1b6e6c0a259704d5a2a78dd3372c3eba05c56b325c96,3d41204b1e9c664522378aa87f6359809137464d8693f339bb080d14d9c77140,60df0a7db0688df4967c306e4e36304a0f68d000d96b9af922caff79c7ab1fa0,10dfdb81f8d4e94b6c79fe77873ee10c1c43c43b752debce9aaf7641d2402843,fd0b415d4995c8ff6b61d5f15fd84a08191887a08a37ecd0fc53bb9453bf23c6,1.5786402449011803,0.29454841334418225,0.660699755899105,0.6159479251423922
warm_4N_raw_s23_f0_hard_replay_lr0.001,warm,4N,raw,23,0,hard_replay,lr0.001,adam,0.001,,300,2.465785503387451,1.5096216201782227,0.0,0.0044022477231919765,fe1def639f5e87fbd4cc639a657040eb306dfeeab66d30df056dc673a7bce5f4,b106fae78d52a6f1032ba1106db64827f209164e9deef4269171e8d0784a3874,d08431d1d935b16df25087bde0bb2e31e7086ceb97324311d1cf83c45d11f887,fe1def639f5e87fbd4cc639a657040eb306dfeeab66d30df056dc673a7bce5f4,5e412baaa73374261020dfb422a151c8ef7b25c6c11345f42fdb872ff35d53a6,4N_raw_s23_f0_lr0.001,e4d1a8564d1523b89350ffd27f0dc7e592a3736100c713fc21d86ea460aa0575,c8747aafc1874a20c8cda11d89338eee2b846cf60984c69895c4aeb2287c3c0b,0,0,2047,4095,1228500,300,ae12d7d2443203214d1a1b6e6c0a259704d5a2a78dd3372c3eba05c56b325c96,3d41204b1e9c664522378aa87f6359809137464d8693f339bb080d14d9c77140,60df0a7db0688df4967c306e4e36304a0f68d000d96b9af922caff79c7ab1fa0,10dfdb81f8d4e94b6c79fe77873ee10c1c43c43b752debce9aaf7641d2402843,fd0b415d4995c8ff6b61d5f15fd84a08191887a08a37ecd0fc53bb9453bf23c6,1.163337916135788,0.12937347436940602,0.6484947111472742,0.47030105777054515
warm_4N_raw_s23_f0_hard_replay_lr0.003,warm,4N,raw,23,0,hard_replay,lr0.003,adam,0.003,,300,2.6663126945495605,1.5096216201782227,0.0,0.003396375337615609,fe1def639f5e87fbd4cc639a657040eb306dfeeab66d30df056dc673a7bce5f4,b106fae78d52a6f1032ba1106db64827f209164e9deef4269171e8d0784a3874,941e72e15225034e33df4f470fbbad9f1b3075446798b4e99f888d498228cd3c,fe1def639f5e87fbd4cc639a657040eb306dfeeab66d30df056dc673a7bce5f4,5e412baaa73374261020dfb422a151c8ef7b25c6c11345f42fdb872ff35d53a6,4N_raw_s23_f0_lr0.001,b596919989fe9155559f20d9acbf7927a98d5b8c3e10064105a1308821ce9d13,c8747aafc1874a20c8cda11d89338eee2b846cf60984c69895c4aeb2287c3c0b,0,0,2047,4095,1228500,300,ae12d7d2443203214d1a1b6e6c0a259704d5a2a78dd3372c3eba05c56b325c96,3d41204b1e9c664522378aa87f6359809137464d8693f339bb080d14d9c77140,60df0a7db0688df4967c306e4e36304a0f68d000d96b9af922caff79c7ab1fa0,10dfdb81f8d4e94b6c79fe77873ee10c1c43c43b752debce9aaf7641d2402843,fd0b415d4995c8ff6b61d5f15fd84a08191887a08a37ecd0fc53bb9453bf23c6,1.447217345237732,0.12693246541903988,0.646053702196908,0.4662327095199349
warm_4N_raw_s23_f0_hard_replay_lr0.01,warm,4N,raw,23,0,hard_replay,lr0.01,adam,0.01,,300,2.166431427001953,1.5096216201782227,0.0,0.006590677425265312,fe1def639f5e87fbd4cc639a657040eb306dfeeab66d30df056dc673a7bce5f4,b106fae78d52a6f1032ba1106db64827f209164e9deef4269171e8d0784a3874,95c136c4d450688a77c4975d19c22573b77a27b94c4e65854b1add996cf1c55a,fe1def639f5e87fbd4cc639a657040eb306dfeeab66d30df056dc673a7bce5f4,5e412baaa73374261020dfb422a151c8ef7b25c6c11345f42fdb872ff35d53a6,4N_raw_s23_f0_lr0.001,58f887b387be25da2c6d251eaf50e75c289128e71e6f36bf75e00df070152cdf,c8747aafc1874a20c8cda11d89338eee2b846cf60984c69895c4aeb2287c3c0b,0,0,2047,4095,1228500,300,ae12d7d2443203214d1a1b6e6c0a259704d5a2a78dd3372c3eba05c56b325c96,3d41204b1e9c664522378aa87f6359809137464d8693f339bb080d14d9c77140,60df0a7db0688df4967c306e4e36304a0f68d000d96b9af922caff79c7ab1fa0,10dfdb81f8d4e94b6c79fe77873ee10c1c43c43b752debce9aaf7641d2402843,fd0b415d4995c8ff6b61d5f15fd84a08191887a08a37ecd0fc53bb9453bf23c6,1.3250741511583328,0.14239218877135884,0.6501220504475184,0.48006509357200977
warm_4N_raw_s23_f0_plain_adam_lr0.0005_steps600,warm,4N,raw,23,0,plain,adam_lr0.0005_steps600,adam,0.0005,,600,2.7020084857940674,1.5096216201782227,0.0,0.0008194385445676744,fe1def639f5e87fbd4cc639a657040eb306dfeeab66d30df056dc673a7bce5f4,b106fae78d52a6f1032ba1106db64827f209164e9deef4269171e8d0784a3874,0220ef81f4ec8d2f55fffc64a4048a011b2dcb88365af5208b925093de933d0e,fe1def639f5e87fbd4cc639a657040eb306dfeeab66d30df056dc673a7bce5f4,5e412baaa73374261020dfb422a151c8ef7b25c6c11345f42fdb872ff35d53a6,4N_raw_s23_f0_lr0.001,8221f7ca7dffd08f13512fd8a9031adf66eb1184d1e548e339f68e1fa15ee838,c8747aafc1874a20c8cda11d89338eee2b846cf60984c69895c4aeb2287c3c0b,0,0,2047,4095,2457000,600,ae12d7d2443203214d1a1b6e6c0a259704d5a2a78dd3372c3eba05c56b325c96,3d41204b1e9c664522378aa87f6359809137464d8693f339bb080d14d9c77140,60df0a7db0688df4967c306e4e36304a0f68d000d96b9af922caff79c7ab1fa0,10dfdb81f8d4e94b6c79fe77873ee10c1c43c43b752debce9aaf7641d2402843,fd0b415d4995c8ff6b61d5f15fd84a08191887a08a37ecd0fc53bb9453bf23c6,2.1999534219503403,0.12855980471928397,0.6468673718470301,0.46867371847030104
warm_4N_raw_s23_f0_plain_lr0.001,warm,4N,raw,23,0,plain,lr0.001,adam,0.001,,300,2.4965603351593018,1.5096216201782227,0.0,0.001940289163030684,fe1def639f5e87fbd4cc639a657040eb306dfeeab66d30df056dc673a7bce5f4,b106fae78d52a6f1032ba1106db64827f209164e9deef4269171e8d0784a3874,2bfbb3114be799dc9d2ab5703c372c495648b8678e180bdc3fb4433ac77de242,fe1def639f5e87fbd4cc639a657040eb306dfeeab66d30df056dc673a7bce5f4,5e412baaa73374261020dfb422a151c8ef7b25c6c11345f42fdb872ff35d53a6,4N_raw_s23_f0_lr0.001,bbf6e56a761f3a839d42bae85c29d080d6fe9218fd33bd3f0c75ebe888482b94,c8747aafc1874a20c8cda11d89338eee2b846cf60984c69895c4aeb2287c3c0b,0,0,2047,4095,1228500,300,ae12d7d2443203214d1a1b6e6c0a259704d5a2a78dd3372c3eba05c56b325c96,3d41204b1e9c664522378aa87f6359809137464d8693f339bb080d14d9c77140,60df0a7db0688df4967c306e4e36304a0f68d000d96b9af922caff79c7ab1fa0,10dfdb81f8d4e94b6c79fe77873ee10c1c43c43b752debce9aaf7641d2402843,fd0b415d4995c8ff6b61d5f15fd84a08191887a08a37ecd0fc53bb9453bf23c6,1.2894285842776299,0.12855980471928397,0.646053702196908,0.4694873881204231
warm_4N_raw_s23_f0_plain_lr0.003,warm,4N,raw,23,0,plain,lr0.003,adam,0.003,,300,2.7407126426696777,1.5096216201782227,0.0,0.0013830754905939102,fe1def639f5e87fbd4cc639a657040eb306dfeeab66d30df056dc673a7bce5f4,b106fae78d52a6f1032ba1106db64827f209164e9deef4269171e8d0784a3874,a6809c2984d370ee768cabcd6f33398eac3abeeafa45c8c66e90fd71b20bffb1,fe1def639f5e87fbd4cc639a657040eb306dfeeab66d30df056dc673a7bce5f4,5e412baaa73374261020dfb422a151c8ef7b25c6c11345f42fdb872ff35d53a6,4N_raw_s23_f0_lr0.001,c7bb3f86acc6c9c690bd14625e045e856c9a06c9f06c962b637932d9057117f7,c8747aafc1874a20c8cda11d89338eee2b846cf60984c69895c4aeb2287c3c0b,0,0,2047,4095,1228500,300,ae12d7d2443203214d1a1b6e6c0a259704d5a2a78dd3372c3eba05c56b325c96,3d41204b1e9c664522378aa87f6359809137464d8693f339bb080d14d9c77140,60df0a7db0688df4967c306e4e36304a0f68d000d96b9af922caff79c7ab1fa0,10dfdb81f8d4e94b6c79fe77873ee10c1c43c43b752debce9aaf7641d2402843,fd0b415d4995c8ff6b61d5f15fd84a08191887a08a37ecd0fc53bb9453bf23c6,1.3272780999541283,0.12449145646867373,0.6411716842961758,0.46867371847030104
warm_4N_raw_s23_f0_plain_lr0.01,warm,4N,raw,23,0,plain,lr0.01,adam,0.01,,300,2.382889747619629,1.5096216201782227,0.0,0.0017441303934901953,fe1def639f5e87fbd4cc639a657040eb306dfeeab66d30df056dc673a7bce5f4,b106fae78d52a6f1032ba1106db64827f209164e9deef4269171e8d0784a3874,83e5dd01bc435ac7e142dfdd2d0113dc7d22eb159f9ab1eea696c5013044b03e,fe1def639f5e87fbd4cc639a657040eb306dfeeab66d30df056dc673a7bce5f4,5e412baaa73374261020dfb422a151c8ef7b25c6c11345f42fdb872ff35d53a6,4N_raw_s23_f0_lr0.001,51d15d96d1f6effa744c7389aeec9633aa12b751df14edf828ea8265a851063c,c8747aafc1874a20c8cda11d89338eee2b846cf60984c69895c4aeb2287c3c0b,0,0,2047,4095,1228500,300,ae12d7d2443203214d1a1b6e6c0a259704d5a2a78dd3372c3eba05c56b325c96,3d41204b1e9c664522378aa87f6359809137464d8693f339bb080d14d9c77140,60df0a7db0688df4967c306e4e36304a0f68d000d96b9af922caff79c7ab1fa0,10dfdb81f8d4e94b6c79fe77873ee10c1c43c43b752debce9aaf7641d2402843,fd0b415d4995c8ff6b61d5f15fd84a08191887a08a37ecd0fc53bb9453bf23c6,1.2873539850115776,0.13669650122050447,0.6484947111472742,0.4735557363710334
warm_4N_raw_s23_f0_plain_sgd_m09_lr0.003,warm,4N,raw,23,0,plain,sgd_m09_lr0.003,sgd,0.003,0.9,300,1.671496868133545,1.5096216201782227,0.0,0.01445788610726595,fe1def639f5e87fbd4cc639a657040eb306dfeeab66d30df056dc673a7bce5f4,b106fae78d52a6f1032ba1106db64827f209164e9deef4269171e8d0784a3874,58582540318e99cbdcb2a2815497a68a969bbda7d1c525550bc2819d73987ed0,fe1def639f5e87fbd4cc639a657040eb306dfeeab66d30df056dc673a7bce5f4,5e412baaa73374261020dfb422a151c8ef7b25c6c11345f42fdb872ff35d53a6,4N_raw_s23_f0_lr0.001,c8a1915808fdf684edbd446550b1db1d7c9b8453d5a4c58cd34e6aba1a66f83f,c8747aafc1874a20c8cda11d89338eee2b846cf60984c69895c4aeb2287c3c0b,0,0,2047,4095,1228500,300,ae12d7d2443203214d1a1b6e6c0a259704d5a2a78dd3372c3eba05c56b325c96,3d41204b1e9c664522378aa87f6359809137464d8693f339bb080d14d9c77140,60df0a7db0688df4967c306e4e36304a0f68d000d96b9af922caff79c7ab1fa0,10dfdb81f8d4e94b6c79fe77873ee10c1c43c43b752debce9aaf7641d2402843,fd0b415d4995c8ff6b61d5f15fd84a08191887a08a37ecd0fc53bb9453bf23c6,0.9049871563911438,0.12449145646867373,0.6427990235964198,0.4662327095199349
warm_4N_raw_s23_f0_plain_sgd_m09_lr0.01,warm,4N,raw,23,0,plain,sgd_m09_lr0.01,sgd,0.01,0.9,300,1.9241732358932495,1.5096216201782227,0.0,0.008267327211797237,fe1def639f5e87fbd4cc639a657040eb306dfeeab66d30df056dc673a7bce5f4,b106fae78d52a6f1032ba1106db64827f209164e9deef4269171e8d0784a3874,2e558b4221c166dba08819ec18494d60b5bb1254348b91b606621f4b2acde00d,fe1def639f5e87fbd4cc639a657040eb306dfeeab66d30df056dc673a7bce5f4,5e412baaa73374261020dfb422a151c8ef7b25c6c11345f42fdb872ff35d53a6,4N_raw_s23_f0_lr0.001,4a50da742fa4857e214a99714764f2f96870988bb1f9362ef80e0322240615fc,c8747aafc1874a20c8cda11d89338eee2b846cf60984c69895c4aeb2287c3c0b,0,0,2047,4095,1228500,300,ae12d7d2443203214d1a1b6e6c0a259704d5a2a78dd3372c3eba05c56b325c96,3d41204b1e9c664522378aa87f6359809137464d8693f339bb080d14d9c77140,60df0a7db0688df4967c306e4e36304a0f68d000d96b9af922caff79c7ab1fa0,10dfdb81f8d4e94b6c79fe77873ee10c1c43c43b752debce9aaf7641d2402843,fd0b415d4995c8ff6b61d5f15fd84a08191887a08a37ecd0fc53bb9453bf23c6,0.9045631885528564,0.1277461350691619,0.646053702196908,0.4694873881204231
warm_4N_raw_s23_f0_preserve_flip_balanced_lr0.001,warm,4N,raw,23,0,preserve_flip_balanced,lr0.001,adam,0.001,,300,2.4965603351593018,1.5096216201782227,0.0,0.001940289163030684,fe1def639f5e87fbd4cc639a657040eb306dfeeab66d30df056dc673a7bce5f4,b106fae78d52a6f1032ba1106db64827f209164e9deef4269171e8d0784a3874,2bfbb3114be799dc9d2ab5703c372c495648b8678e180bdc3fb4433ac77de242,fe1def639f5e87fbd4cc639a657040eb306dfeeab66d30df056dc673a7bce5f4,5e412baaa73374261020dfb422a151c8ef7b25c6c11345f42fdb872ff35d53a6,4N_raw_s23_f0_lr0.001,c40fd4da607ef3e0fb218fe596da4b0d383fc8c25e31d799a4a013f0a7652051,c8747aafc1874a20c8cda11d89338eee2b846cf60984c69895c4aeb2287c3c0b,0,0,2047,4095,1228500,300,ae12d7d2443203214d1a1b6e6c0a259704d5a2a78dd3372c3eba05c56b325c96,3d41204b1e9c664522378aa87f6359809137464d8693f339bb080d14d9c77140,60df0a7db0688df4967c306e4e36304a0f68d000d96b9af922caff79c7ab1fa0,10dfdb81f8d4e94b6c79fe77873ee10c1c43c43b752debce9aaf7641d2402843,fd0b415d4995c8ff6b61d5f15fd84a08191887a08a37ecd0fc53bb9453bf23c6,1.0537974312901497,0.12855980471928397,0.646053702196908,0.4694873881204231
warm_4N_raw_s23_f0_preserve_flip_balanced_lr0.003,warm,4N,raw,23,0,preserve_flip_balanced,lr0.003,adam,0.003,,300,2.7407126426696777,1.5096216201782227,0.0,0.0013830754905939102,fe1def639f5e87fbd4cc639a657040eb306dfeeab66d30df056dc673a7bce5f4,b106fae78d52a6f1032ba1106db64827f209164e9deef4269171e8d0784a3874,a6809c2984d370ee768cabcd6f33398eac3abeeafa45c8c66e90fd71b20bffb1,fe1def639f5e87fbd4cc639a657040eb306dfeeab66d30df056dc673a7bce5f4,5e412baaa73374261020dfb422a151c8ef7b25c6c11345f42fdb872ff35d53a6,4N_raw_s23_f0_lr0.001,e6c732469036ae64a034273e4fd5655cd9cfb553dc26aa4d25930c2c08e4a731,c8747aafc1874a20c8cda11d89338eee2b846cf60984c69895c4aeb2287c3c0b,0,0,2047,4095,1228500,300,ae12d7d2443203214d1a1b6e6c0a259704d5a2a78dd3372c3eba05c56b325c96,3d41204b1e9c664522378aa87f6359809137464d8693f339bb080d14d9c77140,60df0a7db0688df4967c306e4e36304a0f68d000d96b9af922caff79c7ab1fa0,10dfdb81f8d4e94b6c79fe77873ee10c1c43c43b752debce9aaf7641d2402843,fd0b415d4995c8ff6b61d5f15fd84a08191887a08a37ecd0fc53bb9453bf23c6,1.104140229523182,0.12449145646867373,0.6411716842961758,0.46867371847030104
warm_4N_raw_s23_f0_preserve_flip_balanced_lr0.01,warm,4N,raw,23,0,preserve_flip_balanced,lr0.01,adam,0.01,,300,2.382889747619629,1.5096216201782227,0.0,0.0017441303934901953,fe1def639f5e87fbd4cc639a657040eb306dfeeab66d30df056dc673a7bce5f4,b106fae78d52a6f1032ba1106db64827f209164e9deef4269171e8d0784a3874,83e5dd01bc435ac7e142dfdd2d0113dc7d22eb159f9ab1eea696c5013044b03e,fe1def639f5e87fbd4cc639a657040eb306dfeeab66d30df056dc673a7bce5f4,5e412baaa73374261020dfb422a151c8ef7b25c6c11345f42fdb872ff35d53a6,4N_raw_s23_f0_lr0.001,8203d261c4945a7c5b03921f853b494fd3e8685550d2b166e4cf1c792562887a,c8747aafc1874a20c8cda11d89338eee2b846cf60984c69895c4aeb2287c3c0b,0,0,2047,4095,1228500,300,ae12d7d2443203214d1a1b6e6c0a259704d5a2a78dd3372c3eba05c56b325c96,3d41204b1e9c664522378aa87f6359809137464d8693f339bb080d14d9c77140,60df0a7db0688df4967c306e4e36304a0f68d000d96b9af922caff79c7ab1fa0,10dfdb81f8d4e94b6c79fe77873ee10c1c43c43b752debce9aaf7641d2402843,fd0b415d4995c8ff6b61d5f15fd84a08191887a08a37ecd0fc53bb9453bf23c6,1.0648344308137894,0.13669650122050447,0.6484947111472742,0.4735557363710334
warm_4N_raw_s23_f0_protection_lr0.001,warm,4N,raw,23,0,protection,lr0.001,adam,0.001,,300,1.8150066137313843,1.5096216201782227,0.0,0.07447195798158646,fe1def639f5e87fbd4cc639a657040eb306dfeeab66d30df056dc673a7bce5f4,b106fae78d52a6f1032ba1106db64827f209164e9deef4269171e8d0784a3874,3b5c8abd1f5977516ac7c0533aa3abdb879058da76224cab67c092f11c142784,fe1def639f5e87fbd4cc639a657040eb306dfeeab66d30df056dc673a7bce5f4,5e412baaa73374261020dfb422a151c8ef7b25c6c11345f42fdb872ff35d53a6,4N_raw_s23_f0_lr0.001,c97df3cddbdd2736c0f1b0892e52b787d7da4fbe5eb1ce8b61572a7b2427d271,c8747aafc1874a20c8cda11d89338eee2b846cf60984c69895c4aeb2287c3c0b,0,0,2047,4095,1228500,300,ae12d7d2443203214d1a1b6e6c0a259704d5a2a78dd3372c3eba05c56b325c96,3d41204b1e9c664522378aa87f6359809137464d8693f339bb080d14d9c77140,60df0a7db0688df4967c306e4e36304a0f68d000d96b9af922caff79c7ab1fa0,10dfdb81f8d4e94b6c79fe77873ee10c1c43c43b752debce9aaf7641d2402843,fd0b415d4995c8ff6b61d5f15fd84a08191887a08a37ecd0fc53bb9453bf23c6,1.2220778912305832,0.11960943856794141,0.6371033360455655,0.467860048820179
warm_4N_raw_s23_f0_protection_lr0.003,warm,4N,raw,23,0,protection,lr0.003,adam,0.003,,300,1.7954292297363281,1.5096216201782227,0.0,0.07450243830680847,fe1def639f5e87fbd4cc639a657040eb306dfeeab66d30df056dc673a7bce5f4,b106fae78d52a6f1032ba1106db64827f209164e9deef4269171e8d0784a3874,a932fc27e48a01d262329e0095a1b47fdabbd3e574e538659f07751c642de66a,fe1def639f5e87fbd4cc639a657040eb306dfeeab66d30df056dc673a7bce5f4,5e412baaa73374261020dfb422a151c8ef7b25c6c11345f42fdb872ff35d53a6,4N_raw_s23_f0_lr0.001,5af4336f42c501b88af7aad97199f29eddd9104689477663e9be661405689096,c8747aafc1874a20c8cda11d89338eee2b846cf60984c69895c4aeb2287c3c0b,0,0,2047,4095,1228500,300,ae12d7d2443203214d1a1b6e6c0a259704d5a2a78dd3372c3eba05c56b325c96,3d41204b1e9c664522378aa87f6359809137464d8693f339bb080d14d9c77140,60df0a7db0688df4967c306e4e36304a0f68d000d96b9af922caff79c7ab1fa0,10dfdb81f8d4e94b6c79fe77873ee10c1c43c43b752debce9aaf7641d2402843,fd0b415d4995c8ff6b61d5f15fd84a08191887a08a37ecd0fc53bb9453bf23c6,1.30769082903862,0.11960943856794141,0.6354759967453214,0.467860048820179
warm_4N_raw_s23_f0_protection_lr0.01,warm,4N,raw,23,0,protection,lr0.01,adam,0.01,,300,1.6703463792800903,1.5096216201782227,0.0,0.07464383542537689,fe1def639f5e87fbd4cc639a657040eb306dfeeab66d30df056dc673a7bce5f4,b106fae78d52a6f1032ba1106db64827f209164e9deef4269171e8d0784a3874,5dea84210d1404aa988c4ea5c1b7797c0926113e06a485c27098fbec12ebe4b5,fe1def639f5e87fbd4cc639a657040eb306dfeeab66d30df056dc673a7bce5f4,5e412baaa73374261020dfb422a151c8ef7b25c6c11345f42fdb872ff35d53a6,4N_raw_s23_f0_lr0.001,7d356f99c50a614519f55d110e1bbbc89fb3b750ed270ebd9ed547ec30017c6a,c8747aafc1874a20c8cda11d89338eee2b846cf60984c69895c4aeb2287c3c0b,0,0,2047,4095,1228500,300,ae12d7d2443203214d1a1b6e6c0a259704d5a2a78dd3372c3eba05c56b325c96,3d41204b1e9c664522378aa87f6359809137464d8693f339bb080d14d9c77140,60df0a7db0688df4967c306e4e36304a0f68d000d96b9af922caff79c7ab1fa0,10dfdb81f8d4e94b6c79fe77873ee10c1c43c43b752debce9aaf7641d2402843,fd0b415d4995c8ff6b61d5f15fd84a08191887a08a37ecd0fc53bb9453bf23c6,1.2286467030644417,0.12855980471928397,0.646053702196908,0.4662327095199349
warm_4N_raw_s23_f100_hard_replay_lr0.001,warm,4N,raw,23,100,hard_replay,lr0.001,adam,0.001,,300,0.509436845779419,1.5096216201782227,0.0400390625,0.7463005781173706,fe1def639f5e87fbd4cc639a657040eb306dfeeab66d30df056dc673a7bce5f4,b106fae78d52a6f1032ba1106db64827f209164e9deef4269171e8d0784a3874,2ebe8be44de41d79d5518bcf976948f11df91d65963fc2052bb5424a06464090,fe1def639f5e87fbd4cc639a657040eb306dfeeab66d30df056dc673a7bce5f4,5e412baaa73374261020dfb422a151c8ef7b25c6c11345f42fdb872ff35d53a6,4N_raw_s23_f0_lr0.001,040ab740174997587deea7b7bd0c90b7127f4ad09e25834621f2fe3efa122218,33ae89728d31f3b59619e801938ed75a4fd010e836948bddf93c08d00123c804,6390,0,2047,10485,3145500,300,ae12d7d2443203214d1a1b6e6c0a259704d5a2a78dd3372c3eba05c56b325c96,3d41204b1e9c664522378aa87f6359809137464d8693f339bb080d14d9c77140,60df0a7db0688df4967c306e4e36304a0f68d000d96b9af922caff79c7ab1fa0,10dfdb81f8d4e94b6c79fe77873ee10c1c43c43b752debce9aaf7641d2402843,fd0b415d4995c8ff6b61d5f15fd84a08191887a08a37ecd0fc53bb9453bf23c6,2.644660420715809,0.21236777868185516,0.6094385679414158,0.5777054515866559
warm_4N_raw_s23_f100_hard_replay_lr0.003,warm,4N,raw,23,100,hard_replay,lr0.003,adam,0.003,,300,0.502382755279541,1.5096216201782227,0.02294921875,0.5468280911445618,fe1def639f5e87fbd4cc639a657040eb306dfeeab66d30df056dc673a7bce5f4,b106fae78d52a6f1032ba1106db64827f209164e9deef4269171e8d0784a3874,c212a326f4515d15a4bf0a4614f1f33a63a1b5a7ebd3c4991ad847f3cb7af7ee,fe1def639f5e87fbd4cc639a657040eb306dfeeab66d30df056dc673a7bce5f4,5e412baaa73374261020dfb422a151c8ef7b25c6c11345f42fdb872ff35d53a6,4N_raw_s23_f0_lr0.001,fd1916386f78b4962b71cc0e4aaeb0c1a81904b9b2208a92316975dcef182196,33ae89728d31f3b59619e801938ed75a4fd010e836948bddf93c08d00123c804,6390,0,2047,10485,3145500,300,ae12d7d2443203214d1a1b6e6c0a259704d5a2a78dd3372c3eba05c56b325c96,3d41204b1e9c664522378aa87f6359809137464d8693f339bb080d14d9c77140,60df0a7db0688df4967c306e4e36304a0f68d000d96b9af922caff79c7ab1fa0,10dfdb81f8d4e94b6c79fe77873ee10c1c43c43b752debce9aaf7641d2402843,fd0b415d4995c8ff6b61d5f15fd84a08191887a08a37ecd0fc53bb9453bf23c6,2.721741370856762,0.25061025223759154,0.6078112286411717,0.6265256305939788
warm_4N_raw_s23_f100_hard_replay_lr0.01,warm,4N,raw,23,100,hard_replay,lr0.01,adam,0.01,,300,0.43294206261634827,1.5096216201782227,0.021484375,0.43184685707092285,fe1def639f5e87fbd4cc639a657040eb306dfeeab66d30df056dc673a7bce5f4,b106fae78d52a6f1032ba1106db64827f209164e9deef4269171e8d0784a3874,3af2a4bdf977944d9641ff6dd4f45570a9e6410503a615a8b52ea394849f2f78,fe1def639f5e87fbd4cc639a657040eb306dfeeab66d30df056dc673a7bce5f4,5e412baaa73374261020dfb422a151c8ef7b25c6c11345f42fdb872ff35d53a6,4N_raw_s23_f0_lr0.001,34bc96ed1f2c14d6b6d9e89e95412cc28cae717fafc5f71a2e6197bb035cb7b2,33ae89728d31f3b59619e801938ed75a4fd010e836948bddf93c08d00123c804,6390,0,2047,10485,3145500,300,ae12d7d2443203214d1a1b6e6c0a259704d5a2a78dd3372c3eba05c56b325c96,3d41204b1e9c664522378aa87f6359809137464d8693f339bb080d14d9c77140,60df0a7db0688df4967c306e4e36304a0f68d000d96b9af922caff79c7ab1fa0,10dfdb81f8d4e94b6c79fe77873ee10c1c43c43b752debce9aaf7641d2402843,fd0b415d4995c8ff6b61d5f15fd84a08191887a08a37ecd0fc53bb9453bf23c6,2.257468491792679,0.2986167615947925,0.6240846216436127,0.660699755899105
warm_4N_raw_s23_f100_plain_adam_lr0.0005_steps600,warm,4N,raw,23,100,plain,adam_lr0.0005_steps600,adam,0.0005,,600,0.474913626909256,1.5096216201782227,0.0771484375,0.5465801954269409,fe1def639f5e87fbd4cc639a657040eb306dfeeab66d30df056dc673a7bce5f4,b106fae78d52a6f1032ba1106db64827f209164e9deef4269171e8d0784a3874,0b05b78af3aac81b128aafb39aef3fee600cb534f06be8f3e1819ec49f7de8f0,fe1def639f5e87fbd4cc639a657040eb306dfeeab66d30df056dc673a7bce5f4,5e412baaa73374261020dfb422a151c8ef7b25c6c11345f42fdb872ff35d53a6,4N_raw_s23_f0_lr0.001,3b1083d560987424d5f98fdefd6426843074ee25472760d8f2ed36bd8ea0d004,33ae89728d31f3b59619e801938ed75a4fd010e836948bddf93c08d00123c804,6390,0,2047,10485,6291000,600,ae12d7d2443203214d1a1b6e6c0a259704d5a2a78dd3372c3eba05c56b325c96,3d41204b1e9c664522378aa87f6359809137464d8693f339bb080d14d9c77140,60df0a7db0688df4967c306e4e36304a0f68d000d96b9af922caff79c7ab1fa0,10dfdb81f8d4e94b6c79fe77873ee10c1c43c43b752debce9aaf7641d2402843,fd0b415d4995c8ff6b61d5f15fd84a08191887a08a37ecd0fc53bb9453bf23c6,5.344615839421749,0.21562245728234336,0.5785191212367778,0.6159479251423922
warm_4N_raw_s23_f100_plain_lr0.001,warm,4N,raw,23,100,plain,lr0.001,adam,0.001,,300,0.4850567579269409,1.5096216201782227,0.08740234375,0.6088013052940369,fe1def639f5e87fbd4cc639a657040eb306dfeeab66d30df056dc673a7bce5f4,b106fae78d52a6f1032ba1106db64827f209164e9deef4269171e8d0784a3874,274f09ade61c7ceb9bdecdb171911c68ff92074d568ecace44ca69dd788b04ce,fe1def639f5e87fbd4cc639a657040eb306dfeeab66d30df056dc673a7bce5f4,5e412baaa73374261020dfb422a151c8ef7b25c6c11345f42fdb872ff35d53a6,4N_raw_s23_f0_lr0.001,b1fbf17212623ee7f3cd3ba0092e7614b713e6e0b213babb75ac74d183ca13c6,33ae89728d31f3b59619e801938ed75a4fd010e836948bddf93c08d00123c804,6390,0,2047,10485,3145500,300,ae12d7d2443203214d1a1b6e6c0a259704d5a2a78dd3372c3eba05c56b325c96,3d41204b1e9c664522378aa87f6359809137464d8693f339bb080d14d9c77140,60df0a7db0688df4967c306e4e36304a0f68d000d96b9af922caff79c7ab1fa0,10dfdb81f8d4e94b6c79fe77873ee10c1c43c43b752debce9aaf7641d2402843,fd0b415d4995c8ff6b61d5f15fd84a08191887a08a37ecd0fc53bb9453bf23c6,2.421768896281719,0.19609438567941415,0.5532953620829943,0.6086248982912937
warm_4N_raw_s23_f100_plain_lr0.003,warm,4N,raw,23,100,plain,lr0.003,adam,0.003,,300,0.4949060380458832,1.5096216201782227,0.05908203125,0.4158497154712677,fe1def639f5e87fbd4cc639a657040eb306dfeeab66d30df056dc673a7bce5f4,b106fae78d52a6f1032ba1106db64827f209164e9deef4269171e8d0784a3874,a1761d4052ff17eef1309185faba4eb65e7ac893969db232f472b3f5132c9f79,fe1def639f5e87fbd4cc639a657040eb306dfeeab66d30df056dc673a7bce5f4,5e412baaa73374261020dfb422a151c8ef7b25c6c11345f42fdb872ff35d53a6,4N_raw_s23_f0_lr0.001,f619e939284b5f91e9f09d2f22ffc1b7d811225795a95f6e709ecc51ff0bdb11,33ae89728d31f3b59619e801938ed75a4fd010e836948bddf93c08d00123c804,6390,0,2047,10485,3145500,300,ae12d7d2443203214d1a1b6e6c0a259704d5a2a78dd3372c3eba05c56b325c96,3d41204b1e9c664522378aa87f6359809137464d8693f339bb080d14d9c77140,60df0a7db0688df4967c306e4e36304a0f68d000d96b9af922caff79c7ab1fa0,10dfdb81f8d4e94b6c79fe77873ee10c1c43c43b752debce9aaf7641d2402843,fd0b415d4995c8ff6b61d5f15fd84a08191887a08a37ecd0fc53bb9453bf23c6,2.559146597981453,0.27176566314076483,0.6004882017900732,0.6574450772986168
warm_4N_raw_s23_f100_plain_lr0.01,warm,4N,raw,23,100,plain,lr0.01,adam,0.01,,300,0.36777493357658386,1.5096216201782227,0.052734375,0.33677178621292114,fe1def639f5e87fbd4cc639a657040eb306dfeeab66d30df056dc673a7bce5f4,b106fae78d52a6f1032ba1106db64827f209164e9deef4269171e8d0784a3874,273adca47bdd4663d5d9acb4d87794fa9cfa61c1b33cc2495977704f76e98851,fe1def639f5e87fbd4cc639a657040eb306dfeeab66d30df056dc673a7bce5f4,5e412baaa73374261020dfb422a151c8ef7b25c6c11345f42fdb872ff35d53a6,4N_raw_s23_f0_lr0.001,5f757a82905f53aba9946e3042c895ae814dcee14c0028bde6095905c2f3040c,33ae89728d31f3b59619e801938ed75a4fd010e836948bddf93c08d00123c804,6390,0,2047,10485,3145500,300,ae12d7d2443203214d1a1b6e6c0a259704d5a2a78dd3372c3eba05c56b325c96,3d41204b1e9c664522378aa87f6359809137464d8693f339bb080d14d9c77140,60df0a7db0688df4967c306e4e36304a0f68d000d96b9af922caff79c7ab1fa0,10dfdb81f8d4e94b6c79fe77873ee10c1c43c43b752debce9aaf7641d2402843,fd0b415d4995c8ff6b61d5f15fd84a08191887a08a37ecd0fc53bb9453bf23c6,2.802693471312523,0.3002441008950366,0.6192026037428804,0.6704637917005696
warm_4N_raw_s23_f100_plain_sgd_m09_lr0.003,warm,4N,raw,23,100,plain,sgd_m09_lr0.003,sgd,0.003,0.9,300,0.48595955967903137,1.5096216201782227,0.09033203125,0.6192700862884521,fe1def639f5e87fbd4cc639a657040eb306dfeeab66d30df056dc673a7bce5f4,b106fae78d52a6f1032ba1106db64827f209164e9deef4269171e8d0784a3874,000855702d3d06b331eccbb5076596aff0c18e7327c714ec004a53e6ca566699,fe1def639f5e87fbd4cc639a657040eb306dfeeab66d30df056dc673a7bce5f4,5e412baaa73374261020dfb422a151c8ef7b25c6c11345f42fdb872ff35d53a6,4N_raw_s23_f0_lr0.001,b24e5e804c08b254295be41a4de0ae156af7867948117167765fe206c35b1a9a,33ae89728d31f3b59619e801938ed75a4fd010e836948bddf93c08d00123c804,6390,0,2047,10485,3145500,300,ae12d7d2443203214d1a1b6e6c0a259704d5a2a78dd3372c3eba05c56b325c96,3d41204b1e9c664522378aa87f6359809137464d8693f339bb080d14d9c77140,60df0a7db0688df4967c306e4e36304a0f68d000d96b9af922caff79c7ab1fa0,10dfdb81f8d4e94b6c79fe77873ee10c1c43c43b752debce9aaf7641d2402843,fd0b415d4995c8ff6b61d5f15fd84a08191887a08a37ecd0fc53bb9453bf23c6,2.50861357152462,0.25223759153783565,0.6069975589910497,0.6265256305939788
warm_4N_raw_s23_f100_plain_sgd_m09_lr0.01,warm,4N,raw,23,100,plain,sgd_m09_lr0.01,sgd,0.01,0.9,300,0.453906774520874,1.5096216201782227,0.05712890625,0.3952260911464691,fe1def639f5e87fbd4cc639a657040eb306dfeeab66d30df056dc673a7bce5f4,b106fae78d52a6f1032ba1106db64827f209164e9deef4269171e8d0784a3874,73eef88e2e15980f0cc8c2285e19b90f2d1e359ecb6d10b877e53cf32906113d,fe1def639f5e87fbd4cc639a657040eb306dfeeab66d30df056dc673a7bce5f4,5e412baaa73374261020dfb422a151c8ef7b25c6c11345f42fdb872ff35d53a6,4N_raw_s23_f0_lr0.001,e50c148dd6814e58ca196953cfac850ba22fd3a209fa17f691cd33558960189b,33ae89728d31f3b59619e801938ed75a4fd010e836948bddf93c08d00123c804,6390,0,2047,10485,3145500,300,ae12d7d2443203214d1a1b6e6c0a259704d5a2a78dd3372c3eba05c56b325c96,3d41204b1e9c664522378aa87f6359809137464d8693f339bb080d14d9c77140,60df0a7db0688df4967c306e4e36304a0f68d000d96b9af922caff79c7ab1fa0,10dfdb81f8d4e94b6c79fe77873ee10c1c43c43b752debce9aaf7641d2402843,fd0b415d4995c8ff6b61d5f15fd84a08191887a08a37ecd0fc53bb9453bf23c6,2.736118771135807,0.2693246541903987,0.5980471928397071,0.6574450772986168
warm_4N_raw_s23_f100_preserve_flip_balanced_lr0.001,warm,4N,raw,23,100,preserve_flip_balanced,lr0.001,adam,0.001,,300,0.5404404401779175,1.5096216201782227,0.0107421875,0.44394397735595703,fe1def639f5e87fbd4cc639a657040eb306dfeeab66d30df056dc673a7bce5f4,b106fae78d52a6f1032ba1106db64827f209164e9deef4269171e8d0784a3874,61432b2d488297cd68cd08a7509aca013d40ce86180c265eeb40d267f0d66bf1,fe1def639f5e87fbd4cc639a657040eb306dfeeab66d30df056dc673a7bce5f4,5e412baaa73374261020dfb422a151c8ef7b25c6c11345f42fdb872ff35d53a6,4N_raw_s23_f0_lr0.001,d6236bae34519c6bc4030bd8389e8a7c983ae10c7a4e5ff3d2eee261b39fabd9,9f55802d4921832130c771e776ac93ebb6ec5cd36ac70b542ce656d38a577f64,3195,3195,2047,10485,3145500,300,ae12d7d2443203214d1a1b6e6c0a259704d5a2a78dd3372c3eba05c56b325c96,3d41204b1e9c664522378aa87f6359809137464d8693f339bb080d14d9c77140,60df0a7db0688df4967c306e4e36304a0f68d000d96b9af922caff79c7ab1fa0,10dfdb81f8d4e94b6c79fe77873ee10c1c43c43b752debce9aaf7641d2402843,fd0b415d4995c8ff6b61d5f15fd84a08191887a08a37ecd0fc53bb9453bf23c6,2.5976135060191154,0.24247355573637103,0.6623270951993491,0.565500406834825
warm_4N_raw_s23_f100_preserve_flip_balanced_lr0.003,warm,4N,raw,23,100,preserve_flip_balanced,lr0.003,adam,0.003,,300,0.5213909149169922,1.5096216201782227,0.00830078125,0.367559552192688,fe1def639f5e87fbd4cc639a657040eb306dfeeab66d30df056dc673a7bce5f4,b106fae78d52a6f1032ba1106db64827f209164e9deef4269171e8d0784a3874,166225744ed3da08fc47fc5c61127a99a073610fc0d79d12a7f55d42702f35df,fe1def639f5e87fbd4cc639a657040eb306dfeeab66d30df056dc673a7bce5f4,5e412baaa73374261020dfb422a151c8ef7b25c6c11345f42fdb872ff35d53a6,4N_raw_s23_f0_lr0.001,1d6c823c331dd11a6280d1d4b48062899345d4b0ed577b887711b493a67c19d1,9f55802d4921832130c771e776ac93ebb6ec5cd36ac70b542ce656d38a577f64,3195,3195,2047,10485,3145500,300,ae12d7d2443203214d1a1b6e6c0a259704d5a2a78dd3372c3eba05c56b325c96,3d41204b1e9c664522378aa87f6359809137464d8693f339bb080d14d9c77140,60df0a7db0688df4967c306e4e36304a0f68d000d96b9af922caff79c7ab1fa0,10dfdb81f8d4e94b6c79fe77873ee10c1c43c43b752debce9aaf7641d2402843,fd0b415d4995c8ff6b61d5f15fd84a08191887a08a37ecd0fc53bb9453bf23c6,2.6176847517490387,0.2693246541903987,0.6688364524003255,0.5850284784377543
warm_4N_raw_s23_f100_preserve_flip_balanced_lr0.01,warm,4N,raw,23,100,preserve_flip_balanced,lr0.01,adam,0.01,,300,0.4317404627799988,1.5096216201782227,0.005859375,0.3068554401397705,fe1def639f5e87fbd4cc639a657040eb306dfeeab66d30df056dc673a7bce5f4,b106fae78d52a6f1032ba1106db64827f209164e9deef4269171e8d0784a3874,e9d2b5acae6842467a1017db2851df585a6eac96644688d3a199d34b174a06a0,fe1def639f5e87fbd4cc639a657040eb306dfeeab66d30df056dc673a7bce5f4,5e412baaa73374261020dfb422a151c8ef7b25c6c11345f42fdb872ff35d53a6,4N_raw_s23_f0_lr0.001,0af9bc0603b8b11b7fa67759a86c7167da4b9096c16128efa554bb1f01bb7f5a,9f55802d4921832130c771e776ac93ebb6ec5cd36ac70b542ce656d38a577f64,3195,3195,2047,10485,3145500,300,ae12d7d2443203214d1a1b6e6c0a259704d5a2a78dd3372c3eba05c56b325c96,3d41204b1e9c664522378aa87f6359809137464d8693f339bb080d14d9c77140,60df0a7db0688df4967c306e4e36304a0f68d000d96b9af922caff79c7ab1fa0,10dfdb81f8d4e94b6c79fe77873ee10c1c43c43b752debce9aaf7641d2402843,fd0b415d4995c8ff6b61d5f15fd84a08191887a08a37ecd0fc53bb9453bf23c6,2.5982612520456314,0.29292107404393813,0.644426362896664,0.6305939788445891
warm_4N_raw_s23_f100_protection_lr0.001,warm,4N,raw,23,100,protection,lr0.001,adam,0.001,,300,0.503102719783783,1.5096216201782227,0.04443359375,0.7690048217773438,fe1def639f5e87fbd4cc639a657040eb306dfeeab66d30df056dc673a7bce5f4,b106fae78d52a6f1032ba1106db64827f209164e9deef4269171e8d0784a3874,f57c8ce0f86ccf2ec78fa08dedcf3879eec7bec1a11f00d8c2c4b6aa20b62bf6,fe1def639f5e87fbd4cc639a657040eb306dfeeab66d30df056dc673a7bce5f4,5e412baaa73374261020dfb422a151c8ef7b25c6c11345f42fdb872ff35d53a6,4N_raw_s23_f0_lr0.001,553cb27a69ee37cabcca22a6eda7f1654494e131ce9c82a1cc8488464c7dffb1,33ae89728d31f3b59619e801938ed75a4fd010e836948bddf93c08d00123c804,6390,0,2047,10485,3145500,300,ae12d7d2443203214d1a1b6e6c0a259704d5a2a78dd3372c3eba05c56b325c96,3d41204b1e9c664522378aa87f6359809137464d8693f339bb080d14d9c77140,60df0a7db0688df4967c306e4e36304a0f68d000d96b9af922caff79c7ab1fa0,10dfdb81f8d4e94b6c79fe77873ee10c1c43c43b752debce9aaf7641d2402843,fd0b415d4995c8ff6b61d5f15fd84a08191887a08a37ecd0fc53bb9453bf23c6,2.619712255895138,0.21236777868185516,0.6126932465419039,0.5777054515866559
warm_4N_raw_s23_f100_protection_lr0.003,warm,4N,raw,23,100,protection,lr0.003,adam,0.003,,300,0.5020446181297302,1.5096216201782227,0.02880859375,0.6022375822067261,fe1def639f5e87fbd4cc639a657040eb306dfeeab66d30df056dc673a7bce5f4,b106fae78d52a6f1032ba1106db64827f209164e9deef4269171e8d0784a3874,007bf62bef40e9999e7d63d7cae87635765d2cc145939e2ad8958092fde7d934,fe1def639f5e87fbd4cc639a657040eb306dfeeab66d30df056dc673a7bce5f4,5e412baaa73374261020dfb422a151c8ef7b25c6c11345f42fdb872ff35d53a6,4N_raw_s23_f0_lr0.001,ca6dce4c881a7ebec45ef5fa1472c47ac507b66f2f61bf339799787084579603,33ae89728d31f3b59619e801938ed75a4fd010e836948bddf93c08d00123c804,6390,0,2047,10485,3145500,300,ae12d7d2443203214d1a1b6e6c0a259704d5a2a78dd3372c3eba05c56b325c96,3d41204b1e9c664522378aa87f6359809137464d8693f339bb080d14d9c77140,60df0a7db0688df4967c306e4e36304a0f68d000d96b9af922caff79c7ab1fa0,10dfdb81f8d4e94b6c79fe77873ee10c1c43c43b752debce9aaf7641d2402843,fd0b415d4995c8ff6b61d5f15fd84a08191887a08a37ecd0fc53bb9453bf23c6,2.6284503638744354,0.25223759153783565,0.6013018714401953,0.629780309194467
warm_4N_raw_s23_f100_protection_lr0.01,warm,4N,raw,23,100,protection,lr0.01,adam,0.01,,300,0.41926097869873047,1.5096216201782227,0.0185546875,0.5048140287399292,fe1def639f5e87fbd4cc639a657040eb306dfeeab66d30df056dc673a7bce5f4,b106fae78d52a6f1032ba1106db64827f209164e9deef4269171e8d0784a3874,23eb3c20152bb6805430c30a6d637f0b62eead99f941889cdbf2537c8e7d4b39,fe1def639f5e87fbd4cc639a657040eb306dfeeab66d30df056dc673a7bce5f4,5e412baaa73374261020dfb422a151c8ef7b25c6c11345f42fdb872ff35d53a6,4N_raw_s23_f0_lr0.001,ede4bba1cf040fc96f05a64707a6094c4f116d10288537d54ca85b5d025ba84e,33ae89728d31f3b59619e801938ed75a4fd010e836948bddf93c08d00123c804,6390,0,2047,10485,3145500,300,ae12d7d2443203214d1a1b6e6c0a259704d5a2a78dd3372c3eba05c56b325c96,3d41204b1e9c664522378aa87f6359809137464d8693f339bb080d14d9c77140,60df0a7db0688df4967c306e4e36304a0f68d000d96b9af922caff79c7ab1fa0,10dfdb81f8d4e94b6c79fe77873ee10c1c43c43b752debce9aaf7641d2402843,fd0b415d4995c8ff6b61d5f15fd84a08191887a08a37ecd0fc53bb9453bf23c6,2.4608147889375687,0.2986167615947925,0.6248982912937348,0.6574450772986168
warm_4N_raw_s23_f25_hard_replay_lr0.001,warm,4N,raw,23,25,hard_replay,lr0.001,adam,0.001,,300,0.5322480201721191,1.5096216201782227,0.037109375,0.6391603946685791,fe1def639f5e87fbd4cc639a657040eb306dfeeab66d30df056dc673a7bce5f4,b106fae78d52a6f1032ba1106db64827f209164e9deef4269171e8d0784a3874,e21c9d64efc6e3f1fa6b70d19f5bf9639b308e421f62273cc6580fc29887f290,fe1def639f5e87fbd4cc639a657040eb306dfeeab66d30df056dc673a7bce5f4,5e412baaa73374261020dfb422a151c8ef7b25c6c11345f42fdb872ff35d53a6,4N_raw_s23_f0_lr0.001,934b676aeca7370ac214b4d5b9ce24112bd124284597e34de51c14bb89c114ee,e8886dbf929eea26419e0219c09bccbd0ad57061e9cf0b0f47bbb5a03c114f1d,1597,0,2047,5692,1707600,300,ae12d7d2443203214d1a1b6e6c0a259704d5a2a78dd3372c3eba05c56b325c96,3d41204b1e9c664522378aa87f6359809137464d8693f339bb080d14d9c77140,60df0a7db0688df4967c306e4e36304a0f68d000d96b9af922caff79c7ab1fa0,10dfdb81f8d4e94b6c79fe77873ee10c1c43c43b752debce9aaf7641d2402843,fd0b415d4995c8ff6b61d5f15fd84a08191887a08a37ecd0fc53bb9453bf23c6,1.2972647696733475,0.22457282343368593,0.6200162733930025,0.5793327908868999
warm_4N_raw_s23_f25_hard_replay_lr0.003,warm,4N,raw,23,25,hard_replay,lr0.003,adam,0.003,,300,0.6548342108726501,1.5096216201782227,0.0166015625,0.3726731538772583,fe1def639f5e87fbd4cc639a657040eb306dfeeab66d30df056dc673a7bce5f4,b106fae78d52a6f1032ba1106db64827f209164e9deef4269171e8d0784a3874,c825eef9ebbf61a2b198c7edcaee1fd42790264b88d3628c5b581e1d817fea58,fe1def639f5e87fbd4cc639a657040eb306dfeeab66d30df056dc673a7bce5f4,5e412baaa73374261020dfb422a151c8ef7b25c6c11345f42fdb872ff35d53a6,4N_raw_s23_f0_lr0.001,bf3b6d64a90c8eff3e1596c91bf35a22e3e301962ec4028b42f60a82fad5f670,e8886dbf929eea26419e0219c09bccbd0ad57061e9cf0b0f47bbb5a03c114f1d,1597,0,2047,5692,1707600,300,ae12d7d2443203214d1a1b6e6c0a259704d5a2a78dd3372c3eba05c56b325c96,3d41204b1e9c664522378aa87f6359809137464d8693f339bb080d14d9c77140,60df0a7db0688df4967c306e4e36304a0f68d000d96b9af922caff79c7ab1fa0,10dfdb81f8d4e94b6c79fe77873ee10c1c43c43b752debce9aaf7641d2402843,fd0b415d4995c8ff6b61d5f15fd84a08191887a08a37ecd0fc53bb9453bf23c6,1.3107739388942719,0.24654190398698128,0.6208299430431244,0.6126932465419039
warm_4N_raw_s23_f25_hard_replay_lr0.01,warm,4N,raw,23,25,hard_replay,lr0.01,adam,0.01,,300,0.5378121137619019,1.5096216201782227,0.01220703125,0.32660815119743347,fe1def639f5e87fbd4cc639a657040eb306dfeeab66d30df056dc673a7bce5f4,b106fae78d52a6f1032ba1106db64827f209164e9deef4269171e8d0784a3874,d9c0d815488821f5330de7ae523a6afb7ca7a0a05d8bd5d77bb6cf1d362c21bb,fe1def639f5e87fbd4cc639a657040eb306dfeeab66d30df056dc673a7bce5f4,5e412baaa73374261020dfb422a151c8ef7b25c6c11345f42fdb872ff35d53a6,4N_raw_s23_f0_lr0.001,0070cf4b093e5e67d1b55950df90a77b4c7513eaeae195c5f33b900a52e89e67,e8886dbf929eea26419e0219c09bccbd0ad57061e9cf0b0f47bbb5a03c114f1d,1597,0,2047,5692,1707600,300,ae12d7d2443203214d1a1b6e6c0a259704d5a2a78dd3372c3eba05c56b325c96,3d41204b1e9c664522378aa87f6359809137464d8693f339bb080d14d9c77140,60df0a7db0688df4967c306e4e36304a0f68d000d96b9af922caff79c7ab1fa0,10dfdb81f8d4e94b6c79fe77873ee10c1c43c43b752debce9aaf7641d2402843,fd0b415d4995c8ff6b61d5f15fd84a08191887a08a37ecd0fc53bb9453bf23c6,1.3847667798399925,0.290480065093572,0.644426362896664,0.6362896663954435
warm_4N_raw_s23_f25_plain_adam_lr0.0005_steps600,warm,4N,raw,23,25,plain,adam_lr0.0005_steps600,adam,0.0005,,600,0.5078874826431274,1.5096216201782227,0.078125,0.45561787486076355,fe1def639f5e87fbd4cc639a657040eb306dfeeab66d30df056dc673a7bce5f4,b106fae78d52a6f1032ba1106db64827f209164e9deef4269171e8d0784a3874,71820335f1cd4433ffc13c6d7f8e489d666d09820509e4f2bf1f9f807d8af8df,fe1def639f5e87fbd4cc639a657040eb306dfeeab66d30df056dc673a7bce5f4,5e412baaa73374261020dfb422a151c8ef7b25c6c11345f42fdb872ff35d53a6,4N_raw_s23_f0_lr0.001,5197fef389314d33c8baf8448b2f66c725ffedfd42fdffab05ea289ffe517f68,e8886dbf929eea26419e0219c09bccbd0ad57061e9cf0b0f47bbb5a03c114f1d,1597,0,2047,5692,3415200,600,ae12d7d2443203214d1a1b6e6c0a259704d5a2a78dd3372c3eba05c56b325c96,3d41204b1e9c664522378aa87f6359809137464d8693f339bb080d14d9c77140,60df0a7db0688df4967c306e4e36304a0f68d000d96b9af922caff79c7ab1fa0,10dfdb81f8d4e94b6c79fe77873ee10c1c43c43b752debce9aaf7641d2402843,fd0b415d4995c8ff6b61d5f15fd84a08191887a08a37ecd0fc53bb9453bf23c6,2.7309806421399117,0.2335231895850285,0.6094385679414158,0.6053702196908055
warm_4N_raw_s23_f25_plain_lr0.001,warm,4N,raw,23,25,plain,lr0.001,adam,0.001,,300,0.5029944181442261,1.5096216201782227,0.08447265625,0.5177866220474243,fe1def639f5e87fbd4cc639a657040eb306dfeeab66d30df056dc673a7bce5f4,b106fae78d52a6f1032ba1106db64827f209164e9deef4269171e8d0784a3874,46e65bd0764506b485b63035ab0fca109ab18b6af641f3827c8ff0a7c885cf08,fe1def639f5e87fbd4cc639a657040eb306dfeeab66d30df056dc673a7bce5f4,5e412baaa73374261020dfb422a151c8ef7b25c6c11345f42fdb872ff35d53a6,4N_raw_s23_f0_lr0.001,18c5169b9ae3650f619e129aed41cb2c136992cc2365acd1b9cd0507b0da5212,e8886dbf929eea26419e0219c09bccbd0ad57061e9cf0b0f47bbb5a03c114f1d,1597,0,2047,5692,1707600,300,ae12d7d2443203214d1a1b6e6c0a259704d5a2a78dd3372c3eba05c56b325c96,3d41204b1e9c664522378aa87f6359809137464d8693f339bb080d14d9c77140,60df0a7db0688df4967c306e4e36304a0f68d000d96b9af922caff79c7ab1fa0,10dfdb81f8d4e94b6c79fe77873ee10c1c43c43b752debce9aaf7641d2402843,fd0b415d4995c8ff6b61d5f15fd84a08191887a08a37ecd0fc53bb9453bf23c6,1.3444535359740257,0.23026851098454026,0.6192026037428804,0.5947925142392189
warm_4N_raw_s23_f25_plain_lr0.003,warm,4N,raw,23,25,plain,lr0.003,adam,0.003,,300,0.5966485738754272,1.5096216201782227,0.05322265625,0.31234705448150635,fe1def639f5e87fbd4cc639a657040eb306dfeeab66d30df056dc673a7bce5f4,b106fae78d52a6f1032ba1106db64827f209164e9deef4269171e8d0784a3874,acf38221a8f19bbbda317b8b2d78fe88feff9391f35af41c85f76a17199bcb71,fe1def639f5e87fbd4cc639a657040eb306dfeeab66d30df056dc673a7bce5f4,5e412baaa73374261020dfb422a151c8ef7b25c6c11345f42fdb872ff35d53a6,4N_raw_s23_f0_lr0.001,72cb3697ef6d7f533cdb728017799798b2ede5a113f6c0d23b4b140b07dbbd6f,e8886dbf929eea26419e0219c09bccbd0ad57061e9cf0b0f47bbb5a03c114f1d,1597,0,2047,5692,1707600,300,ae12d7d2443203214d1a1b6e6c0a259704d5a2a78dd3372c3eba05c56b325c96,3d41204b1e9c664522378aa87f6359809137464d8693f339bb080d14d9c77140,60df0a7db0688df4967c306e4e36304a0f68d000d96b9af922caff79c7ab1fa0,10dfdb81f8d4e94b6c79fe77873ee10c1c43c43b752debce9aaf7641d2402843,fd0b415d4995c8ff6b61d5f15fd84a08191887a08a37ecd0fc53bb9453bf23c6,1.358417421579361,0.2636289666395443,0.6257119609438568,0.6240846216436127
warm_4N_raw_s23_f25_plain_lr0.01,warm,4N,raw,23,25,plain,lr0.01,adam,0.01,,300,0.5484575033187866,1.5096216201782227,0.03466796875,0.24838897585868835,fe1def639f5e87fbd4cc639a657040eb306dfeeab66d30df056dc673a7bce5f4,b106fae78d52a6f1032ba1106db64827f209164e9deef4269171e8d0784a3874,b18b30978e7ed5fb82776db2e49bb37dccd076f25d34d4e54a280613e052d979,fe1def639f5e87fbd4cc639a657040eb306dfeeab66d30df056dc673a7bce5f4,5e412baaa73374261020dfb422a151c8ef7b25c6c11345f42fdb872ff35d53a6,4N_raw_s23_f0_lr0.001,742abe79350b0102dad7a86b5a138d87c67f0204ca90f4cce35209b758aa6c67,e8886dbf929eea26419e0219c09bccbd0ad57061e9cf0b0f47bbb5a03c114f1d,1597,0,2047,5692,1707600,300,ae12d7d2443203214d1a1b6e6c0a259704d5a2a78dd3372c3eba05c56b325c96,3d41204b1e9c664522378aa87f6359809137464d8693f339bb080d14d9c77140,60df0a7db0688df4967c306e4e36304a0f68d000d96b9af922caff79c7ab1fa0,10dfdb81f8d4e94b6c79fe77873ee10c1c43c43b752debce9aaf7641d2402843,fd0b415d4995c8ff6b61d5f15fd84a08191887a08a37ecd0fc53bb9453bf23c6,1.3155212476849556,0.30919446704637915,0.677786818551668,0.6200162733930025
warm_4N_raw_s23_f25_plain_sgd_m09_lr0.003,warm,4N,raw,23,25,plain,sgd_m09_lr0.003,sgd,0.003,0.9,300,0.5095728635787964,1.5096216201782227,0.08349609375,0.5534907579421997,fe1def639f5e87fbd4cc639a657040eb306dfeeab66d30df056dc673a7bce5f4,b106fae78d52a6f1032ba1106db64827f209164e9deef4269171e8d0784a3874,231a2e76e69024bc31ed56452b65fddc2a1ff385862c9bccdce659aec3b95d38,fe1def639f5e87fbd4cc639a657040eb306dfeeab66d30df056dc673a7bce5f4,5e412baaa73374261020dfb422a151c8ef7b25c6c11345f42fdb872ff35d53a6,4N_raw_s23_f0_lr0.001,581be35953bacdc1fcc0aeac4440fc3fa3c2ea4d7b9f3de5e3f7521e9e392279,e8886dbf929eea26419e0219c09bccbd0ad57061e9cf0b0f47bbb5a03c114f1d,1597,0,2047,5692,1707600,300,ae12d7d2443203214d1a1b6e6c0a259704d5a2a78dd3372c3eba05c56b325c96,3d41204b1e9c664522378aa87f6359809137464d8693f339bb080d14d9c77140,60df0a7db0688df4967c306e4e36304a0f68d000d96b9af922caff79c7ab1fa0,10dfdb81f8d4e94b6c79fe77873ee10c1c43c43b752debce9aaf7641d2402843,fd0b415d4995c8ff6b61d5f15fd84a08191887a08a37ecd0fc53bb9453bf23c6,1.247076615691185,0.2335231895850285,0.6126932465419039,0.5939788445890968
warm_4N_raw_s23_f25_plain_sgd_m09_lr0.01,warm,4N,raw,23,25,plain,sgd_m09_lr0.01,sgd,0.01,0.9,300,0.5917176604270935,1.5096216201782227,0.09619140625,0.3045843839645386,fe1def639f5e87fbd4cc639a657040eb306dfeeab66d30df056dc673a7bce5f4,b106fae78d52a6f1032ba1106db64827f209164e9deef4269171e8d0784a3874,158ec7c6affd5a710cf26e3bc51b683af86b71456d311c4d9d934a32734324ad,fe1def639f5e87fbd4cc639a657040eb306dfeeab66d30df056dc673a7bce5f4,5e412baaa73374261020dfb422a151c8ef7b25c6c11345f42fdb872ff35d53a6,4N_raw_s23_f0_lr0.001,c96d0deae4e49e68188081937cb8fb0b89a3ef83b054ead981092dd57c3402f6,e8886dbf929eea26419e0219c09bccbd0ad57061e9cf0b0f47bbb5a03c114f1d,1597,0,2047,5692,1707600,300,ae12d7d2443203214d1a1b6e6c0a259704d5a2a78dd3372c3eba05c56b325c96,3d41204b1e9c664522378aa87f6359809137464d8693f339bb080d14d9c77140,60df0a7db0688df4967c306e4e36304a0f68d000d96b9af922caff79c7ab1fa0,10dfdb81f8d4e94b6c79fe77873ee10c1c43c43b752debce9aaf7641d2402843,fd0b415d4995c8ff6b61d5f15fd84a08191887a08a37ecd0fc53bb9453bf23c6,1.239057257771492,0.25386493083807976,0.5752644426362896,0.6672091131000814
warm_4N_raw_s23_f25_preserve_flip_balanced_lr0.001,warm,4N,raw,23,25,preserve_flip_balanced,lr0.001,adam,0.001,,300,0.6728851795196533,1.5096216201782227,0.0205078125,0.33049142360687256,fe1def639f5e87fbd4cc639a657040eb306dfeeab66d30df056dc673a7bce5f4,b106fae78d52a6f1032ba1106db64827f209164e9deef4269171e8d0784a3874,01b717d1c28f903681e2be995b7b96812f3f53248aa6547efe283a6056614c1f,fe1def639f5e87fbd4cc639a657040eb306dfeeab66d30df056dc673a7bce5f4,5e412baaa73374261020dfb422a151c8ef7b25c6c11345f42fdb872ff35d53a6,4N_raw_s23_f0_lr0.001,d50210905ff2bfc9a1ccb7358f62621f9fa3dba83bffce6ea1c4eddf1af92652,411c1b81c9ccd1a17882a5bbd93b4cb4ddc6e8d50cad657fa41e9d6dfef94e32,798,799,2047,5692,1707600,300,ae12d7d2443203214d1a1b6e6c0a259704d5a2a78dd3372c3eba05c56b325c96,3d41204b1e9c664522378aa87f6359809137464d8693f339bb080d14d9c77140,60df0a7db0688df4967c306e4e36304a0f68d000d96b9af922caff79c7ab1fa0,10dfdb81f8d4e94b6c79fe77873ee10c1c43c43b752debce9aaf7641d2402843,fd0b415d4995c8ff6b61d5f15fd84a08191887a08a37ecd0fc53bb9453bf23c6,1.3526236414909363,0.2115541090317331,0.6362896663954435,0.5508543531326282
warm_4N_raw_s23_f25_preserve_flip_balanced_lr0.003,warm,4N,raw,23,25,preserve_flip_balanced,lr0.003,adam,0.003,,300,0.7795403003692627,1.5096216201782227,0.01806640625,0.23401810228824615,fe1def639f5e87fbd4cc639a657040eb306dfeeab66d30df056dc673a7bce5f4,b106fae78d52a6f1032ba1106db64827f209164e9deef4269171e8d0784a3874,491970542930d90276baf934402011d343e9b8349b8ba36cfaf1faf7e06a36e2,fe1def639f5e87fbd4cc639a657040eb306dfeeab66d30df056dc673a7bce5f4,5e412baaa73374261020dfb422a151c8ef7b25c6c11345f42fdb872ff35d53a6,4N_raw_s23_f0_lr0.001,3852a572bab131f20536100a60703ab513b67f3bfa47db4f503786622776d032,411c1b81c9ccd1a17882a5bbd93b4cb4ddc6e8d50cad657fa41e9d6dfef94e32,798,799,2047,5692,1707600,300,ae12d7d2443203214d1a1b6e6c0a259704d5a2a78dd3372c3eba05c56b325c96,3d41204b1e9c664522378aa87f6359809137464d8693f339bb080d14d9c77140,60df0a7db0688df4967c306e4e36304a0f68d000d96b9af922caff79c7ab1fa0,10dfdb81f8d4e94b6c79fe77873ee10c1c43c43b752debce9aaf7641d2402843,fd0b415d4995c8ff6b61d5f15fd84a08191887a08a37ecd0fc53bb9453bf23c6,1.3286205232143402,0.2229454841334418,0.6484947111472742,0.5622457282343368
warm_4N_raw_s23_f25_preserve_flip_balanced_lr0.01,warm,4N,raw,23,25,preserve_flip_balanced,lr0.01,adam,0.01,,300,0.7370162606239319,1.5096216201782227,0.01220703125,0.21469107270240784,fe1def639f5e87fbd4cc639a657040eb306dfeeab66d30df056dc673a7bce5f4,b106fae78d52a6f1032ba1106db64827f209164e9deef4269171e8d0784a3874,b66085cb1cf843cc1e0ae46065f989c0f77e820fb979f4f3f44d42163fc0110c,fe1def639f5e87fbd4cc639a657040eb306dfeeab66d30df056dc673a7bce5f4,5e412baaa73374261020dfb422a151c8ef7b25c6c11345f42fdb872ff35d53a6,4N_raw_s23_f0_lr0.001,945723362ff0f5b37e2de3f2024703a88ef1cdd8effaea431ad7d5ad95c6972e,411c1b81c9ccd1a17882a5bbd93b4cb4ddc6e8d50cad657fa41e9d6dfef94e32,798,799,2047,5692,1707600,300,ae12d7d2443203214d1a1b6e6c0a259704d5a2a78dd3372c3eba05c56b325c96,3d41204b1e9c664522378aa87f6359809137464d8693f339bb080d14d9c77140,60df0a7db0688df4967c306e4e36304a0f68d000d96b9af922caff79c7ab1fa0,10dfdb81f8d4e94b6c79fe77873ee10c1c43c43b752debce9aaf7641d2402843,fd0b415d4995c8ff6b61d5f15fd84a08191887a08a37ecd0fc53bb9453bf23c6,1.3117264434695244,0.20667209113100082,0.644426362896664,0.5516680227827502
warm_4N_raw_s23_f25_protection_lr0.001,warm,4N,raw,23,25,protection,lr0.001,adam,0.001,,300,0.5357210636138916,1.5096216201782227,0.03759765625,0.6752675175666809,fe1def639f5e87fbd4cc639a657040eb306dfeeab66d30df056dc673a7bce5f4,b106fae78d52a6f1032ba1106db64827f209164e9deef4269171e8d0784a3874,d9f08714964bef4ecd9b9336d5ca4484ce15315e5bbc27c5444d0072e3feead3,fe1def639f5e87fbd4cc639a657040eb306dfeeab66d30df056dc673a7bce5f4,5e412baaa73374261020dfb422a151c8ef7b25c6c11345f42fdb872ff35d53a6,4N_raw_s23_f0_lr0.001,44442c37c639dbf7921882a3b516a4cc6b6d66b13e60d20885a44187e32dde47,e8886dbf929eea26419e0219c09bccbd0ad57061e9cf0b0f47bbb5a03c114f1d,1597,0,2047,5692,1707600,300,ae12d7d2443203214d1a1b6e6c0a259704d5a2a78dd3372c3eba05c56b325c96,3d41204b1e9c664522378aa87f6359809137464d8693f339bb080d14d9c77140,60df0a7db0688df4967c306e4e36304a0f68d000d96b9af922caff79c7ab1fa0,10dfdb81f8d4e94b6c79fe77873ee10c1c43c43b752debce9aaf7641d2402843,fd0b415d4995c8ff6b61d5f15fd84a08191887a08a37ecd0fc53bb9453bf23c6,1.3770077005028725,0.21236777868185516,0.6192026037428804,0.5728234336859235
warm_4N_raw_s23_f25_protection_lr0.003,warm,4N,raw,23,25,protection,lr0.003,adam,0.003,,300,0.6157487630844116,1.5096216201782227,0.01904296875,0.4345380663871765,fe1def639f5e87fbd4cc639a657040eb306dfeeab66d30df056dc673a7bce5f4,b106fae78d52a6f1032ba1106db64827f209164e9deef4269171e8d0784a3874,80c8902b15cbd05bd0e4f4638c6f8b620f4cff96e3059e66913ac97cb9595dac,fe1def639f5e87fbd4cc639a657040eb306dfeeab66d30df056dc673a7bce5f4,5e412baaa73374261020dfb422a151c8ef7b25c6c11345f42fdb872ff35d53a6,4N_raw_s23_f0_lr0.001,98f0cb5c7af2ae77627e1614ac5ea7565841c86c23187365b36b6f8d7647a626,e8886dbf929eea26419e0219c09bccbd0ad57061e9cf0b0f47bbb5a03c114f1d,1597,0,2047,5692,1707600,300,ae12d7d2443203214d1a1b6e6c0a259704d5a2a78dd3372c3eba05c56b325c96,3d41204b1e9c664522378aa87f6359809137464d8693f339bb080d14d9c77140,60df0a7db0688df4967c306e4e36304a0f68d000d96b9af922caff79c7ab1fa0,10dfdb81f8d4e94b6c79fe77873ee10c1c43c43b752debce9aaf7641d2402843,fd0b415d4995c8ff6b61d5f15fd84a08191887a08a37ecd0fc53bb9453bf23c6,1.3122757375240326,0.2660699755899105,0.6314076484947111,0.6183889340927583
warm_4N_raw_s23_f25_protection_lr0.01,warm,4N,raw,23,25,protection,lr0.01,adam,0.01,,300,0.5234893560409546,1.5096216201782227,0.0146484375,0.40151354670524597,fe1def639f5e87fbd4cc639a657040eb306dfeeab66d30df056dc673a7bce5f4,b106fae78d52a6f1032ba1106db64827f209164e9deef4269171e8d0784a3874,b2eed843814908a256891c8393756c13109493e63b828906c662172b1d754ee1,fe1def639f5e87fbd4cc639a657040eb306dfeeab66d30df056dc673a7bce5f4,5e412baaa73374261020dfb422a151c8ef7b25c6c11345f42fdb872ff35d53a6,4N_raw_s23_f0_lr0.001,8cf34aa77cbc0c268ed051e688e03de1e92d794ef685ba43319cc19d131138a0,e8886dbf929eea26419e0219c09bccbd0ad57061e9cf0b0f47bbb5a03c114f1d,1597,0,2047,5692,1707600,300,ae12d7d2443203214d1a1b6e6c0a259704d5a2a78dd3372c3eba05c56b325c96,3d41204b1e9c664522378aa87f6359809137464d8693f339bb080d14d9c77140,60df0a7db0688df4967c306e4e36304a0f68d000d96b9af922caff79c7ab1fa0,10dfdb81f8d4e94b6c79fe77873ee10c1c43c43b752debce9aaf7641d2402843,fd0b415d4995c8ff6b61d5f15fd84a08191887a08a37ecd0fc53bb9453bf23c6,1.3251359462738037,0.2839707078925956,0.644426362896664,0.6330349877949553
warm_4N_raw_s47_f0_hard_replay_lr0.001,warm,4N,raw,47,0,hard_replay,lr0.001,adam,0.001,,300,2.141759157180786,1.3584648370742798,0.0,0.0027149636298418045,49ef3c8be1a7dbbdd42185a6a09899eba3385872ecd98f019d82a59bc2ac3d33,b86bc4f69f3ea6b66f460339e07a09a8487eb0e80569484844005963c14ca843,ce3d43cfd5096be23511102bf90af8c37a0f562b9921de4137e87274c9018e03,49ef3c8be1a7dbbdd42185a6a09899eba3385872ecd98f019d82a59bc2ac3d33,a2771f7662d36e10c65a86f812de79eacad9c02d8b065cd0047eed877ad7e9b9,4N_raw_s47_f0_lr0.001,6e515e5ce3a868505ac51c92f0307803ad8c4dc94451f11c6391a422ca538dc3,590f9e9721cd32d9c0aaf60423d53aca6af76966546e31314d44efae319bd6b6,0,0,2047,4095,1228500,300,ae12d7d2443203214d1a1b6e6c0a259704d5a2a78dd3372c3eba05c56b325c96,3d41204b1e9c664522378aa87f6359809137464d8693f339bb080d14d9c77140,60df0a7db0688df4967c306e4e36304a0f68d000d96b9af922caff79c7ab1fa0,10dfdb81f8d4e94b6c79fe77873ee10c1c43c43b752debce9aaf7641d2402843,fd0b415d4995c8ff6b61d5f15fd84a08191887a08a37ecd0fc53bb9453bf23c6,1.0585423782467842,0.14483319772172498,0.6411716842961758,0.4751830756712775
warm_4N_raw_s47_f0_hard_replay_lr0.003,warm,4N,raw,47,0,hard_replay,lr0.003,adam,0.003,,300,2.1834511756896973,1.3584648370742798,0.0,0.002812596270814538,49ef3c8be1a7dbbdd42185a6a09899eba3385872ecd98f019d82a59bc2ac3d33,b86bc4f69f3ea6b66f460339e07a09a8487eb0e80569484844005963c14ca843,bbc5cc74f5cf9529c255c4c8193c5b8e8e5323fb89f9001a46c0a3d58ab7e7db,49ef3c8be1a7dbbdd42185a6a09899eba3385872ecd98f019d82a59bc2ac3d33,a2771f7662d36e10c65a86f812de79eacad9c02d8b065cd0047eed877ad7e9b9,4N_raw_s47_f0_lr0.001,7356e4d5d5f1813d11f9488bc5f45086e8f920e7d7b9eb6c18ea3a7cd8aca37c,590f9e9721cd32d9c0aaf60423d53aca6af76966546e31314d44efae319bd6b6,0,0,2047,4095,1228500,300,ae12d7d2443203214d1a1b6e6c0a259704d5a2a78dd3372c3eba05c56b325c96,3d41204b1e9c664522378aa87f6359809137464d8693f339bb080d14d9c77140,60df0a7db0688df4967c306e4e36304a0f68d000d96b9af922caff79c7ab1fa0,10dfdb81f8d4e94b6c79fe77873ee10c1c43c43b752debce9aaf7641d2402843,fd0b415d4995c8ff6b61d5f15fd84a08191887a08a37ecd0fc53bb9453bf23c6,1.0344353914260864,0.14401952807160293,0.6403580146460537,0.4759967453213995
warm_4N_raw_s47_f0_hard_replay_lr0.01,warm,4N,raw,47,0,hard_replay,lr0.01,adam,0.01,,300,1.8395358324050903,1.3584648370742798,0.0,0.0062322234734892845,49ef3c8be1a7dbbdd42185a6a09899eba3385872ecd98f019d82a59bc2ac3d33,b86bc4f69f3ea6b66f460339e07a09a8487eb0e80569484844005963c14ca843,78736d267b1c4e0c9af3cff5808c0480542f43ce1bb86116aea1c39c5651b6d0,49ef3c8be1a7dbbdd42185a6a09899eba3385872ecd98f019d82a59bc2ac3d33,a2771f7662d36e10c65a86f812de79eacad9c02d8b065cd0047eed877ad7e9b9,4N_raw_s47_f0_lr0.001,5a04688cc1d32ae4bc10ada655af05e31a66c6d0204d9125b20929b4ab69171a,590f9e9721cd32d9c0aaf60423d53aca6af76966546e31314d44efae319bd6b6,0,0,2047,4095,1228500,300,ae12d7d2443203214d1a1b6e6c0a259704d5a2a78dd3372c3eba05c56b325c96,3d41204b1e9c664522378aa87f6359809137464d8693f339bb080d14d9c77140,60df0a7db0688df4967c306e4e36304a0f68d000d96b9af922caff79c7ab1fa0,10dfdb81f8d4e94b6c79fe77873ee10c1c43c43b752debce9aaf7641d2402843,fd0b415d4995c8ff6b61d5f15fd84a08191887a08a37ecd0fc53bb9453bf23c6,1.022171750664711,0.15866558177379983,0.6647681041497152,0.47111472742066723
warm_4N_raw_s47_f0_plain_adam_lr0.0005_steps600,warm,4N,raw,47,0,plain,adam_lr0.0005_steps600,adam,0.0005,,600,2.412693977355957,1.3584648370742798,0.0,0.0004392930131871253,49ef3c8be1a7dbbdd42185a6a09899eba3385872ecd98f019d82a59bc2ac3d33,b86bc4f69f3ea6b66f460339e07a09a8487eb0e80569484844005963c14ca843,421f2379a16f241d451572fcceb529699fd253c7d3d268f97f5b9798aaf42bfa,49ef3c8be1a7dbbdd42185a6a09899eba3385872ecd98f019d82a59bc2ac3d33,a2771f7662d36e10c65a86f812de79eacad9c02d8b065cd0047eed877ad7e9b9,4N_raw_s47_f0_lr0.001,fc66e76758bc80469ca833e41942d63517bd97b396b29d16b31f28766edf8249,590f9e9721cd32d9c0aaf60423d53aca6af76966546e31314d44efae319bd6b6,0,0,2047,4095,2457000,600,ae12d7d2443203214d1a1b6e6c0a259704d5a2a78dd3372c3eba05c56b325c96,3d41204b1e9c664522378aa87f6359809137464d8693f339bb080d14d9c77140,60df0a7db0688df4967c306e4e36304a0f68d000d96b9af922caff79c7ab1fa0,10dfdb81f8d4e94b6c79fe77873ee10c1c43c43b752debce9aaf7641d2402843,fd0b415d4995c8ff6b61d5f15fd84a08191887a08a37ecd0fc53bb9453bf23c6,2.5785325691103935,0.14646053702196907,0.645240032546786,0.47762408462164363
warm_4N_raw_s47_f0_plain_lr0.001,warm,4N,raw,47,0,plain,lr0.001,adam,0.001,,300,2.204399585723877,1.3584648370742798,0.0,0.001079333247616887,49ef3c8be1a7dbbdd42185a6a09899eba3385872ecd98f019d82a59bc2ac3d33,b86bc4f69f3ea6b66f460339e07a09a8487eb0e80569484844005963c14ca843,b4439e24041c4b1aa6d21fb102cbd461a6478da494754db1de08bc8cd7a8be9a,49ef3c8be1a7dbbdd42185a6a09899eba3385872ecd98f019d82a59bc2ac3d33,a2771f7662d36e10c65a86f812de79eacad9c02d8b065cd0047eed877ad7e9b9,4N_raw_s47_f0_lr0.001,1f0ff998894c7ac09fcf676a9a6fe2cf56d623ee3962f5acb779067b8ceda37e,590f9e9721cd32d9c0aaf60423d53aca6af76966546e31314d44efae319bd6b6,0,0,2047,4095,1228500,300,ae12d7d2443203214d1a1b6e6c0a259704d5a2a78dd3372c3eba05c56b325c96,3d41204b1e9c664522378aa87f6359809137464d8693f339bb080d14d9c77140,60df0a7db0688df4967c306e4e36304a0f68d000d96b9af922caff79c7ab1fa0,10dfdb81f8d4e94b6c79fe77873ee10c1c43c43b752debce9aaf7641d2402843,fd0b415d4995c8ff6b61d5f15fd84a08191887a08a37ecd0fc53bb9453bf23c6,1.0209129676222801,0.14320585842148087,0.6403580146460537,0.4743694060211554
warm_4N_raw_s47_f0_plain_lr0.003,warm,4N,raw,47,0,plain,lr0.003,adam,0.003,,300,2.3472139835357666,1.3584648370742798,0.0,0.0009090392850339413,49ef3c8be1a7dbbdd42185a6a09899eba3385872ecd98f019d82a59bc2ac3d33,b86bc4f69f3ea6b66f460339e07a09a8487eb0e80569484844005963c14ca843,7458f2daf616bc952c45f4fb4bd721bf06117185bec3e11650abd73105bf898c,49ef3c8be1a7dbbdd42185a6a09899eba3385872ecd98f019d82a59bc2ac3d33,a2771f7662d36e10c65a86f812de79eacad9c02d8b065cd0047eed877ad7e9b9,4N_raw_s47_f0_lr0.001,71dc221ead0c3fc6bdda5b92bfc0d3931d5a2a1254e75b9f9f2ae1b2e4bfad04,590f9e9721cd32d9c0aaf60423d53aca6af76966546e31314d44efae319bd6b6,0,0,2047,4095,1228500,300,ae12d7d2443203214d1a1b6e6c0a259704d5a2a78dd3372c3eba05c56b325c96,3d41204b1e9c664522378aa87f6359809137464d8693f339bb080d14d9c77140,60df0a7db0688df4967c306e4e36304a0f68d000d96b9af922caff79c7ab1fa0,10dfdb81f8d4e94b6c79fe77873ee10c1c43c43b752debce9aaf7641d2402843,fd0b415d4995c8ff6b61d5f15fd84a08191887a08a37ecd0fc53bb9453bf23c6,1.0851444453001022,0.14727420667209112,0.6403580146460537,0.4792514239218877
warm_4N_raw_s47_f0_plain_lr0.01,warm,4N,raw,47,0,plain,lr0.01,adam,0.01,,300,1.967583179473877,1.3584648370742798,0.0,0.0020740244071930647,49ef3c8be1a7dbbdd42185a6a09899eba3385872ecd98f019d82a59bc2ac3d33,b86bc4f69f3ea6b66f460339e07a09a8487eb0e80569484844005963c14ca843,8104bec001e0dd4190b4e43c2884b9e1a1a38b3c3534a884142857bcda8d4067,49ef3c8be1a7dbbdd42185a6a09899eba3385872ecd98f019d82a59bc2ac3d33,a2771f7662d36e10c65a86f812de79eacad9c02d8b065cd0047eed877ad7e9b9,4N_raw_s47_f0_lr0.001,6be00c31175c9749cb49bfd0d2ab4f719adfe44da981f59d5efc54819b951219,590f9e9721cd32d9c0aaf60423d53aca6af76966546e31314d44efae319bd6b6,0,0,2047,4095,1228500,300,ae12d7d2443203214d1a1b6e6c0a259704d5a2a78dd3372c3eba05c56b325c96,3d41204b1e9c664522378aa87f6359809137464d8693f339bb080d14d9c77140,60df0a7db0688df4967c306e4e36304a0f68d000d96b9af922caff79c7ab1fa0,10dfdb81f8d4e94b6c79fe77873ee10c1c43c43b752debce9aaf7641d2402843,fd0b415d4995c8ff6b61d5f15fd84a08191887a08a37ecd0fc53bb9453bf23c6,0.9775338098406792,0.14727420667209112,0.6533767290480065,0.46867371847030104
warm_4N_raw_s47_f0_plain_sgd_m09_lr0.003,warm,4N,raw,47,0,plain,sgd_m09_lr0.003,sgd,0.003,0.9,300,1.476487159729004,1.3584648370742798,0.0,0.010953216813504696,49ef3c8be1a7dbbdd42185a6a09899eba3385872ecd98f019d82a59bc2ac3d33,b86bc4f69f3ea6b66f460339e07a09a8487eb0e80569484844005963c14ca843,ce9e2e6a5c5c65f1f75d827f04fc6c4d70d381c6f5eb40cea5de35a99716e312,49ef3c8be1a7dbbdd42185a6a09899eba3385872ecd98f019d82a59bc2ac3d33,a2771f7662d36e10c65a86f812de79eacad9c02d8b065cd0047eed877ad7e9b9,4N_raw_s47_f0_lr0.001,40faf0a8863676f4584d37b140e1f41eaa9f014fe7bce928bffc699b6fc87515,590f9e9721cd32d9c0aaf60423d53aca6af76966546e31314d44efae319bd6b6,0,0,2047,4095,1228500,300,ae12d7d2443203214d1a1b6e6c0a259704d5a2a78dd3372c3eba05c56b325c96,3d41204b1e9c664522378aa87f6359809137464d8693f339bb080d14d9c77140,60df0a7db0688df4967c306e4e36304a0f68d000d96b9af922caff79c7ab1fa0,10dfdb81f8d4e94b6c79fe77873ee10c1c43c43b752debce9aaf7641d2402843,fd0b415d4995c8ff6b61d5f15fd84a08191887a08a37ecd0fc53bb9453bf23c6,1.077647678554058,0.14157851912123678,0.6371033360455655,0.4759967453213995
warm_4N_raw_s47_f0_plain_sgd_m09_lr0.01,warm,4N,raw,47,0,plain,sgd_m09_lr0.01,sgd,0.01,0.9,300,1.6723862886428833,1.3584648370742798,0.0,0.006443319842219353,49ef3c8be1a7dbbdd42185a6a09899eba3385872ecd98f019d82a59bc2ac3d33,b86bc4f69f3ea6b66f460339e07a09a8487eb0e80569484844005963c14ca843,fe4aff964376f84482cdce2925d84215e00a61c3ec791f132e5bd64ac7803a88,49ef3c8be1a7dbbdd42185a6a09899eba3385872ecd98f019d82a59bc2ac3d33,a2771f7662d36e10c65a86f812de79eacad9c02d8b065cd0047eed877ad7e9b9,4N_raw_s47_f0_lr0.001,21368e5cc3027ce758a92b751e26b23a16555a9fd599fcac432826bf05763ad4,590f9e9721cd32d9c0aaf60423d53aca6af76966546e31314d44efae319bd6b6,0,0,2047,4095,1228500,300,ae12d7d2443203214d1a1b6e6c0a259704d5a2a78dd3372c3eba05c56b325c96,3d41204b1e9c664522378aa87f6359809137464d8693f339bb080d14d9c77140,60df0a7db0688df4967c306e4e36304a0f68d000d96b9af922caff79c7ab1fa0,10dfdb81f8d4e94b6c79fe77873ee10c1c43c43b752debce9aaf7641d2402843,fd0b415d4995c8ff6b61d5f15fd84a08191887a08a37ecd0fc53bb9453bf23c6,1.1025668755173683,0.14157851912123678,0.6330349877949553,0.47762408462164363
warm_4N_raw_s47_f0_preserve_flip_balanced_lr0.001,warm,4N,raw,47,0,preserve_flip_balanced,lr0.001,adam,0.001,,300,2.204399585723877,1.3584648370742798,0.0,0.001079333247616887,49ef3c8be1a7dbbdd42185a6a09899eba3385872ecd98f019d82a59bc2ac3d33,b86bc4f69f3ea6b66f460339e07a09a8487eb0e80569484844005963c14ca843,b4439e24041c4b1aa6d21fb102cbd461a6478da494754db1de08bc8cd7a8be9a,49ef3c8be1a7dbbdd42185a6a09899eba3385872ecd98f019d82a59bc2ac3d33,a2771f7662d36e10c65a86f812de79eacad9c02d8b065cd0047eed877ad7e9b9,4N_raw_s47_f0_lr0.001,600448c2f2502fdb9d1c4b5dc379b6b34ba2b1bff533ac2b391a24cd04d6ad33,590f9e9721cd32d9c0aaf60423d53aca6af76966546e31314d44efae319bd6b6,0,0,2047,4095,1228500,300,ae12d7d2443203214d1a1b6e6c0a259704d5a2a78dd3372c3eba05c56b325c96,3d41204b1e9c664522378aa87f6359809137464d8693f339bb080d14d9c77140,60df0a7db0688df4967c306e4e36304a0f68d000d96b9af922caff79c7ab1fa0,10dfdb81f8d4e94b6c79fe77873ee10c1c43c43b752debce9aaf7641d2402843,fd0b415d4995c8ff6b61d5f15fd84a08191887a08a37ecd0fc53bb9453bf23c6,1.0411171540617943,0.14320585842148087,0.6403580146460537,0.4743694060211554
warm_4N_raw_s47_f0_preserve_flip_balanced_lr0.003,warm,4N,raw,47,0,preserve_flip_balanced,lr0.003,adam,0.003,,300,2.3472139835357666,1.3584648370742798,0.0,0.0009090392850339413,49ef3c8be1a7dbbdd42185a6a09899eba3385872ecd98f019d82a59bc2ac3d33,b86bc4f69f3ea6b66f460339e07a09a8487eb0e80569484844005963c14ca843,7458f2daf616bc952c45f4fb4bd721bf06117185bec3e11650abd73105bf898c,49ef3c8be1a7dbbdd42185a6a09899eba3385872ecd98f019d82a59bc2ac3d33,a2771f7662d36e10c65a86f812de79eacad9c02d8b065cd0047eed877ad7e9b9,4N_raw_s47_f0_lr0.001,fd483a331590a19cb537350682170daf02e1791541185c2c340d132403e6a6ce,590f9e9721cd32d9c0aaf60423d53aca6af76966546e31314d44efae319bd6b6,0,0,2047,4095,1228500,300,ae12d7d2443203214d1a1b6e6c0a259704d5a2a78dd3372c3eba05c56b325c96,3d41204b1e9c664522378aa87f6359809137464d8693f339bb080d14d9c77140,60df0a7db0688df4967c306e4e36304a0f68d000d96b9af922caff79c7ab1fa0,10dfdb81f8d4e94b6c79fe77873ee10c1c43c43b752debce9aaf7641d2402843,fd0b415d4995c8ff6b61d5f15fd84a08191887a08a37ecd0fc53bb9453bf23c6,1.0565264225006104,0.14727420667209112,0.6403580146460537,0.4792514239218877
warm_4N_raw_s47_f0_preserve_flip_balanced_lr0.01,warm,4N,raw,47,0,preserve_flip_balanced,lr0.01,adam,0.01,,300,1.967583179473877,1.3584648370742798,0.0,0.0020740244071930647,49ef3c8be1a7dbbdd42185a6a09899eba3385872ecd98f019d82a59bc2ac3d33,b86bc4f69f3ea6b66f460339e07a09a8487eb0e80569484844005963c14ca843,8104bec001e0dd4190b4e43c2884b9e1a1a38b3c3534a884142857bcda8d4067,49ef3c8be1a7dbbdd42185a6a09899eba3385872ecd98f019d82a59bc2ac3d33,a2771f7662d36e10c65a86f812de79eacad9c02d8b065cd0047eed877ad7e9b9,4N_raw_s47_f0_lr0.001,c7426e25e91e89476a4f56e4c9275751b36335f9b69493075b0b31ca000ff444,590f9e9721cd32d9c0aaf60423d53aca6af76966546e31314d44efae319bd6b6,0,0,2047,4095,1228500,300,ae12d7d2443203214d1a1b6e6c0a259704d5a2a78dd3372c3eba05c56b325c96,3d41204b1e9c664522378aa87f6359809137464d8693f339bb080d14d9c77140,60df0a7db0688df4967c306e4e36304a0f68d000d96b9af922caff79c7ab1fa0,10dfdb81f8d4e94b6c79fe77873ee10c1c43c43b752debce9aaf7641d2402843,fd0b415d4995c8ff6b61d5f15fd84a08191887a08a37ecd0fc53bb9453bf23c6,1.0083930864930153,0.14727420667209112,0.6533767290480065,0.46867371847030104
warm_4N_raw_s47_f0_protection_lr0.001,warm,4N,raw,47,0,protection,lr0.001,adam,0.001,,300,1.5777714252471924,1.3584648370742798,0.0,0.061867933720350266,49ef3c8be1a7dbbdd42185a6a09899eba3385872ecd98f019d82a59bc2ac3d33,b86bc4f69f3ea6b66f460339e07a09a8487eb0e80569484844005963c14ca843,90ed2c9e1169b98bda856fe8e21fe33003940fc2b267bf2932ed664c5d7a2aa6,49ef3c8be1a7dbbdd42185a6a09899eba3385872ecd98f019d82a59bc2ac3d33,a2771f7662d36e10c65a86f812de79eacad9c02d8b065cd0047eed877ad7e9b9,4N_raw_s47_f0_lr0.001,760cef44d99b18f41c76ee9411847921130c5da6e8f083a597c578c42ff7d3c9,590f9e9721cd32d9c0aaf60423d53aca6af76966546e31314d44efae319bd6b6,0,0,2047,4095,1228500,300,ae12d7d2443203214d1a1b6e6c0a259704d5a2a78dd3372c3eba05c56b325c96,3d41204b1e9c664522378aa87f6359809137464d8693f339bb080d14d9c77140,60df0a7db0688df4967c306e4e36304a0f68d000d96b9af922caff79c7ab1fa0,10dfdb81f8d4e94b6c79fe77873ee10c1c43c43b752debce9aaf7641d2402843,fd0b415d4995c8ff6b61d5f15fd84a08191887a08a37ecd0fc53bb9453bf23c6,0.9646683409810066,0.13669650122050447,0.6354759967453214,0.4751830756712775
warm_4N_raw_s47_f0_protection_lr0.003,warm,4N,raw,47,0,protection,lr0.003,adam,0.003,,300,1.5736585855484009,1.3584648370742798,0.0,0.06190904229879379,49ef3c8be1a7dbbdd42185a6a09899eba3385872ecd98f019d82a59bc2ac3d33,b86bc4f69f3ea6b66f460339e07a09a8487eb0e80569484844005963c14ca843,621d54d631a131bf56ceaf89845c1016e0ab96f826b0460fbfe5824249913073,49ef3c8be1a7dbbdd42185a6a09899eba3385872ecd98f019d82a59bc2ac3d33,a2771f7662d36e10c65a86f812de79eacad9c02d8b065cd0047eed877ad7e9b9,4N_raw_s47_f0_lr0.001,4983e7ac7c97b88dc63c299c86a501006b3f0c9d2984ebaf90021340fdc86357,590f9e9721cd32d9c0aaf60423d53aca6af76966546e31314d44efae319bd6b6,0,0,2047,4095,1228500,300,ae12d7d2443203214d1a1b6e6c0a259704d5a2a78dd3372c3eba05c56b325c96,3d41204b1e9c664522378aa87f6359809137464d8693f339bb080d14d9c77140,60df0a7db0688df4967c306e4e36304a0f68d000d96b9af922caff79c7ab1fa0,10dfdb81f8d4e94b6c79fe77873ee10c1c43c43b752debce9aaf7641d2402843,fd0b415d4995c8ff6b61d5f15fd84a08191887a08a37ecd0fc53bb9453bf23c6,1.0843216255307198,0.14076484947111473,0.6379170056956875,0.47681041497152155
warm_4N_raw_s47_f0_protection_lr0.01,warm,4N,raw,47,0,protection,lr0.01,adam,0.01,,300,1.5089737176895142,1.3584648370742798,0.0,0.06224553659558296,49ef3c8be1a7dbbdd42185a6a09899eba3385872ecd98f019d82a59bc2ac3d33,b86bc4f69f3ea6b66f460339e07a09a8487eb0e80569484844005963c14ca843,0e4249c45f75815b670c79a00cb5e66368dc6d623b8581e21aac9daf42204077,49ef3c8be1a7dbbdd42185a6a09899eba3385872ecd98f019d82a59bc2ac3d33,a2771f7662d36e10c65a86f812de79eacad9c02d8b065cd0047eed877ad7e9b9,4N_raw_s47_f0_lr0.001,3b0daf4118a2f4eff509b31f271166551daa31eaa9d612c532bd259c4faf4f78,590f9e9721cd32d9c0aaf60423d53aca6af76966546e31314d44efae319bd6b6,0,0,2047,4095,1228500,300,ae12d7d2443203214d1a1b6e6c0a259704d5a2a78dd3372c3eba05c56b325c96,3d41204b1e9c664522378aa87f6359809137464d8693f339bb080d14d9c77140,60df0a7db0688df4967c306e4e36304a0f68d000d96b9af922caff79c7ab1fa0,10dfdb81f8d4e94b6c79fe77873ee10c1c43c43b752debce9aaf7641d2402843,fd0b415d4995c8ff6b61d5f15fd84a08191887a08a37ecd0fc53bb9453bf23c6,1.0817817971110344,0.14808787632221318,0.6493083807973963,0.4751830756712775
warm_4N_raw_s47_f100_hard_replay_lr0.001,warm,4N,raw,47,100,hard_replay,lr0.001,adam,0.001,,300,0.5425281524658203,1.3584648370742798,0.03564453125,0.6980175971984863,49ef3c8be1a7dbbdd42185a6a09899eba3385872ecd98f019d82a59bc2ac3d33,b86bc4f69f3ea6b66f460339e07a09a8487eb0e80569484844005963c14ca843,a2a4c6a2eb880a3d70ae32cb54f1b298d9a74558b838bab08b816f86a854945a,49ef3c8be1a7dbbdd42185a6a09899eba3385872ecd98f019d82a59bc2ac3d33,a2771f7662d36e10c65a86f812de79eacad9c02d8b065cd0047eed877ad7e9b9,4N_raw_s47_f0_lr0.001,0bfa25f50e0f05af80fee2723a08ed4a84d27fa71efeb6a0b2c38b88545596ea,67e14fb63d9c79645b6c92ce846553f6aaf2a557c24928c54142411589ca1cd8,6390,0,2047,10485,3145500,300,ae12d7d2443203214d1a1b6e6c0a259704d5a2a78dd3372c3eba05c56b325c96,3d41204b1e9c664522378aa87f6359809137464d8693f339bb080d14d9c77140,60df0a7db0688df4967c306e4e36304a0f68d000d96b9af922caff79c7ab1fa0,10dfdb81f8d4e94b6c79fe77873ee10c1c43c43b752debce9aaf7641d2402843,fd0b415d4995c8ff6b61d5f15fd84a08191887a08a37ecd0fc53bb9453bf23c6,2.6773776710033417,0.20667209113100082,0.565500406834825,0.6224572823433686
warm_4N_raw_s47_f100_hard_replay_lr0.003,warm,4N,raw,47,100,hard_replay,lr0.003,adam,0.003,,300,0.5381993055343628,1.3584648370742798,0.02294921875,0.5235928893089294,49ef3c8be1a7dbbdd42185a6a09899eba3385872ecd98f019d82a59bc2ac3d33,b86bc4f69f3ea6b66f460339e07a09a8487eb0e80569484844005963c14ca843,b04ea6a8f9abb370ff5d62dc17637e7e78ceb10a7736e4ff05e6cf8052437488,49ef3c8be1a7dbbdd42185a6a09899eba3385872ecd98f019d82a59bc2ac3d33,a2771f7662d36e10c65a86f812de79eacad9c02d8b065cd0047eed877ad7e9b9,4N_raw_s47_f0_lr0.001,0af73f3d87e4b35c07ffd2da633cb88ff6d1a4b19706b11be906f97df5f1b4ca,67e14fb63d9c79645b6c92ce846553f6aaf2a557c24928c54142411589ca1cd8,6390,0,2047,10485,3145500,300,ae12d7d2443203214d1a1b6e6c0a259704d5a2a78dd3372c3eba05c56b325c96,3d41204b1e9c664522378aa87f6359809137464d8693f339bb080d14d9c77140,60df0a7db0688df4967c306e4e36304a0f68d000d96b9af922caff79c7ab1fa0,10dfdb81f8d4e94b6c79fe77873ee10c1c43c43b752debce9aaf7641d2402843,fd0b415d4995c8ff6b61d5f15fd84a08191887a08a37ecd0fc53bb9453bf23c6,2.1103307008743286,0.2335231895850285,0.5915378356387306,0.6208299430431244
warm_4N_raw_s47_f100_hard_replay_lr0.01,warm,4N,raw,47,100,hard_replay,lr0.01,adam,0.01,,300,0.44262194633483887,1.3584648370742798,0.01708984375,0.4297693073749542,49ef3c8be1a7dbbdd42185a6a09899eba3385872ecd98f019d82a59bc2ac3d33,b86bc4f69f3ea6b66f460339e07a09a8487eb0e80569484844005963c14ca843,911dff069b17448690b52e6ad854d4b128ca2d5cab57f246d9c8562242693fd9,49ef3c8be1a7dbbdd42185a6a09899eba3385872ecd98f019d82a59bc2ac3d33,a2771f7662d36e10c65a86f812de79eacad9c02d8b065cd0047eed877ad7e9b9,4N_raw_s47_f0_lr0.001,08a2b6fcca5e738107cb7ee563bfcadd2a87c8302f69d4af3a03d64b81dfe00d,67e14fb63d9c79645b6c92ce846553f6aaf2a557c24928c54142411589ca1cd8,6390,0,2047,10485,3145500,300,ae12d7d2443203214d1a1b6e6c0a259704d5a2a78dd3372c3eba05c56b325c96,3d41204b1e9c664522378aa87f6359809137464d8693f339bb080d14d9c77140,60df0a7db0688df4967c306e4e36304a0f68d000d96b9af922caff79c7ab1fa0,10dfdb81f8d4e94b6c79fe77873ee10c1c43c43b752debce9aaf7641d2402843,fd0b415d4995c8ff6b61d5f15fd84a08191887a08a37ecd0fc53bb9453bf23c6,2.1170821860432625,0.2969894222945484,0.6395443449959316,0.6509357200976403
warm_4N_raw_s47_f100_plain_adam_lr0.0005_steps600,warm,4N,raw,47,100,plain,adam_lr0.0005_steps600,adam,0.0005,,600,0.507478654384613,1.3584648370742798,0.0693359375,0.5139662623405457,49ef3c8be1a7dbbdd42185a6a09899eba3385872ecd98f019d82a59bc2ac3d33,b86bc4f69f3ea6b66f460339e07a09a8487eb0e80569484844005963c14ca843,6a93243cf75d5f61837f4488679ed1ff04de47c88ed1539baaedbafdaeb4991e,49ef3c8be1a7dbbdd42185a6a09899eba3385872ecd98f019d82a59bc2ac3d33,a2771f7662d36e10c65a86f812de79eacad9c02d8b065cd0047eed877ad7e9b9,4N_raw_s47_f0_lr0.001,d04674298b801bb211aa43207c755928c0cbc68b987de6775c7d137c0897c37f,67e14fb63d9c79645b6c92ce846553f6aaf2a557c24928c54142411589ca1cd8,6390,0,2047,10485,6291000,600,ae12d7d2443203214d1a1b6e6c0a259704d5a2a78dd3372c3eba05c56b325c96,3d41204b1e9c664522378aa87f6359809137464d8693f339bb080d14d9c77140,60df0a7db0688df4967c306e4e36304a0f68d000d96b9af922caff79c7ab1fa0,10dfdb81f8d4e94b6c79fe77873ee10c1c43c43b752debce9aaf7641d2402843,fd0b415d4995c8ff6b61d5f15fd84a08191887a08a37ecd0fc53bb9453bf23c6,5.663360059261322,0.19609438567941415,0.5386493083807974,0.6427990235964198
warm_4N_raw_s47_f100_plain_lr0.001,warm,4N,raw,47,100,plain,lr0.001,adam,0.001,,300,0.5059247612953186,1.3584648370742798,0.0712890625,0.5795325636863708,49ef3c8be1a7dbbdd42185a6a09899eba3385872ecd98f019d82a59bc2ac3d33,b86bc4f69f3ea6b66f460339e07a09a8487eb0e80569484844005963c14ca843,853ee06a65f29205d0a93a8222f34b9affb63a255acdfda8c39229c34067d843,49ef3c8be1a7dbbdd42185a6a09899eba3385872ecd98f019d82a59bc2ac3d33,a2771f7662d36e10c65a86f812de79eacad9c02d8b065cd0047eed877ad7e9b9,4N_raw_s47_f0_lr0.001,56fa31a99c329f14ed8d26c83af55b4ffecd918d8d6ef300f88ac2e055db8327,67e14fb63d9c79645b6c92ce846553f6aaf2a557c24928c54142411589ca1cd8,6390,0,2047,10485,3145500,300,ae12d7d2443203214d1a1b6e6c0a259704d5a2a78dd3372c3eba05c56b325c96,3d41204b1e9c664522378aa87f6359809137464d8693f339bb080d14d9c77140,60df0a7db0688df4967c306e4e36304a0f68d000d96b9af922caff79c7ab1fa0,10dfdb81f8d4e94b6c79fe77873ee10c1c43c43b752debce9aaf7641d2402843,fd0b415d4995c8ff6b61d5f15fd84a08191887a08a37ecd0fc53bb9453bf23c6,2.3754828572273254,0.20911310008136696,0.5467860048820179,0.6468673718470301
warm_4N_raw_s47_f100_plain_lr0.003,warm,4N,raw,47,100,plain,lr0.003,adam,0.003,,300,0.5140663981437683,1.3584648370742798,0.0634765625,0.4119110703468323,49ef3c8be1a7dbbdd42185a6a09899eba3385872ecd98f019d82a59bc2ac3d33,b86bc4f69f3ea6b66f460339e07a09a8487eb0e80569484844005963c14ca843,c7292a622732c4404151968bd0db154c80c069020a272f0efdd696b2f5b71f10,49ef3c8be1a7dbbdd42185a6a09899eba3385872ecd98f019d82a59bc2ac3d33,a2771f7662d36e10c65a86f812de79eacad9c02d8b065cd0047eed877ad7e9b9,4N_raw_s47_f0_lr0.001,39a893c4cf6a1e417b2af587eaa2c1ff0f249024dc1da417184919bfc1d88cb7,67e14fb63d9c79645b6c92ce846553f6aaf2a557c24928c54142411589ca1cd8,6390,0,2047,10485,3145500,300,ae12d7d2443203214d1a1b6e6c0a259704d5a2a78dd3372c3eba05c56b325c96,3d41204b1e9c664522378aa87f6359809137464d8693f339bb080d14d9c77140,60df0a7db0688df4967c306e4e36304a0f68d000d96b9af922caff79c7ab1fa0,10dfdb81f8d4e94b6c79fe77873ee10c1c43c43b752debce9aaf7641d2402843,fd0b415d4995c8ff6b61d5f15fd84a08191887a08a37ecd0fc53bb9453bf23c6,2.554537408053875,0.22864117168429618,0.563873067534581,0.6509357200976403
warm_4N_raw_s47_f100_plain_lr0.01,warm,4N,raw,47,100,plain,lr0.01,adam,0.01,,300,0.4386158883571625,1.3584648370742798,0.04150390625,0.31978240609169006,49ef3c8be1a7dbbdd42185a6a09899eba3385872ecd98f019d82a59bc2ac3d33,b86bc4f69f3ea6b66f460339e07a09a8487eb0e80569484844005963c14ca843,0ccc7c75c8bdc0117c99a81848ad32ae2d3ca79203befed5aca7285e7998ba98,49ef3c8be1a7dbbdd42185a6a09899eba3385872ecd98f019d82a59bc2ac3d33,a2771f7662d36e10c65a86f812de79eacad9c02d8b065cd0047eed877ad7e9b9,4N_raw_s47_f0_lr0.001,5f2d3d5d28d80688b419e2b307c378875de7ae7a76552973b94763df509d868b,67e14fb63d9c79645b6c92ce846553f6aaf2a557c24928c54142411589ca1cd8,6390,0,2047,10485,3145500,300,ae12d7d2443203214d1a1b6e6c0a259704d5a2a78dd3372c3eba05c56b325c96,3d41204b1e9c664522378aa87f6359809137464d8693f339bb080d14d9c77140,60df0a7db0688df4967c306e4e36304a0f68d000d96b9af922caff79c7ab1fa0,10dfdb81f8d4e94b6c79fe77873ee10c1c43c43b752debce9aaf7641d2402843,fd0b415d4995c8ff6b61d5f15fd84a08191887a08a37ecd0fc53bb9453bf23c6,2.7067749053239822,0.290480065093572,0.6037428803905615,0.6802278275020341
warm_4N_raw_s47_f100_plain_sgd_m09_lr0.003,warm,4N,raw,47,100,plain,sgd_m09_lr0.003,sgd,0.003,0.9,300,0.4944762587547302,1.3584648370742798,0.07470703125,0.5925731658935547,49ef3c8be1a7dbbdd42185a6a09899eba3385872ecd98f019d82a59bc2ac3d33,b86bc4f69f3ea6b66f460339e07a09a8487eb0e80569484844005963c14ca843,400305b1554afdd46fc631e5c7f091b1476ed2a072beea1663e112e8fde0b063,49ef3c8be1a7dbbdd42185a6a09899eba3385872ecd98f019d82a59bc2ac3d33,a2771f7662d36e10c65a86f812de79eacad9c02d8b065cd0047eed877ad7e9b9,4N_raw_s47_f0_lr0.001,516b01e9f52759f24200c377a2132c1b132bef23ff464f6cec47be6b0a82e0a7,67e14fb63d9c79645b6c92ce846553f6aaf2a557c24928c54142411589ca1cd8,6390,0,2047,10485,3145500,300,ae12d7d2443203214d1a1b6e6c0a259704d5a2a78dd3372c3eba05c56b325c96,3d41204b1e9c664522378aa87f6359809137464d8693f339bb080d14d9c77140,60df0a7db0688df4967c306e4e36304a0f68d000d96b9af922caff79c7ab1fa0,10dfdb81f8d4e94b6c79fe77873ee10c1c43c43b752debce9aaf7641d2402843,fd0b415d4995c8ff6b61d5f15fd84a08191887a08a37ecd0fc53bb9453bf23c6,2.7310985177755356,0.21724979658258747,0.5589910496338486,0.645240032546786
warm_4N_raw_s47_f100_plain_sgd_m09_lr0.01,warm,4N,raw,47,100,plain,sgd_m09_lr0.01,sgd,0.01,0.9,300,0.5103926062583923,1.3584648370742798,0.0458984375,0.3321889638900757,49ef3c8be1a7dbbdd42185a6a09899eba3385872ecd98f019d82a59bc2ac3d33,b86bc4f69f3ea6b66f460339e07a09a8487eb0e80569484844005963c14ca843,f5cb92326169d822ce680e5450dd3b244659de278acf4bcd9b93ff0df0e669be,49ef3c8be1a7dbbdd42185a6a09899eba3385872ecd98f019d82a59bc2ac3d33,a2771f7662d36e10c65a86f812de79eacad9c02d8b065cd0047eed877ad7e9b9,4N_raw_s47_f0_lr0.001,54d5c9bdd72d7e127c8987babd4ecfe0b3adc1870f1ed2c38ce739f15c08ab1f,67e14fb63d9c79645b6c92ce846553f6aaf2a557c24928c54142411589ca1cd8,6390,0,2047,10485,3145500,300,ae12d7d2443203214d1a1b6e6c0a259704d5a2a78dd3372c3eba05c56b325c96,3d41204b1e9c664522378aa87f6359809137464d8693f339bb080d14d9c77140,60df0a7db0688df4967c306e4e36304a0f68d000d96b9af922caff79c7ab1fa0,10dfdb81f8d4e94b6c79fe77873ee10c1c43c43b752debce9aaf7641d2402843,fd0b415d4995c8ff6b61d5f15fd84a08191887a08a37ecd0fc53bb9453bf23c6,2.9961975663900375,0.2611879576891782,0.5557363710333605,0.6948738812042311
warm_4N_raw_s47_f100_preserve_flip_balanced_lr0.001,warm,4N,raw,47,100,preserve_flip_balanced,lr0.001,adam,0.001,,300,0.5315349698066711,1.3584648370742798,0.005859375,0.4137189984321594,49ef3c8be1a7dbbdd42185a6a09899eba3385872ecd98f019d82a59bc2ac3d33,b86bc4f69f3ea6b66f460339e07a09a8487eb0e80569484844005963c14ca843,678f928dac892de16ae87404581f6d8298907020b2d5168f04610b4374f2eaf0,49ef3c8be1a7dbbdd42185a6a09899eba3385872ecd98f019d82a59bc2ac3d33,a2771f7662d36e10c65a86f812de79eacad9c02d8b065cd0047eed877ad7e9b9,4N_raw_s47_f0_lr0.001,6934850f8f04698df46f7fd9af6a2434551e6b78661cd8c84e850768be863a6a,e4e1e5c1c8488ea2b7995bd450897d38bc1b9ea31928de1fc6432627611228ea,3195,3195,2047,10485,3145500,300,ae12d7d2443203214d1a1b6e6c0a259704d5a2a78dd3372c3eba05c56b325c96,3d41204b1e9c664522378aa87f6359809137464d8693f339bb080d14d9c77140,60df0a7db0688df4967c306e4e36304a0f68d000d96b9af922caff79c7ab1fa0,10dfdb81f8d4e94b6c79fe77873ee10c1c43c43b752debce9aaf7641d2402843,fd0b415d4995c8ff6b61d5f15fd84a08191887a08a37ecd0fc53bb9453bf23c6,2.742860324680805,0.24735557363710334,0.6126932465419039,0.6151342554922702
warm_4N_raw_s47_f100_preserve_flip_balanced_lr0.003,warm,4N,raw,47,100,preserve_flip_balanced,lr0.003,adam,0.003,,300,0.5177116990089417,1.3584648370742798,0.00390625,0.3517199158668518,49ef3c8be1a7dbbdd42185a6a09899eba3385872ecd98f019d82a59bc2ac3d33,b86bc4f69f3ea6b66f460339e07a09a8487eb0e80569484844005963c14ca843,79f1e8a56f293173ce8d9f025dbd57582642b08c2c2f54182a20920dc7c4fd43,49ef3c8be1a7dbbdd42185a6a09899eba3385872ecd98f019d82a59bc2ac3d33,a2771f7662d36e10c65a86f812de79eacad9c02d8b065cd0047eed877ad7e9b9,4N_raw_s47_f0_lr0.001,801ce20c27b71806effa0afacd2083be268ab19b6ec86dc09c12d1a4d744f0e8,e4e1e5c1c8488ea2b7995bd450897d38bc1b9ea31928de1fc6432627611228ea,3195,3195,2047,10485,3145500,300,ae12d7d2443203214d1a1b6e6c0a259704d5a2a78dd3372c3eba05c56b325c96,3d41204b1e9c664522378aa87f6359809137464d8693f339bb080d14d9c77140,60df0a7db0688df4967c306e4e36304a0f68d000d96b9af922caff79c7ab1fa0,10dfdb81f8d4e94b6c79fe77873ee10c1c43c43b752debce9aaf7641d2402843,fd0b415d4995c8ff6b61d5f15fd84a08191887a08a37ecd0fc53bb9453bf23c6,2.296126700937748,0.25061025223759154,0.6200162733930025,0.6175752644426363
warm_4N_raw_s47_f100_preserve_flip_balanced_lr0.01,warm,4N,raw,47,100,preserve_flip_balanced,lr0.01,adam,0.01,,300,0.48510000109672546,1.3584648370742798,0.00537109375,0.32449474930763245,49ef3c8be1a7dbbdd42185a6a09899eba3385872ecd98f019d82a59bc2ac3d33,b86bc4f69f3ea6b66f460339e07a09a8487eb0e80569484844005963c14ca843,c91be4caef0f204465a3365fe34ca0b7304e7fae2700c0ccd2174e8615cd7b6e,49ef3c8be1a7dbbdd42185a6a09899eba3385872ecd98f019d82a59bc2ac3d33,a2771f7662d36e10c65a86f812de79eacad9c02d8b065cd0047eed877ad7e9b9,4N_raw_s47_f0_lr0.001,5502277a33b8f4374043159405ae488c2db0a1eddff9114d9f213471b4819147,e4e1e5c1c8488ea2b7995bd450897d38bc1b9ea31928de1fc6432627611228ea,3195,3195,2047,10485,3145500,300,ae12d7d2443203214d1a1b6e6c0a259704d5a2a78dd3372c3eba05c56b325c96,3d41204b1e9c664522378aa87f6359809137464d8693f339bb080d14d9c77140,60df0a7db0688df4967c306e4e36304a0f68d000d96b9af922caff79c7ab1fa0,10dfdb81f8d4e94b6c79fe77873ee10c1c43c43b752debce9aaf7641d2402843,fd0b415d4995c8ff6b61d5f15fd84a08191887a08a37ecd0fc53bb9453bf23c6,2.601812466979027,0.28966639544344996,0.6427990235964198,0.6338486574450773
warm_4N_raw_s47_f100_protection_lr0.001,warm,4N,raw,47,100,protection,lr0.001,adam,0.001,,300,0.5349429249763489,1.3584648370742798,0.03759765625,0.7267203330993652,49ef3c8be1a7dbbdd42185a6a09899eba3385872ecd98f019d82a59bc2ac3d33,b86bc4f69f3ea6b66f460339e07a09a8487eb0e80569484844005963c14ca843,10018cf5c5e9ec835aece0fd187b9054a04b54646979d48f79ab3356382f9c93,49ef3c8be1a7dbbdd42185a6a09899eba3385872ecd98f019d82a59bc2ac3d33,a2771f7662d36e10c65a86f812de79eacad9c02d8b065cd0047eed877ad7e9b9,4N_raw_s47_f0_lr0.001,a1c660816f0616a9bd2e4839cf7852cc6f58c5568b84eefd5bb59c24950ff9d7,67e14fb63d9c79645b6c92ce846553f6aaf2a557c24928c54142411589ca1cd8,6390,0,2047,10485,3145500,300,ae12d7d2443203214d1a1b6e6c0a259704d5a2a78dd3372c3eba05c56b325c96,3d41204b1e9c664522378aa87f6359809137464d8693f339bb080d14d9c77140,60df0a7db0688df4967c306e4e36304a0f68d000d96b9af922caff79c7ab1fa0,10dfdb81f8d4e94b6c79fe77873ee10c1c43c43b752debce9aaf7641d2402843,fd0b415d4995c8ff6b61d5f15fd84a08191887a08a37ecd0fc53bb9453bf23c6,2.0480414405465126,0.21074043938161108,0.5695687550854354,0.6224572823433686
warm_4N_raw_s47_f100_protection_lr0.003,warm,4N,raw,47,100,protection,lr0.003,adam,0.003,,300,0.5307816863059998,1.3584648370742798,0.02490234375,0.5721237659454346,49ef3c8be1a7dbbdd42185a6a09899eba3385872ecd98f019d82a59bc2ac3d33,b86bc4f69f3ea6b66f460339e07a09a8487eb0e80569484844005963c14ca843,54da2bbeb1a6918a4e512dda3661adf1a0e54f4ac0a754d579cc30a02f7cf32c,49ef3c8be1a7dbbdd42185a6a09899eba3385872ecd98f019d82a59bc2ac3d33,a2771f7662d36e10c65a86f812de79eacad9c02d8b065cd0047eed877ad7e9b9,4N_raw_s47_f0_lr0.001,71bb97a6a6cf49dc5540fb4c8bcb1540bb832dca8113fa45534373e61c21f806,67e14fb63d9c79645b6c92ce846553f6aaf2a557c24928c54142411589ca1cd8,6390,0,2047,10485,3145500,300,ae12d7d2443203214d1a1b6e6c0a259704d5a2a78dd3372c3eba05c56b325c96,3d41204b1e9c664522378aa87f6359809137464d8693f339bb080d14d9c77140,60df0a7db0688df4967c306e4e36304a0f68d000d96b9af922caff79c7ab1fa0,10dfdb81f8d4e94b6c79fe77873ee10c1c43c43b752debce9aaf7641d2402843,fd0b415d4995c8ff6b61d5f15fd84a08191887a08a37ecd0fc53bb9453bf23c6,2.0640344619750977,0.23189585028478438,0.5923515052888527,0.6192026037428804
warm_4N_raw_s47_f100_protection_lr0.01,warm,4N,raw,47,100,protection,lr0.01,adam,0.01,,300,0.44984105229377747,1.3584648370742798,0.017578125,0.48356664180755615,49ef3c8be1a7dbbdd42185a6a09899eba3385872ecd98f019d82a59bc2ac3d33,b86bc4f69f3ea6b66f460339e07a09a8487eb0e80569484844005963c14ca843,0945b76621e175e301cde2a7dd717abfc9a0dbb009032c9eab32db83db14ec71,49ef3c8be1a7dbbdd42185a6a09899eba3385872ecd98f019d82a59bc2ac3d33,a2771f7662d36e10c65a86f812de79eacad9c02d8b065cd0047eed877ad7e9b9,4N_raw_s47_f0_lr0.001,6550754e215cd85f8d0c4fbc3b14670dab88f55dbdc7dfc61c07c2e671127881,67e14fb63d9c79645b6c92ce846553f6aaf2a557c24928c54142411589ca1cd8,6390,0,2047,10485,3145500,300,ae12d7d2443203214d1a1b6e6c0a259704d5a2a78dd3372c3eba05c56b325c96,3d41204b1e9c664522378aa87f6359809137464d8693f339bb080d14d9c77140,60df0a7db0688df4967c306e4e36304a0f68d000d96b9af922caff79c7ab1fa0,10dfdb81f8d4e94b6c79fe77873ee10c1c43c43b752debce9aaf7641d2402843,fd0b415d4995c8ff6b61d5f15fd84a08191887a08a37ecd0fc53bb9453bf23c6,2.2903585359454155,0.29292107404393813,0.6346623270951993,0.6484947111472742
warm_4N_raw_s47_f25_hard_replay_lr0.001,warm,4N,raw,47,25,hard_replay,lr0.001,adam,0.001,,300,0.5857530832290649,1.3584648370742798,0.03271484375,0.6154836416244507,49ef3c8be1a7dbbdd42185a6a09899eba3385872ecd98f019d82a59bc2ac3d33,b86bc4f69f3ea6b66f460339e07a09a8487eb0e80569484844005963c14ca843,71ec87ec614f0cab2e909d622a043eb83753dec3c1db0e4b4414ee9e74ca6c84,49ef3c8be1a7dbbdd42185a6a09899eba3385872ecd98f019d82a59bc2ac3d33,a2771f7662d36e10c65a86f812de79eacad9c02d8b065cd0047eed877ad7e9b9,4N_raw_s47_f0_lr0.001,060d2b19dc13e0a191bd6f3f4502296d9afed09bab45f800b6c9861f428fbd2a,f4879d28c7bfc4fc0718dc81a30a6a0db75ce7bcefea97e0986671e8d31f4eb9,1597,0,2047,5692,1707600,300,ae12d7d2443203214d1a1b6e6c0a259704d5a2a78dd3372c3eba05c56b325c96,3d41204b1e9c664522378aa87f6359809137464d8693f339bb080d14d9c77140,60df0a7db0688df4967c306e4e36304a0f68d000d96b9af922caff79c7ab1fa0,10dfdb81f8d4e94b6c79fe77873ee10c1c43c43b752debce9aaf7641d2402843,fd0b415d4995c8ff6b61d5f15fd84a08191887a08a37ecd0fc53bb9453bf23c6,1.2654947265982628,0.20667209113100082,0.580960130187144,0.6061838893409276
warm_4N_raw_s47_f25_hard_replay_lr0.003,warm,4N,raw,47,25,hard_replay,lr0.003,adam,0.003,,300,0.6256386041641235,1.3584648370742798,0.0185546875,0.40990450978279114,49ef3c8be1a7dbbdd42185a6a09899eba3385872ecd98f019d82a59bc2ac3d33,b86bc4f69f3ea6b66f460339e07a09a8487eb0e80569484844005963c14ca843,d147a76ae91c9b55168b50aa0709b5168bbf04b2d3e1476e472aee0bf2e2c5c4,49ef3c8be1a7dbbdd42185a6a09899eba3385872ecd98f019d82a59bc2ac3d33,a2771f7662d36e10c65a86f812de79eacad9c02d8b065cd0047eed877ad7e9b9,4N_raw_s47_f0_lr0.001,ffec9cd1a7f1e5701f5288c012b5c0ee1f527a8fcf8730c5fb233dc803a3ee76,f4879d28c7bfc4fc0718dc81a30a6a0db75ce7bcefea97e0986671e8d31f4eb9,1597,0,2047,5692,1707600,300,ae12d7d2443203214d1a1b6e6c0a259704d5a2a78dd3372c3eba05c56b325c96,3d41204b1e9c664522378aa87f6359809137464d8693f339bb080d14d9c77140,60df0a7db0688df4967c306e4e36304a0f68d000d96b9af922caff79c7ab1fa0,10dfdb81f8d4e94b6c79fe77873ee10c1c43c43b752debce9aaf7641d2402843,fd0b415d4995c8ff6b61d5f15fd84a08191887a08a37ecd0fc53bb9453bf23c6,1.2958054542541504,0.22945484133441824,0.5899104963384866,0.6224572823433686
warm_4N_raw_s47_f25_hard_replay_lr0.01,warm,4N,raw,47,25,hard_replay,lr0.01,adam,0.01,,300,0.5371342897415161,1.3584648370742798,0.015625,0.3126421570777893,49ef3c8be1a7dbbdd42185a6a09899eba3385872ecd98f019d82a59bc2ac3d33,b86bc4f69f3ea6b66f460339e07a09a8487eb0e80569484844005963c14ca843,3642902f17bfff882cd3327bb351ced114d300bb80e79a4041250c43279dc906,49ef3c8be1a7dbbdd42185a6a09899eba3385872ecd98f019d82a59bc2ac3d33,a2771f7662d36e10c65a86f812de79eacad9c02d8b065cd0047eed877ad7e9b9,4N_raw_s47_f0_lr0.001,da05c42affe7e5ac91222885a55efeee9b84461daf27fb281cb690a388e33cff,f4879d28c7bfc4fc0718dc81a30a6a0db75ce7bcefea97e0986671e8d31f4eb9,1597,0,2047,5692,1707600,300,ae12d7d2443203214d1a1b6e6c0a259704d5a2a78dd3372c3eba05c56b325c96,3d41204b1e9c664522378aa87f6359809137464d8693f339bb080d14d9c77140,60df0a7db0688df4967c306e4e36304a0f68d000d96b9af922caff79c7ab1fa0,10dfdb81f8d4e94b6c79fe77873ee10c1c43c43b752debce9aaf7641d2402843,fd0b415d4995c8ff6b61d5f15fd84a08191887a08a37ecd0fc53bb9453bf23c6,1.2844477444887161,0.22538649308380798,0.597233523189585,0.6061838893409276
warm_4N_raw_s47_f25_plain_adam_lr0.0005_steps600,warm,4N,raw,47,25,plain,adam_lr0.0005_steps600,adam,0.0005,,600,0.5483741164207458,1.3584648370742798,0.0654296875,0.4399811029434204,49ef3c8be1a7dbbdd42185a6a09899eba3385872ecd98f019d82a59bc2ac3d33,b86bc4f69f3ea6b66f460339e07a09a8487eb0e80569484844005963c14ca843,8dcd65f643355063c7374a9926c3ddff3258705af3815602d8ebe0b624d93e53,49ef3c8be1a7dbbdd42185a6a09899eba3385872ecd98f019d82a59bc2ac3d33,a2771f7662d36e10c65a86f812de79eacad9c02d8b065cd0047eed877ad7e9b9,4N_raw_s47_f0_lr0.001,11a702aee197a684a3138a72c51a7164dd9d1f97a9b29642024b8028878f441f,f4879d28c7bfc4fc0718dc81a30a6a0db75ce7bcefea97e0986671e8d31f4eb9,1597,0,2047,5692,3415200,600,ae12d7d2443203214d1a1b6e6c0a259704d5a2a78dd3372c3eba05c56b325c96,3d41204b1e9c664522378aa87f6359809137464d8693f339bb080d14d9c77140,60df0a7db0688df4967c306e4e36304a0f68d000d96b9af922caff79c7ab1fa0,10dfdb81f8d4e94b6c79fe77873ee10c1c43c43b752debce9aaf7641d2402843,fd0b415d4995c8ff6b61d5f15fd84a08191887a08a37ecd0fc53bb9453bf23c6,3.5052853003144264,0.1969080553295362,0.54759967453214,0.628966639544345
warm_4N_raw_s47_f25_plain_lr0.001,warm,4N,raw,47,25,plain,lr0.001,adam,0.001,,300,0.5274319052696228,1.3584648370742798,0.07666015625,0.5091008543968201,49ef3c8be1a7dbbdd42185a6a09899eba3385872ecd98f019d82a59bc2ac3d33,b86bc4f69f3ea6b66f460339e07a09a8487eb0e80569484844005963c14ca843,3d31296edb68a0ce989ee42a1c5268522df45e1cb5fe2b924302b3666d682de0,49ef3c8be1a7dbbdd42185a6a09899eba3385872ecd98f019d82a59bc2ac3d33,a2771f7662d36e10c65a86f812de79eacad9c02d8b065cd0047eed877ad7e9b9,4N_raw_s47_f0_lr0.001,4eacf4d1cfd1824ba3295512230da63298a8e29f661dbaedae113d3569a5f323,f4879d28c7bfc4fc0718dc81a30a6a0db75ce7bcefea97e0986671e8d31f4eb9,1597,0,2047,5692,1707600,300,ae12d7d2443203214d1a1b6e6c0a259704d5a2a78dd3372c3eba05c56b325c96,3d41204b1e9c664522378aa87f6359809137464d8693f339bb080d14d9c77140,60df0a7db0688df4967c306e4e36304a0f68d000d96b9af922caff79c7ab1fa0,10dfdb81f8d4e94b6c79fe77873ee10c1c43c43b752debce9aaf7641d2402843,fd0b415d4995c8ff6b61d5f15fd84a08191887a08a37ecd0fc53bb9453bf23c6,1.3240752667188644,0.19609438567941415,0.5386493083807974,0.6362896663954435
warm_4N_raw_s47_f25_plain_lr0.003,warm,4N,raw,47,25,plain,lr0.003,adam,0.003,,300,0.5788561105728149,1.3584648370742798,0.0546875,0.31448596715927124,49ef3c8be1a7dbbdd42185a6a09899eba3385872ecd98f019d82a59bc2ac3d33,b86bc4f69f3ea6b66f460339e07a09a8487eb0e80569484844005963c14ca843,ad7494ad24516309a75f738ab1f9a998adadbf78c5deb90a076adefb285d096a,49ef3c8be1a7dbbdd42185a6a09899eba3385872ecd98f019d82a59bc2ac3d33,a2771f7662d36e10c65a86f812de79eacad9c02d8b065cd0047eed877ad7e9b9,4N_raw_s47_f0_lr0.001,41971de4173720bea1bcc25421206d12b6c1439b31b5cfaaa90a213d9d2d2b9e,f4879d28c7bfc4fc0718dc81a30a6a0db75ce7bcefea97e0986671e8d31f4eb9,1597,0,2047,5692,1707600,300,ae12d7d2443203214d1a1b6e6c0a259704d5a2a78dd3372c3eba05c56b325c96,3d41204b1e9c664522378aa87f6359809137464d8693f339bb080d14d9c77140,60df0a7db0688df4967c306e4e36304a0f68d000d96b9af922caff79c7ab1fa0,10dfdb81f8d4e94b6c79fe77873ee10c1c43c43b752debce9aaf7641d2402843,fd0b415d4995c8ff6b61d5f15fd84a08191887a08a37ecd0fc53bb9453bf23c6,1.2995517179369926,0.19772172497965826,0.5557363710333605,0.6208299430431244
warm_4N_raw_s47_f25_plain_lr0.01,warm,4N,raw,47,25,plain,lr0.01,adam,0.01,,300,0.5442430973052979,1.3584648370742798,0.1201171875,0.36224791407585144,49ef3c8be1a7dbbdd42185a6a09899eba3385872ecd98f019d82a59bc2ac3d33,b86bc4f69f3ea6b66f460339e07a09a8487eb0e80569484844005963c14ca843,34ba6bdb4380cdb3133452f0048789ca0ce97fea95f09dd3fed42e597e897409,49ef3c8be1a7dbbdd42185a6a09899eba3385872ecd98f019d82a59bc2ac3d33,a2771f7662d36e10c65a86f812de79eacad9c02d8b065cd0047eed877ad7e9b9,4N_raw_s47_f0_lr0.001,c343ec62acb73ff2aedbe90845eb17553af041b22e209fc3857f0a6981d13689,f4879d28c7bfc4fc0718dc81a30a6a0db75ce7bcefea97e0986671e8d31f4eb9,1597,0,2047,5692,1707600,300,ae12d7d2443203214d1a1b6e6c0a259704d5a2a78dd3372c3eba05c56b325c96,3d41204b1e9c664522378aa87f6359809137464d8693f339bb080d14d9c77140,60df0a7db0688df4967c306e4e36304a0f68d000d96b9af922caff79c7ab1fa0,10dfdb81f8d4e94b6c79fe77873ee10c1c43c43b752debce9aaf7641d2402843,fd0b415d4995c8ff6b61d5f15fd84a08191887a08a37ecd0fc53bb9453bf23c6,1.2952634021639824,0.23108218063466232,0.5174938974776241,0.7005695687550855
warm_4N_raw_s47_f25_plain_sgd_m09_lr0.003,warm,4N,raw,47,25,plain,sgd_m09_lr0.003,sgd,0.003,0.9,300,0.5410146713256836,1.3584648370742798,0.07861328125,0.5110085010528564,49ef3c8be1a7dbbdd42185a6a09899eba3385872ecd98f019d82a59bc2ac3d33,b86bc4f69f3ea6b66f460339e07a09a8487eb0e80569484844005963c14ca843,71f5b2cbee7fe3c02883be68d580d4334d0dc435170cfda7c6443bec020e506d,49ef3c8be1a7dbbdd42185a6a09899eba3385872ecd98f019d82a59bc2ac3d33,a2771f7662d36e10c65a86f812de79eacad9c02d8b065cd0047eed877ad7e9b9,4N_raw_s47_f0_lr0.001,04def733762a620104ead72090926f8abc705804a2c237fab01d989a742c92c9,f4879d28c7bfc4fc0718dc81a30a6a0db75ce7bcefea97e0986671e8d31f4eb9,1597,0,2047,5692,1707600,300,ae12d7d2443203214d1a1b6e6c0a259704d5a2a78dd3372c3eba05c56b325c96,3d41204b1e9c664522378aa87f6359809137464d8693f339bb080d14d9c77140,60df0a7db0688df4967c306e4e36304a0f68d000d96b9af922caff79c7ab1fa0,10dfdb81f8d4e94b6c79fe77873ee10c1c43c43b752debce9aaf7641d2402843,fd0b415d4995c8ff6b61d5f15fd84a08191887a08a37ecd0fc53bb9453bf23c6,1.5269232466816902,0.19446704637917006,0.5451586655817738,0.6216436126932465
warm_4N_raw_s47_f25_plain_sgd_m09_lr0.01,warm,4N,raw,47,25,plain,sgd_m09_lr0.01,sgd,0.01,0.9,300,0.7017433643341064,1.3584648370742798,0.03857421875,0.25455647706985474,49ef3c8be1a7dbbdd42185a6a09899eba3385872ecd98f019d82a59bc2ac3d33,b86bc4f69f3ea6b66f460339e07a09a8487eb0e80569484844005963c14ca843,36cd32b6b6f46e6e40518ab021b6e0db6841354d03c430faa982a9f234bd12ce,49ef3c8be1a7dbbdd42185a6a09899eba3385872ecd98f019d82a59bc2ac3d33,a2771f7662d36e10c65a86f812de79eacad9c02d8b065cd0047eed877ad7e9b9,4N_raw_s47_f0_lr0.001,d7d1275758e1db024fe461c50391e45cc4baf2f3b9cbdaecf08a58fe8ae29d33,f4879d28c7bfc4fc0718dc81a30a6a0db75ce7bcefea97e0986671e8d31f4eb9,1597,0,2047,5692,1707600,300,ae12d7d2443203214d1a1b6e6c0a259704d5a2a78dd3372c3eba05c56b325c96,3d41204b1e9c664522378aa87f6359809137464d8693f339bb080d14d9c77140,60df0a7db0688df4967c306e4e36304a0f68d000d96b9af922caff79c7ab1fa0,10dfdb81f8d4e94b6c79fe77873ee10c1c43c43b752debce9aaf7641d2402843,fd0b415d4995c8ff6b61d5f15fd84a08191887a08a37ecd0fc53bb9453bf23c6,1.5419582948088646,0.22701383238405207,0.613506916192026,0.596419853539463
warm_4N_raw_s47_f25_preserve_flip_balanced_lr0.001,warm,4N,raw,47,25,preserve_flip_balanced,lr0.001,adam,0.001,,300,0.7640846967697144,1.3584648370742798,0.02197265625,0.31144165992736816,49ef3c8be1a7dbbdd42185a6a09899eba3385872ecd98f019d82a59bc2ac3d33,b86bc4f69f3ea6b66f460339e07a09a8487eb0e80569484844005963c14ca843,126903d965cdcae58006deb85e18b9ef2665a5ee81d86871f5cf1ed1b7979016,49ef3c8be1a7dbbdd42185a6a09899eba3385872ecd98f019d82a59bc2ac3d33,a2771f7662d36e10c65a86f812de79eacad9c02d8b065cd0047eed877ad7e9b9,4N_raw_s47_f0_lr0.001,bdb8eedb2158168576bcff5aa6d7283b1fac7a2865827d0be826ba72882957f3,bb760e4f61a55ec0acc8dd61f950430134cc9437f49b1ac59ef019d670e92288,798,799,2047,5692,1707600,300,ae12d7d2443203214d1a1b6e6c0a259704d5a2a78dd3372c3eba05c56b325c96,3d41204b1e9c664522378aa87f6359809137464d8693f339bb080d14d9c77140,60df0a7db0688df4967c306e4e36304a0f68d000d96b9af922caff79c7ab1fa0,10dfdb81f8d4e94b6c79fe77873ee10c1c43c43b752debce9aaf7641d2402843,fd0b415d4995c8ff6b61d5f15fd84a08191887a08a37ecd0fc53bb9453bf23c6,1.2576518878340721,0.19934906427990237,0.597233523189585,0.5890968266883645
warm_4N_raw_s47_f25_preserve_flip_balanced_lr0.003,warm,4N,raw,47,25,preserve_flip_balanced,lr0.003,adam,0.003,,300,0.8845530152320862,1.3584648370742798,0.0166015625,0.23492223024368286,49ef3c8be1a7dbbdd42185a6a09899eba3385872ecd98f019d82a59bc2ac3d33,b86bc4f69f3ea6b66f460339e07a09a8487eb0e80569484844005963c14ca843,2cc82549dc1c7f1069936d52f26be09d88011ada46b5575f49aada2f49ff2cb4,49ef3c8be1a7dbbdd42185a6a09899eba3385872ecd98f019d82a59bc2ac3d33,a2771f7662d36e10c65a86f812de79eacad9c02d8b065cd0047eed877ad7e9b9,4N_raw_s47_f0_lr0.001,3b910ad5ed57a0d9cb299046ea87c562872699213714f8e7f844c3689bd9f6c5,bb760e4f61a55ec0acc8dd61f950430134cc9437f49b1ac59ef019d670e92288,798,799,2047,5692,1707600,300,ae12d7d2443203214d1a1b6e6c0a259704d5a2a78dd3372c3eba05c56b325c96,3d41204b1e9c664522378aa87f6359809137464d8693f339bb080d14d9c77140,60df0a7db0688df4967c306e4e36304a0f68d000d96b9af922caff79c7ab1fa0,10dfdb81f8d4e94b6c79fe77873ee10c1c43c43b752debce9aaf7641d2402843,fd0b415d4995c8ff6b61d5f15fd84a08191887a08a37ecd0fc53bb9453bf23c6,1.3753054440021515,0.2001627339300244,0.6078112286411717,0.5785191212367778
warm_4N_raw_s47_f25_preserve_flip_balanced_lr0.01,warm,4N,raw,47,25,preserve_flip_balanced,lr0.01,adam,0.01,,300,0.7903707027435303,1.3584648370742798,0.01708984375,0.2138211578130722,49ef3c8be1a7dbbdd42185a6a09899eba3385872ecd98f019d82a59bc2ac3d33,b86bc4f69f3ea6b66f460339e07a09a8487eb0e80569484844005963c14ca843,d10be990d360e73cc9e541db07b097072a5f88edf79040e6827a7490269e831b,49ef3c8be1a7dbbdd42185a6a09899eba3385872ecd98f019d82a59bc2ac3d33,a2771f7662d36e10c65a86f812de79eacad9c02d8b065cd0047eed877ad7e9b9,4N_raw_s47_f0_lr0.001,3777bc3dd0f9be259af959948b82a30dfb5b40b76a396b6b4f850ec890a7012d,bb760e4f61a55ec0acc8dd61f950430134cc9437f49b1ac59ef019d670e92288,798,799,2047,5692,1707600,300,ae12d7d2443203214d1a1b6e6c0a259704d5a2a78dd3372c3eba05c56b325c96,3d41204b1e9c664522378aa87f6359809137464d8693f339bb080d14d9c77140,60df0a7db0688df4967c306e4e36304a0f68d000d96b9af922caff79c7ab1fa0,10dfdb81f8d4e94b6c79fe77873ee10c1c43c43b752debce9aaf7641d2402843,fd0b415d4995c8ff6b61d5f15fd84a08191887a08a37ecd0fc53bb9453bf23c6,1.319864846765995,0.2017900732302685,0.6257119609438568,0.5614320585842149
warm_4N_raw_s47_f25_protection_lr0.001,warm,4N,raw,47,25,protection,lr0.001,adam,0.001,,300,0.5749099850654602,1.3584648370742798,0.03515625,0.64805668592453,49ef3c8be1a7dbbdd42185a6a09899eba3385872ecd98f019d82a59bc2ac3d33,b86bc4f69f3ea6b66f460339e07a09a8487eb0e80569484844005963c14ca843,189b9c47236193382ed2e23985c2b177febd298c37ad4ae41ab58188f88b39c7,49ef3c8be1a7dbbdd42185a6a09899eba3385872ecd98f019d82a59bc2ac3d33,a2771f7662d36e10c65a86f812de79eacad9c02d8b065cd0047eed877ad7e9b9,4N_raw_s47_f0_lr0.001,8bda39f0cf37dc7358d1cf0158d2cff0ff63bc16e039efbaf07d2f6becaaccea,f4879d28c7bfc4fc0718dc81a30a6a0db75ce7bcefea97e0986671e8d31f4eb9,1597,0,2047,5692,1707600,300,ae12d7d2443203214d1a1b6e6c0a259704d5a2a78dd3372c3eba05c56b325c96,3d41204b1e9c664522378aa87f6359809137464d8693f339bb080d14d9c77140,60df0a7db0688df4967c306e4e36304a0f68d000d96b9af922caff79c7ab1fa0,10dfdb81f8d4e94b6c79fe77873ee10c1c43c43b752debce9aaf7641d2402843,fd0b415d4995c8ff6b61d5f15fd84a08191887a08a37ecd0fc53bb9453bf23c6,1.3174509927630424,0.2115541090317331,0.5850284784377543,0.6069975589910497
warm_4N_raw_s47_f25_protection_lr0.003,warm,4N,raw,47,25,protection,lr0.003,adam,0.003,,300,0.6042227149009705,1.3584648370742798,0.021484375,0.46278664469718933,49ef3c8be1a7dbbdd42185a6a09899eba3385872ecd98f019d82a59bc2ac3d33,b86bc4f69f3ea6b66f460339e07a09a8487eb0e80569484844005963c14ca843,b125ec0da9492d3edd04e20a1bc95dcf422c1d96d7637ba80192604ea628ac38,49ef3c8be1a7dbbdd42185a6a09899eba3385872ecd98f019d82a59bc2ac3d33,a2771f7662d36e10c65a86f812de79eacad9c02d8b065cd0047eed877ad7e9b9,4N_raw_s47_f0_lr0.001,fbbdf03a2cbcff47114f0eb0df9c9c94d55d37c39c5733def5b5bacb8a75531f,f4879d28c7bfc4fc0718dc81a30a6a0db75ce7bcefea97e0986671e8d31f4eb9,1597,0,2047,5692,1707600,300,ae12d7d2443203214d1a1b6e6c0a259704d5a2a78dd3372c3eba05c56b325c96,3d41204b1e9c664522378aa87f6359809137464d8693f339bb080d14d9c77140,60df0a7db0688df4967c306e4e36304a0f68d000d96b9af922caff79c7ab1fa0,10dfdb81f8d4e94b6c79fe77873ee10c1c43c43b752debce9aaf7641d2402843,fd0b415d4995c8ff6b61d5f15fd84a08191887a08a37ecd0fc53bb9453bf23c6,1.2840407863259315,0.22945484133441824,0.5890968266883645,0.6224572823433686
warm_4N_raw_s47_f25_protection_lr0.01,warm,4N,raw,47,25,protection,lr0.01,adam,0.01,,300,0.52000492811203,1.3584648370742798,0.01708984375,0.37474194169044495,49ef3c8be1a7dbbdd42185a6a09899eba3385872ecd98f019d82a59bc2ac3d33,b86bc4f69f3ea6b66f460339e07a09a8487eb0e80569484844005963c14ca843,67c15994ecae73d2dd6af2d939c8b9bed42e3bae606814d38decb82eb8091fc6,49ef3c8be1a7dbbdd42185a6a09899eba3385872ecd98f019d82a59bc2ac3d33,a2771f7662d36e10c65a86f812de79eacad9c02d8b065cd0047eed877ad7e9b9,4N_raw_s47_f0_lr0.001,87b154fad1d4eb9ad77e6d56ce7ca734f3fff1df6e4ca45f39815bb2a48965fd,f4879d28c7bfc4fc0718dc81a30a6a0db75ce7bcefea97e0986671e8d31f4eb9,1597,0,2047,5692,1707600,300,ae12d7d2443203214d1a1b6e6c0a259704d5a2a78dd3372c3eba05c56b325c96,3d41204b1e9c664522378aa87f6359809137464d8693f339bb080d14d9c77140,60df0a7db0688df4967c306e4e36304a0f68d000d96b9af922caff79c7ab1fa0,10dfdb81f8d4e94b6c79fe77873ee10c1c43c43b752debce9aaf7641d2402843,fd0b415d4995c8ff6b61d5f15fd84a08191887a08a37ecd0fc53bb9453bf23c6,1.3261199072003365,0.2229454841334418,0.6143205858421481,0.5939788445890968
warm_4N_sixdist_s11_f0_hard_replay_lr0.001,warm,4N,sixdist,11,0,hard_replay,lr0.001,adam,0.001,,300,0.5827298760414124,0.3395761251449585,0.0,0.0009695887565612793,c0ba3e5bc17f6aec17850d2e7805e5a8074d92aedf91d11052442481a1093ba7,761d48b7c84d453f01d211cbcb4add71c7e1dbccd6575701b804c3e35fb37b06,f86a5d5a642c6f27c13f007f094ba07f73428bc5108820c1dbc267f3584756e9,c0ba3e5bc17f6aec17850d2e7805e5a8074d92aedf91d11052442481a1093ba7,e20e3e18b8d05d67bcf3836116485431e034ee700d4daaeed0c3a221baf0018e,4N_sixdist_s11_f0_lr0.001,521b898b8bd640e7bb32091bb96cbd60172c8c819648c03160063d96675d19d2,c0f4d01d04d6cedfe52ce0eab9b3402e7ff8514942903994138b97d1fa719380,0,0,2048,4096,1228800,300,ae12d7d2443203214d1a1b6e6c0a259704d5a2a78dd3372c3eba05c56b325c96,3d41204b1e9c664522378aa87f6359809137464d8693f339bb080d14d9c77140,60df0a7db0688df4967c306e4e36304a0f68d000d96b9af922caff79c7ab1fa0,10dfdb81f8d4e94b6c79fe77873ee10c1c43c43b752debce9aaf7641d2402843,fd0b415d4995c8ff6b61d5f15fd84a08191887a08a37ecd0fc53bb9453bf23c6,1.7595505937933922,0.5508543531326282,0.8633034987794955,0.6859235150528885
warm_4N_sixdist_s11_f0_hard_replay_lr0.003,warm,4N,sixdist,11,0,hard_replay,lr0.003,adam,0.003,,300,0.6586549878120422,0.3395761251449585,0.0,0.0005509397014975548,c0ba3e5bc17f6aec17850d2e7805e5a8074d92aedf91d11052442481a1093ba7,761d48b7c84d453f01d211cbcb4add71c7e1dbccd6575701b804c3e35fb37b06,810990a0494c8fb4a4d429ff59bb2384533339a6b1ee5d9d5dd2e4512dce5a97,c0ba3e5bc17f6aec17850d2e7805e5a8074d92aedf91d11052442481a1093ba7,e20e3e18b8d05d67bcf3836116485431e034ee700d4daaeed0c3a221baf0018e,4N_sixdist_s11_f0_lr0.001,ef5207cb95255ed37566216045cc5347a375465e478d4d417bffefb8617118d5,c0f4d01d04d6cedfe52ce0eab9b3402e7ff8514942903994138b97d1fa719380,0,0,2048,4096,1228800,300,ae12d7d2443203214d1a1b6e6c0a259704d5a2a78dd3372c3eba05c56b325c96,3d41204b1e9c664522378aa87f6359809137464d8693f339bb080d14d9c77140,60df0a7db0688df4967c306e4e36304a0f68d000d96b9af922caff79c7ab1fa0,10dfdb81f8d4e94b6c79fe77873ee10c1c43c43b752debce9aaf7641d2402843,fd0b415d4995c8ff6b61d5f15fd84a08191887a08a37ecd0fc53bb9453bf23c6,1.7032000795006752,0.549227013832384,0.8641171684296176,0.6826688364524003
warm_4N_sixdist_s11_f0_hard_replay_lr0.01,warm,4N,sixdist,11,0,hard_replay,lr0.01,adam,0.01,,300,0.5954455733299255,0.3395761251449585,0.0,0.001020841533318162,c0ba3e5bc17f6aec17850d2e7805e5a8074d92aedf91d11052442481a1093ba7,761d48b7c84d453f01d211cbcb4add71c7e1dbccd6575701b804c3e35fb37b06,812fc258a1746caff6a23e7984deb604be40953ef5b868670b3a284a08ca587c,c0ba3e5bc17f6aec17850d2e7805e5a8074d92aedf91d11052442481a1093ba7,e20e3e18b8d05d67bcf3836116485431e034ee700d4daaeed0c3a221baf0018e,4N_sixdist_s11_f0_lr0.001,95ab61ee5ecbf0b5d9148ec5e1f39b50401980437ab2702ba52d3ca8ae92c4be,c0f4d01d04d6cedfe52ce0eab9b3402e7ff8514942903994138b97d1fa719380,0,0,2048,4096,1228800,300,ae12d7d2443203214d1a1b6e6c0a259704d5a2a78dd3372c3eba05c56b325c96,3d41204b1e9c664522378aa87f6359809137464d8693f339bb080d14d9c77140,60df0a7db0688df4967c306e4e36304a0f68d000d96b9af922caff79c7ab1fa0,10dfdb81f8d4e94b6c79fe77873ee10c1c43c43b752debce9aaf7641d2402843,fd0b415d4995c8ff6b61d5f15fd84a08191887a08a37ecd0fc53bb9453bf23c6,1.6366781815886497,0.5370219690805533,0.8649308380797396,0.6704637917005696
warm_4N_sixdist_s11_f0_plain_adam_lr0.0005_steps600,warm,4N,sixdist,11,0,plain,adam_lr0.0005_steps600,adam,0.0005,,600,0.655448853969574,0.3395761251449585,0.0,0.00020164660236332566,c0ba3e5bc17f6aec17850d2e7805e5a8074d92aedf91d11052442481a1093ba7,761d48b7c84d453f01d211cbcb4add71c7e1dbccd6575701b804c3e35fb37b06,9917f4a30a4cad67de32183a80cefe373af7e349a3fd1caa4075bd705c6530db,c0ba3e5bc17f6aec17850d2e7805e5a8074d92aedf91d11052442481a1093ba7,e20e3e18b8d05d67bcf3836116485431e034ee700d4daaeed0c3a221baf0018e,4N_sixdist_s11_f0_lr0.001,7e912912665302c84b1b97f00801fcb8dd5ef061f633a581785671f7df47164e,c0f4d01d04d6cedfe52ce0eab9b3402e7ff8514942903994138b97d1fa719380,0,0,2048,4096,2457600,600,ae12d7d2443203214d1a1b6e6c0a259704d5a2a78dd3372c3eba05c56b325c96,3d41204b1e9c664522378aa87f6359809137464d8693f339bb080d14d9c77140,60df0a7db0688df4967c306e4e36304a0f68d000d96b9af922caff79c7ab1fa0,10dfdb81f8d4e94b6c79fe77873ee10c1c43c43b752debce9aaf7641d2402843,fd0b415d4995c8ff6b61d5f15fd84a08191887a08a37ecd0fc53bb9453bf23c6,3.7285680919885635,0.5402766476810414,0.8616761594792515,0.6769731489015459
warm_4N_sixdist_s11_f0_plain_lr0.001,warm,4N,sixdist,11,0,plain,lr0.001,adam,0.001,,300,0.5825048685073853,0.3395761251449585,0.0,0.0004843991482630372,c0ba3e5bc17f6aec17850d2e7805e5a8074d92aedf91d11052442481a1093ba7,761d48b7c84d453f01d211cbcb4add71c7e1dbccd6575701b804c3e35fb37b06,888dae76ecb339af9a4a44fd4e2f641dc1a41923b00e4463c628bdb52fd405d9,c0ba3e5bc17f6aec17850d2e7805e5a8074d92aedf91d11052442481a1093ba7,e20e3e18b8d05d67bcf3836116485431e034ee700d4daaeed0c3a221baf0018e,4N_sixdist_s11_f0_lr0.001,d1c89d57f9a028a2676e9b1d7e5b764be85b12db1d21157565b4f9707a23c4bd,c0f4d01d04d6cedfe52ce0eab9b3402e7ff8514942903994138b97d1fa719380,0,0,2048,4096,1228800,300,ae12d7d2443203214d1a1b6e6c0a259704d5a2a78dd3372c3eba05c56b325c96,3d41204b1e9c664522378aa87f6359809137464d8693f339bb080d14d9c77140,60df0a7db0688df4967c306e4e36304a0f68d000d96b9af922caff79c7ab1fa0,10dfdb81f8d4e94b6c79fe77873ee10c1c43c43b752debce9aaf7641d2402843,fd0b415d4995c8ff6b61d5f15fd84a08191887a08a37ecd0fc53bb9453bf23c6,1.3898767903447151,0.5508543531326282,0.8633034987794955,0.6859235150528885
warm_4N_sixdist_s11_f0_plain_lr0.003,warm,4N,sixdist,11,0,plain,lr0.003,adam,0.003,,300,0.658865213394165,0.3395761251449585,0.0,0.0002753617591224611,c0ba3e5bc17f6aec17850d2e7805e5a8074d92aedf91d11052442481a1093ba7,761d48b7c84d453f01d211cbcb4add71c7e1dbccd6575701b804c3e35fb37b06,640ab99bca0cb7712781e95ac456ad6c141cf4a91d8e130251f3718e21663d46,c0ba3e5bc17f6aec17850d2e7805e5a8074d92aedf91d11052442481a1093ba7,e20e3e18b8d05d67bcf3836116485431e034ee700d4daaeed0c3a221baf0018e,4N_sixdist_s11_f0_lr0.001,f617352bd9c04d9044f848de173704dd423ea2baff8624a13b5e389ae198516c,c0f4d01d04d6cedfe52ce0eab9b3402e7ff8514942903994138b97d1fa719380,0,0,2048,4096,1228800,300,ae12d7d2443203214d1a1b6e6c0a259704d5a2a78dd3372c3eba05c56b325c96,3d41204b1e9c664522378aa87f6359809137464d8693f339bb080d14d9c77140,60df0a7db0688df4967c306e4e36304a0f68d000d96b9af922caff79c7ab1fa0,10dfdb81f8d4e94b6c79fe77873ee10c1c43c43b752debce9aaf7641d2402843,fd0b415d4995c8ff6b61d5f15fd84a08191887a08a37ecd0fc53bb9453bf23c6,1.3802908137440681,0.549227013832384,0.8641171684296176,0.6826688364524003
warm_4N_sixdist_s11_f0_plain_lr0.01,warm,4N,sixdist,11,0,plain,lr0.01,adam,0.01,,300,0.5952896475791931,0.3395761251449585,0.0,0.000510657555423677,c0ba3e5bc17f6aec17850d2e7805e5a8074d92aedf91d11052442481a1093ba7,761d48b7c84d453f01d211cbcb4add71c7e1dbccd6575701b804c3e35fb37b06,98a534ad47ea058e1b83f763057f6771140cf86496a882093015188b28d8e1e5,c0ba3e5bc17f6aec17850d2e7805e5a8074d92aedf91d11052442481a1093ba7,e20e3e18b8d05d67bcf3836116485431e034ee700d4daaeed0c3a221baf0018e,4N_sixdist_s11_f0_lr0.001,3498a5de9851a374e0f01b835d9ecf59736883ec9b34ec31bae19d28e0a99963,c0f4d01d04d6cedfe52ce0eab9b3402e7ff8514942903994138b97d1fa719380,0,0,2048,4096,1228800,300,ae12d7d2443203214d1a1b6e6c0a259704d5a2a78dd3372c3eba05c56b325c96,3d41204b1e9c664522378aa87f6359809137464d8693f339bb080d14d9c77140,60df0a7db0688df4967c306e4e36304a0f68d000d96b9af922caff79c7ab1fa0,10dfdb81f8d4e94b6c79fe77873ee10c1c43c43b752debce9aaf7641d2402843,fd0b415d4995c8ff6b61d5f15fd84a08191887a08a37ecd0fc53bb9453bf23c6,1.4373210817575455,0.5378356387306753,0.8649308380797396,0.6712774613506917
warm_4N_sixdist_s11_f0_plain_sgd_m09_lr0.003,warm,4N,sixdist,11,0,plain,sgd_m09_lr0.003,sgd,0.003,0.9,300,0.35237884521484375,0.3395761251449585,0.0,0.006293888669461012,c0ba3e5bc17f6aec17850d2e7805e5a8074d92aedf91d11052442481a1093ba7,761d48b7c84d453f01d211cbcb4add71c7e1dbccd6575701b804c3e35fb37b06,539b9b3f63ba5a4103efc3d764c8d8e6083e1ede31d1999bdf64305bdfe8d3be,c0ba3e5bc17f6aec17850d2e7805e5a8074d92aedf91d11052442481a1093ba7,e20e3e18b8d05d67bcf3836116485431e034ee700d4daaeed0c3a221baf0018e,4N_sixdist_s11_f0_lr0.001,c02ca1d8588496bed6e8197df6e0742f1db4862b766ff20399d7fe0df02744b7,c0f4d01d04d6cedfe52ce0eab9b3402e7ff8514942903994138b97d1fa719380,0,0,2048,4096,1228800,300,ae12d7d2443203214d1a1b6e6c0a259704d5a2a78dd3372c3eba05c56b325c96,3d41204b1e9c664522378aa87f6359809137464d8693f339bb080d14d9c77140,60df0a7db0688df4967c306e4e36304a0f68d000d96b9af922caff79c7ab1fa0,10dfdb81f8d4e94b6c79fe77873ee10c1c43c43b752debce9aaf7641d2402843,fd0b415d4995c8ff6b61d5f15fd84a08191887a08a37ecd0fc53bb9453bf23c6,1.4020595476031303,0.5443449959316518,0.869812855980472,0.6720911310008136
warm_4N_sixdist_s11_f0_plain_sgd_m09_lr0.01,warm,4N,sixdist,11,0,plain,sgd_m09_lr0.01,sgd,0.01,0.9,300,0.3781837522983551,0.3395761251449585,0.0,0.004425637423992157,c0ba3e5bc17f6aec17850d2e7805e5a8074d92aedf91d11052442481a1093ba7,761d48b7c84d453f01d211cbcb4add71c7e1dbccd6575701b804c3e35fb37b06,1ecc16ca158a51dd2f551fc0a89a35e31ea516ea3e4931d12ca8c546e7543883,c0ba3e5bc17f6aec17850d2e7805e5a8074d92aedf91d11052442481a1093ba7,e20e3e18b8d05d67bcf3836116485431e034ee700d4daaeed0c3a221baf0018e,4N_sixdist_s11_f0_lr0.001,b417588d2ee81dd358a678d13f970f430db4e11a8ac24f5e51cea2737ca4b46d,c0f4d01d04d6cedfe52ce0eab9b3402e7ff8514942903994138b97d1fa719380,0,0,2048,4096,1228800,300,ae12d7d2443203214d1a1b6e6c0a259704d5a2a78dd3372c3eba05c56b325c96,3d41204b1e9c664522378aa87f6359809137464d8693f339bb080d14d9c77140,60df0a7db0688df4967c306e4e36304a0f68d000d96b9af922caff79c7ab1fa0,10dfdb81f8d4e94b6c79fe77873ee10c1c43c43b752debce9aaf7641d2402843,fd0b415d4995c8ff6b61d5f15fd84a08191887a08a37ecd0fc53bb9453bf23c6,1.4361305087804794,0.5500406834825061,0.869812855980472,0.677786818551668
warm_4N_sixdist_s11_f0_preserve_flip_balanced_lr0.001,warm,4N,sixdist,11,0,preserve_flip_balanced,lr0.001,adam,0.001,,300,0.5825048685073853,0.3395761251449585,0.0,0.0004843991482630372,c0ba3e5bc17f6aec17850d2e7805e5a8074d92aedf91d11052442481a1093ba7,761d48b7c84d453f01d211cbcb4add71c7e1dbccd6575701b804c3e35fb37b06,888dae76ecb339af9a4a44fd4e2f641dc1a41923b00e4463c628bdb52fd405d9,c0ba3e5bc17f6aec17850d2e7805e5a8074d92aedf91d11052442481a1093ba7,e20e3e18b8d05d67bcf3836116485431e034ee700d4daaeed0c3a221baf0018e,4N_sixdist_s11_f0_lr0.001,ca5f78acf108da5e76f889415a5dc78cf470887d662c61091ea5885eead11dee,c0f4d01d04d6cedfe52ce0eab9b3402e7ff8514942903994138b97d1fa719380,0,0,2048,4096,1228800,300,ae12d7d2443203214d1a1b6e6c0a259704d5a2a78dd3372c3eba05c56b325c96,3d41204b1e9c664522378aa87f6359809137464d8693f339bb080d14d9c77140,60df0a7db0688df4967c306e4e36304a0f68d000d96b9af922caff79c7ab1fa0,10dfdb81f8d4e94b6c79fe77873ee10c1c43c43b752debce9aaf7641d2402843,fd0b415d4995c8ff6b61d5f15fd84a08191887a08a37ecd0fc53bb9453bf23c6,1.4078449010849,0.5508543531326282,0.8633034987794955,0.6859235150528885
warm_4N_sixdist_s11_f0_preserve_flip_balanced_lr0.003,warm,4N,sixdist,11,0,preserve_flip_balanced,lr0.003,adam,0.003,,300,0.658865213394165,0.3395761251449585,0.0,0.0002753617591224611,c0ba3e5bc17f6aec17850d2e7805e5a8074d92aedf91d11052442481a1093ba7,761d48b7c84d453f01d211cbcb4add71c7e1dbccd6575701b804c3e35fb37b06,640ab99bca0cb7712781e95ac456ad6c141cf4a91d8e130251f3718e21663d46,c0ba3e5bc17f6aec17850d2e7805e5a8074d92aedf91d11052442481a1093ba7,e20e3e18b8d05d67bcf3836116485431e034ee700d4daaeed0c3a221baf0018e,4N_sixdist_s11_f0_lr0.001,87b68bbaff801759f3bc315a7b266044289ce883b80c52e0f5627c8112d05e7a,c0f4d01d04d6cedfe52ce0eab9b3402e7ff8514942903994138b97d1fa719380,0,0,2048,4096,1228800,300,ae12d7d2443203214d1a1b6e6c0a259704d5a2a78dd3372c3eba05c56b325c96,3d41204b1e9c664522378aa87f6359809137464d8693f339bb080d14d9c77140,60df0a7db0688df4967c306e4e36304a0f68d000d96b9af922caff79c7ab1fa0,10dfdb81f8d4e94b6c79fe77873ee10c1c43c43b752debce9aaf7641d2402843,fd0b415d4995c8ff6b61d5f15fd84a08191887a08a37ecd0fc53bb9453bf23c6,1.3642238304018974,0.549227013832384,0.8641171684296176,0.6826688364524003
warm_4N_sixdist_s11_f0_preserve_flip_balanced_lr0.01,warm,4N,sixdist,11,0,preserve_flip_balanced,lr0.01,adam,0.01,,300,0.5952896475791931,0.3395761251449585,0.0,0.000510657555423677,c0ba3e5bc17f6aec17850d2e7805e5a8074d92aedf91d11052442481a1093ba7,761d48b7c84d453f01d211cbcb4add71c7e1dbccd6575701b804c3e35fb37b06,98a534ad47ea058e1b83f763057f6771140cf86496a882093015188b28d8e1e5,c0ba3e5bc17f6aec17850d2e7805e5a8074d92aedf91d11052442481a1093ba7,e20e3e18b8d05d67bcf3836116485431e034ee700d4daaeed0c3a221baf0018e,4N_sixdist_s11_f0_lr0.001,01293250656c2652b32decf9e5c53fba7f34f7d4a500fae1900681b86c594257,c0f4d01d04d6cedfe52ce0eab9b3402e7ff8514942903994138b97d1fa719380,0,0,2048,4096,1228800,300,ae12d7d2443203214d1a1b6e6c0a259704d5a2a78dd3372c3eba05c56b325c96,3d41204b1e9c664522378aa87f6359809137464d8693f339bb080d14d9c77140,60df0a7db0688df4967c306e4e36304a0f68d000d96b9af922caff79c7ab1fa0,10dfdb81f8d4e94b6c79fe77873ee10c1c43c43b752debce9aaf7641d2402843,fd0b415d4995c8ff6b61d5f15fd84a08191887a08a37ecd0fc53bb9453bf23c6,1.2881324514746666,0.5378356387306753,0.8649308380797396,0.6712774613506917
warm_4N_sixdist_s11_f0_protection_lr0.001,warm,4N,sixdist,11,0,protection,lr0.001,adam,0.001,,300,0.3833608627319336,0.3395761251449585,0.0,0.02888304926455021,c0ba3e5bc17f6aec17850d2e7805e5a8074d92aedf91d11052442481a1093ba7,761d48b7c84d453f01d211cbcb4add71c7e1dbccd6575701b804c3e35fb37b06,64af47efcf6a897d0e5cae615c02e2c2a3d14836dde92df4fb39f44d0b0280d3,c0ba3e5bc17f6aec17850d2e7805e5a8074d92aedf91d11052442481a1093ba7,e20e3e18b8d05d67bcf3836116485431e034ee700d4daaeed0c3a221baf0018e,4N_sixdist_s11_f0_lr0.001,a92ef6d1ad631b63954e499adb607cbaefcd018290b55f9a029c9e5f7cd8611f,c0f4d01d04d6cedfe52ce0eab9b3402e7ff8514942903994138b97d1fa719380,0,0,2048,4096,1228800,300,ae12d7d2443203214d1a1b6e6c0a259704d5a2a78dd3372c3eba05c56b325c96,3d41204b1e9c664522378aa87f6359809137464d8693f339bb080d14d9c77140,60df0a7db0688df4967c306e4e36304a0f68d000d96b9af922caff79c7ab1fa0,10dfdb81f8d4e94b6c79fe77873ee10c1c43c43b752debce9aaf7641d2402843,fd0b415d4995c8ff6b61d5f15fd84a08191887a08a37ecd0fc53bb9453bf23c6,1.4875671416521072,0.5467860048820179,0.8657445077298617,0.677786818551668
warm_4N_sixdist_s11_f0_protection_lr0.003,warm,4N,sixdist,11,0,protection,lr0.003,adam,0.003,,300,0.38169559836387634,0.3395761251449585,0.0,0.028894368559122086,c0ba3e5bc17f6aec17850d2e7805e5a8074d92aedf91d11052442481a1093ba7,761d48b7c84d453f01d211cbcb4add71c7e1dbccd6575701b804c3e35fb37b06,bd24410df03fbbb036ef8bf51184a3d056e36bc063f465030cd1dda8a6a178ea,c0ba3e5bc17f6aec17850d2e7805e5a8074d92aedf91d11052442481a1093ba7,e20e3e18b8d05d67bcf3836116485431e034ee700d4daaeed0c3a221baf0018e,4N_sixdist_s11_f0_lr0.001,42f6aee4b2b1b849bc11961f1422e2aefa82c2c63a996b30277c63703020240d,c0f4d01d04d6cedfe52ce0eab9b3402e7ff8514942903994138b97d1fa719380,0,0,2048,4096,1228800,300,ae12d7d2443203214d1a1b6e6c0a259704d5a2a78dd3372c3eba05c56b325c96,3d41204b1e9c664522378aa87f6359809137464d8693f339bb080d14d9c77140,60df0a7db0688df4967c306e4e36304a0f68d000d96b9af922caff79c7ab1fa0,10dfdb81f8d4e94b6c79fe77873ee10c1c43c43b752debce9aaf7641d2402843,fd0b415d4995c8ff6b61d5f15fd84a08191887a08a37ecd0fc53bb9453bf23c6,1.4682188630104065,0.5459723352318958,0.8649308380797396,0.677786818551668
warm_4N_sixdist_s11_f0_protection_lr0.01,warm,4N,sixdist,11,0,protection,lr0.01,adam,0.01,,300,0.38398489356040955,0.3395761251449585,0.0,0.029018782079219818,c0ba3e5bc17f6aec17850d2e7805e5a8074d92aedf91d11052442481a1093ba7,761d48b7c84d453f01d211cbcb4add71c7e1dbccd6575701b804c3e35fb37b06,63b34d54a25b259983c3dab906fefa388b725134cef178397e04480391de172a,c0ba3e5bc17f6aec17850d2e7805e5a8074d92aedf91d11052442481a1093ba7,e20e3e18b8d05d67bcf3836116485431e034ee700d4daaeed0c3a221baf0018e,4N_sixdist_s11_f0_lr0.001,27ef350fb4c99fdb6d2afc7083bc187ed056cd68397f5539bdaed6e9c9915c66,c0f4d01d04d6cedfe52ce0eab9b3402e7ff8514942903994138b97d1fa719380,0,0,2048,4096,1228800,300,ae12d7d2443203214d1a1b6e6c0a259704d5a2a78dd3372c3eba05c56b325c96,3d41204b1e9c664522378aa87f6359809137464d8693f339bb080d14d9c77140,60df0a7db0688df4967c306e4e36304a0f68d000d96b9af922caff79c7ab1fa0,10dfdb81f8d4e94b6c79fe77873ee10c1c43c43b752debce9aaf7641d2402843,fd0b415d4995c8ff6b61d5f15fd84a08191887a08a37ecd0fc53bb9453bf23c6,1.372253157198429,0.5402766476810414,0.8641171684296176,0.6745321399511798
warm_4N_sixdist_s11_f100_hard_replay_lr0.001,warm,4N,sixdist,11,100,hard_replay,lr0.001,adam,0.001,,300,0.07171660661697388,0.3395761251449585,0.001953125,0.08721544593572617,c0ba3e5bc17f6aec17850d2e7805e5a8074d92aedf91d11052442481a1093ba7,761d48b7c84d453f01d211cbcb4add71c7e1dbccd6575701b804c3e35fb37b06,97914dd7f0b6cc3a600ba0ee249b34e21343a167f52d6e1f149ba924e9b2cad5,c0ba3e5bc17f6aec17850d2e7805e5a8074d92aedf91d11052442481a1093ba7,e20e3e18b8d05d67bcf3836116485431e034ee700d4daaeed0c3a221baf0018e,4N_sixdist_s11_f0_lr0.001,dc5d4cabd0336ee890a30e7d7870e48887e7c4fc47956d8b9ffa41d57ffc513d,2226cb57f55dc5723c6244d0f2299ae3a943e50964d35bda827489b4f53e6f71,6390,0,2048,10486,3145800,300,ae12d7d2443203214d1a1b6e6c0a259704d5a2a78dd3372c3eba05c56b325c96,3d41204b1e9c664522378aa87f6359809137464d8693f339bb080d14d9c77140,60df0a7db0688df4967c306e4e36304a0f68d000d96b9af922caff79c7ab1fa0,10dfdb81f8d4e94b6c79fe77873ee10c1c43c43b752debce9aaf7641d2402843,fd0b415d4995c8ff6b61d5f15fd84a08191887a08a37ecd0fc53bb9453bf23c6,3.2780037447810173,0.7925142392188771,0.9007323026851098,0.8917819365337672
warm_4N_sixdist_s11_f100_hard_replay_lr0.003,warm,4N,sixdist,11,100,hard_replay,lr0.003,adam,0.003,,300,0.06369682401418686,0.3395761251449585,0.0009765625,0.0611228421330452,c0ba3e5bc17f6aec17850d2e7805e5a8074d92aedf91d11052442481a1093ba7,761d48b7c84d453f01d211cbcb4add71c7e1dbccd6575701b804c3e35fb37b06,dc3ebc62e9306b33ca155ed3c6173a2d108670354bb4a89d52e654d293476cbf,c0ba3e5bc17f6aec17850d2e7805e5a8074d92aedf91d11052442481a1093ba7,e20e3e18b8d05d67bcf3836116485431e034ee700d4daaeed0c3a221baf0018e,4N_sixdist_s11_f0_lr0.001,6dcba14bae889eb767be7405ea70dbd604b2bf5c82250d4fd6a8d41109b4ad8a,2226cb57f55dc5723c6244d0f2299ae3a943e50964d35bda827489b4f53e6f71,6390,0,2048,10486,3145800,300,ae12d7d2443203214d1a1b6e6c0a259704d5a2a78dd3372c3eba05c56b325c96,3d41204b1e9c664522378aa87f6359809137464d8693f339bb080d14d9c77140,60df0a7db0688df4967c306e4e36304a0f68d000d96b9af922caff79c7ab1fa0,10dfdb81f8d4e94b6c79fe77873ee10c1c43c43b752debce9aaf7641d2402843,fd0b415d4995c8ff6b61d5f15fd84a08191887a08a37ecd0fc53bb9453bf23c6,3.461637072265148,0.8185516680227828,0.9113100081366965,0.9072416598860863
warm_4N_sixdist_s11_f100_hard_replay_lr0.01,warm,4N,sixdist,11,100,hard_replay,lr0.01,adam,0.01,,300,0.04555835947394371,0.3395761251449585,0.00048828125,0.06378454715013504,c0ba3e5bc17f6aec17850d2e7805e5a8074d92aedf91d11052442481a1093ba7,761d48b7c84d453f01d211cbcb4add71c7e1dbccd6575701b804c3e35fb37b06,057224bbe3cdd2fdbf52abbb54fc03634c3d6208d586f4114e2fc819d37725a5,c0ba3e5bc17f6aec17850d2e7805e5a8074d92aedf91d11052442481a1093ba7,e20e3e18b8d05d67bcf3836116485431e034ee700d4daaeed0c3a221baf0018e,4N_sixdist_s11_f0_lr0.001,51adcf2434ca7fc1be289cb400fdc2227b13c4fe3b15743ce666de831b740162,2226cb57f55dc5723c6244d0f2299ae3a943e50964d35bda827489b4f53e6f71,6390,0,2048,10486,3145800,300,ae12d7d2443203214d1a1b6e6c0a259704d5a2a78dd3372c3eba05c56b325c96,3d41204b1e9c664522378aa87f6359809137464d8693f339bb080d14d9c77140,60df0a7db0688df4967c306e4e36304a0f68d000d96b9af922caff79c7ab1fa0,10dfdb81f8d4e94b6c79fe77873ee10c1c43c43b752debce9aaf7641d2402843,fd0b415d4995c8ff6b61d5f15fd84a08191887a08a37ecd0fc53bb9453bf23c6,2.519065596163273,0.8209926769731489,0.9072416598860863,0.9121236777868186
warm_4N_sixdist_s11_f100_plain_adam_lr0.0005_steps600,warm,4N,sixdist,11,100,plain,adam_lr0.0005_steps600,adam,0.0005,,600,0.0628407746553421,0.3395761251449585,0.00341796875,0.062348395586013794,c0ba3e5bc17f6aec17850d2e7805e5a8074d92aedf91d11052442481a1093ba7,761d48b7c84d453f01d211cbcb4add71c7e1dbccd6575701b804c3e35fb37b06,15bbe56e3034144abcfbeb9e872bafaf4dc5a45a3f45e58f6951418b499ddd3e,c0ba3e5bc17f6aec17850d2e7805e5a8074d92aedf91d11052442481a1093ba7,e20e3e18b8d05d67bcf3836116485431e034ee700d4daaeed0c3a221baf0018e,4N_sixdist_s11_f0_lr0.001,155b333ad9b33ba5109a3a4de23c00844f3ca8e2d9a15322026efd0a8c6f284b,2226cb57f55dc5723c6244d0f2299ae3a943e50964d35bda827489b4f53e6f71,6390,0,2048,10486,6291600,600,ae12d7d2443203214d1a1b6e6c0a259704d5a2a78dd3372c3eba05c56b325c96,3d41204b1e9c664522378aa87f6359809137464d8693f339bb080d14d9c77140,60df0a7db0688df4967c306e4e36304a0f68d000d96b9af922caff79c7ab1fa0,10dfdb81f8d4e94b6c79fe77873ee10c1c43c43b752debce9aaf7641d2402843,fd0b415d4995c8ff6b61d5f15fd84a08191887a08a37ecd0fc53bb9453bf23c6,5.841927647590637,0.8177379983726607,0.9104963384865744,0.9072416598860863
warm_4N_sixdist_s11_f100_plain_lr0.001,warm,4N,sixdist,11,100,plain,lr0.001,adam,0.001,,300,0.06793562322854996,0.3395761251449585,0.00390625,0.0802265927195549,c0ba3e5bc17f6aec17850d2e7805e5a8074d92aedf91d11052442481a1093ba7,761d48b7c84d453f01d211cbcb4add71c7e1dbccd6575701b804c3e35fb37b06,c85e37175898fffef33a77fc6c5aef756b6baa89af0f866ea00da276df76a1d9,c0ba3e5bc17f6aec17850d2e7805e5a8074d92aedf91d11052442481a1093ba7,e20e3e18b8d05d67bcf3836116485431e034ee700d4daaeed0c3a221baf0018e,4N_sixdist_s11_f0_lr0.001,3d4d088475adc1598ca5fe6c9e372e472a8b55959efb3e7c5abd368e36ad0401,2226cb57f55dc5723c6244d0f2299ae3a943e50964d35bda827489b4f53e6f71,6390,0,2048,10486,3145800,300,ae12d7d2443203214d1a1b6e6c0a259704d5a2a78dd3372c3eba05c56b325c96,3d41204b1e9c664522378aa87f6359809137464d8693f339bb080d14d9c77140,60df0a7db0688df4967c306e4e36304a0f68d000d96b9af922caff79c7ab1fa0,10dfdb81f8d4e94b6c79fe77873ee10c1c43c43b752debce9aaf7641d2402843,fd0b415d4995c8ff6b61d5f15fd84a08191887a08a37ecd0fc53bb9453bf23c6,2.8647104501724243,0.7933279088689992,0.8966639544344996,0.8958502847843776
warm_4N_sixdist_s11_f100_plain_lr0.003,warm,4N,sixdist,11,100,plain,lr0.003,adam,0.003,,300,0.06824946403503418,0.3395761251449585,0.00244140625,0.0483442097902298,c0ba3e5bc17f6aec17850d2e7805e5a8074d92aedf91d11052442481a1093ba7,761d48b7c84d453f01d211cbcb4add71c7e1dbccd6575701b804c3e35fb37b06,a2a97c51355420c1e4c9a47189a3e72da244d82d339d0e96a849631d75fd7669,c0ba3e5bc17f6aec17850d2e7805e5a8074d92aedf91d11052442481a1093ba7,e20e3e18b8d05d67bcf3836116485431e034ee700d4daaeed0c3a221baf0018e,4N_sixdist_s11_f0_lr0.001,82f1588f3b2a4b9f4324e01d882d5a574c38cd01a70c5bdaba46151e3a3a7d7d,2226cb57f55dc5723c6244d0f2299ae3a943e50964d35bda827489b4f53e6f71,6390,0,2048,10486,3145800,300,ae12d7d2443203214d1a1b6e6c0a259704d5a2a78dd3372c3eba05c56b325c96,3d41204b1e9c664522378aa87f6359809137464d8693f339bb080d14d9c77140,60df0a7db0688df4967c306e4e36304a0f68d000d96b9af922caff79c7ab1fa0,10dfdb81f8d4e94b6c79fe77873ee10c1c43c43b752debce9aaf7641d2402843,fd0b415d4995c8ff6b61d5f15fd84a08191887a08a37ecd0fc53bb9453bf23c6,2.816161096096039,0.8291293734743694,0.9121236777868186,0.9161920260374288
warm_4N_sixdist_s11_f100_plain_lr0.01,warm,4N,sixdist,11,100,plain,lr0.01,adam,0.01,,300,0.05064172297716141,0.3395761251449585,0.001953125,0.04621493071317673,c0ba3e5bc17f6aec17850d2e7805e5a8074d92aedf91d11052442481a1093ba7,761d48b7c84d453f01d211cbcb4add71c7e1dbccd6575701b804c3e35fb37b06,bac7b9b261bc1a28e0da7ac258b292e2e1db1fdce9469038613dc313a38173cc,c0ba3e5bc17f6aec17850d2e7805e5a8074d92aedf91d11052442481a1093ba7,e20e3e18b8d05d67bcf3836116485431e034ee700d4daaeed0c3a221baf0018e,4N_sixdist_s11_f0_lr0.001,c2081c0146dc90cc3b4a14af162902cf1ff730ea11af1e27a1dbd9b787861734,2226cb57f55dc5723c6244d0f2299ae3a943e50964d35bda827489b4f53e6f71,6390,0,2048,10486,3145800,300,ae12d7d2443203214d1a1b6e6c0a259704d5a2a78dd3372c3eba05c56b325c96,3d41204b1e9c664522378aa87f6359809137464d8693f339bb080d14d9c77140,60df0a7db0688df4967c306e4e36304a0f68d000d96b9af922caff79c7ab1fa0,10dfdb81f8d4e94b6c79fe77873ee10c1c43c43b752debce9aaf7641d2402843,fd0b415d4995c8ff6b61d5f15fd84a08191887a08a37ecd0fc53bb9453bf23c6,2.850971095263958,0.8323840520748577,0.9121236777868186,0.919446704637917
warm_4N_sixdist_s11_f100_plain_sgd_m09_lr0.003,warm,4N,sixdist,11,100,plain,sgd_m09_lr0.003,sgd,0.003,0.9,300,0.08025481551885605,0.3395761251449585,0.00634765625,0.09754366427659988,c0ba3e5bc17f6aec17850d2e7805e5a8074d92aedf91d11052442481a1093ba7,761d48b7c84d453f01d211cbcb4add71c7e1dbccd6575701b804c3e35fb37b06,30a741f58ec2c2a3fdf88d0269dbb7146e4a6e4f2708d45ed23ab5611ae5d0fc,c0ba3e5bc17f6aec17850d2e7805e5a8074d92aedf91d11052442481a1093ba7,e20e3e18b8d05d67bcf3836116485431e034ee700d4daaeed0c3a221baf0018e,4N_sixdist_s11_f0_lr0.001,7cee025f7249e40cfefd27158791d2f9538352028d5c2a499f2e3034f8cb2b65,2226cb57f55dc5723c6244d0f2299ae3a943e50964d35bda827489b4f53e6f71,6390,0,2048,10486,3145800,300,ae12d7d2443203214d1a1b6e6c0a259704d5a2a78dd3372c3eba05c56b325c96,3d41204b1e9c664522378aa87f6359809137464d8693f339bb080d14d9c77140,60df0a7db0688df4967c306e4e36304a0f68d000d96b9af922caff79c7ab1fa0,10dfdb81f8d4e94b6c79fe77873ee10c1c43c43b752debce9aaf7641d2402843,fd0b415d4995c8ff6b61d5f15fd84a08191887a08a37ecd0fc53bb9453bf23c6,2.9872839376330376,0.7518307567127747,0.8600488201790073,0.8917819365337672
warm_4N_sixdist_s11_f100_plain_sgd_m09_lr0.01,warm,4N,sixdist,11,100,plain,sgd_m09_lr0.01,sgd,0.01,0.9,300,0.061244770884513855,0.3395761251449585,0.00146484375,0.043610699474811554,c0ba3e5bc17f6aec17850d2e7805e5a8074d92aedf91d11052442481a1093ba7,761d48b7c84d453f01d211cbcb4add71c7e1dbccd6575701b804c3e35fb37b06,7eb093a550d21a21e5c46e6003718f2237fe8212a8ccd70f442d334a33c66bfe,c0ba3e5bc17f6aec17850d2e7805e5a8074d92aedf91d11052442481a1093ba7,e20e3e18b8d05d67bcf3836116485431e034ee700d4daaeed0c3a221baf0018e,4N_sixdist_s11_f0_lr0.001,06750d1be80eb64cbe93908c3905cb2c7e7c462ebfe49b34478aaf996dac2a36,2226cb57f55dc5723c6244d0f2299ae3a943e50964d35bda827489b4f53e6f71,6390,0,2048,10486,3145800,300,ae12d7d2443203214d1a1b6e6c0a259704d5a2a78dd3372c3eba05c56b325c96,3d41204b1e9c664522378aa87f6359809137464d8693f339bb080d14d9c77140,60df0a7db0688df4967c306e4e36304a0f68d000d96b9af922caff79c7ab1fa0,10dfdb81f8d4e94b6c79fe77873ee10c1c43c43b752debce9aaf7641d2402843,fd0b415d4995c8ff6b61d5f15fd84a08191887a08a37ecd0fc53bb9453bf23c6,3.003801442682743,0.8315703824247356,0.8958502847843776,0.9349064279902359
warm_4N_sixdist_s11_f100_preserve_flip_balanced_lr0.001,warm,4N,sixdist,11,100,preserve_flip_balanced,lr0.001,adam,0.001,,300,0.05612480640411377,0.3395761251449585,0.0,0.0510728657245636,c0ba3e5bc17f6aec17850d2e7805e5a8074d92aedf91d11052442481a1093ba7,761d48b7c84d453f01d211cbcb4add71c7e1dbccd6575701b804c3e35fb37b06,109b3dc1be008f84bb3fe315632f4568660cea97b4d359db57ac96d60a8dce54,c0ba3e5bc17f6aec17850d2e7805e5a8074d92aedf91d11052442481a1093ba7,e20e3e18b8d05d67bcf3836116485431e034ee700d4daaeed0c3a221baf0018e,4N_sixdist_s11_f0_lr0.001,c292e67ae15ad1b9f59b0539437ec47d3846657c73a7e2a37bed6cbd33e5eea5,ba24364b1461595c566668edbe62814baf0f55c5f66f4af0167976b04eedad7d,3195,3195,2048,10486,3145800,300,ae12d7d2443203214d1a1b6e6c0a259704d5a2a78dd3372c3eba05c56b325c96,3d41204b1e9c664522378aa87f6359809137464d8693f339bb080d14d9c77140,60df0a7db0688df4967c306e4e36304a0f68d000d96b9af922caff79c7ab1fa0,10dfdb81f8d4e94b6c79fe77873ee10c1c43c43b752debce9aaf7641d2402843,fd0b415d4995c8ff6b61d5f15fd84a08191887a08a37ecd0fc53bb9453bf23c6,2.949977219104767,0.8209926769731489,0.9267697314890154,0.8925956061838893
warm_4N_sixdist_s11_f100_preserve_flip_balanced_lr0.003,warm,4N,sixdist,11,100,preserve_flip_balanced,lr0.003,adam,0.003,,300,0.06789708137512207,0.3395761251449585,0.0,0.049056362360715866,c0ba3e5bc17f6aec17850d2e7805e5a8074d92aedf91d11052442481a1093ba7,761d48b7c84d453f01d211cbcb4add71c7e1dbccd6575701b804c3e35fb37b06,70b97c962ca139eede52941e76d97badf56ee11b35251ef426cb96a685df818e,c0ba3e5bc17f6aec17850d2e7805e5a8074d92aedf91d11052442481a1093ba7,e20e3e18b8d05d67bcf3836116485431e034ee700d4daaeed0c3a221baf0018e,4N_sixdist_s11_f0_lr0.001,a419398452fedd2d05bd9cde7a19c9cb41839335c91bfebf6f05da3b0331e00c,ba24364b1461595c566668edbe62814baf0f55c5f66f4af0167976b04eedad7d,3195,3195,2048,10486,3145800,300,ae12d7d2443203214d1a1b6e6c0a259704d5a2a78dd3372c3eba05c56b325c96,3d41204b1e9c664522378aa87f6359809137464d8693f339bb080d14d9c77140,60df0a7db0688df4967c306e4e36304a0f68d000d96b9af922caff79c7ab1fa0,10dfdb81f8d4e94b6c79fe77873ee10c1c43c43b752debce9aaf7641d2402843,fd0b415d4995c8ff6b61d5f15fd84a08191887a08a37ecd0fc53bb9453bf23c6,2.8167898282408714,0.8136696501220505,0.9161920260374288,0.8966639544344996
warm_4N_sixdist_s11_f100_preserve_flip_balanced_lr0.01,warm,4N,sixdist,11,100,preserve_flip_balanced,lr0.01,adam,0.01,,300,0.05360209941864014,0.3395761251449585,0.0,0.04461919143795967,c0ba3e5bc17f6aec17850d2e7805e5a8074d92aedf91d11052442481a1093ba7,761d48b7c84d453f01d211cbcb4add71c7e1dbccd6575701b804c3e35fb37b06,674511995cf14735a4ba5d22a878bac247655502a08761012dfe7cd8a4ec961b,c0ba3e5bc17f6aec17850d2e7805e5a8074d92aedf91d11052442481a1093ba7,e20e3e18b8d05d67bcf3836116485431e034ee700d4daaeed0c3a221baf0018e,4N_sixdist_s11_f0_lr0.001,2f5bccbf6b480e696fc08af0927f616c3e586ba9950929f1a481059b241c30fe,ba24364b1461595c566668edbe62814baf0f55c5f66f4af0167976b04eedad7d,3195,3195,2048,10486,3145800,300,ae12d7d2443203214d1a1b6e6c0a259704d5a2a78dd3372c3eba05c56b325c96,3d41204b1e9c664522378aa87f6359809137464d8693f339bb080d14d9c77140,60df0a7db0688df4967c306e4e36304a0f68d000d96b9af922caff79c7ab1fa0,10dfdb81f8d4e94b6c79fe77873ee10c1c43c43b752debce9aaf7641d2402843,fd0b415d4995c8ff6b61d5f15fd84a08191887a08a37ecd0fc53bb9453bf23c6,2.9323964715003967,0.8559804719283971,0.9292107404393816,0.9267697314890154
warm_4N_sixdist_s11_f100_protection_lr0.001,warm,4N,sixdist,11,100,protection,lr0.001,adam,0.001,,300,0.07044468075037003,0.3395761251449585,0.001953125,0.1175074577331543,c0ba3e5bc17f6aec17850d2e7805e5a8074d92aedf91d11052442481a1093ba7,761d48b7c84d453f01d211cbcb4add71c7e1dbccd6575701b804c3e35fb37b06,33968b643c663df2e97267a9732e8bfbffab38f94179dea780f6a949ff78726f,c0ba3e5bc17f6aec17850d2e7805e5a8074d92aedf91d11052442481a1093ba7,e20e3e18b8d05d67bcf3836116485431e034ee700d4daaeed0c3a221baf0018e,4N_sixdist_s11_f0_lr0.001,1b0f259598306f4dd1e19b2805c8437e7188b788ecb7a12b490a27096634aa62,2226cb57f55dc5723c6244d0f2299ae3a943e50964d35bda827489b4f53e6f71,6390,0,2048,10486,3145800,300,ae12d7d2443203214d1a1b6e6c0a259704d5a2a78dd3372c3eba05c56b325c96,3d41204b1e9c664522378aa87f6359809137464d8693f339bb080d14d9c77140,60df0a7db0688df4967c306e4e36304a0f68d000d96b9af922caff79c7ab1fa0,10dfdb81f8d4e94b6c79fe77873ee10c1c43c43b752debce9aaf7641d2402843,fd0b415d4995c8ff6b61d5f15fd84a08191887a08a37ecd0fc53bb9453bf23c6,3.0590478628873825,0.7868185516680228,0.8958502847843776,0.8909682668836453
warm_4N_sixdist_s11_f100_protection_lr0.003,warm,4N,sixdist,11,100,protection,lr0.003,adam,0.003,,300,0.06330378353595734,0.3395761251449585,0.00146484375,0.09749621897935867,c0ba3e5bc17f6aec17850d2e7805e5a8074d92aedf91d11052442481a1093ba7,761d48b7c84d453f01d211cbcb4add71c7e1dbccd6575701b804c3e35fb37b06,4e92f1c35fc26ed6176e20e19aaf54abf43114fda24fcd9fa37129ba92998974,c0ba3e5bc17f6aec17850d2e7805e5a8074d92aedf91d11052442481a1093ba7,e20e3e18b8d05d67bcf3836116485431e034ee700d4daaeed0c3a221baf0018e,4N_sixdist_s11_f0_lr0.001,6b4b9daf6d1c311101101a5f0352bd79a7dd24c455b3274d03d5abbc550a4692,2226cb57f55dc5723c6244d0f2299ae3a943e50964d35bda827489b4f53e6f71,6390,0,2048,10486,3145800,300,ae12d7d2443203214d1a1b6e6c0a259704d5a2a78dd3372c3eba05c56b325c96,3d41204b1e9c664522378aa87f6359809137464d8693f339bb080d14d9c77140,60df0a7db0688df4967c306e4e36304a0f68d000d96b9af922caff79c7ab1fa0,10dfdb81f8d4e94b6c79fe77873ee10c1c43c43b752debce9aaf7641d2402843,fd0b415d4995c8ff6b61d5f15fd84a08191887a08a37ecd0fc53bb9453bf23c6,3.132132686674595,0.8128559804719284,0.9048006509357202,0.9080553295362083
warm_4N_sixdist_s11_f100_protection_lr0.01,warm,4N,sixdist,11,100,protection,lr0.01,adam,0.01,,300,0.05257546529173851,0.3395761251449585,0.00048828125,0.09346790611743927,c0ba3e5bc17f6aec17850d2e7805e5a8074d92aedf91d11052442481a1093ba7,761d48b7c84d453f01d211cbcb4add71c7e1dbccd6575701b804c3e35fb37b06,9cc34ff9075740f983e12c3459073e7dc06f5cb622ce3af012c2cda3884e33c7,c0ba3e5bc17f6aec17850d2e7805e5a8074d92aedf91d11052442481a1093ba7,e20e3e18b8d05d67bcf3836116485431e034ee700d4daaeed0c3a221baf0018e,4N_sixdist_s11_f0_lr0.001,0e94b704acbe91a56519c8489380824fd2794d81f114bbdad1936f26b74b8d65,2226cb57f55dc5723c6244d0f2299ae3a943e50964d35bda827489b4f53e6f71,6390,0,2048,10486,3145800,300,ae12d7d2443203214d1a1b6e6c0a259704d5a2a78dd3372c3eba05c56b325c96,3d41204b1e9c664522378aa87f6359809137464d8693f339bb080d14d9c77140,60df0a7db0688df4967c306e4e36304a0f68d000d96b9af922caff79c7ab1fa0,10dfdb81f8d4e94b6c79fe77873ee10c1c43c43b752debce9aaf7641d2402843,fd0b415d4995c8ff6b61d5f15fd84a08191887a08a37ecd0fc53bb9453bf23c6,2.7707539796829224,0.7949552481692432,0.8942229454841334,0.8999186330349878
warm_4N_sixdist_s11_f25_hard_replay_lr0.001,warm,4N,sixdist,11,25,hard_replay,lr0.001,adam,0.001,,300,0.09242788702249527,0.3395761251449585,0.00146484375,0.06259635090827942,c0ba3e5bc17f6aec17850d2e7805e5a8074d92aedf91d11052442481a1093ba7,761d48b7c84d453f01d211cbcb4add71c7e1dbccd6575701b804c3e35fb37b06,5a9a36f9cee67c37adf4a43156ffc5a72f3161f6d9ba24c43d38116bc96d4e3a,c0ba3e5bc17f6aec17850d2e7805e5a8074d92aedf91d11052442481a1093ba7,e20e3e18b8d05d67bcf3836116485431e034ee700d4daaeed0c3a221baf0018e,4N_sixdist_s11_f0_lr0.001,fe1c519c238749e43ea743327d252114eb93707113c90bc26bd40545e4064c83,35af10b4a4b738858787fd458dc2c7bc7095f28866b669f73bc36fcb35db790e,1597,0,2048,5693,1707900,300,ae12d7d2443203214d1a1b6e6c0a259704d5a2a78dd3372c3eba05c56b325c96,3d41204b1e9c664522378aa87f6359809137464d8693f339bb080d14d9c77140,60df0a7db0688df4967c306e4e36304a0f68d000d96b9af922caff79c7ab1fa0,10dfdb81f8d4e94b6c79fe77873ee10c1c43c43b752debce9aaf7641d2402843,fd0b415d4995c8ff6b61d5f15fd84a08191887a08a37ecd0fc53bb9453bf23c6,2.0327579751610756,0.7615947925142392,0.8901545972335232,0.871440195280716
warm_4N_sixdist_s11_f25_hard_replay_lr0.003,warm,4N,sixdist,11,25,hard_replay,lr0.003,adam,0.003,,300,0.08145394176244736,0.3395761251449585,0.00048828125,0.03257478028535843,c0ba3e5bc17f6aec17850d2e7805e5a8074d92aedf91d11052442481a1093ba7,761d48b7c84d453f01d211cbcb4add71c7e1dbccd6575701b804c3e35fb37b06,701ca08c216fb37fe2155d1d4ffc400d3fb15b33b14add6ccbb22fdb78cc2241,c0ba3e5bc17f6aec17850d2e7805e5a8074d92aedf91d11052442481a1093ba7,e20e3e18b8d05d67bcf3836116485431e034ee700d4daaeed0c3a221baf0018e,4N_sixdist_s11_f0_lr0.001,8afe8964c21da66245e1731c928e735081d246a002695aff59136346a0385069,35af10b4a4b738858787fd458dc2c7bc7095f28866b669f73bc36fcb35db790e,1597,0,2048,5693,1707900,300,ae12d7d2443203214d1a1b6e6c0a259704d5a2a78dd3372c3eba05c56b325c96,3d41204b1e9c664522378aa87f6359809137464d8693f339bb080d14d9c77140,60df0a7db0688df4967c306e4e36304a0f68d000d96b9af922caff79c7ab1fa0,10dfdb81f8d4e94b6c79fe77873ee10c1c43c43b752debce9aaf7641d2402843,fd0b415d4995c8ff6b61d5f15fd84a08191887a08a37ecd0fc53bb9453bf23c6,1.9882728829979897,0.772986167615948,0.8909682668836453,0.8820179007323027
warm_4N_sixdist_s11_f25_hard_replay_lr0.01,warm,4N,sixdist,11,25,hard_replay,lr0.01,adam,0.01,,300,0.0642043799161911,0.3395761251449585,0.00048828125,0.04521982744336128,c0ba3e5bc17f6aec17850d2e7805e5a8074d92aedf91d11052442481a1093ba7,761d48b7c84d453f01d211cbcb4add71c7e1dbccd6575701b804c3e35fb37b06,8df47d8767f6c3903814ac0bc86633e90c48e880b80ff87d553253fecf0f2aac,c0ba3e5bc17f6aec17850d2e7805e5a8074d92aedf91d11052442481a1093ba7,e20e3e18b8d05d67bcf3836116485431e034ee700d4daaeed0c3a221baf0018e,4N_sixdist_s11_f0_lr0.001,69b8ed2e5ae9dfbd15eb7835eae83c716334ec6a344dee6a84a4f629cbab3878,35af10b4a4b738858787fd458dc2c7bc7095f28866b669f73bc36fcb35db790e,1597,0,2048,5693,1707900,300,ae12d7d2443203214d1a1b6e6c0a259704d5a2a78dd3372c3eba05c56b325c96,3d41204b1e9c664522378aa87f6359809137464d8693f339bb080d14d9c77140,60df0a7db0688df4967c306e4e36304a0f68d000d96b9af922caff79c7ab1fa0,10dfdb81f8d4e94b6c79fe77873ee10c1c43c43b752debce9aaf7641d2402843,fd0b415d4995c8ff6b61d5f15fd84a08191887a08a37ecd0fc53bb9453bf23c6,1.8812736049294472,0.7933279088689992,0.8958502847843776,0.8958502847843776
warm_4N_sixdist_s11_f25_plain_adam_lr0.0005_steps600,warm,4N,sixdist,11,25,plain,adam_lr0.0005_steps600,adam,0.0005,,600,0.0806427150964737,0.3395761251449585,0.001953125,0.039424192160367966,c0ba3e5bc17f6aec17850d2e7805e5a8074d92aedf91d11052442481a1093ba7,761d48b7c84d453f01d211cbcb4add71c7e1dbccd6575701b804c3e35fb37b06,96581f99d66fde48300da94a1b600545875f6b213362b737da137a373d34952c,c0ba3e5bc17f6aec17850d2e7805e5a8074d92aedf91d11052442481a1093ba7,e20e3e18b8d05d67bcf3836116485431e034ee700d4daaeed0c3a221baf0018e,4N_sixdist_s11_f0_lr0.001,5f08361620f8494688726ad4785ebadfac49e8a013d21153340677deb5842751,35af10b4a4b738858787fd458dc2c7bc7095f28866b669f73bc36fcb35db790e,1597,0,2048,5693,3415800,600,ae12d7d2443203214d1a1b6e6c0a259704d5a2a78dd3372c3eba05c56b325c96,3d41204b1e9c664522378aa87f6359809137464d8693f339bb080d14d9c77140,60df0a7db0688df4967c306e4e36304a0f68d000d96b9af922caff79c7ab1fa0,10dfdb81f8d4e94b6c79fe77873ee10c1c43c43b752debce9aaf7641d2402843,fd0b415d4995c8ff6b61d5f15fd84a08191887a08a37ecd0fc53bb9453bf23c6,3.944608323276043,0.7575264442636289,0.8836452400325467,0.8738812042310822
warm_4N_sixdist_s11_f25_plain_lr0.001,warm,4N,sixdist,11,25,plain,lr0.001,adam,0.001,,300,0.08939054608345032,0.3395761251449585,0.00341796875,0.05842863395810127,c0ba3e5bc17f6aec17850d2e7805e5a8074d92aedf91d11052442481a1093ba7,761d48b7c84d453f01d211cbcb4add71c7e1dbccd6575701b804c3e35fb37b06,7fb9c6d1a631c9739e19edba41282e205622f2e66323cd72b453f2b2aaa09272,c0ba3e5bc17f6aec17850d2e7805e5a8074d92aedf91d11052442481a1093ba7,e20e3e18b8d05d67bcf3836116485431e034ee700d4daaeed0c3a221baf0018e,4N_sixdist_s11_f0_lr0.001,b8b9dcd1ad1c9018755de73f482a0c5eeaa36f8432e01f55efe0c076fd956536,35af10b4a4b738858787fd458dc2c7bc7095f28866b669f73bc36fcb35db790e,1597,0,2048,5693,1707900,300,ae12d7d2443203214d1a1b6e6c0a259704d5a2a78dd3372c3eba05c56b325c96,3d41204b1e9c664522378aa87f6359809137464d8693f339bb080d14d9c77140,60df0a7db0688df4967c306e4e36304a0f68d000d96b9af922caff79c7ab1fa0,10dfdb81f8d4e94b6c79fe77873ee10c1c43c43b752debce9aaf7641d2402843,fd0b415d4995c8ff6b61d5f15fd84a08191887a08a37ecd0fc53bb9453bf23c6,1.6124977096915245,0.7558991049633849,0.8852725793327909,0.870626525630594
warm_4N_sixdist_s11_f25_plain_lr0.003,warm,4N,sixdist,11,25,plain,lr0.003,adam,0.003,,300,0.07507236301898956,0.3395761251449585,0.00146484375,0.025545775890350342,c0ba3e5bc17f6aec17850d2e7805e5a8074d92aedf91d11052442481a1093ba7,761d48b7c84d453f01d211cbcb4add71c7e1dbccd6575701b804c3e35fb37b06,28be8fa7a655e0e64ac7ff4ac102e07d159680cf1a673d1a43da20c51a17685b,c0ba3e5bc17f6aec17850d2e7805e5a8074d92aedf91d11052442481a1093ba7,e20e3e18b8d05d67bcf3836116485431e034ee700d4daaeed0c3a221baf0018e,4N_sixdist_s11_f0_lr0.001,a27be81d3a40062cf6c1c3771a3c5bef8a91fad19ca4c6a0f6f90705f3c72e48,35af10b4a4b738858787fd458dc2c7bc7095f28866b669f73bc36fcb35db790e,1597,0,2048,5693,1707900,300,ae12d7d2443203214d1a1b6e6c0a259704d5a2a78dd3372c3eba05c56b325c96,3d41204b1e9c664522378aa87f6359809137464d8693f339bb080d14d9c77140,60df0a7db0688df4967c306e4e36304a0f68d000d96b9af922caff79c7ab1fa0,10dfdb81f8d4e94b6c79fe77873ee10c1c43c43b752debce9aaf7641d2402843,fd0b415d4995c8ff6b61d5f15fd84a08191887a08a37ecd0fc53bb9453bf23c6,1.6647812873125076,0.7770545158665582,0.8901545972335232,0.886899918633035
warm_4N_sixdist_s11_f25_plain_lr0.01,warm,4N,sixdist,11,25,plain,lr0.01,adam,0.01,,300,0.06325461715459824,0.3395761251449585,0.00341796875,0.030311519280076027,c0ba3e5bc17f6aec17850d2e7805e5a8074d92aedf91d11052442481a1093ba7,761d48b7c84d453f01d211cbcb4add71c7e1dbccd6575701b804c3e35fb37b06,00b6c15c3e74c42e3bbfd54cada45cf4c97d72b32790dbabb80ad025a23e76c9,c0ba3e5bc17f6aec17850d2e7805e5a8074d92aedf91d11052442481a1093ba7,e20e3e18b8d05d67bcf3836116485431e034ee700d4daaeed0c3a221baf0018e,4N_sixdist_s11_f0_lr0.001,37b26ab5f88d4e756ded8e223171f1f549b81b1e11c1695fbdb50312825cbc92,35af10b4a4b738858787fd458dc2c7bc7095f28866b669f73bc36fcb35db790e,1597,0,2048,5693,1707900,300,ae12d7d2443203214d1a1b6e6c0a259704d5a2a78dd3372c3eba05c56b325c96,3d41204b1e9c664522378aa87f6359809137464d8693f339bb080d14d9c77140,60df0a7db0688df4967c306e4e36304a0f68d000d96b9af922caff79c7ab1fa0,10dfdb81f8d4e94b6c79fe77873ee10c1c43c43b752debce9aaf7641d2402843,fd0b415d4995c8ff6b61d5f15fd84a08191887a08a37ecd0fc53bb9453bf23c6,1.6444899514317513,0.7794955248169243,0.8787632221318145,0.8982912937347437
warm_4N_sixdist_s11_f25_plain_sgd_m09_lr0.003,warm,4N,sixdist,11,25,plain,sgd_m09_lr0.003,sgd,0.003,0.9,300,0.09938013553619385,0.3395761251449585,0.00439453125,0.0727744773030281,c0ba3e5bc17f6aec17850d2e7805e5a8074d92aedf91d11052442481a1093ba7,761d48b7c84d453f01d211cbcb4add71c7e1dbccd6575701b804c3e35fb37b06,e84df34248c4ad7c1f422f915373db320109da323802a5710ea4e989b0388e8d,c0ba3e5bc17f6aec17850d2e7805e5a8074d92aedf91d11052442481a1093ba7,e20e3e18b8d05d67bcf3836116485431e034ee700d4daaeed0c3a221baf0018e,4N_sixdist_s11_f0_lr0.001,3957c49c4f522b608921d3f9cb4c1c35241d6f40b20938197c1ab2360ea4e441,35af10b4a4b738858787fd458dc2c7bc7095f28866b669f73bc36fcb35db790e,1597,0,2048,5693,1707900,300,ae12d7d2443203214d1a1b6e6c0a259704d5a2a78dd3372c3eba05c56b325c96,3d41204b1e9c664522378aa87f6359809137464d8693f339bb080d14d9c77140,60df0a7db0688df4967c306e4e36304a0f68d000d96b9af922caff79c7ab1fa0,10dfdb81f8d4e94b6c79fe77873ee10c1c43c43b752debce9aaf7641d2402843,fd0b415d4995c8ff6b61d5f15fd84a08191887a08a37ecd0fc53bb9453bf23c6,1.6754018664360046,0.7485760781122864,0.869812855980472,0.8787632221318145
warm_4N_sixdist_s11_f25_plain_sgd_m09_lr0.01,warm,4N,sixdist,11,25,plain,sgd_m09_lr0.01,sgd,0.01,0.9,300,0.08968572318553925,0.3395761251449585,0.00048828125,0.028858955949544907,c0ba3e5bc17f6aec17850d2e7805e5a8074d92aedf91d11052442481a1093ba7,761d48b7c84d453f01d211cbcb4add71c7e1dbccd6575701b804c3e35fb37b06,b40056ca125d0c2b2f3f9d915885632ef1f1c3d92548d4b1ff72dceaccc6853b,c0ba3e5bc17f6aec17850d2e7805e5a8074d92aedf91d11052442481a1093ba7,e20e3e18b8d05d67bcf3836116485431e034ee700d4daaeed0c3a221baf0018e,4N_sixdist_s11_f0_lr0.001,bd73667b010415952b9051028919a2eaf740a7f8b1f81c2a73527a6872bcf582,35af10b4a4b738858787fd458dc2c7bc7095f28866b669f73bc36fcb35db790e,1597,0,2048,5693,1707900,300,ae12d7d2443203214d1a1b6e6c0a259704d5a2a78dd3372c3eba05c56b325c96,3d41204b1e9c664522378aa87f6359809137464d8693f339bb080d14d9c77140,60df0a7db0688df4967c306e4e36304a0f68d000d96b9af922caff79c7ab1fa0,10dfdb81f8d4e94b6c79fe77873ee10c1c43c43b752debce9aaf7641d2402843,fd0b415d4995c8ff6b61d5f15fd84a08191887a08a37ecd0fc53bb9453bf23c6,1.9109603017568588,0.7851912123677787,0.8909682668836453,0.8942229454841334
warm_4N_sixdist_s11_f25_preserve_flip_balanced_lr0.001,warm,4N,sixdist,11,25,preserve_flip_balanced,lr0.001,adam,0.001,,300,0.1442878097295761,0.3395761251449585,0.00048828125,0.03159834071993828,c0ba3e5bc17f6aec17850d2e7805e5a8074d92aedf91d11052442481a1093ba7,761d48b7c84d453f01d211cbcb4add71c7e1dbccd6575701b804c3e35fb37b06,69b6487373794536779dbfb8270cf3c2ea99793df39d29510ee119d4d52cac75,c0ba3e5bc17f6aec17850d2e7805e5a8074d92aedf91d11052442481a1093ba7,e20e3e18b8d05d67bcf3836116485431e034ee700d4daaeed0c3a221baf0018e,4N_sixdist_s11_f0_lr0.001,e416cc89d1f86458416ad091c0356e2d614725ab9d6f601195f1e7a7b1c1fe21,35652752e7eaf72ac7359f6ab709f8fc989925baa8523691b56ef2dfd0cf6b2b,798,799,2048,5693,1707900,300,ae12d7d2443203214d1a1b6e6c0a259704d5a2a78dd3372c3eba05c56b325c96,3d41204b1e9c664522378aa87f6359809137464d8693f339bb080d14d9c77140,60df0a7db0688df4967c306e4e36304a0f68d000d96b9af922caff79c7ab1fa0,10dfdb81f8d4e94b6c79fe77873ee10c1c43c43b752debce9aaf7641d2402843,fd0b415d4995c8ff6b61d5f15fd84a08191887a08a37ecd0fc53bb9453bf23c6,1.6861360296607018,0.7615947925142392,0.903173311635476,0.8567941415785191
warm_4N_sixdist_s11_f25_preserve_flip_balanced_lr0.003,warm,4N,sixdist,11,25,preserve_flip_balanced,lr0.003,adam,0.003,,300,0.16266900300979614,0.3395761251449585,0.0,0.023734720423817635,c0ba3e5bc17f6aec17850d2e7805e5a8074d92aedf91d11052442481a1093ba7,761d48b7c84d453f01d211cbcb4add71c7e1dbccd6575701b804c3e35fb37b06,2ba33a755029eb3aca06d968c415781f53cd644b352718431baf3ea67ec7ec21,c0ba3e5bc17f6aec17850d2e7805e5a8074d92aedf91d11052442481a1093ba7,e20e3e18b8d05d67bcf3836116485431e034ee700d4daaeed0c3a221baf0018e,4N_sixdist_s11_f0_lr0.001,4da3086fb997e118a8438be11f1ec934c57a8bbf0fa587715da008d6820e275a,35652752e7eaf72ac7359f6ab709f8fc989925baa8523691b56ef2dfd0cf6b2b,798,799,2048,5693,1707900,300,ae12d7d2443203214d1a1b6e6c0a259704d5a2a78dd3372c3eba05c56b325c96,3d41204b1e9c664522378aa87f6359809137464d8693f339bb080d14d9c77140,60df0a7db0688df4967c306e4e36304a0f68d000d96b9af922caff79c7ab1fa0,10dfdb81f8d4e94b6c79fe77873ee10c1c43c43b752debce9aaf7641d2402843,fd0b415d4995c8ff6b61d5f15fd84a08191887a08a37ecd0fc53bb9453bf23c6,1.7264261916279793,0.7485760781122864,0.8730675345809601,0.8722538649308381
warm_4N_sixdist_s11_f25_preserve_flip_balanced_lr0.01,warm,4N,sixdist,11,25,preserve_flip_balanced,lr0.01,adam,0.01,,300,0.11932232975959778,0.3395761251449585,0.00048828125,0.031745798885822296,c0ba3e5bc17f6aec17850d2e7805e5a8074d92aedf91d11052442481a1093ba7,761d48b7c84d453f01d211cbcb4add71c7e1dbccd6575701b804c3e35fb37b06,a24554cf18099568335f97b7b69243a70ebd5bce82f2d9c3387583c06dfc9fb4,c0ba3e5bc17f6aec17850d2e7805e5a8074d92aedf91d11052442481a1093ba7,e20e3e18b8d05d67bcf3836116485431e034ee700d4daaeed0c3a221baf0018e,4N_sixdist_s11_f0_lr0.001,fe1580762fcb61228fa9f65def1931fc0a5619c0ad1903a013819c9971e916e9,35652752e7eaf72ac7359f6ab709f8fc989925baa8523691b56ef2dfd0cf6b2b,798,799,2048,5693,1707900,300,ae12d7d2443203214d1a1b6e6c0a259704d5a2a78dd3372c3eba05c56b325c96,3d41204b1e9c664522378aa87f6359809137464d8693f339bb080d14d9c77140,60df0a7db0688df4967c306e4e36304a0f68d000d96b9af922caff79c7ab1fa0,10dfdb81f8d4e94b6c79fe77873ee10c1c43c43b752debce9aaf7641d2402843,fd0b415d4995c8ff6b61d5f15fd84a08191887a08a37ecd0fc53bb9453bf23c6,1.6227438375353813,0.74206672091131,0.8893409275834011,0.8510984540276648
warm_4N_sixdist_s11_f25_protection_lr0.001,warm,4N,sixdist,11,25,protection,lr0.001,adam,0.001,,300,0.0873146578669548,0.3395761251449585,0.001953125,0.09533578902482986,c0ba3e5bc17f6aec17850d2e7805e5a8074d92aedf91d11052442481a1093ba7,761d48b7c84d453f01d211cbcb4add71c7e1dbccd6575701b804c3e35fb37b06,f479a65a05f58200f5bcda5ca5525fb68628beead491772281f433623be3577f,c0ba3e5bc17f6aec17850d2e7805e5a8074d92aedf91d11052442481a1093ba7,e20e3e18b8d05d67bcf3836116485431e034ee700d4daaeed0c3a221baf0018e,4N_sixdist_s11_f0_lr0.001,76e84440e6084ae8046b6638378bb4070eb08ed14f9ed37b43886239073c2cc2,35af10b4a4b738858787fd458dc2c7bc7095f28866b669f73bc36fcb35db790e,1597,0,2048,5693,1707900,300,ae12d7d2443203214d1a1b6e6c0a259704d5a2a78dd3372c3eba05c56b325c96,3d41204b1e9c664522378aa87f6359809137464d8693f339bb080d14d9c77140,60df0a7db0688df4967c306e4e36304a0f68d000d96b9af922caff79c7ab1fa0,10dfdb81f8d4e94b6c79fe77873ee10c1c43c43b752debce9aaf7641d2402843,fd0b415d4995c8ff6b61d5f15fd84a08191887a08a37ecd0fc53bb9453bf23c6,1.8165439292788506,0.7542717656631408,0.8860862489829129,0.8673718470301057
warm_4N_sixdist_s11_f25_protection_lr0.003,warm,4N,sixdist,11,25,protection,lr0.003,adam,0.003,,300,0.07155703753232956,0.3395761251449585,0.00048828125,0.07098595798015594,c0ba3e5bc17f6aec17850d2e7805e5a8074d92aedf91d11052442481a1093ba7,761d48b7c84d453f01d211cbcb4add71c7e1dbccd6575701b804c3e35fb37b06,834e4458c1b3f6f4d15a91e25218ee243a707bd4286891783cf73ad789280b80,c0ba3e5bc17f6aec17850d2e7805e5a8074d92aedf91d11052442481a1093ba7,e20e3e18b8d05d67bcf3836116485431e034ee700d4daaeed0c3a221baf0018e,4N_sixdist_s11_f0_lr0.001,111f2a6d699ff0025cae8a75351703afa101262b298cbd1387f0e996bc96edd1,35af10b4a4b738858787fd458dc2c7bc7095f28866b669f73bc36fcb35db790e,1597,0,2048,5693,1707900,300,ae12d7d2443203214d1a1b6e6c0a259704d5a2a78dd3372c3eba05c56b325c96,3d41204b1e9c664522378aa87f6359809137464d8693f339bb080d14d9c77140,60df0a7db0688df4967c306e4e36304a0f68d000d96b9af922caff79c7ab1fa0,10dfdb81f8d4e94b6c79fe77873ee10c1c43c43b752debce9aaf7641d2402843,fd0b415d4995c8ff6b61d5f15fd84a08191887a08a37ecd0fc53bb9453bf23c6,1.828053593635559,0.7672904800650936,0.886899918633035,0.8803905614320586
warm_4N_sixdist_s11_f25_protection_lr0.01,warm,4N,sixdist,11,25,protection,lr0.01,adam,0.01,,300,0.06226716563105583,0.3395761251449585,0.00048828125,0.07841165363788605,c0ba3e5bc17f6aec17850d2e7805e5a8074d92aedf91d11052442481a1093ba7,761d48b7c84d453f01d211cbcb4add71c7e1dbccd6575701b804c3e35fb37b06,cba74919b18423dbbfc84020af882287b5f4ce157ff7f5c1f8691a5b124b1270,c0ba3e5bc17f6aec17850d2e7805e5a8074d92aedf91d11052442481a1093ba7,e20e3e18b8d05d67bcf3836116485431e034ee700d4daaeed0c3a221baf0018e,4N_sixdist_s11_f0_lr0.001,3dfeb19f0d8439b869bdb78d049e2bbd504018ce5375d53c0b70fd46501dc556,35af10b4a4b738858787fd458dc2c7bc7095f28866b669f73bc36fcb35db790e,1597,0,2048,5693,1707900,300,ae12d7d2443203214d1a1b6e6c0a259704d5a2a78dd3372c3eba05c56b325c96,3d41204b1e9c664522378aa87f6359809137464d8693f339bb080d14d9c77140,60df0a7db0688df4967c306e4e36304a0f68d000d96b9af922caff79c7ab1fa0,10dfdb81f8d4e94b6c79fe77873ee10c1c43c43b752debce9aaf7641d2402843,fd0b415d4995c8ff6b61d5f15fd84a08191887a08a37ecd0fc53bb9453bf23c6,1.7378700450062752,0.7925142392188771,0.8942229454841334,0.8966639544344996
warm_4N_sixdist_s23_f0_hard_replay_lr0.001,warm,4N,sixdist,23,0,hard_replay,lr0.001,adam,0.001,,300,0.5636818408966064,0.3616545796394348,0.0,0.000836969877127558,4d8ec9cfbf576a936247f711b7f36288649325f307cdcd1b17251ab922a28375,becd85edf64b462ef1d19851bdb64fea24caea7b04228cd659ccc92d639a2003,1cfaf6d82cdad7b8df38d80bdb56209e868b4a590b494804e27c0c06f5193bc6,4d8ec9cfbf576a936247f711b7f36288649325f307cdcd1b17251ab922a28375,d1112661731950aa15cab27b46ee6061a598b225f5a7e2411dbde80a1c988127,4N_sixdist_s23_f0_lr0.001,6bdfbff6588a13636c83104a92288e7a7dd49611dd94bb1888ba4bd7082c9ae3,c0f4d01d04d6cedfe52ce0eab9b3402e7ff8514942903994138b97d1fa719380,0,0,2048,4096,1228800,300,ae12d7d2443203214d1a1b6e6c0a259704d5a2a78dd3372c3eba05c56b325c96,3d41204b1e9c664522378aa87f6359809137464d8693f339bb080d14d9c77140,60df0a7db0688df4967c306e4e36304a0f68d000d96b9af922caff79c7ab1fa0,10dfdb81f8d4e94b6c79fe77873ee10c1c43c43b752debce9aaf7641d2402843,fd0b415d4995c8ff6b61d5f15fd84a08191887a08a37ecd0fc53bb9453bf23c6,1.6509440690279007,0.565500406834825,0.8779495524816925,0.6875508543531327
warm_4N_sixdist_s23_f0_hard_replay_lr0.003,warm,4N,sixdist,23,0,hard_replay,lr0.003,adam,0.003,,300,0.6390343904495239,0.3616545796394348,0.0,0.0005519869737327099,4d8ec9cfbf576a936247f711b7f36288649325f307cdcd1b17251ab922a28375,becd85edf64b462ef1d19851bdb64fea24caea7b04228cd659ccc92d639a2003,2fd93225fb9ad558709351997db7f4126da5db92d92d089d06b0e4dbbeee950b,4d8ec9cfbf576a936247f711b7f36288649325f307cdcd1b17251ab922a28375,d1112661731950aa15cab27b46ee6061a598b225f5a7e2411dbde80a1c988127,4N_sixdist_s23_f0_lr0.001,4646f387fe9a61ff36668e2ad18735877b7eddd2dee6d14e40a98db05eadcbd0,c0f4d01d04d6cedfe52ce0eab9b3402e7ff8514942903994138b97d1fa719380,0,0,2048,4096,1228800,300,ae12d7d2443203214d1a1b6e6c0a259704d5a2a78dd3372c3eba05c56b325c96,3d41204b1e9c664522378aa87f6359809137464d8693f339bb080d14d9c77140,60df0a7db0688df4967c306e4e36304a0f68d000d96b9af922caff79c7ab1fa0,10dfdb81f8d4e94b6c79fe77873ee10c1c43c43b752debce9aaf7641d2402843,fd0b415d4995c8ff6b61d5f15fd84a08191887a08a37ecd0fc53bb9453bf23c6,1.7353937551379204,0.5573637103336045,0.8746948738812043,0.6826688364524003
warm_4N_sixdist_s23_f0_hard_replay_lr0.01,warm,4N,sixdist,23,0,hard_replay,lr0.01,adam,0.01,,300,0.4982268214225769,0.3616545796394348,0.0,0.0013127801939845085,4d8ec9cfbf576a936247f711b7f36288649325f307cdcd1b17251ab922a28375,becd85edf64b462ef1d19851bdb64fea24caea7b04228cd659ccc92d639a2003,ce3d59021b2027b75167adbfa96cabb9bf5e4f36bc888ab5c9205e7259c89ad0,4d8ec9cfbf576a936247f711b7f36288649325f307cdcd1b17251ab922a28375,d1112661731950aa15cab27b46ee6061a598b225f5a7e2411dbde80a1c988127,4N_sixdist_s23_f0_lr0.001,b9d17f5ed00dd0e87b797b35183934f5b0d0b2e93097efaef619af263e2e1b32,c0f4d01d04d6cedfe52ce0eab9b3402e7ff8514942903994138b97d1fa719380,0,0,2048,4096,1228800,300,ae12d7d2443203214d1a1b6e6c0a259704d5a2a78dd3372c3eba05c56b325c96,3d41204b1e9c664522378aa87f6359809137464d8693f339bb080d14d9c77140,60df0a7db0688df4967c306e4e36304a0f68d000d96b9af922caff79c7ab1fa0,10dfdb81f8d4e94b6c79fe77873ee10c1c43c43b752debce9aaf7641d2402843,fd0b415d4995c8ff6b61d5f15fd84a08191887a08a37ecd0fc53bb9453bf23c6,1.5122607797384262,0.564686737184703,0.8771358828315704,0.6867371847030106
warm_4N_sixdist_s23_f0_plain_adam_lr0.0005_steps600,warm,4N,sixdist,23,0,plain,adam_lr0.0005_steps600,adam,0.0005,,600,0.5902618169784546,0.3616545796394348,0.0,0.00018920355068985373,4d8ec9cfbf576a936247f711b7f36288649325f307cdcd1b17251ab922a28375,becd85edf64b462ef1d19851bdb64fea24caea7b04228cd659ccc92d639a2003,e37d2e8ccd9e6a2692dcedef28216a1593ff5386fb99807bdedf165acfa0ccca,4d8ec9cfbf576a936247f711b7f36288649325f307cdcd1b17251ab922a28375,d1112661731950aa15cab27b46ee6061a598b225f5a7e2411dbde80a1c988127,4N_sixdist_s23_f0_lr0.001,43923434711eda4a421c5d2185b0b70db495408b229d9bf6e93e10951baf7c8a,c0f4d01d04d6cedfe52ce0eab9b3402e7ff8514942903994138b97d1fa719380,0,0,2048,4096,2457600,600,ae12d7d2443203214d1a1b6e6c0a259704d5a2a78dd3372c3eba05c56b325c96,3d41204b1e9c664522378aa87f6359809137464d8693f339bb080d14d9c77140,60df0a7db0688df4967c306e4e36304a0f68d000d96b9af922caff79c7ab1fa0,10dfdb81f8d4e94b6c79fe77873ee10c1c43c43b752debce9aaf7641d2402843,fd0b415d4995c8ff6b61d5f15fd84a08191887a08a37ecd0fc53bb9453bf23c6,3.0904397815465927,0.5752644426362896,0.8755085435313262,0.6997558991049634
warm_4N_sixdist_s23_f0_plain_lr0.001,warm,4N,sixdist,23,0,plain,lr0.001,adam,0.001,,300,0.5633073449134827,0.3616545796394348,0.0,0.00041831997805275023,4d8ec9cfbf576a936247f711b7f36288649325f307cdcd1b17251ab922a28375,becd85edf64b462ef1d19851bdb64fea24caea7b04228cd659ccc92d639a2003,cea0266dc42a328678b290706a03717c3f65763a63ab2d27f5a94a6edc8ffb5f,4d8ec9cfbf576a936247f711b7f36288649325f307cdcd1b17251ab922a28375,d1112661731950aa15cab27b46ee6061a598b225f5a7e2411dbde80a1c988127,4N_sixdist_s23_f0_lr0.001,fd3a3eaa744f2c0ff941656a43e06721986b9dee2e21a21354f66df38a39a63f,c0f4d01d04d6cedfe52ce0eab9b3402e7ff8514942903994138b97d1fa719380,0,0,2048,4096,1228800,300,ae12d7d2443203214d1a1b6e6c0a259704d5a2a78dd3372c3eba05c56b325c96,3d41204b1e9c664522378aa87f6359809137464d8693f339bb080d14d9c77140,60df0a7db0688df4967c306e4e36304a0f68d000d96b9af922caff79c7ab1fa0,10dfdb81f8d4e94b6c79fe77873ee10c1c43c43b752debce9aaf7641d2402843,fd0b415d4995c8ff6b61d5f15fd84a08191887a08a37ecd0fc53bb9453bf23c6,1.3658427521586418,0.5663140764849471,0.8787632221318145,0.6875508543531327
warm_4N_sixdist_s23_f0_plain_lr0.003,warm,4N,sixdist,23,0,plain,lr0.003,adam,0.003,,300,0.6390827298164368,0.3616545796394348,0.0,0.00027607104857452214,4d8ec9cfbf576a936247f711b7f36288649325f307cdcd1b17251ab922a28375,becd85edf64b462ef1d19851bdb64fea24caea7b04228cd659ccc92d639a2003,d508f8cc4c42bffd3e7c090830d144afd2fb601fe9829cbf1f2a0e9c18c3ca6a,4d8ec9cfbf576a936247f711b7f36288649325f307cdcd1b17251ab922a28375,d1112661731950aa15cab27b46ee6061a598b225f5a7e2411dbde80a1c988127,4N_sixdist_s23_f0_lr0.001,bfa0161e78fc7af464c81746736da6f07e2cb9652e3202048dd4dd56a8168e84,c0f4d01d04d6cedfe52ce0eab9b3402e7ff8514942903994138b97d1fa719380,0,0,2048,4096,1228800,300,ae12d7d2443203214d1a1b6e6c0a259704d5a2a78dd3372c3eba05c56b325c96,3d41204b1e9c664522378aa87f6359809137464d8693f339bb080d14d9c77140,60df0a7db0688df4967c306e4e36304a0f68d000d96b9af922caff79c7ab1fa0,10dfdb81f8d4e94b6c79fe77873ee10c1c43c43b752debce9aaf7641d2402843,fd0b415d4995c8ff6b61d5f15fd84a08191887a08a37ecd0fc53bb9453bf23c6,1.3126268908381462,0.5573637103336045,0.8746948738812043,0.6826688364524003
warm_4N_sixdist_s23_f0_plain_lr0.01,warm,4N,sixdist,23,0,plain,lr0.01,adam,0.01,,300,0.49879321455955505,0.3616545796394348,0.0,0.0006556176813319325,4d8ec9cfbf576a936247f711b7f36288649325f307cdcd1b17251ab922a28375,becd85edf64b462ef1d19851bdb64fea24caea7b04228cd659ccc92d639a2003,9dfd0e46eb2326be5f75a32d417e37a19deb6ed2c6c6b9db0b5ca0b444327aa6,4d8ec9cfbf576a936247f711b7f36288649325f307cdcd1b17251ab922a28375,d1112661731950aa15cab27b46ee6061a598b225f5a7e2411dbde80a1c988127,4N_sixdist_s23_f0_lr0.001,2977e171ec08edcc1ace2699e1d65afd2ddd5039b8cfe733dd3f1d1bb047142e,c0f4d01d04d6cedfe52ce0eab9b3402e7ff8514942903994138b97d1fa719380,0,0,2048,4096,1228800,300,ae12d7d2443203214d1a1b6e6c0a259704d5a2a78dd3372c3eba05c56b325c96,3d41204b1e9c664522378aa87f6359809137464d8693f339bb080d14d9c77140,60df0a7db0688df4967c306e4e36304a0f68d000d96b9af922caff79c7ab1fa0,10dfdb81f8d4e94b6c79fe77873ee10c1c43c43b752debce9aaf7641d2402843,fd0b415d4995c8ff6b61d5f15fd84a08191887a08a37ecd0fc53bb9453bf23c6,1.25664022564888,0.565500406834825,0.8779495524816925,0.6867371847030106
warm_4N_sixdist_s23_f0_plain_sgd_m09_lr0.003,warm,4N,sixdist,23,0,plain,sgd_m09_lr0.003,sgd,0.003,0.9,300,0.36915045976638794,0.3616545796394348,0.0,0.005505617242306471,4d8ec9cfbf576a936247f711b7f36288649325f307cdcd1b17251ab922a28375,becd85edf64b462ef1d19851bdb64fea24caea7b04228cd659ccc92d639a2003,22830dcb8549b5f9d63d37f2fcc4b1ffa547d130dc756ec075310fa41ec1a8e3,4d8ec9cfbf576a936247f711b7f36288649325f307cdcd1b17251ab922a28375,d1112661731950aa15cab27b46ee6061a598b225f5a7e2411dbde80a1c988127,4N_sixdist_s23_f0_lr0.001,a055e8d1096d60b997ce46dde8bc5789ddf05ac42f4ebcb956e6996b752d7ca5,c0f4d01d04d6cedfe52ce0eab9b3402e7ff8514942903994138b97d1fa719380,0,0,2048,4096,1228800,300,ae12d7d2443203214d1a1b6e6c0a259704d5a2a78dd3372c3eba05c56b325c96,3d41204b1e9c664522378aa87f6359809137464d8693f339bb080d14d9c77140,60df0a7db0688df4967c306e4e36304a0f68d000d96b9af922caff79c7ab1fa0,10dfdb81f8d4e94b6c79fe77873ee10c1c43c43b752debce9aaf7641d2402843,fd0b415d4995c8ff6b61d5f15fd84a08191887a08a37ecd0fc53bb9453bf23c6,1.2628370374441147,0.5467860048820179,0.8722538649308381,0.6737184703010578
warm_4N_sixdist_s23_f0_plain_sgd_m09_lr0.01,warm,4N,sixdist,23,0,plain,sgd_m09_lr0.01,sgd,0.01,0.9,300,0.3836338520050049,0.3616545796394348,0.0,0.00379381887614727,4d8ec9cfbf576a936247f711b7f36288649325f307cdcd1b17251ab922a28375,becd85edf64b462ef1d19851bdb64fea24caea7b04228cd659ccc92d639a2003,49a4ec9b5040e672fb82b61447f6dc03e00628e81038cf0ea7cca033163fdca2,4d8ec9cfbf576a936247f711b7f36288649325f307cdcd1b17251ab922a28375,d1112661731950aa15cab27b46ee6061a598b225f5a7e2411dbde80a1c988127,4N_sixdist_s23_f0_lr0.001,04168953651930e42cd14fad79877d37c0f02a290f5c57cf8d309cb6d8c24cca,c0f4d01d04d6cedfe52ce0eab9b3402e7ff8514942903994138b97d1fa719380,0,0,2048,4096,1228800,300,ae12d7d2443203214d1a1b6e6c0a259704d5a2a78dd3372c3eba05c56b325c96,3d41204b1e9c664522378aa87f6359809137464d8693f339bb080d14d9c77140,60df0a7db0688df4967c306e4e36304a0f68d000d96b9af922caff79c7ab1fa0,10dfdb81f8d4e94b6c79fe77873ee10c1c43c43b752debce9aaf7641d2402843,fd0b415d4995c8ff6b61d5f15fd84a08191887a08a37ecd0fc53bb9453bf23c6,1.2841741889715195,0.5524816924328723,0.8665581773799838,0.6851098454027664
warm_4N_sixdist_s23_f0_preserve_flip_balanced_lr0.001,warm,4N,sixdist,23,0,preserve_flip_balanced,lr0.001,adam,0.001,,300,0.5633073449134827,0.3616545796394348,0.0,0.00041831997805275023,4d8ec9cfbf576a936247f711b7f36288649325f307cdcd1b17251ab922a28375,becd85edf64b462ef1d19851bdb64fea24caea7b04228cd659ccc92d639a2003,cea0266dc42a328678b290706a03717c3f65763a63ab2d27f5a94a6edc8ffb5f,4d8ec9cfbf576a936247f711b7f36288649325f307cdcd1b17251ab922a28375,d1112661731950aa15cab27b46ee6061a598b225f5a7e2411dbde80a1c988127,4N_sixdist_s23_f0_lr0.001,f12cab4e6cfd2144d9cecf79ec3aaa26f53966981f1005f35a35fd92b2696339,c0f4d01d04d6cedfe52ce0eab9b3402e7ff8514942903994138b97d1fa719380,0,0,2048,4096,1228800,300,ae12d7d2443203214d1a1b6e6c0a259704d5a2a78dd3372c3eba05c56b325c96,3d41204b1e9c664522378aa87f6359809137464d8693f339bb080d14d9c77140,60df0a7db0688df4967c306e4e36304a0f68d000d96b9af922caff79c7ab1fa0,10dfdb81f8d4e94b6c79fe77873ee10c1c43c43b752debce9aaf7641d2402843,fd0b415d4995c8ff6b61d5f15fd84a08191887a08a37ecd0fc53bb9453bf23c6,1.3232382982969284,0.5663140764849471,0.8787632221318145,0.6875508543531327
warm_4N_sixdist_s23_f0_preserve_flip_balanced_lr0.003,warm,4N,sixdist,23,0,preserve_flip_balanced,lr0.003,adam,0.003,,300,0.6390827298164368,0.3616545796394348,0.0,0.00027607104857452214,4d8ec9cfbf576a936247f711b7f36288649325f307cdcd1b17251ab922a28375,becd85edf64b462ef1d19851bdb64fea24caea7b04228cd659ccc92d639a2003,d508f8cc4c42bffd3e7c090830d144afd2fb601fe9829cbf1f2a0e9c18c3ca6a,4d8ec9cfbf576a936247f711b7f36288649325f307cdcd1b17251ab922a28375,d1112661731950aa15cab27b46ee6061a598b225f5a7e2411dbde80a1c988127,4N_sixdist_s23_f0_lr0.001,66c1336ecbc248dd65cc2f480bb783d8189cd1c35ec49675958eb072d9a6ee97,c0f4d01d04d6cedfe52ce0eab9b3402e7ff8514942903994138b97d1fa719380,0,0,2048,4096,1228800,300,ae12d7d2443203214d1a1b6e6c0a259704d5a2a78dd3372c3eba05c56b325c96,3d41204b1e9c664522378aa87f6359809137464d8693f339bb080d14d9c77140,60df0a7db0688df4967c306e4e36304a0f68d000d96b9af922caff79c7ab1fa0,10dfdb81f8d4e94b6c79fe77873ee10c1c43c43b752debce9aaf7641d2402843,fd0b415d4995c8ff6b61d5f15fd84a08191887a08a37ecd0fc53bb9453bf23c6,1.3594923242926598,0.5573637103336045,0.8746948738812043,0.6826688364524003
warm_4N_sixdist_s23_f0_preserve_flip_balanced_lr0.01,warm,4N,sixdist,23,0,preserve_flip_balanced,lr0.01,adam,0.01,,300,0.49879321455955505,0.3616545796394348,0.0,0.0006556176813319325,4d8ec9cfbf576a936247f711b7f36288649325f307cdcd1b17251ab922a28375,becd85edf64b462ef1d19851bdb64fea24caea7b04228cd659ccc92d639a2003,9dfd0e46eb2326be5f75a32d417e37a19deb6ed2c6c6b9db0b5ca0b444327aa6,4d8ec9cfbf576a936247f711b7f36288649325f307cdcd1b17251ab922a28375,d1112661731950aa15cab27b46ee6061a598b225f5a7e2411dbde80a1c988127,4N_sixdist_s23_f0_lr0.001,fe0c4628da93e50c2845aa2093a131ca2dda9ecded2c5c18f85d4587d24b277d,c0f4d01d04d6cedfe52ce0eab9b3402e7ff8514942903994138b97d1fa719380,0,0,2048,4096,1228800,300,ae12d7d2443203214d1a1b6e6c0a259704d5a2a78dd3372c3eba05c56b325c96,3d41204b1e9c664522378aa87f6359809137464d8693f339bb080d14d9c77140,60df0a7db0688df4967c306e4e36304a0f68d000d96b9af922caff79c7ab1fa0,10dfdb81f8d4e94b6c79fe77873ee10c1c43c43b752debce9aaf7641d2402843,fd0b415d4995c8ff6b61d5f15fd84a08191887a08a37ecd0fc53bb9453bf23c6,1.2768790647387505,0.565500406834825,0.8779495524816925,0.6867371847030106
warm_4N_sixdist_s23_f0_protection_lr0.001,warm,4N,sixdist,23,0,protection,lr0.001,adam,0.001,,300,0.3865605294704437,0.3616545796394348,0.0,0.02801324799656868,4d8ec9cfbf576a936247f711b7f36288649325f307cdcd1b17251ab922a28375,becd85edf64b462ef1d19851bdb64fea24caea7b04228cd659ccc92d639a2003,2c76099620f10671e72895271207aeca487961bac3f451d814f28e0aabb35817,4d8ec9cfbf576a936247f711b7f36288649325f307cdcd1b17251ab922a28375,d1112661731950aa15cab27b46ee6061a598b225f5a7e2411dbde80a1c988127,4N_sixdist_s23_f0_lr0.001,83b50879e1781ee1c487589e36e0def423681f0fd8fba9e46c332c6b55038b7f,c0f4d01d04d6cedfe52ce0eab9b3402e7ff8514942903994138b97d1fa719380,0,0,2048,4096,1228800,300,ae12d7d2443203214d1a1b6e6c0a259704d5a2a78dd3372c3eba05c56b325c96,3d41204b1e9c664522378aa87f6359809137464d8693f339bb080d14d9c77140,60df0a7db0688df4967c306e4e36304a0f68d000d96b9af922caff79c7ab1fa0,10dfdb81f8d4e94b6c79fe77873ee10c1c43c43b752debce9aaf7641d2402843,fd0b415d4995c8ff6b61d5f15fd84a08191887a08a37ecd0fc53bb9453bf23c6,1.40027367323637,0.5524816924328723,0.8746948738812043,0.6769731489015459
warm_4N_sixdist_s23_f0_protection_lr0.003,warm,4N,sixdist,23,0,protection,lr0.003,adam,0.003,,300,0.38506412506103516,0.3616545796394348,0.0,0.028024083003401756,4d8ec9cfbf576a936247f711b7f36288649325f307cdcd1b17251ab922a28375,becd85edf64b462ef1d19851bdb64fea24caea7b04228cd659ccc92d639a2003,a6c513098deb28c2b5a8f049dacd2caa6d006ab102d6c760f9d5790dc2fc7211,4d8ec9cfbf576a936247f711b7f36288649325f307cdcd1b17251ab922a28375,d1112661731950aa15cab27b46ee6061a598b225f5a7e2411dbde80a1c988127,4N_sixdist_s23_f0_lr0.001,848fb6d2fd189bd8fff45bf3a91b288169561fb1424c9976d533e808272a8c30,c0f4d01d04d6cedfe52ce0eab9b3402e7ff8514942903994138b97d1fa719380,0,0,2048,4096,1228800,300,ae12d7d2443203214d1a1b6e6c0a259704d5a2a78dd3372c3eba05c56b325c96,3d41204b1e9c664522378aa87f6359809137464d8693f339bb080d14d9c77140,60df0a7db0688df4967c306e4e36304a0f68d000d96b9af922caff79c7ab1fa0,10dfdb81f8d4e94b6c79fe77873ee10c1c43c43b752debce9aaf7641d2402843,fd0b415d4995c8ff6b61d5f15fd84a08191887a08a37ecd0fc53bb9453bf23c6,1.390009380877018,0.5549227013832384,0.8771358828315704,0.6769731489015459
warm_4N_sixdist_s23_f0_protection_lr0.01,warm,4N,sixdist,23,0,protection,lr0.01,adam,0.01,,300,0.372688353061676,0.3616545796394348,0.0,0.0281525868922472,4d8ec9cfbf576a936247f711b7f36288649325f307cdcd1b17251ab922a28375,becd85edf64b462ef1d19851bdb64fea24caea7b04228cd659ccc92d639a2003,55b385cdd2fcf9a2af71fd35febb6831bf905ae4ecebbb6f34ff1b3636d73106,4d8ec9cfbf576a936247f711b7f36288649325f307cdcd1b17251ab922a28375,d1112661731950aa15cab27b46ee6061a598b225f5a7e2411dbde80a1c988127,4N_sixdist_s23_f0_lr0.001,8ad0fcf02bf1bcd7b0891e34604b122be62e9c6534c8c3e082d5895a4b8f8c54,c0f4d01d04d6cedfe52ce0eab9b3402e7ff8514942903994138b97d1fa719380,0,0,2048,4096,1228800,300,ae12d7d2443203214d1a1b6e6c0a259704d5a2a78dd3372c3eba05c56b325c96,3d41204b1e9c664522378aa87f6359809137464d8693f339bb080d14d9c77140,60df0a7db0688df4967c306e4e36304a0f68d000d96b9af922caff79c7ab1fa0,10dfdb81f8d4e94b6c79fe77873ee10c1c43c43b752debce9aaf7641d2402843,fd0b415d4995c8ff6b61d5f15fd84a08191887a08a37ecd0fc53bb9453bf23c6,1.3809427693486214,0.5589910496338486,0.8795768917819365,0.6786004882017901
warm_4N_sixdist_s23_f100_hard_replay_lr0.001,warm,4N,sixdist,23,100,hard_replay,lr0.001,adam,0.001,,300,0.0647972896695137,0.3616545796394348,0.001953125,0.10754315555095673,4d8ec9cfbf576a936247f711b7f36288649325f307cdcd1b17251ab922a28375,becd85edf64b462ef1d19851bdb64fea24caea7b04228cd659ccc92d639a2003,caa490c71b8e716c7f17883caf1716bf17765f5ef0e3f9a89e92eed3f569462d,4d8ec9cfbf576a936247f711b7f36288649325f307cdcd1b17251ab922a28375,d1112661731950aa15cab27b46ee6061a598b225f5a7e2411dbde80a1c988127,4N_sixdist_s23_f0_lr0.001,f49270af6dd4c1b9434b256cbd7394f0b974dc78a6186f6057e869572ceec6cc,2226cb57f55dc5723c6244d0f2299ae3a943e50964d35bda827489b4f53e6f71,6390,0,2048,10486,3145800,300,ae12d7d2443203214d1a1b6e6c0a259704d5a2a78dd3372c3eba05c56b325c96,3d41204b1e9c664522378aa87f6359809137464d8693f339bb080d14d9c77140,60df0a7db0688df4967c306e4e36304a0f68d000d96b9af922caff79c7ab1fa0,10dfdb81f8d4e94b6c79fe77873ee10c1c43c43b752debce9aaf7641d2402843,fd0b415d4995c8ff6b61d5f15fd84a08191887a08a37ecd0fc53bb9453bf23c6,2.8821871876716614,0.7477624084621644,0.8738812042310822,0.871440195280716
warm_4N_sixdist_s23_f100_hard_replay_lr0.003,warm,4N,sixdist,23,100,hard_replay,lr0.003,adam,0.003,,300,0.0519988127052784,0.3616545796394348,0.00048828125,0.07011201977729797,4d8ec9cfbf576a936247f711b7f36288649325f307cdcd1b17251ab922a28375,becd85edf64b462ef1d19851bdb64fea24caea7b04228cd659ccc92d639a2003,2f8ed16a4465732361c403f90066d3e9759063c74ba523ceeb8ab695b64c99d7,4d8ec9cfbf576a936247f711b7f36288649325f307cdcd1b17251ab922a28375,d1112661731950aa15cab27b46ee6061a598b225f5a7e2411dbde80a1c988127,4N_sixdist_s23_f0_lr0.001,a89334f0e3d674cdd34f2ab6a452a778b4205e90c7c71afc0dc8e0dfccb00ea5,2226cb57f55dc5723c6244d0f2299ae3a943e50964d35bda827489b4f53e6f71,6390,0,2048,10486,3145800,300,ae12d7d2443203214d1a1b6e6c0a259704d5a2a78dd3372c3eba05c56b325c96,3d41204b1e9c664522378aa87f6359809137464d8693f339bb080d14d9c77140,60df0a7db0688df4967c306e4e36304a0f68d000d96b9af922caff79c7ab1fa0,10dfdb81f8d4e94b6c79fe77873ee10c1c43c43b752debce9aaf7641d2402843,fd0b415d4995c8ff6b61d5f15fd84a08191887a08a37ecd0fc53bb9453bf23c6,3.011885792016983,0.7851912123677787,0.8925956061838893,0.8909682668836453
warm_4N_sixdist_s23_f100_hard_replay_lr0.01,warm,4N,sixdist,23,100,hard_replay,lr0.01,adam,0.01,,300,0.047944311052560806,0.3616545796394348,0.0009765625,0.06307964771986008,4d8ec9cfbf576a936247f711b7f36288649325f307cdcd1b17251ab922a28375,becd85edf64b462ef1d19851bdb64fea24caea7b04228cd659ccc92d639a2003,66a1169fddc312d602ac1ac0427ef3fa9ea7b9db94d96676bdecfb9633b521c8,4d8ec9cfbf576a936247f711b7f36288649325f307cdcd1b17251ab922a28375,d1112661731950aa15cab27b46ee6061a598b225f5a7e2411dbde80a1c988127,4N_sixdist_s23_f0_lr0.001,a2ace0bb51f8592342b7497111ec1b59bce0d99064bbdcb6ecf9e957bc5f89f1,2226cb57f55dc5723c6244d0f2299ae3a943e50964d35bda827489b4f53e6f71,6390,0,2048,10486,3145800,300,ae12d7d2443203214d1a1b6e6c0a259704d5a2a78dd3372c3eba05c56b325c96,3d41204b1e9c664522378aa87f6359809137464d8693f339bb080d14d9c77140,60df0a7db0688df4967c306e4e36304a0f68d000d96b9af922caff79c7ab1fa0,10dfdb81f8d4e94b6c79fe77873ee10c1c43c43b752debce9aaf7641d2402843,fd0b415d4995c8ff6b61d5f15fd84a08191887a08a37ecd0fc53bb9453bf23c6,2.758836254477501,0.8112286411716843,0.9015459723352319,0.9088689991863304
warm_4N_sixdist_s23_f100_plain_adam_lr0.0005_steps600,warm,4N,sixdist,23,100,plain,adam_lr0.0005_steps600,adam,0.0005,,600,0.05364367738366127,0.3616545796394348,0.00390625,0.07561026513576508,4d8ec9cfbf576a936247f711b7f36288649325f307cdcd1b17251ab922a28375,becd85edf64b462ef1d19851bdb64fea24caea7b04228cd659ccc92d639a2003,66d216a347691cd05d02a0374be4cb3a65a00926ac3bd32d201879cf2f0c417d,4d8ec9cfbf576a936247f711b7f36288649325f307cdcd1b17251ab922a28375,d1112661731950aa15cab27b46ee6061a598b225f5a7e2411dbde80a1c988127,4N_sixdist_s23_f0_lr0.001,81a1346277426e313bbcd04ed0e1d7d0b2943faa286771a0302c0a25ab97f91e,2226cb57f55dc5723c6244d0f2299ae3a943e50964d35bda827489b4f53e6f71,6390,0,2048,10486,6291600,600,ae12d7d2443203214d1a1b6e6c0a259704d5a2a78dd3372c3eba05c56b325c96,3d41204b1e9c664522378aa87f6359809137464d8693f339bb080d14d9c77140,60df0a7db0688df4967c306e4e36304a0f68d000d96b9af922caff79c7ab1fa0,10dfdb81f8d4e94b6c79fe77873ee10c1c43c43b752debce9aaf7641d2402843,fd0b415d4995c8ff6b61d5f15fd84a08191887a08a37ecd0fc53bb9453bf23c6,5.421645745635033,0.772986167615948,0.8860862489829129,0.8852725793327909
warm_4N_sixdist_s23_f100_plain_lr0.001,warm,4N,sixdist,23,100,plain,lr0.001,adam,0.001,,300,0.06350258737802505,0.3616545796394348,0.0078125,0.10233904421329498,4d8ec9cfbf576a936247f711b7f36288649325f307cdcd1b17251ab922a28375,becd85edf64b462ef1d19851bdb64fea24caea7b04228cd659ccc92d639a2003,6eee9eaeee33c865f0b668669f8ad7609432fb1ea4f3df09b91d72c29baa426f,4d8ec9cfbf576a936247f711b7f36288649325f307cdcd1b17251ab922a28375,d1112661731950aa15cab27b46ee6061a598b225f5a7e2411dbde80a1c988127,4N_sixdist_s23_f0_lr0.001,fedb18a96d19f2e55ffee2203fd3c5fcdde3ca5de374fa107cdc054c6d2316bc,2226cb57f55dc5723c6244d0f2299ae3a943e50964d35bda827489b4f53e6f71,6390,0,2048,10486,3145800,300,ae12d7d2443203214d1a1b6e6c0a259704d5a2a78dd3372c3eba05c56b325c96,3d41204b1e9c664522378aa87f6359809137464d8693f339bb080d14d9c77140,60df0a7db0688df4967c306e4e36304a0f68d000d96b9af922caff79c7ab1fa0,10dfdb81f8d4e94b6c79fe77873ee10c1c43c43b752debce9aaf7641d2402843,fd0b415d4995c8ff6b61d5f15fd84a08191887a08a37ecd0fc53bb9453bf23c6,2.777653321623802,0.7436940602115542,0.8633034987794955,0.8795768917819365
warm_4N_sixdist_s23_f100_plain_lr0.003,warm,4N,sixdist,23,100,plain,lr0.003,adam,0.003,,300,0.050502415746450424,0.3616545796394348,0.0029296875,0.05553898960351944,4d8ec9cfbf576a936247f711b7f36288649325f307cdcd1b17251ab922a28375,becd85edf64b462ef1d19851bdb64fea24caea7b04228cd659ccc92d639a2003,7cac870fcc5203adefc545ac64723c463ad477d663121c6b4808cac130fb81a7,4d8ec9cfbf576a936247f711b7f36288649325f307cdcd1b17251ab922a28375,d1112661731950aa15cab27b46ee6061a598b225f5a7e2411dbde80a1c988127,4N_sixdist_s23_f0_lr0.001,139e1a031525fa11e2351f8d1f07f02f8f11f4325f8aa4740644575d5fa4d774,2226cb57f55dc5723c6244d0f2299ae3a943e50964d35bda827489b4f53e6f71,6390,0,2048,10486,3145800,300,ae12d7d2443203214d1a1b6e6c0a259704d5a2a78dd3372c3eba05c56b325c96,3d41204b1e9c664522378aa87f6359809137464d8693f339bb080d14d9c77140,60df0a7db0688df4967c306e4e36304a0f68d000d96b9af922caff79c7ab1fa0,10dfdb81f8d4e94b6c79fe77873ee10c1c43c43b752debce9aaf7641d2402843,fd0b415d4995c8ff6b61d5f15fd84a08191887a08a37ecd0fc53bb9453bf23c6,2.9764835461974144,0.7990235964198535,0.8991049633848658,0.8982912937347437
warm_4N_sixdist_s23_f100_plain_lr0.01,warm,4N,sixdist,23,100,plain,lr0.01,adam,0.01,,300,0.040804434567689896,0.3616545796394348,0.00244140625,0.044427499175071716,4d8ec9cfbf576a936247f711b7f36288649325f307cdcd1b17251ab922a28375,becd85edf64b462ef1d19851bdb64fea24caea7b04228cd659ccc92d639a2003,082f977c4fb3e140d13c6acdeb14bf2377866d4a851e48681523f3de588a1864,4d8ec9cfbf576a936247f711b7f36288649325f307cdcd1b17251ab922a28375,d1112661731950aa15cab27b46ee6061a598b225f5a7e2411dbde80a1c988127,4N_sixdist_s23_f0_lr0.001,fa57d937550eebcb2793dbeb7570b5603a8c0d4fae1a4f0f72a23284c6734cf8,2226cb57f55dc5723c6244d0f2299ae3a943e50964d35bda827489b4f53e6f71,6390,0,2048,10486,3145800,300,ae12d7d2443203214d1a1b6e6c0a259704d5a2a78dd3372c3eba05c56b325c96,3d41204b1e9c664522378aa87f6359809137464d8693f339bb080d14d9c77140,60df0a7db0688df4967c306e4e36304a0f68d000d96b9af922caff79c7ab1fa0,10dfdb81f8d4e94b6c79fe77873ee10c1c43c43b752debce9aaf7641d2402843,fd0b415d4995c8ff6b61d5f15fd84a08191887a08a37ecd0fc53bb9453bf23c6,2.8396411687135696,0.806346623270952,0.8934092758340114,0.9113100081366965
warm_4N_sixdist_s23_f100_plain_sgd_m09_lr0.003,warm,4N,sixdist,23,100,plain,sgd_m09_lr0.003,sgd,0.003,0.9,300,0.06575044989585876,0.3616545796394348,0.005859375,0.10270288586616516,4d8ec9cfbf576a936247f711b7f36288649325f307cdcd1b17251ab922a28375,becd85edf64b462ef1d19851bdb64fea24caea7b04228cd659ccc92d639a2003,7de40c6d0a1f85728b8a4885ea6cced3985c3514b739503b524639822b9b6670,4d8ec9cfbf576a936247f711b7f36288649325f307cdcd1b17251ab922a28375,d1112661731950aa15cab27b46ee6061a598b225f5a7e2411dbde80a1c988127,4N_sixdist_s23_f0_lr0.001,88a9688f83de19fef968054aa4651c7fe19f5ca1678f3c2a35c805e908a76b0e,2226cb57f55dc5723c6244d0f2299ae3a943e50964d35bda827489b4f53e6f71,6390,0,2048,10486,3145800,300,ae12d7d2443203214d1a1b6e6c0a259704d5a2a78dd3372c3eba05c56b325c96,3d41204b1e9c664522378aa87f6359809137464d8693f339bb080d14d9c77140,60df0a7db0688df4967c306e4e36304a0f68d000d96b9af922caff79c7ab1fa0,10dfdb81f8d4e94b6c79fe77873ee10c1c43c43b752debce9aaf7641d2402843,fd0b415d4995c8ff6b61d5f15fd84a08191887a08a37ecd0fc53bb9453bf23c6,2.5466132014989853,0.7640358014646054,0.8730675345809601,0.8901545972335232
warm_4N_sixdist_s23_f100_plain_sgd_m09_lr0.01,warm,4N,sixdist,23,100,plain,sgd_m09_lr0.01,sgd,0.01,0.9,300,0.03649349510669708,0.3616545796394348,0.001953125,0.04513540118932724,4d8ec9cfbf576a936247f711b7f36288649325f307cdcd1b17251ab922a28375,becd85edf64b462ef1d19851bdb64fea24caea7b04228cd659ccc92d639a2003,5ecf64cf6ffd78c41d870eec50a85a9a8cb84aa74aadddf03ee23f39e586b8a1,4d8ec9cfbf576a936247f711b7f36288649325f307cdcd1b17251ab922a28375,d1112661731950aa15cab27b46ee6061a598b225f5a7e2411dbde80a1c988127,4N_sixdist_s23_f0_lr0.001,dad82e34a390925351a165b6c1ecd71b6b360d2a493f6e7f93eaf57d84639636,2226cb57f55dc5723c6244d0f2299ae3a943e50964d35bda827489b4f53e6f71,6390,0,2048,10486,3145800,300,ae12d7d2443203214d1a1b6e6c0a259704d5a2a78dd3372c3eba05c56b325c96,3d41204b1e9c664522378aa87f6359809137464d8693f339bb080d14d9c77140,60df0a7db0688df4967c306e4e36304a0f68d000d96b9af922caff79c7ab1fa0,10dfdb81f8d4e94b6c79fe77873ee10c1c43c43b752debce9aaf7641d2402843,fd0b415d4995c8ff6b61d5f15fd84a08191887a08a37ecd0fc53bb9453bf23c6,3.0455086454749107,0.8047192839707079,0.887713588283157,0.9170056956875509
warm_4N_sixdist_s23_f100_preserve_flip_balanced_lr0.001,warm,4N,sixdist,23,100,preserve_flip_balanced,lr0.001,adam,0.001,,300,0.07777085900306702,0.3616545796394348,0.0,0.06606819480657578,4d8ec9cfbf576a936247f711b7f36288649325f307cdcd1b17251ab922a28375,becd85edf64b462ef1d19851bdb64fea24caea7b04228cd659ccc92d639a2003,a3e17b1952e5e3c591ecab71df888029b89519816f455da4e3c493a0c236c6b1,4d8ec9cfbf576a936247f711b7f36288649325f307cdcd1b17251ab922a28375,d1112661731950aa15cab27b46ee6061a598b225f5a7e2411dbde80a1c988127,4N_sixdist_s23_f0_lr0.001,1996df0de1a03e6c05a25ea96b5ef71fe51ab720b2d616b9fe4cb16acc287a80,cb333d36fd74cb1cb02a7438eaa1dee687e82e0f4337d9a026ab18fe551a1287,3195,3195,2048,10486,3145800,300,ae12d7d2443203214d1a1b6e6c0a259704d5a2a78dd3372c3eba05c56b325c96,3d41204b1e9c664522378aa87f6359809137464d8693f339bb080d14d9c77140,60df0a7db0688df4967c306e4e36304a0f68d000d96b9af922caff79c7ab1fa0,10dfdb81f8d4e94b6c79fe77873ee10c1c43c43b752debce9aaf7641d2402843,fd0b415d4995c8ff6b61d5f15fd84a08191887a08a37ecd0fc53bb9453bf23c6,2.881631337106228,0.8006509357200976,0.9178193653376729,0.8820179007323027
warm_4N_sixdist_s23_f100_preserve_flip_balanced_lr0.003,warm,4N,sixdist,23,100,preserve_flip_balanced,lr0.003,adam,0.003,,300,0.07073691487312317,0.3616545796394348,0.0,0.05314686894416809,4d8ec9cfbf576a936247f711b7f36288649325f307cdcd1b17251ab922a28375,becd85edf64b462ef1d19851bdb64fea24caea7b04228cd659ccc92d639a2003,6045902ce563aa43d82aef8df7a11d08b5444f5245a7276dd3594f4b51d91a93,4d8ec9cfbf576a936247f711b7f36288649325f307cdcd1b17251ab922a28375,d1112661731950aa15cab27b46ee6061a598b225f5a7e2411dbde80a1c988127,4N_sixdist_s23_f0_lr0.001,bd7f5f79748241edbb74ec89880988b2afd99fec7944bc291c9d07ceca0c0228,cb333d36fd74cb1cb02a7438eaa1dee687e82e0f4337d9a026ab18fe551a1287,3195,3195,2048,10486,3145800,300,ae12d7d2443203214d1a1b6e6c0a259704d5a2a78dd3372c3eba05c56b325c96,3d41204b1e9c664522378aa87f6359809137464d8693f339bb080d14d9c77140,60df0a7db0688df4967c306e4e36304a0f68d000d96b9af922caff79c7ab1fa0,10dfdb81f8d4e94b6c79fe77873ee10c1c43c43b752debce9aaf7641d2402843,fd0b415d4995c8ff6b61d5f15fd84a08191887a08a37ecd0fc53bb9453bf23c6,2.7920737266540527,0.8128559804719284,0.9170056956875509,0.8958502847843776
warm_4N_sixdist_s23_f100_preserve_flip_balanced_lr0.01,warm,4N,sixdist,23,100,preserve_flip_balanced,lr0.01,adam,0.01,,300,0.06531167030334473,0.3616545796394348,0.0,0.05336610972881317,4d8ec9cfbf576a936247f711b7f36288649325f307cdcd1b17251ab922a28375,becd85edf64b462ef1d19851bdb64fea24caea7b04228cd659ccc92d639a2003,9f198d58d5b941b2b641e8622f41e0c77fe618925563613a934118703d877ff3,4d8ec9cfbf576a936247f711b7f36288649325f307cdcd1b17251ab922a28375,d1112661731950aa15cab27b46ee6061a598b225f5a7e2411dbde80a1c988127,4N_sixdist_s23_f0_lr0.001,7b98df3231811250c850ed8bc5a3d9fc46ad2bc706dde72d02ebeab1331239ed,cb333d36fd74cb1cb02a7438eaa1dee687e82e0f4337d9a026ab18fe551a1287,3195,3195,2048,10486,3145800,300,ae12d7d2443203214d1a1b6e6c0a259704d5a2a78dd3372c3eba05c56b325c96,3d41204b1e9c664522378aa87f6359809137464d8693f339bb080d14d9c77140,60df0a7db0688df4967c306e4e36304a0f68d000d96b9af922caff79c7ab1fa0,10dfdb81f8d4e94b6c79fe77873ee10c1c43c43b752debce9aaf7641d2402843,fd0b415d4995c8ff6b61d5f15fd84a08191887a08a37ecd0fc53bb9453bf23c6,2.6739982068538666,0.8291293734743694,0.9292107404393816,0.8999186330349878
warm_4N_sixdist_s23_f100_protection_lr0.001,warm,4N,sixdist,23,100,protection,lr0.001,adam,0.001,,300,0.06801912188529968,0.3616545796394348,0.00244140625,0.1378989964723587,4d8ec9cfbf576a936247f711b7f36288649325f307cdcd1b17251ab922a28375,becd85edf64b462ef1d19851bdb64fea24caea7b04228cd659ccc92d639a2003,80e8c2fac2606234b38650e3da7a367ae46c287d9000e2ccbe3f4168b37af5a1,4d8ec9cfbf576a936247f711b7f36288649325f307cdcd1b17251ab922a28375,d1112661731950aa15cab27b46ee6061a598b225f5a7e2411dbde80a1c988127,4N_sixdist_s23_f0_lr0.001,cd839927fb32cde57d8d03250f19602690b4fdacea39a3d489633376e213a468,2226cb57f55dc5723c6244d0f2299ae3a943e50964d35bda827489b4f53e6f71,6390,0,2048,10486,3145800,300,ae12d7d2443203214d1a1b6e6c0a259704d5a2a78dd3372c3eba05c56b325c96,3d41204b1e9c664522378aa87f6359809137464d8693f339bb080d14d9c77140,60df0a7db0688df4967c306e4e36304a0f68d000d96b9af922caff79c7ab1fa0,10dfdb81f8d4e94b6c79fe77873ee10c1c43c43b752debce9aaf7641d2402843,fd0b415d4995c8ff6b61d5f15fd84a08191887a08a37ecd0fc53bb9453bf23c6,3.1963993459939957,0.7534580960130187,0.8787632221318145,0.8730675345809601
warm_4N_sixdist_s23_f100_protection_lr0.003,warm,4N,sixdist,23,100,protection,lr0.003,adam,0.003,,300,0.058185894042253494,0.3616545796394348,0.00048828125,0.10410601645708084,4d8ec9cfbf576a936247f711b7f36288649325f307cdcd1b17251ab922a28375,becd85edf64b462ef1d19851bdb64fea24caea7b04228cd659ccc92d639a2003,e7d36aa85febb066076e54766c7ad811a75283f1be94cc47240d805b910ea886,4d8ec9cfbf576a936247f711b7f36288649325f307cdcd1b17251ab922a28375,d1112661731950aa15cab27b46ee6061a598b225f5a7e2411dbde80a1c988127,4N_sixdist_s23_f0_lr0.001,caf810d8d83e4242d4c301e99136f3be0ab6ec66b9c9cb018ee19683f5702f22,2226cb57f55dc5723c6244d0f2299ae3a943e50964d35bda827489b4f53e6f71,6390,0,2048,10486,3145800,300,ae12d7d2443203214d1a1b6e6c0a259704d5a2a78dd3372c3eba05c56b325c96,3d41204b1e9c664522378aa87f6359809137464d8693f339bb080d14d9c77140,60df0a7db0688df4967c306e4e36304a0f68d000d96b9af922caff79c7ab1fa0,10dfdb81f8d4e94b6c79fe77873ee10c1c43c43b752debce9aaf7641d2402843,fd0b415d4995c8ff6b61d5f15fd84a08191887a08a37ecd0fc53bb9453bf23c6,3.020118996500969,0.7917005695687551,0.8999186330349878,0.8901545972335232
warm_4N_sixdist_s23_f100_protection_lr0.01,warm,4N,sixdist,23,100,protection,lr0.01,adam,0.01,,300,0.0514243021607399,0.3616545796394348,0.0009765625,0.09612774848937988,4d8ec9cfbf576a936247f711b7f36288649325f307cdcd1b17251ab922a28375,becd85edf64b462ef1d19851bdb64fea24caea7b04228cd659ccc92d639a2003,1f1e44f9655d7c25ccb38ac6c77dbfdff66cf6eb676e3cada616ab464de99101,4d8ec9cfbf576a936247f711b7f36288649325f307cdcd1b17251ab922a28375,d1112661731950aa15cab27b46ee6061a598b225f5a7e2411dbde80a1c988127,4N_sixdist_s23_f0_lr0.001,5933b108b9d13c90244fe911415815a2eb426a07508bc6db37ad1cf906c4720b,2226cb57f55dc5723c6244d0f2299ae3a943e50964d35bda827489b4f53e6f71,6390,0,2048,10486,3145800,300,ae12d7d2443203214d1a1b6e6c0a259704d5a2a78dd3372c3eba05c56b325c96,3d41204b1e9c664522378aa87f6359809137464d8693f339bb080d14d9c77140,60df0a7db0688df4967c306e4e36304a0f68d000d96b9af922caff79c7ab1fa0,10dfdb81f8d4e94b6c79fe77873ee10c1c43c43b752debce9aaf7641d2402843,fd0b415d4995c8ff6b61d5f15fd84a08191887a08a37ecd0fc53bb9453bf23c6,3.0088670924305916,0.8079739625711961,0.8974776240846216,0.9088689991863304
warm_4N_sixdist_s23_f25_hard_replay_lr0.001,warm,4N,sixdist,23,25,hard_replay,lr0.001,adam,0.001,,300,0.08812232315540314,0.3616545796394348,0.0009765625,0.07727619260549545,4d8ec9cfbf576a936247f711b7f36288649325f307cdcd1b17251ab922a28375,becd85edf64b462ef1d19851bdb64fea24caea7b04228cd659ccc92d639a2003,4cd7aa9d4004c4d89221e43bd7ab2b2126396143f4d8243e6ab5c916f81c65b1,4d8ec9cfbf576a936247f711b7f36288649325f307cdcd1b17251ab922a28375,d1112661731950aa15cab27b46ee6061a598b225f5a7e2411dbde80a1c988127,4N_sixdist_s23_f0_lr0.001,9d1851219558814926da92924fa19aba464bd1b3d1bddd64dce97a07a6f6bf49,35af10b4a4b738858787fd458dc2c7bc7095f28866b669f73bc36fcb35db790e,1597,0,2048,5693,1707900,300,ae12d7d2443203214d1a1b6e6c0a259704d5a2a78dd3372c3eba05c56b325c96,3d41204b1e9c664522378aa87f6359809137464d8693f339bb080d14d9c77140,60df0a7db0688df4967c306e4e36304a0f68d000d96b9af922caff79c7ab1fa0,10dfdb81f8d4e94b6c79fe77873ee10c1c43c43b752debce9aaf7641d2402843,fd0b415d4995c8ff6b61d5f15fd84a08191887a08a37ecd0fc53bb9453bf23c6,1.868028499186039,0.7363710333604556,0.8584214808787632,0.8763222131814483
warm_4N_sixdist_s23_f25_hard_replay_lr0.003,warm,4N,sixdist,23,25,hard_replay,lr0.003,adam,0.003,,300,0.08559156209230423,0.3616545796394348,0.0009765625,0.038656290620565414,4d8ec9cfbf576a936247f711b7f36288649325f307cdcd1b17251ab922a28375,becd85edf64b462ef1d19851bdb64fea24caea7b04228cd659ccc92d639a2003,926f9b7b78d3d57a61791f938d77f9b3446c6dc229019c7fd3ba66bc090070b7,4d8ec9cfbf576a936247f711b7f36288649325f307cdcd1b17251ab922a28375,d1112661731950aa15cab27b46ee6061a598b225f5a7e2411dbde80a1c988127,4N_sixdist_s23_f0_lr0.001,742e396234144e7b055b89bf12aa37bfd02b819f5601deb10fa59b1a38b89396,35af10b4a4b738858787fd458dc2c7bc7095f28866b669f73bc36fcb35db790e,1597,0,2048,5693,1707900,300,ae12d7d2443203214d1a1b6e6c0a259704d5a2a78dd3372c3eba05c56b325c96,3d41204b1e9c664522378aa87f6359809137464d8693f339bb080d14d9c77140,60df0a7db0688df4967c306e4e36304a0f68d000d96b9af922caff79c7ab1fa0,10dfdb81f8d4e94b6c79fe77873ee10c1c43c43b752debce9aaf7641d2402843,fd0b415d4995c8ff6b61d5f15fd84a08191887a08a37ecd0fc53bb9453bf23c6,1.8804793432354927,0.7672904800650936,0.8844589096826688,0.8828315703824248
warm_4N_sixdist_s23_f25_hard_replay_lr0.01,warm,4N,sixdist,23,25,hard_replay,lr0.01,adam,0.01,,300,0.08818980306386948,0.3616545796394348,0.00048828125,0.039941731840372086,4d8ec9cfbf576a936247f711b7f36288649325f307cdcd1b17251ab922a28375,becd85edf64b462ef1d19851bdb64fea24caea7b04228cd659ccc92d639a2003,f089358878d3633e4c25feaeca286cc552b15d020887064498dd90a9feb72aa0,4d8ec9cfbf576a936247f711b7f36288649325f307cdcd1b17251ab922a28375,d1112661731950aa15cab27b46ee6061a598b225f5a7e2411dbde80a1c988127,4N_sixdist_s23_f0_lr0.001,53c001b9622b676c06ecd9c5c7b7067c1d544a393cdf85bfb714d17002bd5d4a,35af10b4a4b738858787fd458dc2c7bc7095f28866b669f73bc36fcb35db790e,1597,0,2048,5693,1707900,300,ae12d7d2443203214d1a1b6e6c0a259704d5a2a78dd3372c3eba05c56b325c96,3d41204b1e9c664522378aa87f6359809137464d8693f339bb080d14d9c77140,60df0a7db0688df4967c306e4e36304a0f68d000d96b9af922caff79c7ab1fa0,10dfdb81f8d4e94b6c79fe77873ee10c1c43c43b752debce9aaf7641d2402843,fd0b415d4995c8ff6b61d5f15fd84a08191887a08a37ecd0fc53bb9453bf23c6,1.7277861312031746,0.7681041497152156,0.8828315703824248,0.8844589096826688
warm_4N_sixdist_s23_f25_plain_adam_lr0.0005_steps600,warm,4N,sixdist,23,25,plain,adam_lr0.0005_steps600,adam,0.0005,,600,0.07490027695894241,0.3616545796394348,0.0029296875,0.04957929253578186,4d8ec9cfbf576a936247f711b7f36288649325f307cdcd1b17251ab922a28375,becd85edf64b462ef1d19851bdb64fea24caea7b04228cd659ccc92d639a2003,e2940655240346f32855c5a50bfeda57259ad2455ef5d31e5734f58f1352a1d9,4d8ec9cfbf576a936247f711b7f36288649325f307cdcd1b17251ab922a28375,d1112661731950aa15cab27b46ee6061a598b225f5a7e2411dbde80a1c988127,4N_sixdist_s23_f0_lr0.001,116cce79cbdf9b438bda8262790a40bd8c0e87a2c3373c6479e9fa6b03bc2151,35af10b4a4b738858787fd458dc2c7bc7095f28866b669f73bc36fcb35db790e,1597,0,2048,5693,3415800,600,ae12d7d2443203214d1a1b6e6c0a259704d5a2a78dd3372c3eba05c56b325c96,3d41204b1e9c664522378aa87f6359809137464d8693f339bb080d14d9c77140,60df0a7db0688df4967c306e4e36304a0f68d000d96b9af922caff79c7ab1fa0,10dfdb81f8d4e94b6c79fe77873ee10c1c43c43b752debce9aaf7641d2402843,fd0b415d4995c8ff6b61d5f15fd84a08191887a08a37ecd0fc53bb9453bf23c6,3.6675311103463173,0.7461350691619203,0.8616761594792515,0.8836452400325467
warm_4N_sixdist_s23_f25_plain_lr0.001,warm,4N,sixdist,23,25,plain,lr0.001,adam,0.001,,300,0.08502712100744247,0.3616545796394348,0.005859375,0.07556705921888351,4d8ec9cfbf576a936247f711b7f36288649325f307cdcd1b17251ab922a28375,becd85edf64b462ef1d19851bdb64fea24caea7b04228cd659ccc92d639a2003,595b5de56e4cee50736a550e848deaf76558a87fa6eaad54b252471bb7beb95f,4d8ec9cfbf576a936247f711b7f36288649325f307cdcd1b17251ab922a28375,d1112661731950aa15cab27b46ee6061a598b225f5a7e2411dbde80a1c988127,4N_sixdist_s23_f0_lr0.001,a57edfda06bfdeb45c8c4299b4632a306db0f4259367e130dfe173b3cfa3e906,35af10b4a4b738858787fd458dc2c7bc7095f28866b669f73bc36fcb35db790e,1597,0,2048,5693,1707900,300,ae12d7d2443203214d1a1b6e6c0a259704d5a2a78dd3372c3eba05c56b325c96,3d41204b1e9c664522378aa87f6359809137464d8693f339bb080d14d9c77140,60df0a7db0688df4967c306e4e36304a0f68d000d96b9af922caff79c7ab1fa0,10dfdb81f8d4e94b6c79fe77873ee10c1c43c43b752debce9aaf7641d2402843,fd0b415d4995c8ff6b61d5f15fd84a08191887a08a37ecd0fc53bb9453bf23c6,1.5696406289935112,0.7379983726606998,0.8519121236777868,0.8852725793327909
warm_4N_sixdist_s23_f25_plain_lr0.003,warm,4N,sixdist,23,25,plain,lr0.003,adam,0.003,,300,0.08512379229068756,0.3616545796394348,0.0009765625,0.030738158151507378,4d8ec9cfbf576a936247f711b7f36288649325f307cdcd1b17251ab922a28375,becd85edf64b462ef1d19851bdb64fea24caea7b04228cd659ccc92d639a2003,c8eec255f0e77a03ce4c9a9b7e51ac490f9b01095ffb0b36e824328e7bd5285d,4d8ec9cfbf576a936247f711b7f36288649325f307cdcd1b17251ab922a28375,d1112661731950aa15cab27b46ee6061a598b225f5a7e2411dbde80a1c988127,4N_sixdist_s23_f0_lr0.001,d7d02ef9e17518668c22e0128d6baa01d04ef773da3c019def4981f63cad8866,35af10b4a4b738858787fd458dc2c7bc7095f28866b669f73bc36fcb35db790e,1597,0,2048,5693,1707900,300,ae12d7d2443203214d1a1b6e6c0a259704d5a2a78dd3372c3eba05c56b325c96,3d41204b1e9c664522378aa87f6359809137464d8693f339bb080d14d9c77140,60df0a7db0688df4967c306e4e36304a0f68d000d96b9af922caff79c7ab1fa0,10dfdb81f8d4e94b6c79fe77873ee10c1c43c43b752debce9aaf7641d2402843,fd0b415d4995c8ff6b61d5f15fd84a08191887a08a37ecd0fc53bb9453bf23c6,1.7316011041402817,0.7721724979658259,0.8755085435313262,0.8958502847843776
warm_4N_sixdist_s23_f25_plain_lr0.01,warm,4N,sixdist,23,25,plain,lr0.01,adam,0.01,,300,0.08124180138111115,0.3616545796394348,0.00244140625,0.026523075997829437,4d8ec9cfbf576a936247f711b7f36288649325f307cdcd1b17251ab922a28375,becd85edf64b462ef1d19851bdb64fea24caea7b04228cd659ccc92d639a2003,a5687b527935d69015b9a93ac6785e0f7c5faf4ed7e1589fee102c4a599e2f29,4d8ec9cfbf576a936247f711b7f36288649325f307cdcd1b17251ab922a28375,d1112661731950aa15cab27b46ee6061a598b225f5a7e2411dbde80a1c988127,4N_sixdist_s23_f0_lr0.001,12813dfddbe4917789329185793a9c3c770804f0e2fc6f3aa2e59412680f4582,35af10b4a4b738858787fd458dc2c7bc7095f28866b669f73bc36fcb35db790e,1597,0,2048,5693,1707900,300,ae12d7d2443203214d1a1b6e6c0a259704d5a2a78dd3372c3eba05c56b325c96,3d41204b1e9c664522378aa87f6359809137464d8693f339bb080d14d9c77140,60df0a7db0688df4967c306e4e36304a0f68d000d96b9af922caff79c7ab1fa0,10dfdb81f8d4e94b6c79fe77873ee10c1c43c43b752debce9aaf7641d2402843,fd0b415d4995c8ff6b61d5f15fd84a08191887a08a37ecd0fc53bb9453bf23c6,1.5526668205857277,0.7778681855166802,0.8844589096826688,0.8925956061838893
warm_4N_sixdist_s23_f25_plain_sgd_m09_lr0.003,warm,4N,sixdist,23,25,plain,sgd_m09_lr0.003,sgd,0.003,0.9,300,0.08654789626598358,0.3616545796394348,0.00537109375,0.07722268998622894,4d8ec9cfbf576a936247f711b7f36288649325f307cdcd1b17251ab922a28375,becd85edf64b462ef1d19851bdb64fea24caea7b04228cd659ccc92d639a2003,511eb86ac3b20964724c35a71d3090ae6732d55f22e36324014794b3c66733cc,4d8ec9cfbf576a936247f711b7f36288649325f307cdcd1b17251ab922a28375,d1112661731950aa15cab27b46ee6061a598b225f5a7e2411dbde80a1c988127,4N_sixdist_s23_f0_lr0.001,110e237ca25af2b48303e4616f9fd91b0a04b32067c5e453d87558a0dcf2b0be,35af10b4a4b738858787fd458dc2c7bc7095f28866b669f73bc36fcb35db790e,1597,0,2048,5693,1707900,300,ae12d7d2443203214d1a1b6e6c0a259704d5a2a78dd3372c3eba05c56b325c96,3d41204b1e9c664522378aa87f6359809137464d8693f339bb080d14d9c77140,60df0a7db0688df4967c306e4e36304a0f68d000d96b9af922caff79c7ab1fa0,10dfdb81f8d4e94b6c79fe77873ee10c1c43c43b752debce9aaf7641d2402843,fd0b415d4995c8ff6b61d5f15fd84a08191887a08a37ecd0fc53bb9453bf23c6,1.6510445475578308,0.7502034174125305,0.8649308380797396,0.8844589096826688
warm_4N_sixdist_s23_f25_plain_sgd_m09_lr0.01,warm,4N,sixdist,23,25,plain,sgd_m09_lr0.01,sgd,0.01,0.9,300,0.06473738700151443,0.3616545796394348,0.00146484375,0.029806964099407196,4d8ec9cfbf576a936247f711b7f36288649325f307cdcd1b17251ab922a28375,becd85edf64b462ef1d19851bdb64fea24caea7b04228cd659ccc92d639a2003,b515b17165d85dc0bc1242e060a70c2c49bb3162bb22382b894561144b9542ca,4d8ec9cfbf576a936247f711b7f36288649325f307cdcd1b17251ab922a28375,d1112661731950aa15cab27b46ee6061a598b225f5a7e2411dbde80a1c988127,4N_sixdist_s23_f0_lr0.001,38c65b50abfdea80e430a14ca895112f0fcd2dfb451d0a7898832f543c242540,35af10b4a4b738858787fd458dc2c7bc7095f28866b669f73bc36fcb35db790e,1597,0,2048,5693,1707900,300,ae12d7d2443203214d1a1b6e6c0a259704d5a2a78dd3372c3eba05c56b325c96,3d41204b1e9c664522378aa87f6359809137464d8693f339bb080d14d9c77140,60df0a7db0688df4967c306e4e36304a0f68d000d96b9af922caff79c7ab1fa0,10dfdb81f8d4e94b6c79fe77873ee10c1c43c43b752debce9aaf7641d2402843,fd0b415d4995c8ff6b61d5f15fd84a08191887a08a37ecd0fc53bb9453bf23c6,1.740671992301941,0.7705451586655818,0.8649308380797396,0.903173311635476
warm_4N_sixdist_s23_f25_preserve_flip_balanced_lr0.001,warm,4N,sixdist,23,25,preserve_flip_balanced,lr0.001,adam,0.001,,300,0.10526401549577713,0.3616545796394348,0.00048828125,0.03305157646536827,4d8ec9cfbf576a936247f711b7f36288649325f307cdcd1b17251ab922a28375,becd85edf64b462ef1d19851bdb64fea24caea7b04228cd659ccc92d639a2003,b2694f7fcb575647446e14cc4a96d2d150d75936045fec334ab5939e05050ef9,4d8ec9cfbf576a936247f711b7f36288649325f307cdcd1b17251ab922a28375,d1112661731950aa15cab27b46ee6061a598b225f5a7e2411dbde80a1c988127,4N_sixdist_s23_f0_lr0.001,df40c1e1dedd7467c6975495a66e444260d8350bbdbfd023993275b9904e8da7,9556a1dcb91692a607e4ed4976451034cb4e53ba71619969cc961677af3d1925,798,799,2048,5693,1707900,300,ae12d7d2443203214d1a1b6e6c0a259704d5a2a78dd3372c3eba05c56b325c96,3d41204b1e9c664522378aa87f6359809137464d8693f339bb080d14d9c77140,60df0a7db0688df4967c306e4e36304a0f68d000d96b9af922caff79c7ab1fa0,10dfdb81f8d4e94b6c79fe77873ee10c1c43c43b752debce9aaf7641d2402843,fd0b415d4995c8ff6b61d5f15fd84a08191887a08a37ecd0fc53bb9453bf23c6,1.6355974227190018,0.7428803905614321,0.886899918633035,0.8559804719283971
warm_4N_sixdist_s23_f25_preserve_flip_balanced_lr0.003,warm,4N,sixdist,23,25,preserve_flip_balanced,lr0.003,adam,0.003,,300,0.10685373097658157,0.3616545796394348,0.0,0.023817136883735657,4d8ec9cfbf576a936247f711b7f36288649325f307cdcd1b17251ab922a28375,becd85edf64b462ef1d19851bdb64fea24caea7b04228cd659ccc92d639a2003,d2e6ce2159568e92eab55e458c0e7f670667bfefad56275ba33e345672557c73,4d8ec9cfbf576a936247f711b7f36288649325f307cdcd1b17251ab922a28375,d1112661731950aa15cab27b46ee6061a598b225f5a7e2411dbde80a1c988127,4N_sixdist_s23_f0_lr0.001,a2e6e146b8fd64d2038f068f2b26c73366842fa4d0f045901ea7577244975cef,9556a1dcb91692a607e4ed4976451034cb4e53ba71619969cc961677af3d1925,798,799,2048,5693,1707900,300,ae12d7d2443203214d1a1b6e6c0a259704d5a2a78dd3372c3eba05c56b325c96,3d41204b1e9c664522378aa87f6359809137464d8693f339bb080d14d9c77140,60df0a7db0688df4967c306e4e36304a0f68d000d96b9af922caff79c7ab1fa0,10dfdb81f8d4e94b6c79fe77873ee10c1c43c43b752debce9aaf7641d2402843,fd0b415d4995c8ff6b61d5f15fd84a08191887a08a37ecd0fc53bb9453bf23c6,1.5895725712180138,0.7575264442636289,0.903173311635476,0.8543531326281529
warm_4N_sixdist_s23_f25_preserve_flip_balanced_lr0.01,warm,4N,sixdist,23,25,preserve_flip_balanced,lr0.01,adam,0.01,,300,0.1031913086771965,0.3616545796394348,0.0009765625,0.030429337173700333,4d8ec9cfbf576a936247f711b7f36288649325f307cdcd1b17251ab922a28375,becd85edf64b462ef1d19851bdb64fea24caea7b04228cd659ccc92d639a2003,610123cb4c656731e31d084357768d939a590b3bd400c5195320ca77f8d0bfa2,4d8ec9cfbf576a936247f711b7f36288649325f307cdcd1b17251ab922a28375,d1112661731950aa15cab27b46ee6061a598b225f5a7e2411dbde80a1c988127,4N_sixdist_s23_f0_lr0.001,2b163c5b46e92057cea7e045a74edb98960f7127295116a200424bb52be732fe,9556a1dcb91692a607e4ed4976451034cb4e53ba71619969cc961677af3d1925,798,799,2048,5693,1707900,300,ae12d7d2443203214d1a1b6e6c0a259704d5a2a78dd3372c3eba05c56b325c96,3d41204b1e9c664522378aa87f6359809137464d8693f339bb080d14d9c77140,60df0a7db0688df4967c306e4e36304a0f68d000d96b9af922caff79c7ab1fa0,10dfdb81f8d4e94b6c79fe77873ee10c1c43c43b752debce9aaf7641d2402843,fd0b415d4995c8ff6b61d5f15fd84a08191887a08a37ecd0fc53bb9453bf23c6,1.5040147975087166,0.7607811228641171,0.903173311635476,0.8576078112286412
warm_4N_sixdist_s23_f25_protection_lr0.001,warm,4N,sixdist,23,25,protection,lr0.001,adam,0.001,,300,0.08912748098373413,0.3616545796394348,0.00146484375,0.11037495732307434,4d8ec9cfbf576a936247f711b7f36288649325f307cdcd1b17251ab922a28375,becd85edf64b462ef1d19851bdb64fea24caea7b04228cd659ccc92d639a2003,822d2c861332addcc3b872b34d6b131f4a5c49b7e993b3a271e8abe25e1e916b,4d8ec9cfbf576a936247f711b7f36288649325f307cdcd1b17251ab922a28375,d1112661731950aa15cab27b46ee6061a598b225f5a7e2411dbde80a1c988127,4N_sixdist_s23_f0_lr0.001,0de4038eb1e8d9d114d9e3e43960955117c0ee5194846875c331dfedcdc3d10a,35af10b4a4b738858787fd458dc2c7bc7095f28866b669f73bc36fcb35db790e,1597,0,2048,5693,1707900,300,ae12d7d2443203214d1a1b6e6c0a259704d5a2a78dd3372c3eba05c56b325c96,3d41204b1e9c664522378aa87f6359809137464d8693f339bb080d14d9c77140,60df0a7db0688df4967c306e4e36304a0f68d000d96b9af922caff79c7ab1fa0,10dfdb81f8d4e94b6c79fe77873ee10c1c43c43b752debce9aaf7641d2402843,fd0b415d4995c8ff6b61d5f15fd84a08191887a08a37ecd0fc53bb9453bf23c6,1.7363028600811958,0.7363710333604556,0.8600488201790073,0.8746948738812043
warm_4N_sixdist_s23_f25_protection_lr0.003,warm,4N,sixdist,23,25,protection,lr0.003,adam,0.003,,300,0.08605888485908508,0.3616545796394348,0.0009765625,0.07871965318918228,4d8ec9cfbf576a936247f711b7f36288649325f307cdcd1b17251ab922a28375,becd85edf64b462ef1d19851bdb64fea24caea7b04228cd659ccc92d639a2003,1af77e42fd762123dd727cd8801fca119876dcb4707d487e10a3c20b1da12e5b,4d8ec9cfbf576a936247f711b7f36288649325f307cdcd1b17251ab922a28375,d1112661731950aa15cab27b46ee6061a598b225f5a7e2411dbde80a1c988127,4N_sixdist_s23_f0_lr0.001,cddfa6ceb9d202a42fded4fa6fa27fb1cc558a542b5d78ebbf62ac34d4c784e6,35af10b4a4b738858787fd458dc2c7bc7095f28866b669f73bc36fcb35db790e,1597,0,2048,5693,1707900,300,ae12d7d2443203214d1a1b6e6c0a259704d5a2a78dd3372c3eba05c56b325c96,3d41204b1e9c664522378aa87f6359809137464d8693f339bb080d14d9c77140,60df0a7db0688df4967c306e4e36304a0f68d000d96b9af922caff79c7ab1fa0,10dfdb81f8d4e94b6c79fe77873ee10c1c43c43b752debce9aaf7641d2402843,fd0b415d4995c8ff6b61d5f15fd84a08191887a08a37ecd0fc53bb9453bf23c6,1.790639042854309,0.7648494711147275,0.8812042310821806,0.8836452400325467
warm_4N_sixdist_s23_f25_protection_lr0.01,warm,4N,sixdist,23,25,protection,lr0.01,adam,0.01,,300,0.08565858751535416,0.3616545796394348,0.00048828125,0.07529708743095398,4d8ec9cfbf576a936247f711b7f36288649325f307cdcd1b17251ab922a28375,becd85edf64b462ef1d19851bdb64fea24caea7b04228cd659ccc92d639a2003,0ee1bb42cec6f09082ecb369da492e6b00158fdba38f35a544d2f55aa955df30,4d8ec9cfbf576a936247f711b7f36288649325f307cdcd1b17251ab922a28375,d1112661731950aa15cab27b46ee6061a598b225f5a7e2411dbde80a1c988127,4N_sixdist_s23_f0_lr0.001,7377b48337c8fcbcad325f4c3ff73a12d209423e027064cb7c5e6818c76a81a2,35af10b4a4b738858787fd458dc2c7bc7095f28866b669f73bc36fcb35db790e,1597,0,2048,5693,1707900,300,ae12d7d2443203214d1a1b6e6c0a259704d5a2a78dd3372c3eba05c56b325c96,3d41204b1e9c664522378aa87f6359809137464d8693f339bb080d14d9c77140,60df0a7db0688df4967c306e4e36304a0f68d000d96b9af922caff79c7ab1fa0,10dfdb81f8d4e94b6c79fe77873ee10c1c43c43b752debce9aaf7641d2402843,fd0b415d4995c8ff6b61d5f15fd84a08191887a08a37ecd0fc53bb9453bf23c6,1.691534362733364,0.7615947925142392,0.8795768917819365,0.8812042310821806
warm_4N_sixdist_s47_f0_hard_replay_lr0.001,warm,4N,sixdist,47,0,hard_replay,lr0.001,adam,0.001,,300,0.46300816535949707,0.2904549837112427,0.0,0.0009602154023014009,671d9c235a45e82f10a2080d990044a21e3007c5a78e0f0f2b29e7fc48d56ef6,fab0f959a2ffb53a8d90027a8b61e89ffb8c10d5749f48c2a774e046e2e4c304,9db5cb078ac3e285aa77100a0445ec691f990a6cc99fb2f53331d9f960ba3cbd,671d9c235a45e82f10a2080d990044a21e3007c5a78e0f0f2b29e7fc48d56ef6,d768814e7df81603fe6afb1147835a82ac68debaea572ca9d4e9449ec21befb3,4N_sixdist_s47_f0_lr0.001,877da7f7321476c8c5d2f2575ac537d37ff970f36d42c9b15448a20a85f92e21,c0f4d01d04d6cedfe52ce0eab9b3402e7ff8514942903994138b97d1fa719380,0,0,2048,4096,1228800,300,ae12d7d2443203214d1a1b6e6c0a259704d5a2a78dd3372c3eba05c56b325c96,3d41204b1e9c664522378aa87f6359809137464d8693f339bb080d14d9c77140,60df0a7db0688df4967c306e4e36304a0f68d000d96b9af922caff79c7ab1fa0,10dfdb81f8d4e94b6c79fe77873ee10c1c43c43b752debce9aaf7641d2402843,fd0b415d4995c8ff6b61d5f15fd84a08191887a08a37ecd0fc53bb9453bf23c6,1.7488775178790092,0.4971521562245728,0.8299430431244914,0.6647681041497152
warm_4N_sixdist_s47_f0_hard_replay_lr0.003,warm,4N,sixdist,47,0,hard_replay,lr0.003,adam,0.003,,300,0.4908308982849121,0.2904549837112427,0.0,0.0008514877408742905,671d9c235a45e82f10a2080d990044a21e3007c5a78e0f0f2b29e7fc48d56ef6,fab0f959a2ffb53a8d90027a8b61e89ffb8c10d5749f48c2a774e046e2e4c304,5f05c33ebcf837d8244fbd15a21829b3f5ae77dfaf12f199946a29e1c60d81a0,671d9c235a45e82f10a2080d990044a21e3007c5a78e0f0f2b29e7fc48d56ef6,d768814e7df81603fe6afb1147835a82ac68debaea572ca9d4e9449ec21befb3,4N_sixdist_s47_f0_lr0.001,6c5cb4f418eb0e8f803342d22e58c07f8ea98d08be24044fa72427c4312b0410,c0f4d01d04d6cedfe52ce0eab9b3402e7ff8514942903994138b97d1fa719380,0,0,2048,4096,1228800,300,ae12d7d2443203214d1a1b6e6c0a259704d5a2a78dd3372c3eba05c56b325c96,3d41204b1e9c664522378aa87f6359809137464d8693f339bb080d14d9c77140,60df0a7db0688df4967c306e4e36304a0f68d000d96b9af922caff79c7ab1fa0,10dfdb81f8d4e94b6c79fe77873ee10c1c43c43b752debce9aaf7641d2402843,fd0b415d4995c8ff6b61d5f15fd84a08191887a08a37ecd0fc53bb9453bf23c6,1.7246491089463234,0.5052888527257934,0.8323840520748577,0.6680227827502034
warm_4N_sixdist_s47_f0_hard_replay_lr0.01,warm,4N,sixdist,47,0,hard_replay,lr0.01,adam,0.01,,300,0.4031260311603546,0.2904549837112427,0.0,0.00233828229829669,671d9c235a45e82f10a2080d990044a21e3007c5a78e0f0f2b29e7fc48d56ef6,fab0f959a2ffb53a8d90027a8b61e89ffb8c10d5749f48c2a774e046e2e4c304,c8b213914918a256a0e40c04796564e00848830925fee19ee715b2662fa533c9,671d9c235a45e82f10a2080d990044a21e3007c5a78e0f0f2b29e7fc48d56ef6,d768814e7df81603fe6afb1147835a82ac68debaea572ca9d4e9449ec21befb3,4N_sixdist_s47_f0_lr0.001,d708e3fc1745dc4d78ebb2a7fc0e074c5acc1475b6fc85e92300e74865f803cc,c0f4d01d04d6cedfe52ce0eab9b3402e7ff8514942903994138b97d1fa719380,0,0,2048,4096,1228800,300,ae12d7d2443203214d1a1b6e6c0a259704d5a2a78dd3372c3eba05c56b325c96,3d41204b1e9c664522378aa87f6359809137464d8693f339bb080d14d9c77140,60df0a7db0688df4967c306e4e36304a0f68d000d96b9af922caff79c7ab1fa0,10dfdb81f8d4e94b6c79fe77873ee10c1c43c43b752debce9aaf7641d2402843,fd0b415d4995c8ff6b61d5f15fd84a08191887a08a37ecd0fc53bb9453bf23c6,1.5223891213536263,0.4979658258746949,0.8323840520748577,0.6623270951993491
warm_4N_sixdist_s47_f0_plain_adam_lr0.0005_steps600,warm,4N,sixdist,47,0,plain,adam_lr0.0005_steps600,adam,0.0005,,600,0.5152308344841003,0.2904549837112427,0.0,0.00020203170424792916,671d9c235a45e82f10a2080d990044a21e3007c5a78e0f0f2b29e7fc48d56ef6,fab0f959a2ffb53a8d90027a8b61e89ffb8c10d5749f48c2a774e046e2e4c304,31c43b1edcadb6073290874c887220a5c4604dba81a1f8175821c1c2edad922e,671d9c235a45e82f10a2080d990044a21e3007c5a78e0f0f2b29e7fc48d56ef6,d768814e7df81603fe6afb1147835a82ac68debaea572ca9d4e9449ec21befb3,4N_sixdist_s47_f0_lr0.001,afc5f9fe1ec5b7ac944ec7fa23418a607441e723fbe3ca2b998fe7e0f0a421df,c0f4d01d04d6cedfe52ce0eab9b3402e7ff8514942903994138b97d1fa719380,0,0,2048,4096,2457600,600,ae12d7d2443203214d1a1b6e6c0a259704d5a2a78dd3372c3eba05c56b325c96,3d41204b1e9c664522378aa87f6359809137464d8693f339bb080d14d9c77140,60df0a7db0688df4967c306e4e36304a0f68d000d96b9af922caff79c7ab1fa0,10dfdb81f8d4e94b6c79fe77873ee10c1c43c43b752debce9aaf7641d2402843,fd0b415d4995c8ff6b61d5f15fd84a08191887a08a37ecd0fc53bb9453bf23c6,2.6859618946909904,0.49227013832384053,0.8283157038242474,0.6598860862489829
warm_4N_sixdist_s47_f0_plain_lr0.001,warm,4N,sixdist,47,0,plain,lr0.001,adam,0.001,,300,0.46348631381988525,0.2904549837112427,0.0,0.000479877955513075,671d9c235a45e82f10a2080d990044a21e3007c5a78e0f0f2b29e7fc48d56ef6,fab0f959a2ffb53a8d90027a8b61e89ffb8c10d5749f48c2a774e046e2e4c304,8c997592b4cd3fca562316f01d7d66890e1eb16d7ba8e0bc2378ce2581524478,671d9c235a45e82f10a2080d990044a21e3007c5a78e0f0f2b29e7fc48d56ef6,d768814e7df81603fe6afb1147835a82ac68debaea572ca9d4e9449ec21befb3,4N_sixdist_s47_f0_lr0.001,7f68a123663911fc384e34c64b0daa175ec3e1368a32d9b31f3587cb11697396,c0f4d01d04d6cedfe52ce0eab9b3402e7ff8514942903994138b97d1fa719380,0,0,2048,4096,1228800,300,ae12d7d2443203214d1a1b6e6c0a259704d5a2a78dd3372c3eba05c56b325c96,3d41204b1e9c664522378aa87f6359809137464d8693f339bb080d14d9c77140,60df0a7db0688df4967c306e4e36304a0f68d000d96b9af922caff79c7ab1fa0,10dfdb81f8d4e94b6c79fe77873ee10c1c43c43b752debce9aaf7641d2402843,fd0b415d4995c8ff6b61d5f15fd84a08191887a08a37ecd0fc53bb9453bf23c6,1.4935424476861954,0.4971521562245728,0.8299430431244914,0.6647681041497152
warm_4N_sixdist_s47_f0_plain_lr0.003,warm,4N,sixdist,47,0,plain,lr0.003,adam,0.003,,300,0.49032336473464966,0.2904549837112427,0.0,0.0004260414862073958,671d9c235a45e82f10a2080d990044a21e3007c5a78e0f0f2b29e7fc48d56ef6,fab0f959a2ffb53a8d90027a8b61e89ffb8c10d5749f48c2a774e046e2e4c304,f1baaa8b73c1745bdd6877eb2619d7f2331eb7fca156ef0880d1d6a30d1aa117,671d9c235a45e82f10a2080d990044a21e3007c5a78e0f0f2b29e7fc48d56ef6,d768814e7df81603fe6afb1147835a82ac68debaea572ca9d4e9449ec21befb3,4N_sixdist_s47_f0_lr0.001,b916483c4d9e6e5e39c29d33d21b499514ebf825fb8b7b0a565654027b7abad6,c0f4d01d04d6cedfe52ce0eab9b3402e7ff8514942903994138b97d1fa719380,0,0,2048,4096,1228800,300,ae12d7d2443203214d1a1b6e6c0a259704d5a2a78dd3372c3eba05c56b325c96,3d41204b1e9c664522378aa87f6359809137464d8693f339bb080d14d9c77140,60df0a7db0688df4967c306e4e36304a0f68d000d96b9af922caff79c7ab1fa0,10dfdb81f8d4e94b6c79fe77873ee10c1c43c43b752debce9aaf7641d2402843,fd0b415d4995c8ff6b61d5f15fd84a08191887a08a37ecd0fc53bb9453bf23c6,1.3903985098004341,0.5052888527257934,0.8323840520748577,0.6680227827502034
warm_4N_sixdist_s47_f0_plain_lr0.01,warm,4N,sixdist,47,0,plain,lr0.01,adam,0.01,,300,0.4038216471672058,0.2904549837112427,0.0,0.0011718271998688579,671d9c235a45e82f10a2080d990044a21e3007c5a78e0f0f2b29e7fc48d56ef6,fab0f959a2ffb53a8d90027a8b61e89ffb8c10d5749f48c2a774e046e2e4c304,e0c4772652cddb644a1242e16ad6822d52683b8e109a018bd18b6701bde05f40,671d9c235a45e82f10a2080d990044a21e3007c5a78e0f0f2b29e7fc48d56ef6,d768814e7df81603fe6afb1147835a82ac68debaea572ca9d4e9449ec21befb3,4N_sixdist_s47_f0_lr0.001,d84100596d5fece9b1f30209997aef479e20493eb07c3bda359adc1eb0a12ae9,c0f4d01d04d6cedfe52ce0eab9b3402e7ff8514942903994138b97d1fa719380,0,0,2048,4096,1228800,300,ae12d7d2443203214d1a1b6e6c0a259704d5a2a78dd3372c3eba05c56b325c96,3d41204b1e9c664522378aa87f6359809137464d8693f339bb080d14d9c77140,60df0a7db0688df4967c306e4e36304a0f68d000d96b9af922caff79c7ab1fa0,10dfdb81f8d4e94b6c79fe77873ee10c1c43c43b752debce9aaf7641d2402843,fd0b415d4995c8ff6b61d5f15fd84a08191887a08a37ecd0fc53bb9453bf23c6,1.2629459276795387,0.4979658258746949,0.8323840520748577,0.6623270951993491
warm_4N_sixdist_s47_f0_plain_sgd_m09_lr0.003,warm,4N,sixdist,47,0,plain,sgd_m09_lr0.003,sgd,0.003,0.9,300,0.29894426465034485,0.2904549837112427,0.0,0.005492333322763443,671d9c235a45e82f10a2080d990044a21e3007c5a78e0f0f2b29e7fc48d56ef6,fab0f959a2ffb53a8d90027a8b61e89ffb8c10d5749f48c2a774e046e2e4c304,05390e4fda5c6df94a29d0c9193a5f3700d827d7cf5c743665fada8da3559f29,671d9c235a45e82f10a2080d990044a21e3007c5a78e0f0f2b29e7fc48d56ef6,d768814e7df81603fe6afb1147835a82ac68debaea572ca9d4e9449ec21befb3,4N_sixdist_s47_f0_lr0.001,233806d4ec7ed2ec022c638c525e4ddb55c88f6ac8176111cb1bd2657eb0ddac,c0f4d01d04d6cedfe52ce0eab9b3402e7ff8514942903994138b97d1fa719380,0,0,2048,4096,1228800,300,ae12d7d2443203214d1a1b6e6c0a259704d5a2a78dd3372c3eba05c56b325c96,3d41204b1e9c664522378aa87f6359809137464d8693f339bb080d14d9c77140,60df0a7db0688df4967c306e4e36304a0f68d000d96b9af922caff79c7ab1fa0,10dfdb81f8d4e94b6c79fe77873ee10c1c43c43b752debce9aaf7641d2402843,fd0b415d4995c8ff6b61d5f15fd84a08191887a08a37ecd0fc53bb9453bf23c6,1.15412175655365,0.48413344182262,0.8250610252237591,0.6541903986981286
warm_4N_sixdist_s47_f0_plain_sgd_m09_lr0.01,warm,4N,sixdist,47,0,plain,sgd_m09_lr0.01,sgd,0.01,0.9,300,0.31367596983909607,0.2904549837112427,0.0,0.0037925350479781628,671d9c235a45e82f10a2080d990044a21e3007c5a78e0f0f2b29e7fc48d56ef6,fab0f959a2ffb53a8d90027a8b61e89ffb8c10d5749f48c2a774e046e2e4c304,db0a42a86ceaffd6f565872cfb39c71d8afcdbc9333545c65f78f8ca9734327f,671d9c235a45e82f10a2080d990044a21e3007c5a78e0f0f2b29e7fc48d56ef6,d768814e7df81603fe6afb1147835a82ac68debaea572ca9d4e9449ec21befb3,4N_sixdist_s47_f0_lr0.001,f6d063d7d1735bcd9436e498d51866e9512e2d1ddfffafdd7e3c75500e9e7204,c0f4d01d04d6cedfe52ce0eab9b3402e7ff8514942903994138b97d1fa719380,0,0,2048,4096,1228800,300,ae12d7d2443203214d1a1b6e6c0a259704d5a2a78dd3372c3eba05c56b325c96,3d41204b1e9c664522378aa87f6359809137464d8693f339bb080d14d9c77140,60df0a7db0688df4967c306e4e36304a0f68d000d96b9af922caff79c7ab1fa0,10dfdb81f8d4e94b6c79fe77873ee10c1c43c43b752debce9aaf7641d2402843,fd0b415d4995c8ff6b61d5f15fd84a08191887a08a37ecd0fc53bb9453bf23c6,1.1445142850279808,0.49227013832384053,0.8307567127746135,0.6566314076484947
warm_4N_sixdist_s47_f0_preserve_flip_balanced_lr0.001,warm,4N,sixdist,47,0,preserve_flip_balanced,lr0.001,adam,0.001,,300,0.46348631381988525,0.2904549837112427,0.0,0.000479877955513075,671d9c235a45e82f10a2080d990044a21e3007c5a78e0f0f2b29e7fc48d56ef6,fab0f959a2ffb53a8d90027a8b61e89ffb8c10d5749f48c2a774e046e2e4c304,8c997592b4cd3fca562316f01d7d66890e1eb16d7ba8e0bc2378ce2581524478,671d9c235a45e82f10a2080d990044a21e3007c5a78e0f0f2b29e7fc48d56ef6,d768814e7df81603fe6afb1147835a82ac68debaea572ca9d4e9449ec21befb3,4N_sixdist_s47_f0_lr0.001,8dddcb7a7366ca57389e68da9b3036f4a1eb1015aee2047913e844c16cfef00c,c0f4d01d04d6cedfe52ce0eab9b3402e7ff8514942903994138b97d1fa719380,0,0,2048,4096,1228800,300,ae12d7d2443203214d1a1b6e6c0a259704d5a2a78dd3372c3eba05c56b325c96,3d41204b1e9c664522378aa87f6359809137464d8693f339bb080d14d9c77140,60df0a7db0688df4967c306e4e36304a0f68d000d96b9af922caff79c7ab1fa0,10dfdb81f8d4e94b6c79fe77873ee10c1c43c43b752debce9aaf7641d2402843,fd0b415d4995c8ff6b61d5f15fd84a08191887a08a37ecd0fc53bb9453bf23c6,1.4328095689415932,0.4971521562245728,0.8299430431244914,0.6647681041497152
warm_4N_sixdist_s47_f0_preserve_flip_balanced_lr0.003,warm,4N,sixdist,47,0,preserve_flip_balanced,lr0.003,adam,0.003,,300,0.49032336473464966,0.2904549837112427,0.0,0.0004260414862073958,671d9c235a45e82f10a2080d990044a21e3007c5a78e0f0f2b29e7fc48d56ef6,fab0f959a2ffb53a8d90027a8b61e89ffb8c10d5749f48c2a774e046e2e4c304,f1baaa8b73c1745bdd6877eb2619d7f2331eb7fca156ef0880d1d6a30d1aa117,671d9c235a45e82f10a2080d990044a21e3007c5a78e0f0f2b29e7fc48d56ef6,d768814e7df81603fe6afb1147835a82ac68debaea572ca9d4e9449ec21befb3,4N_sixdist_s47_f0_lr0.001,c37cebb682c8b9ac83c777e64b83738dfb095702178db54fdec06444bc855a72,c0f4d01d04d6cedfe52ce0eab9b3402e7ff8514942903994138b97d1fa719380,0,0,2048,4096,1228800,300,ae12d7d2443203214d1a1b6e6c0a259704d5a2a78dd3372c3eba05c56b325c96,3d41204b1e9c664522378aa87f6359809137464d8693f339bb080d14d9c77140,60df0a7db0688df4967c306e4e36304a0f68d000d96b9af922caff79c7ab1fa0,10dfdb81f8d4e94b6c79fe77873ee10c1c43c43b752debce9aaf7641d2402843,fd0b415d4995c8ff6b61d5f15fd84a08191887a08a37ecd0fc53bb9453bf23c6,1.4065848588943481,0.5052888527257934,0.8323840520748577,0.6680227827502034
warm_4N_sixdist_s47_f0_preserve_flip_balanced_lr0.01,warm,4N,sixdist,47,0,preserve_flip_balanced,lr0.01,adam,0.01,,300,0.4038216471672058,0.2904549837112427,0.0,0.0011718271998688579,671d9c235a45e82f10a2080d990044a21e3007c5a78e0f0f2b29e7fc48d56ef6,fab0f959a2ffb53a8d90027a8b61e89ffb8c10d5749f48c2a774e046e2e4c304,e0c4772652cddb644a1242e16ad6822d52683b8e109a018bd18b6701bde05f40,671d9c235a45e82f10a2080d990044a21e3007c5a78e0f0f2b29e7fc48d56ef6,d768814e7df81603fe6afb1147835a82ac68debaea572ca9d4e9449ec21befb3,4N_sixdist_s47_f0_lr0.001,56b88713c597eb103e85656d1d2b247a827ffb79e6f9df77caa1bb939e6cc81e,c0f4d01d04d6cedfe52ce0eab9b3402e7ff8514942903994138b97d1fa719380,0,0,2048,4096,1228800,300,ae12d7d2443203214d1a1b6e6c0a259704d5a2a78dd3372c3eba05c56b325c96,3d41204b1e9c664522378aa87f6359809137464d8693f339bb080d14d9c77140,60df0a7db0688df4967c306e4e36304a0f68d000d96b9af922caff79c7ab1fa0,10dfdb81f8d4e94b6c79fe77873ee10c1c43c43b752debce9aaf7641d2402843,fd0b415d4995c8ff6b61d5f15fd84a08191887a08a37ecd0fc53bb9453bf23c6,1.2918637618422508,0.4979658258746949,0.8323840520748577,0.6623270951993491
warm_4N_sixdist_s47_f0_protection_lr0.001,warm,4N,sixdist,47,0,protection,lr0.001,adam,0.001,,300,0.31262412667274475,0.2904549837112427,0.0,0.027588829398155212,671d9c235a45e82f10a2080d990044a21e3007c5a78e0f0f2b29e7fc48d56ef6,fab0f959a2ffb53a8d90027a8b61e89ffb8c10d5749f48c2a774e046e2e4c304,20385a235a5aa843ec3de1c5d48a768c9e7b8ce69bf92cf28d9c60e91f339f61,671d9c235a45e82f10a2080d990044a21e3007c5a78e0f0f2b29e7fc48d56ef6,d768814e7df81603fe6afb1147835a82ac68debaea572ca9d4e9449ec21befb3,4N_sixdist_s47_f0_lr0.001,921c0e5c26ed6781b10b42de37845d46167bba5b612fe1602e40c5c6934329af,c0f4d01d04d6cedfe52ce0eab9b3402e7ff8514942903994138b97d1fa719380,0,0,2048,4096,1228800,300,ae12d7d2443203214d1a1b6e6c0a259704d5a2a78dd3372c3eba05c56b325c96,3d41204b1e9c664522378aa87f6359809137464d8693f339bb080d14d9c77140,60df0a7db0688df4967c306e4e36304a0f68d000d96b9af922caff79c7ab1fa0,10dfdb81f8d4e94b6c79fe77873ee10c1c43c43b752debce9aaf7641d2402843,fd0b415d4995c8ff6b61d5f15fd84a08191887a08a37ecd0fc53bb9453bf23c6,1.5635469406843185,0.4971521562245728,0.8275020341741253,0.6655817737998373
warm_4N_sixdist_s47_f0_protection_lr0.003,warm,4N,sixdist,47,0,protection,lr0.003,adam,0.003,,300,0.3134155571460724,0.2904549837112427,0.0,0.027624228969216347,671d9c235a45e82f10a2080d990044a21e3007c5a78e0f0f2b29e7fc48d56ef6,fab0f959a2ffb53a8d90027a8b61e89ffb8c10d5749f48c2a774e046e2e4c304,c9b244e8276143bfac0c25d490508d09801b717bc6beaaae4f8431e82e9df73d,671d9c235a45e82f10a2080d990044a21e3007c5a78e0f0f2b29e7fc48d56ef6,d768814e7df81603fe6afb1147835a82ac68debaea572ca9d4e9449ec21befb3,4N_sixdist_s47_f0_lr0.001,f8539275bf49b2c14381beda86d3df414124507cbff15db19d178521e6490ba7,c0f4d01d04d6cedfe52ce0eab9b3402e7ff8514942903994138b97d1fa719380,0,0,2048,4096,1228800,300,ae12d7d2443203214d1a1b6e6c0a259704d5a2a78dd3372c3eba05c56b325c96,3d41204b1e9c664522378aa87f6359809137464d8693f339bb080d14d9c77140,60df0a7db0688df4967c306e4e36304a0f68d000d96b9af922caff79c7ab1fa0,10dfdb81f8d4e94b6c79fe77873ee10c1c43c43b752debce9aaf7641d2402843,fd0b415d4995c8ff6b61d5f15fd84a08191887a08a37ecd0fc53bb9453bf23c6,1.5913609713315964,0.4947111472742067,0.8275020341741253,0.6631407648494712
warm_4N_sixdist_s47_f0_protection_lr0.01,warm,4N,sixdist,47,0,protection,lr0.01,adam,0.01,,300,0.31794464588165283,0.2904549837112427,0.0,0.027853138744831085,671d9c235a45e82f10a2080d990044a21e3007c5a78e0f0f2b29e7fc48d56ef6,fab0f959a2ffb53a8d90027a8b61e89ffb8c10d5749f48c2a774e046e2e4c304,92754c9a58b76174182b9ba72f0778aee48757cddb9fd6febc3c03a5f71927f7,671d9c235a45e82f10a2080d990044a21e3007c5a78e0f0f2b29e7fc48d56ef6,d768814e7df81603fe6afb1147835a82ac68debaea572ca9d4e9449ec21befb3,4N_sixdist_s47_f0_lr0.001,c284c754afdabd533c793086ed67629a283177984a37854ef751a2f461ea4520,c0f4d01d04d6cedfe52ce0eab9b3402e7ff8514942903994138b97d1fa719380,0,0,2048,4096,1228800,300,ae12d7d2443203214d1a1b6e6c0a259704d5a2a78dd3372c3eba05c56b325c96,3d41204b1e9c664522378aa87f6359809137464d8693f339bb080d14d9c77140,60df0a7db0688df4967c306e4e36304a0f68d000d96b9af922caff79c7ab1fa0,10dfdb81f8d4e94b6c79fe77873ee10c1c43c43b752debce9aaf7641d2402843,fd0b415d4995c8ff6b61d5f15fd84a08191887a08a37ecd0fc53bb9453bf23c6,1.4646346494555473,0.4971521562245728,0.8348250610252238,0.6590724165988608
warm_4N_sixdist_s47_f100_hard_replay_lr0.001,warm,4N,sixdist,47,100,hard_replay,lr0.001,adam,0.001,,300,0.062347784638404846,0.2904549837112427,0.0029296875,0.11733218282461166,671d9c235a45e82f10a2080d990044a21e3007c5a78e0f0f2b29e7fc48d56ef6,fab0f959a2ffb53a8d90027a8b61e89ffb8c10d5749f48c2a774e046e2e4c304,01142331266532844640e6332837b5c93db6a3f96c9879475543e02ec35b046d,671d9c235a45e82f10a2080d990044a21e3007c5a78e0f0f2b29e7fc48d56ef6,d768814e7df81603fe6afb1147835a82ac68debaea572ca9d4e9449ec21befb3,4N_sixdist_s47_f0_lr0.001,3b12a9ef914a7abf89c1b9559c142ae5645e6773568f3a55054d3edc8509309d,2226cb57f55dc5723c6244d0f2299ae3a943e50964d35bda827489b4f53e6f71,6390,0,2048,10486,3145800,300,ae12d7d2443203214d1a1b6e6c0a259704d5a2a78dd3372c3eba05c56b325c96,3d41204b1e9c664522378aa87f6359809137464d8693f339bb080d14d9c77140,60df0a7db0688df4967c306e4e36304a0f68d000d96b9af922caff79c7ab1fa0,10dfdb81f8d4e94b6c79fe77873ee10c1c43c43b752debce9aaf7641d2402843,fd0b415d4995c8ff6b61d5f15fd84a08191887a08a37ecd0fc53bb9453bf23c6,2.8271444737911224,0.7510170870626526,0.871440195280716,0.8787632221318145
warm_4N_sixdist_s47_f100_hard_replay_lr0.003,warm,4N,sixdist,47,100,hard_replay,lr0.003,adam,0.003,,300,0.0711992084980011,0.2904549837112427,0.0009765625,0.08154981583356857,671d9c235a45e82f10a2080d990044a21e3007c5a78e0f0f2b29e7fc48d56ef6,fab0f959a2ffb53a8d90027a8b61e89ffb8c10d5749f48c2a774e046e2e4c304,1fb53a1c49e845a961ab582f1ba4795de627c3ed987ac9e858f98c2f423abe1c,671d9c235a45e82f10a2080d990044a21e3007c5a78e0f0f2b29e7fc48d56ef6,d768814e7df81603fe6afb1147835a82ac68debaea572ca9d4e9449ec21befb3,4N_sixdist_s47_f0_lr0.001,86dd37bf4d8159c93dd8c352d32e8a39b6124f76bbd0d653886888e169137b73,2226cb57f55dc5723c6244d0f2299ae3a943e50964d35bda827489b4f53e6f71,6390,0,2048,10486,3145800,300,ae12d7d2443203214d1a1b6e6c0a259704d5a2a78dd3372c3eba05c56b325c96,3d41204b1e9c664522378aa87f6359809137464d8693f339bb080d14d9c77140,60df0a7db0688df4967c306e4e36304a0f68d000d96b9af922caff79c7ab1fa0,10dfdb81f8d4e94b6c79fe77873ee10c1c43c43b752debce9aaf7641d2402843,fd0b415d4995c8ff6b61d5f15fd84a08191887a08a37ecd0fc53bb9453bf23c6,3.0082013607025146,0.7689178193653377,0.8893409275834011,0.8787632221318145
warm_4N_sixdist_s47_f100_hard_replay_lr0.01,warm,4N,sixdist,47,100,hard_replay,lr0.01,adam,0.01,,300,0.08559025824069977,0.2904549837112427,0.00439453125,0.09359261393547058,671d9c235a45e82f10a2080d990044a21e3007c5a78e0f0f2b29e7fc48d56ef6,fab0f959a2ffb53a8d90027a8b61e89ffb8c10d5749f48c2a774e046e2e4c304,b45d7dd93cb7d84250c074fa66768dbaad4da3fe4bcf54546041a43efcd0d655,671d9c235a45e82f10a2080d990044a21e3007c5a78e0f0f2b29e7fc48d56ef6,d768814e7df81603fe6afb1147835a82ac68debaea572ca9d4e9449ec21befb3,4N_sixdist_s47_f0_lr0.001,5ddb6a88a43f0268fa2c111264fa9da85a2d64b9123ec573b9a84b7ce223a0ed,2226cb57f55dc5723c6244d0f2299ae3a943e50964d35bda827489b4f53e6f71,6390,0,2048,10486,3145800,300,ae12d7d2443203214d1a1b6e6c0a259704d5a2a78dd3372c3eba05c56b325c96,3d41204b1e9c664522378aa87f6359809137464d8693f339bb080d14d9c77140,60df0a7db0688df4967c306e4e36304a0f68d000d96b9af922caff79c7ab1fa0,10dfdb81f8d4e94b6c79fe77873ee10c1c43c43b752debce9aaf7641d2402843,fd0b415d4995c8ff6b61d5f15fd84a08191887a08a37ecd0fc53bb9453bf23c6,2.7835854068398476,0.790886899918633,0.8999186330349878,0.8901545972335232
warm_4N_sixdist_s47_f100_plain_adam_lr0.0005_steps600,warm,4N,sixdist,47,100,plain,adam_lr0.0005_steps600,adam,0.0005,,600,0.056264180690050125,0.2904549837112427,0.0048828125,0.08137830346822739,671d9c235a45e82f10a2080d990044a21e3007c5a78e0f0f2b29e7fc48d56ef6,fab0f959a2ffb53a8d90027a8b61e89ffb8c10d5749f48c2a774e046e2e4c304,3324719f9694346865c9eb597566a451ce9b02182dfe0b85d683abb178ec18b9,671d9c235a45e82f10a2080d990044a21e3007c5a78e0f0f2b29e7fc48d56ef6,d768814e7df81603fe6afb1147835a82ac68debaea572ca9d4e9449ec21befb3,4N_sixdist_s47_f0_lr0.001,42868648b91290436788699142e132bf97905351a6131ece8ae8070026f8c628,2226cb57f55dc5723c6244d0f2299ae3a943e50964d35bda827489b4f53e6f71,6390,0,2048,10486,6291600,600,ae12d7d2443203214d1a1b6e6c0a259704d5a2a78dd3372c3eba05c56b325c96,3d41204b1e9c664522378aa87f6359809137464d8693f339bb080d14d9c77140,60df0a7db0688df4967c306e4e36304a0f68d000d96b9af922caff79c7ab1fa0,10dfdb81f8d4e94b6c79fe77873ee10c1c43c43b752debce9aaf7641d2402843,fd0b415d4995c8ff6b61d5f15fd84a08191887a08a37ecd0fc53bb9453bf23c6,5.7464437410235405,0.758340113913751,0.8616761594792515,0.8958502847843776
warm_4N_sixdist_s47_f100_plain_lr0.001,warm,4N,sixdist,47,100,plain,lr0.001,adam,0.001,,300,0.061410244554281235,0.2904549837112427,0.0078125,0.10877034068107605,671d9c235a45e82f10a2080d990044a21e3007c5a78e0f0f2b29e7fc48d56ef6,fab0f959a2ffb53a8d90027a8b61e89ffb8c10d5749f48c2a774e046e2e4c304,949107bed6e9d5071b79c88dbf4dea245160d76e294f4193324823b88fa29065,671d9c235a45e82f10a2080d990044a21e3007c5a78e0f0f2b29e7fc48d56ef6,d768814e7df81603fe6afb1147835a82ac68debaea572ca9d4e9449ec21befb3,4N_sixdist_s47_f0_lr0.001,61f6e5a25e66c43f695bbe799c10b4595971a9348b2a65300b6d8d43df4354bf,2226cb57f55dc5723c6244d0f2299ae3a943e50964d35bda827489b4f53e6f71,6390,0,2048,10486,3145800,300,ae12d7d2443203214d1a1b6e6c0a259704d5a2a78dd3372c3eba05c56b325c96,3d41204b1e9c664522378aa87f6359809137464d8693f339bb080d14d9c77140,60df0a7db0688df4967c306e4e36304a0f68d000d96b9af922caff79c7ab1fa0,10dfdb81f8d4e94b6c79fe77873ee10c1c43c43b752debce9aaf7641d2402843,fd0b415d4995c8ff6b61d5f15fd84a08191887a08a37ecd0fc53bb9453bf23c6,2.9620674028992653,0.7453213995117982,0.8576078112286412,0.8860862489829129
warm_4N_sixdist_s47_f100_plain_lr0.003,warm,4N,sixdist,47,100,plain,lr0.003,adam,0.003,,300,0.05860276520252228,0.2904549837112427,0.00341796875,0.06384830921888351,671d9c235a45e82f10a2080d990044a21e3007c5a78e0f0f2b29e7fc48d56ef6,fab0f959a2ffb53a8d90027a8b61e89ffb8c10d5749f48c2a774e046e2e4c304,a71fca3f138cde2bcf9dfabf04bcf3f85885d8f12434034a68e9b2fedb77520c,671d9c235a45e82f10a2080d990044a21e3007c5a78e0f0f2b29e7fc48d56ef6,d768814e7df81603fe6afb1147835a82ac68debaea572ca9d4e9449ec21befb3,4N_sixdist_s47_f0_lr0.001,79b4dce9b2c3f093cb61f18841965fcd86e9006a283feca634963564131f292a,2226cb57f55dc5723c6244d0f2299ae3a943e50964d35bda827489b4f53e6f71,6390,0,2048,10486,3145800,300,ae12d7d2443203214d1a1b6e6c0a259704d5a2a78dd3372c3eba05c56b325c96,3d41204b1e9c664522378aa87f6359809137464d8693f339bb080d14d9c77140,60df0a7db0688df4967c306e4e36304a0f68d000d96b9af922caff79c7ab1fa0,10dfdb81f8d4e94b6c79fe77873ee10c1c43c43b752debce9aaf7641d2402843,fd0b415d4995c8ff6b61d5f15fd84a08191887a08a37ecd0fc53bb9453bf23c6,2.7502074167132378,0.7860048820179008,0.8844589096826688,0.9015459723352319
warm_4N_sixdist_s47_f100_plain_lr0.01,warm,4N,sixdist,47,100,plain,lr0.01,adam,0.01,,300,0.06033412739634514,0.2904549837112427,0.00244140625,0.056897103786468506,671d9c235a45e82f10a2080d990044a21e3007c5a78e0f0f2b29e7fc48d56ef6,fab0f959a2ffb53a8d90027a8b61e89ffb8c10d5749f48c2a774e046e2e4c304,bce9c2f3d36be7b3646463c614573cd069556e8256c693e3e215b44b84bc26e7,671d9c235a45e82f10a2080d990044a21e3007c5a78e0f0f2b29e7fc48d56ef6,d768814e7df81603fe6afb1147835a82ac68debaea572ca9d4e9449ec21befb3,4N_sixdist_s47_f0_lr0.001,141cdb135fcaa0a5c9cb2b8cd0b07d23ebaea5f89da981039a3c9a2cd19318b1,2226cb57f55dc5723c6244d0f2299ae3a943e50964d35bda827489b4f53e6f71,6390,0,2048,10486,3145800,300,ae12d7d2443203214d1a1b6e6c0a259704d5a2a78dd3372c3eba05c56b325c96,3d41204b1e9c664522378aa87f6359809137464d8693f339bb080d14d9c77140,60df0a7db0688df4967c306e4e36304a0f68d000d96b9af922caff79c7ab1fa0,10dfdb81f8d4e94b6c79fe77873ee10c1c43c43b752debce9aaf7641d2402843,fd0b415d4995c8ff6b61d5f15fd84a08191887a08a37ecd0fc53bb9453bf23c6,2.9377466067671776,0.7990235964198535,0.8917819365337672,0.9048006509357202
warm_4N_sixdist_s47_f100_plain_sgd_m09_lr0.003,warm,4N,sixdist,47,100,plain,sgd_m09_lr0.003,sgd,0.003,0.9,300,0.06105911359190941,0.2904549837112427,0.0068359375,0.10932815074920654,671d9c235a45e82f10a2080d990044a21e3007c5a78e0f0f2b29e7fc48d56ef6,fab0f959a2ffb53a8d90027a8b61e89ffb8c10d5749f48c2a774e046e2e4c304,0569b0358d2d2af3e6ac2a16cb4d68ef063ed90979f69fda3f3fcfb64f16d453,671d9c235a45e82f10a2080d990044a21e3007c5a78e0f0f2b29e7fc48d56ef6,d768814e7df81603fe6afb1147835a82ac68debaea572ca9d4e9449ec21befb3,4N_sixdist_s47_f0_lr0.001,84353ee6468298e5669ef5dbb48f0a0b11be551aef3c4e9e73f4fc499d8a2a4a,2226cb57f55dc5723c6244d0f2299ae3a943e50964d35bda827489b4f53e6f71,6390,0,2048,10486,3145800,300,ae12d7d2443203214d1a1b6e6c0a259704d5a2a78dd3372c3eba05c56b325c96,3d41204b1e9c664522378aa87f6359809137464d8693f339bb080d14d9c77140,60df0a7db0688df4967c306e4e36304a0f68d000d96b9af922caff79c7ab1fa0,10dfdb81f8d4e94b6c79fe77873ee10c1c43c43b752debce9aaf7641d2402843,fd0b415d4995c8ff6b61d5f15fd84a08191887a08a37ecd0fc53bb9453bf23c6,2.738070271909237,0.7624084621643613,0.8722538649308381,0.8885272579332791
warm_4N_sixdist_s47_f100_plain_sgd_m09_lr0.01,warm,4N,sixdist,47,100,plain,sgd_m09_lr0.01,sgd,0.01,0.9,300,0.07860761880874634,0.2904549837112427,0.0029296875,0.05021173134446144,671d9c235a45e82f10a2080d990044a21e3007c5a78e0f0f2b29e7fc48d56ef6,fab0f959a2ffb53a8d90027a8b61e89ffb8c10d5749f48c2a774e046e2e4c304,31df3fdb41fda1b84019071d2167c2ccc7a6da9ab40a8175417983b52dc00610,671d9c235a45e82f10a2080d990044a21e3007c5a78e0f0f2b29e7fc48d56ef6,d768814e7df81603fe6afb1147835a82ac68debaea572ca9d4e9449ec21befb3,4N_sixdist_s47_f0_lr0.001,a662d74e440252af6707913839da2015b89ab886612de5ca3b2682d23c00357a,2226cb57f55dc5723c6244d0f2299ae3a943e50964d35bda827489b4f53e6f71,6390,0,2048,10486,3145800,300,ae12d7d2443203214d1a1b6e6c0a259704d5a2a78dd3372c3eba05c56b325c96,3d41204b1e9c664522378aa87f6359809137464d8693f339bb080d14d9c77140,60df0a7db0688df4967c306e4e36304a0f68d000d96b9af922caff79c7ab1fa0,10dfdb81f8d4e94b6c79fe77873ee10c1c43c43b752debce9aaf7641d2402843,fd0b415d4995c8ff6b61d5f15fd84a08191887a08a37ecd0fc53bb9453bf23c6,2.8953917026519775,0.8299430431244914,0.9145646867371847,0.9137510170870626
warm_4N_sixdist_s47_f100_preserve_flip_balanced_lr0.001,warm,4N,sixdist,47,100,preserve_flip_balanced,lr0.001,adam,0.001,,300,0.07444287836551666,0.2904549837112427,0.0009765625,0.06892483681440353,671d9c235a45e82f10a2080d990044a21e3007c5a78e0f0f2b29e7fc48d56ef6,fab0f959a2ffb53a8d90027a8b61e89ffb8c10d5749f48c2a774e046e2e4c304,906f648cb04935b386b4a88305a1b34ea3fc98b75481c5eb45bbea3f1df26a71,671d9c235a45e82f10a2080d990044a21e3007c5a78e0f0f2b29e7fc48d56ef6,d768814e7df81603fe6afb1147835a82ac68debaea572ca9d4e9449ec21befb3,4N_sixdist_s47_f0_lr0.001,f1b807167a24831ace927c7f31b36adc608272eb393628df2581233dfce04778,a8d50b469d8506c33f4495cbc1adf98483a334d1cf25be4beef8b2444218c94e,3195,3195,2048,10486,3145800,300,ae12d7d2443203214d1a1b6e6c0a259704d5a2a78dd3372c3eba05c56b325c96,3d41204b1e9c664522378aa87f6359809137464d8693f339bb080d14d9c77140,60df0a7db0688df4967c306e4e36304a0f68d000d96b9af922caff79c7ab1fa0,10dfdb81f8d4e94b6c79fe77873ee10c1c43c43b752debce9aaf7641d2402843,fd0b415d4995c8ff6b61d5f15fd84a08191887a08a37ecd0fc53bb9453bf23c6,3.073890596628189,0.790073230268511,0.9096826688364524,0.8803905614320586
warm_4N_sixdist_s47_f100_preserve_flip_balanced_lr0.003,warm,4N,sixdist,47,100,preserve_flip_balanced,lr0.003,adam,0.003,,300,0.07602006196975708,0.2904549837112427,0.00146484375,0.06560681015253067,671d9c235a45e82f10a2080d990044a21e3007c5a78e0f0f2b29e7fc48d56ef6,fab0f959a2ffb53a8d90027a8b61e89ffb8c10d5749f48c2a774e046e2e4c304,7e5f8f92dbad159dc00afeea3dd8deacffa318fd1df13f5732986d8108b5a51b,671d9c235a45e82f10a2080d990044a21e3007c5a78e0f0f2b29e7fc48d56ef6,d768814e7df81603fe6afb1147835a82ac68debaea572ca9d4e9449ec21befb3,4N_sixdist_s47_f0_lr0.001,76b2d5f66265c9148ac6d3a9036e273e2f1742d08a119af14136e528f4d38c14,a8d50b469d8506c33f4495cbc1adf98483a334d1cf25be4beef8b2444218c94e,3195,3195,2048,10486,3145800,300,ae12d7d2443203214d1a1b6e6c0a259704d5a2a78dd3372c3eba05c56b325c96,3d41204b1e9c664522378aa87f6359809137464d8693f339bb080d14d9c77140,60df0a7db0688df4967c306e4e36304a0f68d000d96b9af922caff79c7ab1fa0,10dfdb81f8d4e94b6c79fe77873ee10c1c43c43b752debce9aaf7641d2402843,fd0b415d4995c8ff6b61d5f15fd84a08191887a08a37ecd0fc53bb9453bf23c6,2.9982418194413185,0.80553295362083,0.9202603742880391,0.8852725793327909
warm_4N_sixdist_s47_f100_preserve_flip_balanced_lr0.01,warm,4N,sixdist,47,100,preserve_flip_balanced,lr0.01,adam,0.01,,300,0.07349677383899689,0.2904549837112427,0.001953125,0.06749876588582993,671d9c235a45e82f10a2080d990044a21e3007c5a78e0f0f2b29e7fc48d56ef6,fab0f959a2ffb53a8d90027a8b61e89ffb8c10d5749f48c2a774e046e2e4c304,1effc56b55d1bce62f30d441a12d3fb20580f22cb75f88e52b7ce0e18e54745d,671d9c235a45e82f10a2080d990044a21e3007c5a78e0f0f2b29e7fc48d56ef6,d768814e7df81603fe6afb1147835a82ac68debaea572ca9d4e9449ec21befb3,4N_sixdist_s47_f0_lr0.001,b6319b81a3c1627e40b9df9b84b6f7122d2d16f3d5834aa20907cfaffd23efaf,a8d50b469d8506c33f4495cbc1adf98483a334d1cf25be4beef8b2444218c94e,3195,3195,2048,10486,3145800,300,ae12d7d2443203214d1a1b6e6c0a259704d5a2a78dd3372c3eba05c56b325c96,3d41204b1e9c664522378aa87f6359809137464d8693f339bb080d14d9c77140,60df0a7db0688df4967c306e4e36304a0f68d000d96b9af922caff79c7ab1fa0,10dfdb81f8d4e94b6c79fe77873ee10c1c43c43b752debce9aaf7641d2402843,fd0b415d4995c8ff6b61d5f15fd84a08191887a08a37ecd0fc53bb9453bf23c6,2.931710548698902,0.807160292921074,0.9243287225386493,0.8828315703824248
warm_4N_sixdist_s47_f100_protection_lr0.001,warm,4N,sixdist,47,100,protection,lr0.001,adam,0.001,,300,0.06247431039810181,0.2904549837112427,0.00244140625,0.14464928209781647,671d9c235a45e82f10a2080d990044a21e3007c5a78e0f0f2b29e7fc48d56ef6,fab0f959a2ffb53a8d90027a8b61e89ffb8c10d5749f48c2a774e046e2e4c304,cbd3952f81d0fd32f839f4661b882697a734abbc7ff499ff370d1ad724215ff7,671d9c235a45e82f10a2080d990044a21e3007c5a78e0f0f2b29e7fc48d56ef6,d768814e7df81603fe6afb1147835a82ac68debaea572ca9d4e9449ec21befb3,4N_sixdist_s47_f0_lr0.001,e109c33a0956cd214fb5f9e8706ff7babfd89894ad687c8889a9267b37e25c56,2226cb57f55dc5723c6244d0f2299ae3a943e50964d35bda827489b4f53e6f71,6390,0,2048,10486,3145800,300,ae12d7d2443203214d1a1b6e6c0a259704d5a2a78dd3372c3eba05c56b325c96,3d41204b1e9c664522378aa87f6359809137464d8693f339bb080d14d9c77140,60df0a7db0688df4967c306e4e36304a0f68d000d96b9af922caff79c7ab1fa0,10dfdb81f8d4e94b6c79fe77873ee10c1c43c43b752debce9aaf7641d2402843,fd0b415d4995c8ff6b61d5f15fd84a08191887a08a37ecd0fc53bb9453bf23c6,2.900412119925022,0.7371847030105777,0.8624898291293734,0.8738812042310822
warm_4N_sixdist_s47_f100_protection_lr0.003,warm,4N,sixdist,47,100,protection,lr0.003,adam,0.003,,300,0.06880579888820648,0.2904549837112427,0.00244140625,0.1136561781167984,671d9c235a45e82f10a2080d990044a21e3007c5a78e0f0f2b29e7fc48d56ef6,fab0f959a2ffb53a8d90027a8b61e89ffb8c10d5749f48c2a774e046e2e4c304,e41d259aae2af257fee56eed53ed64c01f9e9b46a9ba6df30d7a375010e235a9,671d9c235a45e82f10a2080d990044a21e3007c5a78e0f0f2b29e7fc48d56ef6,d768814e7df81603fe6afb1147835a82ac68debaea572ca9d4e9449ec21befb3,4N_sixdist_s47_f0_lr0.001,1fe25a2ff6ef213d438a41e86d0c28117b400aa6830b1044084dbea742721020,2226cb57f55dc5723c6244d0f2299ae3a943e50964d35bda827489b4f53e6f71,6390,0,2048,10486,3145800,300,ae12d7d2443203214d1a1b6e6c0a259704d5a2a78dd3372c3eba05c56b325c96,3d41204b1e9c664522378aa87f6359809137464d8693f339bb080d14d9c77140,60df0a7db0688df4967c306e4e36304a0f68d000d96b9af922caff79c7ab1fa0,10dfdb81f8d4e94b6c79fe77873ee10c1c43c43b752debce9aaf7641d2402843,fd0b415d4995c8ff6b61d5f15fd84a08191887a08a37ecd0fc53bb9453bf23c6,3.216452896595001,0.7713588283157038,0.8909682668836453,0.8795768917819365
warm_4N_sixdist_s47_f100_protection_lr0.01,warm,4N,sixdist,47,100,protection,lr0.01,adam,0.01,,300,0.06576063483953476,0.2904549837112427,0.001953125,0.11724549531936646,671d9c235a45e82f10a2080d990044a21e3007c5a78e0f0f2b29e7fc48d56ef6,fab0f959a2ffb53a8d90027a8b61e89ffb8c10d5749f48c2a774e046e2e4c304,9d205ee0d58f228fca0a8041a5e4681544d01b01d1eceef300d39c2017e9f064,671d9c235a45e82f10a2080d990044a21e3007c5a78e0f0f2b29e7fc48d56ef6,d768814e7df81603fe6afb1147835a82ac68debaea572ca9d4e9449ec21befb3,4N_sixdist_s47_f0_lr0.001,c0de0860e3451c2eaf6047412e68e34a1d8d75ff4d0bdd792571356b842a1f29,2226cb57f55dc5723c6244d0f2299ae3a943e50964d35bda827489b4f53e6f71,6390,0,2048,10486,3145800,300,ae12d7d2443203214d1a1b6e6c0a259704d5a2a78dd3372c3eba05c56b325c96,3d41204b1e9c664522378aa87f6359809137464d8693f339bb080d14d9c77140,60df0a7db0688df4967c306e4e36304a0f68d000d96b9af922caff79c7ab1fa0,10dfdb81f8d4e94b6c79fe77873ee10c1c43c43b752debce9aaf7641d2402843,fd0b415d4995c8ff6b61d5f15fd84a08191887a08a37ecd0fc53bb9453bf23c6,3.0562606900930405,0.7762408462164361,0.8787632221318145,0.8958502847843776
warm_4N_sixdist_s47_f25_hard_replay_lr0.001,warm,4N,sixdist,47,25,hard_replay,lr0.001,adam,0.001,,300,0.08834122121334076,0.2904549837112427,0.00341796875,0.0827782154083252,671d9c235a45e82f10a2080d990044a21e3007c5a78e0f0f2b29e7fc48d56ef6,fab0f959a2ffb53a8d90027a8b61e89ffb8c10d5749f48c2a774e046e2e4c304,5411b9e6e70f1906d033719aa32ed3853a94c0c13b0ec6253fef0de71c7cff5c,671d9c235a45e82f10a2080d990044a21e3007c5a78e0f0f2b29e7fc48d56ef6,d768814e7df81603fe6afb1147835a82ac68debaea572ca9d4e9449ec21befb3,4N_sixdist_s47_f0_lr0.001,ad24a3f42b34454f65367b94dd7cb51b3d229a322e893553017495d227bdce60,35af10b4a4b738858787fd458dc2c7bc7095f28866b669f73bc36fcb35db790e,1597,0,2048,5693,1707900,300,ae12d7d2443203214d1a1b6e6c0a259704d5a2a78dd3372c3eba05c56b325c96,3d41204b1e9c664522378aa87f6359809137464d8693f339bb080d14d9c77140,60df0a7db0688df4967c306e4e36304a0f68d000d96b9af922caff79c7ab1fa0,10dfdb81f8d4e94b6c79fe77873ee10c1c43c43b752debce9aaf7641d2402843,fd0b415d4995c8ff6b61d5f15fd84a08191887a08a37ecd0fc53bb9453bf23c6,2.007612571120262,0.7436940602115542,0.8763222131814483,0.8665581773799838
warm_4N_sixdist_s47_f25_hard_replay_lr0.003,warm,4N,sixdist,47,25,hard_replay,lr0.003,adam,0.003,,300,0.09991047531366348,0.2904549837112427,0.0009765625,0.04989904165267944,671d9c235a45e82f10a2080d990044a21e3007c5a78e0f0f2b29e7fc48d56ef6,fab0f959a2ffb53a8d90027a8b61e89ffb8c10d5749f48c2a774e046e2e4c304,4cfaacc2ee86a3d5f518b8748c3547f4b9d53d0f494513639e4cfc60dcbb025a,671d9c235a45e82f10a2080d990044a21e3007c5a78e0f0f2b29e7fc48d56ef6,d768814e7df81603fe6afb1147835a82ac68debaea572ca9d4e9449ec21befb3,4N_sixdist_s47_f0_lr0.001,a9355e650cb8cbe87de6581bdee5b4bb0a30eb754e094baa4d8d67117f2d2d7a,35af10b4a4b738858787fd458dc2c7bc7095f28866b669f73bc36fcb35db790e,1597,0,2048,5693,1707900,300,ae12d7d2443203214d1a1b6e6c0a259704d5a2a78dd3372c3eba05c56b325c96,3d41204b1e9c664522378aa87f6359809137464d8693f339bb080d14d9c77140,60df0a7db0688df4967c306e4e36304a0f68d000d96b9af922caff79c7ab1fa0,10dfdb81f8d4e94b6c79fe77873ee10c1c43c43b752debce9aaf7641d2402843,fd0b415d4995c8ff6b61d5f15fd84a08191887a08a37ecd0fc53bb9453bf23c6,1.9745146408677101,0.7436940602115542,0.8763222131814483,0.8657445077298617
warm_4N_sixdist_s47_f25_hard_replay_lr0.01,warm,4N,sixdist,47,25,hard_replay,lr0.01,adam,0.01,,300,0.06598787009716034,0.2904549837112427,0.001953125,0.05192049965262413,671d9c235a45e82f10a2080d990044a21e3007c5a78e0f0f2b29e7fc48d56ef6,fab0f959a2ffb53a8d90027a8b61e89ffb8c10d5749f48c2a774e046e2e4c304,4a7730465ecbd2101a975f2c40749877fa35037ba9989c6fa7986bacd6cbf7df,671d9c235a45e82f10a2080d990044a21e3007c5a78e0f0f2b29e7fc48d56ef6,d768814e7df81603fe6afb1147835a82ac68debaea572ca9d4e9449ec21befb3,4N_sixdist_s47_f0_lr0.001,9bb6fa7a8dea1fc73f326566113cee80a40b56e427f9c822b4f02acfbeeead8f,35af10b4a4b738858787fd458dc2c7bc7095f28866b669f73bc36fcb35db790e,1597,0,2048,5693,1707900,300,ae12d7d2443203214d1a1b6e6c0a259704d5a2a78dd3372c3eba05c56b325c96,3d41204b1e9c664522378aa87f6359809137464d8693f339bb080d14d9c77140,60df0a7db0688df4967c306e4e36304a0f68d000d96b9af922caff79c7ab1fa0,10dfdb81f8d4e94b6c79fe77873ee10c1c43c43b752debce9aaf7641d2402843,fd0b415d4995c8ff6b61d5f15fd84a08191887a08a37ecd0fc53bb9453bf23c6,1.8163980320096016,0.7518307567127747,0.8812042310821806,0.869812855980472
warm_4N_sixdist_s47_f25_plain_adam_lr0.0005_steps600,warm,4N,sixdist,47,25,plain,adam_lr0.0005_steps600,adam,0.0005,,600,0.08664693683385849,0.2904549837112427,0.00537109375,0.05575167387723923,671d9c235a45e82f10a2080d990044a21e3007c5a78e0f0f2b29e7fc48d56ef6,fab0f959a2ffb53a8d90027a8b61e89ffb8c10d5749f48c2a774e046e2e4c304,02c9d3667017f193c5b46a224da991c269b753d272df198846bdb096e404259f,671d9c235a45e82f10a2080d990044a21e3007c5a78e0f0f2b29e7fc48d56ef6,d768814e7df81603fe6afb1147835a82ac68debaea572ca9d4e9449ec21befb3,4N_sixdist_s47_f0_lr0.001,1f6b4e722c2d9677ad57a067f098aa57114e4e883c9a5e17c5dcdf09affaa2cd,35af10b4a4b738858787fd458dc2c7bc7095f28866b669f73bc36fcb35db790e,1597,0,2048,5693,3415800,600,ae12d7d2443203214d1a1b6e6c0a259704d5a2a78dd3372c3eba05c56b325c96,3d41204b1e9c664522378aa87f6359809137464d8693f339bb080d14d9c77140,60df0a7db0688df4967c306e4e36304a0f68d000d96b9af922caff79c7ab1fa0,10dfdb81f8d4e94b6c79fe77873ee10c1c43c43b752debce9aaf7641d2402843,fd0b415d4995c8ff6b61d5f15fd84a08191887a08a37ecd0fc53bb9453bf23c6,3.2094188183546066,0.7510170870626526,0.869812855980472,0.8787632221318145
warm_4N_sixdist_s47_f25_plain_lr0.001,warm,4N,sixdist,47,25,plain,lr0.001,adam,0.001,,300,0.08266712725162506,0.2904549837112427,0.0078125,0.07935706526041031,671d9c235a45e82f10a2080d990044a21e3007c5a78e0f0f2b29e7fc48d56ef6,fab0f959a2ffb53a8d90027a8b61e89ffb8c10d5749f48c2a774e046e2e4c304,25fac3be84b8a5c7ebb28a50ce111590d59b0af5926b8ca55cd9ccbd39ee21ee,671d9c235a45e82f10a2080d990044a21e3007c5a78e0f0f2b29e7fc48d56ef6,d768814e7df81603fe6afb1147835a82ac68debaea572ca9d4e9449ec21befb3,4N_sixdist_s47_f0_lr0.001,16c16f3880176a4d1bd21b19a9f89e7a428cb59889bb1aa1b32f6788fc7378fd,35af10b4a4b738858787fd458dc2c7bc7095f28866b669f73bc36fcb35db790e,1597,0,2048,5693,1707900,300,ae12d7d2443203214d1a1b6e6c0a259704d5a2a78dd3372c3eba05c56b325c96,3d41204b1e9c664522378aa87f6359809137464d8693f339bb080d14d9c77140,60df0a7db0688df4967c306e4e36304a0f68d000d96b9af922caff79c7ab1fa0,10dfdb81f8d4e94b6c79fe77873ee10c1c43c43b752debce9aaf7641d2402843,fd0b415d4995c8ff6b61d5f15fd84a08191887a08a37ecd0fc53bb9453bf23c6,1.6418350413441658,0.7274206672091131,0.8470301057770545,0.8779495524816925
warm_4N_sixdist_s47_f25_plain_lr0.003,warm,4N,sixdist,47,25,plain,lr0.003,adam,0.003,,300,0.10504229366779327,0.2904549837112427,0.00341796875,0.039441414177417755,671d9c235a45e82f10a2080d990044a21e3007c5a78e0f0f2b29e7fc48d56ef6,fab0f959a2ffb53a8d90027a8b61e89ffb8c10d5749f48c2a774e046e2e4c304,f176471a1ebf027964dabd8cccbc3068a5f4c102ee1c4f8716b9298152713894,671d9c235a45e82f10a2080d990044a21e3007c5a78e0f0f2b29e7fc48d56ef6,d768814e7df81603fe6afb1147835a82ac68debaea572ca9d4e9449ec21befb3,4N_sixdist_s47_f0_lr0.001,3e6ee58adce8700e149abc4b05881bf7e679352a8c3f8c7adc6aadec85b05f80,35af10b4a4b738858787fd458dc2c7bc7095f28866b669f73bc36fcb35db790e,1597,0,2048,5693,1707900,300,ae12d7d2443203214d1a1b6e6c0a259704d5a2a78dd3372c3eba05c56b325c96,3d41204b1e9c664522378aa87f6359809137464d8693f339bb080d14d9c77140,60df0a7db0688df4967c306e4e36304a0f68d000d96b9af922caff79c7ab1fa0,10dfdb81f8d4e94b6c79fe77873ee10c1c43c43b752debce9aaf7641d2402843,fd0b415d4995c8ff6b61d5f15fd84a08191887a08a37ecd0fc53bb9453bf23c6,1.6539701893925667,0.7298616761594793,0.8559804719283971,0.8722538649308381
warm_4N_sixdist_s47_f25_plain_lr0.01,warm,4N,sixdist,47,25,plain,lr0.01,adam,0.01,,300,0.06989976018667221,0.2904549837112427,0.0029296875,0.03806793689727783,671d9c235a45e82f10a2080d990044a21e3007c5a78e0f0f2b29e7fc48d56ef6,fab0f959a2ffb53a8d90027a8b61e89ffb8c10d5749f48c2a774e046e2e4c304,ce393336dd64e78d71cf0085c7443019f35a6efda7c41d7d35c3e928fe15c742,671d9c235a45e82f10a2080d990044a21e3007c5a78e0f0f2b29e7fc48d56ef6,d768814e7df81603fe6afb1147835a82ac68debaea572ca9d4e9449ec21befb3,4N_sixdist_s47_f0_lr0.001,ed0d9894ccc181a05a94c207913bf47b49035c4f2bdfedcb07e8c3878b8c0117,35af10b4a4b738858787fd458dc2c7bc7095f28866b669f73bc36fcb35db790e,1597,0,2048,5693,1707900,300,ae12d7d2443203214d1a1b6e6c0a259704d5a2a78dd3372c3eba05c56b325c96,3d41204b1e9c664522378aa87f6359809137464d8693f339bb080d14d9c77140,60df0a7db0688df4967c306e4e36304a0f68d000d96b9af922caff79c7ab1fa0,10dfdb81f8d4e94b6c79fe77873ee10c1c43c43b752debce9aaf7641d2402843,fd0b415d4995c8ff6b61d5f15fd84a08191887a08a37ecd0fc53bb9453bf23c6,1.60194630920887,0.7697314890154597,0.8901545972335232,0.8795768917819365
warm_4N_sixdist_s47_f25_plain_sgd_m09_lr0.003,warm,4N,sixdist,47,25,plain,sgd_m09_lr0.003,sgd,0.003,0.9,300,0.07436759024858475,0.2904549837112427,0.009765625,0.08737017214298248,671d9c235a45e82f10a2080d990044a21e3007c5a78e0f0f2b29e7fc48d56ef6,fab0f959a2ffb53a8d90027a8b61e89ffb8c10d5749f48c2a774e046e2e4c304,1eb90c13e7a7d7304aba5c313ea8c42f54a714a76d26a5c93ddec485e89158ba,671d9c235a45e82f10a2080d990044a21e3007c5a78e0f0f2b29e7fc48d56ef6,d768814e7df81603fe6afb1147835a82ac68debaea572ca9d4e9449ec21befb3,4N_sixdist_s47_f0_lr0.001,f06ef426efb4b5f4952b7c88fcaa57ee3860910b268fd4ab7aa2fed4d8ebf0f5,35af10b4a4b738858787fd458dc2c7bc7095f28866b669f73bc36fcb35db790e,1597,0,2048,5693,1707900,300,ae12d7d2443203214d1a1b6e6c0a259704d5a2a78dd3372c3eba05c56b325c96,3d41204b1e9c664522378aa87f6359809137464d8693f339bb080d14d9c77140,60df0a7db0688df4967c306e4e36304a0f68d000d96b9af922caff79c7ab1fa0,10dfdb81f8d4e94b6c79fe77873ee10c1c43c43b752debce9aaf7641d2402843,fd0b415d4995c8ff6b61d5f15fd84a08191887a08a37ecd0fc53bb9453bf23c6,1.4911989644169807,0.7290480065093572,0.8502847843775427,0.8755085435313262
warm_4N_sixdist_s47_f25_plain_sgd_m09_lr0.01,warm,4N,sixdist,47,25,plain,sgd_m09_lr0.01,sgd,0.01,0.9,300,0.07820169627666473,0.2904549837112427,0.0029296875,0.03667013347148895,671d9c235a45e82f10a2080d990044a21e3007c5a78e0f0f2b29e7fc48d56ef6,fab0f959a2ffb53a8d90027a8b61e89ffb8c10d5749f48c2a774e046e2e4c304,78657abfc982a4955ac630643932c5aedb1057e4e6b598e0248c4305adde284a,671d9c235a45e82f10a2080d990044a21e3007c5a78e0f0f2b29e7fc48d56ef6,d768814e7df81603fe6afb1147835a82ac68debaea572ca9d4e9449ec21befb3,4N_sixdist_s47_f0_lr0.001,ee01fbc675933426777525ad5f35348d48d4428f7ae6aa366bc37156cdd206f3,35af10b4a4b738858787fd458dc2c7bc7095f28866b669f73bc36fcb35db790e,1597,0,2048,5693,1707900,300,ae12d7d2443203214d1a1b6e6c0a259704d5a2a78dd3372c3eba05c56b325c96,3d41204b1e9c664522378aa87f6359809137464d8693f339bb080d14d9c77140,60df0a7db0688df4967c306e4e36304a0f68d000d96b9af922caff79c7ab1fa0,10dfdb81f8d4e94b6c79fe77873ee10c1c43c43b752debce9aaf7641d2402843,fd0b415d4995c8ff6b61d5f15fd84a08191887a08a37ecd0fc53bb9453bf23c6,1.5640789568424225,0.7737998372660699,0.8828315703824248,0.8885272579332791
warm_4N_sixdist_s47_f25_preserve_flip_balanced_lr0.001,warm,4N,sixdist,47,25,preserve_flip_balanced,lr0.001,adam,0.001,,300,0.10630722343921661,0.2904549837112427,0.001953125,0.04361408203840256,671d9c235a45e82f10a2080d990044a21e3007c5a78e0f0f2b29e7fc48d56ef6,fab0f959a2ffb53a8d90027a8b61e89ffb8c10d5749f48c2a774e046e2e4c304,53b70080ae0f5f414bcf6a71a59d1cce774cd8a83866fd0722a12f6f22f54fb4,671d9c235a45e82f10a2080d990044a21e3007c5a78e0f0f2b29e7fc48d56ef6,d768814e7df81603fe6afb1147835a82ac68debaea572ca9d4e9449ec21befb3,4N_sixdist_s47_f0_lr0.001,97c6151de77d4aec4887c60b5f06a738055a14408107997be23fea6b1d9a4abf,601540a34f849fa051e1d70238b396bb7990e0d1c817ccf9dda0fe734e8594a7,798,799,2048,5693,1707900,300,ae12d7d2443203214d1a1b6e6c0a259704d5a2a78dd3372c3eba05c56b325c96,3d41204b1e9c664522378aa87f6359809137464d8693f339bb080d14d9c77140,60df0a7db0688df4967c306e4e36304a0f68d000d96b9af922caff79c7ab1fa0,10dfdb81f8d4e94b6c79fe77873ee10c1c43c43b752debce9aaf7641d2402843,fd0b415d4995c8ff6b61d5f15fd84a08191887a08a37ecd0fc53bb9453bf23c6,1.6459567993879318,0.758340113913751,0.9048006509357202,0.853539462978031
warm_4N_sixdist_s47_f25_preserve_flip_balanced_lr0.003,warm,4N,sixdist,47,25,preserve_flip_balanced,lr0.003,adam,0.003,,300,0.11344176530838013,0.2904549837112427,0.001953125,0.040607601404190063,671d9c235a45e82f10a2080d990044a21e3007c5a78e0f0f2b29e7fc48d56ef6,fab0f959a2ffb53a8d90027a8b61e89ffb8c10d5749f48c2a774e046e2e4c304,a7336327998eeffc90821c2b4d2fa93fe33d3078ac49074bf495e5ebabcf8e50,671d9c235a45e82f10a2080d990044a21e3007c5a78e0f0f2b29e7fc48d56ef6,d768814e7df81603fe6afb1147835a82ac68debaea572ca9d4e9449ec21befb3,4N_sixdist_s47_f0_lr0.001,00e1e89a6d744c4f5d7fecc3b79a2caf2b1d3ebed71e5b1a0f9fdaa1101ffb68,601540a34f849fa051e1d70238b396bb7990e0d1c817ccf9dda0fe734e8594a7,798,799,2048,5693,1707900,300,ae12d7d2443203214d1a1b6e6c0a259704d5a2a78dd3372c3eba05c56b325c96,3d41204b1e9c664522378aa87f6359809137464d8693f339bb080d14d9c77140,60df0a7db0688df4967c306e4e36304a0f68d000d96b9af922caff79c7ab1fa0,10dfdb81f8d4e94b6c79fe77873ee10c1c43c43b752debce9aaf7641d2402843,fd0b415d4995c8ff6b61d5f15fd84a08191887a08a37ecd0fc53bb9453bf23c6,1.647646650671959,0.7428803905614321,0.8974776240846216,0.8445890968266884
warm_4N_sixdist_s47_f25_preserve_flip_balanced_lr0.01,warm,4N,sixdist,47,25,preserve_flip_balanced,lr0.01,adam,0.01,,300,0.10527243465185165,0.2904549837112427,0.00146484375,0.03199869766831398,671d9c235a45e82f10a2080d990044a21e3007c5a78e0f0f2b29e7fc48d56ef6,fab0f959a2ffb53a8d90027a8b61e89ffb8c10d5749f48c2a774e046e2e4c304,1afd6959129ad761e88948a38ef959abd2e8ecf5d2ccacf1d5a7133327399aaa,671d9c235a45e82f10a2080d990044a21e3007c5a78e0f0f2b29e7fc48d56ef6,d768814e7df81603fe6afb1147835a82ac68debaea572ca9d4e9449ec21befb3,4N_sixdist_s47_f0_lr0.001,e33c9b45da4bdbf5039258ce8161bd8a34b81f5119e86e5db450ebb31cf7b1db,601540a34f849fa051e1d70238b396bb7990e0d1c817ccf9dda0fe734e8594a7,798,799,2048,5693,1707900,300,ae12d7d2443203214d1a1b6e6c0a259704d5a2a78dd3372c3eba05c56b325c96,3d41204b1e9c664522378aa87f6359809137464d8693f339bb080d14d9c77140,60df0a7db0688df4967c306e4e36304a0f68d000d96b9af922caff79c7ab1fa0,10dfdb81f8d4e94b6c79fe77873ee10c1c43c43b752debce9aaf7641d2402843,fd0b415d4995c8ff6b61d5f15fd84a08191887a08a37ecd0fc53bb9453bf23c6,1.5790802463889122,0.7363710333604556,0.8917819365337672,0.8437754271765663
warm_4N_sixdist_s47_f25_protection_lr0.001,warm,4N,sixdist,47,25,protection,lr0.001,adam,0.001,,300,0.08480645716190338,0.2904549837112427,0.00390625,0.11307807266712189,671d9c235a45e82f10a2080d990044a21e3007c5a78e0f0f2b29e7fc48d56ef6,fab0f959a2ffb53a8d90027a8b61e89ffb8c10d5749f48c2a774e046e2e4c304,5dc68565b20e614792c5441168d94b89cbe95d97e862dd65a2dc9966371c6f89,671d9c235a45e82f10a2080d990044a21e3007c5a78e0f0f2b29e7fc48d56ef6,d768814e7df81603fe6afb1147835a82ac68debaea572ca9d4e9449ec21befb3,4N_sixdist_s47_f0_lr0.001,260680a4c2928a5a28c427018e2ec85c413e28009ce1aa19fad03d03216de483,35af10b4a4b738858787fd458dc2c7bc7095f28866b669f73bc36fcb35db790e,1597,0,2048,5693,1707900,300,ae12d7d2443203214d1a1b6e6c0a259704d5a2a78dd3372c3eba05c56b325c96,3d41204b1e9c664522378aa87f6359809137464d8693f339bb080d14d9c77140,60df0a7db0688df4967c306e4e36304a0f68d000d96b9af922caff79c7ab1fa0,10dfdb81f8d4e94b6c79fe77873ee10c1c43c43b752debce9aaf7641d2402843,fd0b415d4995c8ff6b61d5f15fd84a08191887a08a37ecd0fc53bb9453bf23c6,1.8872548937797546,0.7445077298616761,0.8746948738812043,0.8689991863303499
warm_4N_sixdist_s47_f25_protection_lr0.003,warm,4N,sixdist,47,25,protection,lr0.003,adam,0.003,,300,0.09792616218328476,0.2904549837112427,0.0029296875,0.08734287321567535,671d9c235a45e82f10a2080d990044a21e3007c5a78e0f0f2b29e7fc48d56ef6,fab0f959a2ffb53a8d90027a8b61e89ffb8c10d5749f48c2a774e046e2e4c304,62f248cdf1dc4ac7d4d64a1ed842cfe4495f7b1c21d209079d27a3418c2511fb,671d9c235a45e82f10a2080d990044a21e3007c5a78e0f0f2b29e7fc48d56ef6,d768814e7df81603fe6afb1147835a82ac68debaea572ca9d4e9449ec21befb3,4N_sixdist_s47_f0_lr0.001,724299274a286af981c626b7ab3a213c6a69af173d768413acdc0f41ed2d52c3,35af10b4a4b738858787fd458dc2c7bc7095f28866b669f73bc36fcb35db790e,1597,0,2048,5693,1707900,300,ae12d7d2443203214d1a1b6e6c0a259704d5a2a78dd3372c3eba05c56b325c96,3d41204b1e9c664522378aa87f6359809137464d8693f339bb080d14d9c77140,60df0a7db0688df4967c306e4e36304a0f68d000d96b9af922caff79c7ab1fa0,10dfdb81f8d4e94b6c79fe77873ee10c1c43c43b752debce9aaf7641d2402843,fd0b415d4995c8ff6b61d5f15fd84a08191887a08a37ecd0fc53bb9453bf23c6,1.9677159190177917,0.7282343368592351,0.8681855166802278,0.8592351505288853
warm_4N_sixdist_s47_f25_protection_lr0.01,warm,4N,sixdist,47,25,protection,lr0.01,adam,0.01,,300,0.06727910041809082,0.2904549837112427,0.00439453125,0.09690719842910767,671d9c235a45e82f10a2080d990044a21e3007c5a78e0f0f2b29e7fc48d56ef6,fab0f959a2ffb53a8d90027a8b61e89ffb8c10d5749f48c2a774e046e2e4c304,b4ed7ea287569b9cae95a5510b0a7f1d88f8396c4dd37b69c07aaeb5d40df8b7,671d9c235a45e82f10a2080d990044a21e3007c5a78e0f0f2b29e7fc48d56ef6,d768814e7df81603fe6afb1147835a82ac68debaea572ca9d4e9449ec21befb3,4N_sixdist_s47_f0_lr0.001,2ba93af44fdda5542e867b0811a7933702d9a934499c6f7e7b729039f0746b24,35af10b4a4b738858787fd458dc2c7bc7095f28866b669f73bc36fcb35db790e,1597,0,2048,5693,1707900,300,ae12d7d2443203214d1a1b6e6c0a259704d5a2a78dd3372c3eba05c56b325c96,3d41204b1e9c664522378aa87f6359809137464d8693f339bb080d14d9c77140,60df0a7db0688df4967c306e4e36304a0f68d000d96b9af922caff79c7ab1fa0,10dfdb81f8d4e94b6c79fe77873ee10c1c43c43b752debce9aaf7641d2402843,fd0b415d4995c8ff6b61d5f15fd84a08191887a08a37ecd0fc53bb9453bf23c6,1.808516576886177,0.7526444263628966,0.8657445077298617,0.8860862489829129
warm_N_raw_s11_f0_hard_replay_lr0.001,warm,N,raw,11,0,hard_replay,lr0.001,adam,0.001,,300,4.776482105255127,2.6492536067962646,0.0,2.7705747925210744e-05,d718a421071195f834710c63e5d38bd10a35da31c12abc5adc0ff3c510fb41d7,a7e31362f94aadffa0d1274137036f73ba8a8695df0f5b08f88bdb1115d1d8dd,3a3e8fa46cdcb6af6e914bc94817615e1643d98d98ad64de53432397089a009b,d718a421071195f834710c63e5d38bd10a35da31c12abc5adc0ff3c510fb41d7,3537d7c4dc01edec71d080cab276639ebab3267d1f4764b066f127f6ce24c0cd,N_raw_s11_f0_lr0.001,d89145b56773c835cd9d7c9d7cca16904fa54733985b5a33a83bf9d6c03aa5bd,790f8caa42139d3f5be041b38cbaaf690c88d1b3e6450af9490fabba88e82596,0,0,512,1024,307200,300,620ea1dc1e443dc6c238317463dc64ab3a9ae05fb592743f3a7d67d7ce17262c,d164ad5aa2ce5cddc59b090809ccdf258a142a0ebe45712102a4c410fef64b5d,82461e4d28691b5a3f76cac317a7bde90a5123c8b0ad8230422abc74e2e16326,10dfdb81f8d4e94b6c79fe77873ee10c1c43c43b752debce9aaf7641d2402843,fd0b415d4995c8ff6b61d5f15fd84a08191887a08a37ecd0fc53bb9453bf23c6,0.8755680248141289,0.08299430431244914,0.6045565500406835,0.45565500406834825
warm_N_raw_s11_f0_hard_replay_lr0.003,warm,N,raw,11,0,hard_replay,lr0.003,adam,0.003,,300,4.865225791931152,2.6492536067962646,0.0,3.253741670050658e-05,d718a421071195f834710c63e5d38bd10a35da31c12abc5adc0ff3c510fb41d7,a7e31362f94aadffa0d1274137036f73ba8a8695df0f5b08f88bdb1115d1d8dd,de1c972c2ac15df40e9fdd98baf2ed33086e9cbd90b2ead80ee0f47e788d4eae,d718a421071195f834710c63e5d38bd10a35da31c12abc5adc0ff3c510fb41d7,3537d7c4dc01edec71d080cab276639ebab3267d1f4764b066f127f6ce24c0cd,N_raw_s11_f0_lr0.001,51515893a87b64be62a04df5a64c4797c04f7250d32dc846d37c1f8de99cc49b,790f8caa42139d3f5be041b38cbaaf690c88d1b3e6450af9490fabba88e82596,0,0,512,1024,307200,300,620ea1dc1e443dc6c238317463dc64ab3a9ae05fb592743f3a7d67d7ce17262c,d164ad5aa2ce5cddc59b090809ccdf258a142a0ebe45712102a4c410fef64b5d,82461e4d28691b5a3f76cac317a7bde90a5123c8b0ad8230422abc74e2e16326,10dfdb81f8d4e94b6c79fe77873ee10c1c43c43b752debce9aaf7641d2402843,fd0b415d4995c8ff6b61d5f15fd84a08191887a08a37ecd0fc53bb9453bf23c6,0.8714998215436935,0.08624898291293735,0.6053702196908055,0.45728234336859236
warm_N_raw_s11_f0_hard_replay_lr0.01,warm,N,raw,11,0,hard_replay,lr0.01,adam,0.01,,300,4.158797740936279,2.6492536067962646,0.0,0.00013930757995694876,d718a421071195f834710c63e5d38bd10a35da31c12abc5adc0ff3c510fb41d7,a7e31362f94aadffa0d1274137036f73ba8a8695df0f5b08f88bdb1115d1d8dd,b196de778e414498a06e3120498b470f78f5d62dc5a930966036b8d4f7effc77,d718a421071195f834710c63e5d38bd10a35da31c12abc5adc0ff3c510fb41d7,3537d7c4dc01edec71d080cab276639ebab3267d1f4764b066f127f6ce24c0cd,N_raw_s11_f0_lr0.001,19539b47a9de444ba63659029ca9de849da7020c9d1903cf0d9c812352430ad4,790f8caa42139d3f5be041b38cbaaf690c88d1b3e6450af9490fabba88e82596,0,0,512,1024,307200,300,620ea1dc1e443dc6c238317463dc64ab3a9ae05fb592743f3a7d67d7ce17262c,d164ad5aa2ce5cddc59b090809ccdf258a142a0ebe45712102a4c410fef64b5d,82461e4d28691b5a3f76cac317a7bde90a5123c8b0ad8230422abc74e2e16326,10dfdb81f8d4e94b6c79fe77873ee10c1c43c43b752debce9aaf7641d2402843,fd0b415d4995c8ff6b61d5f15fd84a08191887a08a37ecd0fc53bb9453bf23c6,0.8169423565268517,0.08787632221318145,0.5996745321399511,0.45890968266883647
warm_N_raw_s11_f0_plain_adam_lr0.0005_steps600,warm,N,raw,11,0,plain,adam_lr0.0005_steps600,adam,0.0005,,600,5.060794830322266,2.6492536067962646,0.0,6.39748441244592e-06,d718a421071195f834710c63e5d38bd10a35da31c12abc5adc0ff3c510fb41d7,a7e31362f94aadffa0d1274137036f73ba8a8695df0f5b08f88bdb1115d1d8dd,af8123ab5b0dc6cb186b0944bdaf43b36c557c8d34885492f8f362770c712272,d718a421071195f834710c63e5d38bd10a35da31c12abc5adc0ff3c510fb41d7,3537d7c4dc01edec71d080cab276639ebab3267d1f4764b066f127f6ce24c0cd,N_raw_s11_f0_lr0.001,be90d19c3b986fb1c3bd4367f496ce295a2d18826a10728f6ae81b9b1fd23cca,790f8caa42139d3f5be041b38cbaaf690c88d1b3e6450af9490fabba88e82596,0,0,512,1024,614400,600,620ea1dc1e443dc6c238317463dc64ab3a9ae05fb592743f3a7d67d7ce17262c,d164ad5aa2ce5cddc59b090809ccdf258a142a0ebe45712102a4c410fef64b5d,82461e4d28691b5a3f76cac317a7bde90a5123c8b0ad8230422abc74e2e16326,10dfdb81f8d4e94b6c79fe77873ee10c1c43c43b752debce9aaf7641d2402843,fd0b415d4995c8ff6b61d5f15fd84a08191887a08a37ecd0fc53bb9453bf23c6,1.3500078618526459,0.0838079739625712,0.6037428803905615,0.45728234336859236
warm_N_raw_s11_f0_plain_lr0.001,warm,N,raw,11,0,plain,lr0.001,adam,0.001,,300,4.778354644775391,2.6492536067962646,0.0,1.3784334441879764e-05,d718a421071195f834710c63e5d38bd10a35da31c12abc5adc0ff3c510fb41d7,a7e31362f94aadffa0d1274137036f73ba8a8695df0f5b08f88bdb1115d1d8dd,1a83d3f0408081f9b99b1b92980408c3960f7bce47f732bb6a84e1ecf97fb234,d718a421071195f834710c63e5d38bd10a35da31c12abc5adc0ff3c510fb41d7,3537d7c4dc01edec71d080cab276639ebab3267d1f4764b066f127f6ce24c0cd,N_raw_s11_f0_lr0.001,2a675a9e1a4dc0cd1a32e104934a420c6b8a48737274347c419b10929e1ad5da,790f8caa42139d3f5be041b38cbaaf690c88d1b3e6450af9490fabba88e82596,0,0,512,1024,307200,300,620ea1dc1e443dc6c238317463dc64ab3a9ae05fb592743f3a7d67d7ce17262c,d164ad5aa2ce5cddc59b090809ccdf258a142a0ebe45712102a4c410fef64b5d,82461e4d28691b5a3f76cac317a7bde90a5123c8b0ad8230422abc74e2e16326,10dfdb81f8d4e94b6c79fe77873ee10c1c43c43b752debce9aaf7641d2402843,fd0b415d4995c8ff6b61d5f15fd84a08191887a08a37ecd0fc53bb9453bf23c6,0.7389882132411003,0.08299430431244914,0.6045565500406835,0.45565500406834825
warm_N_raw_s11_f0_plain_lr0.003,warm,N,raw,11,0,plain,lr0.003,adam,0.003,,300,4.869991302490234,2.6492536067962646,0.0,1.6098034393507987e-05,d718a421071195f834710c63e5d38bd10a35da31c12abc5adc0ff3c510fb41d7,a7e31362f94aadffa0d1274137036f73ba8a8695df0f5b08f88bdb1115d1d8dd,b6197b55c2b3b920b111130bbe5fb1b12bbb109ea6a691ee517ff9aa30597430,d718a421071195f834710c63e5d38bd10a35da31c12abc5adc0ff3c510fb41d7,3537d7c4dc01edec71d080cab276639ebab3267d1f4764b066f127f6ce24c0cd,N_raw_s11_f0_lr0.001,7010be5a1f6ae2025562cfd8b0b1eb486caba4c8a27a437b621a9512d5f5b938,790f8caa42139d3f5be041b38cbaaf690c88d1b3e6450af9490fabba88e82596,0,0,512,1024,307200,300,620ea1dc1e443dc6c238317463dc64ab3a9ae05fb592743f3a7d67d7ce17262c,d164ad5aa2ce5cddc59b090809ccdf258a142a0ebe45712102a4c410fef64b5d,82461e4d28691b5a3f76cac317a7bde90a5123c8b0ad8230422abc74e2e16326,10dfdb81f8d4e94b6c79fe77873ee10c1c43c43b752debce9aaf7641d2402843,fd0b415d4995c8ff6b61d5f15fd84a08191887a08a37ecd0fc53bb9453bf23c6,0.7586686313152313,0.08624898291293735,0.6053702196908055,0.45728234336859236
warm_N_raw_s11_f0_plain_lr0.01,warm,N,raw,11,0,plain,lr0.01,adam,0.01,,300,4.157771110534668,2.6492536067962646,0.0,6.941051105968654e-05,d718a421071195f834710c63e5d38bd10a35da31c12abc5adc0ff3c510fb41d7,a7e31362f94aadffa0d1274137036f73ba8a8695df0f5b08f88bdb1115d1d8dd,44a7685095146075f4d2a11822c5a0960e70e8671a3f512a97edd63b65c6d569,d718a421071195f834710c63e5d38bd10a35da31c12abc5adc0ff3c510fb41d7,3537d7c4dc01edec71d080cab276639ebab3267d1f4764b066f127f6ce24c0cd,N_raw_s11_f0_lr0.001,f4d51e874abcc1d7e56c180fdffa7e9204342e774e824b7ca6293fa3b00d6819,790f8caa42139d3f5be041b38cbaaf690c88d1b3e6450af9490fabba88e82596,0,0,512,1024,307200,300,620ea1dc1e443dc6c238317463dc64ab3a9ae05fb592743f3a7d67d7ce17262c,d164ad5aa2ce5cddc59b090809ccdf258a142a0ebe45712102a4c410fef64b5d,82461e4d28691b5a3f76cac317a7bde90a5123c8b0ad8230422abc74e2e16326,10dfdb81f8d4e94b6c79fe77873ee10c1c43c43b752debce9aaf7641d2402843,fd0b415d4995c8ff6b61d5f15fd84a08191887a08a37ecd0fc53bb9453bf23c6,1.8239613696932793,0.0870626525630594,0.5988608624898292,0.4597233523189585
warm_N_raw_s11_f0_plain_sgd_m09_lr0.003,warm,N,raw,11,0,plain,sgd_m09_lr0.003,sgd,0.003,0.9,300,2.7484312057495117,2.6492536067962646,0.0,0.0015247814590111375,d718a421071195f834710c63e5d38bd10a35da31c12abc5adc0ff3c510fb41d7,a7e31362f94aadffa0d1274137036f73ba8a8695df0f5b08f88bdb1115d1d8dd,4a1bfd0b8afdfcf22ef815cde055a6843b7b14bef4d70167c4c301e608deb80f,d718a421071195f834710c63e5d38bd10a35da31c12abc5adc0ff3c510fb41d7,3537d7c4dc01edec71d080cab276639ebab3267d1f4764b066f127f6ce24c0cd,N_raw_s11_f0_lr0.001,82ce15e560b22eb73a9b758961c0ea5deee77628ba24b827eabe057bcd93a23e,790f8caa42139d3f5be041b38cbaaf690c88d1b3e6450af9490fabba88e82596,0,0,512,1024,307200,300,620ea1dc1e443dc6c238317463dc64ab3a9ae05fb592743f3a7d67d7ce17262c,d164ad5aa2ce5cddc59b090809ccdf258a142a0ebe45712102a4c410fef64b5d,82461e4d28691b5a3f76cac317a7bde90a5123c8b0ad8230422abc74e2e16326,10dfdb81f8d4e94b6c79fe77873ee10c1c43c43b752debce9aaf7641d2402843,fd0b415d4995c8ff6b61d5f15fd84a08191887a08a37ecd0fc53bb9453bf23c6,0.5761235058307648,0.0821806346623271,0.6078112286411717,0.4483319772172498
warm_N_raw_s11_f0_plain_sgd_m09_lr0.01,warm,N,raw,11,0,plain,sgd_m09_lr0.01,sgd,0.01,0.9,300,2.92520809173584,2.6492536067962646,0.0,0.0010448158718645573,d718a421071195f834710c63e5d38bd10a35da31c12abc5adc0ff3c510fb41d7,a7e31362f94aadffa0d1274137036f73ba8a8695df0f5b08f88bdb1115d1d8dd,7eb076d2735c13b06503f0b2444a0898115c6a665d40d1ea51dbd59fe2d20b9f,d718a421071195f834710c63e5d38bd10a35da31c12abc5adc0ff3c510fb41d7,3537d7c4dc01edec71d080cab276639ebab3267d1f4764b066f127f6ce24c0cd,N_raw_s11_f0_lr0.001,afc4f33d3b5e36f0b447def70d3d924fa8305c956cb1ee50e4c90c5ab4ede240,790f8caa42139d3f5be041b38cbaaf690c88d1b3e6450af9490fabba88e82596,0,0,512,1024,307200,300,620ea1dc1e443dc6c238317463dc64ab3a9ae05fb592743f3a7d67d7ce17262c,d164ad5aa2ce5cddc59b090809ccdf258a142a0ebe45712102a4c410fef64b5d,82461e4d28691b5a3f76cac317a7bde90a5123c8b0ad8230422abc74e2e16326,10dfdb81f8d4e94b6c79fe77873ee10c1c43c43b752debce9aaf7641d2402843,fd0b415d4995c8ff6b61d5f15fd84a08191887a08a37ecd0fc53bb9453bf23c6,0.5465686023235321,0.07892595606183889,0.6061838893409276,0.44751830756712774
warm_N_raw_s11_f0_preserve_flip_balanced_lr0.001,warm,N,raw,11,0,preserve_flip_balanced,lr0.001,adam,0.001,,300,4.778354644775391,2.6492536067962646,0.0,1.3784334441879764e-05,d718a421071195f834710c63e5d38bd10a35da31c12abc5adc0ff3c510fb41d7,a7e31362f94aadffa0d1274137036f73ba8a8695df0f5b08f88bdb1115d1d8dd,1a83d3f0408081f9b99b1b92980408c3960f7bce47f732bb6a84e1ecf97fb234,d718a421071195f834710c63e5d38bd10a35da31c12abc5adc0ff3c510fb41d7,3537d7c4dc01edec71d080cab276639ebab3267d1f4764b066f127f6ce24c0cd,N_raw_s11_f0_lr0.001,8130ac3a6d74bd17db7188568b4ed41d4cf19facf0af68e78c725896aea7ea6e,790f8caa42139d3f5be041b38cbaaf690c88d1b3e6450af9490fabba88e82596,0,0,512,1024,307200,300,620ea1dc1e443dc6c238317463dc64ab3a9ae05fb592743f3a7d67d7ce17262c,d164ad5aa2ce5cddc59b090809ccdf258a142a0ebe45712102a4c410fef64b5d,82461e4d28691b5a3f76cac317a7bde90a5123c8b0ad8230422abc74e2e16326,10dfdb81f8d4e94b6c79fe77873ee10c1c43c43b752debce9aaf7641d2402843,fd0b415d4995c8ff6b61d5f15fd84a08191887a08a37ecd0fc53bb9453bf23c6,0.8721772506833076,0.08299430431244914,0.6045565500406835,0.45565500406834825
warm_N_raw_s11_f0_preserve_flip_balanced_lr0.003,warm,N,raw,11,0,preserve_flip_balanced,lr0.003,adam,0.003,,300,4.869991302490234,2.6492536067962646,0.0,1.6098034393507987e-05,d718a421071195f834710c63e5d38bd10a35da31c12abc5adc0ff3c510fb41d7,a7e31362f94aadffa0d1274137036f73ba8a8695df0f5b08f88bdb1115d1d8dd,b6197b55c2b3b920b111130bbe5fb1b12bbb109ea6a691ee517ff9aa30597430,d718a421071195f834710c63e5d38bd10a35da31c12abc5adc0ff3c510fb41d7,3537d7c4dc01edec71d080cab276639ebab3267d1f4764b066f127f6ce24c0cd,N_raw_s11_f0_lr0.001,8b64ddf7bd77e58cec7c718ac56526414c350e04c854d38fb65fec51e49da889,790f8caa42139d3f5be041b38cbaaf690c88d1b3e6450af9490fabba88e82596,0,0,512,1024,307200,300,620ea1dc1e443dc6c238317463dc64ab3a9ae05fb592743f3a7d67d7ce17262c,d164ad5aa2ce5cddc59b090809ccdf258a142a0ebe45712102a4c410fef64b5d,82461e4d28691b5a3f76cac317a7bde90a5123c8b0ad8230422abc74e2e16326,10dfdb81f8d4e94b6c79fe77873ee10c1c43c43b752debce9aaf7641d2402843,fd0b415d4995c8ff6b61d5f15fd84a08191887a08a37ecd0fc53bb9453bf23c6,0.8704518601298332,0.08624898291293735,0.6053702196908055,0.45728234336859236
warm_N_raw_s11_f0_preserve_flip_balanced_lr0.01,warm,N,raw,11,0,preserve_flip_balanced,lr0.01,adam,0.01,,300,4.157771110534668,2.6492536067962646,0.0,6.941051105968654e-05,d718a421071195f834710c63e5d38bd10a35da31c12abc5adc0ff3c510fb41d7,a7e31362f94aadffa0d1274137036f73ba8a8695df0f5b08f88bdb1115d1d8dd,44a7685095146075f4d2a11822c5a0960e70e8671a3f512a97edd63b65c6d569,d718a421071195f834710c63e5d38bd10a35da31c12abc5adc0ff3c510fb41d7,3537d7c4dc01edec71d080cab276639ebab3267d1f4764b066f127f6ce24c0cd,N_raw_s11_f0_lr0.001,4d382f2dc38fd43e7b3132726b4ddec2d4b3c0ddea9d798944d1cc4fc158e8ae,790f8caa42139d3f5be041b38cbaaf690c88d1b3e6450af9490fabba88e82596,0,0,512,1024,307200,300,620ea1dc1e443dc6c238317463dc64ab3a9ae05fb592743f3a7d67d7ce17262c,d164ad5aa2ce5cddc59b090809ccdf258a142a0ebe45712102a4c410fef64b5d,82461e4d28691b5a3f76cac317a7bde90a5123c8b0ad8230422abc74e2e16326,10dfdb81f8d4e94b6c79fe77873ee10c1c43c43b752debce9aaf7641d2402843,fd0b415d4995c8ff6b61d5f15fd84a08191887a08a37ecd0fc53bb9453bf23c6,0.8704436644911766,0.0870626525630594,0.5988608624898292,0.4597233523189585
warm_N_raw_s11_f0_protection_lr0.001,warm,N,raw,11,0,protection,lr0.001,adam,0.001,,300,2.941274881362915,2.6492536067962646,0.0,0.012473254464566708,d718a421071195f834710c63e5d38bd10a35da31c12abc5adc0ff3c510fb41d7,a7e31362f94aadffa0d1274137036f73ba8a8695df0f5b08f88bdb1115d1d8dd,aac7d54bae0e53bb9668a578eed8aea710937dcc71e20bf449d8f9668c5403c5,d718a421071195f834710c63e5d38bd10a35da31c12abc5adc0ff3c510fb41d7,3537d7c4dc01edec71d080cab276639ebab3267d1f4764b066f127f6ce24c0cd,N_raw_s11_f0_lr0.001,c166c64d84eb2d8b3fdf8fe7714ca2c699b205dcfa5d96be67fb59875d1b0037,790f8caa42139d3f5be041b38cbaaf690c88d1b3e6450af9490fabba88e82596,0,0,512,1024,307200,300,620ea1dc1e443dc6c238317463dc64ab3a9ae05fb592743f3a7d67d7ce17262c,d164ad5aa2ce5cddc59b090809ccdf258a142a0ebe45712102a4c410fef64b5d,82461e4d28691b5a3f76cac317a7bde90a5123c8b0ad8230422abc74e2e16326,10dfdb81f8d4e94b6c79fe77873ee10c1c43c43b752debce9aaf7641d2402843,fd0b415d4995c8ff6b61d5f15fd84a08191887a08a37ecd0fc53bb9453bf23c6,0.8704884424805641,0.080553295362083,0.6053702196908055,0.4483319772172498
warm_N_raw_s11_f0_protection_lr0.003,warm,N,raw,11,0,protection,lr0.003,adam,0.003,,300,2.974649667739868,2.6492536067962646,0.0,0.012475481256842613,d718a421071195f834710c63e5d38bd10a35da31c12abc5adc0ff3c510fb41d7,a7e31362f94aadffa0d1274137036f73ba8a8695df0f5b08f88bdb1115d1d8dd,9d660a0088d415bb38a007b60d3bc61edc0e2a6406478e90fab6a73b90b1dd89,d718a421071195f834710c63e5d38bd10a35da31c12abc5adc0ff3c510fb41d7,3537d7c4dc01edec71d080cab276639ebab3267d1f4764b066f127f6ce24c0cd,N_raw_s11_f0_lr0.001,f0f9481c022ee404cbd810b4b96debabf7310794b26f5c7f8a8ff9ad678ad89f,790f8caa42139d3f5be041b38cbaaf690c88d1b3e6450af9490fabba88e82596,0,0,512,1024,307200,300,620ea1dc1e443dc6c238317463dc64ab3a9ae05fb592743f3a7d67d7ce17262c,d164ad5aa2ce5cddc59b090809ccdf258a142a0ebe45712102a4c410fef64b5d,82461e4d28691b5a3f76cac317a7bde90a5123c8b0ad8230422abc74e2e16326,10dfdb81f8d4e94b6c79fe77873ee10c1c43c43b752debce9aaf7641d2402843,fd0b415d4995c8ff6b61d5f15fd84a08191887a08a37ecd0fc53bb9453bf23c6,0.8887290880084038,0.0821806346623271,0.6045565500406835,0.4548413344182262
warm_N_raw_s11_f0_protection_lr0.01,warm,N,raw,11,0,protection,lr0.01,adam,0.01,,300,2.8855183124542236,2.6492536067962646,0.0,0.012515269219875336,d718a421071195f834710c63e5d38bd10a35da31c12abc5adc0ff3c510fb41d7,a7e31362f94aadffa0d1274137036f73ba8a8695df0f5b08f88bdb1115d1d8dd,608be31e11a456c2a79ecc7cd4cc3438c405d833a5915c7f8fef1aef464e81f6,d718a421071195f834710c63e5d38bd10a35da31c12abc5adc0ff3c510fb41d7,3537d7c4dc01edec71d080cab276639ebab3267d1f4764b066f127f6ce24c0cd,N_raw_s11_f0_lr0.001,9f207c9b85eb53b2b6cee339d6bd6924876230e44779bbb552a19e78e208e9e9,790f8caa42139d3f5be041b38cbaaf690c88d1b3e6450af9490fabba88e82596,0,0,512,1024,307200,300,620ea1dc1e443dc6c238317463dc64ab3a9ae05fb592743f3a7d67d7ce17262c,d164ad5aa2ce5cddc59b090809ccdf258a142a0ebe45712102a4c410fef64b5d,82461e4d28691b5a3f76cac317a7bde90a5123c8b0ad8230422abc74e2e16326,10dfdb81f8d4e94b6c79fe77873ee10c1c43c43b752debce9aaf7641d2402843,fd0b415d4995c8ff6b61d5f15fd84a08191887a08a37ecd0fc53bb9453bf23c6,0.8538983389735222,0.08136696501220504,0.5996745321399511,0.45565500406834825
warm_N_raw_s11_f100_hard_replay_lr0.001,warm,N,raw,11,100,hard_replay,lr0.001,adam,0.001,,300,0.9282664656639099,2.6492536067962646,0.03125,0.6737553477287292,d718a421071195f834710c63e5d38bd10a35da31c12abc5adc0ff3c510fb41d7,a7e31362f94aadffa0d1274137036f73ba8a8695df0f5b08f88bdb1115d1d8dd,e9307623d355135223c961bede75b7972719bc6cdc5fea7d3eea594e7395ff6b,d718a421071195f834710c63e5d38bd10a35da31c12abc5adc0ff3c510fb41d7,3537d7c4dc01edec71d080cab276639ebab3267d1f4764b066f127f6ce24c0cd,N_raw_s11_f0_lr0.001,210986b9c58a00405479d13d6fb4200ef3dd4117d7c68df0793f07efd99927b7,14b2df168c379b62fb0477d35a6c4addcf05a99e9750f16ad27faf739e7920fd,1534,0,512,2558,767400,300,620ea1dc1e443dc6c238317463dc64ab3a9ae05fb592743f3a7d67d7ce17262c,d164ad5aa2ce5cddc59b090809ccdf258a142a0ebe45712102a4c410fef64b5d,82461e4d28691b5a3f76cac317a7bde90a5123c8b0ad8230422abc74e2e16326,10dfdb81f8d4e94b6c79fe77873ee10c1c43c43b752debce9aaf7641d2402843,fd0b415d4995c8ff6b61d5f15fd84a08191887a08a37ecd0fc53bb9453bf23c6,0.9644224047660828,0.12123677786818551,0.5337672904800651,0.5606183889340928
warm_N_raw_s11_f100_hard_replay_lr0.003,warm,N,raw,11,100,hard_replay,lr0.003,adam,0.003,,300,1.4742707014083862,2.6492536067962646,0.001953125,0.3143662214279175,d718a421071195f834710c63e5d38bd10a35da31c12abc5adc0ff3c510fb41d7,a7e31362f94aadffa0d1274137036f73ba8a8695df0f5b08f88bdb1115d1d8dd,5321892195ed7ed5e206960f69416b6d65aca17512fd30996cab8b7dda1f4195,d718a421071195f834710c63e5d38bd10a35da31c12abc5adc0ff3c510fb41d7,3537d7c4dc01edec71d080cab276639ebab3267d1f4764b066f127f6ce24c0cd,N_raw_s11_f0_lr0.001,6ff8c1522ff1a2b31fa3e954613f462947ded8b48dc039da0795413beb4ec3ad,14b2df168c379b62fb0477d35a6c4addcf05a99e9750f16ad27faf739e7920fd,1534,0,512,2558,767400,300,620ea1dc1e443dc6c238317463dc64ab3a9ae05fb592743f3a7d67d7ce17262c,d164ad5aa2ce5cddc59b090809ccdf258a142a0ebe45712102a4c410fef64b5d,82461e4d28691b5a3f76cac317a7bde90a5123c8b0ad8230422abc74e2e16326,10dfdb81f8d4e94b6c79fe77873ee10c1c43c43b752debce9aaf7641d2402843,fd0b415d4995c8ff6b61d5f15fd84a08191887a08a37ecd0fc53bb9453bf23c6,0.9714889228343964,0.13506916192026036,0.5435313262815297,0.5687550854353133
warm_N_raw_s11_f100_hard_replay_lr0.01,warm,N,raw,11,100,hard_replay,lr0.01,adam,0.01,,300,1.706559658050537,2.6492536067962646,0.0,0.18488819897174835,d718a421071195f834710c63e5d38bd10a35da31c12abc5adc0ff3c510fb41d7,a7e31362f94aadffa0d1274137036f73ba8a8695df0f5b08f88bdb1115d1d8dd,3f989c17a419aee55be0ea5b379b97645fd4be07f786f92f033284f55307eecc,d718a421071195f834710c63e5d38bd10a35da31c12abc5adc0ff3c510fb41d7,3537d7c4dc01edec71d080cab276639ebab3267d1f4764b066f127f6ce24c0cd,N_raw_s11_f0_lr0.001,78de8c720086991b1caebbf72e5c19fd9aa29a310ca3d3c379a5b46e209381c0,14b2df168c379b62fb0477d35a6c4addcf05a99e9750f16ad27faf739e7920fd,1534,0,512,2558,767400,300,620ea1dc1e443dc6c238317463dc64ab3a9ae05fb592743f3a7d67d7ce17262c,d164ad5aa2ce5cddc59b090809ccdf258a142a0ebe45712102a4c410fef64b5d,82461e4d28691b5a3f76cac317a7bde90a5123c8b0ad8230422abc74e2e16326,10dfdb81f8d4e94b6c79fe77873ee10c1c43c43b752debce9aaf7641d2402843,fd0b415d4995c8ff6b61d5f15fd84a08191887a08a37ecd0fc53bb9453bf23c6,0.9496918320655823,0.16029292107404394,0.54759967453214,0.5915378356387306
warm_N_raw_s11_f100_plain_adam_lr0.0005_steps600,warm,N,raw,11,100,plain,adam_lr0.0005_steps600,adam,0.0005,,600,0.8582057952880859,2.6492536067962646,0.08984375,0.5071474313735962,d718a421071195f834710c63e5d38bd10a35da31c12abc5adc0ff3c510fb41d7,a7e31362f94aadffa0d1274137036f73ba8a8695df0f5b08f88bdb1115d1d8dd,6c5f630656b59bc33a98f3746cc3aa6a85d9c00bb8b5b82cad9f81b9e77d5764,d718a421071195f834710c63e5d38bd10a35da31c12abc5adc0ff3c510fb41d7,3537d7c4dc01edec71d080cab276639ebab3267d1f4764b066f127f6ce24c0cd,N_raw_s11_f0_lr0.001,228901d46e51091e8a57f6ad4e1820d72705ad7528c0c8c7a29df478a1216f17,14b2df168c379b62fb0477d35a6c4addcf05a99e9750f16ad27faf739e7920fd,1534,0,512,2558,1534800,600,620ea1dc1e443dc6c238317463dc64ab3a9ae05fb592743f3a7d67d7ce17262c,d164ad5aa2ce5cddc59b090809ccdf258a142a0ebe45712102a4c410fef64b5d,82461e4d28691b5a3f76cac317a7bde90a5123c8b0ad8230422abc74e2e16326,10dfdb81f8d4e94b6c79fe77873ee10c1c43c43b752debce9aaf7641d2402843,fd0b415d4995c8ff6b61d5f15fd84a08191887a08a37ecd0fc53bb9453bf23c6,1.8868566751480103,0.13751017087062653,0.532139951179821,0.5834011391375101
warm_N_raw_s11_f100_plain_lr0.001,warm,N,raw,11,100,plain,lr0.001,adam,0.001,,300,0.8135860562324524,2.6492536067962646,0.09375,0.5533972382545471,d718a421071195f834710c63e5d38bd10a35da31c12abc5adc0ff3c510fb41d7,a7e31362f94aadffa0d1274137036f73ba8a8695df0f5b08f88bdb1115d1d8dd,55b3894527c4f9a6929471f262773836390c930d57babfea97f0b099e850c80a,d718a421071195f834710c63e5d38bd10a35da31c12abc5adc0ff3c510fb41d7,3537d7c4dc01edec71d080cab276639ebab3267d1f4764b066f127f6ce24c0cd,N_raw_s11_f0_lr0.001,c50e95b1de9e3e42a12ac8d1db33f1270449bc8e3bc2b62fb917419a9b09ca04,14b2df168c379b62fb0477d35a6c4addcf05a99e9750f16ad27faf739e7920fd,1534,0,512,2558,767400,300,620ea1dc1e443dc6c238317463dc64ab3a9ae05fb592743f3a7d67d7ce17262c,d164ad5aa2ce5cddc59b090809ccdf258a142a0ebe45712102a4c410fef64b5d,82461e4d28691b5a3f76cac317a7bde90a5123c8b0ad8230422abc74e2e16326,10dfdb81f8d4e94b6c79fe77873ee10c1c43c43b752debce9aaf7641d2402843,fd0b415d4995c8ff6b61d5f15fd84a08191887a08a37ecd0fc53bb9453bf23c6,0.9468509778380394,0.12693246541903988,0.5183075671277462,0.5858421480878763
warm_N_raw_s11_f100_plain_lr0.003,warm,N,raw,11,100,plain,lr0.003,adam,0.003,,300,1.1976146697998047,2.6492536067962646,0.05078125,0.3073359727859497,d718a421071195f834710c63e5d38bd10a35da31c12abc5adc0ff3c510fb41d7,a7e31362f94aadffa0d1274137036f73ba8a8695df0f5b08f88bdb1115d1d8dd,5a62fe09244f06c4baeffaf7539f014fd0f954719d100efb18417355a2958b9b,d718a421071195f834710c63e5d38bd10a35da31c12abc5adc0ff3c510fb41d7,3537d7c4dc01edec71d080cab276639ebab3267d1f4764b066f127f6ce24c0cd,N_raw_s11_f0_lr0.001,c9638136c29f42b9ae05603d3819648eb8c3aa3a50f88209e3544f02a30cea04,14b2df168c379b62fb0477d35a6c4addcf05a99e9750f16ad27faf739e7920fd,1534,0,512,2558,767400,300,620ea1dc1e443dc6c238317463dc64ab3a9ae05fb592743f3a7d67d7ce17262c,d164ad5aa2ce5cddc59b090809ccdf258a142a0ebe45712102a4c410fef64b5d,82461e4d28691b5a3f76cac317a7bde90a5123c8b0ad8230422abc74e2e16326,10dfdb81f8d4e94b6c79fe77873ee10c1c43c43b752debce9aaf7641d2402843,fd0b415d4995c8ff6b61d5f15fd84a08191887a08a37ecd0fc53bb9453bf23c6,1.0356029570102692,0.14727420667209112,0.5386493083807974,0.5890968266883645
warm_N_raw_s11_f100_plain_lr0.01,warm,N,raw,11,100,plain,lr0.01,adam,0.01,,300,1.8996543884277344,2.6492536067962646,0.0078125,0.17480877041816711,d718a421071195f834710c63e5d38bd10a35da31c12abc5adc0ff3c510fb41d7,a7e31362f94aadffa0d1274137036f73ba8a8695df0f5b08f88bdb1115d1d8dd,8c580090a89b798f602633ded8620fed399e8fe499a862c434846f2ecaa035bf,d718a421071195f834710c63e5d38bd10a35da31c12abc5adc0ff3c510fb41d7,3537d7c4dc01edec71d080cab276639ebab3267d1f4764b066f127f6ce24c0cd,N_raw_s11_f0_lr0.001,79c6c2f714f00a46bb2eaadc71b7bd16877e2f560a5c525399d508c01507d9fd,14b2df168c379b62fb0477d35a6c4addcf05a99e9750f16ad27faf739e7920fd,1534,0,512,2558,767400,300,620ea1dc1e443dc6c238317463dc64ab3a9ae05fb592743f3a7d67d7ce17262c,d164ad5aa2ce5cddc59b090809ccdf258a142a0ebe45712102a4c410fef64b5d,82461e4d28691b5a3f76cac317a7bde90a5123c8b0ad8230422abc74e2e16326,10dfdb81f8d4e94b6c79fe77873ee10c1c43c43b752debce9aaf7641d2402843,fd0b415d4995c8ff6b61d5f15fd84a08191887a08a37ecd0fc53bb9453bf23c6,1.0732245370745659,0.15459723352318958,0.5817737998372661,0.5508543531326282
warm_N_raw_s11_f100_plain_sgd_m09_lr0.003,warm,N,raw,11,100,plain,sgd_m09_lr0.003,sgd,0.003,0.9,300,0.8901171088218689,2.6492536067962646,0.109375,0.5616902112960815,d718a421071195f834710c63e5d38bd10a35da31c12abc5adc0ff3c510fb41d7,a7e31362f94aadffa0d1274137036f73ba8a8695df0f5b08f88bdb1115d1d8dd,9d0c51ffeaf5b5c58290d8e6c9838ce6fb2f2ff42847f0962927b58644da48b3,d718a421071195f834710c63e5d38bd10a35da31c12abc5adc0ff3c510fb41d7,3537d7c4dc01edec71d080cab276639ebab3267d1f4764b066f127f6ce24c0cd,N_raw_s11_f0_lr0.001,ac5379ca698d00fd4007b86aeb0d389db1f63eba4cb804a0aad4863c6c5c80e9,14b2df168c379b62fb0477d35a6c4addcf05a99e9750f16ad27faf739e7920fd,1534,0,512,2558,767400,300,620ea1dc1e443dc6c238317463dc64ab3a9ae05fb592743f3a7d67d7ce17262c,d164ad5aa2ce5cddc59b090809ccdf258a142a0ebe45712102a4c410fef64b5d,82461e4d28691b5a3f76cac317a7bde90a5123c8b0ad8230422abc74e2e16326,10dfdb81f8d4e94b6c79fe77873ee10c1c43c43b752debce9aaf7641d2402843,fd0b415d4995c8ff6b61d5f15fd84a08191887a08a37ecd0fc53bb9453bf23c6,0.8125448003411293,0.1114727420667209,0.5215622457282343,0.5679414157851912
warm_N_raw_s11_f100_plain_sgd_m09_lr0.01,warm,N,raw,11,100,plain,sgd_m09_lr0.01,sgd,0.01,0.9,300,1.4789317846298218,2.6492536067962646,0.029296875,0.23855242133140564,d718a421071195f834710c63e5d38bd10a35da31c12abc5adc0ff3c510fb41d7,a7e31362f94aadffa0d1274137036f73ba8a8695df0f5b08f88bdb1115d1d8dd,4ac372ecae1f0d729235a1c63aa78ee466b81349284561d686ee0d713d0708b1,d718a421071195f834710c63e5d38bd10a35da31c12abc5adc0ff3c510fb41d7,3537d7c4dc01edec71d080cab276639ebab3267d1f4764b066f127f6ce24c0cd,N_raw_s11_f0_lr0.001,cf8ace7c25e2f03f8a2c096072d68b9259d0037dce4e7eaa0b6904281cf465ce,14b2df168c379b62fb0477d35a6c4addcf05a99e9750f16ad27faf739e7920fd,1534,0,512,2558,767400,300,620ea1dc1e443dc6c238317463dc64ab3a9ae05fb592743f3a7d67d7ce17262c,d164ad5aa2ce5cddc59b090809ccdf258a142a0ebe45712102a4c410fef64b5d,82461e4d28691b5a3f76cac317a7bde90a5123c8b0ad8230422abc74e2e16326,10dfdb81f8d4e94b6c79fe77873ee10c1c43c43b752debce9aaf7641d2402843,fd0b415d4995c8ff6b61d5f15fd84a08191887a08a37ecd0fc53bb9453bf23c6,0.8491635620594025,0.12530512611879577,0.5500406834825061,0.5532953620829943
warm_N_raw_s11_f100_preserve_flip_balanced_lr0.001,warm,N,raw,11,100,preserve_flip_balanced,lr0.001,adam,0.001,,300,1.09727144241333,2.6492536067962646,0.005859375,0.3843522369861603,d718a421071195f834710c63e5d38bd10a35da31c12abc5adc0ff3c510fb41d7,a7e31362f94aadffa0d1274137036f73ba8a8695df0f5b08f88bdb1115d1d8dd,0169db70735d0e3a44ae0a70d4a1c8662fba71c4ce552a54b1974fa06238934e,d718a421071195f834710c63e5d38bd10a35da31c12abc5adc0ff3c510fb41d7,3537d7c4dc01edec71d080cab276639ebab3267d1f4764b066f127f6ce24c0cd,N_raw_s11_f0_lr0.001,3787b54a7b1a9073118d2aafb18d843124ed3ce24df4e217302af3cd97f04f21,09e4eedef81ff909cabe840cbfe2b7a8acee1aad9bb65f17bb228a01826e2867,767,767,512,2558,767400,300,620ea1dc1e443dc6c238317463dc64ab3a9ae05fb592743f3a7d67d7ce17262c,d164ad5aa2ce5cddc59b090809ccdf258a142a0ebe45712102a4c410fef64b5d,82461e4d28691b5a3f76cac317a7bde90a5123c8b0ad8230422abc74e2e16326,10dfdb81f8d4e94b6c79fe77873ee10c1c43c43b752debce9aaf7641d2402843,fd0b415d4995c8ff6b61d5f15fd84a08191887a08a37ecd0fc53bb9453bf23c6,1.029511958360672,0.12530512611879577,0.5744507729861676,0.5248169243287225
warm_N_raw_s11_f100_preserve_flip_balanced_lr0.003,warm,N,raw,11,100,preserve_flip_balanced,lr0.003,adam,0.003,,300,1.8375622034072876,2.6492536067962646,0.001953125,0.13720715045928955,d718a421071195f834710c63e5d38bd10a35da31c12abc5adc0ff3c510fb41d7,a7e31362f94aadffa0d1274137036f73ba8a8695df0f5b08f88bdb1115d1d8dd,936eb910a8429360d74be77ec3484414f62c409c34a8a754eeaf3321c4c28c7b,d718a421071195f834710c63e5d38bd10a35da31c12abc5adc0ff3c510fb41d7,3537d7c4dc01edec71d080cab276639ebab3267d1f4764b066f127f6ce24c0cd,N_raw_s11_f0_lr0.001,9e1705fe552d1d1a2a7a57b45ad2569ca68862ff369041b6f697f8298ad719b9,09e4eedef81ff909cabe840cbfe2b7a8acee1aad9bb65f17bb228a01826e2867,767,767,512,2558,767400,300,620ea1dc1e443dc6c238317463dc64ab3a9ae05fb592743f3a7d67d7ce17262c,d164ad5aa2ce5cddc59b090809ccdf258a142a0ebe45712102a4c410fef64b5d,82461e4d28691b5a3f76cac317a7bde90a5123c8b0ad8230422abc74e2e16326,10dfdb81f8d4e94b6c79fe77873ee10c1c43c43b752debce9aaf7641d2402843,fd0b415d4995c8ff6b61d5f15fd84a08191887a08a37ecd0fc53bb9453bf23c6,1.0900865122675896,0.15052888527257932,0.5711960943856794,0.549227013832384
warm_N_raw_s11_f100_preserve_flip_balanced_lr0.01,warm,N,raw,11,100,preserve_flip_balanced,lr0.01,adam,0.01,,300,1.9441535472869873,2.6492536067962646,0.0078125,0.12454991787672043,d718a421071195f834710c63e5d38bd10a35da31c12abc5adc0ff3c510fb41d7,a7e31362f94aadffa0d1274137036f73ba8a8695df0f5b08f88bdb1115d1d8dd,454101d522e0f2f9c66736f41fe181ddff7db3671302dc6273f5a9e9c3173848,d718a421071195f834710c63e5d38bd10a35da31c12abc5adc0ff3c510fb41d7,3537d7c4dc01edec71d080cab276639ebab3267d1f4764b066f127f6ce24c0cd,N_raw_s11_f0_lr0.001,cccc33b384ba59fc0b6d07141431ffe481c8c89ed6384777ac2aadf680152169,09e4eedef81ff909cabe840cbfe2b7a8acee1aad9bb65f17bb228a01826e2867,767,767,512,2558,767400,300,620ea1dc1e443dc6c238317463dc64ab3a9ae05fb592743f3a7d67d7ce17262c,d164ad5aa2ce5cddc59b090809ccdf258a142a0ebe45712102a4c410fef64b5d,82461e4d28691b5a3f76cac317a7bde90a5123c8b0ad8230422abc74e2e16326,10dfdb81f8d4e94b6c79fe77873ee10c1c43c43b752debce9aaf7641d2402843,fd0b415d4995c8ff6b61d5f15fd84a08191887a08a37ecd0fc53bb9453bf23c6,0.9696144238114357,0.16680227827502034,0.5996745321399511,0.5508543531326282
warm_N_raw_s11_f100_protection_lr0.001,warm,N,raw,11,100,protection,lr0.001,adam,0.001,,300,0.9241886138916016,2.6492536067962646,0.033203125,0.6794491410255432,d718a421071195f834710c63e5d38bd10a35da31c12abc5adc0ff3c510fb41d7,a7e31362f94aadffa0d1274137036f73ba8a8695df0f5b08f88bdb1115d1d8dd,4c616120a268cc0fbfff4ac727ff8e79810df88fdf0586e967f16d2954cee48a,d718a421071195f834710c63e5d38bd10a35da31c12abc5adc0ff3c510fb41d7,3537d7c4dc01edec71d080cab276639ebab3267d1f4764b066f127f6ce24c0cd,N_raw_s11_f0_lr0.001,ad35e932e14e1bfef3c0a83d73159d8f86d616691841290b6c8e004504169bb2,14b2df168c379b62fb0477d35a6c4addcf05a99e9750f16ad27faf739e7920fd,1534,0,512,2558,767400,300,620ea1dc1e443dc6c238317463dc64ab3a9ae05fb592743f3a7d67d7ce17262c,d164ad5aa2ce5cddc59b090809ccdf258a142a0ebe45712102a4c410fef64b5d,82461e4d28691b5a3f76cac317a7bde90a5123c8b0ad8230422abc74e2e16326,10dfdb81f8d4e94b6c79fe77873ee10c1c43c43b752debce9aaf7641d2402843,fd0b415d4995c8ff6b61d5f15fd84a08191887a08a37ecd0fc53bb9453bf23c6,1.0112265646457672,0.12042310821806347,0.5337672904800651,0.5598047192839707
warm_N_raw_s11_f100_protection_lr0.003,warm,N,raw,11,100,protection,lr0.003,adam,0.003,,300,1.4733957052230835,2.6492536067962646,0.0,0.32870805263519287,d718a421071195f834710c63e5d38bd10a35da31c12abc5adc0ff3c510fb41d7,a7e31362f94aadffa0d1274137036f73ba8a8695df0f5b08f88bdb1115d1d8dd,f35cda89b717abdbf570c69b5e64d93e4ea1fab0f7d372fb6ba18e6395d58279,d718a421071195f834710c63e5d38bd10a35da31c12abc5adc0ff3c510fb41d7,3537d7c4dc01edec71d080cab276639ebab3267d1f4764b066f127f6ce24c0cd,N_raw_s11_f0_lr0.001,7cb297995dd31b83833557c5f124cffa7d631f4424ace3ff42e82c747fb87445,14b2df168c379b62fb0477d35a6c4addcf05a99e9750f16ad27faf739e7920fd,1534,0,512,2558,767400,300,620ea1dc1e443dc6c238317463dc64ab3a9ae05fb592743f3a7d67d7ce17262c,d164ad5aa2ce5cddc59b090809ccdf258a142a0ebe45712102a4c410fef64b5d,82461e4d28691b5a3f76cac317a7bde90a5123c8b0ad8230422abc74e2e16326,10dfdb81f8d4e94b6c79fe77873ee10c1c43c43b752debce9aaf7641d2402843,fd0b415d4995c8ff6b61d5f15fd84a08191887a08a37ecd0fc53bb9453bf23c6,0.9772094935178757,0.13262815296989422,0.5443449959316518,0.5622457282343368
warm_N_raw_s11_f100_protection_lr0.01,warm,N,raw,11,100,protection,lr0.01,adam,0.01,,300,1.6868952512741089,2.6492536067962646,0.03515625,0.26789289712905884,d718a421071195f834710c63e5d38bd10a35da31c12abc5adc0ff3c510fb41d7,a7e31362f94aadffa0d1274137036f73ba8a8695df0f5b08f88bdb1115d1d8dd,c3d0ec1170e08ce9fb1c8e46ee217c844a68c9584a6ba4d75560b952527d6585,d718a421071195f834710c63e5d38bd10a35da31c12abc5adc0ff3c510fb41d7,3537d7c4dc01edec71d080cab276639ebab3267d1f4764b066f127f6ce24c0cd,N_raw_s11_f0_lr0.001,142c9738499190b375f73b6ec98e2a66d282d4d520ea02d69ae9950ba9f7d9c5,14b2df168c379b62fb0477d35a6c4addcf05a99e9750f16ad27faf739e7920fd,1534,0,512,2558,767400,300,620ea1dc1e443dc6c238317463dc64ab3a9ae05fb592743f3a7d67d7ce17262c,d164ad5aa2ce5cddc59b090809ccdf258a142a0ebe45712102a4c410fef64b5d,82461e4d28691b5a3f76cac317a7bde90a5123c8b0ad8230422abc74e2e16326,10dfdb81f8d4e94b6c79fe77873ee10c1c43c43b752debce9aaf7641d2402843,fd0b415d4995c8ff6b61d5f15fd84a08191887a08a37ecd0fc53bb9453bf23c6,1.0097116604447365,0.14808787632221318,0.515052888527258,0.611879576891782
warm_N_raw_s11_f25_hard_replay_lr0.001,warm,N,raw,11,25,hard_replay,lr0.001,adam,0.001,,300,1.203108549118042,2.6492536067962646,0.03125,0.4991450905799866,d718a421071195f834710c63e5d38bd10a35da31c12abc5adc0ff3c510fb41d7,a7e31362f94aadffa0d1274137036f73ba8a8695df0f5b08f88bdb1115d1d8dd,ff30b7528ce6de5f314765cdfb954cad9b3aecb07b9f6ba48193b6a63b2a324e,d718a421071195f834710c63e5d38bd10a35da31c12abc5adc0ff3c510fb41d7,3537d7c4dc01edec71d080cab276639ebab3267d1f4764b066f127f6ce24c0cd,N_raw_s11_f0_lr0.001,16088ac99ae6a40b05efb45045e060ede583f21f1cf6d0fd747e275c42d352fb,c5db7def0759ab978b103f6d0d9e22bce710ddb79b3b9727082ea763d50041bb,383,0,512,1407,422100,300,620ea1dc1e443dc6c238317463dc64ab3a9ae05fb592743f3a7d67d7ce17262c,d164ad5aa2ce5cddc59b090809ccdf258a142a0ebe45712102a4c410fef64b5d,82461e4d28691b5a3f76cac317a7bde90a5123c8b0ad8230422abc74e2e16326,10dfdb81f8d4e94b6c79fe77873ee10c1c43c43b752debce9aaf7641d2402843,fd0b415d4995c8ff6b61d5f15fd84a08191887a08a37ecd0fc53bb9453bf23c6,0.9239099770784378,0.12855980471928397,0.5614320585842149,0.5443449959316518
warm_N_raw_s11_f25_hard_replay_lr0.003,warm,N,raw,11,25,hard_replay,lr0.003,adam,0.003,,300,2.3564698696136475,2.6492536067962646,0.00390625,0.12199316918849945,d718a421071195f834710c63e5d38bd10a35da31c12abc5adc0ff3c510fb41d7,a7e31362f94aadffa0d1274137036f73ba8a8695df0f5b08f88bdb1115d1d8dd,2d12fb78a66159811ddafcc76d7c90733fc743fb38029c2dc034565b1bf8d7da,d718a421071195f834710c63e5d38bd10a35da31c12abc5adc0ff3c510fb41d7,3537d7c4dc01edec71d080cab276639ebab3267d1f4764b066f127f6ce24c0cd,N_raw_s11_f0_lr0.001,f855d5bf4524722c0f9909272062313d37193955ccff5ef2dbf6916ce22bad1f,c5db7def0759ab978b103f6d0d9e22bce710ddb79b3b9727082ea763d50041bb,383,0,512,1407,422100,300,620ea1dc1e443dc6c238317463dc64ab3a9ae05fb592743f3a7d67d7ce17262c,d164ad5aa2ce5cddc59b090809ccdf258a142a0ebe45712102a4c410fef64b5d,82461e4d28691b5a3f76cac317a7bde90a5123c8b0ad8230422abc74e2e16326,10dfdb81f8d4e94b6c79fe77873ee10c1c43c43b752debce9aaf7641d2402843,fd0b415d4995c8ff6b61d5f15fd84a08191887a08a37ecd0fc53bb9453bf23c6,1.1053409576416016,0.15378356387306755,0.5679414157851912,0.5459723352318958
warm_N_raw_s11_f25_hard_replay_lr0.01,warm,N,raw,11,25,hard_replay,lr0.01,adam,0.01,,300,3.4150540828704834,2.6492536067962646,0.0,0.05953090265393257,d718a421071195f834710c63e5d38bd10a35da31c12abc5adc0ff3c510fb41d7,a7e31362f94aadffa0d1274137036f73ba8a8695df0f5b08f88bdb1115d1d8dd,410442992b5411614f14af45a3f214e7d64dbc75b7576380abee9dd06e213069,d718a421071195f834710c63e5d38bd10a35da31c12abc5adc0ff3c510fb41d7,3537d7c4dc01edec71d080cab276639ebab3267d1f4764b066f127f6ce24c0cd,N_raw_s11_f0_lr0.001,b72d492dbdc8302619d197880c458cc4d426fff0973b93d61e7df5c167c5767f,c5db7def0759ab978b103f6d0d9e22bce710ddb79b3b9727082ea763d50041bb,383,0,512,1407,422100,300,620ea1dc1e443dc6c238317463dc64ab3a9ae05fb592743f3a7d67d7ce17262c,d164ad5aa2ce5cddc59b090809ccdf258a142a0ebe45712102a4c410fef64b5d,82461e4d28691b5a3f76cac317a7bde90a5123c8b0ad8230422abc74e2e16326,10dfdb81f8d4e94b6c79fe77873ee10c1c43c43b752debce9aaf7641d2402843,fd0b415d4995c8ff6b61d5f15fd84a08191887a08a37ecd0fc53bb9453bf23c6,1.1354032903909683,0.13262815296989422,0.5663140764849471,0.532953620829943
warm_N_raw_s11_f25_plain_adam_lr0.0005_steps600,warm,N,raw,11,25,plain,adam_lr0.0005_steps600,adam,0.0005,,600,1.1704198122024536,2.6492536067962646,0.078125,0.3471405506134033,d718a421071195f834710c63e5d38bd10a35da31c12abc5adc0ff3c510fb41d7,a7e31362f94aadffa0d1274137036f73ba8a8695df0f5b08f88bdb1115d1d8dd,a87342cd5da929cd67c3d443f33c60460cb37c1cd5196596329dc60e14c0fd41,d718a421071195f834710c63e5d38bd10a35da31c12abc5adc0ff3c510fb41d7,3537d7c4dc01edec71d080cab276639ebab3267d1f4764b066f127f6ce24c0cd,N_raw_s11_f0_lr0.001,19ce092250895f446188df8cda565f3ca863a90ec6c15cd8b0de6ae400919924,c5db7def0759ab978b103f6d0d9e22bce710ddb79b3b9727082ea763d50041bb,383,0,512,1407,844200,600,620ea1dc1e443dc6c238317463dc64ab3a9ae05fb592743f3a7d67d7ce17262c,d164ad5aa2ce5cddc59b090809ccdf258a142a0ebe45712102a4c410fef64b5d,82461e4d28691b5a3f76cac317a7bde90a5123c8b0ad8230422abc74e2e16326,10dfdb81f8d4e94b6c79fe77873ee10c1c43c43b752debce9aaf7641d2402843,fd0b415d4995c8ff6b61d5f15fd84a08191887a08a37ecd0fc53bb9453bf23c6,1.6699482798576355,0.11960943856794141,0.5362082994304312,0.5524816924328723
warm_N_raw_s11_f25_plain_lr0.001,warm,N,raw,11,25,plain,lr0.001,adam,0.001,,300,1.0819016695022583,2.6492536067962646,0.083984375,0.41221123933792114,d718a421071195f834710c63e5d38bd10a35da31c12abc5adc0ff3c510fb41d7,a7e31362f94aadffa0d1274137036f73ba8a8695df0f5b08f88bdb1115d1d8dd,45164f20d616e48dac253a648a5b495febd584cdcfcdc8ca4a47902f3918370e,d718a421071195f834710c63e5d38bd10a35da31c12abc5adc0ff3c510fb41d7,3537d7c4dc01edec71d080cab276639ebab3267d1f4764b066f127f6ce24c0cd,N_raw_s11_f0_lr0.001,b216050d6bdf736f9e18e772ca058d942608ca596c25553ad6053fe12ba3144f,c5db7def0759ab978b103f6d0d9e22bce710ddb79b3b9727082ea763d50041bb,383,0,512,1407,422100,300,620ea1dc1e443dc6c238317463dc64ab3a9ae05fb592743f3a7d67d7ce17262c,d164ad5aa2ce5cddc59b090809ccdf258a142a0ebe45712102a4c410fef64b5d,82461e4d28691b5a3f76cac317a7bde90a5123c8b0ad8230422abc74e2e16326,10dfdb81f8d4e94b6c79fe77873ee10c1c43c43b752debce9aaf7641d2402843,fd0b415d4995c8ff6b61d5f15fd84a08191887a08a37ecd0fc53bb9453bf23c6,1.1407951638102531,0.1114727420667209,0.5272579332790887,0.5565500406834825
warm_N_raw_s11_f25_plain_lr0.003,warm,N,raw,11,25,plain,lr0.003,adam,0.003,,300,2.0139801502227783,2.6492536067962646,0.02734375,0.13629870116710663,d718a421071195f834710c63e5d38bd10a35da31c12abc5adc0ff3c510fb41d7,a7e31362f94aadffa0d1274137036f73ba8a8695df0f5b08f88bdb1115d1d8dd,d811d3cbb3e51144102647455602d22c95ad68a4868e278c747813a334781f5d,d718a421071195f834710c63e5d38bd10a35da31c12abc5adc0ff3c510fb41d7,3537d7c4dc01edec71d080cab276639ebab3267d1f4764b066f127f6ce24c0cd,N_raw_s11_f0_lr0.001,7391778a7e303275b3591aca4b969186303048b4eaa614f586db53611a5eda1a,c5db7def0759ab978b103f6d0d9e22bce710ddb79b3b9727082ea763d50041bb,383,0,512,1407,422100,300,620ea1dc1e443dc6c238317463dc64ab3a9ae05fb592743f3a7d67d7ce17262c,d164ad5aa2ce5cddc59b090809ccdf258a142a0ebe45712102a4c410fef64b5d,82461e4d28691b5a3f76cac317a7bde90a5123c8b0ad8230422abc74e2e16326,10dfdb81f8d4e94b6c79fe77873ee10c1c43c43b752debce9aaf7641d2402843,fd0b415d4995c8ff6b61d5f15fd84a08191887a08a37ecd0fc53bb9453bf23c6,1.1038133651018143,0.11879576891781937,0.5524816924328723,0.532953620829943
warm_N_raw_s11_f25_plain_lr0.01,warm,N,raw,11,25,plain,lr0.01,adam,0.01,,300,3.3019418716430664,2.6492536067962646,0.09375,1.8973889350891113,d718a421071195f834710c63e5d38bd10a35da31c12abc5adc0ff3c510fb41d7,a7e31362f94aadffa0d1274137036f73ba8a8695df0f5b08f88bdb1115d1d8dd,a8cf6ced6c932405fd2a3cb5603c11319099849a5901f31238173c3e70eeb308,d718a421071195f834710c63e5d38bd10a35da31c12abc5adc0ff3c510fb41d7,3537d7c4dc01edec71d080cab276639ebab3267d1f4764b066f127f6ce24c0cd,N_raw_s11_f0_lr0.001,919d0dbf4733a6320f9f0344f01ade0849776d2c7f6a9f79c7cc9ef74f718e75,c5db7def0759ab978b103f6d0d9e22bce710ddb79b3b9727082ea763d50041bb,383,0,512,1407,422100,300,620ea1dc1e443dc6c238317463dc64ab3a9ae05fb592743f3a7d67d7ce17262c,d164ad5aa2ce5cddc59b090809ccdf258a142a0ebe45712102a4c410fef64b5d,82461e4d28691b5a3f76cac317a7bde90a5123c8b0ad8230422abc74e2e16326,10dfdb81f8d4e94b6c79fe77873ee10c1c43c43b752debce9aaf7641d2402843,fd0b415d4995c8ff6b61d5f15fd84a08191887a08a37ecd0fc53bb9453bf23c6,1.1041350066661835,0.1000813669650122,0.6069975589910497,0.47192839707078926
warm_N_raw_s11_f25_plain_sgd_m09_lr0.003,warm,N,raw,11,25,plain,sgd_m09_lr0.003,sgd,0.003,0.9,300,1.2791192531585693,2.6492536067962646,0.072265625,0.3626248836517334,d718a421071195f834710c63e5d38bd10a35da31c12abc5adc0ff3c510fb41d7,a7e31362f94aadffa0d1274137036f73ba8a8695df0f5b08f88bdb1115d1d8dd,df530ea59e838569db09da09e0864c235d16afc7567219852015db7af579e11e,d718a421071195f834710c63e5d38bd10a35da31c12abc5adc0ff3c510fb41d7,3537d7c4dc01edec71d080cab276639ebab3267d1f4764b066f127f6ce24c0cd,N_raw_s11_f0_lr0.001,81681f88c20f3be6eecbf12066af42a82224e80bd6bc5c578d66eba6a276e00f,c5db7def0759ab978b103f6d0d9e22bce710ddb79b3b9727082ea763d50041bb,383,0,512,1407,422100,300,620ea1dc1e443dc6c238317463dc64ab3a9ae05fb592743f3a7d67d7ce17262c,d164ad5aa2ce5cddc59b090809ccdf258a142a0ebe45712102a4c410fef64b5d,82461e4d28691b5a3f76cac317a7bde90a5123c8b0ad8230422abc74e2e16326,10dfdb81f8d4e94b6c79fe77873ee10c1c43c43b752debce9aaf7641d2402843,fd0b415d4995c8ff6b61d5f15fd84a08191887a08a37ecd0fc53bb9453bf23c6,0.7123219519853592,0.1114727420667209,0.5459723352318958,0.5386493083807974
warm_N_raw_s11_f25_plain_sgd_m09_lr0.01,warm,N,raw,11,25,plain,sgd_m09_lr0.01,sgd,0.01,0.9,300,2.4610116481781006,2.6492536067962646,0.017578125,0.09639761596918106,d718a421071195f834710c63e5d38bd10a35da31c12abc5adc0ff3c510fb41d7,a7e31362f94aadffa0d1274137036f73ba8a8695df0f5b08f88bdb1115d1d8dd,b812f195ac35be17ccca462cbaaff5bd929f90baa6e35a653006083668a5af7b,d718a421071195f834710c63e5d38bd10a35da31c12abc5adc0ff3c510fb41d7,3537d7c4dc01edec71d080cab276639ebab3267d1f4764b066f127f6ce24c0cd,N_raw_s11_f0_lr0.001,cc6498e281962ef35e9b1487fb72728126cd0e23192ddfa61001f3a33ce29da3,c5db7def0759ab978b103f6d0d9e22bce710ddb79b3b9727082ea763d50041bb,383,0,512,1407,422100,300,620ea1dc1e443dc6c238317463dc64ab3a9ae05fb592743f3a7d67d7ce17262c,d164ad5aa2ce5cddc59b090809ccdf258a142a0ebe45712102a4c410fef64b5d,82461e4d28691b5a3f76cac317a7bde90a5123c8b0ad8230422abc74e2e16326,10dfdb81f8d4e94b6c79fe77873ee10c1c43c43b752debce9aaf7641d2402843,fd0b415d4995c8ff6b61d5f15fd84a08191887a08a37ecd0fc53bb9453bf23c6,0.7373385056853294,0.11798209926769732,0.5557363710333605,0.5362082994304312
warm_N_raw_s11_f25_preserve_flip_balanced_lr0.001,warm,N,raw,11,25,preserve_flip_balanced,lr0.001,adam,0.001,,300,1.530950903892517,2.6492536067962646,0.005859375,0.17583180963993073,d718a421071195f834710c63e5d38bd10a35da31c12abc5adc0ff3c510fb41d7,a7e31362f94aadffa0d1274137036f73ba8a8695df0f5b08f88bdb1115d1d8dd,419c14533c50d838eea7e235f0a1674276e6357b6656392bc041cee68444a5a1,d718a421071195f834710c63e5d38bd10a35da31c12abc5adc0ff3c510fb41d7,3537d7c4dc01edec71d080cab276639ebab3267d1f4764b066f127f6ce24c0cd,N_raw_s11_f0_lr0.001,a0b008949afe1fd341b34608976953c7cdceb2545f9951b17423096ddb25b567,92ef05d64b3c4f386e4f78bfb49c87521f04792bf7bc67a9750a9ff3bc84a0ea,191,192,512,1407,422100,300,620ea1dc1e443dc6c238317463dc64ab3a9ae05fb592743f3a7d67d7ce17262c,d164ad5aa2ce5cddc59b090809ccdf258a142a0ebe45712102a4c410fef64b5d,82461e4d28691b5a3f76cac317a7bde90a5123c8b0ad8230422abc74e2e16326,10dfdb81f8d4e94b6c79fe77873ee10c1c43c43b752debce9aaf7641d2402843,fd0b415d4995c8ff6b61d5f15fd84a08191887a08a37ecd0fc53bb9453bf23c6,0.8941663578152657,0.11228641171684296,0.5760781122864117,0.5069161920260374
warm_N_raw_s11_f25_preserve_flip_balanced_lr0.003,warm,N,raw,11,25,preserve_flip_balanced,lr0.003,adam,0.003,,300,2.852048397064209,2.6492536067962646,0.001953125,0.030903248116374016,d718a421071195f834710c63e5d38bd10a35da31c12abc5adc0ff3c510fb41d7,a7e31362f94aadffa0d1274137036f73ba8a8695df0f5b08f88bdb1115d1d8dd,0fbf7dc8a2f742427dd7776d69ec77a8cb8765b1f1d05646be369539dfd89ac6,d718a421071195f834710c63e5d38bd10a35da31c12abc5adc0ff3c510fb41d7,3537d7c4dc01edec71d080cab276639ebab3267d1f4764b066f127f6ce24c0cd,N_raw_s11_f0_lr0.001,e736ae8606ada7225ae9221400f20c37135d2f685a2294c7fe612db14d3d2657,92ef05d64b3c4f386e4f78bfb49c87521f04792bf7bc67a9750a9ff3bc84a0ea,191,192,512,1407,422100,300,620ea1dc1e443dc6c238317463dc64ab3a9ae05fb592743f3a7d67d7ce17262c,d164ad5aa2ce5cddc59b090809ccdf258a142a0ebe45712102a4c410fef64b5d,82461e4d28691b5a3f76cac317a7bde90a5123c8b0ad8230422abc74e2e16326,10dfdb81f8d4e94b6c79fe77873ee10c1c43c43b752debce9aaf7641d2402843,fd0b415d4995c8ff6b61d5f15fd84a08191887a08a37ecd0fc53bb9453bf23c6,0.9123222753405571,0.10659072416598861,0.580960130187144,0.49308380797396256
warm_N_raw_s11_f25_preserve_flip_balanced_lr0.01,warm,N,raw,11,25,preserve_flip_balanced,lr0.01,adam,0.01,,300,3.059450626373291,2.6492536067962646,0.0,0.02236616052687168,d718a421071195f834710c63e5d38bd10a35da31c12abc5adc0ff3c510fb41d7,a7e31362f94aadffa0d1274137036f73ba8a8695df0f5b08f88bdb1115d1d8dd,d3322436ecd47f117d2cabaa2247ec9410ed85661bed4d4d5eec24d07f9adb10,d718a421071195f834710c63e5d38bd10a35da31c12abc5adc0ff3c510fb41d7,3537d7c4dc01edec71d080cab276639ebab3267d1f4764b066f127f6ce24c0cd,N_raw_s11_f0_lr0.001,e1d316222668b13c8a633378d877cd9cec9740faacc018d0136211a481030149,92ef05d64b3c4f386e4f78bfb49c87521f04792bf7bc67a9750a9ff3bc84a0ea,191,192,512,1407,422100,300,620ea1dc1e443dc6c238317463dc64ab3a9ae05fb592743f3a7d67d7ce17262c,d164ad5aa2ce5cddc59b090809ccdf258a142a0ebe45712102a4c410fef64b5d,82461e4d28691b5a3f76cac317a7bde90a5123c8b0ad8230422abc74e2e16326,10dfdb81f8d4e94b6c79fe77873ee10c1c43c43b752debce9aaf7641d2402843,fd0b415d4995c8ff6b61d5f15fd84a08191887a08a37ecd0fc53bb9453bf23c6,0.8670066446065903,0.12937347436940602,0.5882831570382425,0.5093572009764036
warm_N_raw_s11_f25_protection_lr0.001,warm,N,raw,11,25,protection,lr0.001,adam,0.001,,300,1.197148323059082,2.6492536067962646,0.03515625,0.5078561305999756,d718a421071195f834710c63e5d38bd10a35da31c12abc5adc0ff3c510fb41d7,a7e31362f94aadffa0d1274137036f73ba8a8695df0f5b08f88bdb1115d1d8dd,3d8f7786c7381c53d674327650b7bbdb65fb58613fb5a9c419ce320d09c0eccc,d718a421071195f834710c63e5d38bd10a35da31c12abc5adc0ff3c510fb41d7,3537d7c4dc01edec71d080cab276639ebab3267d1f4764b066f127f6ce24c0cd,N_raw_s11_f0_lr0.001,48c3318f316d07af3e6297e756fa61e65fedf93aca830d87760bb95d904daae7,c5db7def0759ab978b103f6d0d9e22bce710ddb79b3b9727082ea763d50041bb,383,0,512,1407,422100,300,620ea1dc1e443dc6c238317463dc64ab3a9ae05fb592743f3a7d67d7ce17262c,d164ad5aa2ce5cddc59b090809ccdf258a142a0ebe45712102a4c410fef64b5d,82461e4d28691b5a3f76cac317a7bde90a5123c8b0ad8230422abc74e2e16326,10dfdb81f8d4e94b6c79fe77873ee10c1c43c43b752debce9aaf7641d2402843,fd0b415d4995c8ff6b61d5f15fd84a08191887a08a37ecd0fc53bb9453bf23c6,0.8792672976851463,0.12530512611879577,0.5606183889340928,0.5419039869812856
warm_N_raw_s11_f25_protection_lr0.003,warm,N,raw,11,25,protection,lr0.003,adam,0.003,,300,2.3450915813446045,2.6492536067962646,0.00390625,0.1396467089653015,d718a421071195f834710c63e5d38bd10a35da31c12abc5adc0ff3c510fb41d7,a7e31362f94aadffa0d1274137036f73ba8a8695df0f5b08f88bdb1115d1d8dd,fa07dbe7fde4d291ef3e4299aa1fa147f485bb4b366f22d002ea66137cdafabd,d718a421071195f834710c63e5d38bd10a35da31c12abc5adc0ff3c510fb41d7,3537d7c4dc01edec71d080cab276639ebab3267d1f4764b066f127f6ce24c0cd,N_raw_s11_f0_lr0.001,5c9ac92874c4c3dde2434207f78152bc1ddb6b956a08fed4dee7eacfd8e335b7,c5db7def0759ab978b103f6d0d9e22bce710ddb79b3b9727082ea763d50041bb,383,0,512,1407,422100,300,620ea1dc1e443dc6c238317463dc64ab3a9ae05fb592743f3a7d67d7ce17262c,d164ad5aa2ce5cddc59b090809ccdf258a142a0ebe45712102a4c410fef64b5d,82461e4d28691b5a3f76cac317a7bde90a5123c8b0ad8230422abc74e2e16326,10dfdb81f8d4e94b6c79fe77873ee10c1c43c43b752debce9aaf7641d2402843,fd0b415d4995c8ff6b61d5f15fd84a08191887a08a37ecd0fc53bb9453bf23c6,0.943177618086338,0.14727420667209112,0.5663140764849471,0.5427176566314077
warm_N_raw_s11_f25_protection_lr0.01,warm,N,raw,11,25,protection,lr0.01,adam,0.01,,300,3.3275022506713867,2.6492536067962646,0.001953125,0.07096739858388901,d718a421071195f834710c63e5d38bd10a35da31c12abc5adc0ff3c510fb41d7,a7e31362f94aadffa0d1274137036f73ba8a8695df0f5b08f88bdb1115d1d8dd,6d220c6c2da28afdaa30b3db76000d393c89e90d7730895ee5589c05c639e5e5,d718a421071195f834710c63e5d38bd10a35da31c12abc5adc0ff3c510fb41d7,3537d7c4dc01edec71d080cab276639ebab3267d1f4764b066f127f6ce24c0cd,N_raw_s11_f0_lr0.001,fcc904a1aeae559ba380e4d8333a9812556b5daa8ee2c63467d79f315016f447,c5db7def0759ab978b103f6d0d9e22bce710ddb79b3b9727082ea763d50041bb,383,0,512,1407,422100,300,620ea1dc1e443dc6c238317463dc64ab3a9ae05fb592743f3a7d67d7ce17262c,d164ad5aa2ce5cddc59b090809ccdf258a142a0ebe45712102a4c410fef64b5d,82461e4d28691b5a3f76cac317a7bde90a5123c8b0ad8230422abc74e2e16326,10dfdb81f8d4e94b6c79fe77873ee10c1c43c43b752debce9aaf7641d2402843,fd0b415d4995c8ff6b61d5f15fd84a08191887a08a37ecd0fc53bb9453bf23c6,0.8903006389737129,0.12205044751830757,0.5549227013832384,0.5345809601301872
warm_N_raw_s23_f0_hard_replay_lr0.001,warm,N,raw,23,0,hard_replay,lr0.001,adam,0.001,,300,4.255796909332275,2.5100460052490234,0.0,6.710430898237973e-05,02f0aa081f5159cd05607b14fb1082260651b5cf06bf2c01e19cdffe2c325503,a072458f90bf8e6db2f4f18db356099c74ad6e0ca084fdec731c4fb2f1549198,c04c98f466b7250f6b5a3f604e6c844af33cd1afa0207318f440b6128a6443f0,02f0aa081f5159cd05607b14fb1082260651b5cf06bf2c01e19cdffe2c325503,c64987040b5c1227d9117174bea15a47323b47e8aea75809ef985515170fac69,N_raw_s23_f0_lr0.001,b012210d2c037f14cbd284a13b8a774fcac10229af40d427b54640ee10c1bc17,790f8caa42139d3f5be041b38cbaaf690c88d1b3e6450af9490fabba88e82596,0,0,512,1024,307200,300,620ea1dc1e443dc6c238317463dc64ab3a9ae05fb592743f3a7d67d7ce17262c,d164ad5aa2ce5cddc59b090809ccdf258a142a0ebe45712102a4c410fef64b5d,82461e4d28691b5a3f76cac317a7bde90a5123c8b0ad8230422abc74e2e16326,10dfdb81f8d4e94b6c79fe77873ee10c1c43c43b752debce9aaf7641d2402843,fd0b415d4995c8ff6b61d5f15fd84a08191887a08a37ecd0fc53bb9453bf23c6,0.6904653087258339,0.07323026851098453,0.6240846216436127,0.42636289666395444
warm_N_raw_s23_f0_hard_replay_lr0.003,warm,N,raw,23,0,hard_replay,lr0.003,adam,0.003,,300,4.24128532409668,2.5100460052490234,0.0,8.849765436025336e-05,02f0aa081f5159cd05607b14fb1082260651b5cf06bf2c01e19cdffe2c325503,a072458f90bf8e6db2f4f18db356099c74ad6e0ca084fdec731c4fb2f1549198,95e81be7b13e0536a6c07008c6d664213ef0dd1be465cae54c2445128fd91d34,02f0aa081f5159cd05607b14fb1082260651b5cf06bf2c01e19cdffe2c325503,c64987040b5c1227d9117174bea15a47323b47e8aea75809ef985515170fac69,N_raw_s23_f0_lr0.001,c7a8fc9889d39a254c1e26cfdc77b1d317b014e2ca9eaeca3bb5d2dc95dc9fba,790f8caa42139d3f5be041b38cbaaf690c88d1b3e6450af9490fabba88e82596,0,0,512,1024,307200,300,620ea1dc1e443dc6c238317463dc64ab3a9ae05fb592743f3a7d67d7ce17262c,d164ad5aa2ce5cddc59b090809ccdf258a142a0ebe45712102a4c410fef64b5d,82461e4d28691b5a3f76cac317a7bde90a5123c8b0ad8230422abc74e2e16326,10dfdb81f8d4e94b6c79fe77873ee10c1c43c43b752debce9aaf7641d2402843,fd0b415d4995c8ff6b61d5f15fd84a08191887a08a37ecd0fc53bb9453bf23c6,0.6597595363855362,0.07160292921074043,0.6240846216436127,0.42636289666395444
warm_N_raw_s23_f0_hard_replay_lr0.01,warm,N,raw,23,0,hard_replay,lr0.01,adam,0.01,,300,3.501246929168701,2.5100460052490234,0.0,0.0003595085581764579,02f0aa081f5159cd05607b14fb1082260651b5cf06bf2c01e19cdffe2c325503,a072458f90bf8e6db2f4f18db356099c74ad6e0ca084fdec731c4fb2f1549198,0343bc35ed561269737c1634ffe9e04b88ea0bd6b626ff1323d77224cce68194,02f0aa081f5159cd05607b14fb1082260651b5cf06bf2c01e19cdffe2c325503,c64987040b5c1227d9117174bea15a47323b47e8aea75809ef985515170fac69,N_raw_s23_f0_lr0.001,1421487fafe0f63d96de3600a7d91f8170a48a9d12ee889354a24fb16f087959,790f8caa42139d3f5be041b38cbaaf690c88d1b3e6450af9490fabba88e82596,0,0,512,1024,307200,300,620ea1dc1e443dc6c238317463dc64ab3a9ae05fb592743f3a7d67d7ce17262c,d164ad5aa2ce5cddc59b090809ccdf258a142a0ebe45712102a4c410fef64b5d,82461e4d28691b5a3f76cac317a7bde90a5123c8b0ad8230422abc74e2e16326,10dfdb81f8d4e94b6c79fe77873ee10c1c43c43b752debce9aaf7641d2402843,fd0b415d4995c8ff6b61d5f15fd84a08191887a08a37ecd0fc53bb9453bf23c6,0.6566632986068726,0.07892595606183889,0.6216436126932465,0.4369406021155411
warm_N_raw_s23_f0_plain_adam_lr0.0005_steps600,warm,N,raw,23,0,plain,adam_lr0.0005_steps600,adam,0.0005,,600,4.536461353302002,2.5100460052490234,0.0,1.325449011346791e-05,02f0aa081f5159cd05607b14fb1082260651b5cf06bf2c01e19cdffe2c325503,a072458f90bf8e6db2f4f18db356099c74ad6e0ca084fdec731c4fb2f1549198,5e927ba288f13327dbb4a705b5e78881cdd0c6343c5989edaa62eb36cb761417,02f0aa081f5159cd05607b14fb1082260651b5cf06bf2c01e19cdffe2c325503,c64987040b5c1227d9117174bea15a47323b47e8aea75809ef985515170fac69,N_raw_s23_f0_lr0.001,e2a3c578123defdafe3c5722852f270027d037d80931ba6ff8a420b7b755bae3,790f8caa42139d3f5be041b38cbaaf690c88d1b3e6450af9490fabba88e82596,0,0,512,1024,614400,600,620ea1dc1e443dc6c238317463dc64ab3a9ae05fb592743f3a7d67d7ce17262c,d164ad5aa2ce5cddc59b090809ccdf258a142a0ebe45712102a4c410fef64b5d,82461e4d28691b5a3f76cac317a7bde90a5123c8b0ad8230422abc74e2e16326,10dfdb81f8d4e94b6c79fe77873ee10c1c43c43b752debce9aaf7641d2402843,fd0b415d4995c8ff6b61d5f15fd84a08191887a08a37ecd0fc53bb9453bf23c6,1.3398526161909103,0.07485760781122865,0.6224572823433686,0.42799023596419855
warm_N_raw_s23_f0_plain_lr0.001,warm,N,raw,23,0,plain,lr0.001,adam,0.001,,300,4.256472587585449,2.5100460052490234,0.0,3.355980879859999e-05,02f0aa081f5159cd05607b14fb1082260651b5cf06bf2c01e19cdffe2c325503,a072458f90bf8e6db2f4f18db356099c74ad6e0ca084fdec731c4fb2f1549198,ec73c5b52d06d42697bec5b538e8b3bcb0418e32d5cc43ccbcb4cfe903976031,02f0aa081f5159cd05607b14fb1082260651b5cf06bf2c01e19cdffe2c325503,c64987040b5c1227d9117174bea15a47323b47e8aea75809ef985515170fac69,N_raw_s23_f0_lr0.001,7a0d732f9c5c9f1221d8e9ae1e3290e8ccf9797c6865310ae605b4647d9527ae,790f8caa42139d3f5be041b38cbaaf690c88d1b3e6450af9490fabba88e82596,0,0,512,1024,307200,300,620ea1dc1e443dc6c238317463dc64ab3a9ae05fb592743f3a7d67d7ce17262c,d164ad5aa2ce5cddc59b090809ccdf258a142a0ebe45712102a4c410fef64b5d,82461e4d28691b5a3f76cac317a7bde90a5123c8b0ad8230422abc74e2e16326,10dfdb81f8d4e94b6c79fe77873ee10c1c43c43b752debce9aaf7641d2402843,fd0b415d4995c8ff6b61d5f15fd84a08191887a08a37ecd0fc53bb9453bf23c6,0.6521712243556976,0.07404393816110659,0.6248982912937348,0.42636289666395444
warm_N_raw_s23_f0_plain_lr0.003,warm,N,raw,23,0,plain,lr0.003,adam,0.003,,300,4.241467475891113,2.5100460052490234,0.0,4.4246426114114e-05,02f0aa081f5159cd05607b14fb1082260651b5cf06bf2c01e19cdffe2c325503,a072458f90bf8e6db2f4f18db356099c74ad6e0ca084fdec731c4fb2f1549198,b5494b7764029468261c17f8a86e95d0fd5a4626c3ef3d6b5c73c7e25d559e22,02f0aa081f5159cd05607b14fb1082260651b5cf06bf2c01e19cdffe2c325503,c64987040b5c1227d9117174bea15a47323b47e8aea75809ef985515170fac69,N_raw_s23_f0_lr0.001,096929f8f4cba27d5e50f1158b315699f6c0c7f4d595420d5e2d0468edd186b4,790f8caa42139d3f5be041b38cbaaf690c88d1b3e6450af9490fabba88e82596,0,0,512,1024,307200,300,620ea1dc1e443dc6c238317463dc64ab3a9ae05fb592743f3a7d67d7ce17262c,d164ad5aa2ce5cddc59b090809ccdf258a142a0ebe45712102a4c410fef64b5d,82461e4d28691b5a3f76cac317a7bde90a5123c8b0ad8230422abc74e2e16326,10dfdb81f8d4e94b6c79fe77873ee10c1c43c43b752debce9aaf7641d2402843,fd0b415d4995c8ff6b61d5f15fd84a08191887a08a37ecd0fc53bb9453bf23c6,0.6559752449393272,0.07160292921074043,0.6240846216436127,0.42636289666395444
warm_N_raw_s23_f0_plain_lr0.01,warm,N,raw,23,0,plain,lr0.01,adam,0.01,,300,3.5454628467559814,2.5100460052490234,0.0,0.00018875469686463475,02f0aa081f5159cd05607b14fb1082260651b5cf06bf2c01e19cdffe2c325503,a072458f90bf8e6db2f4f18db356099c74ad6e0ca084fdec731c4fb2f1549198,b28b6ebbf3fc3e7b30df21df745323747ab05a22fc9eccb57ab5eb88c3ef5d33,02f0aa081f5159cd05607b14fb1082260651b5cf06bf2c01e19cdffe2c325503,c64987040b5c1227d9117174bea15a47323b47e8aea75809ef985515170fac69,N_raw_s23_f0_lr0.001,68c8ae2a07ff26226c56987cde8e964783695ba54471b0ef70781d9b36f21a60,790f8caa42139d3f5be041b38cbaaf690c88d1b3e6450af9490fabba88e82596,0,0,512,1024,307200,300,620ea1dc1e443dc6c238317463dc64ab3a9ae05fb592743f3a7d67d7ce17262c,d164ad5aa2ce5cddc59b090809ccdf258a142a0ebe45712102a4c410fef64b5d,82461e4d28691b5a3f76cac317a7bde90a5123c8b0ad8230422abc74e2e16326,10dfdb81f8d4e94b6c79fe77873ee10c1c43c43b752debce9aaf7641d2402843,fd0b415d4995c8ff6b61d5f15fd84a08191887a08a37ecd0fc53bb9453bf23c6,0.7363603860139847,0.07567127746135069,0.6224572823433686,0.4312449145646867
warm_N_raw_s23_f0_plain_sgd_m09_lr0.003,warm,N,raw,23,0,plain,sgd_m09_lr0.003,sgd,0.003,0.9,300,2.6148247718811035,2.5100460052490234,0.0,0.001671019708737731,02f0aa081f5159cd05607b14fb1082260651b5cf06bf2c01e19cdffe2c325503,a072458f90bf8e6db2f4f18db356099c74ad6e0ca084fdec731c4fb2f1549198,9815d4782364176d0d5d82245fc16e0524aa1b135de1689dd7c94d9f29ac8879,02f0aa081f5159cd05607b14fb1082260651b5cf06bf2c01e19cdffe2c325503,c64987040b5c1227d9117174bea15a47323b47e8aea75809ef985515170fac69,N_raw_s23_f0_lr0.001,cf2ed33a71676cbfb5ac258dcd2a8c4bce0fd66f17877a575321248fb3ff3755,790f8caa42139d3f5be041b38cbaaf690c88d1b3e6450af9490fabba88e82596,0,0,512,1024,307200,300,620ea1dc1e443dc6c238317463dc64ab3a9ae05fb592743f3a7d67d7ce17262c,d164ad5aa2ce5cddc59b090809ccdf258a142a0ebe45712102a4c410fef64b5d,82461e4d28691b5a3f76cac317a7bde90a5123c8b0ad8230422abc74e2e16326,10dfdb81f8d4e94b6c79fe77873ee10c1c43c43b752debce9aaf7641d2402843,fd0b415d4995c8ff6b61d5f15fd84a08191887a08a37ecd0fc53bb9453bf23c6,0.5428546443581581,0.07241659886086249,0.6265256305939788,0.4239218877135883
warm_N_raw_s23_f0_plain_sgd_m09_lr0.01,warm,N,raw,23,0,plain,sgd_m09_lr0.01,sgd,0.01,0.9,300,2.8000874519348145,2.5100460052490234,0.0,0.0011169484350830317,02f0aa081f5159cd05607b14fb1082260651b5cf06bf2c01e19cdffe2c325503,a072458f90bf8e6db2f4f18db356099c74ad6e0ca084fdec731c4fb2f1549198,3c72af411faf89ab8685d6e78b5a9db4486ae3447287d30e59ba7ffb75390ff0,02f0aa081f5159cd05607b14fb1082260651b5cf06bf2c01e19cdffe2c325503,c64987040b5c1227d9117174bea15a47323b47e8aea75809ef985515170fac69,N_raw_s23_f0_lr0.001,3eb73db7073e95c2d5f469f982e612cc42af03eb805f23b6b31ddc2fec2c7a65,790f8caa42139d3f5be041b38cbaaf690c88d1b3e6450af9490fabba88e82596,0,0,512,1024,307200,300,620ea1dc1e443dc6c238317463dc64ab3a9ae05fb592743f3a7d67d7ce17262c,d164ad5aa2ce5cddc59b090809ccdf258a142a0ebe45712102a4c410fef64b5d,82461e4d28691b5a3f76cac317a7bde90a5123c8b0ad8230422abc74e2e16326,10dfdb81f8d4e94b6c79fe77873ee10c1c43c43b752debce9aaf7641d2402843,fd0b415d4995c8ff6b61d5f15fd84a08191887a08a37ecd0fc53bb9453bf23c6,0.5435362532734871,0.07241659886086249,0.628966639544345,0.4231082180634662
warm_N_raw_s23_f0_preserve_flip_balanced_lr0.001,warm,N,raw,23,0,preserve_flip_balanced,lr0.001,adam,0.001,,300,4.256472587585449,2.5100460052490234,0.0,3.355980879859999e-05,02f0aa081f5159cd05607b14fb1082260651b5cf06bf2c01e19cdffe2c325503,a072458f90bf8e6db2f4f18db356099c74ad6e0ca084fdec731c4fb2f1549198,ec73c5b52d06d42697bec5b538e8b3bcb0418e32d5cc43ccbcb4cfe903976031,02f0aa081f5159cd05607b14fb1082260651b5cf06bf2c01e19cdffe2c325503,c64987040b5c1227d9117174bea15a47323b47e8aea75809ef985515170fac69,N_raw_s23_f0_lr0.001,445266db43caf73d4c3bd77c8fe5d99e6626515481dbfdef7f5c3e449ad6d717,790f8caa42139d3f5be041b38cbaaf690c88d1b3e6450af9490fabba88e82596,0,0,512,1024,307200,300,620ea1dc1e443dc6c238317463dc64ab3a9ae05fb592743f3a7d67d7ce17262c,d164ad5aa2ce5cddc59b090809ccdf258a142a0ebe45712102a4c410fef64b5d,82461e4d28691b5a3f76cac317a7bde90a5123c8b0ad8230422abc74e2e16326,10dfdb81f8d4e94b6c79fe77873ee10c1c43c43b752debce9aaf7641d2402843,fd0b415d4995c8ff6b61d5f15fd84a08191887a08a37ecd0fc53bb9453bf23c6,0.7786245718598366,0.07404393816110659,0.6248982912937348,0.42636289666395444
warm_N_raw_s23_f0_preserve_flip_balanced_lr0.003,warm,N,raw,23,0,preserve_flip_balanced,lr0.003,adam,0.003,,300,4.241467475891113,2.5100460052490234,0.0,4.4246426114114e-05,02f0aa081f5159cd05607b14fb1082260651b5cf06bf2c01e19cdffe2c325503,a072458f90bf8e6db2f4f18db356099c74ad6e0ca084fdec731c4fb2f1549198,b5494b7764029468261c17f8a86e95d0fd5a4626c3ef3d6b5c73c7e25d559e22,02f0aa081f5159cd05607b14fb1082260651b5cf06bf2c01e19cdffe2c325503,c64987040b5c1227d9117174bea15a47323b47e8aea75809ef985515170fac69,N_raw_s23_f0_lr0.001,b867b1389a2c97d4470d3e73a202cf8d891985ec9586e95d734ca36117524ca5,790f8caa42139d3f5be041b38cbaaf690c88d1b3e6450af9490fabba88e82596,0,0,512,1024,307200,300,620ea1dc1e443dc6c238317463dc64ab3a9ae05fb592743f3a7d67d7ce17262c,d164ad5aa2ce5cddc59b090809ccdf258a142a0ebe45712102a4c410fef64b5d,82461e4d28691b5a3f76cac317a7bde90a5123c8b0ad8230422abc74e2e16326,10dfdb81f8d4e94b6c79fe77873ee10c1c43c43b752debce9aaf7641d2402843,fd0b415d4995c8ff6b61d5f15fd84a08191887a08a37ecd0fc53bb9453bf23c6,0.6577681601047516,0.07160292921074043,0.6240846216436127,0.42636289666395444
warm_N_raw_s23_f0_preserve_flip_balanced_lr0.01,warm,N,raw,23,0,preserve_flip_balanced,lr0.01,adam,0.01,,300,3.5454628467559814,2.5100460052490234,0.0,0.00018875469686463475,02f0aa081f5159cd05607b14fb1082260651b5cf06bf2c01e19cdffe2c325503,a072458f90bf8e6db2f4f18db356099c74ad6e0ca084fdec731c4fb2f1549198,b28b6ebbf3fc3e7b30df21df745323747ab05a22fc9eccb57ab5eb88c3ef5d33,02f0aa081f5159cd05607b14fb1082260651b5cf06bf2c01e19cdffe2c325503,c64987040b5c1227d9117174bea15a47323b47e8aea75809ef985515170fac69,N_raw_s23_f0_lr0.001,4ae42499a7c30e24d263747cc06a9d778a1da617c875b362a9add9029db8c3c8,790f8caa42139d3f5be041b38cbaaf690c88d1b3e6450af9490fabba88e82596,0,0,512,1024,307200,300,620ea1dc1e443dc6c238317463dc64ab3a9ae05fb592743f3a7d67d7ce17262c,d164ad5aa2ce5cddc59b090809ccdf258a142a0ebe45712102a4c410fef64b5d,82461e4d28691b5a3f76cac317a7bde90a5123c8b0ad8230422abc74e2e16326,10dfdb81f8d4e94b6c79fe77873ee10c1c43c43b752debce9aaf7641d2402843,fd0b415d4995c8ff6b61d5f15fd84a08191887a08a37ecd0fc53bb9453bf23c6,0.6314573138952255,0.07567127746135069,0.6224572823433686,0.4312449145646867
warm_N_raw_s23_f0_protection_lr0.001,warm,N,raw,23,0,protection,lr0.001,adam,0.001,,300,2.801283121109009,2.5100460052490234,0.0,0.013629254885017872,02f0aa081f5159cd05607b14fb1082260651b5cf06bf2c01e19cdffe2c325503,a072458f90bf8e6db2f4f18db356099c74ad6e0ca084fdec731c4fb2f1549198,0c6ac424a5ccdd555431cbc6bf8d93febd5935276de3d47ec6884ae91c74c4dc,02f0aa081f5159cd05607b14fb1082260651b5cf06bf2c01e19cdffe2c325503,c64987040b5c1227d9117174bea15a47323b47e8aea75809ef985515170fac69,N_raw_s23_f0_lr0.001,9d3659e601ff7bb7868c2aa433f553a94394ee454d472dbde434fe083c0c7160,790f8caa42139d3f5be041b38cbaaf690c88d1b3e6450af9490fabba88e82596,0,0,512,1024,307200,300,620ea1dc1e443dc6c238317463dc64ab3a9ae05fb592743f3a7d67d7ce17262c,d164ad5aa2ce5cddc59b090809ccdf258a142a0ebe45712102a4c410fef64b5d,82461e4d28691b5a3f76cac317a7bde90a5123c8b0ad8230422abc74e2e16326,10dfdb81f8d4e94b6c79fe77873ee10c1c43c43b752debce9aaf7641d2402843,fd0b415d4995c8ff6b61d5f15fd84a08191887a08a37ecd0fc53bb9453bf23c6,0.6854376122355461,0.06672091131000814,0.6216436126932465,0.4222945484133442
warm_N_raw_s23_f0_protection_lr0.003,warm,N,raw,23,0,protection,lr0.003,adam,0.003,,300,2.797549247741699,2.5100460052490234,0.0,0.013632356189191341,02f0aa081f5159cd05607b14fb1082260651b5cf06bf2c01e19cdffe2c325503,a072458f90bf8e6db2f4f18db356099c74ad6e0ca084fdec731c4fb2f1549198,62e8c873e585f2e14f4e6ccc871fb3e51ce14f8d507b23b2d507ed489c823cd3,02f0aa081f5159cd05607b14fb1082260651b5cf06bf2c01e19cdffe2c325503,c64987040b5c1227d9117174bea15a47323b47e8aea75809ef985515170fac69,N_raw_s23_f0_lr0.001,238bf31181eee733d0e333d403155d760adedf21349de1f66cecea695452332a,790f8caa42139d3f5be041b38cbaaf690c88d1b3e6450af9490fabba88e82596,0,0,512,1024,307200,300,620ea1dc1e443dc6c238317463dc64ab3a9ae05fb592743f3a7d67d7ce17262c,d164ad5aa2ce5cddc59b090809ccdf258a142a0ebe45712102a4c410fef64b5d,82461e4d28691b5a3f76cac317a7bde90a5123c8b0ad8230422abc74e2e16326,10dfdb81f8d4e94b6c79fe77873ee10c1c43c43b752debce9aaf7641d2402843,fd0b415d4995c8ff6b61d5f15fd84a08191887a08a37ecd0fc53bb9453bf23c6,0.6851813495159149,0.06834825061025224,0.6232709519934907,0.4222945484133442
warm_N_raw_s23_f0_protection_lr0.01,warm,N,raw,23,0,protection,lr0.01,adam,0.01,,300,2.7676918506622314,2.5100460052490234,0.0,0.0136922188103199,02f0aa081f5159cd05607b14fb1082260651b5cf06bf2c01e19cdffe2c325503,a072458f90bf8e6db2f4f18db356099c74ad6e0ca084fdec731c4fb2f1549198,7dd861403a5011532165ac1a32d7c0bd67040d66f60e8d0739444fc19c872df3,02f0aa081f5159cd05607b14fb1082260651b5cf06bf2c01e19cdffe2c325503,c64987040b5c1227d9117174bea15a47323b47e8aea75809ef985515170fac69,N_raw_s23_f0_lr0.001,63aa98e1278108c8ac71705a182de99767f0b0160f25ce5490ac86ba3c2059da,790f8caa42139d3f5be041b38cbaaf690c88d1b3e6450af9490fabba88e82596,0,0,512,1024,307200,300,620ea1dc1e443dc6c238317463dc64ab3a9ae05fb592743f3a7d67d7ce17262c,d164ad5aa2ce5cddc59b090809ccdf258a142a0ebe45712102a4c410fef64b5d,82461e4d28691b5a3f76cac317a7bde90a5123c8b0ad8230422abc74e2e16326,10dfdb81f8d4e94b6c79fe77873ee10c1c43c43b752debce9aaf7641d2402843,fd0b415d4995c8ff6b61d5f15fd84a08191887a08a37ecd0fc53bb9453bf23c6,0.6927991807460785,0.07404393816110659,0.6208299430431244,0.42961757526444266
warm_N_raw_s23_f100_hard_replay_lr0.001,warm,N,raw,23,100,hard_replay,lr0.001,adam,0.001,,300,0.9015234112739563,2.5100460052490234,0.029296875,0.6993249654769897,02f0aa081f5159cd05607b14fb1082260651b5cf06bf2c01e19cdffe2c325503,a072458f90bf8e6db2f4f18db356099c74ad6e0ca084fdec731c4fb2f1549198,47718348f94f19d2854973abc3987f2be190b92975140428793778ce3d32139d,02f0aa081f5159cd05607b14fb1082260651b5cf06bf2c01e19cdffe2c325503,c64987040b5c1227d9117174bea15a47323b47e8aea75809ef985515170fac69,N_raw_s23_f0_lr0.001,620827640e9d3ca4ea8833895099ca4270f471a5687b698124211e305b6f19a7,14b2df168c379b62fb0477d35a6c4addcf05a99e9750f16ad27faf739e7920fd,1534,0,512,2558,767400,300,620ea1dc1e443dc6c238317463dc64ab3a9ae05fb592743f3a7d67d7ce17262c,d164ad5aa2ce5cddc59b090809ccdf258a142a0ebe45712102a4c410fef64b5d,82461e4d28691b5a3f76cac317a7bde90a5123c8b0ad8230422abc74e2e16326,10dfdb81f8d4e94b6c79fe77873ee10c1c43c43b752debce9aaf7641d2402843,fd0b415d4995c8ff6b61d5f15fd84a08191887a08a37ecd0fc53bb9453bf23c6,0.9717485755681992,0.13344182262001628,0.5467860048820179,0.564686737184703
warm_N_raw_s23_f100_hard_replay_lr0.003,warm,N,raw,23,100,hard_replay,lr0.003,adam,0.003,,300,1.505188226699829,2.5100460052490234,0.005859375,0.29946956038475037,02f0aa081f5159cd05607b14fb1082260651b5cf06bf2c01e19cdffe2c325503,a072458f90bf8e6db2f4f18db356099c74ad6e0ca084fdec731c4fb2f1549198,eb9b6e57d08341706912d2c4d752c825a35bb682445b62214ef78a3b914501df,02f0aa081f5159cd05607b14fb1082260651b5cf06bf2c01e19cdffe2c325503,c64987040b5c1227d9117174bea15a47323b47e8aea75809ef985515170fac69,N_raw_s23_f0_lr0.001,508857624945fc1c8a4af4d991ebf830d806651a433a25713edafa53cb2dbfbe,14b2df168c379b62fb0477d35a6c4addcf05a99e9750f16ad27faf739e7920fd,1534,0,512,2558,767400,300,620ea1dc1e443dc6c238317463dc64ab3a9ae05fb592743f3a7d67d7ce17262c,d164ad5aa2ce5cddc59b090809ccdf258a142a0ebe45712102a4c410fef64b5d,82461e4d28691b5a3f76cac317a7bde90a5123c8b0ad8230422abc74e2e16326,10dfdb81f8d4e94b6c79fe77873ee10c1c43c43b752debce9aaf7641d2402843,fd0b415d4995c8ff6b61d5f15fd84a08191887a08a37ecd0fc53bb9453bf23c6,0.9746222943067551,0.15866558177379983,0.5524816924328723,0.5907241659886087
warm_N_raw_s23_f100_hard_replay_lr0.01,warm,N,raw,23,100,hard_replay,lr0.01,adam,0.01,,300,1.9167466163635254,2.5100460052490234,0.015625,0.20052972435951233,02f0aa081f5159cd05607b14fb1082260651b5cf06bf2c01e19cdffe2c325503,a072458f90bf8e6db2f4f18db356099c74ad6e0ca084fdec731c4fb2f1549198,5882e1c59d4e2a16bedefa70ae5be65a06ccf784942d095739146eb4b6c930f6,02f0aa081f5159cd05607b14fb1082260651b5cf06bf2c01e19cdffe2c325503,c64987040b5c1227d9117174bea15a47323b47e8aea75809ef985515170fac69,N_raw_s23_f0_lr0.001,9fd5933299ff4510bbd95fb49ddd18a72c90f094356b0469a8f9e53ce4197578,14b2df168c379b62fb0477d35a6c4addcf05a99e9750f16ad27faf739e7920fd,1534,0,512,2558,767400,300,620ea1dc1e443dc6c238317463dc64ab3a9ae05fb592743f3a7d67d7ce17262c,d164ad5aa2ce5cddc59b090809ccdf258a142a0ebe45712102a4c410fef64b5d,82461e4d28691b5a3f76cac317a7bde90a5123c8b0ad8230422abc74e2e16326,10dfdb81f8d4e94b6c79fe77873ee10c1c43c43b752debce9aaf7641d2402843,fd0b415d4995c8ff6b61d5f15fd84a08191887a08a37ecd0fc53bb9453bf23c6,0.958493672311306,0.12693246541903988,0.5345809601301872,0.5752644426362896
warm_N_raw_s23_f100_plain_adam_lr0.0005_steps600,warm,N,raw,23,100,plain,adam_lr0.0005_steps600,adam,0.0005,,600,0.871356189250946,2.5100460052490234,0.095703125,0.5121629238128662,02f0aa081f5159cd05607b14fb1082260651b5cf06bf2c01e19cdffe2c325503,a072458f90bf8e6db2f4f18db356099c74ad6e0ca084fdec731c4fb2f1549198,e9b66d2ca3e12ef82971c71e79ffc50d8ae98d3ce56f945aede7cf8c1b8cc080,02f0aa081f5159cd05607b14fb1082260651b5cf06bf2c01e19cdffe2c325503,c64987040b5c1227d9117174bea15a47323b47e8aea75809ef985515170fac69,N_raw_s23_f0_lr0.001,17d53438049bf7cc9a9724b50091e4822ccc10ca3cebdbcc5395f8a2b148425b,14b2df168c379b62fb0477d35a6c4addcf05a99e9750f16ad27faf739e7920fd,1534,0,512,2558,1534800,600,620ea1dc1e443dc6c238317463dc64ab3a9ae05fb592743f3a7d67d7ce17262c,d164ad5aa2ce5cddc59b090809ccdf258a142a0ebe45712102a4c410fef64b5d,82461e4d28691b5a3f76cac317a7bde90a5123c8b0ad8230422abc74e2e16326,10dfdb81f8d4e94b6c79fe77873ee10c1c43c43b752debce9aaf7641d2402843,fd0b415d4995c8ff6b61d5f15fd84a08191887a08a37ecd0fc53bb9453bf23c6,1.9415252432227135,0.13995117982099267,0.5370219690805533,0.580146460537022
warm_N_raw_s23_f100_plain_lr0.001,warm,N,raw,23,100,plain,lr0.001,adam,0.001,,300,0.8229696750640869,2.5100460052490234,0.095703125,0.5741603374481201,02f0aa081f5159cd05607b14fb1082260651b5cf06bf2c01e19cdffe2c325503,a072458f90bf8e6db2f4f18db356099c74ad6e0ca084fdec731c4fb2f1549198,c11ef59e58af77d919c4f6bb64b9d2d4a8fa2232c352bf53319c6e054eca7447,02f0aa081f5159cd05607b14fb1082260651b5cf06bf2c01e19cdffe2c325503,c64987040b5c1227d9117174bea15a47323b47e8aea75809ef985515170fac69,N_raw_s23_f0_lr0.001,f1107a88f675b28c9297a24dd51dddc1b6f5bb394515c75bb9c8e1962c8d0a7a,14b2df168c379b62fb0477d35a6c4addcf05a99e9750f16ad27faf739e7920fd,1534,0,512,2558,767400,300,620ea1dc1e443dc6c238317463dc64ab3a9ae05fb592743f3a7d67d7ce17262c,d164ad5aa2ce5cddc59b090809ccdf258a142a0ebe45712102a4c410fef64b5d,82461e4d28691b5a3f76cac317a7bde90a5123c8b0ad8230422abc74e2e16326,10dfdb81f8d4e94b6c79fe77873ee10c1c43c43b752debce9aaf7641d2402843,fd0b415d4995c8ff6b61d5f15fd84a08191887a08a37ecd0fc53bb9453bf23c6,0.9434112161397934,0.13588283157038242,0.5248169243287225,0.5874694873881204
warm_N_raw_s23_f100_plain_lr0.003,warm,N,raw,23,100,plain,lr0.003,adam,0.003,,300,1.3153518438339233,2.5100460052490234,0.033203125,0.2782098650932312,02f0aa081f5159cd05607b14fb1082260651b5cf06bf2c01e19cdffe2c325503,a072458f90bf8e6db2f4f18db356099c74ad6e0ca084fdec731c4fb2f1549198,83c0b114a27e04234a7ae2c7b6aa954e8561ea4eef8cc6ffefd00683a4a3a7a9,02f0aa081f5159cd05607b14fb1082260651b5cf06bf2c01e19cdffe2c325503,c64987040b5c1227d9117174bea15a47323b47e8aea75809ef985515170fac69,N_raw_s23_f0_lr0.001,586429de18a7b10806f3ab05f167b8f579876dee15f14e9163c7f88bdb707ff0,14b2df168c379b62fb0477d35a6c4addcf05a99e9750f16ad27faf739e7920fd,1534,0,512,2558,767400,300,620ea1dc1e443dc6c238317463dc64ab3a9ae05fb592743f3a7d67d7ce17262c,d164ad5aa2ce5cddc59b090809ccdf258a142a0ebe45712102a4c410fef64b5d,82461e4d28691b5a3f76cac317a7bde90a5123c8b0ad8230422abc74e2e16326,10dfdb81f8d4e94b6c79fe77873ee10c1c43c43b752debce9aaf7641d2402843,fd0b415d4995c8ff6b61d5f15fd84a08191887a08a37ecd0fc53bb9453bf23c6,0.992707222700119,0.14076484947111473,0.5524816924328723,0.5703824247355573
warm_N_raw_s23_f100_plain_lr0.01,warm,N,raw,23,100,plain,lr0.01,adam,0.01,,300,2.1372733116149902,2.5100460052490234,0.052734375,0.3419356048107147,02f0aa081f5159cd05607b14fb1082260651b5cf06bf2c01e19cdffe2c325503,a072458f90bf8e6db2f4f18db356099c74ad6e0ca084fdec731c4fb2f1549198,76b87144ebfc232e1c8196b5d681071471eac46f1eef1738ff64b5b1feb32dca,02f0aa081f5159cd05607b14fb1082260651b5cf06bf2c01e19cdffe2c325503,c64987040b5c1227d9117174bea15a47323b47e8aea75809ef985515170fac69,N_raw_s23_f0_lr0.001,9e575a95e7cd6eb0634e9d8ae653c6a69013455792954cc4dd02445db35eb65f,14b2df168c379b62fb0477d35a6c4addcf05a99e9750f16ad27faf739e7920fd,1534,0,512,2558,767400,300,620ea1dc1e443dc6c238317463dc64ab3a9ae05fb592743f3a7d67d7ce17262c,d164ad5aa2ce5cddc59b090809ccdf258a142a0ebe45712102a4c410fef64b5d,82461e4d28691b5a3f76cac317a7bde90a5123c8b0ad8230422abc74e2e16326,10dfdb81f8d4e94b6c79fe77873ee10c1c43c43b752debce9aaf7641d2402843,fd0b415d4995c8ff6b61d5f15fd84a08191887a08a37ecd0fc53bb9453bf23c6,0.9376803189516068,0.12449145646867373,0.6427990235964198,0.46379170056956875
warm_N_raw_s23_f100_plain_sgd_m09_lr0.003,warm,N,raw,23,100,plain,sgd_m09_lr0.003,sgd,0.003,0.9,300,0.9125869274139404,2.5100460052490234,0.10546875,0.5360202789306641,02f0aa081f5159cd05607b14fb1082260651b5cf06bf2c01e19cdffe2c325503,a072458f90bf8e6db2f4f18db356099c74ad6e0ca084fdec731c4fb2f1549198,6e8ccfe24b7c5b7ca5e759713ae82c67eb1f1912d1893f20c114613c75f5c1fe,02f0aa081f5159cd05607b14fb1082260651b5cf06bf2c01e19cdffe2c325503,c64987040b5c1227d9117174bea15a47323b47e8aea75809ef985515170fac69,N_raw_s23_f0_lr0.001,a90c2f4266bb5539f8e54559e52be93068695910fac03bd3d4ab6ea80527fa0d,14b2df168c379b62fb0477d35a6c4addcf05a99e9750f16ad27faf739e7920fd,1534,0,512,2558,767400,300,620ea1dc1e443dc6c238317463dc64ab3a9ae05fb592743f3a7d67d7ce17262c,d164ad5aa2ce5cddc59b090809ccdf258a142a0ebe45712102a4c410fef64b5d,82461e4d28691b5a3f76cac317a7bde90a5123c8b0ad8230422abc74e2e16326,10dfdb81f8d4e94b6c79fe77873ee10c1c43c43b752debce9aaf7641d2402843,fd0b415d4995c8ff6b61d5f15fd84a08191887a08a37ecd0fc53bb9453bf23c6,0.8376260325312614,0.1529698942229455,0.5524816924328723,0.5817737998372661
warm_N_raw_s23_f100_plain_sgd_m09_lr0.01,warm,N,raw,23,100,plain,sgd_m09_lr0.01,sgd,0.01,0.9,300,1.5913851261138916,2.5100460052490234,0.03515625,0.2408011257648468,02f0aa081f5159cd05607b14fb1082260651b5cf06bf2c01e19cdffe2c325503,a072458f90bf8e6db2f4f18db356099c74ad6e0ca084fdec731c4fb2f1549198,2c508b0203bf2481494ad75a3f8c89bd30028d6199d2e1ed5e959e9045cf5825,02f0aa081f5159cd05607b14fb1082260651b5cf06bf2c01e19cdffe2c325503,c64987040b5c1227d9117174bea15a47323b47e8aea75809ef985515170fac69,N_raw_s23_f0_lr0.001,54f53b7c7ce8e9ac3362e940f9595f0a4ad7fe770d0cd4769f28b51daa3536fa,14b2df168c379b62fb0477d35a6c4addcf05a99e9750f16ad27faf739e7920fd,1534,0,512,2558,767400,300,620ea1dc1e443dc6c238317463dc64ab3a9ae05fb592743f3a7d67d7ce17262c,d164ad5aa2ce5cddc59b090809ccdf258a142a0ebe45712102a4c410fef64b5d,82461e4d28691b5a3f76cac317a7bde90a5123c8b0ad8230422abc74e2e16326,10dfdb81f8d4e94b6c79fe77873ee10c1c43c43b752debce9aaf7641d2402843,fd0b415d4995c8ff6b61d5f15fd84a08191887a08a37ecd0fc53bb9453bf23c6,0.8815156519412994,0.14320585842148087,0.54759967453214,0.5777054515866559
warm_N_raw_s23_f100_preserve_flip_balanced_lr0.001,warm,N,raw,23,100,preserve_flip_balanced,lr0.001,adam,0.001,,300,1.0007332563400269,2.5100460052490234,0.0078125,0.42718854546546936,02f0aa081f5159cd05607b14fb1082260651b5cf06bf2c01e19cdffe2c325503,a072458f90bf8e6db2f4f18db356099c74ad6e0ca084fdec731c4fb2f1549198,fb23350e8e6bd42b0bdd59c69ce4e897f92fda02a0da79d1e5286fa4554a939a,02f0aa081f5159cd05607b14fb1082260651b5cf06bf2c01e19cdffe2c325503,c64987040b5c1227d9117174bea15a47323b47e8aea75809ef985515170fac69,N_raw_s23_f0_lr0.001,4b50d4c2da2dc50f8eba8539f7c663a2b990c4c35bab7d5bf346d81a480cb2a6,0e903494c598ce5f32680ea450389d6c77b5b60e40b7ae2334378343930468cd,767,767,512,2558,767400,300,620ea1dc1e443dc6c238317463dc64ab3a9ae05fb592743f3a7d67d7ce17262c,d164ad5aa2ce5cddc59b090809ccdf258a142a0ebe45712102a4c410fef64b5d,82461e4d28691b5a3f76cac317a7bde90a5123c8b0ad8230422abc74e2e16326,10dfdb81f8d4e94b6c79fe77873ee10c1c43c43b752debce9aaf7641d2402843,fd0b415d4995c8ff6b61d5f15fd84a08191887a08a37ecd0fc53bb9453bf23c6,0.9591411277651787,0.13018714401952808,0.6004882017900732,0.5061025223759154
warm_N_raw_s23_f100_preserve_flip_balanced_lr0.003,warm,N,raw,23,100,preserve_flip_balanced,lr0.003,adam,0.003,,300,1.7535725831985474,2.5100460052490234,0.0,0.1621917188167572,02f0aa081f5159cd05607b14fb1082260651b5cf06bf2c01e19cdffe2c325503,a072458f90bf8e6db2f4f18db356099c74ad6e0ca084fdec731c4fb2f1549198,5e86090763125f0a51438ef79f423efc9788231e8f69a7e3080bc1a0bd7e6916,02f0aa081f5159cd05607b14fb1082260651b5cf06bf2c01e19cdffe2c325503,c64987040b5c1227d9117174bea15a47323b47e8aea75809ef985515170fac69,N_raw_s23_f0_lr0.001,8711832b1d02d73db07fce91026f72ad6d0db65938585d72b42ffce6fa19546b,0e903494c598ce5f32680ea450389d6c77b5b60e40b7ae2334378343930468cd,767,767,512,2558,767400,300,620ea1dc1e443dc6c238317463dc64ab3a9ae05fb592743f3a7d67d7ce17262c,d164ad5aa2ce5cddc59b090809ccdf258a142a0ebe45712102a4c410fef64b5d,82461e4d28691b5a3f76cac317a7bde90a5123c8b0ad8230422abc74e2e16326,10dfdb81f8d4e94b6c79fe77873ee10c1c43c43b752debce9aaf7641d2402843,fd0b415d4995c8ff6b61d5f15fd84a08191887a08a37ecd0fc53bb9453bf23c6,1.0122299119830132,0.15052888527257932,0.5923515052888527,0.5280716029292107
warm_N_raw_s23_f100_preserve_flip_balanced_lr0.01,warm,N,raw,23,100,preserve_flip_balanced,lr0.01,adam,0.01,,300,2.111908435821533,2.5100460052490234,0.0,0.1230010986328125,02f0aa081f5159cd05607b14fb1082260651b5cf06bf2c01e19cdffe2c325503,a072458f90bf8e6db2f4f18db356099c74ad6e0ca084fdec731c4fb2f1549198,e43d87966e2921adea1eee78e3b10a949677e8dbcd116c3bb28ef1d6b856ef67,02f0aa081f5159cd05607b14fb1082260651b5cf06bf2c01e19cdffe2c325503,c64987040b5c1227d9117174bea15a47323b47e8aea75809ef985515170fac69,N_raw_s23_f0_lr0.001,d181f65daca5e749a9d81ddcf54f09a8a2b901585d2e09953242a7df7df04445,0e903494c598ce5f32680ea450389d6c77b5b60e40b7ae2334378343930468cd,767,767,512,2558,767400,300,620ea1dc1e443dc6c238317463dc64ab3a9ae05fb592743f3a7d67d7ce17262c,d164ad5aa2ce5cddc59b090809ccdf258a142a0ebe45712102a4c410fef64b5d,82461e4d28691b5a3f76cac317a7bde90a5123c8b0ad8230422abc74e2e16326,10dfdb81f8d4e94b6c79fe77873ee10c1c43c43b752debce9aaf7641d2402843,fd0b415d4995c8ff6b61d5f15fd84a08191887a08a37ecd0fc53bb9453bf23c6,0.9788975715637207,0.15866558177379983,0.6013018714401953,0.5353946297803092
warm_N_raw_s23_f100_protection_lr0.001,warm,N,raw,23,100,protection,lr0.001,adam,0.001,,300,0.892854630947113,2.5100460052490234,0.03125,0.7025246620178223,02f0aa081f5159cd05607b14fb1082260651b5cf06bf2c01e19cdffe2c325503,a072458f90bf8e6db2f4f18db356099c74ad6e0ca084fdec731c4fb2f1549198,fd2ff9dfeba2f2dee4792a0cc3c64d8b8bba41d6b8d309ee77f76f0e7facb09f,02f0aa081f5159cd05607b14fb1082260651b5cf06bf2c01e19cdffe2c325503,c64987040b5c1227d9117174bea15a47323b47e8aea75809ef985515170fac69,N_raw_s23_f0_lr0.001,bf54954c2f993ac2f49221328dcf38703312ea6d66b6538f34ada29b402d9e94,14b2df168c379b62fb0477d35a6c4addcf05a99e9750f16ad27faf739e7920fd,1534,0,512,2558,767400,300,620ea1dc1e443dc6c238317463dc64ab3a9ae05fb592743f3a7d67d7ce17262c,d164ad5aa2ce5cddc59b090809ccdf258a142a0ebe45712102a4c410fef64b5d,82461e4d28691b5a3f76cac317a7bde90a5123c8b0ad8230422abc74e2e16326,10dfdb81f8d4e94b6c79fe77873ee10c1c43c43b752debce9aaf7641d2402843,fd0b415d4995c8ff6b61d5f15fd84a08191887a08a37ecd0fc53bb9453bf23c6,0.987174317240715,0.13506916192026036,0.549227013832384,0.563873067534581
warm_N_raw_s23_f100_protection_lr0.003,warm,N,raw,23,100,protection,lr0.003,adam,0.003,,300,1.4661071300506592,2.5100460052490234,0.00390625,0.31360316276550293,02f0aa081f5159cd05607b14fb1082260651b5cf06bf2c01e19cdffe2c325503,a072458f90bf8e6db2f4f18db356099c74ad6e0ca084fdec731c4fb2f1549198,f19e80df1bb86e52ee35104bbce2c14208f7c9f96389fd1f8c879c324492c109,02f0aa081f5159cd05607b14fb1082260651b5cf06bf2c01e19cdffe2c325503,c64987040b5c1227d9117174bea15a47323b47e8aea75809ef985515170fac69,N_raw_s23_f0_lr0.001,cea4a7b083e17f77959a2648ca714aa180a346c8cf84189ba0818f2c39261bbc,14b2df168c379b62fb0477d35a6c4addcf05a99e9750f16ad27faf739e7920fd,1534,0,512,2558,767400,300,620ea1dc1e443dc6c238317463dc64ab3a9ae05fb592743f3a7d67d7ce17262c,d164ad5aa2ce5cddc59b090809ccdf258a142a0ebe45712102a4c410fef64b5d,82461e4d28691b5a3f76cac317a7bde90a5123c8b0ad8230422abc74e2e16326,10dfdb81f8d4e94b6c79fe77873ee10c1c43c43b752debce9aaf7641d2402843,fd0b415d4995c8ff6b61d5f15fd84a08191887a08a37ecd0fc53bb9453bf23c6,0.9728813320398331,0.161106590724166,0.5516680227827502,0.5923515052888527
warm_N_raw_s23_f100_protection_lr0.01,warm,N,raw,23,100,protection,lr0.01,adam,0.01,,300,1.872754454612732,2.5100460052490234,0.001953125,0.1908029317855835,02f0aa081f5159cd05607b14fb1082260651b5cf06bf2c01e19cdffe2c325503,a072458f90bf8e6db2f4f18db356099c74ad6e0ca084fdec731c4fb2f1549198,0a400624c67e6c7318f1c5ed83f9b9c810b2ba1cd9655357957b9c8de8f317d9,02f0aa081f5159cd05607b14fb1082260651b5cf06bf2c01e19cdffe2c325503,c64987040b5c1227d9117174bea15a47323b47e8aea75809ef985515170fac69,N_raw_s23_f0_lr0.001,6b9978130e8115d69351b408dde466d67ba0b3cfd618215f654954be426b4e39,14b2df168c379b62fb0477d35a6c4addcf05a99e9750f16ad27faf739e7920fd,1534,0,512,2558,767400,300,620ea1dc1e443dc6c238317463dc64ab3a9ae05fb592743f3a7d67d7ce17262c,d164ad5aa2ce5cddc59b090809ccdf258a142a0ebe45712102a4c410fef64b5d,82461e4d28691b5a3f76cac317a7bde90a5123c8b0ad8230422abc74e2e16326,10dfdb81f8d4e94b6c79fe77873ee10c1c43c43b752debce9aaf7641d2402843,fd0b415d4995c8ff6b61d5f15fd84a08191887a08a37ecd0fc53bb9453bf23c6,1.0180379301309586,0.13425549227013833,0.5435313262815297,0.5687550854353133
warm_N_raw_s23_f25_hard_replay_lr0.001,warm,N,raw,23,25,hard_replay,lr0.001,adam,0.001,,300,1.1224507093429565,2.5100460052490234,0.02734375,0.5147533416748047,02f0aa081f5159cd05607b14fb1082260651b5cf06bf2c01e19cdffe2c325503,a072458f90bf8e6db2f4f18db356099c74ad6e0ca084fdec731c4fb2f1549198,af63077d936f863b75ec8b8c88e376f2fc5427c76ab08a148a7cb964fca3efb3,02f0aa081f5159cd05607b14fb1082260651b5cf06bf2c01e19cdffe2c325503,c64987040b5c1227d9117174bea15a47323b47e8aea75809ef985515170fac69,N_raw_s23_f0_lr0.001,db55021f8b6ae9f7dd316bd2d0a96237652787e2f515acd59fe496877844f3c6,c5db7def0759ab978b103f6d0d9e22bce710ddb79b3b9727082ea763d50041bb,383,0,512,1407,422100,300,620ea1dc1e443dc6c238317463dc64ab3a9ae05fb592743f3a7d67d7ce17262c,d164ad5aa2ce5cddc59b090809ccdf258a142a0ebe45712102a4c410fef64b5d,82461e4d28691b5a3f76cac317a7bde90a5123c8b0ad8230422abc74e2e16326,10dfdb81f8d4e94b6c79fe77873ee10c1c43c43b752debce9aaf7641d2402843,fd0b415d4995c8ff6b61d5f15fd84a08191887a08a37ecd0fc53bb9453bf23c6,0.8263880908489227,0.10577705451586655,0.5467860048820179,0.5362082994304312
warm_N_raw_s23_f25_hard_replay_lr0.003,warm,N,raw,23,25,hard_replay,lr0.003,adam,0.003,,300,2.283203363418579,2.5100460052490234,0.005859375,0.12532483041286469,02f0aa081f5159cd05607b14fb1082260651b5cf06bf2c01e19cdffe2c325503,a072458f90bf8e6db2f4f18db356099c74ad6e0ca084fdec731c4fb2f1549198,47c1e6daf27069ba71d3063fe6d4c3de3f9f7867dea2944799ce587131bc743a,02f0aa081f5159cd05607b14fb1082260651b5cf06bf2c01e19cdffe2c325503,c64987040b5c1227d9117174bea15a47323b47e8aea75809ef985515170fac69,N_raw_s23_f0_lr0.001,26f96c70e7fa49f81fedefe4fccbdede1b9f36be4702fd821a4a35171d88d2a2,c5db7def0759ab978b103f6d0d9e22bce710ddb79b3b9727082ea763d50041bb,383,0,512,1407,422100,300,620ea1dc1e443dc6c238317463dc64ab3a9ae05fb592743f3a7d67d7ce17262c,d164ad5aa2ce5cddc59b090809ccdf258a142a0ebe45712102a4c410fef64b5d,82461e4d28691b5a3f76cac317a7bde90a5123c8b0ad8230422abc74e2e16326,10dfdb81f8d4e94b6c79fe77873ee10c1c43c43b752debce9aaf7641d2402843,fd0b415d4995c8ff6b61d5f15fd84a08191887a08a37ecd0fc53bb9453bf23c6,0.8844458758831024,0.11391375101708706,0.5410903173311635,0.5451586655817738
warm_N_raw_s23_f25_hard_replay_lr0.01,warm,N,raw,23,25,hard_replay,lr0.01,adam,0.01,,300,2.9067296981811523,2.5100460052490234,0.005859375,0.060551635921001434,02f0aa081f5159cd05607b14fb1082260651b5cf06bf2c01e19cdffe2c325503,a072458f90bf8e6db2f4f18db356099c74ad6e0ca084fdec731c4fb2f1549198,9a3b810c6a5a7936236a242bdd171d0f245456fdbc64e8551bba86aecf24f7b0,02f0aa081f5159cd05607b14fb1082260651b5cf06bf2c01e19cdffe2c325503,c64987040b5c1227d9117174bea15a47323b47e8aea75809ef985515170fac69,N_raw_s23_f0_lr0.001,9bd9a084f7ff89f61bd1d65fc8bf18d6dd0a6c76b4e5664728f018c23238fed2,c5db7def0759ab978b103f6d0d9e22bce710ddb79b3b9727082ea763d50041bb,383,0,512,1407,422100,300,620ea1dc1e443dc6c238317463dc64ab3a9ae05fb592743f3a7d67d7ce17262c,d164ad5aa2ce5cddc59b090809ccdf258a142a0ebe45712102a4c410fef64b5d,82461e4d28691b5a3f76cac317a7bde90a5123c8b0ad8230422abc74e2e16326,10dfdb81f8d4e94b6c79fe77873ee10c1c43c43b752debce9aaf7641d2402843,fd0b415d4995c8ff6b61d5f15fd84a08191887a08a37ecd0fc53bb9453bf23c6,0.846434660255909,0.12042310821806347,0.5687550854353133,0.5296989422294548
warm_N_raw_s23_f25_plain_adam_lr0.0005_steps600,warm,N,raw,23,25,plain,adam_lr0.0005_steps600,adam,0.0005,,600,1.1712493896484375,2.5100460052490234,0.078125,0.356315016746521,02f0aa081f5159cd05607b14fb1082260651b5cf06bf2c01e19cdffe2c325503,a072458f90bf8e6db2f4f18db356099c74ad6e0ca084fdec731c4fb2f1549198,21048b927f5dd46e39028926dc6cefff4885df1755229cb637a7cd008e346337,02f0aa081f5159cd05607b14fb1082260651b5cf06bf2c01e19cdffe2c325503,c64987040b5c1227d9117174bea15a47323b47e8aea75809ef985515170fac69,N_raw_s23_f0_lr0.001,c226ca6c3623fe501a0679496fe458c6dbcb9ea2f6c27a0cf4a781d0c00e951d,c5db7def0759ab978b103f6d0d9e22bce710ddb79b3b9727082ea763d50041bb,383,0,512,1407,844200,600,620ea1dc1e443dc6c238317463dc64ab3a9ae05fb592743f3a7d67d7ce17262c,d164ad5aa2ce5cddc59b090809ccdf258a142a0ebe45712102a4c410fef64b5d,82461e4d28691b5a3f76cac317a7bde90a5123c8b0ad8230422abc74e2e16326,10dfdb81f8d4e94b6c79fe77873ee10c1c43c43b752debce9aaf7641d2402843,fd0b415d4995c8ff6b61d5f15fd84a08191887a08a37ecd0fc53bb9453bf23c6,1.685043178498745,0.09764035801464606,0.5264442636289667,0.5459723352318958
warm_N_raw_s23_f25_plain_lr0.001,warm,N,raw,23,25,plain,lr0.001,adam,0.001,,300,1.0674974918365479,2.5100460052490234,0.091796875,0.41967374086380005,02f0aa081f5159cd05607b14fb1082260651b5cf06bf2c01e19cdffe2c325503,a072458f90bf8e6db2f4f18db356099c74ad6e0ca084fdec731c4fb2f1549198,14a00c7130ee8765aa4918b4d5932ffa47ca5076be7c6c31ed21b908ce3d8514,02f0aa081f5159cd05607b14fb1082260651b5cf06bf2c01e19cdffe2c325503,c64987040b5c1227d9117174bea15a47323b47e8aea75809ef985515170fac69,N_raw_s23_f0_lr0.001,2a3a74c180cbf0840d52e01eb7e160aa398e6a4461c466e97eca8304bcfe2f92,c5db7def0759ab978b103f6d0d9e22bce710ddb79b3b9727082ea763d50041bb,383,0,512,1407,422100,300,620ea1dc1e443dc6c238317463dc64ab3a9ae05fb592743f3a7d67d7ce17262c,d164ad5aa2ce5cddc59b090809ccdf258a142a0ebe45712102a4c410fef64b5d,82461e4d28691b5a3f76cac317a7bde90a5123c8b0ad8230422abc74e2e16326,10dfdb81f8d4e94b6c79fe77873ee10c1c43c43b752debce9aaf7641d2402843,fd0b415d4995c8ff6b61d5f15fd84a08191887a08a37ecd0fc53bb9453bf23c6,0.8605094254016876,0.10170870626525631,0.5272579332790887,0.5598047192839707
warm_N_raw_s23_f25_plain_lr0.003,warm,N,raw,23,25,plain,lr0.003,adam,0.003,,300,1.7760204076766968,2.5100460052490234,0.025390625,0.13477274775505066,02f0aa081f5159cd05607b14fb1082260651b5cf06bf2c01e19cdffe2c325503,a072458f90bf8e6db2f4f18db356099c74ad6e0ca084fdec731c4fb2f1549198,4db0674f326936a1d365f0729d4b01338a2316dc1784d70e4e1b011d949d207f,02f0aa081f5159cd05607b14fb1082260651b5cf06bf2c01e19cdffe2c325503,c64987040b5c1227d9117174bea15a47323b47e8aea75809ef985515170fac69,N_raw_s23_f0_lr0.001,f24d18b9ace9d4bc36c4c9a4b2427c84634cfc71aa7ff923c7e1809d9b691cb4,c5db7def0759ab978b103f6d0d9e22bce710ddb79b3b9727082ea763d50041bb,383,0,512,1407,422100,300,620ea1dc1e443dc6c238317463dc64ab3a9ae05fb592743f3a7d67d7ce17262c,d164ad5aa2ce5cddc59b090809ccdf258a142a0ebe45712102a4c410fef64b5d,82461e4d28691b5a3f76cac317a7bde90a5123c8b0ad8230422abc74e2e16326,10dfdb81f8d4e94b6c79fe77873ee10c1c43c43b752debce9aaf7641d2402843,fd0b415d4995c8ff6b61d5f15fd84a08191887a08a37ecd0fc53bb9453bf23c6,0.9292435124516487,0.11228641171684296,0.5467860048820179,0.5402766476810414
warm_N_raw_s23_f25_plain_lr0.01,warm,N,raw,23,25,plain,lr0.01,adam,0.01,,300,2.0706419944763184,2.5100460052490234,0.177734375,0.8223675489425659,02f0aa081f5159cd05607b14fb1082260651b5cf06bf2c01e19cdffe2c325503,a072458f90bf8e6db2f4f18db356099c74ad6e0ca084fdec731c4fb2f1549198,33437cf3ab5550645c64d2b953bf762a2654c9b81f981414f3d285be3f67386f,02f0aa081f5159cd05607b14fb1082260651b5cf06bf2c01e19cdffe2c325503,c64987040b5c1227d9117174bea15a47323b47e8aea75809ef985515170fac69,N_raw_s23_f0_lr0.001,0bdaba33f2d79d148496d01c9406c4e57ccc808710adf3ca4ba9ff5b90a45246,c5db7def0759ab978b103f6d0d9e22bce710ddb79b3b9727082ea763d50041bb,383,0,512,1407,422100,300,620ea1dc1e443dc6c238317463dc64ab3a9ae05fb592743f3a7d67d7ce17262c,d164ad5aa2ce5cddc59b090809ccdf258a142a0ebe45712102a4c410fef64b5d,82461e4d28691b5a3f76cac317a7bde90a5123c8b0ad8230422abc74e2e16326,10dfdb81f8d4e94b6c79fe77873ee10c1c43c43b752debce9aaf7641d2402843,fd0b415d4995c8ff6b61d5f15fd84a08191887a08a37ecd0fc53bb9453bf23c6,0.8386013954877853,0.12042310821806347,0.5077298616761595,0.5915378356387306
warm_N_raw_s23_f25_plain_sgd_m09_lr0.003,warm,N,raw,23,25,plain,sgd_m09_lr0.003,sgd,0.003,0.9,300,1.3287341594696045,2.5100460052490234,0.068359375,0.3477335572242737,02f0aa081f5159cd05607b14fb1082260651b5cf06bf2c01e19cdffe2c325503,a072458f90bf8e6db2f4f18db356099c74ad6e0ca084fdec731c4fb2f1549198,2bd8289834dc9b00b442ee03300da8610115ec94791f415962bb8484d314e413,02f0aa081f5159cd05607b14fb1082260651b5cf06bf2c01e19cdffe2c325503,c64987040b5c1227d9117174bea15a47323b47e8aea75809ef985515170fac69,N_raw_s23_f0_lr0.001,cbd6ff513af4b28a3c2e392a39c56c6ba14af485e2ba5946f3016862226a25c3,c5db7def0759ab978b103f6d0d9e22bce710ddb79b3b9727082ea763d50041bb,383,0,512,1407,422100,300,620ea1dc1e443dc6c238317463dc64ab3a9ae05fb592743f3a7d67d7ce17262c,d164ad5aa2ce5cddc59b090809ccdf258a142a0ebe45712102a4c410fef64b5d,82461e4d28691b5a3f76cac317a7bde90a5123c8b0ad8230422abc74e2e16326,10dfdb81f8d4e94b6c79fe77873ee10c1c43c43b752debce9aaf7641d2402843,fd0b415d4995c8ff6b61d5f15fd84a08191887a08a37ecd0fc53bb9453bf23c6,0.7119054347276688,0.10496338486574451,0.5378356387306753,0.5419039869812856
warm_N_raw_s23_f25_plain_sgd_m09_lr0.01,warm,N,raw,23,25,plain,sgd_m09_lr0.01,sgd,0.01,0.9,300,2.4461112022399902,2.5100460052490234,0.013671875,0.0993490219116211,02f0aa081f5159cd05607b14fb1082260651b5cf06bf2c01e19cdffe2c325503,a072458f90bf8e6db2f4f18db356099c74ad6e0ca084fdec731c4fb2f1549198,9b579d226f5f96729849f39cef28d4bf1db02c2055c0145cd063d1f99f80440b,02f0aa081f5159cd05607b14fb1082260651b5cf06bf2c01e19cdffe2c325503,c64987040b5c1227d9117174bea15a47323b47e8aea75809ef985515170fac69,N_raw_s23_f0_lr0.001,4edb58d13dfe72fcf3b5381a10eecb1757bee93dfd5c4337910876e4ec0eefec,c5db7def0759ab978b103f6d0d9e22bce710ddb79b3b9727082ea763d50041bb,383,0,512,1407,422100,300,620ea1dc1e443dc6c238317463dc64ab3a9ae05fb592743f3a7d67d7ce17262c,d164ad5aa2ce5cddc59b090809ccdf258a142a0ebe45712102a4c410fef64b5d,82461e4d28691b5a3f76cac317a7bde90a5123c8b0ad8230422abc74e2e16326,10dfdb81f8d4e94b6c79fe77873ee10c1c43c43b752debce9aaf7641d2402843,fd0b415d4995c8ff6b61d5f15fd84a08191887a08a37ecd0fc53bb9453bf23c6,0.7171614468097687,0.12367778681855167,0.5703824247355573,0.5370219690805533
warm_N_raw_s23_f25_preserve_flip_balanced_lr0.001,warm,N,raw,23,25,preserve_flip_balanced,lr0.001,adam,0.001,,300,1.592992901802063,2.5100460052490234,0.009765625,0.20262113213539124,02f0aa081f5159cd05607b14fb1082260651b5cf06bf2c01e19cdffe2c325503,a072458f90bf8e6db2f4f18db356099c74ad6e0ca084fdec731c4fb2f1549198,ea9ba351a746829471b6f95586131580039c9f80f3e79fc07b85ff9e956277b7,02f0aa081f5159cd05607b14fb1082260651b5cf06bf2c01e19cdffe2c325503,c64987040b5c1227d9117174bea15a47323b47e8aea75809ef985515170fac69,N_raw_s23_f0_lr0.001,660836a7f67d31098316b8fef06688f5e9f795463011b46aad79fbeaed596866,dc51395f55d748d66d80ec7911c22d9f0156f10a0555b11db1acc1e64850d704,191,192,512,1407,422100,300,620ea1dc1e443dc6c238317463dc64ab3a9ae05fb592743f3a7d67d7ce17262c,d164ad5aa2ce5cddc59b090809ccdf258a142a0ebe45712102a4c410fef64b5d,82461e4d28691b5a3f76cac317a7bde90a5123c8b0ad8230422abc74e2e16326,10dfdb81f8d4e94b6c79fe77873ee10c1c43c43b752debce9aaf7641d2402843,fd0b415d4995c8ff6b61d5f15fd84a08191887a08a37ecd0fc53bb9453bf23c6,0.8819364085793495,0.1277461350691619,0.6037428803905615,0.49959316517493896
warm_N_raw_s23_f25_preserve_flip_balanced_lr0.003,warm,N,raw,23,25,preserve_flip_balanced,lr0.003,adam,0.003,,300,3.0185821056365967,2.5100460052490234,0.001953125,0.03348320350050926,02f0aa081f5159cd05607b14fb1082260651b5cf06bf2c01e19cdffe2c325503,a072458f90bf8e6db2f4f18db356099c74ad6e0ca084fdec731c4fb2f1549198,f3fff11599985bfa5390a177fe9062847e307b0192da7d57a23a1e49f78e9de2,02f0aa081f5159cd05607b14fb1082260651b5cf06bf2c01e19cdffe2c325503,c64987040b5c1227d9117174bea15a47323b47e8aea75809ef985515170fac69,N_raw_s23_f0_lr0.001,06f5697b77625b9229579613e39c56ddda76d603e8247bf1ddae5cfa7c0fdcec,dc51395f55d748d66d80ec7911c22d9f0156f10a0555b11db1acc1e64850d704,191,192,512,1407,422100,300,620ea1dc1e443dc6c238317463dc64ab3a9ae05fb592743f3a7d67d7ce17262c,d164ad5aa2ce5cddc59b090809ccdf258a142a0ebe45712102a4c410fef64b5d,82461e4d28691b5a3f76cac317a7bde90a5123c8b0ad8230422abc74e2e16326,10dfdb81f8d4e94b6c79fe77873ee10c1c43c43b752debce9aaf7641d2402843,fd0b415d4995c8ff6b61d5f15fd84a08191887a08a37ecd0fc53bb9453bf23c6,0.838891364634037,0.16192026037428803,0.6183889340927583,0.5183075671277462
warm_N_raw_s23_f25_preserve_flip_balanced_lr0.01,warm,N,raw,23,25,preserve_flip_balanced,lr0.01,adam,0.01,,300,3.7685458660125732,2.5100460052490234,0.0,0.02884726971387863,02f0aa081f5159cd05607b14fb1082260651b5cf06bf2c01e19cdffe2c325503,a072458f90bf8e6db2f4f18db356099c74ad6e0ca084fdec731c4fb2f1549198,0253d276b481f349a071e140b641ac652f4265696fee24b4806e85b7ec3ad3e5,02f0aa081f5159cd05607b14fb1082260651b5cf06bf2c01e19cdffe2c325503,c64987040b5c1227d9117174bea15a47323b47e8aea75809ef985515170fac69,N_raw_s23_f0_lr0.001,8a14cdafbaf68b436e0687e8b905b20931eacf88dd3b128c4a8fbb2a199e3dea,dc51395f55d748d66d80ec7911c22d9f0156f10a0555b11db1acc1e64850d704,191,192,512,1407,422100,300,620ea1dc1e443dc6c238317463dc64ab3a9ae05fb592743f3a7d67d7ce17262c,d164ad5aa2ce5cddc59b090809ccdf258a142a0ebe45712102a4c410fef64b5d,82461e4d28691b5a3f76cac317a7bde90a5123c8b0ad8230422abc74e2e16326,10dfdb81f8d4e94b6c79fe77873ee10c1c43c43b752debce9aaf7641d2402843,fd0b415d4995c8ff6b61d5f15fd84a08191887a08a37ecd0fc53bb9453bf23c6,0.8927111700177193,0.13262815296989422,0.6078112286411717,0.49959316517493896
warm_N_raw_s23_f25_protection_lr0.001,warm,N,raw,23,25,protection,lr0.001,adam,0.001,,300,1.1226692199707031,2.5100460052490234,0.03125,0.5201177000999451,02f0aa081f5159cd05607b14fb1082260651b5cf06bf2c01e19cdffe2c325503,a072458f90bf8e6db2f4f18db356099c74ad6e0ca084fdec731c4fb2f1549198,fbfa8f9353d5a600d243a8ac1c6d97ce794398ac8fe99b67eb3259c4c339d81d,02f0aa081f5159cd05607b14fb1082260651b5cf06bf2c01e19cdffe2c325503,c64987040b5c1227d9117174bea15a47323b47e8aea75809ef985515170fac69,N_raw_s23_f0_lr0.001,6fbdda5f8cb3e8b739b185872fdbea57af04a8c74c7168c9557110cf73731d05,c5db7def0759ab978b103f6d0d9e22bce710ddb79b3b9727082ea763d50041bb,383,0,512,1407,422100,300,620ea1dc1e443dc6c238317463dc64ab3a9ae05fb592743f3a7d67d7ce17262c,d164ad5aa2ce5cddc59b090809ccdf258a142a0ebe45712102a4c410fef64b5d,82461e4d28691b5a3f76cac317a7bde90a5123c8b0ad8230422abc74e2e16326,10dfdb81f8d4e94b6c79fe77873ee10c1c43c43b752debce9aaf7641d2402843,fd0b415d4995c8ff6b61d5f15fd84a08191887a08a37ecd0fc53bb9453bf23c6,0.8630523532629013,0.10577705451586655,0.548413344182262,0.5362082994304312
warm_N_raw_s23_f25_protection_lr0.003,warm,N,raw,23,25,protection,lr0.003,adam,0.003,,300,2.247044086456299,2.5100460052490234,0.0,0.13516530394554138,02f0aa081f5159cd05607b14fb1082260651b5cf06bf2c01e19cdffe2c325503,a072458f90bf8e6db2f4f18db356099c74ad6e0ca084fdec731c4fb2f1549198,340692e72329d6c2cb0bbbe377fa4727046a8cc6208232ae42e4ad69c281c42e,02f0aa081f5159cd05607b14fb1082260651b5cf06bf2c01e19cdffe2c325503,c64987040b5c1227d9117174bea15a47323b47e8aea75809ef985515170fac69,N_raw_s23_f0_lr0.001,fe5b3423c4f48e58843c3d110f3e3a9e832bda6df445ba2c6b731aa83173afa1,c5db7def0759ab978b103f6d0d9e22bce710ddb79b3b9727082ea763d50041bb,383,0,512,1407,422100,300,620ea1dc1e443dc6c238317463dc64ab3a9ae05fb592743f3a7d67d7ce17262c,d164ad5aa2ce5cddc59b090809ccdf258a142a0ebe45712102a4c410fef64b5d,82461e4d28691b5a3f76cac317a7bde90a5123c8b0ad8230422abc74e2e16326,10dfdb81f8d4e94b6c79fe77873ee10c1c43c43b752debce9aaf7641d2402843,fd0b415d4995c8ff6b61d5f15fd84a08191887a08a37ecd0fc53bb9453bf23c6,0.8250422775745392,0.12937347436940602,0.5565500406834825,0.5435313262815297
warm_N_raw_s23_f25_protection_lr0.01,warm,N,raw,23,25,protection,lr0.01,adam,0.01,,300,2.7833728790283203,2.5100460052490234,0.005859375,0.08040586113929749,02f0aa081f5159cd05607b14fb1082260651b5cf06bf2c01e19cdffe2c325503,a072458f90bf8e6db2f4f18db356099c74ad6e0ca084fdec731c4fb2f1549198,118a35733659cfbc15859dd08f6aec78c57331238bee5201324be3a3f6122b66,02f0aa081f5159cd05607b14fb1082260651b5cf06bf2c01e19cdffe2c325503,c64987040b5c1227d9117174bea15a47323b47e8aea75809ef985515170fac69,N_raw_s23_f0_lr0.001,ee6692396f54fa4e01752c502f77e0fd4aeec95d1fe8fad01131aae082172f42,c5db7def0759ab978b103f6d0d9e22bce710ddb79b3b9727082ea763d50041bb,383,0,512,1407,422100,300,620ea1dc1e443dc6c238317463dc64ab3a9ae05fb592743f3a7d67d7ce17262c,d164ad5aa2ce5cddc59b090809ccdf258a142a0ebe45712102a4c410fef64b5d,82461e4d28691b5a3f76cac317a7bde90a5123c8b0ad8230422abc74e2e16326,10dfdb81f8d4e94b6c79fe77873ee10c1c43c43b752debce9aaf7641d2402843,fd0b415d4995c8ff6b61d5f15fd84a08191887a08a37ecd0fc53bb9453bf23c6,0.880764439702034,0.12205044751830757,0.5630593978844589,0.5362082994304312
warm_N_raw_s47_f0_hard_replay_lr0.001,warm,N,raw,47,0,hard_replay,lr0.001,adam,0.001,,300,3.9707863330841064,2.3860080242156982,0.0,6.025241600582376e-05,f856ea8293ca5feddf2db929e4600606a982d7e516d171e547f2c9ccd3db7da5,5cf0af3729a9c6fd31052060c04b8597feb08724371a9b708474cc49b659a8be,77ed210d9dcd2ecadf186c5ed8bd1f47c8124889150e39bf1aa522e75693fded,f856ea8293ca5feddf2db929e4600606a982d7e516d171e547f2c9ccd3db7da5,c1fa73a21ffa567db2ed20ef8fc27dc9c91ed92a5849828e7ecf74bc6fbd5247,N_raw_s47_f0_lr0.001,6a3187d4478adc529db899926ec30d71369d847c9cf398feb769c0946b4370a5,790f8caa42139d3f5be041b38cbaaf690c88d1b3e6450af9490fabba88e82596,0,0,512,1024,307200,300,620ea1dc1e443dc6c238317463dc64ab3a9ae05fb592743f3a7d67d7ce17262c,d164ad5aa2ce5cddc59b090809ccdf258a142a0ebe45712102a4c410fef64b5d,82461e4d28691b5a3f76cac317a7bde90a5123c8b0ad8230422abc74e2e16326,10dfdb81f8d4e94b6c79fe77873ee10c1c43c43b752debce9aaf7641d2402843,fd0b415d4995c8ff6b61d5f15fd84a08191887a08a37ecd0fc53bb9453bf23c6,0.6890603601932526,0.07323026851098453,0.5720097640358015,0.46867371847030104
warm_N_raw_s47_f0_hard_replay_lr0.003,warm,N,raw,47,0,hard_replay,lr0.003,adam,0.003,,300,3.855354070663452,2.3860080242156982,0.0,0.00010377068974776193,f856ea8293ca5feddf2db929e4600606a982d7e516d171e547f2c9ccd3db7da5,5cf0af3729a9c6fd31052060c04b8597feb08724371a9b708474cc49b659a8be,72328254c8ec6de6bc0c028296cfa632b69c61174ce3157df6572782c58662bc,f856ea8293ca5feddf2db929e4600606a982d7e516d171e547f2c9ccd3db7da5,c1fa73a21ffa567db2ed20ef8fc27dc9c91ed92a5849828e7ecf74bc6fbd5247,N_raw_s47_f0_lr0.001,b7e1f8500bf585ed72fdc252eca0977c674d8a194ebb9a770a973ffcc2b9f84c,790f8caa42139d3f5be041b38cbaaf690c88d1b3e6450af9490fabba88e82596,0,0,512,1024,307200,300,620ea1dc1e443dc6c238317463dc64ab3a9ae05fb592743f3a7d67d7ce17262c,d164ad5aa2ce5cddc59b090809ccdf258a142a0ebe45712102a4c410fef64b5d,82461e4d28691b5a3f76cac317a7bde90a5123c8b0ad8230422abc74e2e16326,10dfdb81f8d4e94b6c79fe77873ee10c1c43c43b752debce9aaf7641d2402843,fd0b415d4995c8ff6b61d5f15fd84a08191887a08a37ecd0fc53bb9453bf23c6,0.6497929990291595,0.07160292921074043,0.5744507729861676,0.46867371847030104
warm_N_raw_s47_f0_hard_replay_lr0.01,warm,N,raw,47,0,hard_replay,lr0.01,adam,0.01,,300,3.1259846687316895,2.3860080242156982,0.0,0.0005593634559772909,f856ea8293ca5feddf2db929e4600606a982d7e516d171e547f2c9ccd3db7da5,5cf0af3729a9c6fd31052060c04b8597feb08724371a9b708474cc49b659a8be,0301bb25e2e7036d92cd4e84cb7aa78ce5655498fa8a95e3c506f485ae684ce9,f856ea8293ca5feddf2db929e4600606a982d7e516d171e547f2c9ccd3db7da5,c1fa73a21ffa567db2ed20ef8fc27dc9c91ed92a5849828e7ecf74bc6fbd5247,N_raw_s47_f0_lr0.001,4efc964a3a56e6244dfea86d67080a28d755e0a1499a5096bd183772483617e6,790f8caa42139d3f5be041b38cbaaf690c88d1b3e6450af9490fabba88e82596,0,0,512,1024,307200,300,620ea1dc1e443dc6c238317463dc64ab3a9ae05fb592743f3a7d67d7ce17262c,d164ad5aa2ce5cddc59b090809ccdf258a142a0ebe45712102a4c410fef64b5d,82461e4d28691b5a3f76cac317a7bde90a5123c8b0ad8230422abc74e2e16326,10dfdb81f8d4e94b6c79fe77873ee10c1c43c43b752debce9aaf7641d2402843,fd0b415d4995c8ff6b61d5f15fd84a08191887a08a37ecd0fc53bb9453bf23c6,0.6790003553032875,0.07648494711147275,0.5882831570382425,0.4548413344182262
warm_N_raw_s47_f0_plain_adam_lr0.0005_steps600,warm,N,raw,47,0,plain,adam_lr0.0005_steps600,adam,0.0005,,600,4.28739595413208,2.3860080242156982,0.0,1.1420547707530204e-05,f856ea8293ca5feddf2db929e4600606a982d7e516d171e547f2c9ccd3db7da5,5cf0af3729a9c6fd31052060c04b8597feb08724371a9b708474cc49b659a8be,4d387d04900513abd810e4dfeb7cfd5564a79ad95d43965285eb8b8d9935b17d,f856ea8293ca5feddf2db929e4600606a982d7e516d171e547f2c9ccd3db7da5,c1fa73a21ffa567db2ed20ef8fc27dc9c91ed92a5849828e7ecf74bc6fbd5247,N_raw_s47_f0_lr0.001,bbe2edcdee4a7abe3def8209a492ccc53017b467abe33b3e6f060a3a075ac74d,790f8caa42139d3f5be041b38cbaaf690c88d1b3e6450af9490fabba88e82596,0,0,512,1024,614400,600,620ea1dc1e443dc6c238317463dc64ab3a9ae05fb592743f3a7d67d7ce17262c,d164ad5aa2ce5cddc59b090809ccdf258a142a0ebe45712102a4c410fef64b5d,82461e4d28691b5a3f76cac317a7bde90a5123c8b0ad8230422abc74e2e16326,10dfdb81f8d4e94b6c79fe77873ee10c1c43c43b752debce9aaf7641d2402843,fd0b415d4995c8ff6b61d5f15fd84a08191887a08a37ecd0fc53bb9453bf23c6,1.3107987269759178,0.07404393816110659,0.5720097640358015,0.47111472742066723
warm_N_raw_s47_f0_plain_lr0.001,warm,N,raw,47,0,plain,lr0.001,adam,0.001,,300,3.9708034992218018,2.3860080242156982,0.0,3.0116632842691615e-05,f856ea8293ca5feddf2db929e4600606a982d7e516d171e547f2c9ccd3db7da5,5cf0af3729a9c6fd31052060c04b8597feb08724371a9b708474cc49b659a8be,b1d3e081ee4b7949a7a9beb05f0a4d8bbad336c813961933c7d7f1c61bc12e4e,f856ea8293ca5feddf2db929e4600606a982d7e516d171e547f2c9ccd3db7da5,c1fa73a21ffa567db2ed20ef8fc27dc9c91ed92a5849828e7ecf74bc6fbd5247,N_raw_s47_f0_lr0.001,7389ee5aa553050cfb9f978677ee057288dd9e3a1dd5cc754d6b96cfc35e1a68,790f8caa42139d3f5be041b38cbaaf690c88d1b3e6450af9490fabba88e82596,0,0,512,1024,307200,300,620ea1dc1e443dc6c238317463dc64ab3a9ae05fb592743f3a7d67d7ce17262c,d164ad5aa2ce5cddc59b090809ccdf258a142a0ebe45712102a4c410fef64b5d,82461e4d28691b5a3f76cac317a7bde90a5123c8b0ad8230422abc74e2e16326,10dfdb81f8d4e94b6c79fe77873ee10c1c43c43b752debce9aaf7641d2402843,fd0b415d4995c8ff6b61d5f15fd84a08191887a08a37ecd0fc53bb9453bf23c6,0.6808016076683998,0.07323026851098453,0.5720097640358015,0.46867371847030104
warm_N_raw_s47_f0_plain_lr0.003,warm,N,raw,47,0,plain,lr0.003,adam,0.003,,300,3.8556320667266846,2.3860080242156982,0.0,5.1857765356544405e-05,f856ea8293ca5feddf2db929e4600606a982d7e516d171e547f2c9ccd3db7da5,5cf0af3729a9c6fd31052060c04b8597feb08724371a9b708474cc49b659a8be,8d667d1b6ca3cc192a21a5f8c71bf84c98cbe283704da4031c46d2e87989acfb,f856ea8293ca5feddf2db929e4600606a982d7e516d171e547f2c9ccd3db7da5,c1fa73a21ffa567db2ed20ef8fc27dc9c91ed92a5849828e7ecf74bc6fbd5247,N_raw_s47_f0_lr0.001,93c31ef3fbf7f5da47721a2a813aef60c1f2829dbe0daafa3a9f9f4aa6d20919,790f8caa42139d3f5be041b38cbaaf690c88d1b3e6450af9490fabba88e82596,0,0,512,1024,307200,300,620ea1dc1e443dc6c238317463dc64ab3a9ae05fb592743f3a7d67d7ce17262c,d164ad5aa2ce5cddc59b090809ccdf258a142a0ebe45712102a4c410fef64b5d,82461e4d28691b5a3f76cac317a7bde90a5123c8b0ad8230422abc74e2e16326,10dfdb81f8d4e94b6c79fe77873ee10c1c43c43b752debce9aaf7641d2402843,fd0b415d4995c8ff6b61d5f15fd84a08191887a08a37ecd0fc53bb9453bf23c6,0.6679700538516045,0.07160292921074043,0.5744507729861676,0.46867371847030104
warm_N_raw_s47_f0_plain_lr0.01,warm,N,raw,47,0,plain,lr0.01,adam,0.01,,300,3.126263380050659,2.3860080242156982,0.0,0.0002801507362164557,f856ea8293ca5feddf2db929e4600606a982d7e516d171e547f2c9ccd3db7da5,5cf0af3729a9c6fd31052060c04b8597feb08724371a9b708474cc49b659a8be,20539267a04af66317659927977f92c3aaf6554f3d9e171f6b5a6e6e60f5e152,f856ea8293ca5feddf2db929e4600606a982d7e516d171e547f2c9ccd3db7da5,c1fa73a21ffa567db2ed20ef8fc27dc9c91ed92a5849828e7ecf74bc6fbd5247,N_raw_s47_f0_lr0.001,3072ad1c59498f1550623d99be9f1389e14f7d03c90a4fb1d869369a1de3b4c3,790f8caa42139d3f5be041b38cbaaf690c88d1b3e6450af9490fabba88e82596,0,0,512,1024,307200,300,620ea1dc1e443dc6c238317463dc64ab3a9ae05fb592743f3a7d67d7ce17262c,d164ad5aa2ce5cddc59b090809ccdf258a142a0ebe45712102a4c410fef64b5d,82461e4d28691b5a3f76cac317a7bde90a5123c8b0ad8230422abc74e2e16326,10dfdb81f8d4e94b6c79fe77873ee10c1c43c43b752debce9aaf7641d2402843,fd0b415d4995c8ff6b61d5f15fd84a08191887a08a37ecd0fc53bb9453bf23c6,0.6944746375083923,0.07404393816110659,0.5874694873881204,0.45402766476810413
warm_N_raw_s47_f0_plain_sgd_m09_lr0.003,warm,N,raw,47,0,plain,sgd_m09_lr0.003,sgd,0.003,0.9,300,2.4800069332122803,2.3860080242156982,0.0,0.0017772424034774303,f856ea8293ca5feddf2db929e4600606a982d7e516d171e547f2c9ccd3db7da5,5cf0af3729a9c6fd31052060c04b8597feb08724371a9b708474cc49b659a8be,5be3cf68a20060586671bf6cef1cfabb7dc0ba073f889a0938a4f7fcbf777206,f856ea8293ca5feddf2db929e4600606a982d7e516d171e547f2c9ccd3db7da5,c1fa73a21ffa567db2ed20ef8fc27dc9c91ed92a5849828e7ecf74bc6fbd5247,N_raw_s47_f0_lr0.001,8418ec7b03e845cdd6fee7eb773239af23b525d69a46f9a979e8dd4ed66bdea0,790f8caa42139d3f5be041b38cbaaf690c88d1b3e6450af9490fabba88e82596,0,0,512,1024,307200,300,620ea1dc1e443dc6c238317463dc64ab3a9ae05fb592743f3a7d67d7ce17262c,d164ad5aa2ce5cddc59b090809ccdf258a142a0ebe45712102a4c410fef64b5d,82461e4d28691b5a3f76cac317a7bde90a5123c8b0ad8230422abc74e2e16326,10dfdb81f8d4e94b6c79fe77873ee10c1c43c43b752debce9aaf7641d2402843,fd0b415d4995c8ff6b61d5f15fd84a08191887a08a37ecd0fc53bb9453bf23c6,0.5284883230924606,0.07160292921074043,0.5793327908868999,0.46216436126932464
warm_N_raw_s47_f0_plain_sgd_m09_lr0.01,warm,N,raw,47,0,plain,sgd_m09_lr0.01,sgd,0.01,0.9,300,2.6461522579193115,2.3860080242156982,0.0,0.0011932048946619034,f856ea8293ca5feddf2db929e4600606a982d7e516d171e547f2c9ccd3db7da5,5cf0af3729a9c6fd31052060c04b8597feb08724371a9b708474cc49b659a8be,a5a0cafc14ba63276e874a025056560f4ee2d30c5c9741af6c7d1e815464f10b,f856ea8293ca5feddf2db929e4600606a982d7e516d171e547f2c9ccd3db7da5,c1fa73a21ffa567db2ed20ef8fc27dc9c91ed92a5849828e7ecf74bc6fbd5247,N_raw_s47_f0_lr0.001,312e0da38082b95b6cd69088086b40ce5e67ec179f11f9147343e8aaea80463d,790f8caa42139d3f5be041b38cbaaf690c88d1b3e6450af9490fabba88e82596,0,0,512,1024,307200,300,620ea1dc1e443dc6c238317463dc64ab3a9ae05fb592743f3a7d67d7ce17262c,d164ad5aa2ce5cddc59b090809ccdf258a142a0ebe45712102a4c410fef64b5d,82461e4d28691b5a3f76cac317a7bde90a5123c8b0ad8230422abc74e2e16326,10dfdb81f8d4e94b6c79fe77873ee10c1c43c43b752debce9aaf7641d2402843,fd0b415d4995c8ff6b61d5f15fd84a08191887a08a37ecd0fc53bb9453bf23c6,0.5510843396186829,0.07160292921074043,0.5785191212367778,0.4629780309194467
warm_N_raw_s47_f0_preserve_flip_balanced_lr0.001,warm,N,raw,47,0,preserve_flip_balanced,lr0.001,adam,0.001,,300,3.9708034992218018,2.3860080242156982,0.0,3.0116632842691615e-05,f856ea8293ca5feddf2db929e4600606a982d7e516d171e547f2c9ccd3db7da5,5cf0af3729a9c6fd31052060c04b8597feb08724371a9b708474cc49b659a8be,b1d3e081ee4b7949a7a9beb05f0a4d8bbad336c813961933c7d7f1c61bc12e4e,f856ea8293ca5feddf2db929e4600606a982d7e516d171e547f2c9ccd3db7da5,c1fa73a21ffa567db2ed20ef8fc27dc9c91ed92a5849828e7ecf74bc6fbd5247,N_raw_s47_f0_lr0.001,82886157bc5128696f4b015537875867d92e1bf86fba31e3f36c81f23f24f051,790f8caa42139d3f5be041b38cbaaf690c88d1b3e6450af9490fabba88e82596,0,0,512,1024,307200,300,620ea1dc1e443dc6c238317463dc64ab3a9ae05fb592743f3a7d67d7ce17262c,d164ad5aa2ce5cddc59b090809ccdf258a142a0ebe45712102a4c410fef64b5d,82461e4d28691b5a3f76cac317a7bde90a5123c8b0ad8230422abc74e2e16326,10dfdb81f8d4e94b6c79fe77873ee10c1c43c43b752debce9aaf7641d2402843,fd0b415d4995c8ff6b61d5f15fd84a08191887a08a37ecd0fc53bb9453bf23c6,0.6789982616901398,0.07323026851098453,0.5720097640358015,0.46867371847030104
warm_N_raw_s47_f0_preserve_flip_balanced_lr0.003,warm,N,raw,47,0,preserve_flip_balanced,lr0.003,adam,0.003,,300,3.8556320667266846,2.3860080242156982,0.0,5.1857765356544405e-05,f856ea8293ca5feddf2db929e4600606a982d7e516d171e547f2c9ccd3db7da5,5cf0af3729a9c6fd31052060c04b8597feb08724371a9b708474cc49b659a8be,8d667d1b6ca3cc192a21a5f8c71bf84c98cbe283704da4031c46d2e87989acfb,f856ea8293ca5feddf2db929e4600606a982d7e516d171e547f2c9ccd3db7da5,c1fa73a21ffa567db2ed20ef8fc27dc9c91ed92a5849828e7ecf74bc6fbd5247,N_raw_s47_f0_lr0.001,d66c3f2c267d65fda77cc8a751662d24a6ad171086fcfe60e154c4b8e42d0474,790f8caa42139d3f5be041b38cbaaf690c88d1b3e6450af9490fabba88e82596,0,0,512,1024,307200,300,620ea1dc1e443dc6c238317463dc64ab3a9ae05fb592743f3a7d67d7ce17262c,d164ad5aa2ce5cddc59b090809ccdf258a142a0ebe45712102a4c410fef64b5d,82461e4d28691b5a3f76cac317a7bde90a5123c8b0ad8230422abc74e2e16326,10dfdb81f8d4e94b6c79fe77873ee10c1c43c43b752debce9aaf7641d2402843,fd0b415d4995c8ff6b61d5f15fd84a08191887a08a37ecd0fc53bb9453bf23c6,0.6725775301456451,0.07160292921074043,0.5744507729861676,0.46867371847030104
warm_N_raw_s47_f0_preserve_flip_balanced_lr0.01,warm,N,raw,47,0,preserve_flip_balanced,lr0.01,adam,0.01,,300,3.126263380050659,2.3860080242156982,0.0,0.0002801507362164557,f856ea8293ca5feddf2db929e4600606a982d7e516d171e547f2c9ccd3db7da5,5cf0af3729a9c6fd31052060c04b8597feb08724371a9b708474cc49b659a8be,20539267a04af66317659927977f92c3aaf6554f3d9e171f6b5a6e6e60f5e152,f856ea8293ca5feddf2db929e4600606a982d7e516d171e547f2c9ccd3db7da5,c1fa73a21ffa567db2ed20ef8fc27dc9c91ed92a5849828e7ecf74bc6fbd5247,N_raw_s47_f0_lr0.001,b7adb54c7261714e7090b06de63f9f2140889974efb6aa7b81207618075368ac,790f8caa42139d3f5be041b38cbaaf690c88d1b3e6450af9490fabba88e82596,0,0,512,1024,307200,300,620ea1dc1e443dc6c238317463dc64ab3a9ae05fb592743f3a7d67d7ce17262c,d164ad5aa2ce5cddc59b090809ccdf258a142a0ebe45712102a4c410fef64b5d,82461e4d28691b5a3f76cac317a7bde90a5123c8b0ad8230422abc74e2e16326,10dfdb81f8d4e94b6c79fe77873ee10c1c43c43b752debce9aaf7641d2402843,fd0b415d4995c8ff6b61d5f15fd84a08191887a08a37ecd0fc53bb9453bf23c6,0.663493886590004,0.07404393816110659,0.5874694873881204,0.45402766476810413
warm_N_raw_s47_f0_protection_lr0.001,warm,N,raw,47,0,protection,lr0.001,adam,0.001,,300,2.6322195529937744,2.3860080242156982,0.0,0.014465302228927612,f856ea8293ca5feddf2db929e4600606a982d7e516d171e547f2c9ccd3db7da5,5cf0af3729a9c6fd31052060c04b8597feb08724371a9b708474cc49b659a8be,520260c02fbb3e120e29cc091f10ba6ba414ff26f736dff3a43efb21165e6a77,f856ea8293ca5feddf2db929e4600606a982d7e516d171e547f2c9ccd3db7da5,c1fa73a21ffa567db2ed20ef8fc27dc9c91ed92a5849828e7ecf74bc6fbd5247,N_raw_s47_f0_lr0.001,871de916682149a5c36ce2c009cfc8a750fb255352e4accb74f546edf4d683e6,790f8caa42139d3f5be041b38cbaaf690c88d1b3e6450af9490fabba88e82596,0,0,512,1024,307200,300,620ea1dc1e443dc6c238317463dc64ab3a9ae05fb592743f3a7d67d7ce17262c,d164ad5aa2ce5cddc59b090809ccdf258a142a0ebe45712102a4c410fef64b5d,82461e4d28691b5a3f76cac317a7bde90a5123c8b0ad8230422abc74e2e16326,10dfdb81f8d4e94b6c79fe77873ee10c1c43c43b752debce9aaf7641d2402843,fd0b415d4995c8ff6b61d5f15fd84a08191887a08a37ecd0fc53bb9453bf23c6,0.6802068129181862,0.0691619202603743,0.5736371033360456,0.46541903986981287
warm_N_raw_s47_f0_protection_lr0.003,warm,N,raw,47,0,protection,lr0.003,adam,0.003,,300,2.6517221927642822,2.3860080242156982,0.0,0.014469622634351254,f856ea8293ca5feddf2db929e4600606a982d7e516d171e547f2c9ccd3db7da5,5cf0af3729a9c6fd31052060c04b8597feb08724371a9b708474cc49b659a8be,58a8444e68f59de439a69dbb79b78a0578352a65b92722bccafd498821d6cbd7,f856ea8293ca5feddf2db929e4600606a982d7e516d171e547f2c9ccd3db7da5,c1fa73a21ffa567db2ed20ef8fc27dc9c91ed92a5849828e7ecf74bc6fbd5247,N_raw_s47_f0_lr0.001,5963c96a928149e7c31c161e34d9727b57fcb93ea7351b20b6ddcbed1b3f7b34,790f8caa42139d3f5be041b38cbaaf690c88d1b3e6450af9490fabba88e82596,0,0,512,1024,307200,300,620ea1dc1e443dc6c238317463dc64ab3a9ae05fb592743f3a7d67d7ce17262c,d164ad5aa2ce5cddc59b090809ccdf258a142a0ebe45712102a4c410fef64b5d,82461e4d28691b5a3f76cac317a7bde90a5123c8b0ad8230422abc74e2e16326,10dfdb81f8d4e94b6c79fe77873ee10c1c43c43b752debce9aaf7641d2402843,fd0b415d4995c8ff6b61d5f15fd84a08191887a08a37ecd0fc53bb9453bf23c6,0.6895476132631302,0.07404393816110659,0.5777054515866559,0.467046379170057
warm_N_raw_s47_f0_protection_lr0.01,warm,N,raw,47,0,protection,lr0.01,adam,0.01,,300,2.6030564308166504,2.3860080242156982,0.0,0.014542387798428535,f856ea8293ca5feddf2db929e4600606a982d7e516d171e547f2c9ccd3db7da5,5cf0af3729a9c6fd31052060c04b8597feb08724371a9b708474cc49b659a8be,1dccd5d3b134b372ebaec191e18e3bcba279e5d432b3b912ded4da07229cb607,f856ea8293ca5feddf2db929e4600606a982d7e516d171e547f2c9ccd3db7da5,c1fa73a21ffa567db2ed20ef8fc27dc9c91ed92a5849828e7ecf74bc6fbd5247,N_raw_s47_f0_lr0.001,ceb489f69bfdc9e5dd9cf1a983ed17debbe3bd3ba60582255879d86169fe2830,790f8caa42139d3f5be041b38cbaaf690c88d1b3e6450af9490fabba88e82596,0,0,512,1024,307200,300,620ea1dc1e443dc6c238317463dc64ab3a9ae05fb592743f3a7d67d7ce17262c,d164ad5aa2ce5cddc59b090809ccdf258a142a0ebe45712102a4c410fef64b5d,82461e4d28691b5a3f76cac317a7bde90a5123c8b0ad8230422abc74e2e16326,10dfdb81f8d4e94b6c79fe77873ee10c1c43c43b752debce9aaf7641d2402843,fd0b415d4995c8ff6b61d5f15fd84a08191887a08a37ecd0fc53bb9453bf23c6,0.6960255727171898,0.06997558991049634,0.5858421480878763,0.4532139951179821
warm_N_raw_s47_f100_hard_replay_lr0.001,warm,N,raw,47,100,hard_replay,lr0.001,adam,0.001,,300,0.6814322471618652,2.3860080242156982,0.041015625,0.6856237649917603,f856ea8293ca5feddf2db929e4600606a982d7e516d171e547f2c9ccd3db7da5,5cf0af3729a9c6fd31052060c04b8597feb08724371a9b708474cc49b659a8be,4fa0d753eae0963fc8b5631c32c9566476784fd4a2efd203ca15e6a1f42479fb,f856ea8293ca5feddf2db929e4600606a982d7e516d171e547f2c9ccd3db7da5,c1fa73a21ffa567db2ed20ef8fc27dc9c91ed92a5849828e7ecf74bc6fbd5247,N_raw_s47_f0_lr0.001,a3b41779da99cd69f7c90e1ca540aa4750019466086511551cae475c03f81754,14b2df168c379b62fb0477d35a6c4addcf05a99e9750f16ad27faf739e7920fd,1534,0,512,2558,767400,300,620ea1dc1e443dc6c238317463dc64ab3a9ae05fb592743f3a7d67d7ce17262c,d164ad5aa2ce5cddc59b090809ccdf258a142a0ebe45712102a4c410fef64b5d,82461e4d28691b5a3f76cac317a7bde90a5123c8b0ad8230422abc74e2e16326,10dfdb81f8d4e94b6c79fe77873ee10c1c43c43b752debce9aaf7641d2402843,fd0b415d4995c8ff6b61d5f15fd84a08191887a08a37ecd0fc53bb9453bf23c6,0.9846305102109909,0.14320585842148087,0.5630593978844589,0.5622457282343368
warm_N_raw_s47_f100_hard_replay_lr0.003,warm,N,raw,47,100,hard_replay,lr0.003,adam,0.003,,300,1.122479796409607,2.3860080242156982,0.0,0.26670798659324646,f856ea8293ca5feddf2db929e4600606a982d7e516d171e547f2c9ccd3db7da5,5cf0af3729a9c6fd31052060c04b8597feb08724371a9b708474cc49b659a8be,8673a60feac011df8cc84fa7a229a3fdcd0e3702aa77e5d03aa4d4bb22022e7a,f856ea8293ca5feddf2db929e4600606a982d7e516d171e547f2c9ccd3db7da5,c1fa73a21ffa567db2ed20ef8fc27dc9c91ed92a5849828e7ecf74bc6fbd5247,N_raw_s47_f0_lr0.001,cab8d904183746fe1241a7a2d41024e32efcf8f63e4ab8a87505a319992b0aaa,14b2df168c379b62fb0477d35a6c4addcf05a99e9750f16ad27faf739e7920fd,1534,0,512,2558,767400,300,620ea1dc1e443dc6c238317463dc64ab3a9ae05fb592743f3a7d67d7ce17262c,d164ad5aa2ce5cddc59b090809ccdf258a142a0ebe45712102a4c410fef64b5d,82461e4d28691b5a3f76cac317a7bde90a5123c8b0ad8230422abc74e2e16326,10dfdb81f8d4e94b6c79fe77873ee10c1c43c43b752debce9aaf7641d2402843,fd0b415d4995c8ff6b61d5f15fd84a08191887a08a37ecd0fc53bb9453bf23c6,0.9964984133839607,0.14890154597233524,0.5508543531326282,0.5785191212367778
warm_N_raw_s47_f100_hard_replay_lr0.01,warm,N,raw,47,100,hard_replay,lr0.01,adam,0.01,,300,1.6013637781143188,2.3860080242156982,0.0,0.13818171620368958,f856ea8293ca5feddf2db929e4600606a982d7e516d171e547f2c9ccd3db7da5,5cf0af3729a9c6fd31052060c04b8597feb08724371a9b708474cc49b659a8be,25b091e942ec3d489bda7c7bff93a52b3584d913f740b1a60ed770195e2d44c3,f856ea8293ca5feddf2db929e4600606a982d7e516d171e547f2c9ccd3db7da5,c1fa73a21ffa567db2ed20ef8fc27dc9c91ed92a5849828e7ecf74bc6fbd5247,N_raw_s47_f0_lr0.001,2843efb8ea93ca2424712ef0449c1efeb1e09348348be2cca3597377e393f511,14b2df168c379b62fb0477d35a6c4addcf05a99e9750f16ad27faf739e7920fd,1534,0,512,2558,767400,300,620ea1dc1e443dc6c238317463dc64ab3a9ae05fb592743f3a7d67d7ce17262c,d164ad5aa2ce5cddc59b090809ccdf258a142a0ebe45712102a4c410fef64b5d,82461e4d28691b5a3f76cac317a7bde90a5123c8b0ad8230422abc74e2e16326,10dfdb81f8d4e94b6c79fe77873ee10c1c43c43b752debce9aaf7641d2402843,fd0b415d4995c8ff6b61d5f15fd84a08191887a08a37ecd0fc53bb9453bf23c6,0.9875966906547546,0.14564686737184704,0.5744507729861676,0.5500406834825061
warm_N_raw_s47_f100_plain_adam_lr0.0005_steps600,warm,N,raw,47,100,plain,adam_lr0.0005_steps600,adam,0.0005,,600,0.66693514585495,2.3860080242156982,0.0859375,0.5034602880477905,f856ea8293ca5feddf2db929e4600606a982d7e516d171e547f2c9ccd3db7da5,5cf0af3729a9c6fd31052060c04b8597feb08724371a9b708474cc49b659a8be,d25157e822730ae3a0ccd862bcc746be1ded085c6ad3e23f1ef8f9f6179e442e,f856ea8293ca5feddf2db929e4600606a982d7e516d171e547f2c9ccd3db7da5,c1fa73a21ffa567db2ed20ef8fc27dc9c91ed92a5849828e7ecf74bc6fbd5247,N_raw_s47_f0_lr0.001,cad830e89a5763cf70999801cda5d4cfdb858c5e64f65c1ba1b9f3e258b48c5e,14b2df168c379b62fb0477d35a6c4addcf05a99e9750f16ad27faf739e7920fd,1534,0,512,2558,1534800,600,620ea1dc1e443dc6c238317463dc64ab3a9ae05fb592743f3a7d67d7ce17262c,d164ad5aa2ce5cddc59b090809ccdf258a142a0ebe45712102a4c410fef64b5d,82461e4d28691b5a3f76cac317a7bde90a5123c8b0ad8230422abc74e2e16326,10dfdb81f8d4e94b6c79fe77873ee10c1c43c43b752debce9aaf7641d2402843,fd0b415d4995c8ff6b61d5f15fd84a08191887a08a37ecd0fc53bb9453bf23c6,1.9869641065597534,0.13506916192026036,0.532953620829943,0.5850284784377543
warm_N_raw_s47_f100_plain_lr0.001,warm,N,raw,47,100,plain,lr0.001,adam,0.001,,300,0.6559415459632874,2.3860080242156982,0.08984375,0.549843430519104,f856ea8293ca5feddf2db929e4600606a982d7e516d171e547f2c9ccd3db7da5,5cf0af3729a9c6fd31052060c04b8597feb08724371a9b708474cc49b659a8be,899b493141b0610bd3b53490006c3a74c688e2751f7feefc604510af6d42f833,f856ea8293ca5feddf2db929e4600606a982d7e516d171e547f2c9ccd3db7da5,c1fa73a21ffa567db2ed20ef8fc27dc9c91ed92a5849828e7ecf74bc6fbd5247,N_raw_s47_f0_lr0.001,9e04ae5c0b9594bcd099a7487c9ec8a1733a85fd19461b17ee0e3f94d19c9a83,14b2df168c379b62fb0477d35a6c4addcf05a99e9750f16ad27faf739e7920fd,1534,0,512,2558,767400,300,620ea1dc1e443dc6c238317463dc64ab3a9ae05fb592743f3a7d67d7ce17262c,d164ad5aa2ce5cddc59b090809ccdf258a142a0ebe45712102a4c410fef64b5d,82461e4d28691b5a3f76cac317a7bde90a5123c8b0ad8230422abc74e2e16326,10dfdb81f8d4e94b6c79fe77873ee10c1c43c43b752debce9aaf7641d2402843,fd0b415d4995c8ff6b61d5f15fd84a08191887a08a37ecd0fc53bb9453bf23c6,1.0133404806256294,0.13506916192026036,0.5419039869812856,0.5777054515866559
warm_N_raw_s47_f100_plain_lr0.003,warm,N,raw,47,100,plain,lr0.003,adam,0.003,,300,0.8925635814666748,2.3860080242156982,0.0390625,0.25635379552841187,f856ea8293ca5feddf2db929e4600606a982d7e516d171e547f2c9ccd3db7da5,5cf0af3729a9c6fd31052060c04b8597feb08724371a9b708474cc49b659a8be,479ace8589c29fc8fdf96869d8dd6638ed70267453fcd08cf2910cc0904cd715,f856ea8293ca5feddf2db929e4600606a982d7e516d171e547f2c9ccd3db7da5,c1fa73a21ffa567db2ed20ef8fc27dc9c91ed92a5849828e7ecf74bc6fbd5247,N_raw_s47_f0_lr0.001,6e92fe58725e234f884acada68b89424d5c88e489844dc6dd76b04651ff7c9ea,14b2df168c379b62fb0477d35a6c4addcf05a99e9750f16ad27faf739e7920fd,1534,0,512,2558,767400,300,620ea1dc1e443dc6c238317463dc64ab3a9ae05fb592743f3a7d67d7ce17262c,d164ad5aa2ce5cddc59b090809ccdf258a142a0ebe45712102a4c410fef64b5d,82461e4d28691b5a3f76cac317a7bde90a5123c8b0ad8230422abc74e2e16326,10dfdb81f8d4e94b6c79fe77873ee10c1c43c43b752debce9aaf7641d2402843,fd0b415d4995c8ff6b61d5f15fd84a08191887a08a37ecd0fc53bb9453bf23c6,0.9578633233904839,0.15052888527257932,0.5459723352318958,0.5858421480878763
warm_N_raw_s47_f100_plain_lr0.01,warm,N,raw,47,100,plain,lr0.01,adam,0.01,,300,1.5248223543167114,2.3860080242156982,0.0234375,0.1071029007434845,f856ea8293ca5feddf2db929e4600606a982d7e516d171e547f2c9ccd3db7da5,5cf0af3729a9c6fd31052060c04b8597feb08724371a9b708474cc49b659a8be,6280b863c3e0607858035c398ff5199b24e49dec9a6f663d33114364212cedc7,f856ea8293ca5feddf2db929e4600606a982d7e516d171e547f2c9ccd3db7da5,c1fa73a21ffa567db2ed20ef8fc27dc9c91ed92a5849828e7ecf74bc6fbd5247,N_raw_s47_f0_lr0.001,a071b6f3579097fdfadaf081afb46aea8695f9d92522260126a24e1883630399,14b2df168c379b62fb0477d35a6c4addcf05a99e9750f16ad27faf739e7920fd,1534,0,512,2558,767400,300,620ea1dc1e443dc6c238317463dc64ab3a9ae05fb592743f3a7d67d7ce17262c,d164ad5aa2ce5cddc59b090809ccdf258a142a0ebe45712102a4c410fef64b5d,82461e4d28691b5a3f76cac317a7bde90a5123c8b0ad8230422abc74e2e16326,10dfdb81f8d4e94b6c79fe77873ee10c1c43c43b752debce9aaf7641d2402843,fd0b415d4995c8ff6b61d5f15fd84a08191887a08a37ecd0fc53bb9453bf23c6,0.9790498167276382,0.16029292107404394,0.5573637103336045,0.5842148087876322
warm_N_raw_s47_f100_plain_sgd_m09_lr0.003,warm,N,raw,47,100,plain,sgd_m09_lr0.003,sgd,0.003,0.9,300,0.7012155652046204,2.3860080242156982,0.109375,0.6068944931030273,f856ea8293ca5feddf2db929e4600606a982d7e516d171e547f2c9ccd3db7da5,5cf0af3729a9c6fd31052060c04b8597feb08724371a9b708474cc49b659a8be,3f0dbf37bd8406bf21b8d02ac6a07b5bd945fb56913ed30da954eb6a5a0650f0,f856ea8293ca5feddf2db929e4600606a982d7e516d171e547f2c9ccd3db7da5,c1fa73a21ffa567db2ed20ef8fc27dc9c91ed92a5849828e7ecf74bc6fbd5247,N_raw_s47_f0_lr0.001,9b52bb811945bf42206a7b99f26513b665c5c2935b1822a121ea8c9c9089fca5,14b2df168c379b62fb0477d35a6c4addcf05a99e9750f16ad27faf739e7920fd,1534,0,512,2558,767400,300,620ea1dc1e443dc6c238317463dc64ab3a9ae05fb592743f3a7d67d7ce17262c,d164ad5aa2ce5cddc59b090809ccdf258a142a0ebe45712102a4c410fef64b5d,82461e4d28691b5a3f76cac317a7bde90a5123c8b0ad8230422abc74e2e16326,10dfdb81f8d4e94b6c79fe77873ee10c1c43c43b752debce9aaf7641d2402843,fd0b415d4995c8ff6b61d5f15fd84a08191887a08a37ecd0fc53bb9453bf23c6,0.8642711788415909,0.13262815296989422,0.549227013832384,0.5622457282343368
warm_N_raw_s47_f100_plain_sgd_m09_lr0.01,warm,N,raw,47,100,plain,sgd_m09_lr0.01,sgd,0.01,0.9,300,1.0682597160339355,2.3860080242156982,0.029296875,0.22825632989406586,f856ea8293ca5feddf2db929e4600606a982d7e516d171e547f2c9ccd3db7da5,5cf0af3729a9c6fd31052060c04b8597feb08724371a9b708474cc49b659a8be,f4b5f9d811fb4e16f8be77a3ae9d4733d8d3002ee2b4fb6a23eccb1e4a2f0033,f856ea8293ca5feddf2db929e4600606a982d7e516d171e547f2c9ccd3db7da5,c1fa73a21ffa567db2ed20ef8fc27dc9c91ed92a5849828e7ecf74bc6fbd5247,N_raw_s47_f0_lr0.001,c12f6dc271b1bd28f553d99212040f99e660aee6729c646b1e7de6ce47773273,14b2df168c379b62fb0477d35a6c4addcf05a99e9750f16ad27faf739e7920fd,1534,0,512,2558,767400,300,620ea1dc1e443dc6c238317463dc64ab3a9ae05fb592743f3a7d67d7ce17262c,d164ad5aa2ce5cddc59b090809ccdf258a142a0ebe45712102a4c410fef64b5d,82461e4d28691b5a3f76cac317a7bde90a5123c8b0ad8230422abc74e2e16326,10dfdb81f8d4e94b6c79fe77873ee10c1c43c43b752debce9aaf7641d2402843,fd0b415d4995c8ff6b61d5f15fd84a08191887a08a37ecd0fc53bb9453bf23c6,0.8882879242300987,0.16680227827502034,0.5744507729861676,0.5752644426362896
warm_N_raw_s47_f100_preserve_flip_balanced_lr0.001,warm,N,raw,47,100,preserve_flip_balanced,lr0.001,adam,0.001,,300,0.8015156984329224,2.3860080242156982,0.001953125,0.39686113595962524,f856ea8293ca5feddf2db929e4600606a982d7e516d171e547f2c9ccd3db7da5,5cf0af3729a9c6fd31052060c04b8597feb08724371a9b708474cc49b659a8be,30749be5a6b42c2c256dbd0ce9ba28c8bf10554011982839e642bce87c1c7c21,f856ea8293ca5feddf2db929e4600606a982d7e516d171e547f2c9ccd3db7da5,c1fa73a21ffa567db2ed20ef8fc27dc9c91ed92a5849828e7ecf74bc6fbd5247,N_raw_s47_f0_lr0.001,5c63b3cd6a7c028bea1fcb77bda9e844ee1985f2000bfbc82a3d9c9922fe4e26,01763a75e72e1d151262c1030228aaa2b047dfced367505830eeb248d7880c2c,767,767,512,2558,767400,300,620ea1dc1e443dc6c238317463dc64ab3a9ae05fb592743f3a7d67d7ce17262c,d164ad5aa2ce5cddc59b090809ccdf258a142a0ebe45712102a4c410fef64b5d,82461e4d28691b5a3f76cac317a7bde90a5123c8b0ad8230422abc74e2e16326,10dfdb81f8d4e94b6c79fe77873ee10c1c43c43b752debce9aaf7641d2402843,fd0b415d4995c8ff6b61d5f15fd84a08191887a08a37ecd0fc53bb9453bf23c6,0.9845301061868668,0.14239218877135884,0.6013018714401953,0.516680227827502
warm_N_raw_s47_f100_preserve_flip_balanced_lr0.003,warm,N,raw,47,100,preserve_flip_balanced,lr0.003,adam,0.003,,300,1.4329912662506104,2.3860080242156982,0.0,0.1284688115119934,f856ea8293ca5feddf2db929e4600606a982d7e516d171e547f2c9ccd3db7da5,5cf0af3729a9c6fd31052060c04b8597feb08724371a9b708474cc49b659a8be,d91c69acf98391f99d9fe5a8af542f38ee3892b4102a044fba17a5a637835639,f856ea8293ca5feddf2db929e4600606a982d7e516d171e547f2c9ccd3db7da5,c1fa73a21ffa567db2ed20ef8fc27dc9c91ed92a5849828e7ecf74bc6fbd5247,N_raw_s47_f0_lr0.001,6cf42d5a38a8700bd11e16ea0f5090df308260f982f98e41daf8ef6e5e29ac22,01763a75e72e1d151262c1030228aaa2b047dfced367505830eeb248d7880c2c,767,767,512,2558,767400,300,620ea1dc1e443dc6c238317463dc64ab3a9ae05fb592743f3a7d67d7ce17262c,d164ad5aa2ce5cddc59b090809ccdf258a142a0ebe45712102a4c410fef64b5d,82461e4d28691b5a3f76cac317a7bde90a5123c8b0ad8230422abc74e2e16326,10dfdb81f8d4e94b6c79fe77873ee10c1c43c43b752debce9aaf7641d2402843,fd0b415d4995c8ff6b61d5f15fd84a08191887a08a37ecd0fc53bb9453bf23c6,0.9600320681929588,0.16029292107404394,0.6110659072416599,0.5223759153783564
warm_N_raw_s47_f100_preserve_flip_balanced_lr0.01,warm,N,raw,47,100,preserve_flip_balanced,lr0.01,adam,0.01,,300,1.8299944400787354,2.3860080242156982,0.0,0.09419955313205719,f856ea8293ca5feddf2db929e4600606a982d7e516d171e547f2c9ccd3db7da5,5cf0af3729a9c6fd31052060c04b8597feb08724371a9b708474cc49b659a8be,0cab666a044ff8564faba6cc7979b7ebed6f271568d24832233654948aa0c0e2,f856ea8293ca5feddf2db929e4600606a982d7e516d171e547f2c9ccd3db7da5,c1fa73a21ffa567db2ed20ef8fc27dc9c91ed92a5849828e7ecf74bc6fbd5247,N_raw_s47_f0_lr0.001,4ac6c4cfc1460880af297eb68d549bcb184f09f4563a1b71753a94ba17420453,01763a75e72e1d151262c1030228aaa2b047dfced367505830eeb248d7880c2c,767,767,512,2558,767400,300,620ea1dc1e443dc6c238317463dc64ab3a9ae05fb592743f3a7d67d7ce17262c,d164ad5aa2ce5cddc59b090809ccdf258a142a0ebe45712102a4c410fef64b5d,82461e4d28691b5a3f76cac317a7bde90a5123c8b0ad8230422abc74e2e16326,10dfdb81f8d4e94b6c79fe77873ee10c1c43c43b752debce9aaf7641d2402843,fd0b415d4995c8ff6b61d5f15fd84a08191887a08a37ecd0fc53bb9453bf23c6,0.9939919710159302,0.16192026037428803,0.6208299430431244,0.5183075671277462
warm_N_raw_s47_f100_protection_lr0.001,warm,N,raw,47,100,protection,lr0.001,adam,0.001,,300,0.6801748871803284,2.3860080242156982,0.04296875,0.6925414204597473,f856ea8293ca5feddf2db929e4600606a982d7e516d171e547f2c9ccd3db7da5,5cf0af3729a9c6fd31052060c04b8597feb08724371a9b708474cc49b659a8be,4f5135f42202f5c5c79f57e9eec858ba2e7e76260bf60a80b83e6a41a14a92b3,f856ea8293ca5feddf2db929e4600606a982d7e516d171e547f2c9ccd3db7da5,c1fa73a21ffa567db2ed20ef8fc27dc9c91ed92a5849828e7ecf74bc6fbd5247,N_raw_s47_f0_lr0.001,605a56a884f13261b1ca5ca53db7c3ff3a041b95c1767560cfbe2331f5661de5,14b2df168c379b62fb0477d35a6c4addcf05a99e9750f16ad27faf739e7920fd,1534,0,512,2558,767400,300,620ea1dc1e443dc6c238317463dc64ab3a9ae05fb592743f3a7d67d7ce17262c,d164ad5aa2ce5cddc59b090809ccdf258a142a0ebe45712102a4c410fef64b5d,82461e4d28691b5a3f76cac317a7bde90a5123c8b0ad8230422abc74e2e16326,10dfdb81f8d4e94b6c79fe77873ee10c1c43c43b752debce9aaf7641d2402843,fd0b415d4995c8ff6b61d5f15fd84a08191887a08a37ecd0fc53bb9453bf23c6,1.0013282522559166,0.14564686737184704,0.563873067534581,0.563873067534581
warm_N_raw_s47_f100_protection_lr0.003,warm,N,raw,47,100,protection,lr0.003,adam,0.003,,300,1.1148841381072998,2.3860080242156982,0.0,0.2901568114757538,f856ea8293ca5feddf2db929e4600606a982d7e516d171e547f2c9ccd3db7da5,5cf0af3729a9c6fd31052060c04b8597feb08724371a9b708474cc49b659a8be,6847e2f15b4258e6480a08433438076d7ca3508fbb113b2032f2da8a3bb92f0c,f856ea8293ca5feddf2db929e4600606a982d7e516d171e547f2c9ccd3db7da5,c1fa73a21ffa567db2ed20ef8fc27dc9c91ed92a5849828e7ecf74bc6fbd5247,N_raw_s47_f0_lr0.001,4aea0d12cf3b262efc5000758086184e0093c644f4e3dd3180ee6b5ebcd9fec1,14b2df168c379b62fb0477d35a6c4addcf05a99e9750f16ad27faf739e7920fd,1534,0,512,2558,767400,300,620ea1dc1e443dc6c238317463dc64ab3a9ae05fb592743f3a7d67d7ce17262c,d164ad5aa2ce5cddc59b090809ccdf258a142a0ebe45712102a4c410fef64b5d,82461e4d28691b5a3f76cac317a7bde90a5123c8b0ad8230422abc74e2e16326,10dfdb81f8d4e94b6c79fe77873ee10c1c43c43b752debce9aaf7641d2402843,fd0b415d4995c8ff6b61d5f15fd84a08191887a08a37ecd0fc53bb9453bf23c6,0.9580833539366722,0.14320585842148087,0.5508543531326282,0.5720097640358015
warm_N_raw_s47_f100_protection_lr0.01,warm,N,raw,47,100,protection,lr0.01,adam,0.01,,300,1.5065215826034546,2.3860080242156982,0.01171875,0.16805055737495422,f856ea8293ca5feddf2db929e4600606a982d7e516d171e547f2c9ccd3db7da5,5cf0af3729a9c6fd31052060c04b8597feb08724371a9b708474cc49b659a8be,41e6b9b9a651dbac17c1c4033febbd19fc1c1a06d0e07ddfc66d62ee03a8447f,f856ea8293ca5feddf2db929e4600606a982d7e516d171e547f2c9ccd3db7da5,c1fa73a21ffa567db2ed20ef8fc27dc9c91ed92a5849828e7ecf74bc6fbd5247,N_raw_s47_f0_lr0.001,067a98a7b49dee520b70b46b0b307e250dffd469a281a7fce8f6dc61969b375e,14b2df168c379b62fb0477d35a6c4addcf05a99e9750f16ad27faf739e7920fd,1534,0,512,2558,767400,300,620ea1dc1e443dc6c238317463dc64ab3a9ae05fb592743f3a7d67d7ce17262c,d164ad5aa2ce5cddc59b090809ccdf258a142a0ebe45712102a4c410fef64b5d,82461e4d28691b5a3f76cac317a7bde90a5123c8b0ad8230422abc74e2e16326,10dfdb81f8d4e94b6c79fe77873ee10c1c43c43b752debce9aaf7641d2402843,fd0b415d4995c8ff6b61d5f15fd84a08191887a08a37ecd0fc53bb9453bf23c6,0.9983599036931992,0.16517493897477625,0.5549227013832384,0.5899104963384866
warm_N_raw_s47_f25_hard_replay_lr0.001,warm,N,raw,47,25,hard_replay,lr0.001,adam,0.001,,300,0.9761422276496887,2.3860080242156982,0.02734375,0.4261440634727478,f856ea8293ca5feddf2db929e4600606a982d7e516d171e547f2c9ccd3db7da5,5cf0af3729a9c6fd31052060c04b8597feb08724371a9b708474cc49b659a8be,fef8908259390167bc59b02136e9e13d6a97e2d3bd7b2a0ecbf9a18c06d96e1f,f856ea8293ca5feddf2db929e4600606a982d7e516d171e547f2c9ccd3db7da5,c1fa73a21ffa567db2ed20ef8fc27dc9c91ed92a5849828e7ecf74bc6fbd5247,N_raw_s47_f0_lr0.001,3879295f22e67827809f14f7e38e4ca4e6f825d1dac31cc0f2f7611965a3f839,c5db7def0759ab978b103f6d0d9e22bce710ddb79b3b9727082ea763d50041bb,383,0,512,1407,422100,300,620ea1dc1e443dc6c238317463dc64ab3a9ae05fb592743f3a7d67d7ce17262c,d164ad5aa2ce5cddc59b090809ccdf258a142a0ebe45712102a4c410fef64b5d,82461e4d28691b5a3f76cac317a7bde90a5123c8b0ad8230422abc74e2e16326,10dfdb81f8d4e94b6c79fe77873ee10c1c43c43b752debce9aaf7641d2402843,fd0b415d4995c8ff6b61d5f15fd84a08191887a08a37ecd0fc53bb9453bf23c6,0.8322206363081932,0.13344182262001628,0.5842148087876322,0.5256305939788446
warm_N_raw_s47_f25_hard_replay_lr0.003,warm,N,raw,47,25,hard_replay,lr0.003,adam,0.003,,300,1.827722191810608,2.3860080242156982,0.005859375,0.10096202790737152,f856ea8293ca5feddf2db929e4600606a982d7e516d171e547f2c9ccd3db7da5,5cf0af3729a9c6fd31052060c04b8597feb08724371a9b708474cc49b659a8be,3f3e4161bc97e1e22e3c1c7fe2293cfb9f7749a04fb0f87e6b836a2573af0849,f856ea8293ca5feddf2db929e4600606a982d7e516d171e547f2c9ccd3db7da5,c1fa73a21ffa567db2ed20ef8fc27dc9c91ed92a5849828e7ecf74bc6fbd5247,N_raw_s47_f0_lr0.001,7d15faa1e2d0ff68c1231c7f1a98117e5abe8cf8a399c5d0f3ac6ca4c3681695,c5db7def0759ab978b103f6d0d9e22bce710ddb79b3b9727082ea763d50041bb,383,0,512,1407,422100,300,620ea1dc1e443dc6c238317463dc64ab3a9ae05fb592743f3a7d67d7ce17262c,d164ad5aa2ce5cddc59b090809ccdf258a142a0ebe45712102a4c410fef64b5d,82461e4d28691b5a3f76cac317a7bde90a5123c8b0ad8230422abc74e2e16326,10dfdb81f8d4e94b6c79fe77873ee10c1c43c43b752debce9aaf7641d2402843,fd0b415d4995c8ff6b61d5f15fd84a08191887a08a37ecd0fc53bb9453bf23c6,0.8362805470824242,0.15866558177379983,0.6004882017900732,0.5280716029292107
warm_N_raw_s47_f25_hard_replay_lr0.01,warm,N,raw,47,25,hard_replay,lr0.01,adam,0.01,,300,2.2742373943328857,2.3860080242156982,0.0,0.05305256322026253,f856ea8293ca5feddf2db929e4600606a982d7e516d171e547f2c9ccd3db7da5,5cf0af3729a9c6fd31052060c04b8597feb08724371a9b708474cc49b659a8be,c53ebccd5b6f10f8d58149d9c7a23e50cfe1ddfd78038a57ba70ac5813aaa4ea,f856ea8293ca5feddf2db929e4600606a982d7e516d171e547f2c9ccd3db7da5,c1fa73a21ffa567db2ed20ef8fc27dc9c91ed92a5849828e7ecf74bc6fbd5247,N_raw_s47_f0_lr0.001,077f40a80d869997cbedf550466c84774bcfbfe81d0f072e9f538b09d3862d74,c5db7def0759ab978b103f6d0d9e22bce710ddb79b3b9727082ea763d50041bb,383,0,512,1407,422100,300,620ea1dc1e443dc6c238317463dc64ab3a9ae05fb592743f3a7d67d7ce17262c,d164ad5aa2ce5cddc59b090809ccdf258a142a0ebe45712102a4c410fef64b5d,82461e4d28691b5a3f76cac317a7bde90a5123c8b0ad8230422abc74e2e16326,10dfdb81f8d4e94b6c79fe77873ee10c1c43c43b752debce9aaf7641d2402843,fd0b415d4995c8ff6b61d5f15fd84a08191887a08a37ecd0fc53bb9453bf23c6,0.8586582541465759,0.1562245728234337,0.6102522375915378,0.5223759153783564
warm_N_raw_s47_f25_plain_adam_lr0.0005_steps600,warm,N,raw,47,25,plain,adam_lr0.0005_steps600,adam,0.0005,,600,0.9595203399658203,2.3860080242156982,0.060546875,0.29155486822128296,f856ea8293ca5feddf2db929e4600606a982d7e516d171e547f2c9ccd3db7da5,5cf0af3729a9c6fd31052060c04b8597feb08724371a9b708474cc49b659a8be,4e0994993f91fceb3c3ffbfe49576bbc67bb11d9edca15f1b61c4fbc9cb77cba,f856ea8293ca5feddf2db929e4600606a982d7e516d171e547f2c9ccd3db7da5,c1fa73a21ffa567db2ed20ef8fc27dc9c91ed92a5849828e7ecf74bc6fbd5247,N_raw_s47_f0_lr0.001,37dd59b2bf15f63d971da00378979a5f9f56a6afcc0611be35c79245f79e7d76,c5db7def0759ab978b103f6d0d9e22bce710ddb79b3b9727082ea763d50041bb,383,0,512,1407,844200,600,620ea1dc1e443dc6c238317463dc64ab3a9ae05fb592743f3a7d67d7ce17262c,d164ad5aa2ce5cddc59b090809ccdf258a142a0ebe45712102a4c410fef64b5d,82461e4d28691b5a3f76cac317a7bde90a5123c8b0ad8230422abc74e2e16326,10dfdb81f8d4e94b6c79fe77873ee10c1c43c43b752debce9aaf7641d2402843,fd0b415d4995c8ff6b61d5f15fd84a08191887a08a37ecd0fc53bb9453bf23c6,1.6556191220879555,0.13913751017087062,0.5581773799837266,0.5573637103336045
warm_N_raw_s47_f25_plain_lr0.001,warm,N,raw,47,25,plain,lr0.001,adam,0.001,,300,0.878185510635376,2.3860080242156982,0.06640625,0.34783488512039185,f856ea8293ca5feddf2db929e4600606a982d7e516d171e547f2c9ccd3db7da5,5cf0af3729a9c6fd31052060c04b8597feb08724371a9b708474cc49b659a8be,82060f48d0955383eaeea3896c329c535a703b7ee6a0fb4a757d17773cbb5fac,f856ea8293ca5feddf2db929e4600606a982d7e516d171e547f2c9ccd3db7da5,c1fa73a21ffa567db2ed20ef8fc27dc9c91ed92a5849828e7ecf74bc6fbd5247,N_raw_s47_f0_lr0.001,c202b352b37f865ed4794c6b49c6acfffe5234dbf5784dcbeb4f8a9786df1dbc,c5db7def0759ab978b103f6d0d9e22bce710ddb79b3b9727082ea763d50041bb,383,0,512,1407,422100,300,620ea1dc1e443dc6c238317463dc64ab3a9ae05fb592743f3a7d67d7ce17262c,d164ad5aa2ce5cddc59b090809ccdf258a142a0ebe45712102a4c410fef64b5d,82461e4d28691b5a3f76cac317a7bde90a5123c8b0ad8230422abc74e2e16326,10dfdb81f8d4e94b6c79fe77873ee10c1c43c43b752debce9aaf7641d2402843,fd0b415d4995c8ff6b61d5f15fd84a08191887a08a37ecd0fc53bb9453bf23c6,0.820288710296154,0.13506916192026036,0.5581773799837266,0.5541090317331163
warm_N_raw_s47_f25_plain_lr0.003,warm,N,raw,47,25,plain,lr0.003,adam,0.003,,300,1.4748603105545044,2.3860080242156982,0.015625,0.10734523832798004,f856ea8293ca5feddf2db929e4600606a982d7e516d171e547f2c9ccd3db7da5,5cf0af3729a9c6fd31052060c04b8597feb08724371a9b708474cc49b659a8be,333dcac6cf1e0eb039f534a63e7d935f025b34ef4a7836fbcad2445973c5e0bd,f856ea8293ca5feddf2db929e4600606a982d7e516d171e547f2c9ccd3db7da5,c1fa73a21ffa567db2ed20ef8fc27dc9c91ed92a5849828e7ecf74bc6fbd5247,N_raw_s47_f0_lr0.001,26de9a118aaeab9e992330e38db22f7b8304a629babc7df9641a78e70b691208,c5db7def0759ab978b103f6d0d9e22bce710ddb79b3b9727082ea763d50041bb,383,0,512,1407,422100,300,620ea1dc1e443dc6c238317463dc64ab3a9ae05fb592743f3a7d67d7ce17262c,d164ad5aa2ce5cddc59b090809ccdf258a142a0ebe45712102a4c410fef64b5d,82461e4d28691b5a3f76cac317a7bde90a5123c8b0ad8230422abc74e2e16326,10dfdb81f8d4e94b6c79fe77873ee10c1c43c43b752debce9aaf7641d2402843,fd0b415d4995c8ff6b61d5f15fd84a08191887a08a37ecd0fc53bb9453bf23c6,0.8503652587532997,0.14076484947111473,0.5785191212367778,0.532953620829943
warm_N_raw_s47_f25_plain_lr0.01,warm,N,raw,47,25,plain,lr0.01,adam,0.01,,300,2.22746205329895,2.3860080242156982,0.00390625,0.03826292231678963,f856ea8293ca5feddf2db929e4600606a982d7e516d171e547f2c9ccd3db7da5,5cf0af3729a9c6fd31052060c04b8597feb08724371a9b708474cc49b659a8be,a72c8c8a5ad498ed39f4877e88ca841bc8fb150057814be29a081858ca6f7485,f856ea8293ca5feddf2db929e4600606a982d7e516d171e547f2c9ccd3db7da5,c1fa73a21ffa567db2ed20ef8fc27dc9c91ed92a5849828e7ecf74bc6fbd5247,N_raw_s47_f0_lr0.001,01b882351045b1de6ade04dd888f17d5f523d05fb7fbd9f47922e9432a3c6603,c5db7def0759ab978b103f6d0d9e22bce710ddb79b3b9727082ea763d50041bb,383,0,512,1407,422100,300,620ea1dc1e443dc6c238317463dc64ab3a9ae05fb592743f3a7d67d7ce17262c,d164ad5aa2ce5cddc59b090809ccdf258a142a0ebe45712102a4c410fef64b5d,82461e4d28691b5a3f76cac317a7bde90a5123c8b0ad8230422abc74e2e16326,10dfdb81f8d4e94b6c79fe77873ee10c1c43c43b752debce9aaf7641d2402843,fd0b415d4995c8ff6b61d5f15fd84a08191887a08a37ecd0fc53bb9453bf23c6,0.840683288872242,0.15052888527257932,0.596419853539463,0.5296989422294548
warm_N_raw_s47_f25_plain_sgd_m09_lr0.003,warm,N,raw,47,25,plain,sgd_m09_lr0.003,sgd,0.003,0.9,300,1.0301254987716675,2.3860080242156982,0.078125,0.35846149921417236,f856ea8293ca5feddf2db929e4600606a982d7e516d171e547f2c9ccd3db7da5,5cf0af3729a9c6fd31052060c04b8597feb08724371a9b708474cc49b659a8be,e02f0c4309b820bfc969c19d9c14e59e544797cfdcfdf3745ed70852369a9ed9,f856ea8293ca5feddf2db929e4600606a982d7e516d171e547f2c9ccd3db7da5,c1fa73a21ffa567db2ed20ef8fc27dc9c91ed92a5849828e7ecf74bc6fbd5247,N_raw_s47_f0_lr0.001,fe2b2b18bb3ed0b16d91f118be6f9f2f4971ed0e7769834e802ae8a13816a700,c5db7def0759ab978b103f6d0d9e22bce710ddb79b3b9727082ea763d50041bb,383,0,512,1407,422100,300,620ea1dc1e443dc6c238317463dc64ab3a9ae05fb592743f3a7d67d7ce17262c,d164ad5aa2ce5cddc59b090809ccdf258a142a0ebe45712102a4c410fef64b5d,82461e4d28691b5a3f76cac317a7bde90a5123c8b0ad8230422abc74e2e16326,10dfdb81f8d4e94b6c79fe77873ee10c1c43c43b752debce9aaf7641d2402843,fd0b415d4995c8ff6b61d5f15fd84a08191887a08a37ecd0fc53bb9453bf23c6,0.7098574414849281,0.1114727420667209,0.5630593978844589,0.5215622457282343
warm_N_raw_s47_f25_plain_sgd_m09_lr0.01,warm,N,raw,47,25,plain,sgd_m09_lr0.01,sgd,0.01,0.9,300,1.9157862663269043,2.3860080242156982,0.015625,0.09322968125343323,f856ea8293ca5feddf2db929e4600606a982d7e516d171e547f2c9ccd3db7da5,5cf0af3729a9c6fd31052060c04b8597feb08724371a9b708474cc49b659a8be,f7d22b0b7f5a847e7a81fa96e57c942a1015eaffedc71ccff4bb2728c186a45d,f856ea8293ca5feddf2db929e4600606a982d7e516d171e547f2c9ccd3db7da5,c1fa73a21ffa567db2ed20ef8fc27dc9c91ed92a5849828e7ecf74bc6fbd5247,N_raw_s47_f0_lr0.001,097cc314e9eadd1658952e0598f8352e865c6fdeb11268c84f93f4cdbe298034,c5db7def0759ab978b103f6d0d9e22bce710ddb79b3b9727082ea763d50041bb,383,0,512,1407,422100,300,620ea1dc1e443dc6c238317463dc64ab3a9ae05fb592743f3a7d67d7ce17262c,d164ad5aa2ce5cddc59b090809ccdf258a142a0ebe45712102a4c410fef64b5d,82461e4d28691b5a3f76cac317a7bde90a5123c8b0ad8230422abc74e2e16326,10dfdb81f8d4e94b6c79fe77873ee10c1c43c43b752debce9aaf7641d2402843,fd0b415d4995c8ff6b61d5f15fd84a08191887a08a37ecd0fc53bb9453bf23c6,0.7066002637147903,0.12367778681855167,0.5858421480878763,0.5126118795768918
warm_N_raw_s47_f25_preserve_flip_balanced_lr0.001,warm,N,raw,47,25,preserve_flip_balanced,lr0.001,adam,0.001,,300,1.4113898277282715,2.3860080242156982,0.01171875,0.15635722875595093,f856ea8293ca5feddf2db929e4600606a982d7e516d171e547f2c9ccd3db7da5,5cf0af3729a9c6fd31052060c04b8597feb08724371a9b708474cc49b659a8be,db180231e1768a8179c7071bbb6c8eb2cc075975ce84de0456b2b3963932387e,f856ea8293ca5feddf2db929e4600606a982d7e516d171e547f2c9ccd3db7da5,c1fa73a21ffa567db2ed20ef8fc27dc9c91ed92a5849828e7ecf74bc6fbd5247,N_raw_s47_f0_lr0.001,4222777bc76b580ff69d1384a1b7b768df84e478095b01c1b2ccb3ed9dc06508,d9970f091c8e1e046b98451433ce976ae288abc6d21c64141bd2876b84bd9b0f,191,192,512,1407,422100,300,620ea1dc1e443dc6c238317463dc64ab3a9ae05fb592743f3a7d67d7ce17262c,d164ad5aa2ce5cddc59b090809ccdf258a142a0ebe45712102a4c410fef64b5d,82461e4d28691b5a3f76cac317a7bde90a5123c8b0ad8230422abc74e2e16326,10dfdb81f8d4e94b6c79fe77873ee10c1c43c43b752debce9aaf7641d2402843,fd0b415d4995c8ff6b61d5f15fd84a08191887a08a37ecd0fc53bb9453bf23c6,0.8666831627488136,0.10089503661513426,0.596419853539463,0.47681041497152155
warm_N_raw_s47_f25_preserve_flip_balanced_lr0.003,warm,N,raw,47,25,preserve_flip_balanced,lr0.003,adam,0.003,,300,2.6350765228271484,2.3860080242156982,0.0,0.029153544455766678,f856ea8293ca5feddf2db929e4600606a982d7e516d171e547f2c9ccd3db7da5,5cf0af3729a9c6fd31052060c04b8597feb08724371a9b708474cc49b659a8be,ceb9ba5863135ac0f49b9e59f87a6d9460a40368211165d2a75e76c5371f5e2e,f856ea8293ca5feddf2db929e4600606a982d7e516d171e547f2c9ccd3db7da5,c1fa73a21ffa567db2ed20ef8fc27dc9c91ed92a5849828e7ecf74bc6fbd5247,N_raw_s47_f0_lr0.001,db0b3f842bba1629e785d36a7eb85d4d4bbf82bac9f312c60a33f5ecb7395bd2,d9970f091c8e1e046b98451433ce976ae288abc6d21c64141bd2876b84bd9b0f,191,192,512,1407,422100,300,620ea1dc1e443dc6c238317463dc64ab3a9ae05fb592743f3a7d67d7ce17262c,d164ad5aa2ce5cddc59b090809ccdf258a142a0ebe45712102a4c410fef64b5d,82461e4d28691b5a3f76cac317a7bde90a5123c8b0ad8230422abc74e2e16326,10dfdb81f8d4e94b6c79fe77873ee10c1c43c43b752debce9aaf7641d2402843,fd0b415d4995c8ff6b61d5f15fd84a08191887a08a37ecd0fc53bb9453bf23c6,0.8692732080817223,0.1383238405207486,0.6240846216436127,0.48576078112286414
warm_N_raw_s47_f25_preserve_flip_balanced_lr0.01,warm,N,raw,47,25,preserve_flip_balanced,lr0.01,adam,0.01,,300,2.54764461517334,2.3860080242156982,0.0,0.0284603089094162,f856ea8293ca5feddf2db929e4600606a982d7e516d171e547f2c9ccd3db7da5,5cf0af3729a9c6fd31052060c04b8597feb08724371a9b708474cc49b659a8be,32a8cc4fd3d4aec3cb1827e9ebcc37b36edeb3de5ac26098e59eb740c7ab32d1,f856ea8293ca5feddf2db929e4600606a982d7e516d171e547f2c9ccd3db7da5,c1fa73a21ffa567db2ed20ef8fc27dc9c91ed92a5849828e7ecf74bc6fbd5247,N_raw_s47_f0_lr0.001,c4b721a96f6742442804d30b7fad4b2a036f3fdcfe6e25fc54dbc65b919bdf35,d9970f091c8e1e046b98451433ce976ae288abc6d21c64141bd2876b84bd9b0f,191,192,512,1407,422100,300,620ea1dc1e443dc6c238317463dc64ab3a9ae05fb592743f3a7d67d7ce17262c,d164ad5aa2ce5cddc59b090809ccdf258a142a0ebe45712102a4c410fef64b5d,82461e4d28691b5a3f76cac317a7bde90a5123c8b0ad8230422abc74e2e16326,10dfdb81f8d4e94b6c79fe77873ee10c1c43c43b752debce9aaf7641d2402843,fd0b415d4995c8ff6b61d5f15fd84a08191887a08a37ecd0fc53bb9453bf23c6,0.8408928140997887,0.11310008136696502,0.6436126932465419,0.4467046379170057
warm_N_raw_s47_f25_protection_lr0.001,warm,N,raw,47,25,protection,lr0.001,adam,0.001,,300,0.9692850112915039,2.3860080242156982,0.025390625,0.43650150299072266,f856ea8293ca5feddf2db929e4600606a982d7e516d171e547f2c9ccd3db7da5,5cf0af3729a9c6fd31052060c04b8597feb08724371a9b708474cc49b659a8be,685b8047b4bc10a84e4abbd71ccc3247cec01487721195c93ba6c6f0b828f884,f856ea8293ca5feddf2db929e4600606a982d7e516d171e547f2c9ccd3db7da5,c1fa73a21ffa567db2ed20ef8fc27dc9c91ed92a5849828e7ecf74bc6fbd5247,N_raw_s47_f0_lr0.001,062f50670952b573205b9a3159bc726f807ffed685df0a377f1b711e1a86d47b,c5db7def0759ab978b103f6d0d9e22bce710ddb79b3b9727082ea763d50041bb,383,0,512,1407,422100,300,620ea1dc1e443dc6c238317463dc64ab3a9ae05fb592743f3a7d67d7ce17262c,d164ad5aa2ce5cddc59b090809ccdf258a142a0ebe45712102a4c410fef64b5d,82461e4d28691b5a3f76cac317a7bde90a5123c8b0ad8230422abc74e2e16326,10dfdb81f8d4e94b6c79fe77873ee10c1c43c43b752debce9aaf7641d2402843,fd0b415d4995c8ff6b61d5f15fd84a08191887a08a37ecd0fc53bb9453bf23c6,0.8437288776040077,0.13425549227013833,0.5866558177379984,0.5248169243287225
warm_N_raw_s47_f25_protection_lr0.003,warm,N,raw,47,25,protection,lr0.003,adam,0.003,,300,1.7944024801254272,2.3860080242156982,0.0078125,0.11954998970031738,f856ea8293ca5feddf2db929e4600606a982d7e516d171e547f2c9ccd3db7da5,5cf0af3729a9c6fd31052060c04b8597feb08724371a9b708474cc49b659a8be,ae5f4f2cdfe500331ce6f8d390c7978d5583607337c55620f951b7b850f25575,f856ea8293ca5feddf2db929e4600606a982d7e516d171e547f2c9ccd3db7da5,c1fa73a21ffa567db2ed20ef8fc27dc9c91ed92a5849828e7ecf74bc6fbd5247,N_raw_s47_f0_lr0.001,3162541cf5dc8b03ef63f06904a59c138dabd46a61d3484b8d03f8de5cb2255e,c5db7def0759ab978b103f6d0d9e22bce710ddb79b3b9727082ea763d50041bb,383,0,512,1407,422100,300,620ea1dc1e443dc6c238317463dc64ab3a9ae05fb592743f3a7d67d7ce17262c,d164ad5aa2ce5cddc59b090809ccdf258a142a0ebe45712102a4c410fef64b5d,82461e4d28691b5a3f76cac317a7bde90a5123c8b0ad8230422abc74e2e16326,10dfdb81f8d4e94b6c79fe77873ee10c1c43c43b752debce9aaf7641d2402843,fd0b415d4995c8ff6b61d5f15fd84a08191887a08a37ecd0fc53bb9453bf23c6,0.8216091096401215,0.15541090317331163,0.6061838893409276,0.5215622457282343
warm_N_raw_s47_f25_protection_lr0.01,warm,N,raw,47,25,protection,lr0.01,adam,0.01,,300,2.1470937728881836,2.3860080242156982,0.0,0.06968733668327332,f856ea8293ca5feddf2db929e4600606a982d7e516d171e547f2c9ccd3db7da5,5cf0af3729a9c6fd31052060c04b8597feb08724371a9b708474cc49b659a8be,87ad380b3e3580474e0f76bd9d2675e2086a0da387993033bde11e3d2cff4410,f856ea8293ca5feddf2db929e4600606a982d7e516d171e547f2c9ccd3db7da5,c1fa73a21ffa567db2ed20ef8fc27dc9c91ed92a5849828e7ecf74bc6fbd5247,N_raw_s47_f0_lr0.001,0e08cd5e598360a85f081d3bc187e723e5b289c5afde6203925fe58df66610b1,c5db7def0759ab978b103f6d0d9e22bce710ddb79b3b9727082ea763d50041bb,383,0,512,1407,422100,300,620ea1dc1e443dc6c238317463dc64ab3a9ae05fb592743f3a7d67d7ce17262c,d164ad5aa2ce5cddc59b090809ccdf258a142a0ebe45712102a4c410fef64b5d,82461e4d28691b5a3f76cac317a7bde90a5123c8b0ad8230422abc74e2e16326,10dfdb81f8d4e94b6c79fe77873ee10c1c43c43b752debce9aaf7641d2402843,fd0b415d4995c8ff6b61d5f15fd84a08191887a08a37ecd0fc53bb9453bf23c6,0.8535278514027596,0.14646053702196907,0.5890968266883645,0.5337672904800651
warm_N_sixdist_s11_f0_hard_replay_lr0.001,warm,N,sixdist,11,0,hard_replay,lr0.001,adam,0.001,,300,2.312061309814453,1.1833871603012085,0.0,5.5994409194681793e-05,bc7b5d317024d6df191d4fc9b3b9ea4c82e0a3bd86c38d132660c7d479064593,4331e67e9d088ae74aff478588fb67a30d5d9002be5f3f8260d8fabc6b9ff640,2917a00cef6ae737a772c674494a3563b5d93ecd25b9fa57b7376fea9245cfb5,bc7b5d317024d6df191d4fc9b3b9ea4c82e0a3bd86c38d132660c7d479064593,a8cd0022c59f8e7fd22a8ec8f284827216f0b50ff2eb659fc2f6778656c23915,N_sixdist_s11_f0_lr0.001,4c692b1a6b64ca10f1ebb686910d42369ea4cfabbf7558fa9ad4f85886a7764c,790f8caa42139d3f5be041b38cbaaf690c88d1b3e6450af9490fabba88e82596,0,0,512,1024,307200,300,620ea1dc1e443dc6c238317463dc64ab3a9ae05fb592743f3a7d67d7ce17262c,d164ad5aa2ce5cddc59b090809ccdf258a142a0ebe45712102a4c410fef64b5d,82461e4d28691b5a3f76cac317a7bde90a5123c8b0ad8230422abc74e2e16326,10dfdb81f8d4e94b6c79fe77873ee10c1c43c43b752debce9aaf7641d2402843,fd0b415d4995c8ff6b61d5f15fd84a08191887a08a37ecd0fc53bb9453bf23c6,0.8347703740000725,0.26688364524003255,0.7526444263628966,0.5134255492270138
warm_N_sixdist_s11_f0_hard_replay_lr0.003,warm,N,sixdist,11,0,hard_replay,lr0.003,adam,0.003,,300,2.4191665649414062,1.1833871603012085,0.0,6.174582813400775e-05,bc7b5d317024d6df191d4fc9b3b9ea4c82e0a3bd86c38d132660c7d479064593,4331e67e9d088ae74aff478588fb67a30d5d9002be5f3f8260d8fabc6b9ff640,9c9cfba41080c8f4a52aa945b5f5d7ce135f0c639c8a977fb880c5732cebb211,bc7b5d317024d6df191d4fc9b3b9ea4c82e0a3bd86c38d132660c7d479064593,a8cd0022c59f8e7fd22a8ec8f284827216f0b50ff2eb659fc2f6778656c23915,N_sixdist_s11_f0_lr0.001,1d74d2b2abfb7bb8f70adafc738bd4d0180311852f0f45afa857b7ff36f2b8a3,790f8caa42139d3f5be041b38cbaaf690c88d1b3e6450af9490fabba88e82596,0,0,512,1024,307200,300,620ea1dc1e443dc6c238317463dc64ab3a9ae05fb592743f3a7d67d7ce17262c,d164ad5aa2ce5cddc59b090809ccdf258a142a0ebe45712102a4c410fef64b5d,82461e4d28691b5a3f76cac317a7bde90a5123c8b0ad8230422abc74e2e16326,10dfdb81f8d4e94b6c79fe77873ee10c1c43c43b752debce9aaf7641d2402843,fd0b415d4995c8ff6b61d5f15fd84a08191887a08a37ecd0fc53bb9453bf23c6,0.8176381513476372,0.2628152969894223,0.7575264442636289,0.5044751830756713
warm_N_sixdist_s11_f0_hard_replay_lr0.01,warm,N,sixdist,11,0,hard_replay,lr0.01,adam,0.01,,300,2.115002155303955,1.1833871603012085,0.0,0.00019736718968488276,bc7b5d317024d6df191d4fc9b3b9ea4c82e0a3bd86c38d132660c7d479064593,4331e67e9d088ae74aff478588fb67a30d5d9002be5f3f8260d8fabc6b9ff640,72344b0523f2efeff6cb4c38b2bd87c7041e42bade3e67f3f9fd9f8401894877,bc7b5d317024d6df191d4fc9b3b9ea4c82e0a3bd86c38d132660c7d479064593,a8cd0022c59f8e7fd22a8ec8f284827216f0b50ff2eb659fc2f6778656c23915,N_sixdist_s11_f0_lr0.001,52aa096d1b36769f48f384ec387373cc914a205af52e3d461e5326bf856e80e3,790f8caa42139d3f5be041b38cbaaf690c88d1b3e6450af9490fabba88e82596,0,0,512,1024,307200,300,620ea1dc1e443dc6c238317463dc64ab3a9ae05fb592743f3a7d67d7ce17262c,d164ad5aa2ce5cddc59b090809ccdf258a142a0ebe45712102a4c410fef64b5d,82461e4d28691b5a3f76cac317a7bde90a5123c8b0ad8230422abc74e2e16326,10dfdb81f8d4e94b6c79fe77873ee10c1c43c43b752debce9aaf7641d2402843,fd0b415d4995c8ff6b61d5f15fd84a08191887a08a37ecd0fc53bb9453bf23c6,0.7699877321720123,0.2855980471928397,0.7656631407648494,0.5183075671277462
warm_N_sixdist_s11_f0_plain_adam_lr0.0005_steps600,warm,N,sixdist,11,0,plain,adam_lr0.0005_steps600,adam,0.0005,,600,2.484417200088501,1.1833871603012085,0.0,1.2532300388556905e-05,bc7b5d317024d6df191d4fc9b3b9ea4c82e0a3bd86c38d132660c7d479064593,4331e67e9d088ae74aff478588fb67a30d5d9002be5f3f8260d8fabc6b9ff640,671636550cecb98ae12f50205ce3d38c29513136db66f9d1ef24c1dbe8d5c30b,bc7b5d317024d6df191d4fc9b3b9ea4c82e0a3bd86c38d132660c7d479064593,a8cd0022c59f8e7fd22a8ec8f284827216f0b50ff2eb659fc2f6778656c23915,N_sixdist_s11_f0_lr0.001,ec50c4aa17155f6dc45b907138eaefa3e9c1f9ee4d4bd206c0879417877f4936,790f8caa42139d3f5be041b38cbaaf690c88d1b3e6450af9490fabba88e82596,0,0,512,1024,614400,600,620ea1dc1e443dc6c238317463dc64ab3a9ae05fb592743f3a7d67d7ce17262c,d164ad5aa2ce5cddc59b090809ccdf258a142a0ebe45712102a4c410fef64b5d,82461e4d28691b5a3f76cac317a7bde90a5123c8b0ad8230422abc74e2e16326,10dfdb81f8d4e94b6c79fe77873ee10c1c43c43b752debce9aaf7641d2402843,fd0b415d4995c8ff6b61d5f15fd84a08191887a08a37ecd0fc53bb9453bf23c6,1.5452093482017517,0.2628152969894223,0.7485760781122864,0.5117982099267697
warm_N_sixdist_s11_f0_plain_lr0.001,warm,N,sixdist,11,0,plain,lr0.001,adam,0.001,,300,2.3279950618743896,1.1833871603012085,0.0,2.855607272067573e-05,bc7b5d317024d6df191d4fc9b3b9ea4c82e0a3bd86c38d132660c7d479064593,4331e67e9d088ae74aff478588fb67a30d5d9002be5f3f8260d8fabc6b9ff640,e0b10e426e25a863af3078005b7ca174d1899cd4c4bb9992076153b3859521f3,bc7b5d317024d6df191d4fc9b3b9ea4c82e0a3bd86c38d132660c7d479064593,a8cd0022c59f8e7fd22a8ec8f284827216f0b50ff2eb659fc2f6778656c23915,N_sixdist_s11_f0_lr0.001,8e764329706952f5e55eddeddd12e6f0bd288f7be8c3ed45ac9c337d10030398,790f8caa42139d3f5be041b38cbaaf690c88d1b3e6450af9490fabba88e82596,0,0,512,1024,307200,300,620ea1dc1e443dc6c238317463dc64ab3a9ae05fb592743f3a7d67d7ce17262c,d164ad5aa2ce5cddc59b090809ccdf258a142a0ebe45712102a4c410fef64b5d,82461e4d28691b5a3f76cac317a7bde90a5123c8b0ad8230422abc74e2e16326,10dfdb81f8d4e94b6c79fe77873ee10c1c43c43b752debce9aaf7641d2402843,fd0b415d4995c8ff6b61d5f15fd84a08191887a08a37ecd0fc53bb9453bf23c6,0.7569114416837692,0.2676973148901546,0.7526444263628966,0.5142392188771359
warm_N_sixdist_s11_f0_plain_lr0.003,warm,N,sixdist,11,0,plain,lr0.003,adam,0.003,,300,2.418815851211548,1.1833871603012085,0.0,3.089789970545098e-05,bc7b5d317024d6df191d4fc9b3b9ea4c82e0a3bd86c38d132660c7d479064593,4331e67e9d088ae74aff478588fb67a30d5d9002be5f3f8260d8fabc6b9ff640,14d5b83114f31f92c3b44d4aa41b94317ac2103f7b5da6b61d7047b1f0b844a6,bc7b5d317024d6df191d4fc9b3b9ea4c82e0a3bd86c38d132660c7d479064593,a8cd0022c59f8e7fd22a8ec8f284827216f0b50ff2eb659fc2f6778656c23915,N_sixdist_s11_f0_lr0.001,e5423cf02c5023e46121a39954c5d2ab847ff6e84b129e75c5b1f46199b1d909,790f8caa42139d3f5be041b38cbaaf690c88d1b3e6450af9490fabba88e82596,0,0,512,1024,307200,300,620ea1dc1e443dc6c238317463dc64ab3a9ae05fb592743f3a7d67d7ce17262c,d164ad5aa2ce5cddc59b090809ccdf258a142a0ebe45712102a4c410fef64b5d,82461e4d28691b5a3f76cac317a7bde90a5123c8b0ad8230422abc74e2e16326,10dfdb81f8d4e94b6c79fe77873ee10c1c43c43b752debce9aaf7641d2402843,fd0b415d4995c8ff6b61d5f15fd84a08191887a08a37ecd0fc53bb9453bf23c6,0.7762640193104744,0.2628152969894223,0.7575264442636289,0.5044751830756713
warm_N_sixdist_s11_f0_plain_lr0.01,warm,N,sixdist,11,0,plain,lr0.01,adam,0.01,,300,2.1100544929504395,1.1833871603012085,0.0,9.921736636897549e-05,bc7b5d317024d6df191d4fc9b3b9ea4c82e0a3bd86c38d132660c7d479064593,4331e67e9d088ae74aff478588fb67a30d5d9002be5f3f8260d8fabc6b9ff640,e14bbd3d23e9c6ef64f9e9f70d078861c8c20ba8012de8ba3d9b084346ff3a29,bc7b5d317024d6df191d4fc9b3b9ea4c82e0a3bd86c38d132660c7d479064593,a8cd0022c59f8e7fd22a8ec8f284827216f0b50ff2eb659fc2f6778656c23915,N_sixdist_s11_f0_lr0.001,2f28556fc31d91b3b61bef36652715f5badb152b0c3fa83ee3f1f06e4fede190,790f8caa42139d3f5be041b38cbaaf690c88d1b3e6450af9490fabba88e82596,0,0,512,1024,307200,300,620ea1dc1e443dc6c238317463dc64ab3a9ae05fb592743f3a7d67d7ce17262c,d164ad5aa2ce5cddc59b090809ccdf258a142a0ebe45712102a4c410fef64b5d,82461e4d28691b5a3f76cac317a7bde90a5123c8b0ad8230422abc74e2e16326,10dfdb81f8d4e94b6c79fe77873ee10c1c43c43b752debce9aaf7641d2402843,fd0b415d4995c8ff6b61d5f15fd84a08191887a08a37ecd0fc53bb9453bf23c6,0.7430575340986252,0.2839707078925956,0.7656631407648494,0.516680227827502
warm_N_sixdist_s11_f0_plain_sgd_m09_lr0.003,warm,N,sixdist,11,0,plain,sgd_m09_lr0.003,sgd,0.003,0.9,300,1.2267508506774902,1.1833871603012085,0.0,0.001861954340711236,bc7b5d317024d6df191d4fc9b3b9ea4c82e0a3bd86c38d132660c7d479064593,4331e67e9d088ae74aff478588fb67a30d5d9002be5f3f8260d8fabc6b9ff640,26ccdec0fbeb23851d26b928e37655c672f8229b8ad33896097c01a3280d3fc9,bc7b5d317024d6df191d4fc9b3b9ea4c82e0a3bd86c38d132660c7d479064593,a8cd0022c59f8e7fd22a8ec8f284827216f0b50ff2eb659fc2f6778656c23915,N_sixdist_s11_f0_lr0.001,6eb3e6293c1b198f732e2d0d2ad9a98893d30d8905201b7da81320f3c3a17f17,790f8caa42139d3f5be041b38cbaaf690c88d1b3e6450af9490fabba88e82596,0,0,512,1024,307200,300,620ea1dc1e443dc6c238317463dc64ab3a9ae05fb592743f3a7d67d7ce17262c,d164ad5aa2ce5cddc59b090809ccdf258a142a0ebe45712102a4c410fef64b5d,82461e4d28691b5a3f76cac317a7bde90a5123c8b0ad8230422abc74e2e16326,10dfdb81f8d4e94b6c79fe77873ee10c1c43c43b752debce9aaf7641d2402843,fd0b415d4995c8ff6b61d5f15fd84a08191887a08a37ecd0fc53bb9453bf23c6,0.571537472307682,0.26851098454027666,0.7615947925142392,0.5052888527257934
warm_N_sixdist_s11_f0_plain_sgd_m09_lr0.01,warm,N,sixdist,11,0,plain,sgd_m09_lr0.01,sgd,0.01,0.9,300,1.3036494255065918,1.1833871603012085,0.0,0.001327040488831699,bc7b5d317024d6df191d4fc9b3b9ea4c82e0a3bd86c38d132660c7d479064593,4331e67e9d088ae74aff478588fb67a30d5d9002be5f3f8260d8fabc6b9ff640,c8941e1caa0bb1ad5227227747805de9947da1a5e025685ca9b7805aac144db0,bc7b5d317024d6df191d4fc9b3b9ea4c82e0a3bd86c38d132660c7d479064593,a8cd0022c59f8e7fd22a8ec8f284827216f0b50ff2eb659fc2f6778656c23915,N_sixdist_s11_f0_lr0.001,334b42c1ae4c0fbcc4f770dccf4991677f84d270d2896cafae2731591fc50152,790f8caa42139d3f5be041b38cbaaf690c88d1b3e6450af9490fabba88e82596,0,0,512,1024,307200,300,620ea1dc1e443dc6c238317463dc64ab3a9ae05fb592743f3a7d67d7ce17262c,d164ad5aa2ce5cddc59b090809ccdf258a142a0ebe45712102a4c410fef64b5d,82461e4d28691b5a3f76cac317a7bde90a5123c8b0ad8230422abc74e2e16326,10dfdb81f8d4e94b6c79fe77873ee10c1c43c43b752debce9aaf7641d2402843,fd0b415d4995c8ff6b61d5f15fd84a08191887a08a37ecd0fc53bb9453bf23c6,0.5982267633080482,0.2660699755899105,0.7640358014646054,0.5012205044751831
warm_N_sixdist_s11_f0_preserve_flip_balanced_lr0.001,warm,N,sixdist,11,0,preserve_flip_balanced,lr0.001,adam,0.001,,300,2.3279950618743896,1.1833871603012085,0.0,2.855607272067573e-05,bc7b5d317024d6df191d4fc9b3b9ea4c82e0a3bd86c38d132660c7d479064593,4331e67e9d088ae74aff478588fb67a30d5d9002be5f3f8260d8fabc6b9ff640,e0b10e426e25a863af3078005b7ca174d1899cd4c4bb9992076153b3859521f3,bc7b5d317024d6df191d4fc9b3b9ea4c82e0a3bd86c38d132660c7d479064593,a8cd0022c59f8e7fd22a8ec8f284827216f0b50ff2eb659fc2f6778656c23915,N_sixdist_s11_f0_lr0.001,96d6da0ebb55141a976fe4df5787e63e6b5133c4251f8fbe91b870e1dd6cbdfe,790f8caa42139d3f5be041b38cbaaf690c88d1b3e6450af9490fabba88e82596,0,0,512,1024,307200,300,620ea1dc1e443dc6c238317463dc64ab3a9ae05fb592743f3a7d67d7ce17262c,d164ad5aa2ce5cddc59b090809ccdf258a142a0ebe45712102a4c410fef64b5d,82461e4d28691b5a3f76cac317a7bde90a5123c8b0ad8230422abc74e2e16326,10dfdb81f8d4e94b6c79fe77873ee10c1c43c43b752debce9aaf7641d2402843,fd0b415d4995c8ff6b61d5f15fd84a08191887a08a37ecd0fc53bb9453bf23c6,0.7402737140655518,0.2676973148901546,0.7526444263628966,0.5142392188771359
warm_N_sixdist_s11_f0_preserve_flip_balanced_lr0.003,warm,N,sixdist,11,0,preserve_flip_balanced,lr0.003,adam,0.003,,300,2.418815851211548,1.1833871603012085,0.0,3.089789970545098e-05,bc7b5d317024d6df191d4fc9b3b9ea4c82e0a3bd86c38d132660c7d479064593,4331e67e9d088ae74aff478588fb67a30d5d9002be5f3f8260d8fabc6b9ff640,14d5b83114f31f92c3b44d4aa41b94317ac2103f7b5da6b61d7047b1f0b844a6,bc7b5d317024d6df191d4fc9b3b9ea4c82e0a3bd86c38d132660c7d479064593,a8cd0022c59f8e7fd22a8ec8f284827216f0b50ff2eb659fc2f6778656c23915,N_sixdist_s11_f0_lr0.001,586b443cf432ae8b7bd49e4b086349c937cdd11e4ac532322cc3bcdf42cc92fa,790f8caa42139d3f5be041b38cbaaf690c88d1b3e6450af9490fabba88e82596,0,0,512,1024,307200,300,620ea1dc1e443dc6c238317463dc64ab3a9ae05fb592743f3a7d67d7ce17262c,d164ad5aa2ce5cddc59b090809ccdf258a142a0ebe45712102a4c410fef64b5d,82461e4d28691b5a3f76cac317a7bde90a5123c8b0ad8230422abc74e2e16326,10dfdb81f8d4e94b6c79fe77873ee10c1c43c43b752debce9aaf7641d2402843,fd0b415d4995c8ff6b61d5f15fd84a08191887a08a37ecd0fc53bb9453bf23c6,0.7371782287955284,0.2628152969894223,0.7575264442636289,0.5044751830756713
warm_N_sixdist_s11_f0_preserve_flip_balanced_lr0.01,warm,N,sixdist,11,0,preserve_flip_balanced,lr0.01,adam,0.01,,300,2.1100544929504395,1.1833871603012085,0.0,9.921736636897549e-05,bc7b5d317024d6df191d4fc9b3b9ea4c82e0a3bd86c38d132660c7d479064593,4331e67e9d088ae74aff478588fb67a30d5d9002be5f3f8260d8fabc6b9ff640,e14bbd3d23e9c6ef64f9e9f70d078861c8c20ba8012de8ba3d9b084346ff3a29,bc7b5d317024d6df191d4fc9b3b9ea4c82e0a3bd86c38d132660c7d479064593,a8cd0022c59f8e7fd22a8ec8f284827216f0b50ff2eb659fc2f6778656c23915,N_sixdist_s11_f0_lr0.001,e404afa98424dbbf3e939c7793fbb3baadc8ab626050b15ad483a59c42f80158,790f8caa42139d3f5be041b38cbaaf690c88d1b3e6450af9490fabba88e82596,0,0,512,1024,307200,300,620ea1dc1e443dc6c238317463dc64ab3a9ae05fb592743f3a7d67d7ce17262c,d164ad5aa2ce5cddc59b090809ccdf258a142a0ebe45712102a4c410fef64b5d,82461e4d28691b5a3f76cac317a7bde90a5123c8b0ad8230422abc74e2e16326,10dfdb81f8d4e94b6c79fe77873ee10c1c43c43b752debce9aaf7641d2402843,fd0b415d4995c8ff6b61d5f15fd84a08191887a08a37ecd0fc53bb9453bf23c6,0.7344960048794746,0.2839707078925956,0.7656631407648494,0.516680227827502
warm_N_sixdist_s11_f0_protection_lr0.001,warm,N,sixdist,11,0,protection,lr0.001,adam,0.001,,300,1.312535047531128,1.1833871603012085,0.0,0.012343190610408783,bc7b5d317024d6df191d4fc9b3b9ea4c82e0a3bd86c38d132660c7d479064593,4331e67e9d088ae74aff478588fb67a30d5d9002be5f3f8260d8fabc6b9ff640,fdc7452381c6679c219afa35b1749f9a485b1bb159e9ef355c580dbb770354bd,bc7b5d317024d6df191d4fc9b3b9ea4c82e0a3bd86c38d132660c7d479064593,a8cd0022c59f8e7fd22a8ec8f284827216f0b50ff2eb659fc2f6778656c23915,N_sixdist_s11_f0_lr0.001,8ccb027c611042b65743b02d6bfa26d8e57a6d20fd962c50d0604f0f59fd5c73,790f8caa42139d3f5be041b38cbaaf690c88d1b3e6450af9490fabba88e82596,0,0,512,1024,307200,300,620ea1dc1e443dc6c238317463dc64ab3a9ae05fb592743f3a7d67d7ce17262c,d164ad5aa2ce5cddc59b090809ccdf258a142a0ebe45712102a4c410fef64b5d,82461e4d28691b5a3f76cac317a7bde90a5123c8b0ad8230422abc74e2e16326,10dfdb81f8d4e94b6c79fe77873ee10c1c43c43b752debce9aaf7641d2402843,fd0b415d4995c8ff6b61d5f15fd84a08191887a08a37ecd0fc53bb9453bf23c6,0.7784447744488716,0.2676973148901546,0.7575264442636289,0.5085435313262815
warm_N_sixdist_s11_f0_protection_lr0.003,warm,N,sixdist,11,0,protection,lr0.003,adam,0.003,,300,1.3249458074569702,1.1833871603012085,0.0,0.01234813779592514,bc7b5d317024d6df191d4fc9b3b9ea4c82e0a3bd86c38d132660c7d479064593,4331e67e9d088ae74aff478588fb67a30d5d9002be5f3f8260d8fabc6b9ff640,ca57277e4a0b6c3938927c1325823055b57d64998187a3e044811c580caf2b20,bc7b5d317024d6df191d4fc9b3b9ea4c82e0a3bd86c38d132660c7d479064593,a8cd0022c59f8e7fd22a8ec8f284827216f0b50ff2eb659fc2f6778656c23915,N_sixdist_s11_f0_lr0.001,c80cdf877bd06fb24a13ee616b2aa25d619ba0f90d53d4c579cffd8735cc69ee,790f8caa42139d3f5be041b38cbaaf690c88d1b3e6450af9490fabba88e82596,0,0,512,1024,307200,300,620ea1dc1e443dc6c238317463dc64ab3a9ae05fb592743f3a7d67d7ce17262c,d164ad5aa2ce5cddc59b090809ccdf258a142a0ebe45712102a4c410fef64b5d,82461e4d28691b5a3f76cac317a7bde90a5123c8b0ad8230422abc74e2e16326,10dfdb81f8d4e94b6c79fe77873ee10c1c43c43b752debce9aaf7641d2402843,fd0b415d4995c8ff6b61d5f15fd84a08191887a08a37ecd0fc53bb9453bf23c6,0.7223809137940407,0.2701383238405207,0.7607811228641171,0.5085435313262815
warm_N_sixdist_s11_f0_protection_lr0.01,warm,N,sixdist,11,0,protection,lr0.01,adam,0.01,,300,1.3751007318496704,1.1833871603012085,0.0,0.012421834282577038,bc7b5d317024d6df191d4fc9b3b9ea4c82e0a3bd86c38d132660c7d479064593,4331e67e9d088ae74aff478588fb67a30d5d9002be5f3f8260d8fabc6b9ff640,158dba9c8b0f4287a2db2963ca3e3dfa8e6d3c6ee303d1986d3b81555ff8d116,bc7b5d317024d6df191d4fc9b3b9ea4c82e0a3bd86c38d132660c7d479064593,a8cd0022c59f8e7fd22a8ec8f284827216f0b50ff2eb659fc2f6778656c23915,N_sixdist_s11_f0_lr0.001,13d85124646b269e2fc45779d48b48a2e4bc1ac07aa0601595a840862b1e535c,790f8caa42139d3f5be041b38cbaaf690c88d1b3e6450af9490fabba88e82596,0,0,512,1024,307200,300,620ea1dc1e443dc6c238317463dc64ab3a9ae05fb592743f3a7d67d7ce17262c,d164ad5aa2ce5cddc59b090809ccdf258a142a0ebe45712102a4c410fef64b5d,82461e4d28691b5a3f76cac317a7bde90a5123c8b0ad8230422abc74e2e16326,10dfdb81f8d4e94b6c79fe77873ee10c1c43c43b752debce9aaf7641d2402843,fd0b415d4995c8ff6b61d5f15fd84a08191887a08a37ecd0fc53bb9453bf23c6,0.7863328754901886,0.2676973148901546,0.7567127746135069,0.5093572009764036
warm_N_sixdist_s11_f100_hard_replay_lr0.001,warm,N,sixdist,11,100,hard_replay,lr0.001,adam,0.001,,300,0.157584086060524,1.1833871603012085,0.00390625,0.1579912155866623,bc7b5d317024d6df191d4fc9b3b9ea4c82e0a3bd86c38d132660c7d479064593,4331e67e9d088ae74aff478588fb67a30d5d9002be5f3f8260d8fabc6b9ff640,c03d9e857a0b8be40f0744cb0347b9dc1eff4251a7e1d45adbd0008f48f3884b,bc7b5d317024d6df191d4fc9b3b9ea4c82e0a3bd86c38d132660c7d479064593,a8cd0022c59f8e7fd22a8ec8f284827216f0b50ff2eb659fc2f6778656c23915,N_sixdist_s11_f0_lr0.001,30298c7916a82a3ebab0bef3fc8675ff71afa038f6c62ab5254f682cedd231fa,14b2df168c379b62fb0477d35a6c4addcf05a99e9750f16ad27faf739e7920fd,1534,0,512,2558,767400,300,620ea1dc1e443dc6c238317463dc64ab3a9ae05fb592743f3a7d67d7ce17262c,d164ad5aa2ce5cddc59b090809ccdf258a142a0ebe45712102a4c410fef64b5d,82461e4d28691b5a3f76cac317a7bde90a5123c8b0ad8230422abc74e2e16326,10dfdb81f8d4e94b6c79fe77873ee10c1c43c43b752debce9aaf7641d2402843,fd0b415d4995c8ff6b61d5f15fd84a08191887a08a37ecd0fc53bb9453bf23c6,1.0438051521778107,0.5817737998372661,0.7388120423108218,0.8397070789259561
warm_N_sixdist_s11_f100_hard_replay_lr0.003,warm,N,sixdist,11,100,hard_replay,lr0.003,adam,0.003,,300,0.1714639812707901,1.1833871603012085,0.001953125,0.057075437158346176,bc7b5d317024d6df191d4fc9b3b9ea4c82e0a3bd86c38d132660c7d479064593,4331e67e9d088ae74aff478588fb67a30d5d9002be5f3f8260d8fabc6b9ff640,64d024b49887ed716fc2d2c8b488d34508be24e685010948ca117897a4ec6656,bc7b5d317024d6df191d4fc9b3b9ea4c82e0a3bd86c38d132660c7d479064593,a8cd0022c59f8e7fd22a8ec8f284827216f0b50ff2eb659fc2f6778656c23915,N_sixdist_s11_f0_lr0.001,f8f0ea068575474d98d5b4e46ce1144e61d89520c467a633b33a49bb0b13c72d,14b2df168c379b62fb0477d35a6c4addcf05a99e9750f16ad27faf739e7920fd,1534,0,512,2558,767400,300,620ea1dc1e443dc6c238317463dc64ab3a9ae05fb592743f3a7d67d7ce17262c,d164ad5aa2ce5cddc59b090809ccdf258a142a0ebe45712102a4c410fef64b5d,82461e4d28691b5a3f76cac317a7bde90a5123c8b0ad8230422abc74e2e16326,10dfdb81f8d4e94b6c79fe77873ee10c1c43c43b752debce9aaf7641d2402843,fd0b415d4995c8ff6b61d5f15fd84a08191887a08a37ecd0fc53bb9453bf23c6,1.1224924623966217,0.5988608624898292,0.7518307567127747,0.8454027664768105
warm_N_sixdist_s11_f100_hard_replay_lr0.01,warm,N,sixdist,11,100,hard_replay,lr0.01,adam,0.01,,300,0.18540452420711517,1.1833871603012085,0.001953125,0.0656590461730957,bc7b5d317024d6df191d4fc9b3b9ea4c82e0a3bd86c38d132660c7d479064593,4331e67e9d088ae74aff478588fb67a30d5d9002be5f3f8260d8fabc6b9ff640,9149a1eb9938da7273016ff87cc9ff22045059eeb055ee4be9c940d0ab6e0bba,bc7b5d317024d6df191d4fc9b3b9ea4c82e0a3bd86c38d132660c7d479064593,a8cd0022c59f8e7fd22a8ec8f284827216f0b50ff2eb659fc2f6778656c23915,N_sixdist_s11_f0_lr0.001,98a8b527eea416be8358f7a2f0a45a4b8c693b162bb70ada76bd3a197154696c,14b2df168c379b62fb0477d35a6c4addcf05a99e9750f16ad27faf739e7920fd,1534,0,512,2558,767400,300,620ea1dc1e443dc6c238317463dc64ab3a9ae05fb592743f3a7d67d7ce17262c,d164ad5aa2ce5cddc59b090809ccdf258a142a0ebe45712102a4c410fef64b5d,82461e4d28691b5a3f76cac317a7bde90a5123c8b0ad8230422abc74e2e16326,10dfdb81f8d4e94b6c79fe77873ee10c1c43c43b752debce9aaf7641d2402843,fd0b415d4995c8ff6b61d5f15fd84a08191887a08a37ecd0fc53bb9453bf23c6,1.0829249396920204,0.5842148087876322,0.7298616761594793,0.8519121236777868
warm_N_sixdist_s11_f100_plain_adam_lr0.0005_steps600,warm,N,sixdist,11,100,plain,adam_lr0.0005_steps600,adam,0.0005,,600,0.15097849071025848,1.1833871603012085,0.005859375,0.11217046529054642,bc7b5d317024d6df191d4fc9b3b9ea4c82e0a3bd86c38d132660c7d479064593,4331e67e9d088ae74aff478588fb67a30d5d9002be5f3f8260d8fabc6b9ff640,8e3520db4888e3b55e3163ce7e19fedeee4d9b282be7ffe7fcb036f97495639e,bc7b5d317024d6df191d4fc9b3b9ea4c82e0a3bd86c38d132660c7d479064593,a8cd0022c59f8e7fd22a8ec8f284827216f0b50ff2eb659fc2f6778656c23915,N_sixdist_s11_f0_lr0.001,9732d8b6cc7558b26ac34f8147f31aecda31506bf03e6a99295b22dc1ab1c1ab,14b2df168c379b62fb0477d35a6c4addcf05a99e9750f16ad27faf739e7920fd,1534,0,512,2558,1534800,600,620ea1dc1e443dc6c238317463dc64ab3a9ae05fb592743f3a7d67d7ce17262c,d164ad5aa2ce5cddc59b090809ccdf258a142a0ebe45712102a4c410fef64b5d,82461e4d28691b5a3f76cac317a7bde90a5123c8b0ad8230422abc74e2e16326,10dfdb81f8d4e94b6c79fe77873ee10c1c43c43b752debce9aaf7641d2402843,fd0b415d4995c8ff6b61d5f15fd84a08191887a08a37ecd0fc53bb9453bf23c6,2.041925586760044,0.5793327908868999,0.7323026851098454,0.8437754271765663
warm_N_sixdist_s11_f100_plain_lr0.001,warm,N,sixdist,11,100,plain,lr0.001,adam,0.001,,300,0.15567870438098907,1.1833871603012085,0.009765625,0.13873626291751862,bc7b5d317024d6df191d4fc9b3b9ea4c82e0a3bd86c38d132660c7d479064593,4331e67e9d088ae74aff478588fb67a30d5d9002be5f3f8260d8fabc6b9ff640,02e9889c018fdf9067b96334d0c226a24841a76d5d3a7de28dc28699def32301,bc7b5d317024d6df191d4fc9b3b9ea4c82e0a3bd86c38d132660c7d479064593,a8cd0022c59f8e7fd22a8ec8f284827216f0b50ff2eb659fc2f6778656c23915,N_sixdist_s11_f0_lr0.001,cacd951fe2b9595eb70c44ceb8c0e6ed515a6a85a6563954c8045014f62a2b45,14b2df168c379b62fb0477d35a6c4addcf05a99e9750f16ad27faf739e7920fd,1534,0,512,2558,767400,300,620ea1dc1e443dc6c238317463dc64ab3a9ae05fb592743f3a7d67d7ce17262c,d164ad5aa2ce5cddc59b090809ccdf258a142a0ebe45712102a4c410fef64b5d,82461e4d28691b5a3f76cac317a7bde90a5123c8b0ad8230422abc74e2e16326,10dfdb81f8d4e94b6c79fe77873ee10c1c43c43b752debce9aaf7641d2402843,fd0b415d4995c8ff6b61d5f15fd84a08191887a08a37ecd0fc53bb9453bf23c6,1.2764180526137352,0.5622457282343368,0.7135882831570383,0.8437754271765663
warm_N_sixdist_s11_f100_plain_lr0.003,warm,N,sixdist,11,100,plain,lr0.003,adam,0.003,,300,0.1617336869239807,1.1833871603012085,0.00390625,0.047393493354320526,bc7b5d317024d6df191d4fc9b3b9ea4c82e0a3bd86c38d132660c7d479064593,4331e67e9d088ae74aff478588fb67a30d5d9002be5f3f8260d8fabc6b9ff640,e58b571a7b715ac75e890ae56a9831aaab32926a3fbf4090d863c68976e1caf1,bc7b5d317024d6df191d4fc9b3b9ea4c82e0a3bd86c38d132660c7d479064593,a8cd0022c59f8e7fd22a8ec8f284827216f0b50ff2eb659fc2f6778656c23915,N_sixdist_s11_f0_lr0.001,71dc330bdafe79d951166c0fd7f3a858e9a536b51eaee44d69ec0da2ad9e5b9d,14b2df168c379b62fb0477d35a6c4addcf05a99e9750f16ad27faf739e7920fd,1534,0,512,2558,767400,300,620ea1dc1e443dc6c238317463dc64ab3a9ae05fb592743f3a7d67d7ce17262c,d164ad5aa2ce5cddc59b090809ccdf258a142a0ebe45712102a4c410fef64b5d,82461e4d28691b5a3f76cac317a7bde90a5123c8b0ad8230422abc74e2e16326,10dfdb81f8d4e94b6c79fe77873ee10c1c43c43b752debce9aaf7641d2402843,fd0b415d4995c8ff6b61d5f15fd84a08191887a08a37ecd0fc53bb9453bf23c6,1.2820201590657234,0.6053702196908055,0.7607811228641171,0.8397070789259561
warm_N_sixdist_s11_f100_plain_lr0.01,warm,N,sixdist,11,100,plain,lr0.01,adam,0.01,,300,0.17703039944171906,1.1833871603012085,0.005859375,0.027624227106571198,bc7b5d317024d6df191d4fc9b3b9ea4c82e0a3bd86c38d132660c7d479064593,4331e67e9d088ae74aff478588fb67a30d5d9002be5f3f8260d8fabc6b9ff640,1ae79fc21252b264f39e2cf632898cfcf5559c0adbdb0e2d02b81ca8813d6db2,bc7b5d317024d6df191d4fc9b3b9ea4c82e0a3bd86c38d132660c7d479064593,a8cd0022c59f8e7fd22a8ec8f284827216f0b50ff2eb659fc2f6778656c23915,N_sixdist_s11_f0_lr0.001,aa1ab08ba4497d2a2bd10d2893452563e5e7d777d054b421d61efd9879130a09,14b2df168c379b62fb0477d35a6c4addcf05a99e9750f16ad27faf739e7920fd,1534,0,512,2558,767400,300,620ea1dc1e443dc6c238317463dc64ab3a9ae05fb592743f3a7d67d7ce17262c,d164ad5aa2ce5cddc59b090809ccdf258a142a0ebe45712102a4c410fef64b5d,82461e4d28691b5a3f76cac317a7bde90a5123c8b0ad8230422abc74e2e16326,10dfdb81f8d4e94b6c79fe77873ee10c1c43c43b752debce9aaf7641d2402843,fd0b415d4995c8ff6b61d5f15fd84a08191887a08a37ecd0fc53bb9453bf23c6,1.3170439675450325,0.5882831570382425,0.7306753458096013,0.8559804719283971
warm_N_sixdist_s11_f100_plain_sgd_m09_lr0.003,warm,N,sixdist,11,100,plain,sgd_m09_lr0.003,sgd,0.003,0.9,300,0.12636956572532654,1.1833871603012085,0.0078125,0.10070755332708359,bc7b5d317024d6df191d4fc9b3b9ea4c82e0a3bd86c38d132660c7d479064593,4331e67e9d088ae74aff478588fb67a30d5d9002be5f3f8260d8fabc6b9ff640,9b7a18629095d0d6acf0ccf2b91331dcd99eb8c47acb89e2e1d9d206ade8e52b,bc7b5d317024d6df191d4fc9b3b9ea4c82e0a3bd86c38d132660c7d479064593,a8cd0022c59f8e7fd22a8ec8f284827216f0b50ff2eb659fc2f6778656c23915,N_sixdist_s11_f0_lr0.001,fc87ef8b5678c4487b8d7c2e85122f1f218d2294a7695f3c87178f7458132e00,14b2df168c379b62fb0477d35a6c4addcf05a99e9750f16ad27faf739e7920fd,1534,0,512,2558,767400,300,620ea1dc1e443dc6c238317463dc64ab3a9ae05fb592743f3a7d67d7ce17262c,d164ad5aa2ce5cddc59b090809ccdf258a142a0ebe45712102a4c410fef64b5d,82461e4d28691b5a3f76cac317a7bde90a5123c8b0ad8230422abc74e2e16326,10dfdb81f8d4e94b6c79fe77873ee10c1c43c43b752debce9aaf7641d2402843,fd0b415d4995c8ff6b61d5f15fd84a08191887a08a37ecd0fc53bb9453bf23c6,0.9136146530508995,0.6094385679414158,0.7493897477624084,0.8576078112286412
warm_N_sixdist_s11_f100_plain_sgd_m09_lr0.01,warm,N,sixdist,11,100,plain,sgd_m09_lr0.01,sgd,0.01,0.9,300,0.11581165343523026,1.1833871603012085,0.00390625,0.041042961180210114,bc7b5d317024d6df191d4fc9b3b9ea4c82e0a3bd86c38d132660c7d479064593,4331e67e9d088ae74aff478588fb67a30d5d9002be5f3f8260d8fabc6b9ff640,1c0f8c51fd34a481f4c1a5f441ef86169a2ae7d9c7cbf801bd411d16391b682d,bc7b5d317024d6df191d4fc9b3b9ea4c82e0a3bd86c38d132660c7d479064593,a8cd0022c59f8e7fd22a8ec8f284827216f0b50ff2eb659fc2f6778656c23915,N_sixdist_s11_f0_lr0.001,03af6580849e900d4ae71b649923951a6c6fdf8dcf154468fa4e4edce3bf87cd,14b2df168c379b62fb0477d35a6c4addcf05a99e9750f16ad27faf739e7920fd,1534,0,512,2558,767400,300,620ea1dc1e443dc6c238317463dc64ab3a9ae05fb592743f3a7d67d7ce17262c,d164ad5aa2ce5cddc59b090809ccdf258a142a0ebe45712102a4c410fef64b5d,82461e4d28691b5a3f76cac317a7bde90a5123c8b0ad8230422abc74e2e16326,10dfdb81f8d4e94b6c79fe77873ee10c1c43c43b752debce9aaf7641d2402843,fd0b415d4995c8ff6b61d5f15fd84a08191887a08a37ecd0fc53bb9453bf23c6,0.9611968919634819,0.6411716842961758,0.7819365337672904,0.8559804719283971
warm_N_sixdist_s11_f100_preserve_flip_balanced_lr0.001,warm,N,sixdist,11,100,preserve_flip_balanced,lr0.001,adam,0.001,,300,0.1601601094007492,1.1833871603012085,0.0,0.08852868527173996,bc7b5d317024d6df191d4fc9b3b9ea4c82e0a3bd86c38d132660c7d479064593,4331e67e9d088ae74aff478588fb67a30d5d9002be5f3f8260d8fabc6b9ff640,1577dec50d0e71104dc9de5b7da6328a7ebf54480accc9200a1d15068d0c8ff6,bc7b5d317024d6df191d4fc9b3b9ea4c82e0a3bd86c38d132660c7d479064593,a8cd0022c59f8e7fd22a8ec8f284827216f0b50ff2eb659fc2f6778656c23915,N_sixdist_s11_f0_lr0.001,7b0f3db7a64d21f1c2f95c84073357fdaac125dfb0729dfb707d7aed18e5530c,09e4eedef81ff909cabe840cbfe2b7a8acee1aad9bb65f17bb228a01826e2867,767,767,512,2558,767400,300,620ea1dc1e443dc6c238317463dc64ab3a9ae05fb592743f3a7d67d7ce17262c,d164ad5aa2ce5cddc59b090809ccdf258a142a0ebe45712102a4c410fef64b5d,82461e4d28691b5a3f76cac317a7bde90a5123c8b0ad8230422abc74e2e16326,10dfdb81f8d4e94b6c79fe77873ee10c1c43c43b752debce9aaf7641d2402843,fd0b415d4995c8ff6b61d5f15fd84a08191887a08a37ecd0fc53bb9453bf23c6,1.0059576630592346,0.5996745321399511,0.7965825874694874,0.8014646053702197
warm_N_sixdist_s11_f100_preserve_flip_balanced_lr0.003,warm,N,sixdist,11,100,preserve_flip_balanced,lr0.003,adam,0.003,,300,0.19719114899635315,1.1833871603012085,0.0,0.02707151509821415,bc7b5d317024d6df191d4fc9b3b9ea4c82e0a3bd86c38d132660c7d479064593,4331e67e9d088ae74aff478588fb67a30d5d9002be5f3f8260d8fabc6b9ff640,18e66cebe9d661bd424a0930563222ca7caa7e31bd0d6a22f389960f4ff83ba3,bc7b5d317024d6df191d4fc9b3b9ea4c82e0a3bd86c38d132660c7d479064593,a8cd0022c59f8e7fd22a8ec8f284827216f0b50ff2eb659fc2f6778656c23915,N_sixdist_s11_f0_lr0.001,d36c1159b276f87937d32109b161987efe712958b027f0c7712c9f5f5043786d,09e4eedef81ff909cabe840cbfe2b7a8acee1aad9bb65f17bb228a01826e2867,767,767,512,2558,767400,300,620ea1dc1e443dc6c238317463dc64ab3a9ae05fb592743f3a7d67d7ce17262c,d164ad5aa2ce5cddc59b090809ccdf258a142a0ebe45712102a4c410fef64b5d,82461e4d28691b5a3f76cac317a7bde90a5123c8b0ad8230422abc74e2e16326,10dfdb81f8d4e94b6c79fe77873ee10c1c43c43b752debce9aaf7641d2402843,fd0b415d4995c8ff6b61d5f15fd84a08191887a08a37ecd0fc53bb9453bf23c6,1.028005264699459,0.6232709519934907,0.8087876322213181,0.8120423108218063
warm_N_sixdist_s11_f100_preserve_flip_balanced_lr0.01,warm,N,sixdist,11,100,preserve_flip_balanced,lr0.01,adam,0.01,,300,0.2117832452058792,1.1833871603012085,0.001953125,0.04499167203903198,bc7b5d317024d6df191d4fc9b3b9ea4c82e0a3bd86c38d132660c7d479064593,4331e67e9d088ae74aff478588fb67a30d5d9002be5f3f8260d8fabc6b9ff640,5b358ccdc66b154ba21ef416273484cc07735386772982fd8c1f5c6d491e0cf0,bc7b5d317024d6df191d4fc9b3b9ea4c82e0a3bd86c38d132660c7d479064593,a8cd0022c59f8e7fd22a8ec8f284827216f0b50ff2eb659fc2f6778656c23915,N_sixdist_s11_f0_lr0.001,dd293a30179131c7c88c55643b974cf0c831fd395bdc15aa4113233a6e8b0608,09e4eedef81ff909cabe840cbfe2b7a8acee1aad9bb65f17bb228a01826e2867,767,767,512,2558,767400,300,620ea1dc1e443dc6c238317463dc64ab3a9ae05fb592743f3a7d67d7ce17262c,d164ad5aa2ce5cddc59b090809ccdf258a142a0ebe45712102a4c410fef64b5d,82461e4d28691b5a3f76cac317a7bde90a5123c8b0ad8230422abc74e2e16326,10dfdb81f8d4e94b6c79fe77873ee10c1c43c43b752debce9aaf7641d2402843,fd0b415d4995c8ff6b61d5f15fd84a08191887a08a37ecd0fc53bb9453bf23c6,1.0959502160549164,0.5850284784377543,0.774613506916192,0.8096013018714402
warm_N_sixdist_s11_f100_protection_lr0.001,warm,N,sixdist,11,100,protection,lr0.001,adam,0.001,,300,0.1569211632013321,1.1833871603012085,0.00390625,0.16999748349189758,bc7b5d317024d6df191d4fc9b3b9ea4c82e0a3bd86c38d132660c7d479064593,4331e67e9d088ae74aff478588fb67a30d5d9002be5f3f8260d8fabc6b9ff640,d996a4450c7c9668abfca3791bac910a20a405e83d4f490580071ec2e8536de3,bc7b5d317024d6df191d4fc9b3b9ea4c82e0a3bd86c38d132660c7d479064593,a8cd0022c59f8e7fd22a8ec8f284827216f0b50ff2eb659fc2f6778656c23915,N_sixdist_s11_f0_lr0.001,cf901c94d3a2b50269c5e74c95cf0c8f04a8b077bbf83c983fa958cf6efa29e7,14b2df168c379b62fb0477d35a6c4addcf05a99e9750f16ad27faf739e7920fd,1534,0,512,2558,767400,300,620ea1dc1e443dc6c238317463dc64ab3a9ae05fb592743f3a7d67d7ce17262c,d164ad5aa2ce5cddc59b090809ccdf258a142a0ebe45712102a4c410fef64b5d,82461e4d28691b5a3f76cac317a7bde90a5123c8b0ad8230422abc74e2e16326,10dfdb81f8d4e94b6c79fe77873ee10c1c43c43b752debce9aaf7641d2402843,fd0b415d4995c8ff6b61d5f15fd84a08191887a08a37ecd0fc53bb9453bf23c6,1.1591055989265442,0.5793327908868999,0.7355573637103336,0.8405207485760781
warm_N_sixdist_s11_f100_protection_lr0.003,warm,N,sixdist,11,100,protection,lr0.003,adam,0.003,,300,0.17400792241096497,1.1833871603012085,0.001953125,0.0758165791630745,bc7b5d317024d6df191d4fc9b3b9ea4c82e0a3bd86c38d132660c7d479064593,4331e67e9d088ae74aff478588fb67a30d5d9002be5f3f8260d8fabc6b9ff640,6c6440bada4a54c05d13405fbaf1f3a0d3fac06e88802f66f14d92f83153a50e,bc7b5d317024d6df191d4fc9b3b9ea4c82e0a3bd86c38d132660c7d479064593,a8cd0022c59f8e7fd22a8ec8f284827216f0b50ff2eb659fc2f6778656c23915,N_sixdist_s11_f0_lr0.001,636eb13dd7578c0fa4a68f64c52bdae6f4a65bdd7b431fec2ac044f8aae34724,14b2df168c379b62fb0477d35a6c4addcf05a99e9750f16ad27faf739e7920fd,1534,0,512,2558,767400,300,620ea1dc1e443dc6c238317463dc64ab3a9ae05fb592743f3a7d67d7ce17262c,d164ad5aa2ce5cddc59b090809ccdf258a142a0ebe45712102a4c410fef64b5d,82461e4d28691b5a3f76cac317a7bde90a5123c8b0ad8230422abc74e2e16326,10dfdb81f8d4e94b6c79fe77873ee10c1c43c43b752debce9aaf7641d2402843,fd0b415d4995c8ff6b61d5f15fd84a08191887a08a37ecd0fc53bb9453bf23c6,1.3678932189941406,0.5947925142392189,0.7518307567127747,0.8421480878763222
warm_N_sixdist_s11_f100_protection_lr0.01,warm,N,sixdist,11,100,protection,lr0.01,adam,0.01,,300,0.16417168080806732,1.1833871603012085,0.001953125,0.07968500256538391,bc7b5d317024d6df191d4fc9b3b9ea4c82e0a3bd86c38d132660c7d479064593,4331e67e9d088ae74aff478588fb67a30d5d9002be5f3f8260d8fabc6b9ff640,5d323b84bbeb2d2b1c871225a691c9aca6b99cf97d61847896228f80d472dea5,bc7b5d317024d6df191d4fc9b3b9ea4c82e0a3bd86c38d132660c7d479064593,a8cd0022c59f8e7fd22a8ec8f284827216f0b50ff2eb659fc2f6778656c23915,N_sixdist_s11_f0_lr0.001,8ab77ad71ebdd4973ebd13add67a9765d0e9eb0979dcfbb97a71a2be8a40a086,14b2df168c379b62fb0477d35a6c4addcf05a99e9750f16ad27faf739e7920fd,1534,0,512,2558,767400,300,620ea1dc1e443dc6c238317463dc64ab3a9ae05fb592743f3a7d67d7ce17262c,d164ad5aa2ce5cddc59b090809ccdf258a142a0ebe45712102a4c410fef64b5d,82461e4d28691b5a3f76cac317a7bde90a5123c8b0ad8230422abc74e2e16326,10dfdb81f8d4e94b6c79fe77873ee10c1c43c43b752debce9aaf7641d2402843,fd0b415d4995c8ff6b61d5f15fd84a08191887a08a37ecd0fc53bb9453bf23c6,1.324363812804222,0.5923515052888527,0.7469487388120423,0.8454027664768105
warm_N_sixdist_s11_f25_hard_replay_lr0.001,warm,N,sixdist,11,25,hard_replay,lr0.001,adam,0.001,,300,0.2361173927783966,1.1833871603012085,0.005859375,0.1082012727856636,bc7b5d317024d6df191d4fc9b3b9ea4c82e0a3bd86c38d132660c7d479064593,4331e67e9d088ae74aff478588fb67a30d5d9002be5f3f8260d8fabc6b9ff640,9049b10264634c96a3893babdb7e4c33f125e7600b1619d7fb58743a196efc45,bc7b5d317024d6df191d4fc9b3b9ea4c82e0a3bd86c38d132660c7d479064593,a8cd0022c59f8e7fd22a8ec8f284827216f0b50ff2eb659fc2f6778656c23915,N_sixdist_s11_f0_lr0.001,cccc7f4f9683dcb53087da3818b9a3b535839346f8149e1537434fa8206d27dc,c5db7def0759ab978b103f6d0d9e22bce710ddb79b3b9727082ea763d50041bb,383,0,512,1407,422100,300,620ea1dc1e443dc6c238317463dc64ab3a9ae05fb592743f3a7d67d7ce17262c,d164ad5aa2ce5cddc59b090809ccdf258a142a0ebe45712102a4c410fef64b5d,82461e4d28691b5a3f76cac317a7bde90a5123c8b0ad8230422abc74e2e16326,10dfdb81f8d4e94b6c79fe77873ee10c1c43c43b752debce9aaf7641d2402843,fd0b415d4995c8ff6b61d5f15fd84a08191887a08a37ecd0fc53bb9453bf23c6,0.9203890115022659,0.5549227013832384,0.7241659886086249,0.8275020341741253
warm_N_sixdist_s11_f25_hard_replay_lr0.003,warm,N,sixdist,11,25,hard_replay,lr0.003,adam,0.003,,300,0.33782464265823364,1.1833871603012085,0.005859375,0.04104907065629959,bc7b5d317024d6df191d4fc9b3b9ea4c82e0a3bd86c38d132660c7d479064593,4331e67e9d088ae74aff478588fb67a30d5d9002be5f3f8260d8fabc6b9ff640,a8964371704bc42a3721facaea59c0630d8276444fe9d3a06e1f62318548c856,bc7b5d317024d6df191d4fc9b3b9ea4c82e0a3bd86c38d132660c7d479064593,a8cd0022c59f8e7fd22a8ec8f284827216f0b50ff2eb659fc2f6778656c23915,N_sixdist_s11_f0_lr0.001,edf116bab5282d1756d92b50b3d75ee85a0b93f1dfbdba4d1452880b86dcd2a5,c5db7def0759ab978b103f6d0d9e22bce710ddb79b3b9727082ea763d50041bb,383,0,512,1407,422100,300,620ea1dc1e443dc6c238317463dc64ab3a9ae05fb592743f3a7d67d7ce17262c,d164ad5aa2ce5cddc59b090809ccdf258a142a0ebe45712102a4c410fef64b5d,82461e4d28691b5a3f76cac317a7bde90a5123c8b0ad8230422abc74e2e16326,10dfdb81f8d4e94b6c79fe77873ee10c1c43c43b752debce9aaf7641d2402843,fd0b415d4995c8ff6b61d5f15fd84a08191887a08a37ecd0fc53bb9453bf23c6,0.9492870643734932,0.5752644426362896,0.7404393816110659,0.8340113913751017
warm_N_sixdist_s11_f25_hard_replay_lr0.01,warm,N,sixdist,11,25,hard_replay,lr0.01,adam,0.01,,300,0.3050611913204193,1.1833871603012085,0.00390625,0.06088872253894806,bc7b5d317024d6df191d4fc9b3b9ea4c82e0a3bd86c38d132660c7d479064593,4331e67e9d088ae74aff478588fb67a30d5d9002be5f3f8260d8fabc6b9ff640,6c8e972693abcf433f3898a50220a07d6d039b1bb52633f7170c352d159a972e,bc7b5d317024d6df191d4fc9b3b9ea4c82e0a3bd86c38d132660c7d479064593,a8cd0022c59f8e7fd22a8ec8f284827216f0b50ff2eb659fc2f6778656c23915,N_sixdist_s11_f0_lr0.001,3262cfafe5708acb5bb8020132220f17828ae54f231271c1eef9fbd3a87cc511,c5db7def0759ab978b103f6d0d9e22bce710ddb79b3b9727082ea763d50041bb,383,0,512,1407,422100,300,620ea1dc1e443dc6c238317463dc64ab3a9ae05fb592743f3a7d67d7ce17262c,d164ad5aa2ce5cddc59b090809ccdf258a142a0ebe45712102a4c410fef64b5d,82461e4d28691b5a3f76cac317a7bde90a5123c8b0ad8230422abc74e2e16326,10dfdb81f8d4e94b6c79fe77873ee10c1c43c43b752debce9aaf7641d2402843,fd0b415d4995c8ff6b61d5f15fd84a08191887a08a37ecd0fc53bb9453bf23c6,0.939357616007328,0.6387306753458096,0.7827502034174125,0.853539462978031
warm_N_sixdist_s11_f25_plain_adam_lr0.0005_steps600,warm,N,sixdist,11,25,plain,adam_lr0.0005_steps600,adam,0.0005,,600,0.24754278361797333,1.1833871603012085,0.009765625,0.07475877553224564,bc7b5d317024d6df191d4fc9b3b9ea4c82e0a3bd86c38d132660c7d479064593,4331e67e9d088ae74aff478588fb67a30d5d9002be5f3f8260d8fabc6b9ff640,6c84718246a421b56161fea017c718ec0d986ba4844a82b91bfeb7089823b9f0,bc7b5d317024d6df191d4fc9b3b9ea4c82e0a3bd86c38d132660c7d479064593,a8cd0022c59f8e7fd22a8ec8f284827216f0b50ff2eb659fc2f6778656c23915,N_sixdist_s11_f0_lr0.001,99967fd7417969ed3bd19ee688437b12dc6e739e0d11a148d8efb58eef88aca9,c5db7def0759ab978b103f6d0d9e22bce710ddb79b3b9727082ea763d50041bb,383,0,512,1407,844200,600,620ea1dc1e443dc6c238317463dc64ab3a9ae05fb592743f3a7d67d7ce17262c,d164ad5aa2ce5cddc59b090809ccdf258a142a0ebe45712102a4c410fef64b5d,82461e4d28691b5a3f76cac317a7bde90a5123c8b0ad8230422abc74e2e16326,10dfdb81f8d4e94b6c79fe77873ee10c1c43c43b752debce9aaf7641d2402843,fd0b415d4995c8ff6b61d5f15fd84a08191887a08a37ecd0fc53bb9453bf23c6,1.7571042254567146,0.5402766476810414,0.7021969080553295,0.8364524003254679
warm_N_sixdist_s11_f25_plain_lr0.001,warm,N,sixdist,11,25,plain,lr0.001,adam,0.001,,300,0.22883397340774536,1.1833871603012085,0.013671875,0.09714452922344208,bc7b5d317024d6df191d4fc9b3b9ea4c82e0a3bd86c38d132660c7d479064593,4331e67e9d088ae74aff478588fb67a30d5d9002be5f3f8260d8fabc6b9ff640,79f8f78daa4d21caade1eb935209c4cf07cb4ea68c1f54498bae1134f5a20a40,bc7b5d317024d6df191d4fc9b3b9ea4c82e0a3bd86c38d132660c7d479064593,a8cd0022c59f8e7fd22a8ec8f284827216f0b50ff2eb659fc2f6778656c23915,N_sixdist_s11_f0_lr0.001,f2b20d10c51cac03b6ad92bcded0ad5ea10ba38ee7d72626daa9745b60ca3170,c5db7def0759ab978b103f6d0d9e22bce710ddb79b3b9727082ea763d50041bb,383,0,512,1407,422100,300,620ea1dc1e443dc6c238317463dc64ab3a9ae05fb592743f3a7d67d7ce17262c,d164ad5aa2ce5cddc59b090809ccdf258a142a0ebe45712102a4c410fef64b5d,82461e4d28691b5a3f76cac317a7bde90a5123c8b0ad8230422abc74e2e16326,10dfdb81f8d4e94b6c79fe77873ee10c1c43c43b752debce9aaf7641d2402843,fd0b415d4995c8ff6b61d5f15fd84a08191887a08a37ecd0fc53bb9453bf23c6,0.879086546599865,0.5362082994304312,0.6973148901545972,0.8364524003254679
warm_N_sixdist_s11_f25_plain_lr0.003,warm,N,sixdist,11,25,plain,lr0.003,adam,0.003,,300,0.31705379486083984,1.1833871603012085,0.005859375,0.03158530965447426,bc7b5d317024d6df191d4fc9b3b9ea4c82e0a3bd86c38d132660c7d479064593,4331e67e9d088ae74aff478588fb67a30d5d9002be5f3f8260d8fabc6b9ff640,a9418f358393b90c7b1c8b5de7bdecfa7630c4e35721e27b2032113dade9914c,bc7b5d317024d6df191d4fc9b3b9ea4c82e0a3bd86c38d132660c7d479064593,a8cd0022c59f8e7fd22a8ec8f284827216f0b50ff2eb659fc2f6778656c23915,N_sixdist_s11_f0_lr0.001,b880034c4a8ac690bdfeea80c1fc71d637f8537304f6065ce98a14e7fa9081af,c5db7def0759ab978b103f6d0d9e22bce710ddb79b3b9727082ea763d50041bb,383,0,512,1407,422100,300,620ea1dc1e443dc6c238317463dc64ab3a9ae05fb592743f3a7d67d7ce17262c,d164ad5aa2ce5cddc59b090809ccdf258a142a0ebe45712102a4c410fef64b5d,82461e4d28691b5a3f76cac317a7bde90a5123c8b0ad8230422abc74e2e16326,10dfdb81f8d4e94b6c79fe77873ee10c1c43c43b752debce9aaf7641d2402843,fd0b415d4995c8ff6b61d5f15fd84a08191887a08a37ecd0fc53bb9453bf23c6,0.9016182199120522,0.5687550854353133,0.7314890154597233,0.8364524003254679
warm_N_sixdist_s11_f25_plain_lr0.01,warm,N,sixdist,11,25,plain,lr0.01,adam,0.01,,300,0.245879128575325,1.1833871603012085,0.005859375,0.04635004699230194,bc7b5d317024d6df191d4fc9b3b9ea4c82e0a3bd86c38d132660c7d479064593,4331e67e9d088ae74aff478588fb67a30d5d9002be5f3f8260d8fabc6b9ff640,0b98bcb41a548308da1ed44b7638680f89e62baa05b4f704c1d5a3d7971f2f4c,bc7b5d317024d6df191d4fc9b3b9ea4c82e0a3bd86c38d132660c7d479064593,a8cd0022c59f8e7fd22a8ec8f284827216f0b50ff2eb659fc2f6778656c23915,N_sixdist_s11_f0_lr0.001,3b9c6e1a7bbc2bbe87d92eec8d1ef7afbb92e597bbd33703ca8c0f8f3a83f7ef,c5db7def0759ab978b103f6d0d9e22bce710ddb79b3b9727082ea763d50041bb,383,0,512,1407,422100,300,620ea1dc1e443dc6c238317463dc64ab3a9ae05fb592743f3a7d67d7ce17262c,d164ad5aa2ce5cddc59b090809ccdf258a142a0ebe45712102a4c410fef64b5d,82461e4d28691b5a3f76cac317a7bde90a5123c8b0ad8230422abc74e2e16326,10dfdb81f8d4e94b6c79fe77873ee10c1c43c43b752debce9aaf7641d2402843,fd0b415d4995c8ff6b61d5f15fd84a08191887a08a37ecd0fc53bb9453bf23c6,0.9056063964962959,0.628966639544345,0.7681041497152156,0.8592351505288853
warm_N_sixdist_s11_f25_plain_sgd_m09_lr0.003,warm,N,sixdist,11,25,plain,sgd_m09_lr0.003,sgd,0.003,0.9,300,0.19561949372291565,1.1833871603012085,0.009765625,0.06560879200696945,bc7b5d317024d6df191d4fc9b3b9ea4c82e0a3bd86c38d132660c7d479064593,4331e67e9d088ae74aff478588fb67a30d5d9002be5f3f8260d8fabc6b9ff640,566f2300c4ba29ec0ee65e7216c78d58bf7f273344ac88b548bddbeb07acea22,bc7b5d317024d6df191d4fc9b3b9ea4c82e0a3bd86c38d132660c7d479064593,a8cd0022c59f8e7fd22a8ec8f284827216f0b50ff2eb659fc2f6778656c23915,N_sixdist_s11_f0_lr0.001,b9760820482f4d2ccaecf93b030ce87847d80063fe94d7027a356a25760d237b,c5db7def0759ab978b103f6d0d9e22bce710ddb79b3b9727082ea763d50041bb,383,0,512,1407,422100,300,620ea1dc1e443dc6c238317463dc64ab3a9ae05fb592743f3a7d67d7ce17262c,d164ad5aa2ce5cddc59b090809ccdf258a142a0ebe45712102a4c410fef64b5d,82461e4d28691b5a3f76cac317a7bde90a5123c8b0ad8230422abc74e2e16326,10dfdb81f8d4e94b6c79fe77873ee10c1c43c43b752debce9aaf7641d2402843,fd0b415d4995c8ff6b61d5f15fd84a08191887a08a37ecd0fc53bb9453bf23c6,0.7927997261285782,0.6029292107404394,0.7493897477624084,0.8519121236777868
warm_N_sixdist_s11_f25_plain_sgd_m09_lr0.01,warm,N,sixdist,11,25,plain,sgd_m09_lr0.01,sgd,0.01,0.9,300,0.24661093950271606,1.1833871603012085,0.005859375,0.02934383600950241,bc7b5d317024d6df191d4fc9b3b9ea4c82e0a3bd86c38d132660c7d479064593,4331e67e9d088ae74aff478588fb67a30d5d9002be5f3f8260d8fabc6b9ff640,7e86e26e16bd7562bef5b9ecc0b71c7d7d2b903743918123c48e6a51099ad309,bc7b5d317024d6df191d4fc9b3b9ea4c82e0a3bd86c38d132660c7d479064593,a8cd0022c59f8e7fd22a8ec8f284827216f0b50ff2eb659fc2f6778656c23915,N_sixdist_s11_f0_lr0.001,c1b641d70bf4cd304f04c7ca578837b216313f92cde09b51684b264037ac1f42,c5db7def0759ab978b103f6d0d9e22bce710ddb79b3b9727082ea763d50041bb,383,0,512,1407,422100,300,620ea1dc1e443dc6c238317463dc64ab3a9ae05fb592743f3a7d67d7ce17262c,d164ad5aa2ce5cddc59b090809ccdf258a142a0ebe45712102a4c410fef64b5d,82461e4d28691b5a3f76cac317a7bde90a5123c8b0ad8230422abc74e2e16326,10dfdb81f8d4e94b6c79fe77873ee10c1c43c43b752debce9aaf7641d2402843,fd0b415d4995c8ff6b61d5f15fd84a08191887a08a37ecd0fc53bb9453bf23c6,0.8123757839202881,0.6305939788445891,0.7697314890154597,0.8584214808787632
warm_N_sixdist_s11_f25_preserve_flip_balanced_lr0.001,warm,N,sixdist,11,25,preserve_flip_balanced,lr0.001,adam,0.001,,300,0.26347988843917847,1.1833871603012085,0.001953125,0.05616458132863045,bc7b5d317024d6df191d4fc9b3b9ea4c82e0a3bd86c38d132660c7d479064593,4331e67e9d088ae74aff478588fb67a30d5d9002be5f3f8260d8fabc6b9ff640,0fbc1a5bb981326f9d1952817cb3a2e3237475ff1039ba2c0b2107fc262e1649,bc7b5d317024d6df191d4fc9b3b9ea4c82e0a3bd86c38d132660c7d479064593,a8cd0022c59f8e7fd22a8ec8f284827216f0b50ff2eb659fc2f6778656c23915,N_sixdist_s11_f0_lr0.001,a7060e9defbdb63c0f05345361cdc4276489474cb37ad3646dd6f47ede1bdad4,92ef05d64b3c4f386e4f78bfb49c87521f04792bf7bc67a9750a9ff3bc84a0ea,191,192,512,1407,422100,300,620ea1dc1e443dc6c238317463dc64ab3a9ae05fb592743f3a7d67d7ce17262c,d164ad5aa2ce5cddc59b090809ccdf258a142a0ebe45712102a4c410fef64b5d,82461e4d28691b5a3f76cac317a7bde90a5123c8b0ad8230422abc74e2e16326,10dfdb81f8d4e94b6c79fe77873ee10c1c43c43b752debce9aaf7641d2402843,fd0b415d4995c8ff6b61d5f15fd84a08191887a08a37ecd0fc53bb9453bf23c6,1.1627638638019562,0.5020341741253052,0.724979658258747,0.7737998372660699
warm_N_sixdist_s11_f25_preserve_flip_balanced_lr0.003,warm,N,sixdist,11,25,preserve_flip_balanced,lr0.003,adam,0.003,,300,0.4770607352256775,1.1833871603012085,0.001953125,0.030403578653931618,bc7b5d317024d6df191d4fc9b3b9ea4c82e0a3bd86c38d132660c7d479064593,4331e67e9d088ae74aff478588fb67a30d5d9002be5f3f8260d8fabc6b9ff640,6bf148cf8f827b06e2dd8d854a7389011f74b615c8a55b8011c5c903a6eb552e,bc7b5d317024d6df191d4fc9b3b9ea4c82e0a3bd86c38d132660c7d479064593,a8cd0022c59f8e7fd22a8ec8f284827216f0b50ff2eb659fc2f6778656c23915,N_sixdist_s11_f0_lr0.001,37ead5af717ac6880517383dbdb83be84989d124c36e7389c2f8b6f7a5096a06,92ef05d64b3c4f386e4f78bfb49c87521f04792bf7bc67a9750a9ff3bc84a0ea,191,192,512,1407,422100,300,620ea1dc1e443dc6c238317463dc64ab3a9ae05fb592743f3a7d67d7ce17262c,d164ad5aa2ce5cddc59b090809ccdf258a142a0ebe45712102a4c410fef64b5d,82461e4d28691b5a3f76cac317a7bde90a5123c8b0ad8230422abc74e2e16326,10dfdb81f8d4e94b6c79fe77873ee10c1c43c43b752debce9aaf7641d2402843,fd0b415d4995c8ff6b61d5f15fd84a08191887a08a37ecd0fc53bb9453bf23c6,0.9623975679278374,0.5443449959316518,0.7933279088689992,0.7493897477624084
warm_N_sixdist_s11_f25_preserve_flip_balanced_lr0.01,warm,N,sixdist,11,25,preserve_flip_balanced,lr0.01,adam,0.01,,300,0.35538366436958313,1.1833871603012085,0.01953125,0.12777622044086456,bc7b5d317024d6df191d4fc9b3b9ea4c82e0a3bd86c38d132660c7d479064593,4331e67e9d088ae74aff478588fb67a30d5d9002be5f3f8260d8fabc6b9ff640,51433d3180ee23528f519590d4cacc885e5b31dbb9ab4f410f419f3da5d10666,bc7b5d317024d6df191d4fc9b3b9ea4c82e0a3bd86c38d132660c7d479064593,a8cd0022c59f8e7fd22a8ec8f284827216f0b50ff2eb659fc2f6778656c23915,N_sixdist_s11_f0_lr0.001,74a51a6ed7e2a0a5c4dfb214e78a31156e85995005f92620366c01e45d714c26,92ef05d64b3c4f386e4f78bfb49c87521f04792bf7bc67a9750a9ff3bc84a0ea,191,192,512,1407,422100,300,620ea1dc1e443dc6c238317463dc64ab3a9ae05fb592743f3a7d67d7ce17262c,d164ad5aa2ce5cddc59b090809ccdf258a142a0ebe45712102a4c410fef64b5d,82461e4d28691b5a3f76cac317a7bde90a5123c8b0ad8230422abc74e2e16326,10dfdb81f8d4e94b6c79fe77873ee10c1c43c43b752debce9aaf7641d2402843,fd0b415d4995c8ff6b61d5f15fd84a08191887a08a37ecd0fc53bb9453bf23c6,0.8956059142947197,0.49227013832384053,0.6948738812042311,0.7965825874694874
warm_N_sixdist_s11_f25_protection_lr0.001,warm,N,sixdist,11,25,protection,lr0.001,adam,0.001,,300,0.23349560797214508,1.1833871603012085,0.005859375,0.12102585285902023,bc7b5d317024d6df191d4fc9b3b9ea4c82e0a3bd86c38d132660c7d479064593,4331e67e9d088ae74aff478588fb67a30d5d9002be5f3f8260d8fabc6b9ff640,c218ac9a6dbd32be2490faf618e5382def3b87ab0cb3b962b5358f40b86c8c9b,bc7b5d317024d6df191d4fc9b3b9ea4c82e0a3bd86c38d132660c7d479064593,a8cd0022c59f8e7fd22a8ec8f284827216f0b50ff2eb659fc2f6778656c23915,N_sixdist_s11_f0_lr0.001,467309d204fce4c8d01aab87f6db1ed97777728aedb81c90aa7aef8164246870,c5db7def0759ab978b103f6d0d9e22bce710ddb79b3b9727082ea763d50041bb,383,0,512,1407,422100,300,620ea1dc1e443dc6c238317463dc64ab3a9ae05fb592743f3a7d67d7ce17262c,d164ad5aa2ce5cddc59b090809ccdf258a142a0ebe45712102a4c410fef64b5d,82461e4d28691b5a3f76cac317a7bde90a5123c8b0ad8230422abc74e2e16326,10dfdb81f8d4e94b6c79fe77873ee10c1c43c43b752debce9aaf7641d2402843,fd0b415d4995c8ff6b61d5f15fd84a08191887a08a37ecd0fc53bb9453bf23c6,0.8561900481581688,0.5549227013832384,0.7233523189585028,0.8283157038242474
warm_N_sixdist_s11_f25_protection_lr0.003,warm,N,sixdist,11,25,protection,lr0.003,adam,0.003,,300,0.31857946515083313,1.1833871603012085,0.00390625,0.05596088990569115,bc7b5d317024d6df191d4fc9b3b9ea4c82e0a3bd86c38d132660c7d479064593,4331e67e9d088ae74aff478588fb67a30d5d9002be5f3f8260d8fabc6b9ff640,a50512fdd764e9caf92f2423a5a59898519bfe3e535e1c36cea54a5debd22ac5,bc7b5d317024d6df191d4fc9b3b9ea4c82e0a3bd86c38d132660c7d479064593,a8cd0022c59f8e7fd22a8ec8f284827216f0b50ff2eb659fc2f6778656c23915,N_sixdist_s11_f0_lr0.001,47968c3b66641932edf681a4054d30546e7cf148f22569fe9040be16c3fa25c1,c5db7def0759ab978b103f6d0d9e22bce710ddb79b3b9727082ea763d50041bb,383,0,512,1407,422100,300,620ea1dc1e443dc6c238317463dc64ab3a9ae05fb592743f3a7d67d7ce17262c,d164ad5aa2ce5cddc59b090809ccdf258a142a0ebe45712102a4c410fef64b5d,82461e4d28691b5a3f76cac317a7bde90a5123c8b0ad8230422abc74e2e16326,10dfdb81f8d4e94b6c79fe77873ee10c1c43c43b752debce9aaf7641d2402843,fd0b415d4995c8ff6b61d5f15fd84a08191887a08a37ecd0fc53bb9453bf23c6,0.9292522370815277,0.5882831570382425,0.7534580960130187,0.8331977217249796
warm_N_sixdist_s11_f25_protection_lr0.01,warm,N,sixdist,11,25,protection,lr0.01,adam,0.01,,300,0.27329325675964355,1.1833871603012085,0.001953125,0.05277017503976822,bc7b5d317024d6df191d4fc9b3b9ea4c82e0a3bd86c38d132660c7d479064593,4331e67e9d088ae74aff478588fb67a30d5d9002be5f3f8260d8fabc6b9ff640,312fd8b0204e3b895199a1cea0831afacf0b8794bc7435757dc583b6a8084548,bc7b5d317024d6df191d4fc9b3b9ea4c82e0a3bd86c38d132660c7d479064593,a8cd0022c59f8e7fd22a8ec8f284827216f0b50ff2eb659fc2f6778656c23915,N_sixdist_s11_f0_lr0.001,1b27fb92e6b2ca2a32153dc79ce54773a44e6f0b9c1c16a66d539704bab487af,c5db7def0759ab978b103f6d0d9e22bce710ddb79b3b9727082ea763d50041bb,383,0,512,1407,422100,300,620ea1dc1e443dc6c238317463dc64ab3a9ae05fb592743f3a7d67d7ce17262c,d164ad5aa2ce5cddc59b090809ccdf258a142a0ebe45712102a4c410fef64b5d,82461e4d28691b5a3f76cac317a7bde90a5123c8b0ad8230422abc74e2e16326,10dfdb81f8d4e94b6c79fe77873ee10c1c43c43b752debce9aaf7641d2402843,fd0b415d4995c8ff6b61d5f15fd84a08191887a08a37ecd0fc53bb9453bf23c6,0.9341779425740242,0.6257119609438568,0.7681041497152156,0.853539462978031
warm_N_sixdist_s23_f0_hard_replay_lr0.001,warm,N,sixdist,23,0,hard_replay,lr0.001,adam,0.001,,300,1.8831019401550293,1.0499167442321777,0.0,6.091313116485253e-05,62db2e43871754c8990dc21b49e9bbb7c25544d26507c0d4ef3674203c764feb,ea40ee514f56e63fc8bfd8dfc33d1bfbad61d5c72453e2ae73761833fa121269,0fc78b58c3ee81b8954847a55115436160c7265ce5ff890de9104516e304b330,62db2e43871754c8990dc21b49e9bbb7c25544d26507c0d4ef3674203c764feb,5d090acc39ba6b337c1c06d4571baffbcc16f0b2f13ec825dff1e553269ef853,N_sixdist_s23_f0_lr0.001,1acea2244988067c34176fa9f650d5307880bf2d083d0107cdd4b138e57080ec,790f8caa42139d3f5be041b38cbaaf690c88d1b3e6450af9490fabba88e82596,0,0,512,1024,307200,300,620ea1dc1e443dc6c238317463dc64ab3a9ae05fb592743f3a7d67d7ce17262c,d164ad5aa2ce5cddc59b090809ccdf258a142a0ebe45712102a4c410fef64b5d,82461e4d28691b5a3f76cac317a7bde90a5123c8b0ad8230422abc74e2e16326,10dfdb81f8d4e94b6c79fe77873ee10c1c43c43b752debce9aaf7641d2402843,fd0b415d4995c8ff6b61d5f15fd84a08191887a08a37ecd0fc53bb9453bf23c6,0.8066470846533775,0.28152969894222946,0.7697314890154597,0.5101708706265257
warm_N_sixdist_s23_f0_hard_replay_lr0.003,warm,N,sixdist,23,0,hard_replay,lr0.003,adam,0.003,,300,1.8682167530059814,1.0499167442321777,0.0,9.443612361792475e-05,62db2e43871754c8990dc21b49e9bbb7c25544d26507c0d4ef3674203c764feb,ea40ee514f56e63fc8bfd8dfc33d1bfbad61d5c72453e2ae73761833fa121269,987a1e144de9e9cdf0abde62a5072be8b398c07c8a600b7a9d0ec2491a80e1dd,62db2e43871754c8990dc21b49e9bbb7c25544d26507c0d4ef3674203c764feb,5d090acc39ba6b337c1c06d4571baffbcc16f0b2f13ec825dff1e553269ef853,N_sixdist_s23_f0_lr0.001,b466c923c80f7c25b08fcb1198f3f32c7fdcd32b74d02273ead8ca02562e968e,790f8caa42139d3f5be041b38cbaaf690c88d1b3e6450af9490fabba88e82596,0,0,512,1024,307200,300,620ea1dc1e443dc6c238317463dc64ab3a9ae05fb592743f3a7d67d7ce17262c,d164ad5aa2ce5cddc59b090809ccdf258a142a0ebe45712102a4c410fef64b5d,82461e4d28691b5a3f76cac317a7bde90a5123c8b0ad8230422abc74e2e16326,10dfdb81f8d4e94b6c79fe77873ee10c1c43c43b752debce9aaf7641d2402843,fd0b415d4995c8ff6b61d5f15fd84a08191887a08a37ecd0fc53bb9453bf23c6,0.8189492896199226,0.2823433685923515,0.7689178193653377,0.5101708706265257
warm_N_sixdist_s23_f0_hard_replay_lr0.01,warm,N,sixdist,23,0,hard_replay,lr0.01,adam,0.01,,300,1.4545425176620483,1.0499167442321777,0.0,0.0005965415621176362,62db2e43871754c8990dc21b49e9bbb7c25544d26507c0d4ef3674203c764feb,ea40ee514f56e63fc8bfd8dfc33d1bfbad61d5c72453e2ae73761833fa121269,4d20282715951266a3c57eb9a3684c5131c0b2a2374819ee594b2bf429b177a7,62db2e43871754c8990dc21b49e9bbb7c25544d26507c0d4ef3674203c764feb,5d090acc39ba6b337c1c06d4571baffbcc16f0b2f13ec825dff1e553269ef853,N_sixdist_s23_f0_lr0.001,2d5a675b6180bbd476c3bee956b1b8ded76352638b6b3ed88cc60ccf41e01341,790f8caa42139d3f5be041b38cbaaf690c88d1b3e6450af9490fabba88e82596,0,0,512,1024,307200,300,620ea1dc1e443dc6c238317463dc64ab3a9ae05fb592743f3a7d67d7ce17262c,d164ad5aa2ce5cddc59b090809ccdf258a142a0ebe45712102a4c410fef64b5d,82461e4d28691b5a3f76cac317a7bde90a5123c8b0ad8230422abc74e2e16326,10dfdb81f8d4e94b6c79fe77873ee10c1c43c43b752debce9aaf7641d2402843,fd0b415d4995c8ff6b61d5f15fd84a08191887a08a37ecd0fc53bb9453bf23c6,0.7236626669764519,0.274206672091131,0.7607811228641171,0.5109845402766476
warm_N_sixdist_s23_f0_plain_adam_lr0.0005_steps600,warm,N,sixdist,23,0,plain,adam_lr0.0005_steps600,adam,0.0005,,600,1.9891873598098755,1.0499167442321777,0.0,1.269593667529989e-05,62db2e43871754c8990dc21b49e9bbb7c25544d26507c0d4ef3674203c764feb,ea40ee514f56e63fc8bfd8dfc33d1bfbad61d5c72453e2ae73761833fa121269,9bb758ba1210aa4ed43286fdba27ee56f359853936c0af06227a525abf8cd1e9,62db2e43871754c8990dc21b49e9bbb7c25544d26507c0d4ef3674203c764feb,5d090acc39ba6b337c1c06d4571baffbcc16f0b2f13ec825dff1e553269ef853,N_sixdist_s23_f0_lr0.001,0f3ec7a5e9929074a1355a2439f957eafdf69f1c5b72cf2670ac730ef51c815d,790f8caa42139d3f5be041b38cbaaf690c88d1b3e6450af9490fabba88e82596,0,0,512,1024,614400,600,620ea1dc1e443dc6c238317463dc64ab3a9ae05fb592743f3a7d67d7ce17262c,d164ad5aa2ce5cddc59b090809ccdf258a142a0ebe45712102a4c410fef64b5d,82461e4d28691b5a3f76cac317a7bde90a5123c8b0ad8230422abc74e2e16326,10dfdb81f8d4e94b6c79fe77873ee10c1c43c43b752debce9aaf7641d2402843,fd0b415d4995c8ff6b61d5f15fd84a08191887a08a37ecd0fc53bb9453bf23c6,1.4836579337716103,0.27502034174125306,0.7689178193653377,0.5036615134255492
warm_N_sixdist_s23_f0_plain_lr0.001,warm,N,sixdist,23,0,plain,lr0.001,adam,0.001,,300,1.88589346408844,1.0499167442321777,0.0,3.039638977497816e-05,62db2e43871754c8990dc21b49e9bbb7c25544d26507c0d4ef3674203c764feb,ea40ee514f56e63fc8bfd8dfc33d1bfbad61d5c72453e2ae73761833fa121269,96b6a6f11119170fbba364ed6a71b973a041600215f34d90315286644875228b,62db2e43871754c8990dc21b49e9bbb7c25544d26507c0d4ef3674203c764feb,5d090acc39ba6b337c1c06d4571baffbcc16f0b2f13ec825dff1e553269ef853,N_sixdist_s23_f0_lr0.001,ee9614e212950ea36710b484febe16a28e8865a82663219ec83de291f1444ff0,790f8caa42139d3f5be041b38cbaaf690c88d1b3e6450af9490fabba88e82596,0,0,512,1024,307200,300,620ea1dc1e443dc6c238317463dc64ab3a9ae05fb592743f3a7d67d7ce17262c,d164ad5aa2ce5cddc59b090809ccdf258a142a0ebe45712102a4c410fef64b5d,82461e4d28691b5a3f76cac317a7bde90a5123c8b0ad8230422abc74e2e16326,10dfdb81f8d4e94b6c79fe77873ee10c1c43c43b752debce9aaf7641d2402843,fd0b415d4995c8ff6b61d5f15fd84a08191887a08a37ecd0fc53bb9453bf23c6,0.7426402792334557,0.28152969894222946,0.7697314890154597,0.5101708706265257
warm_N_sixdist_s23_f0_plain_lr0.003,warm,N,sixdist,23,0,plain,lr0.003,adam,0.003,,300,1.8674343824386597,1.0499167442321777,0.0,4.7194080252666026e-05,62db2e43871754c8990dc21b49e9bbb7c25544d26507c0d4ef3674203c764feb,ea40ee514f56e63fc8bfd8dfc33d1bfbad61d5c72453e2ae73761833fa121269,c7ebd4db947fd4ce1d1f008b75508b3bb8b79023c91be041d46d1594e4f100dd,62db2e43871754c8990dc21b49e9bbb7c25544d26507c0d4ef3674203c764feb,5d090acc39ba6b337c1c06d4571baffbcc16f0b2f13ec825dff1e553269ef853,N_sixdist_s23_f0_lr0.001,1b101bc57a389b845cf23d38f65c0a1091bc4869e4bd955b1439f27ab57c5164,790f8caa42139d3f5be041b38cbaaf690c88d1b3e6450af9490fabba88e82596,0,0,512,1024,307200,300,620ea1dc1e443dc6c238317463dc64ab3a9ae05fb592743f3a7d67d7ce17262c,d164ad5aa2ce5cddc59b090809ccdf258a142a0ebe45712102a4c410fef64b5d,82461e4d28691b5a3f76cac317a7bde90a5123c8b0ad8230422abc74e2e16326,10dfdb81f8d4e94b6c79fe77873ee10c1c43c43b752debce9aaf7641d2402843,fd0b415d4995c8ff6b61d5f15fd84a08191887a08a37ecd0fc53bb9453bf23c6,0.7435247227549553,0.2823433685923515,0.7689178193653377,0.5101708706265257
warm_N_sixdist_s23_f0_plain_lr0.01,warm,N,sixdist,23,0,plain,lr0.01,adam,0.01,,300,1.4550132751464844,1.0499167442321777,0.0,0.00029750066460110247,62db2e43871754c8990dc21b49e9bbb7c25544d26507c0d4ef3674203c764feb,ea40ee514f56e63fc8bfd8dfc33d1bfbad61d5c72453e2ae73761833fa121269,0772593cbd9fc6d15166f55ec93e97ab1e9db33fe7538b639c25fbb1be455617,62db2e43871754c8990dc21b49e9bbb7c25544d26507c0d4ef3674203c764feb,5d090acc39ba6b337c1c06d4571baffbcc16f0b2f13ec825dff1e553269ef853,N_sixdist_s23_f0_lr0.001,6af74845b64dfc4481672d98e9ef922c15f155d4320eec0e3b3d4f1199b7007d,790f8caa42139d3f5be041b38cbaaf690c88d1b3e6450af9490fabba88e82596,0,0,512,1024,307200,300,620ea1dc1e443dc6c238317463dc64ab3a9ae05fb592743f3a7d67d7ce17262c,d164ad5aa2ce5cddc59b090809ccdf258a142a0ebe45712102a4c410fef64b5d,82461e4d28691b5a3f76cac317a7bde90a5123c8b0ad8230422abc74e2e16326,10dfdb81f8d4e94b6c79fe77873ee10c1c43c43b752debce9aaf7641d2402843,fd0b415d4995c8ff6b61d5f15fd84a08191887a08a37ecd0fc53bb9453bf23c6,0.7057586833834648,0.27502034174125306,0.7615947925142392,0.5109845402766476
warm_N_sixdist_s23_f0_plain_sgd_m09_lr0.003,warm,N,sixdist,23,0,plain,sgd_m09_lr0.003,sgd,0.003,0.9,300,1.0907726287841797,1.0499167442321777,0.0,0.0020265630446374416,62db2e43871754c8990dc21b49e9bbb7c25544d26507c0d4ef3674203c764feb,ea40ee514f56e63fc8bfd8dfc33d1bfbad61d5c72453e2ae73761833fa121269,9e72254e13fe17efdf1e250057325bf1ce393b0b15bbf1de2e468afb495c9806,62db2e43871754c8990dc21b49e9bbb7c25544d26507c0d4ef3674203c764feb,5d090acc39ba6b337c1c06d4571baffbcc16f0b2f13ec825dff1e553269ef853,N_sixdist_s23_f0_lr0.001,8a87eea32e5113b4464a5904cf8282c5c66d543c587789882c5214d64b92991a,790f8caa42139d3f5be041b38cbaaf690c88d1b3e6450af9490fabba88e82596,0,0,512,1024,307200,300,620ea1dc1e443dc6c238317463dc64ab3a9ae05fb592743f3a7d67d7ce17262c,d164ad5aa2ce5cddc59b090809ccdf258a142a0ebe45712102a4c410fef64b5d,82461e4d28691b5a3f76cac317a7bde90a5123c8b0ad8230422abc74e2e16326,10dfdb81f8d4e94b6c79fe77873ee10c1c43c43b752debce9aaf7641d2402843,fd0b415d4995c8ff6b61d5f15fd84a08191887a08a37ecd0fc53bb9453bf23c6,0.6100113317370415,0.27990235964198534,0.7697314890154597,0.5077298616761595
warm_N_sixdist_s23_f0_plain_sgd_m09_lr0.01,warm,N,sixdist,23,0,plain,sgd_m09_lr0.01,sgd,0.01,0.9,300,1.166803002357483,1.0499167442321777,0.0,0.0014470887836068869,62db2e43871754c8990dc21b49e9bbb7c25544d26507c0d4ef3674203c764feb,ea40ee514f56e63fc8bfd8dfc33d1bfbad61d5c72453e2ae73761833fa121269,b6ee43ca0ef146bcee3c2ea6c138d753445ba14db9a90033bab483a43a9e38eb,62db2e43871754c8990dc21b49e9bbb7c25544d26507c0d4ef3674203c764feb,5d090acc39ba6b337c1c06d4571baffbcc16f0b2f13ec825dff1e553269ef853,N_sixdist_s23_f0_lr0.001,cde4d511bebb61f299a35f56b0ae2640f31c5e523bc57292a62ded5d71c634e1,790f8caa42139d3f5be041b38cbaaf690c88d1b3e6450af9490fabba88e82596,0,0,512,1024,307200,300,620ea1dc1e443dc6c238317463dc64ab3a9ae05fb592743f3a7d67d7ce17262c,d164ad5aa2ce5cddc59b090809ccdf258a142a0ebe45712102a4c410fef64b5d,82461e4d28691b5a3f76cac317a7bde90a5123c8b0ad8230422abc74e2e16326,10dfdb81f8d4e94b6c79fe77873ee10c1c43c43b752debce9aaf7641d2402843,fd0b415d4995c8ff6b61d5f15fd84a08191887a08a37ecd0fc53bb9453bf23c6,0.5897527188062668,0.27990235964198534,0.7697314890154597,0.5069161920260374
warm_N_sixdist_s23_f0_preserve_flip_balanced_lr0.001,warm,N,sixdist,23,0,preserve_flip_balanced,lr0.001,adam,0.001,,300,1.88589346408844,1.0499167442321777,0.0,3.039638977497816e-05,62db2e43871754c8990dc21b49e9bbb7c25544d26507c0d4ef3674203c764feb,ea40ee514f56e63fc8bfd8dfc33d1bfbad61d5c72453e2ae73761833fa121269,96b6a6f11119170fbba364ed6a71b973a041600215f34d90315286644875228b,62db2e43871754c8990dc21b49e9bbb7c25544d26507c0d4ef3674203c764feb,5d090acc39ba6b337c1c06d4571baffbcc16f0b2f13ec825dff1e553269ef853,N_sixdist_s23_f0_lr0.001,18d5dda03d3438b8d03b05bdf17ed9e72347e8d323bf5a9b8dc1dee037ad7b92,790f8caa42139d3f5be041b38cbaaf690c88d1b3e6450af9490fabba88e82596,0,0,512,1024,307200,300,620ea1dc1e443dc6c238317463dc64ab3a9ae05fb592743f3a7d67d7ce17262c,d164ad5aa2ce5cddc59b090809ccdf258a142a0ebe45712102a4c410fef64b5d,82461e4d28691b5a3f76cac317a7bde90a5123c8b0ad8230422abc74e2e16326,10dfdb81f8d4e94b6c79fe77873ee10c1c43c43b752debce9aaf7641d2402843,fd0b415d4995c8ff6b61d5f15fd84a08191887a08a37ecd0fc53bb9453bf23c6,0.7505998983979225,0.28152969894222946,0.7697314890154597,0.5101708706265257
warm_N_sixdist_s23_f0_preserve_flip_balanced_lr0.003,warm,N,sixdist,23,0,preserve_flip_balanced,lr0.003,adam,0.003,,300,1.8674343824386597,1.0499167442321777,0.0,4.7194080252666026e-05,62db2e43871754c8990dc21b49e9bbb7c25544d26507c0d4ef3674203c764feb,ea40ee514f56e63fc8bfd8dfc33d1bfbad61d5c72453e2ae73761833fa121269,c7ebd4db947fd4ce1d1f008b75508b3bb8b79023c91be041d46d1594e4f100dd,62db2e43871754c8990dc21b49e9bbb7c25544d26507c0d4ef3674203c764feb,5d090acc39ba6b337c1c06d4571baffbcc16f0b2f13ec825dff1e553269ef853,N_sixdist_s23_f0_lr0.001,eade2d88891aa05443651f61922e2176170f827d6e1faa2f7c39f694a0118735,790f8caa42139d3f5be041b38cbaaf690c88d1b3e6450af9490fabba88e82596,0,0,512,1024,307200,300,620ea1dc1e443dc6c238317463dc64ab3a9ae05fb592743f3a7d67d7ce17262c,d164ad5aa2ce5cddc59b090809ccdf258a142a0ebe45712102a4c410fef64b5d,82461e4d28691b5a3f76cac317a7bde90a5123c8b0ad8230422abc74e2e16326,10dfdb81f8d4e94b6c79fe77873ee10c1c43c43b752debce9aaf7641d2402843,fd0b415d4995c8ff6b61d5f15fd84a08191887a08a37ecd0fc53bb9453bf23c6,0.7306732460856438,0.2823433685923515,0.7689178193653377,0.5101708706265257
warm_N_sixdist_s23_f0_preserve_flip_balanced_lr0.01,warm,N,sixdist,23,0,preserve_flip_balanced,lr0.01,adam,0.01,,300,1.4550132751464844,1.0499167442321777,0.0,0.00029750066460110247,62db2e43871754c8990dc21b49e9bbb7c25544d26507c0d4ef3674203c764feb,ea40ee514f56e63fc8bfd8dfc33d1bfbad61d5c72453e2ae73761833fa121269,0772593cbd9fc6d15166f55ec93e97ab1e9db33fe7538b639c25fbb1be455617,62db2e43871754c8990dc21b49e9bbb7c25544d26507c0d4ef3674203c764feb,5d090acc39ba6b337c1c06d4571baffbcc16f0b2f13ec825dff1e553269ef853,N_sixdist_s23_f0_lr0.001,d0e71fc94e0c6f511d4489fdc4f935fe1963e866ebc218df9fcc58fc7470350e,790f8caa42139d3f5be041b38cbaaf690c88d1b3e6450af9490fabba88e82596,0,0,512,1024,307200,300,620ea1dc1e443dc6c238317463dc64ab3a9ae05fb592743f3a7d67d7ce17262c,d164ad5aa2ce5cddc59b090809ccdf258a142a0ebe45712102a4c410fef64b5d,82461e4d28691b5a3f76cac317a7bde90a5123c8b0ad8230422abc74e2e16326,10dfdb81f8d4e94b6c79fe77873ee10c1c43c43b752debce9aaf7641d2402843,fd0b415d4995c8ff6b61d5f15fd84a08191887a08a37ecd0fc53bb9453bf23c6,0.7077608183026314,0.27502034174125306,0.7615947925142392,0.5109845402766476
warm_N_sixdist_s23_f0_protection_lr0.001,warm,N,sixdist,23,0,protection,lr0.001,adam,0.001,,300,1.1748861074447632,1.0499167442321777,0.0,0.013029729947447777,62db2e43871754c8990dc21b49e9bbb7c25544d26507c0d4ef3674203c764feb,ea40ee514f56e63fc8bfd8dfc33d1bfbad61d5c72453e2ae73761833fa121269,06d742e29aa7776dc079e9cd2ef6e1df06ffe267d1c624ad005aae18453b409a,62db2e43871754c8990dc21b49e9bbb7c25544d26507c0d4ef3674203c764feb,5d090acc39ba6b337c1c06d4571baffbcc16f0b2f13ec825dff1e553269ef853,N_sixdist_s23_f0_lr0.001,f8b381593ca7aaf9df09d3310dce265164938bf053bfd2f8615563c2a012e134,790f8caa42139d3f5be041b38cbaaf690c88d1b3e6450af9490fabba88e82596,0,0,512,1024,307200,300,620ea1dc1e443dc6c238317463dc64ab3a9ae05fb592743f3a7d67d7ce17262c,d164ad5aa2ce5cddc59b090809ccdf258a142a0ebe45712102a4c410fef64b5d,82461e4d28691b5a3f76cac317a7bde90a5123c8b0ad8230422abc74e2e16326,10dfdb81f8d4e94b6c79fe77873ee10c1c43c43b752debce9aaf7641d2402843,fd0b415d4995c8ff6b61d5f15fd84a08191887a08a37ecd0fc53bb9453bf23c6,0.7350145354866982,0.2790886899918633,0.7681041497152156,0.5077298616761595
warm_N_sixdist_s23_f0_protection_lr0.003,warm,N,sixdist,23,0,protection,lr0.003,adam,0.003,,300,1.1812455654144287,1.0499167442321777,0.0,0.013034302741289139,62db2e43871754c8990dc21b49e9bbb7c25544d26507c0d4ef3674203c764feb,ea40ee514f56e63fc8bfd8dfc33d1bfbad61d5c72453e2ae73761833fa121269,bc92d90c0a8612d4981d938727f7d4f2b81883c064fea3f6e7cd572b8777f7d0,62db2e43871754c8990dc21b49e9bbb7c25544d26507c0d4ef3674203c764feb,5d090acc39ba6b337c1c06d4571baffbcc16f0b2f13ec825dff1e553269ef853,N_sixdist_s23_f0_lr0.001,09ed595cb5b3d02d52222cfbfb0c026dd51faa79e2e5b91534d16683bb20e6cf,790f8caa42139d3f5be041b38cbaaf690c88d1b3e6450af9490fabba88e82596,0,0,512,1024,307200,300,620ea1dc1e443dc6c238317463dc64ab3a9ae05fb592743f3a7d67d7ce17262c,d164ad5aa2ce5cddc59b090809ccdf258a142a0ebe45712102a4c410fef64b5d,82461e4d28691b5a3f76cac317a7bde90a5123c8b0ad8230422abc74e2e16326,10dfdb81f8d4e94b6c79fe77873ee10c1c43c43b752debce9aaf7641d2402843,fd0b415d4995c8ff6b61d5f15fd84a08191887a08a37ecd0fc53bb9453bf23c6,0.7264184132218361,0.2839707078925956,0.7697314890154597,0.5109845402766476
warm_N_sixdist_s23_f0_protection_lr0.01,warm,N,sixdist,23,0,protection,lr0.01,adam,0.01,,300,1.1657809019088745,1.0499167442321777,0.0,0.013169191777706146,62db2e43871754c8990dc21b49e9bbb7c25544d26507c0d4ef3674203c764feb,ea40ee514f56e63fc8bfd8dfc33d1bfbad61d5c72453e2ae73761833fa121269,962540cf45f12c3612a69433c1d81e9956134c93077e3f7c2c32df2bbb9e148e,62db2e43871754c8990dc21b49e9bbb7c25544d26507c0d4ef3674203c764feb,5d090acc39ba6b337c1c06d4571baffbcc16f0b2f13ec825dff1e553269ef853,N_sixdist_s23_f0_lr0.001,ce31c16e34421872717600aef9f7b0dba62b09d48ff25c72d0c09ded3ce74e59,790f8caa42139d3f5be041b38cbaaf690c88d1b3e6450af9490fabba88e82596,0,0,512,1024,307200,300,620ea1dc1e443dc6c238317463dc64ab3a9ae05fb592743f3a7d67d7ce17262c,d164ad5aa2ce5cddc59b090809ccdf258a142a0ebe45712102a4c410fef64b5d,82461e4d28691b5a3f76cac317a7bde90a5123c8b0ad8230422abc74e2e16326,10dfdb81f8d4e94b6c79fe77873ee10c1c43c43b752debce9aaf7641d2402843,fd0b415d4995c8ff6b61d5f15fd84a08191887a08a37ecd0fc53bb9453bf23c6,0.7247941642999649,0.27339300244100895,0.7615947925142392,0.5093572009764036
warm_N_sixdist_s23_f100_hard_replay_lr0.001,warm,N,sixdist,23,100,hard_replay,lr0.001,adam,0.001,,300,0.21042099595069885,1.0499167442321777,0.00390625,0.14269095659255981,62db2e43871754c8990dc21b49e9bbb7c25544d26507c0d4ef3674203c764feb,ea40ee514f56e63fc8bfd8dfc33d1bfbad61d5c72453e2ae73761833fa121269,f35a9bc4dd27c09c95c84bec23c5526c25a99c2946238133234d48d5ef19fd85,62db2e43871754c8990dc21b49e9bbb7c25544d26507c0d4ef3674203c764feb,5d090acc39ba6b337c1c06d4571baffbcc16f0b2f13ec825dff1e553269ef853,N_sixdist_s23_f0_lr0.001,eb8f19a675bd9350a22aa17f4960355f53829570984de62680f78b2e27d97a5e,14b2df168c379b62fb0477d35a6c4addcf05a99e9750f16ad27faf739e7920fd,1534,0,512,2558,767400,300,620ea1dc1e443dc6c238317463dc64ab3a9ae05fb592743f3a7d67d7ce17262c,d164ad5aa2ce5cddc59b090809ccdf258a142a0ebe45712102a4c410fef64b5d,82461e4d28691b5a3f76cac317a7bde90a5123c8b0ad8230422abc74e2e16326,10dfdb81f8d4e94b6c79fe77873ee10c1c43c43b752debce9aaf7641d2402843,fd0b415d4995c8ff6b61d5f15fd84a08191887a08a37ecd0fc53bb9453bf23c6,1.087677739560604,0.5842148087876322,0.7339300244100895,0.8494711147274207
warm_N_sixdist_s23_f100_hard_replay_lr0.003,warm,N,sixdist,23,100,hard_replay,lr0.003,adam,0.003,,300,0.1827465295791626,1.0499167442321777,0.001953125,0.04949617013335228,62db2e43871754c8990dc21b49e9bbb7c25544d26507c0d4ef3674203c764feb,ea40ee514f56e63fc8bfd8dfc33d1bfbad61d5c72453e2ae73761833fa121269,33a0f424e7a725431f499f8d991e8140fe654096db1ce35577f4cf53130a3c1b,62db2e43871754c8990dc21b49e9bbb7c25544d26507c0d4ef3674203c764feb,5d090acc39ba6b337c1c06d4571baffbcc16f0b2f13ec825dff1e553269ef853,N_sixdist_s23_f0_lr0.001,3e0bc414df712ec5924f83951a3d9f9a1385b67d2b6a60e0b1d64a21ac9fe33d,14b2df168c379b62fb0477d35a6c4addcf05a99e9750f16ad27faf739e7920fd,1534,0,512,2558,767400,300,620ea1dc1e443dc6c238317463dc64ab3a9ae05fb592743f3a7d67d7ce17262c,d164ad5aa2ce5cddc59b090809ccdf258a142a0ebe45712102a4c410fef64b5d,82461e4d28691b5a3f76cac317a7bde90a5123c8b0ad8230422abc74e2e16326,10dfdb81f8d4e94b6c79fe77873ee10c1c43c43b752debce9aaf7641d2402843,fd0b415d4995c8ff6b61d5f15fd84a08191887a08a37ecd0fc53bb9453bf23c6,1.2566671893000603,0.6484947111472742,0.7713588283157038,0.8755085435313262
warm_N_sixdist_s23_f100_hard_replay_lr0.01,warm,N,sixdist,23,100,hard_replay,lr0.01,adam,0.01,,300,0.2083355039358139,1.0499167442321777,0.001953125,0.04206181690096855,62db2e43871754c8990dc21b49e9bbb7c25544d26507c0d4ef3674203c764feb,ea40ee514f56e63fc8bfd8dfc33d1bfbad61d5c72453e2ae73761833fa121269,5ccfe61809bf79d6b9d17a1cc32829d02cc1379e126a5d78c87769f1908f0abc,62db2e43871754c8990dc21b49e9bbb7c25544d26507c0d4ef3674203c764feb,5d090acc39ba6b337c1c06d4571baffbcc16f0b2f13ec825dff1e553269ef853,N_sixdist_s23_f0_lr0.001,6ad79792d86e7fbb9545fcbe23ca9990a9c4a30909d93aac529a925f7b7038eb,14b2df168c379b62fb0477d35a6c4addcf05a99e9750f16ad27faf739e7920fd,1534,0,512,2558,767400,300,620ea1dc1e443dc6c238317463dc64ab3a9ae05fb592743f3a7d67d7ce17262c,d164ad5aa2ce5cddc59b090809ccdf258a142a0ebe45712102a4c410fef64b5d,82461e4d28691b5a3f76cac317a7bde90a5123c8b0ad8230422abc74e2e16326,10dfdb81f8d4e94b6c79fe77873ee10c1c43c43b752debce9aaf7641d2402843,fd0b415d4995c8ff6b61d5f15fd84a08191887a08a37ecd0fc53bb9453bf23c6,1.125484585762024,0.645240032546786,0.7754271765663141,0.8673718470301057
warm_N_sixdist_s23_f100_plain_adam_lr0.0005_steps600,warm,N,sixdist,23,100,plain,adam_lr0.0005_steps600,adam,0.0005,,600,0.18839426338672638,1.0499167442321777,0.005859375,0.1052735224366188,62db2e43871754c8990dc21b49e9bbb7c25544d26507c0d4ef3674203c764feb,ea40ee514f56e63fc8bfd8dfc33d1bfbad61d5c72453e2ae73761833fa121269,1df66db830c3a966f95733e6890925eee735030589625c55579afa378845b886,62db2e43871754c8990dc21b49e9bbb7c25544d26507c0d4ef3674203c764feb,5d090acc39ba6b337c1c06d4571baffbcc16f0b2f13ec825dff1e553269ef853,N_sixdist_s23_f0_lr0.001,5974ae0168233c58359db059c7d7805c83a687984f45ac69baff31ccdd24046b,14b2df168c379b62fb0477d35a6c4addcf05a99e9750f16ad27faf739e7920fd,1534,0,512,2558,1534800,600,620ea1dc1e443dc6c238317463dc64ab3a9ae05fb592743f3a7d67d7ce17262c,d164ad5aa2ce5cddc59b090809ccdf258a142a0ebe45712102a4c410fef64b5d,82461e4d28691b5a3f76cac317a7bde90a5123c8b0ad8230422abc74e2e16326,10dfdb81f8d4e94b6c79fe77873ee10c1c43c43b752debce9aaf7641d2402843,fd0b415d4995c8ff6b61d5f15fd84a08191887a08a37ecd0fc53bb9453bf23c6,2.054961197078228,0.5931651749389748,0.7339300244100895,0.8584214808787632
warm_N_sixdist_s23_f100_plain_lr0.001,warm,N,sixdist,23,100,plain,lr0.001,adam,0.001,,300,0.19426003098487854,1.0499167442321777,0.009765625,0.12912118434906006,62db2e43871754c8990dc21b49e9bbb7c25544d26507c0d4ef3674203c764feb,ea40ee514f56e63fc8bfd8dfc33d1bfbad61d5c72453e2ae73761833fa121269,c6f0bd0211e921f50389448ca61b512d50860bb3deb7f94c759890839d29c8bb,62db2e43871754c8990dc21b49e9bbb7c25544d26507c0d4ef3674203c764feb,5d090acc39ba6b337c1c06d4571baffbcc16f0b2f13ec825dff1e553269ef853,N_sixdist_s23_f0_lr0.001,13478420a3612f5c8e9fdb1cf5c246fa371c5d8ebde5322d0b5104e6f7d71733,14b2df168c379b62fb0477d35a6c4addcf05a99e9750f16ad27faf739e7920fd,1534,0,512,2558,767400,300,620ea1dc1e443dc6c238317463dc64ab3a9ae05fb592743f3a7d67d7ce17262c,d164ad5aa2ce5cddc59b090809ccdf258a142a0ebe45712102a4c410fef64b5d,82461e4d28691b5a3f76cac317a7bde90a5123c8b0ad8230422abc74e2e16326,10dfdb81f8d4e94b6c79fe77873ee10c1c43c43b752debce9aaf7641d2402843,fd0b415d4995c8ff6b61d5f15fd84a08191887a08a37ecd0fc53bb9453bf23c6,1.0031747743487358,0.5777054515866559,0.7217249796582588,0.855166802278275
warm_N_sixdist_s23_f100_plain_lr0.003,warm,N,sixdist,23,100,plain,lr0.003,adam,0.003,,300,0.17749078571796417,1.0499167442321777,0.00390625,0.03928374499082565,62db2e43871754c8990dc21b49e9bbb7c25544d26507c0d4ef3674203c764feb,ea40ee514f56e63fc8bfd8dfc33d1bfbad61d5c72453e2ae73761833fa121269,4ca70e4ca2ab3f27537045e2b05a6615905350deb4e85ae9729137d1d3e55696,62db2e43871754c8990dc21b49e9bbb7c25544d26507c0d4ef3674203c764feb,5d090acc39ba6b337c1c06d4571baffbcc16f0b2f13ec825dff1e553269ef853,N_sixdist_s23_f0_lr0.001,f63faf2bc7da8627e16f0b7c0224e65ade889a273e093e0c1269e48555a81cbf,14b2df168c379b62fb0477d35a6c4addcf05a99e9750f16ad27faf739e7920fd,1534,0,512,2558,767400,300,620ea1dc1e443dc6c238317463dc64ab3a9ae05fb592743f3a7d67d7ce17262c,d164ad5aa2ce5cddc59b090809ccdf258a142a0ebe45712102a4c410fef64b5d,82461e4d28691b5a3f76cac317a7bde90a5123c8b0ad8230422abc74e2e16326,10dfdb81f8d4e94b6c79fe77873ee10c1c43c43b752debce9aaf7641d2402843,fd0b415d4995c8ff6b61d5f15fd84a08191887a08a37ecd0fc53bb9453bf23c6,1.02810338139534,0.6232709519934907,0.7477624084621644,0.8746948738812043
warm_N_sixdist_s23_f100_plain_lr0.01,warm,N,sixdist,23,100,plain,lr0.01,adam,0.01,,300,0.2063487321138382,1.0499167442321777,0.013671875,0.057834193110466,62db2e43871754c8990dc21b49e9bbb7c25544d26507c0d4ef3674203c764feb,ea40ee514f56e63fc8bfd8dfc33d1bfbad61d5c72453e2ae73761833fa121269,f6bb72a54c13b1edb8e315e083bdc4fbe1749eca1fb2311b234b08b50cd4dcca,62db2e43871754c8990dc21b49e9bbb7c25544d26507c0d4ef3674203c764feb,5d090acc39ba6b337c1c06d4571baffbcc16f0b2f13ec825dff1e553269ef853,N_sixdist_s23_f0_lr0.001,8cea50308e8c1059f35ccf5529c979fdae70b38e9fcd59366f89590eb0339b65,14b2df168c379b62fb0477d35a6c4addcf05a99e9750f16ad27faf739e7920fd,1534,0,512,2558,767400,300,620ea1dc1e443dc6c238317463dc64ab3a9ae05fb592743f3a7d67d7ce17262c,d164ad5aa2ce5cddc59b090809ccdf258a142a0ebe45712102a4c410fef64b5d,82461e4d28691b5a3f76cac317a7bde90a5123c8b0ad8230422abc74e2e16326,10dfdb81f8d4e94b6c79fe77873ee10c1c43c43b752debce9aaf7641d2402843,fd0b415d4995c8ff6b61d5f15fd84a08191887a08a37ecd0fc53bb9453bf23c6,1.0287472382187843,0.6037428803905615,0.7160292921074044,0.8844589096826688
warm_N_sixdist_s23_f100_plain_sgd_m09_lr0.003,warm,N,sixdist,23,100,plain,sgd_m09_lr0.003,sgd,0.003,0.9,300,0.1782209873199463,1.0499167442321777,0.005859375,0.10956306010484695,62db2e43871754c8990dc21b49e9bbb7c25544d26507c0d4ef3674203c764feb,ea40ee514f56e63fc8bfd8dfc33d1bfbad61d5c72453e2ae73761833fa121269,7f929b2b938ad839a4a7b02b7368617a1496a62c09d2379adab6cdc99a513b73,62db2e43871754c8990dc21b49e9bbb7c25544d26507c0d4ef3674203c764feb,5d090acc39ba6b337c1c06d4571baffbcc16f0b2f13ec825dff1e553269ef853,N_sixdist_s23_f0_lr0.001,27eb7b8b71b130e17368a437cf4f7bbfdbd2fcb28159c221a7effe3f63219657,14b2df168c379b62fb0477d35a6c4addcf05a99e9750f16ad27faf739e7920fd,1534,0,512,2558,767400,300,620ea1dc1e443dc6c238317463dc64ab3a9ae05fb592743f3a7d67d7ce17262c,d164ad5aa2ce5cddc59b090809ccdf258a142a0ebe45712102a4c410fef64b5d,82461e4d28691b5a3f76cac317a7bde90a5123c8b0ad8230422abc74e2e16326,10dfdb81f8d4e94b6c79fe77873ee10c1c43c43b752debce9aaf7641d2402843,fd0b415d4995c8ff6b61d5f15fd84a08191887a08a37ecd0fc53bb9453bf23c6,0.8883767202496529,0.6086248982912937,0.7371847030105777,0.870626525630594
warm_N_sixdist_s23_f100_plain_sgd_m09_lr0.01,warm,N,sixdist,23,100,plain,sgd_m09_lr0.01,sgd,0.01,0.9,300,0.14652808010578156,1.0499167442321777,0.00390625,0.04084519296884537,62db2e43871754c8990dc21b49e9bbb7c25544d26507c0d4ef3674203c764feb,ea40ee514f56e63fc8bfd8dfc33d1bfbad61d5c72453e2ae73761833fa121269,fdcd5154acdbf33aec47b33542e7d9a9b75d8a3444cbe83c5b7bb37fe9123e5b,62db2e43871754c8990dc21b49e9bbb7c25544d26507c0d4ef3674203c764feb,5d090acc39ba6b337c1c06d4571baffbcc16f0b2f13ec825dff1e553269ef853,N_sixdist_s23_f0_lr0.001,f3b564aac7724c463172d0c801719660f29698647b3a51bceaba84e7b58eb214,14b2df168c379b62fb0477d35a6c4addcf05a99e9750f16ad27faf739e7920fd,1534,0,512,2558,767400,300,620ea1dc1e443dc6c238317463dc64ab3a9ae05fb592743f3a7d67d7ce17262c,d164ad5aa2ce5cddc59b090809ccdf258a142a0ebe45712102a4c410fef64b5d,82461e4d28691b5a3f76cac317a7bde90a5123c8b0ad8230422abc74e2e16326,10dfdb81f8d4e94b6c79fe77873ee10c1c43c43b752debce9aaf7641d2402843,fd0b415d4995c8ff6b61d5f15fd84a08191887a08a37ecd0fc53bb9453bf23c6,0.9567360281944275,0.6403580146460537,0.7664768104149715,0.871440195280716
warm_N_sixdist_s23_f100_preserve_flip_balanced_lr0.001,warm,N,sixdist,23,100,preserve_flip_balanced,lr0.001,adam,0.001,,300,0.1821192055940628,1.0499167442321777,0.001953125,0.10434474796056747,62db2e43871754c8990dc21b49e9bbb7c25544d26507c0d4ef3674203c764feb,ea40ee514f56e63fc8bfd8dfc33d1bfbad61d5c72453e2ae73761833fa121269,d41a6dc3a1078e1d54e1dd104e8f183bafdc36ed40e34c69bf744170c3e6534d,62db2e43871754c8990dc21b49e9bbb7c25544d26507c0d4ef3674203c764feb,5d090acc39ba6b337c1c06d4571baffbcc16f0b2f13ec825dff1e553269ef853,N_sixdist_s23_f0_lr0.001,c5a4384abfda0894ee6e107b26729d22c82698fa614a53a87f74c222385aa743,0e903494c598ce5f32680ea450389d6c77b5b60e40b7ae2334378343930468cd,767,767,512,2558,767400,300,620ea1dc1e443dc6c238317463dc64ab3a9ae05fb592743f3a7d67d7ce17262c,d164ad5aa2ce5cddc59b090809ccdf258a142a0ebe45712102a4c410fef64b5d,82461e4d28691b5a3f76cac317a7bde90a5123c8b0ad8230422abc74e2e16326,10dfdb81f8d4e94b6c79fe77873ee10c1c43c43b752debce9aaf7641d2402843,fd0b415d4995c8ff6b61d5f15fd84a08191887a08a37ecd0fc53bb9453bf23c6,1.019647404551506,0.6330349877949553,0.806346623270952,0.8258746948738812
warm_N_sixdist_s23_f100_preserve_flip_balanced_lr0.003,warm,N,sixdist,23,100,preserve_flip_balanced,lr0.003,adam,0.003,,300,0.21433566510677338,1.0499167442321777,0.0,0.031247757375240326,62db2e43871754c8990dc21b49e9bbb7c25544d26507c0d4ef3674203c764feb,ea40ee514f56e63fc8bfd8dfc33d1bfbad61d5c72453e2ae73761833fa121269,d439a32d02ea5189226ecae73d6f8806fed083f988ac7d692a2605627b11600b,62db2e43871754c8990dc21b49e9bbb7c25544d26507c0d4ef3674203c764feb,5d090acc39ba6b337c1c06d4571baffbcc16f0b2f13ec825dff1e553269ef853,N_sixdist_s23_f0_lr0.001,b1b883c12ca5545ad317a928fe0298f06dd28c43dca977b5050e1999fba0b5ca,0e903494c598ce5f32680ea450389d6c77b5b60e40b7ae2334378343930468cd,767,767,512,2558,767400,300,620ea1dc1e443dc6c238317463dc64ab3a9ae05fb592743f3a7d67d7ce17262c,d164ad5aa2ce5cddc59b090809ccdf258a142a0ebe45712102a4c410fef64b5d,82461e4d28691b5a3f76cac317a7bde90a5123c8b0ad8230422abc74e2e16326,10dfdb81f8d4e94b6c79fe77873ee10c1c43c43b752debce9aaf7641d2402843,fd0b415d4995c8ff6b61d5f15fd84a08191887a08a37ecd0fc53bb9453bf23c6,1.0635739639401436,0.6965012205044752,0.8502847843775427,0.8413344182262001
warm_N_sixdist_s23_f100_preserve_flip_balanced_lr0.01,warm,N,sixdist,23,100,preserve_flip_balanced,lr0.01,adam,0.01,,300,0.19696740806102753,1.0499167442321777,0.0,0.0389789417386055,62db2e43871754c8990dc21b49e9bbb7c25544d26507c0d4ef3674203c764feb,ea40ee514f56e63fc8bfd8dfc33d1bfbad61d5c72453e2ae73761833fa121269,cc9807338c01e4fcfc54e46555174792afe75683cd0889e53dc172b81be806d1,62db2e43871754c8990dc21b49e9bbb7c25544d26507c0d4ef3674203c764feb,5d090acc39ba6b337c1c06d4571baffbcc16f0b2f13ec825dff1e553269ef853,N_sixdist_s23_f0_lr0.001,d1b6243fb95501a14c87cd78fc49228a2ecf8c491b0c2461c9d103a3a12a0053,0e903494c598ce5f32680ea450389d6c77b5b60e40b7ae2334378343930468cd,767,767,512,2558,767400,300,620ea1dc1e443dc6c238317463dc64ab3a9ae05fb592743f3a7d67d7ce17262c,d164ad5aa2ce5cddc59b090809ccdf258a142a0ebe45712102a4c410fef64b5d,82461e4d28691b5a3f76cac317a7bde90a5123c8b0ad8230422abc74e2e16326,10dfdb81f8d4e94b6c79fe77873ee10c1c43c43b752debce9aaf7641d2402843,fd0b415d4995c8ff6b61d5f15fd84a08191887a08a37ecd0fc53bb9453bf23c6,1.052414707839489,0.6753458096013019,0.8323840520748577,0.8421480878763222
warm_N_sixdist_s23_f100_protection_lr0.001,warm,N,sixdist,23,100,protection,lr0.001,adam,0.001,,300,0.20654426515102386,1.0499167442321777,0.00390625,0.15606188774108887,62db2e43871754c8990dc21b49e9bbb7c25544d26507c0d4ef3674203c764feb,ea40ee514f56e63fc8bfd8dfc33d1bfbad61d5c72453e2ae73761833fa121269,a6d462fb09de4b4c23e4b0c44e2ac3a23c388d37cebbdbe96af35243a44b4da4,62db2e43871754c8990dc21b49e9bbb7c25544d26507c0d4ef3674203c764feb,5d090acc39ba6b337c1c06d4571baffbcc16f0b2f13ec825dff1e553269ef853,N_sixdist_s23_f0_lr0.001,e3791e44fd8f16ec19bec8ec76a39b50738ce7d340a947a091b1f20227677097,14b2df168c379b62fb0477d35a6c4addcf05a99e9750f16ad27faf739e7920fd,1534,0,512,2558,767400,300,620ea1dc1e443dc6c238317463dc64ab3a9ae05fb592743f3a7d67d7ce17262c,d164ad5aa2ce5cddc59b090809ccdf258a142a0ebe45712102a4c410fef64b5d,82461e4d28691b5a3f76cac317a7bde90a5123c8b0ad8230422abc74e2e16326,10dfdb81f8d4e94b6c79fe77873ee10c1c43c43b752debce9aaf7641d2402843,fd0b415d4995c8ff6b61d5f15fd84a08191887a08a37ecd0fc53bb9453bf23c6,1.0329901650547981,0.5907241659886087,0.7363710333604556,0.853539462978031
warm_N_sixdist_s23_f100_protection_lr0.003,warm,N,sixdist,23,100,protection,lr0.003,adam,0.003,,300,0.16865719854831696,1.0499167442321777,0.001953125,0.06497588008642197,62db2e43871754c8990dc21b49e9bbb7c25544d26507c0d4ef3674203c764feb,ea40ee514f56e63fc8bfd8dfc33d1bfbad61d5c72453e2ae73761833fa121269,b6a954ca2a4bcfc2f36d9d18543364ea0357a99459b521c0120be70392b5a40c,62db2e43871754c8990dc21b49e9bbb7c25544d26507c0d4ef3674203c764feb,5d090acc39ba6b337c1c06d4571baffbcc16f0b2f13ec825dff1e553269ef853,N_sixdist_s23_f0_lr0.001,7769faec53ed08ef783897ab1027752e0365c7e163f6f0b0591505c0705a8122,14b2df168c379b62fb0477d35a6c4addcf05a99e9750f16ad27faf739e7920fd,1534,0,512,2558,767400,300,620ea1dc1e443dc6c238317463dc64ab3a9ae05fb592743f3a7d67d7ce17262c,d164ad5aa2ce5cddc59b090809ccdf258a142a0ebe45712102a4c410fef64b5d,82461e4d28691b5a3f76cac317a7bde90a5123c8b0ad8230422abc74e2e16326,10dfdb81f8d4e94b6c79fe77873ee10c1c43c43b752debce9aaf7641d2402843,fd0b415d4995c8ff6b61d5f15fd84a08191887a08a37ecd0fc53bb9453bf23c6,1.0463732033967972,0.6395443449959316,0.7558991049633849,0.8812042310821806
warm_N_sixdist_s23_f100_protection_lr0.01,warm,N,sixdist,23,100,protection,lr0.01,adam,0.01,,300,0.199423685669899,1.0499167442321777,0.001953125,0.059412360191345215,62db2e43871754c8990dc21b49e9bbb7c25544d26507c0d4ef3674203c764feb,ea40ee514f56e63fc8bfd8dfc33d1bfbad61d5c72453e2ae73761833fa121269,954d7b1e06ae1f950440f551d524fdcd48614cdc9c80169b559f2a629cfb4dd6,62db2e43871754c8990dc21b49e9bbb7c25544d26507c0d4ef3674203c764feb,5d090acc39ba6b337c1c06d4571baffbcc16f0b2f13ec825dff1e553269ef853,N_sixdist_s23_f0_lr0.001,d642eefb48423c1823a22fc220b20b81ad49c6f2951a9d2e96a26722369beff8,14b2df168c379b62fb0477d35a6c4addcf05a99e9750f16ad27faf739e7920fd,1534,0,512,2558,767400,300,620ea1dc1e443dc6c238317463dc64ab3a9ae05fb592743f3a7d67d7ce17262c,d164ad5aa2ce5cddc59b090809ccdf258a142a0ebe45712102a4c410fef64b5d,82461e4d28691b5a3f76cac317a7bde90a5123c8b0ad8230422abc74e2e16326,10dfdb81f8d4e94b6c79fe77873ee10c1c43c43b752debce9aaf7641d2402843,fd0b415d4995c8ff6b61d5f15fd84a08191887a08a37ecd0fc53bb9453bf23c6,1.0582391619682312,0.6273393002441009,0.7550854353132628,0.869812855980472
warm_N_sixdist_s23_f25_hard_replay_lr0.001,warm,N,sixdist,23,25,hard_replay,lr0.001,adam,0.001,,300,0.2666391134262085,1.0499167442321777,0.005859375,0.1178961768746376,62db2e43871754c8990dc21b49e9bbb7c25544d26507c0d4ef3674203c764feb,ea40ee514f56e63fc8bfd8dfc33d1bfbad61d5c72453e2ae73761833fa121269,6e8b8a50d1ec7de9c9881c295864dffb4e17c7340f5a5c0911fa59b9a1edd451,62db2e43871754c8990dc21b49e9bbb7c25544d26507c0d4ef3674203c764feb,5d090acc39ba6b337c1c06d4571baffbcc16f0b2f13ec825dff1e553269ef853,N_sixdist_s23_f0_lr0.001,d8d8e73c98e15713965448fd66fb1350fbbcfc5f7eac7ca1ed2f22376f43d9f8,c5db7def0759ab978b103f6d0d9e22bce710ddb79b3b9727082ea763d50041bb,383,0,512,1407,422100,300,620ea1dc1e443dc6c238317463dc64ab3a9ae05fb592743f3a7d67d7ce17262c,d164ad5aa2ce5cddc59b090809ccdf258a142a0ebe45712102a4c410fef64b5d,82461e4d28691b5a3f76cac317a7bde90a5123c8b0ad8230422abc74e2e16326,10dfdb81f8d4e94b6c79fe77873ee10c1c43c43b752debce9aaf7641d2402843,fd0b415d4995c8ff6b61d5f15fd84a08191887a08a37ecd0fc53bb9453bf23c6,0.9054049253463745,0.5874694873881204,0.7445077298616761,0.8397070789259561
warm_N_sixdist_s23_f25_hard_replay_lr0.003,warm,N,sixdist,23,25,hard_replay,lr0.003,adam,0.003,,300,0.3318273723125458,1.0499167442321777,0.001953125,0.03464264050126076,62db2e43871754c8990dc21b49e9bbb7c25544d26507c0d4ef3674203c764feb,ea40ee514f56e63fc8bfd8dfc33d1bfbad61d5c72453e2ae73761833fa121269,57ed3cb759311e5cd2695edbd0fca6cb2ea9a73fc1c7af3078b868c9cf8f7132,62db2e43871754c8990dc21b49e9bbb7c25544d26507c0d4ef3674203c764feb,5d090acc39ba6b337c1c06d4571baffbcc16f0b2f13ec825dff1e553269ef853,N_sixdist_s23_f0_lr0.001,6e34f3957ec28da40cb99b0e1a2a9e9d0e7b180c2737fb9e7ee719628ad8cbf6,c5db7def0759ab978b103f6d0d9e22bce710ddb79b3b9727082ea763d50041bb,383,0,512,1407,422100,300,620ea1dc1e443dc6c238317463dc64ab3a9ae05fb592743f3a7d67d7ce17262c,d164ad5aa2ce5cddc59b090809ccdf258a142a0ebe45712102a4c410fef64b5d,82461e4d28691b5a3f76cac317a7bde90a5123c8b0ad8230422abc74e2e16326,10dfdb81f8d4e94b6c79fe77873ee10c1c43c43b752debce9aaf7641d2402843,fd0b415d4995c8ff6b61d5f15fd84a08191887a08a37ecd0fc53bb9453bf23c6,0.9549102634191513,0.5923515052888527,0.7550854353132628,0.8364524003254679
warm_N_sixdist_s23_f25_hard_replay_lr0.01,warm,N,sixdist,23,25,hard_replay,lr0.01,adam,0.01,,300,0.39076513051986694,1.0499167442321777,0.001953125,0.032030124217271805,62db2e43871754c8990dc21b49e9bbb7c25544d26507c0d4ef3674203c764feb,ea40ee514f56e63fc8bfd8dfc33d1bfbad61d5c72453e2ae73761833fa121269,4187dccf7220ced3937b4042a4362ca5a38c609ce64b78c9ad6d3450d4a7fc8d,62db2e43871754c8990dc21b49e9bbb7c25544d26507c0d4ef3674203c764feb,5d090acc39ba6b337c1c06d4571baffbcc16f0b2f13ec825dff1e553269ef853,N_sixdist_s23_f0_lr0.001,e3d161263366b1f74ec6fd79ccee174bce081cd4baa8533c52aa6fb3e27b4c28,c5db7def0759ab978b103f6d0d9e22bce710ddb79b3b9727082ea763d50041bb,383,0,512,1407,422100,300,620ea1dc1e443dc6c238317463dc64ab3a9ae05fb592743f3a7d67d7ce17262c,d164ad5aa2ce5cddc59b090809ccdf258a142a0ebe45712102a4c410fef64b5d,82461e4d28691b5a3f76cac317a7bde90a5123c8b0ad8230422abc74e2e16326,10dfdb81f8d4e94b6c79fe77873ee10c1c43c43b752debce9aaf7641d2402843,fd0b415d4995c8ff6b61d5f15fd84a08191887a08a37ecd0fc53bb9453bf23c6,0.9599790275096893,0.5980471928397071,0.7542717656631408,0.8413344182262001
warm_N_sixdist_s23_f25_plain_adam_lr0.0005_steps600,warm,N,sixdist,23,25,plain,adam_lr0.0005_steps600,adam,0.0005,,600,0.25001060962677,1.0499167442321777,0.009765625,0.07759556174278259,62db2e43871754c8990dc21b49e9bbb7c25544d26507c0d4ef3674203c764feb,ea40ee514f56e63fc8bfd8dfc33d1bfbad61d5c72453e2ae73761833fa121269,9fe1e8e9afec8152a99e31d1fa68edd9822945b6c2c87ef54011a521f517789e,62db2e43871754c8990dc21b49e9bbb7c25544d26507c0d4ef3674203c764feb,5d090acc39ba6b337c1c06d4571baffbcc16f0b2f13ec825dff1e553269ef853,N_sixdist_s23_f0_lr0.001,a719d767808c023fe39bd4ca503653e260028427f0dab4d8710b56fc2bdba439,c5db7def0759ab978b103f6d0d9e22bce710ddb79b3b9727082ea763d50041bb,383,0,512,1407,844200,600,620ea1dc1e443dc6c238317463dc64ab3a9ae05fb592743f3a7d67d7ce17262c,d164ad5aa2ce5cddc59b090809ccdf258a142a0ebe45712102a4c410fef64b5d,82461e4d28691b5a3f76cac317a7bde90a5123c8b0ad8230422abc74e2e16326,10dfdb81f8d4e94b6c79fe77873ee10c1c43c43b752debce9aaf7641d2402843,fd0b415d4995c8ff6b61d5f15fd84a08191887a08a37ecd0fc53bb9453bf23c6,1.7796861231327057,0.5907241659886087,0.7404393816110659,0.8486574450772986
warm_N_sixdist_s23_f25_plain_lr0.001,warm,N,sixdist,23,25,plain,lr0.001,adam,0.001,,300,0.2436174899339676,1.0499167442321777,0.017578125,0.10513363778591156,62db2e43871754c8990dc21b49e9bbb7c25544d26507c0d4ef3674203c764feb,ea40ee514f56e63fc8bfd8dfc33d1bfbad61d5c72453e2ae73761833fa121269,12815fb8420d25f049be9ed81ba5d5a692924f692db796d639d7399493931f85,62db2e43871754c8990dc21b49e9bbb7c25544d26507c0d4ef3674203c764feb,5d090acc39ba6b337c1c06d4571baffbcc16f0b2f13ec825dff1e553269ef853,N_sixdist_s23_f0_lr0.001,b25022633bffea6f531a0f0840af47808c721487871d390bc9fe8502972b4fd2,c5db7def0759ab978b103f6d0d9e22bce710ddb79b3b9727082ea763d50041bb,383,0,512,1407,422100,300,620ea1dc1e443dc6c238317463dc64ab3a9ae05fb592743f3a7d67d7ce17262c,d164ad5aa2ce5cddc59b090809ccdf258a142a0ebe45712102a4c410fef64b5d,82461e4d28691b5a3f76cac317a7bde90a5123c8b0ad8230422abc74e2e16326,10dfdb81f8d4e94b6c79fe77873ee10c1c43c43b752debce9aaf7641d2402843,fd0b415d4995c8ff6b61d5f15fd84a08191887a08a37ecd0fc53bb9453bf23c6,0.8903165832161903,0.5834011391375101,0.7347436940602116,0.8462164361269324
warm_N_sixdist_s23_f25_plain_lr0.003,warm,N,sixdist,23,25,plain,lr0.003,adam,0.003,,300,0.3180295526981354,1.0499167442321777,0.005859375,0.029778487980365753,62db2e43871754c8990dc21b49e9bbb7c25544d26507c0d4ef3674203c764feb,ea40ee514f56e63fc8bfd8dfc33d1bfbad61d5c72453e2ae73761833fa121269,3a80004321777d69ecd0c3e83d5823f2cc517c6d515130df54b98b00edd91d7b,62db2e43871754c8990dc21b49e9bbb7c25544d26507c0d4ef3674203c764feb,5d090acc39ba6b337c1c06d4571baffbcc16f0b2f13ec825dff1e553269ef853,N_sixdist_s23_f0_lr0.001,fd3453a373e6e9d5c8d4c53d94d215f5791596ae01e3d5b1c096df49bac3e7d3,c5db7def0759ab978b103f6d0d9e22bce710ddb79b3b9727082ea763d50041bb,383,0,512,1407,422100,300,620ea1dc1e443dc6c238317463dc64ab3a9ae05fb592743f3a7d67d7ce17262c,d164ad5aa2ce5cddc59b090809ccdf258a142a0ebe45712102a4c410fef64b5d,82461e4d28691b5a3f76cac317a7bde90a5123c8b0ad8230422abc74e2e16326,10dfdb81f8d4e94b6c79fe77873ee10c1c43c43b752debce9aaf7641d2402843,fd0b415d4995c8ff6b61d5f15fd84a08191887a08a37ecd0fc53bb9453bf23c6,0.8777685612440109,0.6029292107404394,0.7575264442636289,0.8437754271765663
warm_N_sixdist_s23_f25_plain_lr0.01,warm,N,sixdist,23,25,plain,lr0.01,adam,0.01,,300,0.21968817710876465,1.0499167442321777,0.017578125,0.06060793250799179,62db2e43871754c8990dc21b49e9bbb7c25544d26507c0d4ef3674203c764feb,ea40ee514f56e63fc8bfd8dfc33d1bfbad61d5c72453e2ae73761833fa121269,5170f5f80a049bede2b06a96ebe9f678b09cfef1804ffef3e746fee305cdb847,62db2e43871754c8990dc21b49e9bbb7c25544d26507c0d4ef3674203c764feb,5d090acc39ba6b337c1c06d4571baffbcc16f0b2f13ec825dff1e553269ef853,N_sixdist_s23_f0_lr0.001,5d5215ca74fdac5c20a3833a8e099e372cfc563e3c46347b43526fbdf8575889,c5db7def0759ab978b103f6d0d9e22bce710ddb79b3b9727082ea763d50041bb,383,0,512,1407,422100,300,620ea1dc1e443dc6c238317463dc64ab3a9ae05fb592743f3a7d67d7ce17262c,d164ad5aa2ce5cddc59b090809ccdf258a142a0ebe45712102a4c410fef64b5d,82461e4d28691b5a3f76cac317a7bde90a5123c8b0ad8230422abc74e2e16326,10dfdb81f8d4e94b6c79fe77873ee10c1c43c43b752debce9aaf7641d2402843,fd0b415d4995c8ff6b61d5f15fd84a08191887a08a37ecd0fc53bb9453bf23c6,0.9014089852571487,0.6248982912937348,0.7502034174125305,0.8738812042310822
warm_N_sixdist_s23_f25_plain_sgd_m09_lr0.003,warm,N,sixdist,23,25,plain,sgd_m09_lr0.003,sgd,0.003,0.9,300,0.21217329800128937,1.0499167442321777,0.009765625,0.08170893043279648,62db2e43871754c8990dc21b49e9bbb7c25544d26507c0d4ef3674203c764feb,ea40ee514f56e63fc8bfd8dfc33d1bfbad61d5c72453e2ae73761833fa121269,c28d18911d984295cf5d23a065aee9a94f0fbdd347ab3b0b1dc59973588ab19a,62db2e43871754c8990dc21b49e9bbb7c25544d26507c0d4ef3674203c764feb,5d090acc39ba6b337c1c06d4571baffbcc16f0b2f13ec825dff1e553269ef853,N_sixdist_s23_f0_lr0.001,319f1b52596b93a84579f40116d54a2c97750e599f4dd087cc198631f9626920,c5db7def0759ab978b103f6d0d9e22bce710ddb79b3b9727082ea763d50041bb,383,0,512,1407,422100,300,620ea1dc1e443dc6c238317463dc64ab3a9ae05fb592743f3a7d67d7ce17262c,d164ad5aa2ce5cddc59b090809ccdf258a142a0ebe45712102a4c410fef64b5d,82461e4d28691b5a3f76cac317a7bde90a5123c8b0ad8230422abc74e2e16326,10dfdb81f8d4e94b6c79fe77873ee10c1c43c43b752debce9aaf7641d2402843,fd0b415d4995c8ff6b61d5f15fd84a08191887a08a37ecd0fc53bb9453bf23c6,0.750432550907135,0.5899104963384866,0.7493897477624084,0.8372660699755899
warm_N_sixdist_s23_f25_plain_sgd_m09_lr0.01,warm,N,sixdist,23,25,plain,sgd_m09_lr0.01,sgd,0.01,0.9,300,0.21275120973587036,1.0499167442321777,0.005859375,0.030642032623291016,62db2e43871754c8990dc21b49e9bbb7c25544d26507c0d4ef3674203c764feb,ea40ee514f56e63fc8bfd8dfc33d1bfbad61d5c72453e2ae73761833fa121269,9895626e3bfedb0c9c686e94f21e3b07d9084479ebad605550dc9b533942fcb7,62db2e43871754c8990dc21b49e9bbb7c25544d26507c0d4ef3674203c764feb,5d090acc39ba6b337c1c06d4571baffbcc16f0b2f13ec825dff1e553269ef853,N_sixdist_s23_f0_lr0.001,8eb993aeee3d3bfa76103f2e392d3b43fa753ec4449e7ec189d40340d43ac815,c5db7def0759ab978b103f6d0d9e22bce710ddb79b3b9727082ea763d50041bb,383,0,512,1407,422100,300,620ea1dc1e443dc6c238317463dc64ab3a9ae05fb592743f3a7d67d7ce17262c,d164ad5aa2ce5cddc59b090809ccdf258a142a0ebe45712102a4c410fef64b5d,82461e4d28691b5a3f76cac317a7bde90a5123c8b0ad8230422abc74e2e16326,10dfdb81f8d4e94b6c79fe77873ee10c1c43c43b752debce9aaf7641d2402843,fd0b415d4995c8ff6b61d5f15fd84a08191887a08a37ecd0fc53bb9453bf23c6,0.7701863348484039,0.6029292107404394,0.7558991049633849,0.8445890968266884
warm_N_sixdist_s23_f25_preserve_flip_balanced_lr0.001,warm,N,sixdist,23,25,preserve_flip_balanced,lr0.001,adam,0.001,,300,0.41472870111465454,1.0499167442321777,0.001953125,0.049449436366558075,62db2e43871754c8990dc21b49e9bbb7c25544d26507c0d4ef3674203c764feb,ea40ee514f56e63fc8bfd8dfc33d1bfbad61d5c72453e2ae73761833fa121269,e5b2de3b755e288e9cf6f6e6b4d1536b9e36fe837ffb5790ab47cf4375e8a827,62db2e43871754c8990dc21b49e9bbb7c25544d26507c0d4ef3674203c764feb,5d090acc39ba6b337c1c06d4571baffbcc16f0b2f13ec825dff1e553269ef853,N_sixdist_s23_f0_lr0.001,43e45c186a76eb0a7ec253ba3282c8d39fe02dadde97fdcbd2a102ff0966afbc,dc51395f55d748d66d80ec7911c22d9f0156f10a0555b11db1acc1e64850d704,191,192,512,1407,422100,300,620ea1dc1e443dc6c238317463dc64ab3a9ae05fb592743f3a7d67d7ce17262c,d164ad5aa2ce5cddc59b090809ccdf258a142a0ebe45712102a4c410fef64b5d,82461e4d28691b5a3f76cac317a7bde90a5123c8b0ad8230422abc74e2e16326,10dfdb81f8d4e94b6c79fe77873ee10c1c43c43b752debce9aaf7641d2402843,fd0b415d4995c8ff6b61d5f15fd84a08191887a08a37ecd0fc53bb9453bf23c6,0.8930405229330063,0.5378356387306753,0.7550854353132628,0.7778681855166802
warm_N_sixdist_s23_f25_preserve_flip_balanced_lr0.003,warm,N,sixdist,23,25,preserve_flip_balanced,lr0.003,adam,0.003,,300,0.5641719698905945,1.0499167442321777,0.001953125,0.01463724859058857,62db2e43871754c8990dc21b49e9bbb7c25544d26507c0d4ef3674203c764feb,ea40ee514f56e63fc8bfd8dfc33d1bfbad61d5c72453e2ae73761833fa121269,f3d61c29c5932b65b56be6899566d0d99044a3e91d0a8d6dac04b617c51d66aa,62db2e43871754c8990dc21b49e9bbb7c25544d26507c0d4ef3674203c764feb,5d090acc39ba6b337c1c06d4571baffbcc16f0b2f13ec825dff1e553269ef853,N_sixdist_s23_f0_lr0.001,8f91e1a3f52eb0f3ab16ea1a32b3c7fbdfddcd1bc93ea522383531c1b6b7a181,dc51395f55d748d66d80ec7911c22d9f0156f10a0555b11db1acc1e64850d704,191,192,512,1407,422100,300,620ea1dc1e443dc6c238317463dc64ab3a9ae05fb592743f3a7d67d7ce17262c,d164ad5aa2ce5cddc59b090809ccdf258a142a0ebe45712102a4c410fef64b5d,82461e4d28691b5a3f76cac317a7bde90a5123c8b0ad8230422abc74e2e16326,10dfdb81f8d4e94b6c79fe77873ee10c1c43c43b752debce9aaf7641d2402843,fd0b415d4995c8ff6b61d5f15fd84a08191887a08a37ecd0fc53bb9453bf23c6,0.9328249543905258,0.531326281529699,0.7575264442636289,0.7713588283157038
warm_N_sixdist_s23_f25_preserve_flip_balanced_lr0.01,warm,N,sixdist,23,25,preserve_flip_balanced,lr0.01,adam,0.01,,300,0.4198998808860779,1.0499167442321777,0.001953125,0.01554838940501213,62db2e43871754c8990dc21b49e9bbb7c25544d26507c0d4ef3674203c764feb,ea40ee514f56e63fc8bfd8dfc33d1bfbad61d5c72453e2ae73761833fa121269,436af3a29d81a5489c12feb9588cabf337918f5623c70cbf0e14124c44a5d453,62db2e43871754c8990dc21b49e9bbb7c25544d26507c0d4ef3674203c764feb,5d090acc39ba6b337c1c06d4571baffbcc16f0b2f13ec825dff1e553269ef853,N_sixdist_s23_f0_lr0.001,09af32a2d6adf4715cff3422a2c5605d89ae7f4e5d9dbc8504e193a4d806d94c,dc51395f55d748d66d80ec7911c22d9f0156f10a0555b11db1acc1e64850d704,191,192,512,1407,422100,300,620ea1dc1e443dc6c238317463dc64ab3a9ae05fb592743f3a7d67d7ce17262c,d164ad5aa2ce5cddc59b090809ccdf258a142a0ebe45712102a4c410fef64b5d,82461e4d28691b5a3f76cac317a7bde90a5123c8b0ad8230422abc74e2e16326,10dfdb81f8d4e94b6c79fe77873ee10c1c43c43b752debce9aaf7641d2402843,fd0b415d4995c8ff6b61d5f15fd84a08191887a08a37ecd0fc53bb9453bf23c6,0.8895680829882622,0.5524816924328723,0.7640358014646054,0.7876322213181448
warm_N_sixdist_s23_f25_protection_lr0.001,warm,N,sixdist,23,25,protection,lr0.001,adam,0.001,,300,0.2634446322917938,1.0499167442321777,0.005859375,0.13084536790847778,62db2e43871754c8990dc21b49e9bbb7c25544d26507c0d4ef3674203c764feb,ea40ee514f56e63fc8bfd8dfc33d1bfbad61d5c72453e2ae73761833fa121269,07c7556bb21ad6cabac71abe211823baccb31c2e53987b1f88c08fd820a8ba1c,62db2e43871754c8990dc21b49e9bbb7c25544d26507c0d4ef3674203c764feb,5d090acc39ba6b337c1c06d4571baffbcc16f0b2f13ec825dff1e553269ef853,N_sixdist_s23_f0_lr0.001,f3142d4e42e81fb7af4a317c3f82143a4b7d1b8649a068c4b9d399e16e4f601e,c5db7def0759ab978b103f6d0d9e22bce710ddb79b3b9727082ea763d50041bb,383,0,512,1407,422100,300,620ea1dc1e443dc6c238317463dc64ab3a9ae05fb592743f3a7d67d7ce17262c,d164ad5aa2ce5cddc59b090809ccdf258a142a0ebe45712102a4c410fef64b5d,82461e4d28691b5a3f76cac317a7bde90a5123c8b0ad8230422abc74e2e16326,10dfdb81f8d4e94b6c79fe77873ee10c1c43c43b752debce9aaf7641d2402843,fd0b415d4995c8ff6b61d5f15fd84a08191887a08a37ecd0fc53bb9453bf23c6,0.897574357688427,0.5858421480878763,0.7428803905614321,0.8397070789259561
warm_N_sixdist_s23_f25_protection_lr0.003,warm,N,sixdist,23,25,protection,lr0.003,adam,0.003,,300,0.3150225579738617,1.0499167442321777,0.001953125,0.05191224440932274,62db2e43871754c8990dc21b49e9bbb7c25544d26507c0d4ef3674203c764feb,ea40ee514f56e63fc8bfd8dfc33d1bfbad61d5c72453e2ae73761833fa121269,42ba5f35d1258de5537aa9b5037f6c525f75651218b5c2518154e25de32cbbfd,62db2e43871754c8990dc21b49e9bbb7c25544d26507c0d4ef3674203c764feb,5d090acc39ba6b337c1c06d4571baffbcc16f0b2f13ec825dff1e553269ef853,N_sixdist_s23_f0_lr0.001,43b8551a6b8c222719e1d414960ed6b3b7920efc27287e2fad314d290f02f90f,c5db7def0759ab978b103f6d0d9e22bce710ddb79b3b9727082ea763d50041bb,383,0,512,1407,422100,300,620ea1dc1e443dc6c238317463dc64ab3a9ae05fb592743f3a7d67d7ce17262c,d164ad5aa2ce5cddc59b090809ccdf258a142a0ebe45712102a4c410fef64b5d,82461e4d28691b5a3f76cac317a7bde90a5123c8b0ad8230422abc74e2e16326,10dfdb81f8d4e94b6c79fe77873ee10c1c43c43b752debce9aaf7641d2402843,fd0b415d4995c8ff6b61d5f15fd84a08191887a08a37ecd0fc53bb9453bf23c6,0.9437206387519836,0.5923515052888527,0.758340113913751,0.8331977217249796
warm_N_sixdist_s23_f25_protection_lr0.01,warm,N,sixdist,23,25,protection,lr0.01,adam,0.01,,300,0.35919201374053955,1.0499167442321777,0.001953125,0.06438156217336655,62db2e43871754c8990dc21b49e9bbb7c25544d26507c0d4ef3674203c764feb,ea40ee514f56e63fc8bfd8dfc33d1bfbad61d5c72453e2ae73761833fa121269,ad0dddbb602fae0929dda9cb7b71613e607731db49321b848e29e194f2f5703c,62db2e43871754c8990dc21b49e9bbb7c25544d26507c0d4ef3674203c764feb,5d090acc39ba6b337c1c06d4571baffbcc16f0b2f13ec825dff1e553269ef853,N_sixdist_s23_f0_lr0.001,30045fa994fce4206394b6c587defae45a042d61a271ca997dee12f5c4e29559,c5db7def0759ab978b103f6d0d9e22bce710ddb79b3b9727082ea763d50041bb,383,0,512,1407,422100,300,620ea1dc1e443dc6c238317463dc64ab3a9ae05fb592743f3a7d67d7ce17262c,d164ad5aa2ce5cddc59b090809ccdf258a142a0ebe45712102a4c410fef64b5d,82461e4d28691b5a3f76cac317a7bde90a5123c8b0ad8230422abc74e2e16326,10dfdb81f8d4e94b6c79fe77873ee10c1c43c43b752debce9aaf7641d2402843,fd0b415d4995c8ff6b61d5f15fd84a08191887a08a37ecd0fc53bb9453bf23c6,0.9020763263106346,0.6232709519934907,0.7819365337672904,0.838893409275834
warm_N_sixdist_s47_f0_hard_replay_lr0.001,warm,N,sixdist,47,0,hard_replay,lr0.001,adam,0.001,,300,1.897400975227356,1.0430783033370972,0.0,7.148278382373974e-05,f79f16a0cce955ebfd124f6e4065724fbcfb5470559a332de41a4e582aed71b8,208adfdb02c6fd578a1a7d9b39a17503c1f2eb46c008c370ca0bae8db3a47952,831ddf285312e2cc82115e1abaeaba8842924df54fbac17efdd90a742c03ec8e,f79f16a0cce955ebfd124f6e4065724fbcfb5470559a332de41a4e582aed71b8,1796cacec0ae2d0554634d186e598046e97d45c9f839739bda371a9f5d01aa7e,N_sixdist_s47_f0_lr0.001,381a170c1e201ceef2c347ea2f297b3b8ce17fbf18c5ab2692268ed27d6e3e22,790f8caa42139d3f5be041b38cbaaf690c88d1b3e6450af9490fabba88e82596,0,0,512,1024,307200,300,620ea1dc1e443dc6c238317463dc64ab3a9ae05fb592743f3a7d67d7ce17262c,d164ad5aa2ce5cddc59b090809ccdf258a142a0ebe45712102a4c410fef64b5d,82461e4d28691b5a3f76cac317a7bde90a5123c8b0ad8230422abc74e2e16326,10dfdb81f8d4e94b6c79fe77873ee10c1c43c43b752debce9aaf7641d2402843,fd0b415d4995c8ff6b61d5f15fd84a08191887a08a37ecd0fc53bb9453bf23c6,0.8814222514629364,0.29292107404393813,0.7689178193653377,0.5223759153783564
warm_N_sixdist_s47_f0_hard_replay_lr0.003,warm,N,sixdist,47,0,hard_replay,lr0.003,adam,0.003,,300,1.87282133102417,1.0430783033370972,0.0,8.925708971219137e-05,f79f16a0cce955ebfd124f6e4065724fbcfb5470559a332de41a4e582aed71b8,208adfdb02c6fd578a1a7d9b39a17503c1f2eb46c008c370ca0bae8db3a47952,8572d7cd3ad37fbfab10872d98666550b0c1c2f04be13a16b2a46b4ccd15a094,f79f16a0cce955ebfd124f6e4065724fbcfb5470559a332de41a4e582aed71b8,1796cacec0ae2d0554634d186e598046e97d45c9f839739bda371a9f5d01aa7e,N_sixdist_s47_f0_lr0.001,3ab198ef4fed461e0a597f8f594770f48dfa54f038b2c1e8b2be8d28d3e96c01,790f8caa42139d3f5be041b38cbaaf690c88d1b3e6450af9490fabba88e82596,0,0,512,1024,307200,300,620ea1dc1e443dc6c238317463dc64ab3a9ae05fb592743f3a7d67d7ce17262c,d164ad5aa2ce5cddc59b090809ccdf258a142a0ebe45712102a4c410fef64b5d,82461e4d28691b5a3f76cac317a7bde90a5123c8b0ad8230422abc74e2e16326,10dfdb81f8d4e94b6c79fe77873ee10c1c43c43b752debce9aaf7641d2402843,fd0b415d4995c8ff6b61d5f15fd84a08191887a08a37ecd0fc53bb9453bf23c6,0.8460011407732964,0.290480065093572,0.7640358014646054,0.5248169243287225
warm_N_sixdist_s47_f0_hard_replay_lr0.01,warm,N,sixdist,47,0,hard_replay,lr0.01,adam,0.01,,300,1.516249418258667,1.0430783033370972,0.0,0.0006309023010544479,f79f16a0cce955ebfd124f6e4065724fbcfb5470559a332de41a4e582aed71b8,208adfdb02c6fd578a1a7d9b39a17503c1f2eb46c008c370ca0bae8db3a47952,0adb13ed11c6b00b84807a5446288e0177a58fdb2f1ffd1e5a0767adaa4e909c,f79f16a0cce955ebfd124f6e4065724fbcfb5470559a332de41a4e582aed71b8,1796cacec0ae2d0554634d186e598046e97d45c9f839739bda371a9f5d01aa7e,N_sixdist_s47_f0_lr0.001,ca4822ffa10a9fa493f98c4b5720c176c67bfb71b76527e02b013a96635c389e,790f8caa42139d3f5be041b38cbaaf690c88d1b3e6450af9490fabba88e82596,0,0,512,1024,307200,300,620ea1dc1e443dc6c238317463dc64ab3a9ae05fb592743f3a7d67d7ce17262c,d164ad5aa2ce5cddc59b090809ccdf258a142a0ebe45712102a4c410fef64b5d,82461e4d28691b5a3f76cac317a7bde90a5123c8b0ad8230422abc74e2e16326,10dfdb81f8d4e94b6c79fe77873ee10c1c43c43b752debce9aaf7641d2402843,fd0b415d4995c8ff6b61d5f15fd84a08191887a08a37ecd0fc53bb9453bf23c6,0.7742522731423378,0.2855980471928397,0.7835638730675346,0.500406834825061
warm_N_sixdist_s47_f0_plain_adam_lr0.0005_steps600,warm,N,sixdist,47,0,plain,adam_lr0.0005_steps600,adam,0.0005,,600,2.015383243560791,1.0430783033370972,0.0,1.3078479241812602e-05,f79f16a0cce955ebfd124f6e4065724fbcfb5470559a332de41a4e582aed71b8,208adfdb02c6fd578a1a7d9b39a17503c1f2eb46c008c370ca0bae8db3a47952,7810f6e10e3c4dfb9f2acdfd370cf1e59c35c633946b7c985779c5bb5ed26cd7,f79f16a0cce955ebfd124f6e4065724fbcfb5470559a332de41a4e582aed71b8,1796cacec0ae2d0554634d186e598046e97d45c9f839739bda371a9f5d01aa7e,N_sixdist_s47_f0_lr0.001,975204bd03e62d7ce4092a3ad6ee3a3b662c7e77cf93f384be9cd61734098db2,790f8caa42139d3f5be041b38cbaaf690c88d1b3e6450af9490fabba88e82596,0,0,512,1024,614400,600,620ea1dc1e443dc6c238317463dc64ab3a9ae05fb592743f3a7d67d7ce17262c,d164ad5aa2ce5cddc59b090809ccdf258a142a0ebe45712102a4c410fef64b5d,82461e4d28691b5a3f76cac317a7bde90a5123c8b0ad8230422abc74e2e16326,10dfdb81f8d4e94b6c79fe77873ee10c1c43c43b752debce9aaf7641d2402843,fd0b415d4995c8ff6b61d5f15fd84a08191887a08a37ecd0fc53bb9453bf23c6,1.5607040002942085,0.2912937347436941,0.7681041497152156,0.5215622457282343
warm_N_sixdist_s47_f0_plain_lr0.001,warm,N,sixdist,47,0,plain,lr0.001,adam,0.001,,300,1.8972644805908203,1.0430783033370972,0.0,3.5751392715610564e-05,f79f16a0cce955ebfd124f6e4065724fbcfb5470559a332de41a4e582aed71b8,208adfdb02c6fd578a1a7d9b39a17503c1f2eb46c008c370ca0bae8db3a47952,8b1c5aec667dfc141a10d6d4f228bfd5d9cf6b3ca431e8d4db0913118617bd25,f79f16a0cce955ebfd124f6e4065724fbcfb5470559a332de41a4e582aed71b8,1796cacec0ae2d0554634d186e598046e97d45c9f839739bda371a9f5d01aa7e,N_sixdist_s47_f0_lr0.001,4cafbcd2f3c6a22d22ba6714fe77700952f66161389e08a53b0e68575aa90e80,790f8caa42139d3f5be041b38cbaaf690c88d1b3e6450af9490fabba88e82596,0,0,512,1024,307200,300,620ea1dc1e443dc6c238317463dc64ab3a9ae05fb592743f3a7d67d7ce17262c,d164ad5aa2ce5cddc59b090809ccdf258a142a0ebe45712102a4c410fef64b5d,82461e4d28691b5a3f76cac317a7bde90a5123c8b0ad8230422abc74e2e16326,10dfdb81f8d4e94b6c79fe77873ee10c1c43c43b752debce9aaf7641d2402843,fd0b415d4995c8ff6b61d5f15fd84a08191887a08a37ecd0fc53bb9453bf23c6,0.7897914871573448,0.29292107404393813,0.7689178193653377,0.5223759153783564
warm_N_sixdist_s47_f0_plain_lr0.003,warm,N,sixdist,47,0,plain,lr0.003,adam,0.003,,300,1.872882604598999,1.0430783033370972,0.0,4.4613723730435595e-05,f79f16a0cce955ebfd124f6e4065724fbcfb5470559a332de41a4e582aed71b8,208adfdb02c6fd578a1a7d9b39a17503c1f2eb46c008c370ca0bae8db3a47952,7edc68fb811a430ec084c25cd16e4d72c2f683188e42684a0425590c7e6f888b,f79f16a0cce955ebfd124f6e4065724fbcfb5470559a332de41a4e582aed71b8,1796cacec0ae2d0554634d186e598046e97d45c9f839739bda371a9f5d01aa7e,N_sixdist_s47_f0_lr0.001,6d9deb93215aed103ea9df80ec047dc373118ea59c0ef923231470bfd63e73f6,790f8caa42139d3f5be041b38cbaaf690c88d1b3e6450af9490fabba88e82596,0,0,512,1024,307200,300,620ea1dc1e443dc6c238317463dc64ab3a9ae05fb592743f3a7d67d7ce17262c,d164ad5aa2ce5cddc59b090809ccdf258a142a0ebe45712102a4c410fef64b5d,82461e4d28691b5a3f76cac317a7bde90a5123c8b0ad8230422abc74e2e16326,10dfdb81f8d4e94b6c79fe77873ee10c1c43c43b752debce9aaf7641d2402843,fd0b415d4995c8ff6b61d5f15fd84a08191887a08a37ecd0fc53bb9453bf23c6,0.7418064847588539,0.290480065093572,0.7640358014646054,0.5248169243287225
warm_N_sixdist_s47_f0_plain_lr0.01,warm,N,sixdist,47,0,plain,lr0.01,adam,0.01,,300,1.515733003616333,1.0430783033370972,0.0,0.00031552952714264393,f79f16a0cce955ebfd124f6e4065724fbcfb5470559a332de41a4e582aed71b8,208adfdb02c6fd578a1a7d9b39a17503c1f2eb46c008c370ca0bae8db3a47952,15d38ab38bfdf8eac44541868ed219bc3357f4ba8299a958fde74c9a30cafb8b,f79f16a0cce955ebfd124f6e4065724fbcfb5470559a332de41a4e582aed71b8,1796cacec0ae2d0554634d186e598046e97d45c9f839739bda371a9f5d01aa7e,N_sixdist_s47_f0_lr0.001,221253e1715d4880d0f9a73febb7a9971bc0c638a0f77aee84b96bcfb2bb271a,790f8caa42139d3f5be041b38cbaaf690c88d1b3e6450af9490fabba88e82596,0,0,512,1024,307200,300,620ea1dc1e443dc6c238317463dc64ab3a9ae05fb592743f3a7d67d7ce17262c,d164ad5aa2ce5cddc59b090809ccdf258a142a0ebe45712102a4c410fef64b5d,82461e4d28691b5a3f76cac317a7bde90a5123c8b0ad8230422abc74e2e16326,10dfdb81f8d4e94b6c79fe77873ee10c1c43c43b752debce9aaf7641d2402843,fd0b415d4995c8ff6b61d5f15fd84a08191887a08a37ecd0fc53bb9453bf23c6,0.7211396545171738,0.2847843775427177,0.7827502034174125,0.500406834825061
warm_N_sixdist_s47_f0_plain_sgd_m09_lr0.003,warm,N,sixdist,47,0,plain,sgd_m09_lr0.003,sgd,0.003,0.9,300,1.0830591917037964,1.0430783033370972,0.0,0.0017542745918035507,f79f16a0cce955ebfd124f6e4065724fbcfb5470559a332de41a4e582aed71b8,208adfdb02c6fd578a1a7d9b39a17503c1f2eb46c008c370ca0bae8db3a47952,76aeea4ca936ce71e27c5b063c5633f9cd949094e1dababdf911b0ba1c846b27,f79f16a0cce955ebfd124f6e4065724fbcfb5470559a332de41a4e582aed71b8,1796cacec0ae2d0554634d186e598046e97d45c9f839739bda371a9f5d01aa7e,N_sixdist_s47_f0_lr0.001,f32d9f9a1ac2f4835eb0f6faf107f63c8b6863b1cde42225dc3382c1e5d88418,790f8caa42139d3f5be041b38cbaaf690c88d1b3e6450af9490fabba88e82596,0,0,512,1024,307200,300,620ea1dc1e443dc6c238317463dc64ab3a9ae05fb592743f3a7d67d7ce17262c,d164ad5aa2ce5cddc59b090809ccdf258a142a0ebe45712102a4c410fef64b5d,82461e4d28691b5a3f76cac317a7bde90a5123c8b0ad8230422abc74e2e16326,10dfdb81f8d4e94b6c79fe77873ee10c1c43c43b752debce9aaf7641d2402843,fd0b415d4995c8ff6b61d5f15fd84a08191887a08a37ecd0fc53bb9453bf23c6,0.6069716140627861,0.290480065093572,0.7721724979658259,0.5174938974776241
warm_N_sixdist_s47_f0_plain_sgd_m09_lr0.01,warm,N,sixdist,47,0,plain,sgd_m09_lr0.01,sgd,0.01,0.9,300,1.1568024158477783,1.0430783033370972,0.0,0.0012232145527377725,f79f16a0cce955ebfd124f6e4065724fbcfb5470559a332de41a4e582aed71b8,208adfdb02c6fd578a1a7d9b39a17503c1f2eb46c008c370ca0bae8db3a47952,876ee0336e113b2489234473b76ac67df93045260bdf7dbbb78ae43725b7290d,f79f16a0cce955ebfd124f6e4065724fbcfb5470559a332de41a4e582aed71b8,1796cacec0ae2d0554634d186e598046e97d45c9f839739bda371a9f5d01aa7e,N_sixdist_s47_f0_lr0.001,4390d5b3a942f3ca6d7346ed3d797d2165a21e8f07f47c28618a1b692b5aefc0,790f8caa42139d3f5be041b38cbaaf690c88d1b3e6450af9490fabba88e82596,0,0,512,1024,307200,300,620ea1dc1e443dc6c238317463dc64ab3a9ae05fb592743f3a7d67d7ce17262c,d164ad5aa2ce5cddc59b090809ccdf258a142a0ebe45712102a4c410fef64b5d,82461e4d28691b5a3f76cac317a7bde90a5123c8b0ad8230422abc74e2e16326,10dfdb81f8d4e94b6c79fe77873ee10c1c43c43b752debce9aaf7641d2402843,fd0b415d4995c8ff6b61d5f15fd84a08191887a08a37ecd0fc53bb9453bf23c6,0.6030835285782814,0.28803905614320585,0.7721724979658259,0.515052888527258
warm_N_sixdist_s47_f0_preserve_flip_balanced_lr0.001,warm,N,sixdist,47,0,preserve_flip_balanced,lr0.001,adam,0.001,,300,1.8972644805908203,1.0430783033370972,0.0,3.5751392715610564e-05,f79f16a0cce955ebfd124f6e4065724fbcfb5470559a332de41a4e582aed71b8,208adfdb02c6fd578a1a7d9b39a17503c1f2eb46c008c370ca0bae8db3a47952,8b1c5aec667dfc141a10d6d4f228bfd5d9cf6b3ca431e8d4db0913118617bd25,f79f16a0cce955ebfd124f6e4065724fbcfb5470559a332de41a4e582aed71b8,1796cacec0ae2d0554634d186e598046e97d45c9f839739bda371a9f5d01aa7e,N_sixdist_s47_f0_lr0.001,e31b1949e1b730f5b72bccd6e253425cd64165c803108b6cb0b1d763d0a2d196,790f8caa42139d3f5be041b38cbaaf690c88d1b3e6450af9490fabba88e82596,0,0,512,1024,307200,300,620ea1dc1e443dc6c238317463dc64ab3a9ae05fb592743f3a7d67d7ce17262c,d164ad5aa2ce5cddc59b090809ccdf258a142a0ebe45712102a4c410fef64b5d,82461e4d28691b5a3f76cac317a7bde90a5123c8b0ad8230422abc74e2e16326,10dfdb81f8d4e94b6c79fe77873ee10c1c43c43b752debce9aaf7641d2402843,fd0b415d4995c8ff6b61d5f15fd84a08191887a08a37ecd0fc53bb9453bf23c6,0.7556904777884483,0.29292107404393813,0.7689178193653377,0.5223759153783564
warm_N_sixdist_s47_f0_preserve_flip_balanced_lr0.003,warm,N,sixdist,47,0,preserve_flip_balanced,lr0.003,adam,0.003,,300,1.872882604598999,1.0430783033370972,0.0,4.4613723730435595e-05,f79f16a0cce955ebfd124f6e4065724fbcfb5470559a332de41a4e582aed71b8,208adfdb02c6fd578a1a7d9b39a17503c1f2eb46c008c370ca0bae8db3a47952,7edc68fb811a430ec084c25cd16e4d72c2f683188e42684a0425590c7e6f888b,f79f16a0cce955ebfd124f6e4065724fbcfb5470559a332de41a4e582aed71b8,1796cacec0ae2d0554634d186e598046e97d45c9f839739bda371a9f5d01aa7e,N_sixdist_s47_f0_lr0.001,9f21ac2cf0be88953d7f2d8c98c994989640bc5b8f006f84e7067e50ed01ae47,790f8caa42139d3f5be041b38cbaaf690c88d1b3e6450af9490fabba88e82596,0,0,512,1024,307200,300,620ea1dc1e443dc6c238317463dc64ab3a9ae05fb592743f3a7d67d7ce17262c,d164ad5aa2ce5cddc59b090809ccdf258a142a0ebe45712102a4c410fef64b5d,82461e4d28691b5a3f76cac317a7bde90a5123c8b0ad8230422abc74e2e16326,10dfdb81f8d4e94b6c79fe77873ee10c1c43c43b752debce9aaf7641d2402843,fd0b415d4995c8ff6b61d5f15fd84a08191887a08a37ecd0fc53bb9453bf23c6,0.7504674941301346,0.290480065093572,0.7640358014646054,0.5248169243287225
warm_N_sixdist_s47_f0_preserve_flip_balanced_lr0.01,warm,N,sixdist,47,0,preserve_flip_balanced,lr0.01,adam,0.01,,300,1.515733003616333,1.0430783033370972,0.0,0.00031552952714264393,f79f16a0cce955ebfd124f6e4065724fbcfb5470559a332de41a4e582aed71b8,208adfdb02c6fd578a1a7d9b39a17503c1f2eb46c008c370ca0bae8db3a47952,15d38ab38bfdf8eac44541868ed219bc3357f4ba8299a958fde74c9a30cafb8b,f79f16a0cce955ebfd124f6e4065724fbcfb5470559a332de41a4e582aed71b8,1796cacec0ae2d0554634d186e598046e97d45c9f839739bda371a9f5d01aa7e,N_sixdist_s47_f0_lr0.001,02feefbaf1c8333aa5ba46f33eed908bb2432c6a429ebd2f345d45b95f81cf29,790f8caa42139d3f5be041b38cbaaf690c88d1b3e6450af9490fabba88e82596,0,0,512,1024,307200,300,620ea1dc1e443dc6c238317463dc64ab3a9ae05fb592743f3a7d67d7ce17262c,d164ad5aa2ce5cddc59b090809ccdf258a142a0ebe45712102a4c410fef64b5d,82461e4d28691b5a3f76cac317a7bde90a5123c8b0ad8230422abc74e2e16326,10dfdb81f8d4e94b6c79fe77873ee10c1c43c43b752debce9aaf7641d2402843,fd0b415d4995c8ff6b61d5f15fd84a08191887a08a37ecd0fc53bb9453bf23c6,0.7200827151536942,0.2847843775427177,0.7827502034174125,0.500406834825061
warm_N_sixdist_s47_f0_protection_lr0.001,warm,N,sixdist,47,0,protection,lr0.001,adam,0.001,,300,1.1572842597961426,1.0430783033370972,0.0,0.012165145017206669,f79f16a0cce955ebfd124f6e4065724fbcfb5470559a332de41a4e582aed71b8,208adfdb02c6fd578a1a7d9b39a17503c1f2eb46c008c370ca0bae8db3a47952,0f9e4f851aeec41fad3eb29876de890576e84b1b67a73ef20530dad3ed7aafff,f79f16a0cce955ebfd124f6e4065724fbcfb5470559a332de41a4e582aed71b8,1796cacec0ae2d0554634d186e598046e97d45c9f839739bda371a9f5d01aa7e,N_sixdist_s47_f0_lr0.001,44da925cbf885f4702cfbce9afd5cb88065d19027f0f488db984cd8e5afde9eb,790f8caa42139d3f5be041b38cbaaf690c88d1b3e6450af9490fabba88e82596,0,0,512,1024,307200,300,620ea1dc1e443dc6c238317463dc64ab3a9ae05fb592743f3a7d67d7ce17262c,d164ad5aa2ce5cddc59b090809ccdf258a142a0ebe45712102a4c410fef64b5d,82461e4d28691b5a3f76cac317a7bde90a5123c8b0ad8230422abc74e2e16326,10dfdb81f8d4e94b6c79fe77873ee10c1c43c43b752debce9aaf7641d2402843,fd0b415d4995c8ff6b61d5f15fd84a08191887a08a37ecd0fc53bb9453bf23c6,0.7327271029353142,0.28315703824247357,0.7681041497152156,0.5142392188771359
warm_N_sixdist_s47_f0_protection_lr0.003,warm,N,sixdist,47,0,protection,lr0.003,adam,0.003,,300,1.1798057556152344,1.0430783033370972,0.0,0.012172987684607506,f79f16a0cce955ebfd124f6e4065724fbcfb5470559a332de41a4e582aed71b8,208adfdb02c6fd578a1a7d9b39a17503c1f2eb46c008c370ca0bae8db3a47952,974113c9461988073b3122d8d6f96abe336718d01c5b1ecdee09f537b49556fb,f79f16a0cce955ebfd124f6e4065724fbcfb5470559a332de41a4e582aed71b8,1796cacec0ae2d0554634d186e598046e97d45c9f839739bda371a9f5d01aa7e,N_sixdist_s47_f0_lr0.001,28e3a391b2396f8293d186db6d50c36e97c91f5ef3c45f62fcaa2814c9f6382a,790f8caa42139d3f5be041b38cbaaf690c88d1b3e6450af9490fabba88e82596,0,0,512,1024,307200,300,620ea1dc1e443dc6c238317463dc64ab3a9ae05fb592743f3a7d67d7ce17262c,d164ad5aa2ce5cddc59b090809ccdf258a142a0ebe45712102a4c410fef64b5d,82461e4d28691b5a3f76cac317a7bde90a5123c8b0ad8230422abc74e2e16326,10dfdb81f8d4e94b6c79fe77873ee10c1c43c43b752debce9aaf7641d2402843,fd0b415d4995c8ff6b61d5f15fd84a08191887a08a37ecd0fc53bb9453bf23c6,0.7945952191948891,0.2847843775427177,0.7672904800650936,0.5174938974776241
warm_N_sixdist_s47_f0_protection_lr0.01,warm,N,sixdist,47,0,protection,lr0.01,adam,0.01,,300,1.2480260133743286,1.0430783033370972,0.0,0.012306843884289265,f79f16a0cce955ebfd124f6e4065724fbcfb5470559a332de41a4e582aed71b8,208adfdb02c6fd578a1a7d9b39a17503c1f2eb46c008c370ca0bae8db3a47952,3c8a524bf397ee57caa8c378163b40c7fee80cc43fc63d904359e2e7a14e18c5,f79f16a0cce955ebfd124f6e4065724fbcfb5470559a332de41a4e582aed71b8,1796cacec0ae2d0554634d186e598046e97d45c9f839739bda371a9f5d01aa7e,N_sixdist_s47_f0_lr0.001,c62a44e55a0267a84d4235928df7657b0dd2d444c7b931b828af2f8fe9464617,790f8caa42139d3f5be041b38cbaaf690c88d1b3e6450af9490fabba88e82596,0,0,512,1024,307200,300,620ea1dc1e443dc6c238317463dc64ab3a9ae05fb592743f3a7d67d7ce17262c,d164ad5aa2ce5cddc59b090809ccdf258a142a0ebe45712102a4c410fef64b5d,82461e4d28691b5a3f76cac317a7bde90a5123c8b0ad8230422abc74e2e16326,10dfdb81f8d4e94b6c79fe77873ee10c1c43c43b752debce9aaf7641d2402843,fd0b415d4995c8ff6b61d5f15fd84a08191887a08a37ecd0fc53bb9453bf23c6,0.7876758426427841,0.28315703824247357,0.7835638730675346,0.49877949552481693
warm_N_sixdist_s47_f100_hard_replay_lr0.001,warm,N,sixdist,47,100,hard_replay,lr0.001,adam,0.001,,300,0.1475786566734314,1.0430783033370972,0.00390625,0.12975844740867615,f79f16a0cce955ebfd124f6e4065724fbcfb5470559a332de41a4e582aed71b8,208adfdb02c6fd578a1a7d9b39a17503c1f2eb46c008c370ca0bae8db3a47952,53e48873ed04aaedd4a548426d96e3dfb3023f413ae4639ea1fbc81e1608d760,f79f16a0cce955ebfd124f6e4065724fbcfb5470559a332de41a4e582aed71b8,1796cacec0ae2d0554634d186e598046e97d45c9f839739bda371a9f5d01aa7e,N_sixdist_s47_f0_lr0.001,8d9b3b8c4317234b58bf509ee794e7e9e79ad6bdac0299870b7a85254823d35b,14b2df168c379b62fb0477d35a6c4addcf05a99e9750f16ad27faf739e7920fd,1534,0,512,2558,767400,300,620ea1dc1e443dc6c238317463dc64ab3a9ae05fb592743f3a7d67d7ce17262c,d164ad5aa2ce5cddc59b090809ccdf258a142a0ebe45712102a4c410fef64b5d,82461e4d28691b5a3f76cac317a7bde90a5123c8b0ad8230422abc74e2e16326,10dfdb81f8d4e94b6c79fe77873ee10c1c43c43b752debce9aaf7641d2402843,fd0b415d4995c8ff6b61d5f15fd84a08191887a08a37ecd0fc53bb9453bf23c6,1.1214897483587265,0.6159479251423922,0.7477624084621644,0.8673718470301057
warm_N_sixdist_s47_f100_hard_replay_lr0.003,warm,N,sixdist,47,100,hard_replay,lr0.003,adam,0.003,,300,0.16875115036964417,1.0430783033370972,0.001953125,0.04999719560146332,f79f16a0cce955ebfd124f6e4065724fbcfb5470559a332de41a4e582aed71b8,208adfdb02c6fd578a1a7d9b39a17503c1f2eb46c008c370ca0bae8db3a47952,9e97b592af133977b05c727e9ce934642f1aa315cc13a16300367ce4872513ba,f79f16a0cce955ebfd124f6e4065724fbcfb5470559a332de41a4e582aed71b8,1796cacec0ae2d0554634d186e598046e97d45c9f839739bda371a9f5d01aa7e,N_sixdist_s47_f0_lr0.001,dfb0ec622ac81eccc5ebee7b06ce95c77c1ed9e3cd948aa853b1f1dffc4a0754,14b2df168c379b62fb0477d35a6c4addcf05a99e9750f16ad27faf739e7920fd,1534,0,512,2558,767400,300,620ea1dc1e443dc6c238317463dc64ab3a9ae05fb592743f3a7d67d7ce17262c,d164ad5aa2ce5cddc59b090809ccdf258a142a0ebe45712102a4c410fef64b5d,82461e4d28691b5a3f76cac317a7bde90a5123c8b0ad8230422abc74e2e16326,10dfdb81f8d4e94b6c79fe77873ee10c1c43c43b752debce9aaf7641d2402843,fd0b415d4995c8ff6b61d5f15fd84a08191887a08a37ecd0fc53bb9453bf23c6,1.1134260073304176,0.6248982912937348,0.7518307567127747,0.8730675345809601
warm_N_sixdist_s47_f100_hard_replay_lr0.01,warm,N,sixdist,47,100,hard_replay,lr0.01,adam,0.01,,300,0.21905706822872162,1.0430783033370972,0.001953125,0.0780235230922699,f79f16a0cce955ebfd124f6e4065724fbcfb5470559a332de41a4e582aed71b8,208adfdb02c6fd578a1a7d9b39a17503c1f2eb46c008c370ca0bae8db3a47952,b4b9d2444785927c96708acf5402446ba8ec4ce621e12ebe3be32e2f2529317f,f79f16a0cce955ebfd124f6e4065724fbcfb5470559a332de41a4e582aed71b8,1796cacec0ae2d0554634d186e598046e97d45c9f839739bda371a9f5d01aa7e,N_sixdist_s47_f0_lr0.001,a1c6aededaf8386aa5ad2684deb54e4ea7b676e9cadd928d86cd3d066f4cc5f5,14b2df168c379b62fb0477d35a6c4addcf05a99e9750f16ad27faf739e7920fd,1534,0,512,2558,767400,300,620ea1dc1e443dc6c238317463dc64ab3a9ae05fb592743f3a7d67d7ce17262c,d164ad5aa2ce5cddc59b090809ccdf258a142a0ebe45712102a4c410fef64b5d,82461e4d28691b5a3f76cac317a7bde90a5123c8b0ad8230422abc74e2e16326,10dfdb81f8d4e94b6c79fe77873ee10c1c43c43b752debce9aaf7641d2402843,fd0b415d4995c8ff6b61d5f15fd84a08191887a08a37ecd0fc53bb9453bf23c6,1.0944353342056274,0.6550040683482506,0.7949552481692432,0.8592351505288853
warm_N_sixdist_s47_f100_plain_adam_lr0.0005_steps600,warm,N,sixdist,47,100,plain,adam_lr0.0005_steps600,adam,0.0005,,600,0.1452445685863495,1.0430783033370972,0.0078125,0.09386622160673141,f79f16a0cce955ebfd124f6e4065724fbcfb5470559a332de41a4e582aed71b8,208adfdb02c6fd578a1a7d9b39a17503c1f2eb46c008c370ca0bae8db3a47952,7624f0500f3640c92e01a3c705dfff9d63cbf29f4be1f8d99de117a2b1780c0f,f79f16a0cce955ebfd124f6e4065724fbcfb5470559a332de41a4e582aed71b8,1796cacec0ae2d0554634d186e598046e97d45c9f839739bda371a9f5d01aa7e,N_sixdist_s47_f0_lr0.001,fd22660d222cfcb866cc82466764cde896ca050ffbf29088c248091d012ef33d,14b2df168c379b62fb0477d35a6c4addcf05a99e9750f16ad27faf739e7920fd,1534,0,512,2558,1534800,600,620ea1dc1e443dc6c238317463dc64ab3a9ae05fb592743f3a7d67d7ce17262c,d164ad5aa2ce5cddc59b090809ccdf258a142a0ebe45712102a4c410fef64b5d,82461e4d28691b5a3f76cac317a7bde90a5123c8b0ad8230422abc74e2e16326,10dfdb81f8d4e94b6c79fe77873ee10c1c43c43b752debce9aaf7641d2402843,fd0b415d4995c8ff6b61d5f15fd84a08191887a08a37ecd0fc53bb9453bf23c6,2.1052715480327606,0.6143205858421481,0.7428803905614321,0.869812855980472
warm_N_sixdist_s47_f100_plain_lr0.001,warm,N,sixdist,47,100,plain,lr0.001,adam,0.001,,300,0.14488515257835388,1.0430783033370972,0.0078125,0.11499398946762085,f79f16a0cce955ebfd124f6e4065724fbcfb5470559a332de41a4e582aed71b8,208adfdb02c6fd578a1a7d9b39a17503c1f2eb46c008c370ca0bae8db3a47952,3096a018de5bebb7754cd4d6b00abda1b48b4e41d388845d6b08fa990a0c1d9c,f79f16a0cce955ebfd124f6e4065724fbcfb5470559a332de41a4e582aed71b8,1796cacec0ae2d0554634d186e598046e97d45c9f839739bda371a9f5d01aa7e,N_sixdist_s47_f0_lr0.001,52e05272f7de755323333e6da82296a3ee41489ef5310256d3973c8ecff26f79,14b2df168c379b62fb0477d35a6c4addcf05a99e9750f16ad27faf739e7920fd,1534,0,512,2558,767400,300,620ea1dc1e443dc6c238317463dc64ab3a9ae05fb592743f3a7d67d7ce17262c,d164ad5aa2ce5cddc59b090809ccdf258a142a0ebe45712102a4c410fef64b5d,82461e4d28691b5a3f76cac317a7bde90a5123c8b0ad8230422abc74e2e16326,10dfdb81f8d4e94b6c79fe77873ee10c1c43c43b752debce9aaf7641d2402843,fd0b415d4995c8ff6b61d5f15fd84a08191887a08a37ecd0fc53bb9453bf23c6,1.017166294157505,0.5899104963384866,0.7200976403580146,0.8673718470301057
warm_N_sixdist_s47_f100_plain_lr0.003,warm,N,sixdist,47,100,plain,lr0.003,adam,0.003,,300,0.16430316865444183,1.0430783033370972,0.0078125,0.04580254852771759,f79f16a0cce955ebfd124f6e4065724fbcfb5470559a332de41a4e582aed71b8,208adfdb02c6fd578a1a7d9b39a17503c1f2eb46c008c370ca0bae8db3a47952,8774ea5c45c9d4c60a317ecf3693eb0b14c093b69969a8fe3bdcd76ab743b92c,f79f16a0cce955ebfd124f6e4065724fbcfb5470559a332de41a4e582aed71b8,1796cacec0ae2d0554634d186e598046e97d45c9f839739bda371a9f5d01aa7e,N_sixdist_s47_f0_lr0.001,7b42f4de446a1949a5ce717c8aff362ccf40f49b32e0a94cd89471a183d46079,14b2df168c379b62fb0477d35a6c4addcf05a99e9750f16ad27faf739e7920fd,1534,0,512,2558,767400,300,620ea1dc1e443dc6c238317463dc64ab3a9ae05fb592743f3a7d67d7ce17262c,d164ad5aa2ce5cddc59b090809ccdf258a142a0ebe45712102a4c410fef64b5d,82461e4d28691b5a3f76cac317a7bde90a5123c8b0ad8230422abc74e2e16326,10dfdb81f8d4e94b6c79fe77873ee10c1c43c43b752debce9aaf7641d2402843,fd0b415d4995c8ff6b61d5f15fd84a08191887a08a37ecd0fc53bb9453bf23c6,1.023117646574974,0.6240846216436127,0.7477624084621644,0.8755085435313262
warm_N_sixdist_s47_f100_plain_lr0.01,warm,N,sixdist,47,100,plain,lr0.01,adam,0.01,,300,0.18699899315834045,1.0430783033370972,0.005859375,0.10530240088701248,f79f16a0cce955ebfd124f6e4065724fbcfb5470559a332de41a4e582aed71b8,208adfdb02c6fd578a1a7d9b39a17503c1f2eb46c008c370ca0bae8db3a47952,932c7074a81df5c99657321030cabc7ef1c157a5a0d3cc445e66168f6712edf4,f79f16a0cce955ebfd124f6e4065724fbcfb5470559a332de41a4e582aed71b8,1796cacec0ae2d0554634d186e598046e97d45c9f839739bda371a9f5d01aa7e,N_sixdist_s47_f0_lr0.001,09303fbe141e38099af2d61b70b3a5519ad49dbe1b87ba6c9ee238d167fd1afe,14b2df168c379b62fb0477d35a6c4addcf05a99e9750f16ad27faf739e7920fd,1534,0,512,2558,767400,300,620ea1dc1e443dc6c238317463dc64ab3a9ae05fb592743f3a7d67d7ce17262c,d164ad5aa2ce5cddc59b090809ccdf258a142a0ebe45712102a4c410fef64b5d,82461e4d28691b5a3f76cac317a7bde90a5123c8b0ad8230422abc74e2e16326,10dfdb81f8d4e94b6c79fe77873ee10c1c43c43b752debce9aaf7641d2402843,fd0b415d4995c8ff6b61d5f15fd84a08191887a08a37ecd0fc53bb9453bf23c6,1.1098052337765694,0.6403580146460537,0.7737998372660699,0.8649308380797396
warm_N_sixdist_s47_f100_plain_sgd_m09_lr0.003,warm,N,sixdist,47,100,plain,sgd_m09_lr0.003,sgd,0.003,0.9,300,0.14763930439949036,1.0430783033370972,0.0078125,0.09938202798366547,f79f16a0cce955ebfd124f6e4065724fbcfb5470559a332de41a4e582aed71b8,208adfdb02c6fd578a1a7d9b39a17503c1f2eb46c008c370ca0bae8db3a47952,2b2eddd934745846f55fe9902cfd622f2cec38b2d8a5f3d7ae4a9cf5efbc0698,f79f16a0cce955ebfd124f6e4065724fbcfb5470559a332de41a4e582aed71b8,1796cacec0ae2d0554634d186e598046e97d45c9f839739bda371a9f5d01aa7e,N_sixdist_s47_f0_lr0.001,5d03634ae86c9f51f8936da8105b963ee063246b0d49a0085c7992ce4fb2b248,14b2df168c379b62fb0477d35a6c4addcf05a99e9750f16ad27faf739e7920fd,1534,0,512,2558,767400,300,620ea1dc1e443dc6c238317463dc64ab3a9ae05fb592743f3a7d67d7ce17262c,d164ad5aa2ce5cddc59b090809ccdf258a142a0ebe45712102a4c410fef64b5d,82461e4d28691b5a3f76cac317a7bde90a5123c8b0ad8230422abc74e2e16326,10dfdb81f8d4e94b6c79fe77873ee10c1c43c43b752debce9aaf7641d2402843,fd0b415d4995c8ff6b61d5f15fd84a08191887a08a37ecd0fc53bb9453bf23c6,0.9718994125723839,0.5793327908868999,0.7135882831570383,0.8649308380797396
warm_N_sixdist_s47_f100_plain_sgd_m09_lr0.01,warm,N,sixdist,47,100,plain,sgd_m09_lr0.01,sgd,0.01,0.9,300,0.13623620569705963,1.0430783033370972,0.00390625,0.03612112998962402,f79f16a0cce955ebfd124f6e4065724fbcfb5470559a332de41a4e582aed71b8,208adfdb02c6fd578a1a7d9b39a17503c1f2eb46c008c370ca0bae8db3a47952,55edbf3739c0ddf3c30474ea6f76c600b64d278f87fc4fb401104e22b01d4a95,f79f16a0cce955ebfd124f6e4065724fbcfb5470559a332de41a4e582aed71b8,1796cacec0ae2d0554634d186e598046e97d45c9f839739bda371a9f5d01aa7e,N_sixdist_s47_f0_lr0.001,6dc576ddd2855a642579419ea9d138e3be137bbdea0947454f1d805d78cb1097,14b2df168c379b62fb0477d35a6c4addcf05a99e9750f16ad27faf739e7920fd,1534,0,512,2558,767400,300,620ea1dc1e443dc6c238317463dc64ab3a9ae05fb592743f3a7d67d7ce17262c,d164ad5aa2ce5cddc59b090809ccdf258a142a0ebe45712102a4c410fef64b5d,82461e4d28691b5a3f76cac317a7bde90a5123c8b0ad8230422abc74e2e16326,10dfdb81f8d4e94b6c79fe77873ee10c1c43c43b752debce9aaf7641d2402843,fd0b415d4995c8ff6b61d5f15fd84a08191887a08a37ecd0fc53bb9453bf23c6,0.9418304115533829,0.6257119609438568,0.7428803905614321,0.8812042310821806
warm_N_sixdist_s47_f100_preserve_flip_balanced_lr0.001,warm,N,sixdist,47,100,preserve_flip_balanced,lr0.001,adam,0.001,,300,0.15486614406108856,1.0430783033370972,0.0,0.07936037331819534,f79f16a0cce955ebfd124f6e4065724fbcfb5470559a332de41a4e582aed71b8,208adfdb02c6fd578a1a7d9b39a17503c1f2eb46c008c370ca0bae8db3a47952,aab52581d29b63ecf580f8f68f654a5799513c6af0e5405c86bf1aa5ba8e172f,f79f16a0cce955ebfd124f6e4065724fbcfb5470559a332de41a4e582aed71b8,1796cacec0ae2d0554634d186e598046e97d45c9f839739bda371a9f5d01aa7e,N_sixdist_s47_f0_lr0.001,d819cda5beb08b11d89125d390b33187329e049f86b36dccf87b6eda68d54ef6,01763a75e72e1d151262c1030228aaa2b047dfced367505830eeb248d7880c2c,767,767,512,2558,767400,300,620ea1dc1e443dc6c238317463dc64ab3a9ae05fb592743f3a7d67d7ce17262c,d164ad5aa2ce5cddc59b090809ccdf258a142a0ebe45712102a4c410fef64b5d,82461e4d28691b5a3f76cac317a7bde90a5123c8b0ad8230422abc74e2e16326,10dfdb81f8d4e94b6c79fe77873ee10c1c43c43b752debce9aaf7641d2402843,fd0b415d4995c8ff6b61d5f15fd84a08191887a08a37ecd0fc53bb9453bf23c6,1.0097912549972534,0.6094385679414158,0.7941415785191213,0.8136696501220505
warm_N_sixdist_s47_f100_preserve_flip_balanced_lr0.003,warm,N,sixdist,47,100,preserve_flip_balanced,lr0.003,adam,0.003,,300,0.16592510044574738,1.0430783033370972,0.0,0.0358615480363369,f79f16a0cce955ebfd124f6e4065724fbcfb5470559a332de41a4e582aed71b8,208adfdb02c6fd578a1a7d9b39a17503c1f2eb46c008c370ca0bae8db3a47952,fe6e8a935bf1fe380a21ec12558e7095254073ca686dbda657df2809a439c11d,f79f16a0cce955ebfd124f6e4065724fbcfb5470559a332de41a4e582aed71b8,1796cacec0ae2d0554634d186e598046e97d45c9f839739bda371a9f5d01aa7e,N_sixdist_s47_f0_lr0.001,ad0adbdc95b6a1c1cdc838e7125528f6cb280f848d052746d12c8d292c3a987a,01763a75e72e1d151262c1030228aaa2b047dfced367505830eeb248d7880c2c,767,767,512,2558,767400,300,620ea1dc1e443dc6c238317463dc64ab3a9ae05fb592743f3a7d67d7ce17262c,d164ad5aa2ce5cddc59b090809ccdf258a142a0ebe45712102a4c410fef64b5d,82461e4d28691b5a3f76cac317a7bde90a5123c8b0ad8230422abc74e2e16326,10dfdb81f8d4e94b6c79fe77873ee10c1c43c43b752debce9aaf7641d2402843,fd0b415d4995c8ff6b61d5f15fd84a08191887a08a37ecd0fc53bb9453bf23c6,1.0560912191867828,0.6541903986981286,0.806346623270952,0.8462164361269324
warm_N_sixdist_s47_f100_preserve_flip_balanced_lr0.01,warm,N,sixdist,47,100,preserve_flip_balanced,lr0.01,adam,0.01,,300,0.18970082700252533,1.0430783033370972,0.001953125,0.04329108074307442,f79f16a0cce955ebfd124f6e4065724fbcfb5470559a332de41a4e582aed71b8,208adfdb02c6fd578a1a7d9b39a17503c1f2eb46c008c370ca0bae8db3a47952,ce58be6e98540b5031fd80f071c52b1ed981777d79027465063dd0bcfd36b2f1,f79f16a0cce955ebfd124f6e4065724fbcfb5470559a332de41a4e582aed71b8,1796cacec0ae2d0554634d186e598046e97d45c9f839739bda371a9f5d01aa7e,N_sixdist_s47_f0_lr0.001,321b1a47655bebcfc5d00965252d165257fa54a4b881ac287874bb76e2e1fc61,01763a75e72e1d151262c1030228aaa2b047dfced367505830eeb248d7880c2c,767,767,512,2558,767400,300,620ea1dc1e443dc6c238317463dc64ab3a9ae05fb592743f3a7d67d7ce17262c,d164ad5aa2ce5cddc59b090809ccdf258a142a0ebe45712102a4c410fef64b5d,82461e4d28691b5a3f76cac317a7bde90a5123c8b0ad8230422abc74e2e16326,10dfdb81f8d4e94b6c79fe77873ee10c1c43c43b752debce9aaf7641d2402843,fd0b415d4995c8ff6b61d5f15fd84a08191887a08a37ecd0fc53bb9453bf23c6,1.0121362581849098,0.6729048006509357,0.8437754271765663,0.8258746948738812
warm_N_sixdist_s47_f100_protection_lr0.001,warm,N,sixdist,47,100,protection,lr0.001,adam,0.001,,300,0.1457127183675766,1.0430783033370972,0.00390625,0.14293277263641357,f79f16a0cce955ebfd124f6e4065724fbcfb5470559a332de41a4e582aed71b8,208adfdb02c6fd578a1a7d9b39a17503c1f2eb46c008c370ca0bae8db3a47952,5089c8fa41a6899c7011722798514445f799521e1e86e7122b601e209866685d,f79f16a0cce955ebfd124f6e4065724fbcfb5470559a332de41a4e582aed71b8,1796cacec0ae2d0554634d186e598046e97d45c9f839739bda371a9f5d01aa7e,N_sixdist_s47_f0_lr0.001,d3194b5ad28173fa7aa73da600eda8bbafceb1adcba97273e043f3a48c48151f,14b2df168c379b62fb0477d35a6c4addcf05a99e9750f16ad27faf739e7920fd,1534,0,512,2558,767400,300,620ea1dc1e443dc6c238317463dc64ab3a9ae05fb592743f3a7d67d7ce17262c,d164ad5aa2ce5cddc59b090809ccdf258a142a0ebe45712102a4c410fef64b5d,82461e4d28691b5a3f76cac317a7bde90a5123c8b0ad8230422abc74e2e16326,10dfdb81f8d4e94b6c79fe77873ee10c1c43c43b752debce9aaf7641d2402843,fd0b415d4995c8ff6b61d5f15fd84a08191887a08a37ecd0fc53bb9453bf23c6,1.090258114039898,0.6192026037428804,0.7493897477624084,0.8681855166802278
warm_N_sixdist_s47_f100_protection_lr0.003,warm,N,sixdist,47,100,protection,lr0.003,adam,0.003,,300,0.1630077362060547,1.0430783033370972,0.001953125,0.06965900212526321,f79f16a0cce955ebfd124f6e4065724fbcfb5470559a332de41a4e582aed71b8,208adfdb02c6fd578a1a7d9b39a17503c1f2eb46c008c370ca0bae8db3a47952,1938cbfbe44dd008b9f3b70a05187ccb91ab3edb70d3d00e6b5dd3964b695d4d,f79f16a0cce955ebfd124f6e4065724fbcfb5470559a332de41a4e582aed71b8,1796cacec0ae2d0554634d186e598046e97d45c9f839739bda371a9f5d01aa7e,N_sixdist_s47_f0_lr0.001,64ec232046f90b8727352cad2b7b3063d332d5a8ab57fbe9e8fcbd755a2359b5,14b2df168c379b62fb0477d35a6c4addcf05a99e9750f16ad27faf739e7920fd,1534,0,512,2558,767400,300,620ea1dc1e443dc6c238317463dc64ab3a9ae05fb592743f3a7d67d7ce17262c,d164ad5aa2ce5cddc59b090809ccdf258a142a0ebe45712102a4c410fef64b5d,82461e4d28691b5a3f76cac317a7bde90a5123c8b0ad8230422abc74e2e16326,10dfdb81f8d4e94b6c79fe77873ee10c1c43c43b752debce9aaf7641d2402843,fd0b415d4995c8ff6b61d5f15fd84a08191887a08a37ecd0fc53bb9453bf23c6,1.0780893191695213,0.6224572823433686,0.7518307567127747,0.870626525630594
warm_N_sixdist_s47_f100_protection_lr0.01,warm,N,sixdist,47,100,protection,lr0.01,adam,0.01,,300,0.1976182758808136,1.0430783033370972,0.00390625,0.08174844086170197,f79f16a0cce955ebfd124f6e4065724fbcfb5470559a332de41a4e582aed71b8,208adfdb02c6fd578a1a7d9b39a17503c1f2eb46c008c370ca0bae8db3a47952,0926147760233abe59ea1d28f96ddc0d560c1c9a7c9185000e0c698dbdedbec5,f79f16a0cce955ebfd124f6e4065724fbcfb5470559a332de41a4e582aed71b8,1796cacec0ae2d0554634d186e598046e97d45c9f839739bda371a9f5d01aa7e,N_sixdist_s47_f0_lr0.001,9ebaeb8595ee4419c08572f46df48e022900c14afc10d69f945a30bcf5ef47dd,14b2df168c379b62fb0477d35a6c4addcf05a99e9750f16ad27faf739e7920fd,1534,0,512,2558,767400,300,620ea1dc1e443dc6c238317463dc64ab3a9ae05fb592743f3a7d67d7ce17262c,d164ad5aa2ce5cddc59b090809ccdf258a142a0ebe45712102a4c410fef64b5d,82461e4d28691b5a3f76cac317a7bde90a5123c8b0ad8230422abc74e2e16326,10dfdb81f8d4e94b6c79fe77873ee10c1c43c43b752debce9aaf7641d2402843,fd0b415d4995c8ff6b61d5f15fd84a08191887a08a37ecd0fc53bb9453bf23c6,1.081179328262806,0.644426362896664,0.7762408462164361,0.8665581773799838
warm_N_sixdist_s47_f25_hard_replay_lr0.001,warm,N,sixdist,47,25,hard_replay,lr0.001,adam,0.001,,300,0.1670508235692978,1.0430783033370972,0.005859375,0.093854159116745,f79f16a0cce955ebfd124f6e4065724fbcfb5470559a332de41a4e582aed71b8,208adfdb02c6fd578a1a7d9b39a17503c1f2eb46c008c370ca0bae8db3a47952,20b1d00889398f35e776e789b692de1794e63d594de86b4f7261fd630352757a,f79f16a0cce955ebfd124f6e4065724fbcfb5470559a332de41a4e582aed71b8,1796cacec0ae2d0554634d186e598046e97d45c9f839739bda371a9f5d01aa7e,N_sixdist_s47_f0_lr0.001,f2d1a5da0c524056870fc314a0cb3f9d6c3017032ad37f709b933f476cc7c1a0,c5db7def0759ab978b103f6d0d9e22bce710ddb79b3b9727082ea763d50041bb,383,0,512,1407,422100,300,620ea1dc1e443dc6c238317463dc64ab3a9ae05fb592743f3a7d67d7ce17262c,d164ad5aa2ce5cddc59b090809ccdf258a142a0ebe45712102a4c410fef64b5d,82461e4d28691b5a3f76cac317a7bde90a5123c8b0ad8230422abc74e2e16326,10dfdb81f8d4e94b6c79fe77873ee10c1c43c43b752debce9aaf7641d2402843,fd0b415d4995c8ff6b61d5f15fd84a08191887a08a37ecd0fc53bb9453bf23c6,0.9635426998138428,0.5939788445890968,0.7485760781122864,0.8437754271765663
warm_N_sixdist_s47_f25_hard_replay_lr0.003,warm,N,sixdist,47,25,hard_replay,lr0.003,adam,0.003,,300,0.21963798999786377,1.0430783033370972,0.00390625,0.034213095903396606,f79f16a0cce955ebfd124f6e4065724fbcfb5470559a332de41a4e582aed71b8,208adfdb02c6fd578a1a7d9b39a17503c1f2eb46c008c370ca0bae8db3a47952,6b543ab160c64afce7df99246f9104b6fbf9f2ae28faf71d7536a93c2bc19453,f79f16a0cce955ebfd124f6e4065724fbcfb5470559a332de41a4e582aed71b8,1796cacec0ae2d0554634d186e598046e97d45c9f839739bda371a9f5d01aa7e,N_sixdist_s47_f0_lr0.001,28eb40a85b5dbea15c5160a154c994730e8328d5e2877ef27b55cd44f0373183,c5db7def0759ab978b103f6d0d9e22bce710ddb79b3b9727082ea763d50041bb,383,0,512,1407,422100,300,620ea1dc1e443dc6c238317463dc64ab3a9ae05fb592743f3a7d67d7ce17262c,d164ad5aa2ce5cddc59b090809ccdf258a142a0ebe45712102a4c410fef64b5d,82461e4d28691b5a3f76cac317a7bde90a5123c8b0ad8230422abc74e2e16326,10dfdb81f8d4e94b6c79fe77873ee10c1c43c43b752debce9aaf7641d2402843,fd0b415d4995c8ff6b61d5f15fd84a08191887a08a37ecd0fc53bb9453bf23c6,0.973565548658371,0.5834011391375101,0.7461350691619203,0.8348250610252238
warm_N_sixdist_s47_f25_hard_replay_lr0.01,warm,N,sixdist,47,25,hard_replay,lr0.01,adam,0.01,,300,0.23215068876743317,1.0430783033370972,0.00390625,0.03804069757461548,f79f16a0cce955ebfd124f6e4065724fbcfb5470559a332de41a4e582aed71b8,208adfdb02c6fd578a1a7d9b39a17503c1f2eb46c008c370ca0bae8db3a47952,44d0f1ce6024915f7a06a0b84286935051dc34c4cbba2d49c6f6bd886ab3f0da,f79f16a0cce955ebfd124f6e4065724fbcfb5470559a332de41a4e582aed71b8,1796cacec0ae2d0554634d186e598046e97d45c9f839739bda371a9f5d01aa7e,N_sixdist_s47_f0_lr0.001,1b072a20489f67cffb41686bb1a06022cc5bdc8e5cdd75ec3aeac141c1ecbe33,c5db7def0759ab978b103f6d0d9e22bce710ddb79b3b9727082ea763d50041bb,383,0,512,1407,422100,300,620ea1dc1e443dc6c238317463dc64ab3a9ae05fb592743f3a7d67d7ce17262c,d164ad5aa2ce5cddc59b090809ccdf258a142a0ebe45712102a4c410fef64b5d,82461e4d28691b5a3f76cac317a7bde90a5123c8b0ad8230422abc74e2e16326,10dfdb81f8d4e94b6c79fe77873ee10c1c43c43b752debce9aaf7641d2402843,fd0b415d4995c8ff6b61d5f15fd84a08191887a08a37ecd0fc53bb9453bf23c6,0.9903279319405556,0.6078112286411717,0.7705451586655818,0.8348250610252238
warm_N_sixdist_s47_f25_plain_adam_lr0.0005_steps600,warm,N,sixdist,47,25,plain,adam_lr0.0005_steps600,adam,0.0005,,600,0.17139603197574615,1.0430783033370972,0.0078125,0.0619719922542572,f79f16a0cce955ebfd124f6e4065724fbcfb5470559a332de41a4e582aed71b8,208adfdb02c6fd578a1a7d9b39a17503c1f2eb46c008c370ca0bae8db3a47952,e4ba21d30eaf16affef4f93aa893e48767d32c6c4fc25e555a7016823d84d299,f79f16a0cce955ebfd124f6e4065724fbcfb5470559a332de41a4e582aed71b8,1796cacec0ae2d0554634d186e598046e97d45c9f839739bda371a9f5d01aa7e,N_sixdist_s47_f0_lr0.001,c2aa3cc7bf4c236f148eeaa1d701b468a0bdc20a3951995a898dd7c806cd3204,c5db7def0759ab978b103f6d0d9e22bce710ddb79b3b9727082ea763d50041bb,383,0,512,1407,844200,600,620ea1dc1e443dc6c238317463dc64ab3a9ae05fb592743f3a7d67d7ce17262c,d164ad5aa2ce5cddc59b090809ccdf258a142a0ebe45712102a4c410fef64b5d,82461e4d28691b5a3f76cac317a7bde90a5123c8b0ad8230422abc74e2e16326,10dfdb81f8d4e94b6c79fe77873ee10c1c43c43b752debce9aaf7641d2402843,fd0b415d4995c8ff6b61d5f15fd84a08191887a08a37ecd0fc53bb9453bf23c6,1.8376612216234207,0.5842148087876322,0.7363710333604556,0.8445890968266884
warm_N_sixdist_s47_f25_plain_lr0.001,warm,N,sixdist,47,25,plain,lr0.001,adam,0.001,,300,0.16844573616981506,1.0430783033370972,0.009765625,0.08394952118396759,f79f16a0cce955ebfd124f6e4065724fbcfb5470559a332de41a4e582aed71b8,208adfdb02c6fd578a1a7d9b39a17503c1f2eb46c008c370ca0bae8db3a47952,6d82b5610ede8e2ee08ef325efef5ba324544cd478a8e2b86f08de2e9337f4f6,f79f16a0cce955ebfd124f6e4065724fbcfb5470559a332de41a4e582aed71b8,1796cacec0ae2d0554634d186e598046e97d45c9f839739bda371a9f5d01aa7e,N_sixdist_s47_f0_lr0.001,3bf5443a761e457c38799842630302c49ac3578f94da4fabe47b273ba6bb61f3,c5db7def0759ab978b103f6d0d9e22bce710ddb79b3b9727082ea763d50041bb,383,0,512,1407,422100,300,620ea1dc1e443dc6c238317463dc64ab3a9ae05fb592743f3a7d67d7ce17262c,d164ad5aa2ce5cddc59b090809ccdf258a142a0ebe45712102a4c410fef64b5d,82461e4d28691b5a3f76cac317a7bde90a5123c8b0ad8230422abc74e2e16326,10dfdb81f8d4e94b6c79fe77873ee10c1c43c43b752debce9aaf7641d2402843,fd0b415d4995c8ff6b61d5f15fd84a08191887a08a37ecd0fc53bb9453bf23c6,0.886778399348259,0.5768917819365338,0.7347436940602116,0.838893409275834
warm_N_sixdist_s47_f25_plain_lr0.003,warm,N,sixdist,47,25,plain,lr0.003,adam,0.003,,300,0.20125903189182281,1.0430783033370972,0.005859375,0.027515791356563568,f79f16a0cce955ebfd124f6e4065724fbcfb5470559a332de41a4e582aed71b8,208adfdb02c6fd578a1a7d9b39a17503c1f2eb46c008c370ca0bae8db3a47952,87bb6401e1d901c1dff089508635a936946b5951fba48333c59eae31867cc70a,f79f16a0cce955ebfd124f6e4065724fbcfb5470559a332de41a4e582aed71b8,1796cacec0ae2d0554634d186e598046e97d45c9f839739bda371a9f5d01aa7e,N_sixdist_s47_f0_lr0.001,0802b073157ead669d4c3210e39e552382efdf9593a72e3ee77b7dc3d0b50a3b,c5db7def0759ab978b103f6d0d9e22bce710ddb79b3b9727082ea763d50041bb,383,0,512,1407,422100,300,620ea1dc1e443dc6c238317463dc64ab3a9ae05fb592743f3a7d67d7ce17262c,d164ad5aa2ce5cddc59b090809ccdf258a142a0ebe45712102a4c410fef64b5d,82461e4d28691b5a3f76cac317a7bde90a5123c8b0ad8230422abc74e2e16326,10dfdb81f8d4e94b6c79fe77873ee10c1c43c43b752debce9aaf7641d2402843,fd0b415d4995c8ff6b61d5f15fd84a08191887a08a37ecd0fc53bb9453bf23c6,0.9167549759149551,0.5858421480878763,0.7331163547599675,0.8502847843775427
warm_N_sixdist_s47_f25_plain_lr0.01,warm,N,sixdist,47,25,plain,lr0.01,adam,0.01,,300,0.20795582234859467,1.0430783033370972,0.041015625,0.13888943195343018,f79f16a0cce955ebfd124f6e4065724fbcfb5470559a332de41a4e582aed71b8,208adfdb02c6fd578a1a7d9b39a17503c1f2eb46c008c370ca0bae8db3a47952,a0c2d82f51566cd50b7fff79c9a9684ccff6637a4ce8aff9f6c3a0e41b96d7e9,f79f16a0cce955ebfd124f6e4065724fbcfb5470559a332de41a4e582aed71b8,1796cacec0ae2d0554634d186e598046e97d45c9f839739bda371a9f5d01aa7e,N_sixdist_s47_f0_lr0.001,be17e980dccaabf6afaa740666ed7a96b95058f3478f248242100cedc15b91a7,c5db7def0759ab978b103f6d0d9e22bce710ddb79b3b9727082ea763d50041bb,383,0,512,1407,422100,300,620ea1dc1e443dc6c238317463dc64ab3a9ae05fb592743f3a7d67d7ce17262c,d164ad5aa2ce5cddc59b090809ccdf258a142a0ebe45712102a4c410fef64b5d,82461e4d28691b5a3f76cac317a7bde90a5123c8b0ad8230422abc74e2e16326,10dfdb81f8d4e94b6c79fe77873ee10c1c43c43b752debce9aaf7641d2402843,fd0b415d4995c8ff6b61d5f15fd84a08191887a08a37ecd0fc53bb9453bf23c6,0.9145462661981583,0.5386493083807974,0.676159479251424,0.8600488201790073
warm_N_sixdist_s47_f25_plain_sgd_m09_lr0.003,warm,N,sixdist,47,25,plain,sgd_m09_lr0.003,sgd,0.003,0.9,300,0.16285797953605652,1.0430783033370972,0.009765625,0.0686330497264862,f79f16a0cce955ebfd124f6e4065724fbcfb5470559a332de41a4e582aed71b8,208adfdb02c6fd578a1a7d9b39a17503c1f2eb46c008c370ca0bae8db3a47952,f80cddefc98d1f7a3940af7bd28f74ffd709a9c3496aa0f9dd495bf34c100c3e,f79f16a0cce955ebfd124f6e4065724fbcfb5470559a332de41a4e582aed71b8,1796cacec0ae2d0554634d186e598046e97d45c9f839739bda371a9f5d01aa7e,N_sixdist_s47_f0_lr0.001,59e90cfaa57b504ecbaf92aa4370af60a50d8c188b431bec030ca6b66cbb1583,c5db7def0759ab978b103f6d0d9e22bce710ddb79b3b9727082ea763d50041bb,383,0,512,1407,422100,300,620ea1dc1e443dc6c238317463dc64ab3a9ae05fb592743f3a7d67d7ce17262c,d164ad5aa2ce5cddc59b090809ccdf258a142a0ebe45712102a4c410fef64b5d,82461e4d28691b5a3f76cac317a7bde90a5123c8b0ad8230422abc74e2e16326,10dfdb81f8d4e94b6c79fe77873ee10c1c43c43b752debce9aaf7641d2402843,fd0b415d4995c8ff6b61d5f15fd84a08191887a08a37ecd0fc53bb9453bf23c6,0.7696128860116005,0.5573637103336045,0.7168429617575265,0.8372660699755899
warm_N_sixdist_s47_f25_plain_sgd_m09_lr0.01,warm,N,sixdist,47,25,plain,sgd_m09_lr0.01,sgd,0.01,0.9,300,0.19407251477241516,1.0430783033370972,0.005859375,0.028906237334012985,f79f16a0cce955ebfd124f6e4065724fbcfb5470559a332de41a4e582aed71b8,208adfdb02c6fd578a1a7d9b39a17503c1f2eb46c008c370ca0bae8db3a47952,70d55679dee60ebbacc4b442012a6e4d0fdea3d3e62db8eea1afb35613906ec7,f79f16a0cce955ebfd124f6e4065724fbcfb5470559a332de41a4e582aed71b8,1796cacec0ae2d0554634d186e598046e97d45c9f839739bda371a9f5d01aa7e,N_sixdist_s47_f0_lr0.001,c918cd889451f724895343f97e1ac45878e5616f177ebabd339aa7b35d97a2fd,c5db7def0759ab978b103f6d0d9e22bce710ddb79b3b9727082ea763d50041bb,383,0,512,1407,422100,300,620ea1dc1e443dc6c238317463dc64ab3a9ae05fb592743f3a7d67d7ce17262c,d164ad5aa2ce5cddc59b090809ccdf258a142a0ebe45712102a4c410fef64b5d,82461e4d28691b5a3f76cac317a7bde90a5123c8b0ad8230422abc74e2e16326,10dfdb81f8d4e94b6c79fe77873ee10c1c43c43b752debce9aaf7641d2402843,fd0b415d4995c8ff6b61d5f15fd84a08191887a08a37ecd0fc53bb9453bf23c6,0.816317118704319,0.5777054515866559,0.7290480065093572,0.8454027664768105
warm_N_sixdist_s47_f25_preserve_flip_balanced_lr0.001,warm,N,sixdist,47,25,preserve_flip_balanced,lr0.001,adam,0.001,,300,0.21648097038269043,1.0430783033370972,0.005859375,0.04583887383341789,f79f16a0cce955ebfd124f6e4065724fbcfb5470559a332de41a4e582aed71b8,208adfdb02c6fd578a1a7d9b39a17503c1f2eb46c008c370ca0bae8db3a47952,b70415f0ae61224871fc82676f5b9b386974cd172f831d28c349161d579a89ce,f79f16a0cce955ebfd124f6e4065724fbcfb5470559a332de41a4e582aed71b8,1796cacec0ae2d0554634d186e598046e97d45c9f839739bda371a9f5d01aa7e,N_sixdist_s47_f0_lr0.001,e620603a515c26c1187df2f49aa80bac37609d4d92fd2cdd47ff676a3a27e181,d9970f091c8e1e046b98451433ce976ae288abc6d21c64141bd2876b84bd9b0f,191,192,512,1407,422100,300,620ea1dc1e443dc6c238317463dc64ab3a9ae05fb592743f3a7d67d7ce17262c,d164ad5aa2ce5cddc59b090809ccdf258a142a0ebe45712102a4c410fef64b5d,82461e4d28691b5a3f76cac317a7bde90a5123c8b0ad8230422abc74e2e16326,10dfdb81f8d4e94b6c79fe77873ee10c1c43c43b752debce9aaf7641d2402843,fd0b415d4995c8ff6b61d5f15fd84a08191887a08a37ecd0fc53bb9453bf23c6,0.8699387684464455,0.5402766476810414,0.7648494711147275,0.7681041497152156
warm_N_sixdist_s47_f25_preserve_flip_balanced_lr0.003,warm,N,sixdist,47,25,preserve_flip_balanced,lr0.003,adam,0.003,,300,0.30476444959640503,1.0430783033370972,0.00390625,0.01718187890946865,f79f16a0cce955ebfd124f6e4065724fbcfb5470559a332de41a4e582aed71b8,208adfdb02c6fd578a1a7d9b39a17503c1f2eb46c008c370ca0bae8db3a47952,ed9be398ae92b169c16ce120b58b56a97b1048c302bd569998922942b073883a,f79f16a0cce955ebfd124f6e4065724fbcfb5470559a332de41a4e582aed71b8,1796cacec0ae2d0554634d186e598046e97d45c9f839739bda371a9f5d01aa7e,N_sixdist_s47_f0_lr0.001,e35f3a7286fda7183abbd7b504cfbaf02734813405bf12adb11bd59e96192a7c,d9970f091c8e1e046b98451433ce976ae288abc6d21c64141bd2876b84bd9b0f,191,192,512,1407,422100,300,620ea1dc1e443dc6c238317463dc64ab3a9ae05fb592743f3a7d67d7ce17262c,d164ad5aa2ce5cddc59b090809ccdf258a142a0ebe45712102a4c410fef64b5d,82461e4d28691b5a3f76cac317a7bde90a5123c8b0ad8230422abc74e2e16326,10dfdb81f8d4e94b6c79fe77873ee10c1c43c43b752debce9aaf7641d2402843,fd0b415d4995c8ff6b61d5f15fd84a08191887a08a37ecd0fc53bb9453bf23c6,0.9228336438536644,0.5524816924328723,0.7632221318144833,0.7827502034174125
warm_N_sixdist_s47_f25_preserve_flip_balanced_lr0.01,warm,N,sixdist,47,25,preserve_flip_balanced,lr0.01,adam,0.01,,300,0.23335455358028412,1.0430783033370972,0.00390625,0.02416791021823883,f79f16a0cce955ebfd124f6e4065724fbcfb5470559a332de41a4e582aed71b8,208adfdb02c6fd578a1a7d9b39a17503c1f2eb46c008c370ca0bae8db3a47952,910e916114df294eafdae0ab3f6ecaf48364ff28d5911b9062ace21cfb89020e,f79f16a0cce955ebfd124f6e4065724fbcfb5470559a332de41a4e582aed71b8,1796cacec0ae2d0554634d186e598046e97d45c9f839739bda371a9f5d01aa7e,N_sixdist_s47_f0_lr0.001,0b6e8d7a112eee60d51b6968dd484f7f3f77fdb88406754b0ce38ef1292e224a,d9970f091c8e1e046b98451433ce976ae288abc6d21c64141bd2876b84bd9b0f,191,192,512,1407,422100,300,620ea1dc1e443dc6c238317463dc64ab3a9ae05fb592743f3a7d67d7ce17262c,d164ad5aa2ce5cddc59b090809ccdf258a142a0ebe45712102a4c410fef64b5d,82461e4d28691b5a3f76cac317a7bde90a5123c8b0ad8230422abc74e2e16326,10dfdb81f8d4e94b6c79fe77873ee10c1c43c43b752debce9aaf7641d2402843,fd0b415d4995c8ff6b61d5f15fd84a08191887a08a37ecd0fc53bb9453bf23c6,0.8912046775221825,0.5614320585842149,0.7518307567127747,0.8030919446704637
warm_N_sixdist_s47_f25_protection_lr0.001,warm,N,sixdist,47,25,protection,lr0.001,adam,0.001,,300,0.16646820306777954,1.0430783033370972,0.005859375,0.10711391270160675,f79f16a0cce955ebfd124f6e4065724fbcfb5470559a332de41a4e582aed71b8,208adfdb02c6fd578a1a7d9b39a17503c1f2eb46c008c370ca0bae8db3a47952,ddd142e2c263b8ef2770a5a5922b518a5cb106e05a4d3e1ef806516ffd5f0f3d,f79f16a0cce955ebfd124f6e4065724fbcfb5470559a332de41a4e582aed71b8,1796cacec0ae2d0554634d186e598046e97d45c9f839739bda371a9f5d01aa7e,N_sixdist_s47_f0_lr0.001,833a20239c59c2c5653d8a8aecbb2add9f634808fc3c2687d73e40e0ba0ee7ab,c5db7def0759ab978b103f6d0d9e22bce710ddb79b3b9727082ea763d50041bb,383,0,512,1407,422100,300,620ea1dc1e443dc6c238317463dc64ab3a9ae05fb592743f3a7d67d7ce17262c,d164ad5aa2ce5cddc59b090809ccdf258a142a0ebe45712102a4c410fef64b5d,82461e4d28691b5a3f76cac317a7bde90a5123c8b0ad8230422abc74e2e16326,10dfdb81f8d4e94b6c79fe77873ee10c1c43c43b752debce9aaf7641d2402843,fd0b415d4995c8ff6b61d5f15fd84a08191887a08a37ecd0fc53bb9453bf23c6,0.976081982254982,0.5923515052888527,0.7493897477624084,0.8413344182262001
warm_N_sixdist_s47_f25_protection_lr0.003,warm,N,sixdist,47,25,protection,lr0.003,adam,0.003,,300,0.21088910102844238,1.0430783033370972,0.00390625,0.053151313215494156,f79f16a0cce955ebfd124f6e4065724fbcfb5470559a332de41a4e582aed71b8,208adfdb02c6fd578a1a7d9b39a17503c1f2eb46c008c370ca0bae8db3a47952,24f8f7e2c1d35c400c9ae38d35615b16bdb2a206ac5a9693a7596cbd8da2c058,f79f16a0cce955ebfd124f6e4065724fbcfb5470559a332de41a4e582aed71b8,1796cacec0ae2d0554634d186e598046e97d45c9f839739bda371a9f5d01aa7e,N_sixdist_s47_f0_lr0.001,cc0e76ed11bc1a9c041fb8850ca97c7404449d6d8d4189e38421fc0d6b5493a4,c5db7def0759ab978b103f6d0d9e22bce710ddb79b3b9727082ea763d50041bb,383,0,512,1407,422100,300,620ea1dc1e443dc6c238317463dc64ab3a9ae05fb592743f3a7d67d7ce17262c,d164ad5aa2ce5cddc59b090809ccdf258a142a0ebe45712102a4c410fef64b5d,82461e4d28691b5a3f76cac317a7bde90a5123c8b0ad8230422abc74e2e16326,10dfdb81f8d4e94b6c79fe77873ee10c1c43c43b752debce9aaf7641d2402843,fd0b415d4995c8ff6b61d5f15fd84a08191887a08a37ecd0fc53bb9453bf23c6,0.9633926972746849,0.5882831570382425,0.7485760781122864,0.8380797396257119
warm_N_sixdist_s47_f25_protection_lr0.01,warm,N,sixdist,47,25,protection,lr0.01,adam,0.01,,300,0.2209034264087677,1.0430783033370972,0.00390625,0.06473123282194138,f79f16a0cce955ebfd124f6e4065724fbcfb5470559a332de41a4e582aed71b8,208adfdb02c6fd578a1a7d9b39a17503c1f2eb46c008c370ca0bae8db3a47952,68088165ab4eb0b0c194b593fdd09ea9d00b39aa336d2a2a9b5f175f2bde47ad,f79f16a0cce955ebfd124f6e4065724fbcfb5470559a332de41a4e582aed71b8,1796cacec0ae2d0554634d186e598046e97d45c9f839739bda371a9f5d01aa7e,N_sixdist_s47_f0_lr0.001,e333e5cf4f7e326ff1bb4bfdb13fc8efd6a27861a631867bb8bc96521ab3b66e,c5db7def0759ab978b103f6d0d9e22bce710ddb79b3b9727082ea763d50041bb,383,0,512,1407,422100,300,620ea1dc1e443dc6c238317463dc64ab3a9ae05fb592743f3a7d67d7ce17262c,d164ad5aa2ce5cddc59b090809ccdf258a142a0ebe45712102a4c410fef64b5d,82461e4d28691b5a3f76cac317a7bde90a5123c8b0ad8230422abc74e2e16326,10dfdb81f8d4e94b6c79fe77873ee10c1c43c43b752debce9aaf7641d2402843,fd0b415d4995c8ff6b61d5f15fd84a08191887a08a37ecd0fc53bb9453bf23c6,0.9411342367529869,0.6110659072416599,0.7713588283157038,0.8372660699755899
